
/Users/askn/Develop/UPDI4AVR-USB/build/UPDI4AVR-USB.ino.elf:     file format elf32-avr


Disassembly of section .data:

00806000 <__data_start>:
__data_start():
  806000:	4c 00       	.word	0x004c	; ????
  806002:	00 00       	nop
	...

00806005 <PDI::recv_byte(unsigned long)::_set_ptr>:
  806005:	0c 00 00 00 00                                      .....

0080600a <PDI::_set_repeat>:
  80600a:	a1 00 00 00                                         ....

0080600e <PDI::_set_ptr32>:
  80600e:	6b 00 00 00 00                                      k....

00806013 <UPDI::recv_byte(unsigned long)::_set_ptr>:
  806013:	55 08 00 00 00 00                                   U.....

00806019 <UPDI::send_byte(unsigned long, unsigned char)::_set_ptr>:
  806019:	55 48 00 00 00 00                                   UH....

0080601f <UPDI::_set_repeat>:
  80601f:	55 a0 00 55 04                                      U..U.

00806024 <UPDI::_set_ptr24>:
  806024:	55 6a 00 00 00 00 00 30 20 00                       Uj.....0 .

0080602e <SYS::_updi_bitmap_leave>:
  80602e:	7f 55 7e c8 7f 00 fe 7f 55 7e c3 7e 04 ff           .U~.....U~.~..

0080603c <SYS::_updi_bitmap_reset>:
  80603c:	00 00 00 00 ff ff 7f 55 7e c8 7f 59 fe ff           .......U~..Y..

0080604a <PDI::connect()::_init>:
  80604a:	c2 05 c1 59 82                                      ...Y.

0080604f <PDI::disconnect()::_leave>:
  80604f:	c0 02 c1 00                                         ....

00806053 <PDI::nvmprog_key>:
  806053:	e0 ff 88 d8 cd 45 ab 89 12                          .....E...

0080605c <UPDI::set_rsd()::_set_rsd>:
  80605c:	55 c2 1d                                            U..

0080605f <UPDI::key_status()::_key_stat>:
  80605f:	55 87                                               U.

00806061 <UPDI::sys_status()::_sys_stat>:
  806061:	55 8b                                               U.

00806063 <UPDI::nvmprog_key>:
  806063:	55 e0 20 67 6f 72 50 4d 56 4e                       U. gorPMVN

0080606d <UPDI::erase_key>:
  80606d:	55 e0 65 73 61 72 45 4d 56 4e                       U.esarEMVN

00806077 <UPDI::urowwrite_key>:
  806077:	55 e0 65 74 26 73 55 4d 56 4e                       U.et&sUMVN

00806081 <UPDI::write_userrow()::_urowstop>:
  806081:	55 c7 20                                            U. 

00806084 <UPDI::write_userrow()::_urowdone>:
  806084:	55 ca 03                                            U..

00806087 <UPDI::clear_rsd()::_clear_rsd>:
  806087:	55 c2 15                                            U..

0080608a <UPDI::connect()::_sib256>:
  80608a:	55 e6                                               U.

0080608c <UPDI::connect()::_init>:
  80608c:	55 c8 59 55 c3 08 55 c2 15 55 82                    U.YU..U..U.

00806097 <UPDI::sys_reset(bool)::_reset>:
  806097:	55 c8 59 55 c8 00 55 c3 04                          U.YU..U..

008060a0 <vtable for HarfUART_Class>:
  8060a0:	00 00 00 00 30 07 0d 0a 00 4c 4f 43 4b 00 46 55     ....0....LOCK.FU
  8060b0:	53 45 00 4f 53 43 43 41 4c 00 53 49 47 4e 41 54     SE.OSCCAL.SIGNAT
  8060c0:	55 52 45 00 0d 0a 20 20 00 00                       URE...  ..

Disassembly of section .text:

00000000 <__vectors>:
__vectors():
../../../../crt1/gcrt1.S:61
       0:	90 c6       	rjmp	.+3360   	; 0xd22 <__ctors_end>
       2:	00 00       	nop
../../../../crt1/gcrt1.S:67
       4:	c8 c6       	rjmp	.+3472   	; 0xd96 <__bad_interrupt>
       6:	00 00       	nop
../../../../crt1/gcrt1.S:68
       8:	c6 c6       	rjmp	.+3468   	; 0xd96 <__bad_interrupt>
       a:	00 00       	nop
../../../../crt1/gcrt1.S:69
       c:	c4 c6       	rjmp	.+3464   	; 0xd96 <__bad_interrupt>
       e:	00 00       	nop
../../../../crt1/gcrt1.S:70
      10:	0c 94 b7 21 	jmp	0x436e	; 0x436e <__vector_4>
../../../../crt1/gcrt1.S:71
      14:	c0 c6       	rjmp	.+3456   	; 0xd96 <__bad_interrupt>
      16:	00 00       	nop
../../../../crt1/gcrt1.S:72
      18:	be c6       	rjmp	.+3452   	; 0xd96 <__bad_interrupt>
      1a:	00 00       	nop
../../../../crt1/gcrt1.S:73
      1c:	bc c6       	rjmp	.+3448   	; 0xd96 <__bad_interrupt>
      1e:	00 00       	nop
../../../../crt1/gcrt1.S:74
      20:	ba c6       	rjmp	.+3444   	; 0xd96 <__bad_interrupt>
      22:	00 00       	nop
../../../../crt1/gcrt1.S:75
      24:	b8 c6       	rjmp	.+3440   	; 0xd96 <__bad_interrupt>
      26:	00 00       	nop
../../../../crt1/gcrt1.S:76
      28:	b6 c6       	rjmp	.+3436   	; 0xd96 <__bad_interrupt>
      2a:	00 00       	nop
../../../../crt1/gcrt1.S:77
      2c:	b4 c6       	rjmp	.+3432   	; 0xd96 <__bad_interrupt>
      2e:	00 00       	nop
../../../../crt1/gcrt1.S:78
      30:	b2 c6       	rjmp	.+3428   	; 0xd96 <__bad_interrupt>
      32:	00 00       	nop
../../../../crt1/gcrt1.S:79
      34:	b0 c6       	rjmp	.+3424   	; 0xd96 <__bad_interrupt>
      36:	00 00       	nop
../../../../crt1/gcrt1.S:80
      38:	ae c6       	rjmp	.+3420   	; 0xd96 <__bad_interrupt>
      3a:	00 00       	nop
../../../../crt1/gcrt1.S:81
      3c:	ac c6       	rjmp	.+3416   	; 0xd96 <__bad_interrupt>
      3e:	00 00       	nop
../../../../crt1/gcrt1.S:82
      40:	aa c6       	rjmp	.+3412   	; 0xd96 <__bad_interrupt>
      42:	00 00       	nop
../../../../crt1/gcrt1.S:83
      44:	a8 c6       	rjmp	.+3408   	; 0xd96 <__bad_interrupt>
      46:	00 00       	nop
../../../../crt1/gcrt1.S:84
      48:	a6 c6       	rjmp	.+3404   	; 0xd96 <__bad_interrupt>
      4a:	00 00       	nop
../../../../crt1/gcrt1.S:85
      4c:	0c 94 1f 21 	jmp	0x423e	; 0x423e <__vector_19>
../../../../crt1/gcrt1.S:86
      50:	a2 c6       	rjmp	.+3396   	; 0xd96 <__bad_interrupt>
      52:	00 00       	nop
../../../../crt1/gcrt1.S:87
      54:	a0 c6       	rjmp	.+3392   	; 0xd96 <__bad_interrupt>
      56:	00 00       	nop
../../../../crt1/gcrt1.S:88
      58:	9e c6       	rjmp	.+3388   	; 0xd96 <__bad_interrupt>
      5a:	00 00       	nop
../../../../crt1/gcrt1.S:89
      5c:	9c c6       	rjmp	.+3384   	; 0xd96 <__bad_interrupt>
      5e:	00 00       	nop
../../../../crt1/gcrt1.S:90
      60:	0c 94 ae 24 	jmp	0x495c	; 0x495c <__vector_24>
../../../../crt1/gcrt1.S:91
      64:	98 c6       	rjmp	.+3376   	; 0xd96 <__bad_interrupt>
      66:	00 00       	nop
../../../../crt1/gcrt1.S:92
      68:	96 c6       	rjmp	.+3372   	; 0xd96 <__bad_interrupt>
      6a:	00 00       	nop
../../../../crt1/gcrt1.S:93
      6c:	94 c6       	rjmp	.+3368   	; 0xd96 <__bad_interrupt>
      6e:	00 00       	nop
../../../../crt1/gcrt1.S:94
      70:	92 c6       	rjmp	.+3364   	; 0xd96 <__bad_interrupt>
      72:	00 00       	nop
../../../../crt1/gcrt1.S:95
      74:	90 c6       	rjmp	.+3360   	; 0xd96 <__bad_interrupt>
      76:	00 00       	nop
../../../../crt1/gcrt1.S:96
      78:	8e c6       	rjmp	.+3356   	; 0xd96 <__bad_interrupt>
      7a:	00 00       	nop
../../../../crt1/gcrt1.S:97
      7c:	8c c6       	rjmp	.+3352   	; 0xd96 <__bad_interrupt>
      7e:	00 00       	nop
../../../../crt1/gcrt1.S:98
      80:	8a c6       	rjmp	.+3348   	; 0xd96 <__bad_interrupt>
      82:	00 00       	nop
../../../../crt1/gcrt1.S:99
      84:	88 c6       	rjmp	.+3344   	; 0xd96 <__bad_interrupt>
	...

00000088 <__trampolines_end>:
__trampolines_start():
      88:	55 50       	subi	r21, 0x05	; 5
      8a:	44 49       	sbci	r20, 0x94	; 148
      8c:	34 41       	sbci	r19, 0x14	; 20
      8e:	56 52       	subi	r21, 0x26	; 38
      90:	2d 55       	subi	r18, 0x5D	; 93
      92:	53 42       	sbci	r21, 0x23	; 35
      94:	20 31       	cpi	r18, 0x10	; 16
      96:	2e 33       	cpi	r18, 0x3E	; 62
      98:	35 2e       	mov	r3, r21
      9a:	35 34       	cpi	r19, 0x45	; 69
      9c:	20 48       	sbci	r18, 0x80	; 128
      9e:	41 4c       	sbci	r20, 0xC1	; 193
      a0:	2f 41       	sbci	r18, 0x1F	; 31
      a2:	56 52       	subi	r21, 0x26	; 38
      a4:	44 55       	subi	r20, 0x54	; 84
      a6:	5f 43       	sbci	r21, 0x3F	; 63
      a8:	4e 41       	sbci	r20, 0x1E	; 30
      aa:	4e 4f       	sbci	r20, 0xFE	; 254
      ac:	2e 68       	ori	r18, 0x8E	; 142
	...

000000af <ISP::spi_transaction(unsigned char const*)::__c>:
      af:	20 52 2f 00                                          R/.

000000b3 <ISP::spi_transaction(unsigned char const*)::__c>:
      b3:	20 53 2f 00                                          S/.

000000b7 <ISP::read_memories()::__c>:
      b7:	20 4d 3d 24 25 30 34 58 2c 20 4c 3d 25 64 2c 20      M=$%04X, L=%d, 
      c7:	54 3d 24 25 30 32 58 0d 0a 00                       T=$%02X...

000000d1 <ISP::read_flash()::__c>:
      d1:	20 4d 3d 24 25 30 34 58 2c 20 4c 3d 25 64 2c 20      M=$%04X, L=%d, 
      e1:	54 3d 24 25 30 32 58 0d 0a 00                       T=$%02X...

000000eb <ISP::write_busy(unsigned char, unsigned char, unsigned char)::__c>:
      eb:	20 52 2f 00                                          R/.

000000ef <ISP::write_busy(unsigned char, unsigned char, unsigned char)::__c>:
      ef:	20 53 2f 00                                          S/.

000000f3 <ISP::write_flash()::__c>:
      f3:	20 4d 3d 24 25 30 34 58 2c 20 4c 3d 25 64 0d 0a      M=$%04X, L=%d..
	...

00000104 <ISP::write_eeprom()::__c>:
     104:	20 4d 3d 24 25 30 34 58 2c 20 4c 3d 25 64 0d 0a      M=$%04X, L=%d..
	...

00000115 <ISP::connect()::__c>:
     115:	20 50 47 4d 20 4f 4b 0d 0a 00                        PGM OK...

0000011f <ISP::connect()::__c>:
     11f:	20 58 43 4b 3d 25 64 3e 25 64 2c 25 30 32 58 0d      XCK=%d>%d,%02X.
     12f:	0a 00                                               ..

00000131 <ISP::timeout_fallback()::__c>:
     131:	20 46 61 69 6c 0d 0a 00                              Fail...

00000139 <_ZZN3ISP14jtag_scope_ispEvE3__c__17_>:
     139:	20 49 53 50 5f 52 45 53 20 4c 3d 25 64 0d 0a 20      ISP_RES L=%d.. 
     149:	20 00                                                .

0000014b <_ZZN3ISP14jtag_scope_ispEvE3__c__16_>:
     14b:	20 49 53 50 5f 43 4d 44 5f 3f 5b 25 30 32 58 5d      ISP_CMD_?[%02X]
     15b:	0d 0a 00                                            ...

0000015e <_ZZN3ISP14jtag_scope_ispEvE3__c__15_>:
     15e:	20 49 53 50 5f 43 4d 44 5f 52 45 41 44 5f 25 73      ISP_CMD_READ_%s
     16e:	0d 0a 00                                            ...

00000171 <_ZZN3ISP14jtag_scope_ispEvE3__c__14_>:
     171:	20 49 53 50 5f 52 45 53 20 4c 3d 25 64 0d 0a 20      ISP_RES L=%d.. 
     181:	20 00                                                .

00000183 <_ZZN3ISP14jtag_scope_ispEvE3__c__13_>:
     183:	20 49 53 50 5f 43 4d 44 5f 50 52 4f 47 52 41 4d      ISP_CMD_PROGRAM
     193:	5f 25 73 0d 0a 00                                   _%s...

00000199 <_ZZN3ISP14jtag_scope_ispEvE3__c__12_>:
     199:	20 49 53 50 5f 43 4d 44 5f 52 45 41 44 5f 45 45      ISP_CMD_READ_EE
     1a9:	50 52 4f 4d 0d 0a 00                                PROM...

000001b0 <_ZZN3ISP14jtag_scope_ispEvE3__c__11_>:
     1b0:	20 49 53 50 5f 43 4d 44 5f 50 52 4f 47 52 41 4d      ISP_CMD_PROGRAM
     1c0:	5f 45 45 50 52 4f 4d 0d 0a 00                       _EEPROM...

000001ca <_ZZN3ISP14jtag_scope_ispEvE3__c__10_>:
     1ca:	20 49 53 50 5f 43 4d 44 5f 52 45 41 44 5f 46 4c      ISP_CMD_READ_FL
     1da:	41 53 48 0d 0a 00                                   ASH...

000001e0 <ISP::jtag_scope_isp()::__c>:
     1e0:	20 49 53 50 5f 43 4d 44 5f 50 52 4f 47 52 41 4d      ISP_CMD_PROGRAM
     1f0:	5f 46 4c 41 53 48 0d 0a 00                          _FLASH...

000001f9 <ISP::jtag_scope_isp()::__c>:
     1f9:	20 49 53 50 5f 43 4d 44 5f 43 48 49 50 5f 45 52      ISP_CMD_CHIP_ER
     209:	41 53 45 0d 0a 00                                   ASE...

0000020f <ISP::jtag_scope_isp()::__c>:
     20f:	20 49 53 50 5f 43 4d 44 5f 4c 4f 41 44 5f 41 44      ISP_CMD_LOAD_AD
     21f:	44 52 45 53 53 3d 24 25 30 34 58 0d 0a 00           DRESS=$%04X...

0000022d <ISP::jtag_scope_isp()::__c>:
     22d:	20 50 49 43 5f 52 45 53 20 4c 3d 32 0d 0a 20 20      PIC_RES L=2..  
	...

0000023e <ISP::jtag_scope_isp()::__c>:
     23e:	20 50 49 43 5f 43 4d 44 5f 47 45 54 5f 53 43 4b      PIC_CMD_GET_SCK
     24e:	3d 25 64 0d 0a 00                                   =%d...

00000254 <ISP::jtag_scope_isp()::__c>:
     254:	20 58 43 4c 4b 3d 25 64 0d 0a 00                     XCLK=%d...

0000025f <ISP::jtag_scope_isp()::__c>:
     25f:	20 50 49 43 5f 43 4d 44 5f 53 45 54 5f 53 43 4b      PIC_CMD_SET_SCK
     26f:	3d 25 64 0d 0a 00                                   =%d...

00000275 <ISP::jtag_scope_isp()::__c>:
     275:	20 49 53 50 5f 43 4d 44 5f 4c 45 41 56 45 5f 50      ISP_CMD_LEAVE_P
     285:	52 4f 47 4d 4f 44 45 0d 0a 00                       ROGMODE...

0000028f <ISP::jtag_scope_isp()::__c>:
     28f:	20 49 53 50 5f 43 4d 44 5f 45 4e 54 45 52 5f 50      ISP_CMD_ENTER_P
     29f:	52 4f 47 4d 4f 44 45 0d 0a 00                       ROGMODE...

000002a9 <ISP::jtag_scope_isp()::__c>:
     2a9:	0d 0a 00                                            ...

000002ac <ISP::jtag_scope_isp()::__c>:
     2ac:	20 4c 3d 25 64 0d 0a 20 20 00                        L=%d..  .

000002b6 <SYS::reboot()::__c>:
     2b6:	3c 52 45 42 4f 4f 54 3e 0d 0a 00                    <REBOOT>...

000002c1 <USB::istring>:
     2c1:	43 00 44 00 43 00 2d 00 41 00 43 00 4d 00 2f 00     C.D.C.-.A.C.M./.
     2d1:	56 00 43 00 50 00 00 00                             V.C.P...

000002d9 <USB::mstring>:
     2d9:	55 00 50 00 44 00 49 00 34 00 41 00 56 00 52 00     U.P.D.I.4.A.V.R.
     2e9:	2d 00 55 00 53 00 42 00 3a 00 41 00 56 00 52 00     -.U.S.B.:.A.V.R.
     2f9:	2d 00 44 00 55 00 3a 00 45 00 44 00 42 00 47 00     -.D.U.:.E.D.B.G.
     309:	2f 00 43 00 4d 00 53 00 49 00 53 00 2d 00 44 00     /.C.M.S.I.S.-.D.
     319:	41 00 50 00 00 00                                   A.P...

0000031f <USB::vstring>:
     31f:	4d 00 75 00 6c 00 74 00 69 00 58 00 2e 00 6a 00     M.u.l.t.i.X...j.
     32f:	70 00 20 00 4f 00 53 00 53 00 57 00 2f 00 4f 00     p. .O.S.S.W./.O.
     33f:	53 00 48 00 57 00 20 00 50 00 72 00 6f 00 64 00     S.H.W. .P.r.o.d.
     34f:	2e 00 00 00                                         ....

00000353 <USB::report_descriptor>:
     353:	06 00 ff 09 01 a1 01 15 00 26 ff 00 75 08 96 40     .........&..u..@
     363:	00 09 01 81 02 96 40 00 09 01 91 02 95 04 09 01     ......@.........
     373:	b1 02 c0                                            ...

00000376 <USB::current_descriptor>:
     376:	09 02 6b 00 03 01 00 80 32 09 04 00 00 02 03 00     ..k.....2.......
     386:	00 00 09 21 11 01 00 01 22 23 00 07 05 02 03 40     ...!...."#.....@
     396:	00 01 07 05 81 03 40 00 01 08 0b 01 02 02 02 01     ......@.........
     3a6:	04 09 04 01 00 01 02 02 01 00 05 24 00 10 01 04     ...........$....
     3b6:	24 02 06 05 24 06 01 02 05 24 01 03 02 07 05 82     $...$....$......
     3c6:	03 10 00 04 09 04 02 00 02 0a 00 00 00 07 05 03     ................
     3d6:	02 40 00 00 07 05 83 02 40 00 00                    .@......@..

000003e1 <USB::qualifier_descriptor>:
     3e1:	0a 06 00 02 ef 02 01 40 00 00                       .......@..

000003eb <USB::get_descriptor(unsigned char*, unsigned int)::__c>:
     3eb:	20 56 49 44 3a 50 49 44 3d 25 30 34 58 3a 25 30      VID:PID=%04X:%0
     3fb:	34 58 0d 0a 00                                      4X...

00000400 <USB::device_descriptor>:
     400:	12 01 00 02 ef 02 01 40 d8 04 15 0b 00 01 01 02     .......@........
     410:	03 01                                               ..

00000412 <USB::request_standard()::__c>:
     412:	3c 47 49 3a 25 30 32 58 3e 0d 0a 00                 <GI:%02X>...

0000041e <USB::request_standard()::__c>:
     41e:	3c 53 49 3a 30 3e 0d 0a 00                          <SI:0>...

00000427 <USB::request_standard()::__c>:
     427:	3c 53 43 3a 25 30 32 58 3e 0d 0a 00                 <SC:%02X>...

00000433 <USB::request_standard()::__c>:
     433:	3c 47 43 3a 25 30 32 58 3e 0d 0a 00                 <GC:%02X>...

0000043f <USB::request_standard()::__c>:
     43f:	20 55 53 42 30 5f 41 44 44 52 3d 25 64 0d 0a 00      USB0_ADDR=%d...

0000044f <USB::request_standard()::__c>:
     44f:	20 53 46 3d 25 30 32 58 3a 25 30 32 58 0d 0a 00      SF=%02X:%02X...

0000045f <USB::request_standard()::__c>:
     45f:	20 43 46 3d 25 30 32 58 3a 25 30 32 58 0d 0a 00      CF=%02X:%02X...

0000046f <USB::request_class()::__c>:
     46f:	20 53 42 3d 25 30 34 58 0d 0a 00                     SB=%04X...

0000047a <USB::request_class()::__c>:
     47a:	20 53 4c 53 3d 25 30 32 58 0d 0a 00                  SLS=%02X...

00000486 <USB::request_class()::__c>:
     486:	20 47 4c 45 3d 00                                    GLE=.

0000048c <USB::request_class()::__c>:
     48c:	20 53 4c 45 3d 00                                    SLE=.

00000492 <USB::request_class()::__c>:
     492:	20 49 44 4c 3d 25 30 32 58 0d 0a 00                  IDL=%02X...

0000049e <USB::handling_control_transactions()::__c>:
     49e:	52 51 3d 25 30 32 58 3a 25 30 34 58 3a 25 30 32     RQ=%02X:%04X:%02
     4ae:	58 3a 25 30 32 58 3a 25 30 34 58 3a 25 30 34 58     X:%02X:%04X:%04X
     4be:	3a 25 30 34 58 0d 0a 00                             :%04X...

000004c6 <SYS::reset_leave()::__c>:
     4c6:	3c 52 53 54 3a 4f 55 54 3e 0d 0a 00                 <RST:OUT>...

000004d2 <SYS::reset_enter()::__c>:
     4d2:	3c 52 53 54 3a 49 4e 3e 0d 0a 00                    <RST:IN>...

000004dd <JTAG::dap_command_check()::__c>:
     4dd:	3c 45 44 42 47 5f 45 4d 50 54 59 3e 0d 0a 00        <EDBG_EMPTY>...

000004ec <JTAG::dap_command_check()::__c>:
     4ec:	3c 45 44 42 47 5f 46 41 49 4c 3e 0d 0a 00           <EDBG_FAIL>...

000004fa <JTAG::dap_command_check()::__c>:
     4fa:	3c 45 44 42 47 5f 46 41 49 4c 3e 0d 0a 00           <EDBG_FAIL>...

00000508 <JTAG::jtag_scope_general()::__c>:
     508:	20 3f 47 45 4e 3d 25 30 32 58 3a 25 30 32 58 3a      ?GEN=%02X:%02X:
     518:	25 30 32 58 0d 0a 00                                %02X...

0000051f <JTAG::jtag_scope_general()::__c>:
     51f:	20 47 45 4e 5f 53 49 47 4e 5f 4f 46 46 0d 0a 00      GEN_SIGN_OFF...

0000052f <JTAG::jtag_sign_on>:
     52f:	08 55 50 44 49 34 41 56 52 00                       .UPDI4AVR.

00000539 <JTAG::jtag_scope_general()::__c>:
     539:	20 47 45 4e 5f 53 49 47 4e 5f 4f 4e 0d 0a 00         GEN_SIGN_ON...

00000548 <JTAG::jtag_physical>:
     548:	90 28 00 18 38 00 00 00                             .(..8...

00000550 <JTAG::jtag_scope_general()::__c>:
     550:	20 50 48 59 53 49 43 41 4c 0d 0a 00                  PHYSICAL...

0000055c <JTAG::jtag_scope_general()::__c>:
     55c:	20 56 54 41 52 47 45 54 3d 25 64 0d 0a 00            VTARGET=%d...

0000056a <JTAG::jtag_scope_general()::__c>:
     56a:	20 56 45 53 52 49 4f 4e 3d 00                        VESRION=.

00000574 <JTAG::jtag_version>:
     574:	00 01 23 36 00                                      ..#6.

00000579 <JTAG::jtag_scope_general()::__c>:
     579:	20 47 45 4e 5f 47 45 54 5f 50 41 52 41 4d 0d 0a      GEN_GET_PARAM..
	...

0000058a <JTAG::jtag_scope_general()::__c>:
     58a:	2c 53 3d 25 30 32 58 2c 49 3d 25 30 32 58 2c 4c     ,S=%02X,I=%02X,L
     59a:	3d 25 30 32 58 0d 0a 00                             =%02X...

000005a2 <UPDI::jtag_scope_updi()::__c>:
     5a2:	20 55 50 44 49 5f 57 52 49 54 45 3d 25 30 32 58      UPDI_WRITE=%02X
     5b2:	3a 25 30 36 6c 58 3a 25 30 34 58 0d 0a 00           :%06lX:%04X...

000005c0 <UPDI::jtag_scope_updi()::__c>:
     5c0:	20 55 50 44 49 5f 52 45 41 44 3d 25 30 32 58 3a      UPDI_READ=%02X:
     5d0:	25 30 36 6c 58 3a 25 30 34 58 0d 0a 00              %06lX:%04X...

000005dd <UPDI::jtag_scope_updi()::__c>:
     5dd:	20 55 50 44 49 5f 45 52 41 53 45 3d 25 30 32 58      UPDI_ERASE=%02X
     5ed:	3a 25 30 36 6c 58 0d 0a 00                          :%06lX...

000005f6 <UPDI::jtag_scope_updi()::__c>:
     5f6:	20 4c 41 53 54 5f 58 43 4c 4b 3d 25 64 0d 0a 00      LAST_XCLK=%d...

00000606 <UPDI::jtag_scope_updi()::__c>:
     606:	20 55 50 44 49 5f 4c 45 41 56 45 5f 50 52 4f 47      UPDI_LEAVE_PROG
     616:	0d 0a 00                                            ...

00000619 <UPDI::jtag_scope_updi()::__c>:
     619:	20 55 50 44 49 5f 45 4e 54 45 52 5f 50 52 4f 47      UPDI_ENTER_PROG
     629:	0d 0a 00                                            ...

0000062c <UPDI::jtag_scope_updi()::__c>:
     62c:	20 55 50 44 49 5f 53 49 47 4e 5f 4f 46 46 0d 0a      UPDI_SIGN_OFF..
	...

0000063d <UPDI::jtag_scope_updi()::__c>:
     63d:	20 55 50 44 49 5f 53 49 47 4e 5f 4f 4e 3d 45 58      UPDI_SIGN_ON=EX
     64d:	54 3a 25 30 32 58 0d 0a 00                          T:%02X...

00000656 <PDI::jtag_scope_xmega()::__c>:
     656:	20 50 44 49 5f 57 52 49 54 45 3d 25 30 32 58 3a      PDI_WRITE=%02X:
     666:	25 30 38 6c 58 3a 25 30 34 58 0d 0a 00              %08lX:%04X...

00000673 <PDI::jtag_scope_xmega()::__c>:
     673:	20 50 44 49 5f 52 45 41 44 3d 25 30 32 58 3a 25      PDI_READ=%02X:%
     683:	30 38 6c 58 3a 25 30 34 58 0d 0a 00                 08lX:%04X...

0000068f <PDI::jtag_scope_xmega()::__c>:
     68f:	20 50 44 49 5f 45 52 41 53 45 3d 25 30 32 58 3a      PDI_ERASE=%02X:
     69f:	25 30 38 6c 58 0d 0a 00                             %08lX...

000006a7 <PDI::jtag_scope_xmega()::__c>:
     6a7:	20 50 44 49 5f 4c 45 41 56 45 5f 50 52 4f 47 0d      PDI_LEAVE_PROG.
     6b7:	0a 00                                               ..

000006b9 <PDI::jtag_scope_xmega()::__c>:
     6b9:	20 50 44 49 5f 45 4e 54 45 52 5f 50 52 4f 47 0d      PDI_ENTER_PROG.
     6c9:	0a 00                                               ..

000006cb <PDI::jtag_scope_xmega()::__c>:
     6cb:	20 50 44 49 5f 53 49 47 4e 5f 4f 46 46 0d 0a 00      PDI_SIGN_OFF...

000006db <PDI::jtag_scope_xmega()::__c>:
     6db:	20 50 44 49 5f 53 49 47 4e 5f 4f 4e 3d 45 58 54      PDI_SIGN_ON=EXT
     6eb:	3a 25 30 32 58 0d 0a 00                             :%02X...

000006f3 <_ZZN4JTAG19jtag_scope_avr_coreEvE3__c__19_>:
     6f3:	20 41 56 52 5f 43 4d 44 3f 5b 25 30 32 58 5d 20      AVR_CMD?[%02X] 
     703:	41 52 43 48 3d 25 64 0d 0a 00                       ARCH=%d...

0000070d <_ZZN4JTAG19jtag_scope_avr_coreEvE3__c__18_>:
     70d:	20 41 56 52 5f 53 54 41 52 54 5f 44 57 5f 44 45      AVR_START_DW_DE
     71d:	42 55 47 3a 41 52 43 48 3d 25 64 3a 46 41 49 4c     BUG:ARCH=%d:FAIL
     72d:	45 44 0d 0a 00                                      ED...

00000732 <_ZZN4JTAG19jtag_scope_avr_coreEvE3__c__17_>:
     732:	20 41 56 52 5f 53 49 47 4e 5f 4f 4e 3a 41 52 43      AVR_SIGN_ON:ARC
     742:	48 3d 25 64 0d 0a 00                                H=%d...

00000749 <_ZZN4JTAG19jtag_scope_avr_coreEvE3__c__16_>:
     749:	20 41 56 52 5f 53 49 47 4e 5f 4f 46 46 3a 41 52      AVR_SIGN_OFF:AR
     759:	43 48 3d 25 64 0d 0a 00                             CH=%d...

00000761 <_ZZN4JTAG19jtag_scope_avr_coreEvE3__c__15_>:
     761:	20 58 43 4c 4b 3d 25 64 0d 0a 00                     XCLK=%d...

0000076c <_ZZN4JTAG19jtag_scope_avr_coreEvE3__c__14_>:
     76c:	20 43 4f 4e 4e 45 43 54 49 4f 4e 3d 25 30 32 58      CONNECTION=%02X
     77c:	0d 0a 00                                            ...

0000077f <_ZZN4JTAG19jtag_scope_avr_coreEvE3__c__13_>:
     77f:	20 47 45 54 5f 41 52 43 48 3d 25 30 32 58 0d 0a      GET_ARCH=%02X..
	...

00000790 <_ZZN4JTAG19jtag_scope_avr_coreEvE3__c__12_>:
     790:	20 41 56 52 5f 47 45 54 5f 50 41 52 41 4d 45 54      AVR_GET_PARAMET
     7a0:	45 52 0d 0a 00                                      ER...

000007a5 <_ZZN4JTAG19jtag_scope_avr_coreEvE3__c__11_>:
     7a5:	2c 53 3d 25 30 32 58 2c 49 3d 25 30 32 58 2c 4c     ,S=%02X,I=%02X,L
     7b5:	3d 25 30 32 58 0d 0a 00                             =%02X...

000007bd <_ZZN4JTAG19jtag_scope_avr_coreEvE3__c__10_>:
     7bd:	20 55 4e 4c 4f 43 4b 45 4e 3d 25 30 32 58 0d 0a      UNLOCKEN=%02X..
	...

000007ce <JTAG::jtag_scope_avr_core()::__c>:
     7ce:	20 48 56 43 54 52 4c 45 4e 3d 25 30 32 58 0d 0a      HVCTRLEN=%02X..
	...

000007df <JTAG::jtag_scope_avr_core()::__c>:
     7df:	20 44 45 56 49 43 45 44 45 53 43 3d 25 58 0d 0a      DEVICEDESC=%X..
	...

000007f0 <JTAG::jtag_scope_avr_core()::__c>:
     7f0:	20 46 49 58 5f 58 43 4c 4b 3d 25 64 0d 0a 00         FIX_XCLK=%d...

000007ff <JTAG::jtag_scope_avr_core()::__c>:
     7ff:	20 43 4f 4e 4e 45 43 54 49 4f 4e 3d 25 30 32 58      CONNECTION=%02X
     80f:	0d 0a 00                                            ...

00000812 <JTAG::jtag_scope_avr_core()::__c>:
     812:	20 53 45 53 53 5f 50 55 52 50 4f 53 45 3d 25 30      SESS_PURPOSE=%0
     822:	32 58 0d 0a 00                                      2X...

00000827 <JTAG::jtag_scope_avr_core()::__c>:
     827:	20 58 43 4c 4b 3d 25 64 0d 0a 00                     XCLK=%d...

00000832 <JTAG::jtag_scope_avr_core()::__c>:
     832:	20 53 45 54 5f 41 52 43 48 3d 25 30 32 58 0d 0a      SET_ARCH=%02X..
	...

00000843 <JTAG::jtag_scope_avr_core()::__c>:
     843:	20 41 56 52 5f 53 45 54 5f 50 41 52 41 4d 3d 25      AVR_SET_PARAM=%
     853:	30 34 58 0d 0a 00                                   04X...

00000859 <JTAG::jtag_scope_avr_core()::__c>:
     859:	20 41 56 52 5f 53 45 54 5f 50 41 52 41 4d 3d 25      AVR_SET_PARAM=%
     869:	30 32 58 0d 0a 00                                   02X...

0000086f <JTAG::jtag_scope_avr_core()::__c>:
     86f:	20 41 56 52 5f 53 45 54 5f 50 41 52 41 4d 0d 0a      AVR_SET_PARAM..
	...

00000880 <JTAG::jtag_scope_avr_core()::__c>:
     880:	2c 53 3d 25 30 32 58 2c 49 3d 25 30 32 58 2c 4c     ,S=%02X,I=%02X,L
     890:	3d 25 30 32 58 0d 0a 00                             =%02X...

00000898 <TPI::disconnect()::__c>:
     898:	3c 48 56 43 3a 4f 46 46 3e 0d 0a 00                 <HVC:OFF>...

000008a4 <TPI::jtag_scope_tpi()::__c>:
     8a4:	20 3c 52 45 53 3a 25 30 32 58 3e 0d 0a 00            <RES:%02X>...

000008b2 <TPI::jtag_scope_tpi()::__c>:
     8b2:	20 54 50 49 5f 57 52 49 54 45 3d 25 30 32 58 3a      TPI_WRITE=%02X:
     8c2:	25 30 38 6c 58 3a 25 64 0d 0a 00                    %08lX:%d...

000008cd <TPI::jtag_scope_tpi()::__c>:
     8cd:	20 54 50 49 5f 45 52 41 53 45 3d 25 30 32 58 3a      TPI_ERASE=%02X:
     8dd:	25 30 38 6c 58 0d 0a 00                             %08lX...

000008e5 <TPI::jtag_scope_tpi()::__c>:
     8e5:	20 54 50 49 5f 43 4d 44 3d 25 64 2c 20 56 54 47      TPI_CMD=%d, VTG
     8f5:	4c 4f 57 3d 25 64 0d 0a 00                          LOW=%d...

000008fe <TPI::jtag_scope_tpi()::__c>:
     8fe:	20 54 50 49 5f 52 45 41 44 3d 25 30 32 58 3a 25      TPI_READ=%02X:%
     90e:	30 38 6c 58 3a 25 64 0d 0a 00                       08lX:%d...

00000918 <TPI::jtag_scope_tpi()::__c>:
     918:	20 54 50 49 5f 43 52 43 0d 0a 00                     TPI_CRC...

00000923 <TPI::jtag_scope_tpi()::__c>:
     923:	20 54 50 49 5f 4c 45 41 56 45 5f 50 52 4f 47 4d      TPI_LEAVE_PROGM
     933:	4f 44 45 0d 0a 00                                   ODE...

00000939 <TPI::jtag_scope_tpi()::__c>:
     939:	20 56 54 41 52 47 45 54 3d 25 64 0d 0a 00            VTARGET=%d...

00000947 <TPI::jtag_scope_tpi()::__c>:
     947:	20 54 50 49 5f 45 4e 54 45 52 5f 50 52 4f 47 4d      TPI_ENTER_PROGM
     957:	4f 44 45 0d 0a 00                                   ODE...

0000095d <JTAG::jtag_scope_edbg()::__c>:
     95d:	20 54 41 52 47 45 54 5f 50 4f 57 45 52 3d 25 30      TARGET_POWER=%0
     96d:	32 58 0d 0a 00                                      2X...

00000972 <JTAG::jtag_scope_edbg()::__c>:
     972:	20 41 56 52 5f 47 45 54 5f 50 41 52 41 4d 0d 0a      AVR_GET_PARAM..
	...

00000983 <JTAG::jtag_scope_edbg()::__c>:
     983:	20 54 41 52 47 45 54 5f 50 4f 57 45 52 3d 25 30      TARGET_POWER=%0
     993:	32 58 0d 0a 00                                      2X...

00000998 <JTAG::jtag_scope_edbg()::__c>:
     998:	20 41 56 52 5f 53 45 54 5f 50 41 52 41 4d 3d 25      AVR_SET_PARAM=%
     9a8:	30 34 58 0d 0a 00                                   04X...

000009ae <JTAG::jtag_scope_edbg()::__c>:
     9ae:	2c 53 3d 25 30 32 2c 49 3d 25 30 32 58 2c 4c 3d     ,S=%02,I=%02X,L=
     9be:	25 30 32 58 0d 0a 00                                %02X...

000009c5 <JTAG::jtag_scope_branch()::__c>:
     9c5:	20 3f 3a 53 43 4f 50 45 3d 25 30 32 58 0d 0a 00      ?:SCOPE=%02X...

000009d5 <JTAG::jtag_scope_branch()::__c>:
     9d5:	53 51 3d 25 64 3a 25 64 3e 53 43 4f 50 45 3d 25     SQ=%d:%d>SCOPE=%
     9e5:	30 32 58 2c 43 3d 25 30 32 58 00                    02X,C=%02X.

000009f0 <main::__c>:
     9f0:	3c 57 41 49 54 49 4e 47 3e 0d 0a 00                 <WAITING>...

000009fc <main::__c>:
     9fc:	48 41 4c 5f 50 52 4f 46 49 4c 45 3d 48 41 4c 2f     HAL_PROFILE=HAL/
     a0c:	41 56 52 44 55 5f 43 4e 41 4e 4f 2e 68 0d 0a 00     AVRDU_CNANO.h...

00000a1c <main::__c>:
     a1c:	5f 5f 41 56 52 5f 41 52 43 48 5f 5f 3d 25 64 0d     __AVR_ARCH__=%d.
     a2c:	0a 00                                               ..

00000a2e <main::__c>:
     a2e:	5f 41 56 52 5f 49 4f 58 58 58 5f 48 5f 3d 69 6f     _AVR_IOXXX_H_=io
     a3e:	61 76 72 36 34 64 75 33 32 2e 68 0d 0a 00           avr64du32.h...

00000a4c <main::__c>:
     a4c:	46 5f 43 50 55 3d 25 6c 64 0d 0a 00                 F_CPU=%ld...

00000a58 <main::__c>:
     a58:	0a 3c 73 74 61 72 74 75 70 3e 0d 0a 00              .<startup>...

00000a65 <PDI::read_memory()::__c>:
     a65:	20 4c 3d 25 30 34 58 2c 41 3d 25 30 38 6c 58 2c      L=%04X,A=%08lX,
	...

00000a76 <PDI::write_memory()::__c>:
     a76:	20 4c 3d 25 30 34 58 2c 41 3d 25 30 38 6c 58 2c      L=%04X,A=%08lX,
	...

00000a87 <PDI::timeout_fallback()::__c>:
     a87:	20 46 61 69 6c 0d 0a 00                              Fail...

00000a8f <PDI::connect()::__c>:
     a8f:	20 20 50 44 49 5f 4f 4e 3a 47 56 41 4c 3d 25 30       PDI_ON:GVAL=%0
     a9f:	32 58 0d 0a 00                                      2X...

00000aa4 <PDI::enter_progmode()::__c>:
     aa4:	20 20 4e 56 4d 50 5f 4f 4e 3a 25 30 32 58 0d 0a       NVMP_ON:%02X..
	...

00000ab5 <PDI::enter_progmode()::__c>:
     ab5:	20 20 46 61 69 6c 3a 25 30 32 58 0d 0a 00             Fail:%02X...

00000ac3 <SYS::LED_HeartBeat()::__c>:
     ac3:	20 4c 45 44 3d 48 42 0d 0a 00                        LED=HB...

00000acd <SYS::LED_TM(unsigned char, unsigned int)::__c>:
     acd:	20 4c 45 44 3d 25 64 0d 0a 00                        LED=%d...

00000ad7 <Timeout::command(unsigned int (*)(), unsigned int (*)(), unsigned int)::__c>:
     ad7:	5b 54 4f 5d 00                                      [TO].

00000adc <TPI::erase_memory()::__c>:
     adc:	20 53 45 43 54 49 4f 4e 5f 45 52 41 53 45 3d 25      SECTION_ERASE=%
     aec:	30 34 58 0d 0a 00                                   04X...

00000af2 <TPI::erase_memory()::__c>:
     af2:	20 43 48 49 50 5f 45 52 41 53 45 3d 25 30 34 58      CHIP_ERASE=%04X
     b02:	0d 0a 00                                            ...

00000b05 <TPI::read_memory()::__c>:
     b05:	20 52 45 41 44 3d 25 30 34 58 3a 25 64 20 00         READ=%04X:%d .

00000b14 <TPI::write_memory()::__c>:
     b14:	20 43 4f 44 45 5f 57 52 49 54 45 3d 25 30 34 58      CODE_WRITE=%04X
     b24:	3a 25 30 32 58 0d 0a 00                             :%02X...

00000b2c <TPI::write_memory()::__c>:
     b2c:	20 53 45 43 54 49 4f 4e 5f 45 52 41 53 45 3d 25      SECTION_ERASE=%
     b3c:	30 34 58 0d 0a 00                                   04X...

00000b42 <TPI::write_memory()::__c>:
     b42:	20 57 52 49 54 45 3d 25 30 34 58 3a 25 64 20 00      WRITE=%04X:%d .

00000b52 <USART::change_tpi()::__c>:
     b52:	20 55 53 41 52 54 3d 54 50 49 20 42 41 55 44 3d      USART=TPI BAUD=
     b62:	25 30 34 58 0d 0a 00                                %04X...

00000b69 <TPI::connect()::__c>:
     b69:	20 53 49 47 3e 25 30 34 58 3a 25 30 32 58 0d 0a      SIG>%04X:%02X..
	...

00000b7a <TPI::connect()::__c>:
     b7a:	20 53 4b 45 59 0d 0a 00                              SKEY...

00000b82 <TPI::connect()::__c>:
     b82:	3c 48 56 45 4e 3e 00                                <HVEN>.

00000b89 <UPDI::set_nvmprog_key(bool)::__c>:
     b89:	20 50 52 4f 47 5f 4b 45 59 3d 00                     PROG_KEY=.

00000b94 <UPDI::set_erase_key()::__c>:
     b94:	20 45 52 41 53 45 5f 4b 45 59 3d 00                  ERASE_KEY=.

00000ba0 <UPDI::chip_erase()::__c>:
     ba0:	20 50 52 4f 47 53 54 41 52 54 3d 25 30 32 58 0d      PROGSTART=%02X.
     bb0:	0a 00                                               ..

00000bb2 <UPDI::chip_erase()::__c>:
     bb2:	20 3c 53 59 53 3a 25 30 32 58 3e 0d 0a 00            <SYS:%02X>...

00000bc0 <UPDI::chip_erase()::__c>:
     bc0:	20 57 41 49 54 00                                    WAIT.

00000bc6 <UPDI::chip_erase()::__c>:
     bc6:	20 43 48 49 50 5f 45 52 41 53 45 00                  CHIP_ERASE.

00000bd2 <UPDI::set_urowwrite_key()::__c>:
     bd2:	20 55 52 4f 57 5f 4b 45 59 3d 00                     UROW_KEY=.

00000bdd <UPDI::write_userrow()::__c>:
     bdd:	20 52 45 5f 50 52 4f 47 53 54 41 52 54 3d 25 30      RE_PROGSTART=%0
     bed:	32 58 0d 0a 00                                      2X...

00000bf2 <UPDI::write_userrow()::__c>:
     bf2:	3c 53 59 53 3a 25 30 32 58 3a 25 64 3e 0d 0a 00     <SYS:%02X:%d>...

00000c02 <UPDI::write_userrow()::__c>:
     c02:	3c 53 59 53 3a 25 30 32 58 3a 25 64 3e 0d 0a 00     <SYS:%02X:%d>...

00000c12 <UPDI::write_userrow()::__c>:
     c12:	20 45 4e 54 45 52 5f 55 52 4f 57 3d 25 30 34 6c      ENTER_UROW=%04l
     c22:	58 3a 25 30 34 58 0d 0a 00                          X:%04X...

00000c2b <USART::change_updi()::__c>:
     c2b:	20 55 53 41 52 54 3d 55 50 44 49 20 58 43 4c 4b      USART=UPDI XCLK
     c3b:	3d 25 64 20 42 41 55 44 3d 25 30 34 58 0d 0a 00     =%d BAUD=%04X...

00000c4b <UPDI::connect()::__c>:
     c4b:	20 46 41 49 4c 3a 25 30 32 58 2c 25 30 32 58 0d      FAIL:%02X,%02X.
     c5b:	0a 00                                               ..

00000c5d <UPDI::connect()::__c>:
     c5d:	20 4e 56 4d 3a 25 30 32 58 2c 53 49 42 3d 22 25      NVM:%02X,SIB="%
     c6d:	73 22 0d 0a 00                                      s"...

00000c72 <UPDI::connect()::__c>:
     c72:	3c 48 56 43 3a 56 25 64 3e 00                       <HVC:V%d>.

00000c7c <UPDI::enter_progmode()::__c>:
     c7c:	25 30 32 58 0d 0a 00                                %02X...

00000c83 <USART::change_pdi()::__c>:
     c83:	20 55 53 41 52 54 3d 50 44 49 20 42 41 55 44 3d      USART=PDI BAUD=
     c93:	25 30 34 58 0d 0a 00                                %04X...

00000c9a <USART::change_vcp()::__c>:
     c9a:	20 56 43 50 3d 46 41 49 4c 0d 0a 00                  VCP=FAIL...

00000ca6 <USART::change_vcp()::__c>:
     ca6:	20 55 53 41 52 54 3d 56 43 50 0d 0a 00               USART=VCP...

00000cb3 <USART::change_vcp()::__c>:
     cb3:	2d 3e 25 30 34 58 0d 0a 00                          ->%04X...

00000cbc <USART::change_vcp()::__c>:
     cbc:	20 42 41 55 44 3d 25 6c 64 00                        BAUD=%ld.

00000cc6 <USB::cci_interrupt()::__c>:
     cc6:	20 43 43 49 3d 00                                    CCI=.

00000ccc <USB::ep_init>:
	...
     cd4:	00 4b 00 00 86 63 00 00 00 7b 00 00 8e 63 00 00     .K...c...{...c..
	...
     cec:	00 bb 40 00 9e 63 00 00 00 8b 00 00 9e 63 40 00     ..@..c.......c@.
     cfc:	00 b9 00 00 8e 63 00 00 00 8b 00 00 de 63 40 00     .....c.......c@.
     d0c:	02 bb 00 00 1e 64 00 00 00 00                       .....d....

00000d16 <_portmux_usart1c>:
     d16:	e2 05 18 10 60 04 40 80 77 04                       ....`.@.w.

00000d20 <__ctors_start>:
__ctors_start():
     d20:	b9 24       	eor	r11, r9

00000d22 <__ctors_end>:
__dtors_end():
../../../../crt1/gcrt1.S:230
     d22:	11 24       	eor	r1, r1
../../../../crt1/gcrt1.S:231
     d24:	1f be       	out	0x3f, r1	; 63
../../../../crt1/gcrt1.S:232
     d26:	cf ef       	ldi	r28, 0xFF	; 255
../../../../crt1/gcrt1.S:234
     d28:	cd bf       	out	0x3d, r28	; 61
../../../../crt1/gcrt1.S:236
     d2a:	df e7       	ldi	r29, 0x7F	; 127
../../../../crt1/gcrt1.S:237
     d2c:	de bf       	out	0x3e, r29	; 62

00000d2e <setup_mcu()>:
_CLKCTRL_SETUP():
/Users/askn/Library/Arduino15/packages/MultiX-Zinnia/hardware/modernAVR/0.4.10/cores/modernAVR/api/CLKCTRL_modernAVR.h:311
#else
#assert This internal CPU clock is not supported
#endif

#if defined(_CLKCTRL_FREQSEL_)
  _PROTECTED_WRITE(CLKCTRL_OSCHFCTRLA, _CLKCTRL_FREQSEL_ | _oschf_gm);
     d2e:	88 ed       	ldi	r24, 0xD8	; 216
     d30:	22 e6       	ldi	r18, 0x62	; 98
     d32:	30 e0       	ldi	r19, 0x00	; 0
     d34:	84 bf       	out	0x34, r24	; 52
     d36:	20 93 68 00 	sts	0x0068, r18	; 0x800068 <__TEXT_REGION_LENGTH__+0x7f0068>
_Z9setup_mcuv():
/Users/askn/Develop/UPDI4AVR-USB/src/main.cpp:88
void setup_mcu (void) {
  SYS::check_firmwaremode();

  /* Enables automatic adjustment of the OSCHF synchronized to the USB SOF. */
  _CLKCTRL_SETUP(CLKCTRL_ALGSEL_bm | CLKCTRL_AUTOTUNE_SOF_gc);
  PORTA.PINCONFIG = PORT_ISC_INPUT_DISABLE_gc;
     d3a:	e0 e0       	ldi	r30, 0x00	; 0
     d3c:	f4 e0       	ldi	r31, 0x04	; 4
     d3e:	84 e0       	ldi	r24, 0x04	; 4
     d40:	83 87       	std	Z+11, r24	; 0x0b
/Users/askn/Develop/UPDI4AVR-USB/src/main.cpp:89
  PORTA.PINCTRLUPD = ~0;
     d42:	8f ef       	ldi	r24, 0xFF	; 255
     d44:	84 87       	std	Z+12, r24	; 0x0c
/Users/askn/Develop/UPDI4AVR-USB/src/main.cpp:90
  PORTC.PINCTRLUPD = ~0;
     d46:	80 93 4c 04 	sts	0x044C, r24	; 0x80044c <__TEXT_REGION_LENGTH__+0x7f044c>
/Users/askn/Develop/UPDI4AVR-USB/src/main.cpp:91
  PORTD.PINCTRLUPD = ~0;
     d4a:	80 93 6c 04 	sts	0x046C, r24	; 0x80046c <__TEXT_REGION_LENGTH__+0x7f046c>
/Users/askn/Develop/UPDI4AVR-USB/src/main.cpp:92
  PORTF.PINCTRLUPD = ~0;
     d4e:	80 93 ac 04 	sts	0x04AC, r24	; 0x8004ac <__TEXT_REGION_LENGTH__+0x7f04ac>

00000d52 <__do_copy_data>:
__do_copy_data():
     d52:	10 e6       	ldi	r17, 0x60	; 96
     d54:	a0 e0       	ldi	r26, 0x00	; 0
     d56:	b0 e6       	ldi	r27, 0x60	; 96
     d58:	e6 e6       	ldi	r30, 0x66	; 102
     d5a:	fb e6       	ldi	r31, 0x6B	; 107
     d5c:	02 c0       	rjmp	.+4      	; 0xd62 <__do_copy_data+0x10>
     d5e:	05 90       	lpm	r0, Z+
     d60:	0d 92       	st	X+, r0
     d62:	aa 3c       	cpi	r26, 0xCA	; 202
     d64:	b1 07       	cpc	r27, r17
     d66:	d9 f7       	brne	.-10     	; 0xd5e <__do_copy_data+0xc>

00000d68 <__do_clear_bss>:
__do_clear_bss():
     d68:	20 e6       	ldi	r18, 0x60	; 96
     d6a:	aa ec       	ldi	r26, 0xCA	; 202
     d6c:	b0 e6       	ldi	r27, 0x60	; 96
     d6e:	01 c0       	rjmp	.+2      	; 0xd72 <.do_clear_bss_start>

00000d70 <.do_clear_bss_loop>:
     d70:	1d 92       	st	X+, r1

00000d72 <.do_clear_bss_start>:
     d72:	a9 3d       	cpi	r26, 0xD9	; 217
     d74:	b2 07       	cpc	r27, r18
     d76:	e1 f7       	brne	.-8      	; 0xd70 <.do_clear_bss_loop>

00000d78 <__do_global_ctors>:
__do_global_ctors():
     d78:	16 e0       	ldi	r17, 0x06	; 6
     d7a:	c1 e9       	ldi	r28, 0x91	; 145
     d7c:	d6 e0       	ldi	r29, 0x06	; 6
     d7e:	04 c0       	rjmp	.+8      	; 0xd88 <__do_global_ctors+0x10>
     d80:	21 97       	sbiw	r28, 0x01	; 1
     d82:	fe 01       	movw	r30, r28
     d84:	0e 94 8e 35 	call	0x6b1c	; 0x6b1c <__tablejump2__>
     d88:	c0 39       	cpi	r28, 0x90	; 144
     d8a:	d1 07       	cpc	r29, r17
     d8c:	c9 f7       	brne	.-14     	; 0xd80 <__do_global_ctors+0x8>
../../../../crt1/gcrt1.S:314
     d8e:	0e 94 c8 24 	call	0x4990	; 0x4990 <main>
../../../../crt1/gcrt1.S:315
     d92:	0c 94 b1 35 	jmp	0x6b62	; 0x6b62 <_exit>

00000d96 <__bad_interrupt>:
__vector_22():
../../../../crt1/gcrt1.S:209
     d96:	34 c9       	rjmp	.-3480   	; 0x0 <__vectors>

00000d98 <printf_putchar(char, __file*)>:
printf_putchar():
/Users/askn/Library/Arduino15/packages/MultiX-Zinnia/hardware/modernAVR/0.4.10/cores/modernAVR/api/cpp/Print_format.cpp:22
/*
 * Format Printable
 */

static int printf_putchar (char _c, FILE *_fp) {
  return ((class Print *)(fdev_get_udata(_fp)))->write((uint8_t) _c);
     d98:	fb 01       	movw	r30, r22
     d9a:	a4 85       	ldd	r26, Z+12	; 0x0c
     d9c:	b5 85       	ldd	r27, Z+13	; 0x0d
     d9e:	ed 91       	ld	r30, X+
     da0:	fc 91       	ld	r31, X
     da2:	11 97       	sbiw	r26, 0x01	; 1
     da4:	01 90       	ld	r0, Z+
     da6:	f0 81       	ld	r31, Z
     da8:	e0 2d       	mov	r30, r0
     daa:	68 2f       	mov	r22, r24
     dac:	cd 01       	movw	r24, r26
     dae:	09 94       	ijmp

00000db0 <USART::drain(unsigned int) [clone .constprop.15]>:
drain():
/Users/askn/Develop/UPDI4AVR-USB/src/usart.cpp:57
    if (_baud < 64) _baud = 64;
    else if (_baud > 0xFFFFU) _baud = 0xFFFF;
    return _baud;
  }

  void drain (size_t _delay) {
     db0:	80 e0       	ldi	r24, 0x00	; 0
     db2:	94 e0       	ldi	r25, 0x04	; 4
/Users/askn/Develop/UPDI4AVR-USB/src/usart.cpp:59
    do {
      if (bit_is_set(USART0_STATUS, USART_RXCIF_bp)) {
     db4:	20 91 04 08 	lds	r18, 0x0804	; 0x800804 <__TEXT_REGION_LENGTH__+0x7f0804>
     db8:	27 ff       	sbrs	r18, 7
     dba:	04 c0       	rjmp	.+8      	; 0xdc4 <USART::drain(unsigned int) [clone .constprop.15]+0x14>
/Users/askn/Develop/UPDI4AVR-USB/src/usart.cpp:63
        __asm__ __volatile__ (
          "LDS R0, 0x0801\n"  /* drop USART0_RXDATAH */
          "LDS R0, 0x0800\n"  /* drop USART0_RXDATAL */
        );
     dbc:	00 90 01 08 	lds	r0, 0x0801	; 0x800801 <__TEXT_REGION_LENGTH__+0x7f0801>
     dc0:	00 90 00 08 	lds	r0, 0x0800	; 0x800800 <__TEXT_REGION_LENGTH__+0x7f0800>
     dc4:	01 97       	sbiw	r24, 0x01	; 1
/Users/askn/Develop/UPDI4AVR-USB/src/usart.cpp:65
      }
    } while (--_delay);
     dc6:	b1 f7       	brne	.-20     	; 0xdb4 <USART::drain(unsigned int) [clone .constprop.15]+0x4>
/Users/askn/Develop/UPDI4AVR-USB/src/usart.cpp:66
  }
     dc8:	08 95       	ret

00000dca <SYS::send_bitmap(unsigned char const*, unsigned int) [clone .constprop.11]>:
send_bitmap():
/Users/askn/Develop/UPDI4AVR-USB/src/sys.cpp:309
  }

  /*** Low level TDAT stream manipulation ***/
  /* UPDI commands are sent from TDAT using only TCAB
     and bit manipulation, without switching USART. */
  void send_bitmap (const uint8_t _bitmap[], const size_t _length) {
     dca:	dc 01       	movw	r26, r24
/Users/askn/Develop/UPDI4AVR-USB/src/sys.cpp:310
    ATOMIC_BLOCK(ATOMIC_RESTORESTATE) {
     dcc:	8f b7       	in	r24, 0x3f	; 63
__iCliRetVal():
/Users/askn/Library/Arduino15/packages/MultiX-Zinnia/tools/avr8-gcc/7.3.0-avr8-gnu-toolchain/avr/include/util/atomic.h:50
    return 1;
}

static __inline__ uint8_t __iCliRetVal(void)
{
    cli();
     dce:	f8 94       	cli
send_bitmap():
/Users/askn/Develop/UPDI4AVR-USB/src/sys.cpp:311
      TCA0_SPLIT_CTRLA = 0;
     dd0:	10 92 00 0a 	sts	0x0A00, r1	; 0x800a00 <__TEXT_REGION_LENGTH__+0x7f0a00>
/Users/askn/Develop/UPDI4AVR-USB/src/sys.cpp:312
      TCA0_SPLIT_LCNT  = TCA0_SPLIT_LCMP2;
     dd4:	90 91 2c 0a 	lds	r25, 0x0A2C	; 0x800a2c <__TEXT_REGION_LENGTH__+0x7f0a2c>
     dd8:	90 93 20 0a 	sts	0x0A20, r25	; 0x800a20 <__TEXT_REGION_LENGTH__+0x7f0a20>
/Users/askn/Develop/UPDI4AVR-USB/src/sys.cpp:313
      TCA0_SPLIT_LPER  = TCA0_SPLIT_LCMP2;
     ddc:	90 91 2c 0a 	lds	r25, 0x0A2C	; 0x800a2c <__TEXT_REGION_LENGTH__+0x7f0a2c>
     de0:	90 93 26 0a 	sts	0x0A26, r25	; 0x800a26 <__TEXT_REGION_LENGTH__+0x7f0a26>
/Users/askn/Develop/UPDI4AVR-USB/src/sys.cpp:314
      TCA0_SPLIT_CTRLA = TCA_SPLIT_ENABLE_bm | TCA_SPLIT_CLKSEL_DIV1_gc;
     de4:	91 e0       	ldi	r25, 0x01	; 1
     de6:	90 93 00 0a 	sts	0x0A00, r25	; 0x800a00 <__TEXT_REGION_LENGTH__+0x7f0a00>
/Users/askn/Develop/UPDI4AVR-USB/src/sys.cpp:315
      loop_until_bit_is_set(TCA0_SPLIT_INTFLAGS, TCA_SPLIT_LUNF_bp);
     dea:	90 91 0b 0a 	lds	r25, 0x0A0B	; 0x800a0b <__TEXT_REGION_LENGTH__+0x7f0a0b>
     dee:	90 ff       	sbrs	r25, 0
     df0:	fc cf       	rjmp	.-8      	; 0xdea <SYS::send_bitmap(unsigned char const*, unsigned int) [clone .constprop.11]+0x20>
/Users/askn/Develop/UPDI4AVR-USB/src/sys.cpp:316
      bit_set(TCA0_SPLIT_INTFLAGS, TCA_SPLIT_LUNF_bp);
     df2:	90 91 0b 0a 	lds	r25, 0x0A0B	; 0x800a0b <__TEXT_REGION_LENGTH__+0x7f0a0b>
     df6:	91 60       	ori	r25, 0x01	; 1
     df8:	90 93 0b 0a 	sts	0x0A0B, r25	; 0x800a0b <__TEXT_REGION_LENGTH__+0x7f0a0b>
     dfc:	30 e0       	ldi	r19, 0x00	; 0
     dfe:	20 e0       	ldi	r18, 0x00	; 0
/Users/askn/Develop/UPDI4AVR-USB/src/sys.cpp:322
      for (uint8_t i = 0; i < _length; i++) {
        uint8_t _d = (_bitmap[i >> 3]) >> (i & 7);
        loop_until_bit_is_set(TCA0_SPLIT_INTFLAGS, TCA_SPLIT_LUNF_bp);
        if (bit_is_set(_d, 0)) pinLogicOpen(PIN_PGM_TDAT);
        else                   pinLogicPull(PIN_PGM_TDAT);
        openDrainWriteMacro(PIN_PGM_TCLK, TOGGLE);
     e00:	64 e0       	ldi	r22, 0x04	; 4
/Users/askn/Develop/UPDI4AVR-USB/src/sys.cpp:318
      TCA0_SPLIT_LPER  = TCA0_SPLIT_LCMP2;
      TCA0_SPLIT_CTRLA = TCA_SPLIT_ENABLE_bm | TCA_SPLIT_CLKSEL_DIV1_gc;
      loop_until_bit_is_set(TCA0_SPLIT_INTFLAGS, TCA_SPLIT_LUNF_bp);
      bit_set(TCA0_SPLIT_INTFLAGS, TCA_SPLIT_LUNF_bp);
      for (uint8_t i = 0; i < _length; i++) {
        uint8_t _d = (_bitmap[i >> 3]) >> (i & 7);
     e02:	f9 01       	movw	r30, r18
     e04:	93 e0       	ldi	r25, 0x03	; 3
     e06:	f5 95       	asr	r31
     e08:	e7 95       	ror	r30
     e0a:	9a 95       	dec	r25
     e0c:	e1 f7       	brne	.-8      	; 0xe06 <SYS::send_bitmap(unsigned char const*, unsigned int) [clone .constprop.11]+0x3c>
     e0e:	ea 0f       	add	r30, r26
     e10:	fb 1f       	adc	r31, r27
     e12:	40 81       	ld	r20, Z
     e14:	50 e0       	ldi	r21, 0x00	; 0
     e16:	92 2f       	mov	r25, r18
     e18:	97 70       	andi	r25, 0x07	; 7
     e1a:	02 c0       	rjmp	.+4      	; 0xe20 <SYS::send_bitmap(unsigned char const*, unsigned int) [clone .constprop.11]+0x56>
     e1c:	55 95       	asr	r21
     e1e:	47 95       	ror	r20
     e20:	9a 95       	dec	r25
     e22:	e2 f7       	brpl	.-8      	; 0xe1c <SYS::send_bitmap(unsigned char const*, unsigned int) [clone .constprop.11]+0x52>
/Users/askn/Develop/UPDI4AVR-USB/src/sys.cpp:319
        loop_until_bit_is_set(TCA0_SPLIT_INTFLAGS, TCA_SPLIT_LUNF_bp);
     e24:	90 91 0b 0a 	lds	r25, 0x0A0B	; 0x800a0b <__TEXT_REGION_LENGTH__+0x7f0a0b>
     e28:	90 ff       	sbrs	r25, 0
     e2a:	fc cf       	rjmp	.-8      	; 0xe24 <SYS::send_bitmap(unsigned char const*, unsigned int) [clone .constprop.11]+0x5a>
/Users/askn/Develop/UPDI4AVR-USB/src/sys.cpp:320
        if (bit_is_set(_d, 0)) pinLogicOpen(PIN_PGM_TDAT);
     e2c:	40 ff       	sbrs	r20, 0
     e2e:	16 c0       	rjmp	.+44     	; 0xe5c <SYS::send_bitmap(unsigned char const*, unsigned int) [clone .constprop.11]+0x92>
     e30:	00 98       	cbi	0x00, 0	; 0
/Users/askn/Develop/UPDI4AVR-USB/src/sys.cpp:322
        else                   pinLogicPull(PIN_PGM_TDAT);
        openDrainWriteMacro(PIN_PGM_TCLK, TOGGLE);
     e32:	60 93 03 04 	sts	0x0403, r22	; 0x800403 <__TEXT_REGION_LENGTH__+0x7f0403>
/Users/askn/Develop/UPDI4AVR-USB/src/sys.cpp:323
        EVSYS_SWEVENTA = EVSYS_SWEVENTA_CH2_gc;
     e36:	60 93 00 02 	sts	0x0200, r22	; 0x800200 <__TEXT_REGION_LENGTH__+0x7f0200>
/Users/askn/Develop/UPDI4AVR-USB/src/sys.cpp:324
        bit_set(TCA0_SPLIT_INTFLAGS, TCA_SPLIT_LUNF_bp);
     e3a:	90 91 0b 0a 	lds	r25, 0x0A0B	; 0x800a0b <__TEXT_REGION_LENGTH__+0x7f0a0b>
     e3e:	91 60       	ori	r25, 0x01	; 1
     e40:	90 93 0b 0a 	sts	0x0A0B, r25	; 0x800a0b <__TEXT_REGION_LENGTH__+0x7f0a0b>
     e44:	2f 5f       	subi	r18, 0xFF	; 255
     e46:	3f 4f       	sbci	r19, 0xFF	; 255
/Users/askn/Develop/UPDI4AVR-USB/src/sys.cpp:317
      TCA0_SPLIT_LCNT  = TCA0_SPLIT_LCMP2;
      TCA0_SPLIT_LPER  = TCA0_SPLIT_LCMP2;
      TCA0_SPLIT_CTRLA = TCA_SPLIT_ENABLE_bm | TCA_SPLIT_CLKSEL_DIV1_gc;
      loop_until_bit_is_set(TCA0_SPLIT_INTFLAGS, TCA_SPLIT_LUNF_bp);
      bit_set(TCA0_SPLIT_INTFLAGS, TCA_SPLIT_LUNF_bp);
      for (uint8_t i = 0; i < _length; i++) {
     e48:	20 37       	cpi	r18, 0x70	; 112
     e4a:	31 05       	cpc	r19, r1
     e4c:	d1 f6       	brne	.-76     	; 0xe02 <SYS::send_bitmap(unsigned char const*, unsigned int) [clone .constprop.11]+0x38>
/Users/askn/Develop/UPDI4AVR-USB/src/sys.cpp:326
        else                   pinLogicPull(PIN_PGM_TDAT);
        openDrainWriteMacro(PIN_PGM_TCLK, TOGGLE);
        EVSYS_SWEVENTA = EVSYS_SWEVENTA_CH2_gc;
        bit_set(TCA0_SPLIT_INTFLAGS, TCA_SPLIT_LUNF_bp);
      }
      TCA0_SPLIT_CTRLA = 0;
     e4e:	10 92 00 0a 	sts	0x0A00, r1	; 0x800a00 <__TEXT_REGION_LENGTH__+0x7f0a00>
/Users/askn/Develop/UPDI4AVR-USB/src/sys.cpp:327
      TCA0_SPLIT_CTRLA = TCA_SPLIT_ENABLE_bm | TCA_SPLIT_CLKSEL_DIV1024_gc;
     e52:	9f e0       	ldi	r25, 0x0F	; 15
     e54:	90 93 00 0a 	sts	0x0A00, r25	; 0x800a00 <__TEXT_REGION_LENGTH__+0x7f0a00>
__iRestore():
/Users/askn/Library/Arduino15/packages/MultiX-Zinnia/tools/avr8-gcc/7.3.0-avr8-gnu-toolchain/avr/include/util/atomic.h:70
    (void)__s;
}

static __inline__ void __iRestore(const  uint8_t *__s)
{
    SREG = *__s;
     e58:	8f bf       	out	0x3f, r24	; 63
send_bitmap():
/Users/askn/Develop/UPDI4AVR-USB/src/sys.cpp:329
    }
  }
     e5a:	08 95       	ret
/Users/askn/Develop/UPDI4AVR-USB/src/sys.cpp:321
      bit_set(TCA0_SPLIT_INTFLAGS, TCA_SPLIT_LUNF_bp);
      for (uint8_t i = 0; i < _length; i++) {
        uint8_t _d = (_bitmap[i >> 3]) >> (i & 7);
        loop_until_bit_is_set(TCA0_SPLIT_INTFLAGS, TCA_SPLIT_LUNF_bp);
        if (bit_is_set(_d, 0)) pinLogicOpen(PIN_PGM_TDAT);
        else                   pinLogicPull(PIN_PGM_TDAT);
     e5c:	00 9a       	sbi	0x00, 0	; 0
     e5e:	e9 cf       	rjmp	.-46     	; 0xe32 <SYS::send_bitmap(unsigned char const*, unsigned int) [clone .constprop.11]+0x68>

00000e60 <UsartBaseClass::write(unsigned char)>:
write():
/Users/askn/Library/Arduino15/packages/MultiX-Zinnia/hardware/modernAVR/0.4.10/cores/modernAVR/api/cpp/UsartBaseClass.cpp:22
size_t UsartBaseClass::write (const uint8_t _c) {
#if defined(AVR_AVRLX)
  loop_until_bit_is_set(usart->INTFLAGS, USART_DRE_bp);
  usart->INTFLAGS = USART_TXC_bm;
#else
  loop_until_bit_is_set(usart->STATUS, USART_DREIF_bp);
     e60:	dc 01       	movw	r26, r24
     e62:	12 96       	adiw	r26, 0x02	; 2
     e64:	ed 91       	ld	r30, X+
     e66:	fc 91       	ld	r31, X
     e68:	24 81       	ldd	r18, Z+4	; 0x04
     e6a:	25 ff       	sbrs	r18, 5
     e6c:	fd cf       	rjmp	.-6      	; 0xe68 <UsartBaseClass::write(unsigned char)+0x8>
/Users/askn/Library/Arduino15/packages/MultiX-Zinnia/hardware/modernAVR/0.4.10/cores/modernAVR/api/cpp/UsartBaseClass.cpp:23
  usart->STATUS = USART_TXCIF_bm;
     e6e:	20 e4       	ldi	r18, 0x40	; 64
     e70:	24 83       	std	Z+4, r18	; 0x04
/Users/askn/Library/Arduino15/packages/MultiX-Zinnia/hardware/modernAVR/0.4.10/cores/modernAVR/api/cpp/UsartBaseClass.cpp:25
#endif
  usart->TXDATAL = _c;
     e72:	dc 01       	movw	r26, r24
     e74:	12 96       	adiw	r26, 0x02	; 2
     e76:	ed 91       	ld	r30, X+
     e78:	fc 91       	ld	r31, X
     e7a:	62 83       	std	Z+2, r22	; 0x02
/Users/askn/Library/Arduino15/packages/MultiX-Zinnia/hardware/modernAVR/0.4.10/cores/modernAVR/api/cpp/UsartBaseClass.cpp:27
  return 1;
}
     e7c:	81 e0       	ldi	r24, 0x01	; 1
     e7e:	90 e0       	ldi	r25, 0x00	; 0
     e80:	08 95       	ret

00000e82 <USB::ep_cdo_listen()>:
ep_cdo_listen():
/Users/askn/Develop/UPDI4AVR-USB/src/usb.cpp:343
    loop_until_bit_is_clear(USB0_INTFLAGSB, USB_RMWBUSY_bp);
    USB_EP_STATUS_CLR(USB_EP_CDI) = ~USB_TOGGLE_bm;
  }

  void ep_cdo_listen (void) {
    ATOMIC_BLOCK(ATOMIC_RESTORESTATE) {
     e82:	8f b7       	in	r24, 0x3f	; 63
__iCliRetVal():
/Users/askn/Library/Arduino15/packages/MultiX-Zinnia/tools/avr8-gcc/7.3.0-avr8-gnu-toolchain/avr/include/util/atomic.h:50
    return 1;
}

static __inline__ uint8_t __iCliRetVal(void)
{
    cli();
     e84:	f8 94       	cli
ep_cdo_listen():
/Users/askn/Develop/UPDI4AVR-USB/src/usb.cpp:344
      _recv_count = 0;
     e86:	10 92 a1 64 	sts	0x64A1, r1	; 0x8064a1 <_recv_count>
/Users/askn/Develop/UPDI4AVR-USB/src/usb.cpp:345
      EP_CDO.CNT  = 0;
     e8a:	10 92 e0 64 	sts	0x64E0, r1	; 0x8064e0 <EP_TABLE+0x3a>
     e8e:	10 92 e1 64 	sts	0x64E1, r1	; 0x8064e1 <EP_TABLE+0x3b>
__iRestore():
/Users/askn/Library/Arduino15/packages/MultiX-Zinnia/tools/avr8-gcc/7.3.0-avr8-gnu-toolchain/avr/include/util/atomic.h:70
    (void)__s;
}

static __inline__ void __iRestore(const  uint8_t *__s)
{
    SREG = *__s;
     e92:	8f bf       	out	0x3f, r24	; 63
ep_cdo_listen():
/Users/askn/Develop/UPDI4AVR-USB/src/usb.cpp:347
    }
    loop_until_bit_is_clear(USB0_INTFLAGSB, USB_RMWBUSY_bp);
     e94:	80 91 0b 0c 	lds	r24, 0x0C0B	; 0x800c0b <__TEXT_REGION_LENGTH__+0x7f0c0b>
     e98:	82 fd       	sbrc	r24, 2
     e9a:	fc cf       	rjmp	.-8      	; 0xe94 <USB::ep_cdo_listen()+0x12>
/Users/askn/Develop/UPDI4AVR-USB/src/usb.cpp:348
    USB_EP_STATUS_CLR(USB_EP_CDO) = ~USB_TOGGLE_bm;
     e9c:	8e ef       	ldi	r24, 0xFE	; 254
     e9e:	80 93 4c 0c 	sts	0x0C4C, r24	; 0x800c4c <__TEXT_REGION_LENGTH__+0x7f0c4c>
/Users/askn/Develop/UPDI4AVR-USB/src/usb.cpp:349
  }
     ea2:	08 95       	ret

00000ea4 <USB::ep_cdi_listen()>:
ep_cdi_listen():
/Users/askn/Develop/UPDI4AVR-USB/src/usb.cpp:319
    /* Send the VCP-RxD buffer to the host. */
    /* If our math is correct, then if each side of the double */
    /* buffer can complete the transmission of 64 characters   */
    /* in 1 ms, then it can support 640 kbps. */
    if (bit_is_clear(GPCONF, GPCONF_OPN_bp)
     || bit_is_clear(EP_CDI.STATUS, USB_BUSNAK_bp)) {
     ea4:	f4 9b       	sbis	0x1e, 4	; 30
     ea6:	0b c0       	rjmp	.+22     	; 0xebe <USB::ep_cdi_listen()+0x1a>
     ea8:	80 91 e6 64 	lds	r24, 0x64E6	; 0x8064e6 <EP_TABLE+0x40>
     eac:	81 ff       	sbrs	r24, 1
     eae:	07 c0       	rjmp	.+14     	; 0xebe <USB::ep_cdi_listen()+0x1a>
/Users/askn/Develop/UPDI4AVR-USB/src/usb.cpp:329
    }
    D2PRINTF(" VI=%02X:", _send_count);
    D2PRINTHEX(bit_is_set(GPCONF, GPCONF_DBL_bp)
      ? &EP_MEM.cdi_data[64]
      : &EP_MEM.cdi_data[0], _send_count, ':');
    ATOMIC_BLOCK(ATOMIC_RESTORESTATE) {
     eb0:	2f b7       	in	r18, 0x3f	; 63
__iCliRetVal():
/Users/askn/Library/Arduino15/packages/MultiX-Zinnia/tools/avr8-gcc/7.3.0-avr8-gnu-toolchain/avr/include/util/atomic.h:50
    return 1;
}

static __inline__ uint8_t __iCliRetVal(void)
{
    cli();
     eb2:	f8 94       	cli
ep_cdi_listen():
/Users/askn/Develop/UPDI4AVR-USB/src/usb.cpp:331
      EP_CDI.DATAPTR = bit_is_set(GPCONF, GPCONF_DBL_bp)
        ? (register16_t)&EP_MEM.cdi_data[64]
     eb4:	f2 99       	sbic	0x1e, 2	; 30
     eb6:	0a c0       	rjmp	.+20     	; 0xecc <USB::ep_cdi_listen()+0x28>
     eb8:	8e e1       	ldi	r24, 0x1E	; 30
     eba:	94 e6       	ldi	r25, 0x64	; 100
     ebc:	09 c0       	rjmp	.+18     	; 0xed0 <USB::ep_cdi_listen()+0x2c>
/Users/askn/Develop/UPDI4AVR-USB/src/usb.cpp:322
    /* in 1 ms, then it can support 640 kbps. */
    if (bit_is_clear(GPCONF, GPCONF_OPN_bp)
     || bit_is_clear(EP_CDI.STATUS, USB_BUSNAK_bp)) {
      /* No sending allowed while port is closed.  */
      /* If the buffer overflows, it is discarded. */
      if (_send_count == 64) _send_count = 0;
     ebe:	80 91 a2 64 	lds	r24, 0x64A2	; 0x8064a2 <_send_count>
     ec2:	80 34       	cpi	r24, 0x40	; 64
     ec4:	11 f5       	brne	.+68     	; 0xf0a <USB::ep_cdi_listen()+0x66>
     ec6:	10 92 a2 64 	sts	0x64A2, r1	; 0x8064a2 <_send_count>
     eca:	08 95       	ret
/Users/askn/Develop/UPDI4AVR-USB/src/usb.cpp:331
    D2PRINTHEX(bit_is_set(GPCONF, GPCONF_DBL_bp)
      ? &EP_MEM.cdi_data[64]
      : &EP_MEM.cdi_data[0], _send_count, ':');
    ATOMIC_BLOCK(ATOMIC_RESTORESTATE) {
      EP_CDI.DATAPTR = bit_is_set(GPCONF, GPCONF_DBL_bp)
        ? (register16_t)&EP_MEM.cdi_data[64]
     ecc:	8e e5       	ldi	r24, 0x5E	; 94
     ece:	94 e6       	ldi	r25, 0x64	; 100
/Users/askn/Develop/UPDI4AVR-USB/src/usb.cpp:330
    D2PRINTF(" VI=%02X:", _send_count);
    D2PRINTHEX(bit_is_set(GPCONF, GPCONF_DBL_bp)
      ? &EP_MEM.cdi_data[64]
      : &EP_MEM.cdi_data[0], _send_count, ':');
    ATOMIC_BLOCK(ATOMIC_RESTORESTATE) {
      EP_CDI.DATAPTR = bit_is_set(GPCONF, GPCONF_DBL_bp)
     ed0:	80 93 ea 64 	sts	0x64EA, r24	; 0x8064ea <EP_TABLE+0x44>
     ed4:	90 93 eb 64 	sts	0x64EB, r25	; 0x8064eb <EP_TABLE+0x45>
/Users/askn/Develop/UPDI4AVR-USB/src/usb.cpp:333
        ? (register16_t)&EP_MEM.cdi_data[64]
        : (register16_t)&EP_MEM.cdi_data[0];
      EP_CDI.CNT = _send_count;
     ed8:	80 91 a2 64 	lds	r24, 0x64A2	; 0x8064a2 <_send_count>
     edc:	90 e0       	ldi	r25, 0x00	; 0
     ede:	80 93 e8 64 	sts	0x64E8, r24	; 0x8064e8 <EP_TABLE+0x42>
     ee2:	90 93 e9 64 	sts	0x64E9, r25	; 0x8064e9 <EP_TABLE+0x43>
/Users/askn/Develop/UPDI4AVR-USB/src/usb.cpp:334
      EP_CDI.MCNT = 0;
     ee6:	10 92 ec 64 	sts	0x64EC, r1	; 0x8064ec <EP_TABLE+0x46>
     eea:	10 92 ed 64 	sts	0x64ED, r1	; 0x8064ed <EP_TABLE+0x47>
/Users/askn/Develop/UPDI4AVR-USB/src/usb.cpp:335
      _send_count = 0;
     eee:	10 92 a2 64 	sts	0x64A2, r1	; 0x8064a2 <_send_count>
/Users/askn/Develop/UPDI4AVR-USB/src/usb.cpp:336
      GPCONF ^= GPCONF_DBL_bm;
     ef2:	8e b3       	in	r24, 0x1e	; 30
     ef4:	94 e0       	ldi	r25, 0x04	; 4
     ef6:	89 27       	eor	r24, r25
     ef8:	8e bb       	out	0x1e, r24	; 30
__iRestore():
/Users/askn/Library/Arduino15/packages/MultiX-Zinnia/tools/avr8-gcc/7.3.0-avr8-gnu-toolchain/avr/include/util/atomic.h:70
    (void)__s;
}

static __inline__ void __iRestore(const  uint8_t *__s)
{
    SREG = *__s;
     efa:	2f bf       	out	0x3f, r18	; 63
ep_cdi_listen():
/Users/askn/Develop/UPDI4AVR-USB/src/usb.cpp:338
    }
    loop_until_bit_is_clear(USB0_INTFLAGSB, USB_RMWBUSY_bp);
     efc:	80 91 0b 0c 	lds	r24, 0x0C0B	; 0x800c0b <__TEXT_REGION_LENGTH__+0x7f0c0b>
     f00:	82 fd       	sbrc	r24, 2
     f02:	fc cf       	rjmp	.-8      	; 0xefc <USB::ep_cdi_listen()+0x58>
/Users/askn/Develop/UPDI4AVR-USB/src/usb.cpp:339
    USB_EP_STATUS_CLR(USB_EP_CDI) = ~USB_TOGGLE_bm;
     f04:	8e ef       	ldi	r24, 0xFE	; 254
     f06:	80 93 4e 0c 	sts	0x0C4E, r24	; 0x800c4e <__TEXT_REGION_LENGTH__+0x7f0c4e>
/Users/askn/Develop/UPDI4AVR-USB/src/usb.cpp:340
  }
     f0a:	08 95       	ret

00000f0c <USB::ep_cci_listen()>:
ep_cci_listen():
/Users/askn/Develop/UPDI4AVR-USB/src/usb.cpp:304
    loop_until_bit_is_clear(USB0_INTFLAGSB, USB_RMWBUSY_bp);
    USB_EP_STATUS_CLR(USB_EP_DPO) = ~USB_TOGGLE_bm;
  }

  void ep_cci_listen (void) {
    if ((_send_break + 1) > 1 && _send_break > USB_CCI_INTERVAL) {
     f0c:	80 91 a3 64 	lds	r24, 0x64A3	; 0x8064a3 <_send_break>
     f10:	90 91 a4 64 	lds	r25, 0x64A4	; 0x8064a4 <_send_break+0x1>
     f14:	9c 01       	movw	r18, r24
     f16:	25 50       	subi	r18, 0x05	; 5
     f18:	31 09       	sbc	r19, r1
     f1a:	2a 3f       	cpi	r18, 0xFA	; 250
     f1c:	3f 4f       	sbci	r19, 0xFF	; 255
     f1e:	28 f4       	brcc	.+10     	; 0xf2a <USB::ep_cci_listen()+0x1e>
/Users/askn/Develop/UPDI4AVR-USB/src/usb.cpp:305
      _send_break -= USB_CCI_INTERVAL;
     f20:	04 97       	sbiw	r24, 0x04	; 4
     f22:	80 93 a3 64 	sts	0x64A3, r24	; 0x8064a3 <_send_break>
     f26:	90 93 a4 64 	sts	0x64A4, r25	; 0x8064a4 <_send_break+0x1>
/Users/askn/Develop/UPDI4AVR-USB/src/usb.cpp:307
    }
    EP_CCI.CNT = 10;
     f2a:	8a e0       	ldi	r24, 0x0A	; 10
     f2c:	90 e0       	ldi	r25, 0x00	; 0
     f2e:	80 93 d8 64 	sts	0x64D8, r24	; 0x8064d8 <EP_TABLE+0x32>
     f32:	90 93 d9 64 	sts	0x64D9, r25	; 0x8064d9 <EP_TABLE+0x33>
/Users/askn/Develop/UPDI4AVR-USB/src/usb.cpp:308
    EP_CCI.MCNT = 0;
     f36:	10 92 dc 64 	sts	0x64DC, r1	; 0x8064dc <EP_TABLE+0x36>
     f3a:	10 92 dd 64 	sts	0x64DD, r1	; 0x8064dd <EP_TABLE+0x37>
/Users/askn/Develop/UPDI4AVR-USB/src/usb.cpp:309
    loop_until_bit_is_clear(USB0_INTFLAGSB, USB_RMWBUSY_bp);
     f3e:	80 91 0b 0c 	lds	r24, 0x0C0B	; 0x800c0b <__TEXT_REGION_LENGTH__+0x7f0c0b>
     f42:	82 fd       	sbrc	r24, 2
     f44:	fc cf       	rjmp	.-8      	; 0xf3e <USB::ep_cci_listen()+0x32>
/Users/askn/Develop/UPDI4AVR-USB/src/usb.cpp:310
    USB_EP_STATUS_CLR(USB_EP_CCI) = ~USB_TOGGLE_bm;
     f46:	8e ef       	ldi	r24, 0xFE	; 254
     f48:	80 93 4a 0c 	sts	0x0C4A, r24	; 0x800c4a <__TEXT_REGION_LENGTH__+0x7f0c4a>
/Users/askn/Develop/UPDI4AVR-USB/src/usb.cpp:311
  }
     f4c:	08 95       	ret

00000f4e <USB::ep_res_listen()>:
ep_res_listen():
/Users/askn/Develop/UPDI4AVR-USB/src/usb.cpp:285
    loop_until_bit_is_clear(USB0_INTFLAGSB, USB_RMWBUSY_bp);
    USB_EP_STATUS_CLR(USB_EP_REQ) = ~USB_TOGGLE_bm;
  }

  void ep_res_listen (void) {
    EP_RES.MCNT = 0;
     f4e:	10 92 bc 64 	sts	0x64BC, r1	; 0x8064bc <EP_TABLE+0x16>
     f52:	10 92 bd 64 	sts	0x64BD, r1	; 0x8064bd <EP_TABLE+0x17>
/Users/askn/Develop/UPDI4AVR-USB/src/usb.cpp:286
    loop_until_bit_is_clear(USB0_INTFLAGSB, USB_RMWBUSY_bp);
     f56:	80 91 0b 0c 	lds	r24, 0x0C0B	; 0x800c0b <__TEXT_REGION_LENGTH__+0x7f0c0b>
     f5a:	82 fd       	sbrc	r24, 2
     f5c:	fc cf       	rjmp	.-8      	; 0xf56 <USB::ep_res_listen()+0x8>
/Users/askn/Develop/UPDI4AVR-USB/src/usb.cpp:287
    USB_EP_STATUS_CLR(USB_EP_RES) = ~USB_TOGGLE_bm;
     f5e:	8e ef       	ldi	r24, 0xFE	; 254
     f60:	80 93 42 0c 	sts	0x0C42, r24	; 0x800c42 <__TEXT_REGION_LENGTH__+0x7f0c42>
/Users/askn/Develop/UPDI4AVR-USB/src/usb.cpp:288
  }
     f64:	08 95       	ret

00000f66 <USB::ep_req_listen()>:
ep_req_listen():
/Users/askn/Develop/UPDI4AVR-USB/src/usb.cpp:279
  void ep_cci_pending (void) { loop_until_bit_is_set(EP_CCI.STATUS, USB_BUSNAK_bp); }
  void ep_cdo_pending (void) { loop_until_bit_is_set(EP_CDO.STATUS, USB_BUSNAK_bp); }
  void ep_cdi_pending (void) { loop_until_bit_is_set(EP_CDI.STATUS, USB_BUSNAK_bp); }

  void ep_req_listen (void) {
    EP_REQ.CNT = 0;
     f66:	10 92 b0 64 	sts	0x64B0, r1	; 0x8064b0 <EP_TABLE+0xa>
     f6a:	10 92 b1 64 	sts	0x64B1, r1	; 0x8064b1 <EP_TABLE+0xb>
/Users/askn/Develop/UPDI4AVR-USB/src/usb.cpp:280
    loop_until_bit_is_clear(USB0_INTFLAGSB, USB_RMWBUSY_bp);
     f6e:	80 91 0b 0c 	lds	r24, 0x0C0B	; 0x800c0b <__TEXT_REGION_LENGTH__+0x7f0c0b>
     f72:	82 fd       	sbrc	r24, 2
     f74:	fc cf       	rjmp	.-8      	; 0xf6e <USB::ep_req_listen()+0x8>
/Users/askn/Develop/UPDI4AVR-USB/src/usb.cpp:281
    USB_EP_STATUS_CLR(USB_EP_REQ) = ~USB_TOGGLE_bm;
     f76:	8e ef       	ldi	r24, 0xFE	; 254
     f78:	80 93 40 0c 	sts	0x0C40, r24	; 0x800c40 <__TEXT_REGION_LENGTH__+0x7f0c40>
/Users/askn/Develop/UPDI4AVR-USB/src/usb.cpp:282
  }
     f7c:	08 95       	ret

00000f7e <UsartBaseClass::flush() [clone .isra.0] [clone .lto_priv.17]>:
_ZN14UsartBaseClass5flushEv.isra.0():
/Users/askn/Library/Arduino15/packages/MultiX-Zinnia/hardware/modernAVR/0.4.10/cores/modernAVR/api/UsartBaseClass.h:32
  size_t write (const uint8_t _c);
  using Print::write; // pull in write(str) and write(buf, size) from Print

  int read (void);

  void flush (void) {
     f7e:	fc 01       	movw	r30, r24
/Users/askn/Library/Arduino15/packages/MultiX-Zinnia/hardware/modernAVR/0.4.10/cores/modernAVR/api/UsartBaseClass.h:36
  #if defined(AVR_AVRLX)
    loop_until_bit_is_set(usart->INTFLAGS, USART_TXC_bp);
  #else
    loop_until_bit_is_set(usart->STATUS, USART_TXCIF_bp);
     f80:	94 81       	ldd	r25, Z+4	; 0x04
     f82:	96 ff       	sbrs	r25, 6
     f84:	fd cf       	rjmp	.-6      	; 0xf80 <UsartBaseClass::flush() [clone .isra.0] [clone .lto_priv.17]+0x2>
/Users/askn/Library/Arduino15/packages/MultiX-Zinnia/hardware/modernAVR/0.4.10/cores/modernAVR/api/UsartBaseClass.h:38
  #endif
  }
     f86:	08 95       	ret

00000f88 <NVM::V1::prog_init()>:
prog_init():
/Users/askn/Develop/UPDI4AVR-USB/src/nvmv1.cpp:33
 * the truly correct value is the one read via "UPDI SIB".
 */

namespace NVM::V1 {

  size_t prog_init (void) { return 0; }
     f88:	90 e0       	ldi	r25, 0x00	; 0
     f8a:	80 e0       	ldi	r24, 0x00	; 0
     f8c:	08 95       	ret

00000f8e <PDI::recv()>:
recv():
/Users/askn/Develop/UPDI4AVR-USB/src/pdi.cpp:117
    idle_clock(16);
    return start_txd();
  }

  bool recv (void) {
    do { RXSTAT = USART0_RXDATAH; } while (!RXSTAT);
     f8e:	80 91 01 08 	lds	r24, 0x0801	; 0x800801 <__TEXT_REGION_LENGTH__+0x7f0801>
     f92:	8c bb       	out	0x1c, r24	; 28
     f94:	8c b3       	in	r24, 0x1c	; 28
     f96:	88 23       	and	r24, r24
     f98:	d1 f3       	breq	.-12     	; 0xf8e <PDI::recv()>
/Users/askn/Develop/UPDI4AVR-USB/src/pdi.cpp:118
    RXDATA = USART0_RXDATAL;
     f9a:	80 91 00 08 	lds	r24, 0x0800	; 0x800800 <__TEXT_REGION_LENGTH__+0x7f0800>
     f9e:	8d bb       	out	0x1d, r24	; 29
/Users/askn/Develop/UPDI4AVR-USB/src/pdi.cpp:119
    RXSTAT ^= 0x80;
     fa0:	8c b3       	in	r24, 0x1c	; 28
     fa2:	80 58       	subi	r24, 0x80	; 128
     fa4:	8c bb       	out	0x1c, r24	; 28
/Users/askn/Develop/UPDI4AVR-USB/src/pdi.cpp:121
    // D2PRINTF("(%02X:%02X)", RXSTAT, RXDATA);
    return RXSTAT == 0;
     fa6:	9c b3       	in	r25, 0x1c	; 28
     fa8:	81 e0       	ldi	r24, 0x01	; 1
     faa:	91 11       	cpse	r25, r1
     fac:	80 e0       	ldi	r24, 0x00	; 0
/Users/askn/Develop/UPDI4AVR-USB/src/pdi.cpp:122
  }
     fae:	08 95       	ret

00000fb0 <PDI::recv_byte() [clone .part.3]>:
_ZN3PDI9recv_byteEv.part.3():
/Users/askn/Develop/UPDI4AVR-USB/src/pdi.cpp:125

  bool recv_byte (void) {
    return stop_txd() && recv();
     fb0:	ee cf       	rjmp	.-36     	; 0xf8e <PDI::recv()>

00000fb2 <PDI::send(unsigned char)>:
send():
/Users/askn/Develop/UPDI4AVR-USB/src/pdi.cpp:145
      *_data++ = RXDATA;
    } while (--_len);
    return true;
  }

  bool send (const uint8_t _data) {
     fb2:	cf 93       	push	r28
     fb4:	c8 2f       	mov	r28, r24
/Users/askn/Develop/UPDI4AVR-USB/src/pdi.cpp:146
    loop_until_bit_is_set(USART0_STATUS, USART_DREIF_bp);
     fb6:	80 91 04 08 	lds	r24, 0x0804	; 0x800804 <__TEXT_REGION_LENGTH__+0x7f0804>
     fba:	85 ff       	sbrs	r24, 5
     fbc:	fc cf       	rjmp	.-8      	; 0xfb6 <PDI::send(unsigned char)+0x4>
/Users/askn/Develop/UPDI4AVR-USB/src/pdi.cpp:148
    // D2PRINTF("[%02X]", _data);
    USART0_TXDATAL = _data;
     fbe:	c0 93 02 08 	sts	0x0802, r28	; 0x800802 <__TEXT_REGION_LENGTH__+0x7f0802>
/Users/askn/Develop/UPDI4AVR-USB/src/pdi.cpp:149
    return recv() && _data == RXDATA;
     fc2:	e5 df       	rcall	.-54     	; 0xf8e <PDI::recv()>
     fc4:	88 23       	and	r24, r24
     fc6:	21 f0       	breq	.+8      	; 0xfd0 <PDI::send(unsigned char)+0x1e>
     fc8:	9d b3       	in	r25, 0x1d	; 29
     fca:	81 e0       	ldi	r24, 0x01	; 1
     fcc:	9c 13       	cpse	r25, r28
     fce:	80 e0       	ldi	r24, 0x00	; 0
/Users/askn/Develop/UPDI4AVR-USB/src/pdi.cpp:150
  }
     fd0:	cf 91       	pop	r28
     fd2:	08 95       	ret

00000fd4 <UPDI::send_bytes(unsigned char const*, unsigned int)>:
send_bytes():
/Users/askn/Develop/UPDI4AVR-USB/src/updi.cpp:100
    // D1PRINTF("\r\n[%02X]", _data);
    USART0_TXDATAL = _data;
    return recv() && _data == RXDATA;
  }

  bool send_bytes (const uint8_t* _data, size_t _len) {
     fd4:	0f 93       	push	r16
     fd6:	1f 93       	push	r17
     fd8:	cf 93       	push	r28
     fda:	df 93       	push	r29
     fdc:	eb 01       	movw	r28, r22
     fde:	8c 01       	movw	r16, r24
/Users/askn/Develop/UPDI4AVR-USB/src/updi.cpp:102
    do {
      if (!send(*_data++)) return false;
     fe0:	f8 01       	movw	r30, r16
     fe2:	81 91       	ld	r24, Z+
     fe4:	8f 01       	movw	r16, r30
     fe6:	e5 df       	rcall	.-54     	; 0xfb2 <PDI::send(unsigned char)>
     fe8:	88 23       	and	r24, r24
     fea:	11 f0       	breq	.+4      	; 0xff0 <UPDI::send_bytes(unsigned char const*, unsigned int)+0x1c>
/Users/askn/Develop/UPDI4AVR-USB/src/updi.cpp:103
    } while (--_len);
     fec:	21 97       	sbiw	r28, 0x01	; 1
     fee:	c1 f7       	brne	.-16     	; 0xfe0 <UPDI::send_bytes(unsigned char const*, unsigned int)+0xc>
/Users/askn/Develop/UPDI4AVR-USB/src/updi.cpp:105
    return true;
  }
     ff0:	df 91       	pop	r29
     ff2:	cf 91       	pop	r28
     ff4:	1f 91       	pop	r17
     ff6:	0f 91       	pop	r16
     ff8:	08 95       	ret

00000ffa <UPDI::disconnect()>:
sys_reset():
/Users/askn/Develop/UPDI4AVR-USB/src/updi.cpp:134
    const static uint8_t _reset[] = {
      0x55, 0xC8, 0x59, /* SYSRST */
      0x55, 0xC8, 0x00, /* SYSRUN */
      0x55, 0xC3, 0x04  /* UPDIDIS */
    };
    return send_bytes(_reset, _leave ? 9 : 6);
     ffa:	69 e0       	ldi	r22, 0x09	; 9
     ffc:	70 e0       	ldi	r23, 0x00	; 0
     ffe:	87 e9       	ldi	r24, 0x97	; 151
    1000:	90 e6       	ldi	r25, 0x60	; 96
    1002:	e8 df       	rcall	.-48     	; 0xfd4 <UPDI::send_bytes(unsigned char const*, unsigned int)>
disconnect():
/Users/askn/Develop/UPDI4AVR-USB/src/updi.cpp:465
    return 0;
  }

  inline size_t disconnect (void) {
    return sys_reset(true);
  }
    1004:	90 e0       	ldi	r25, 0x00	; 0
    1006:	08 95       	ret

00001008 <UPDI::sys_status()>:
sys_status():
/Users/askn/Develop/UPDI4AVR-USB/src/updi.cpp:228
    return send_bytes(_key_stat, 2) && recv();
  }

  bool sys_status (void) {
    const static uint8_t _sys_stat[] = {0x55, 0x8B};
    return send_bytes(_sys_stat, 2) && recv();
    1008:	62 e0       	ldi	r22, 0x02	; 2
    100a:	70 e0       	ldi	r23, 0x00	; 0
    100c:	81 e6       	ldi	r24, 0x61	; 97
    100e:	90 e6       	ldi	r25, 0x60	; 96
    1010:	e1 df       	rcall	.-62     	; 0xfd4 <UPDI::send_bytes(unsigned char const*, unsigned int)>
    1012:	81 11       	cpse	r24, r1
    1014:	cd cf       	rjmp	.-102    	; 0xfb0 <PDI::recv_byte() [clone .part.3]>
/Users/askn/Develop/UPDI4AVR-USB/src/updi.cpp:229
  }
    1016:	80 e0       	ldi	r24, 0x00	; 0
/Users/askn/Develop/UPDI4AVR-USB/src/updi.cpp:223
    return send_byte(0x1000, _nvmcmd);  /* NVMCTRL_CTRLA */
  }

  bool key_status (void) {
    const static uint8_t _key_stat[] = {0x55, 0x87};
    return send_bytes(_key_stat, 2) && recv();
    1018:	08 95       	ret

0000101a <UPDI::key_status()>:
key_status():
    101a:	62 e0       	ldi	r22, 0x02	; 2
    101c:	70 e0       	ldi	r23, 0x00	; 0
    101e:	8f e5       	ldi	r24, 0x5F	; 95
    1020:	90 e6       	ldi	r25, 0x60	; 96
    1022:	d8 df       	rcall	.-80     	; 0xfd4 <UPDI::send_bytes(unsigned char const*, unsigned int)>
    1024:	81 11       	cpse	r24, r1
    1026:	c4 cf       	rjmp	.-120    	; 0xfb0 <PDI::recv_byte() [clone .part.3]>
/Users/askn/Develop/UPDI4AVR-USB/src/updi.cpp:224
  }
    1028:	80 e0       	ldi	r24, 0x00	; 0
    102a:	08 95       	ret

0000102c <UPDI::recv_byte(unsigned long)>:
recv_byte():
/Users/askn/Develop/UPDI4AVR-USB/src/updi.cpp:113
  /* The acquired data is stored in RXDATA.    */
  bool recv_byte (uint32_t _dwAddr) {
    static uint8_t _set_ptr[] = {
      0x55, 0x08, 0, 0, 0, 0  /* LDS ADDR3 DATA1 */
    };
    _CAPS32(_set_ptr[2])->dword = _dwAddr;
    102c:	60 93 15 60 	sts	0x6015, r22	; 0x806015 <UPDI::recv_byte(unsigned long)::_set_ptr+0x2>
    1030:	70 93 16 60 	sts	0x6016, r23	; 0x806016 <UPDI::recv_byte(unsigned long)::_set_ptr+0x3>
    1034:	80 93 17 60 	sts	0x6017, r24	; 0x806017 <UPDI::recv_byte(unsigned long)::_set_ptr+0x4>
/Users/askn/Develop/UPDI4AVR-USB/src/updi.cpp:114
    return send_bytes(_set_ptr, 5) && recv();
    1038:	90 93 18 60 	sts	0x6018, r25	; 0x806018 <UPDI::recv_byte(unsigned long)::_set_ptr+0x5>
    103c:	65 e0       	ldi	r22, 0x05	; 5
    103e:	70 e0       	ldi	r23, 0x00	; 0
    1040:	83 e1       	ldi	r24, 0x13	; 19
    1042:	90 e6       	ldi	r25, 0x60	; 96
    1044:	c7 df       	rcall	.-114    	; 0xfd4 <UPDI::send_bytes(unsigned char const*, unsigned int)>
    1046:	81 11       	cpse	r24, r1
/Users/askn/Develop/UPDI4AVR-USB/src/updi.cpp:115
  }
    1048:	b3 cf       	rjmp	.-154    	; 0xfb0 <PDI::recv_byte() [clone .part.3]>
    104a:	80 e0       	ldi	r24, 0x00	; 0
/Users/askn/Develop/UPDI4AVR-USB/src/updi.cpp:90
    } while (--_len);
    return true;
  }

  bool is_ack (void) {
    return recv() && 0x40 == RXDATA;
    104c:	08 95       	ret

0000104e <UPDI::is_ack()>:
is_ack():
    104e:	9f df       	rcall	.-194    	; 0xf8e <PDI::recv()>
    1050:	88 23       	and	r24, r24
    1052:	29 f0       	breq	.+10     	; 0x105e <UPDI::is_ack()+0x10>
    1054:	9d b3       	in	r25, 0x1d	; 29
    1056:	81 e0       	ldi	r24, 0x01	; 1
    1058:	90 34       	cpi	r25, 0x40	; 64
    105a:	09 f0       	breq	.+2      	; 0x105e <UPDI::is_ack()+0x10>
    105c:	80 e0       	ldi	r24, 0x00	; 0
/Users/askn/Develop/UPDI4AVR-USB/src/updi.cpp:91
  }
    105e:	08 95       	ret

00001060 <UPDI::send_words_block(unsigned long, unsigned int)>:
send_words_block():
/Users/askn/Develop/UPDI4AVR-USB/src/updi.cpp:191
      && send_bytes(_set_repeat, sizeof(_set_repeat))
      && send_bytes(&packet.out.memData[0], _wLength)
      && clear_rsd();
  }

  bool send_words_block (uint32_t _dwAddr, size_t _wLength) {
    1060:	cf 93       	push	r28
    1062:	df 93       	push	r29
    1064:	ea 01       	movw	r28, r20
/Users/askn/Develop/UPDI4AVR-USB/src/updi.cpp:194
    /* This function works in word units up to 256 words, */
    /* and will round down any fractional words.          */
    _CAPS32(_set_ptr24[2])->dword = _dwAddr;
    1066:	60 93 26 60 	sts	0x6026, r22	; 0x806026 <UPDI::_set_ptr24+0x2>
    106a:	70 93 27 60 	sts	0x6027, r23	; 0x806027 <UPDI::_set_ptr24+0x3>
    106e:	80 93 28 60 	sts	0x6028, r24	; 0x806028 <UPDI::_set_ptr24+0x4>
    1072:	90 93 29 60 	sts	0x6029, r25	; 0x806029 <UPDI::_set_ptr24+0x5>
/Users/askn/Develop/UPDI4AVR-USB/src/updi.cpp:195
    _set_repeat[2] = (_wLength >> 1) - 1;
    1076:	ca 01       	movw	r24, r20
    1078:	96 95       	lsr	r25
    107a:	87 95       	ror	r24
    107c:	81 50       	subi	r24, 0x01	; 1
    107e:	80 93 21 60 	sts	0x6021, r24	; 0x806021 <UPDI::_set_repeat+0x2>
/Users/askn/Develop/UPDI4AVR-USB/src/updi.cpp:196
    _set_repeat[4] = 0x65;  /* ST PTR++ DATA2 */
    1082:	85 e6       	ldi	r24, 0x65	; 101
    1084:	80 93 23 60 	sts	0x6023, r24	; 0x806023 <UPDI::_set_repeat+0x4>
/Users/askn/Develop/UPDI4AVR-USB/src/updi.cpp:197
    return send_bytes(_set_ptr24, 5)
    1088:	65 e0       	ldi	r22, 0x05	; 5
    108a:	70 e0       	ldi	r23, 0x00	; 0
    108c:	84 e2       	ldi	r24, 0x24	; 36
    108e:	90 e6       	ldi	r25, 0x60	; 96
/Users/askn/Develop/UPDI4AVR-USB/src/updi.cpp:202
      && is_ack()
      && set_rsd()
      && send_bytes(_set_repeat, sizeof(_set_repeat))
      && send_bytes(&packet.out.memData[0], _wLength & ~1)
      && clear_rsd();
    1090:	a1 df       	rcall	.-190    	; 0xfd4 <UPDI::send_bytes(unsigned char const*, unsigned int)>
    1092:	88 23       	and	r24, r24
/Users/askn/Develop/UPDI4AVR-USB/src/updi.cpp:198
    /* and will round down any fractional words.          */
    _CAPS32(_set_ptr24[2])->dword = _dwAddr;
    _set_repeat[2] = (_wLength >> 1) - 1;
    _set_repeat[4] = 0x65;  /* ST PTR++ DATA2 */
    return send_bytes(_set_ptr24, 5)
      && is_ack()
    1094:	f9 f0       	breq	.+62     	; 0x10d4 <UPDI::send_words_block(unsigned long, unsigned int)+0x74>
    1096:	db df       	rcall	.-74     	; 0x104e <UPDI::is_ack()>
    1098:	88 23       	and	r24, r24
/Users/askn/Develop/UPDI4AVR-USB/src/updi.cpp:139
    return send_bytes(_reset, _leave ? 9 : 6);
  }

  bool set_rsd (void) {
    const static uint8_t _set_rsd[] = {0x55, 0xC2, 0x08 + UPDI_CTRLAV};
    return send_bytes(_set_rsd, 3);
    109a:	e1 f0       	breq	.+56     	; 0x10d4 <UPDI::send_words_block(unsigned long, unsigned int)+0x74>
set_rsd():
    109c:	63 e0       	ldi	r22, 0x03	; 3
    109e:	70 e0       	ldi	r23, 0x00	; 0
    10a0:	8c e5       	ldi	r24, 0x5C	; 92
    10a2:	90 e6       	ldi	r25, 0x60	; 96
/Users/askn/Develop/UPDI4AVR-USB/src/updi.cpp:199
    _CAPS32(_set_ptr24[2])->dword = _dwAddr;
    _set_repeat[2] = (_wLength >> 1) - 1;
    _set_repeat[4] = 0x65;  /* ST PTR++ DATA2 */
    return send_bytes(_set_ptr24, 5)
      && is_ack()
      && set_rsd()
    10a4:	97 df       	rcall	.-210    	; 0xfd4 <UPDI::send_bytes(unsigned char const*, unsigned int)>
send_words_block():
    10a6:	88 23       	and	r24, r24
/Users/askn/Develop/UPDI4AVR-USB/src/updi.cpp:200
      && send_bytes(_set_repeat, sizeof(_set_repeat))
    10a8:	a9 f0       	breq	.+42     	; 0x10d4 <UPDI::send_words_block(unsigned long, unsigned int)+0x74>
    10aa:	65 e0       	ldi	r22, 0x05	; 5
    10ac:	70 e0       	ldi	r23, 0x00	; 0
    10ae:	8f e1       	ldi	r24, 0x1F	; 31
    10b0:	90 e6       	ldi	r25, 0x60	; 96
    10b2:	90 df       	rcall	.-224    	; 0xfd4 <UPDI::send_bytes(unsigned char const*, unsigned int)>
    10b4:	88 23       	and	r24, r24
/Users/askn/Develop/UPDI4AVR-USB/src/updi.cpp:201
      && send_bytes(&packet.out.memData[0], _wLength & ~1)
    10b6:	71 f0       	breq	.+28     	; 0x10d4 <UPDI::send_words_block(unsigned long, unsigned int)+0x74>
    10b8:	be 01       	movw	r22, r28
    10ba:	6e 7f       	andi	r22, 0xFE	; 254
    10bc:	88 e1       	ldi	r24, 0x18	; 24
    10be:	91 e6       	ldi	r25, 0x61	; 97
    10c0:	89 df       	rcall	.-238    	; 0xfd4 <UPDI::send_bytes(unsigned char const*, unsigned int)>
    10c2:	88 23       	and	r24, r24
    10c4:	39 f0       	breq	.+14     	; 0x10d4 <UPDI::send_words_block(unsigned long, unsigned int)+0x74>
clear_rsd():
/Users/askn/Develop/UPDI4AVR-USB/src/updi.cpp:144
    return send_bytes(_set_rsd, 3);
  }

  bool clear_rsd (void) {
    const static uint8_t _clear_rsd[] = {0x55, 0xC2, UPDI_CTRLAV};
    return send_bytes(_clear_rsd, 3);
    10c6:	63 e0       	ldi	r22, 0x03	; 3
    10c8:	70 e0       	ldi	r23, 0x00	; 0
    10ca:	87 e8       	ldi	r24, 0x87	; 135
    10cc:	90 e6       	ldi	r25, 0x60	; 96
send_words_block():
/Users/askn/Develop/UPDI4AVR-USB/src/updi.cpp:203
      && is_ack()
      && set_rsd()
      && send_bytes(_set_repeat, sizeof(_set_repeat))
      && send_bytes(&packet.out.memData[0], _wLength & ~1)
      && clear_rsd();
  }
    10ce:	df 91       	pop	r29
    10d0:	cf 91       	pop	r28
clear_rsd():
/Users/askn/Develop/UPDI4AVR-USB/src/updi.cpp:144
    return send_bytes(_set_rsd, 3);
  }

  bool clear_rsd (void) {
    const static uint8_t _clear_rsd[] = {0x55, 0xC2, UPDI_CTRLAV};
    return send_bytes(_clear_rsd, 3);
    10d2:	80 cf       	rjmp	.-256    	; 0xfd4 <UPDI::send_bytes(unsigned char const*, unsigned int)>
send_words_block():
    10d4:	80 e0       	ldi	r24, 0x00	; 0
/Users/askn/Develop/UPDI4AVR-USB/src/updi.cpp:203
      && is_ack()
      && set_rsd()
      && send_bytes(_set_repeat, sizeof(_set_repeat))
      && send_bytes(&packet.out.memData[0], _wLength & ~1)
      && clear_rsd();
  }
    10d6:	df 91       	pop	r29
    10d8:	cf 91       	pop	r28
    10da:	08 95       	ret

000010dc <UPDI::send_byte(unsigned long, unsigned char)>:
send_byte():
/Users/askn/Develop/UPDI4AVR-USB/src/updi.cpp:117
    };
    _CAPS32(_set_ptr[2])->dword = _dwAddr;
    return send_bytes(_set_ptr, 5) && recv();
  }

  bool send_byte (uint32_t _dwAddr, uint8_t _data) {
    10dc:	cf 93       	push	r28
/Users/askn/Develop/UPDI4AVR-USB/src/updi.cpp:121
    static uint8_t _set_ptr[] = {
      0x55, 0x48, 0, 0, 0, 0  /* STS ADDR3 DATA1 */
    };
    _CAPS32(_set_ptr[2])->dword = _dwAddr;
    10de:	c4 2f       	mov	r28, r20
    10e0:	60 93 1b 60 	sts	0x601B, r22	; 0x80601b <UPDI::send_byte(unsigned long, unsigned char)::_set_ptr+0x2>
    10e4:	70 93 1c 60 	sts	0x601C, r23	; 0x80601c <UPDI::send_byte(unsigned long, unsigned char)::_set_ptr+0x3>
    10e8:	80 93 1d 60 	sts	0x601D, r24	; 0x80601d <UPDI::send_byte(unsigned long, unsigned char)::_set_ptr+0x4>
/Users/askn/Develop/UPDI4AVR-USB/src/updi.cpp:122
    return send_bytes(_set_ptr, 5)
    10ec:	90 93 1e 60 	sts	0x601E, r25	; 0x80601e <UPDI::send_byte(unsigned long, unsigned char)::_set_ptr+0x5>
    10f0:	65 e0       	ldi	r22, 0x05	; 5
    10f2:	70 e0       	ldi	r23, 0x00	; 0
    10f4:	89 e1       	ldi	r24, 0x19	; 25
/Users/askn/Develop/UPDI4AVR-USB/src/updi.cpp:125
      && is_ack()
      && send(_data)
      && is_ack();
    10f6:	90 e6       	ldi	r25, 0x60	; 96
/Users/askn/Develop/UPDI4AVR-USB/src/updi.cpp:123
    static uint8_t _set_ptr[] = {
      0x55, 0x48, 0, 0, 0, 0  /* STS ADDR3 DATA1 */
    };
    _CAPS32(_set_ptr[2])->dword = _dwAddr;
    return send_bytes(_set_ptr, 5)
      && is_ack()
    10f8:	6d df       	rcall	.-294    	; 0xfd4 <UPDI::send_bytes(unsigned char const*, unsigned int)>
    10fa:	88 23       	and	r24, r24
    10fc:	49 f0       	breq	.+18     	; 0x1110 <UPDI::send_byte(unsigned long, unsigned char)+0x34>
    10fe:	a7 df       	rcall	.-178    	; 0x104e <UPDI::is_ack()>
/Users/askn/Develop/UPDI4AVR-USB/src/updi.cpp:124
      && send(_data)
    1100:	88 23       	and	r24, r24
    1102:	31 f0       	breq	.+12     	; 0x1110 <UPDI::send_byte(unsigned long, unsigned char)+0x34>
    1104:	8c 2f       	mov	r24, r28
    1106:	55 df       	rcall	.-342    	; 0xfb2 <PDI::send(unsigned char)>
    1108:	88 23       	and	r24, r24
/Users/askn/Develop/UPDI4AVR-USB/src/updi.cpp:126
      && is_ack();
  }
    110a:	11 f0       	breq	.+4      	; 0x1110 <UPDI::send_byte(unsigned long, unsigned char)+0x34>
/Users/askn/Develop/UPDI4AVR-USB/src/updi.cpp:125
    };
    _CAPS32(_set_ptr[2])->dword = _dwAddr;
    return send_bytes(_set_ptr, 5)
      && is_ack()
      && send(_data)
      && is_ack();
    110c:	cf 91       	pop	r28
    110e:	9f cf       	rjmp	.-194    	; 0x104e <UPDI::is_ack()>
/Users/askn/Develop/UPDI4AVR-USB/src/updi.cpp:126
  }
    1110:	80 e0       	ldi	r24, 0x00	; 0
    1112:	cf 91       	pop	r28
    1114:	08 95       	ret

00001116 <UPDI::nvm_ctrl(unsigned char)>:
nvm_ctrl():
/Users/askn/Develop/UPDI4AVR-USB/src/updi.cpp:218
    /* This slow process is due to USERROW and BOOTROW. */
    return send_bytes_data(_dwAddr, &packet.out.memData[0], _wLength);
  }

  bool nvm_ctrl (uint8_t _nvmcmd) {
    return send_byte(0x1000, _nvmcmd);  /* NVMCTRL_CTRLA */
    1116:	48 2f       	mov	r20, r24
    1118:	60 e0       	ldi	r22, 0x00	; 0
    111a:	70 e1       	ldi	r23, 0x10	; 16
    111c:	80 e0       	ldi	r24, 0x00	; 0
    111e:	90 e0       	ldi	r25, 0x00	; 0
    1120:	dd cf       	rjmp	.-70     	; 0x10dc <UPDI::send_byte(unsigned long, unsigned char)>

00001122 <UPDI::send_bytes_block_slow(unsigned long, unsigned int)>:
send_bytes_block_slow():
    1122:	cf 92       	push	r12
/Users/askn/Develop/UPDI4AVR-USB/src/updi.cpp:212
      if (!send_byte(_dwAddr++, *_data++)) return false;
    }
    return true;
  }

  bool send_bytes_block_slow (uint32_t _dwAddr, size_t _wLength) {
    1124:	df 92       	push	r13
    1126:	ef 92       	push	r14
    1128:	ff 92       	push	r15
    112a:	0f 93       	push	r16
    112c:	1f 93       	push	r17
    112e:	cf 93       	push	r28
    1130:	df 93       	push	r29
    1132:	c7 e0       	ldi	r28, 0x07	; 7
    1134:	d1 e6       	ldi	r29, 0x61	; 97
    1136:	8a 01       	movw	r16, r20
    1138:	09 5f       	subi	r16, 0xF9	; 249
    113a:	1e 49       	sbci	r17, 0x9E	; 158
send_bytes_data():
/Users/askn/Develop/UPDI4AVR-USB/src/updi.cpp:206
      && send_bytes(&packet.out.memData[0], _wLength & ~1)
      && clear_rsd();
  }

  bool send_bytes_data (uint32_t _dwAddr, uint8_t* _data, size_t _wLength) {
    for (size_t _i = 0; _i < _wLength; _i++) {
    113c:	c0 17       	cp	r28, r16
    113e:	d1 07       	cpc	r29, r17
    1140:	c1 f0       	breq	.+48     	; 0x1172 <UPDI::send_bytes_block_slow(unsigned long, unsigned int)+0x50>
/Users/askn/Develop/UPDI4AVR-USB/src/updi.cpp:207
      if (!send_byte(_dwAddr++, *_data++)) return false;
    1142:	6b 01       	movw	r12, r22
    1144:	7c 01       	movw	r14, r24
    1146:	2f ef       	ldi	r18, 0xFF	; 255
    1148:	c2 1a       	sub	r12, r18
    114a:	d2 0a       	sbc	r13, r18
    114c:	e2 0a       	sbc	r14, r18
    114e:	f2 0a       	sbc	r15, r18
    1150:	49 89       	ldd	r20, Y+17	; 0x11
    1152:	c4 df       	rcall	.-120    	; 0x10dc <UPDI::send_byte(unsigned long, unsigned char)>
    1154:	21 96       	adiw	r28, 0x01	; 1
    1156:	81 11       	cpse	r24, r1
    1158:	09 c0       	rjmp	.+18     	; 0x116c <UPDI::send_bytes_block_slow(unsigned long, unsigned int)+0x4a>
send_bytes_block_slow():
    115a:	df 91       	pop	r29
/Users/askn/Develop/UPDI4AVR-USB/src/updi.cpp:215
  }

  bool send_bytes_block_slow (uint32_t _dwAddr, size_t _wLength) {
    /* This slow process is due to USERROW and BOOTROW. */
    return send_bytes_data(_dwAddr, &packet.out.memData[0], _wLength);
  }
    115c:	cf 91       	pop	r28
    115e:	1f 91       	pop	r17
    1160:	0f 91       	pop	r16
    1162:	ff 90       	pop	r15
    1164:	ef 90       	pop	r14
    1166:	df 90       	pop	r13
    1168:	cf 90       	pop	r12
    116a:	08 95       	ret
/Users/askn/Develop/UPDI4AVR-USB/src/updi.cpp:207
      && clear_rsd();
  }

  bool send_bytes_data (uint32_t _dwAddr, uint8_t* _data, size_t _wLength) {
    for (size_t _i = 0; _i < _wLength; _i++) {
      if (!send_byte(_dwAddr++, *_data++)) return false;
    116c:	c7 01       	movw	r24, r14
    116e:	b6 01       	movw	r22, r12
    1170:	e5 cf       	rjmp	.-54     	; 0x113c <UPDI::send_bytes_block_slow(unsigned long, unsigned int)+0x1a>
/Users/askn/Develop/UPDI4AVR-USB/src/updi.cpp:209
    }
    return true;
    1172:	81 e0       	ldi	r24, 0x01	; 1
    1174:	f2 cf       	rjmp	.-28     	; 0x115a <UPDI::send_bytes_block_slow(unsigned long, unsigned int)+0x38>

00001176 <UPDI::send_bytes_block(unsigned long, unsigned int)>:
send_bytes_block():
/Users/askn/Develop/UPDI4AVR-USB/src/updi.cpp:178
      && is_ack()
      && send_bytes(_set_repeat, sizeof(_set_repeat))
      && recv_bytes(&packet.in.data[0], _wLength & ~1);
  }

  bool send_bytes_block (uint32_t _dwAddr, size_t _wLength) {
    1176:	cf 93       	push	r28
    1178:	df 93       	push	r29
/Users/askn/Develop/UPDI4AVR-USB/src/updi.cpp:179
    if (_wLength == 1) return send_byte(_dwAddr, packet.out.memData[0]);
    117a:	41 30       	cpi	r20, 0x01	; 1
    117c:	51 05       	cpc	r21, r1
    117e:	29 f4       	brne	.+10     	; 0x118a <UPDI::send_bytes_block(unsigned long, unsigned int)+0x14>
    1180:	40 91 18 61 	lds	r20, 0x6118	; 0x806118 <packet+0x11>
/Users/askn/Develop/UPDI4AVR-USB/src/updi.cpp:189
      && is_ack()
      && set_rsd()
      && send_bytes(_set_repeat, sizeof(_set_repeat))
      && send_bytes(&packet.out.memData[0], _wLength)
      && clear_rsd();
  }
    1184:	df 91       	pop	r29
/Users/askn/Develop/UPDI4AVR-USB/src/updi.cpp:179
      && send_bytes(_set_repeat, sizeof(_set_repeat))
      && recv_bytes(&packet.in.data[0], _wLength & ~1);
  }

  bool send_bytes_block (uint32_t _dwAddr, size_t _wLength) {
    if (_wLength == 1) return send_byte(_dwAddr, packet.out.memData[0]);
    1186:	cf 91       	pop	r28
    1188:	a9 cf       	rjmp	.-174    	; 0x10dc <UPDI::send_byte(unsigned long, unsigned char)>
/Users/askn/Develop/UPDI4AVR-USB/src/updi.cpp:180
    _CAPS32(_set_ptr24[2])->dword = _dwAddr;
    118a:	ea 01       	movw	r28, r20
    118c:	60 93 26 60 	sts	0x6026, r22	; 0x806026 <UPDI::_set_ptr24+0x2>
    1190:	70 93 27 60 	sts	0x6027, r23	; 0x806027 <UPDI::_set_ptr24+0x3>
    1194:	80 93 28 60 	sts	0x6028, r24	; 0x806028 <UPDI::_set_ptr24+0x4>
/Users/askn/Develop/UPDI4AVR-USB/src/updi.cpp:181
    _set_repeat[2] = _wLength - 1;
    1198:	90 93 29 60 	sts	0x6029, r25	; 0x806029 <UPDI::_set_ptr24+0x5>
    119c:	84 2f       	mov	r24, r20
    119e:	81 50       	subi	r24, 0x01	; 1
/Users/askn/Develop/UPDI4AVR-USB/src/updi.cpp:182
    _set_repeat[4] = 0x64;  /* ST PTR++ DATA1 */
    11a0:	80 93 21 60 	sts	0x6021, r24	; 0x806021 <UPDI::_set_repeat+0x2>
/Users/askn/Develop/UPDI4AVR-USB/src/updi.cpp:183
    return send_bytes(_set_ptr24, 5)
    11a4:	84 e6       	ldi	r24, 0x64	; 100
    11a6:	80 93 23 60 	sts	0x6023, r24	; 0x806023 <UPDI::_set_repeat+0x4>
    11aa:	65 e0       	ldi	r22, 0x05	; 5
    11ac:	70 e0       	ldi	r23, 0x00	; 0
/Users/askn/Develop/UPDI4AVR-USB/src/updi.cpp:188
      && is_ack()
      && set_rsd()
      && send_bytes(_set_repeat, sizeof(_set_repeat))
      && send_bytes(&packet.out.memData[0], _wLength)
      && clear_rsd();
    11ae:	84 e2       	ldi	r24, 0x24	; 36
    11b0:	90 e6       	ldi	r25, 0x60	; 96
/Users/askn/Develop/UPDI4AVR-USB/src/updi.cpp:184
    if (_wLength == 1) return send_byte(_dwAddr, packet.out.memData[0]);
    _CAPS32(_set_ptr24[2])->dword = _dwAddr;
    _set_repeat[2] = _wLength - 1;
    _set_repeat[4] = 0x64;  /* ST PTR++ DATA1 */
    return send_bytes(_set_ptr24, 5)
      && is_ack()
    11b2:	10 df       	rcall	.-480    	; 0xfd4 <UPDI::send_bytes(unsigned char const*, unsigned int)>
    11b4:	88 23       	and	r24, r24
    11b6:	f1 f0       	breq	.+60     	; 0x11f4 <UPDI::send_bytes_block(unsigned long, unsigned int)+0x7e>
    11b8:	4a df       	rcall	.-364    	; 0x104e <UPDI::is_ack()>
/Users/askn/Develop/UPDI4AVR-USB/src/updi.cpp:139
    return send_bytes(_reset, _leave ? 9 : 6);
  }

  bool set_rsd (void) {
    const static uint8_t _set_rsd[] = {0x55, 0xC2, 0x08 + UPDI_CTRLAV};
    return send_bytes(_set_rsd, 3);
    11ba:	88 23       	and	r24, r24
    11bc:	d9 f0       	breq	.+54     	; 0x11f4 <UPDI::send_bytes_block(unsigned long, unsigned int)+0x7e>
set_rsd():
    11be:	63 e0       	ldi	r22, 0x03	; 3
    11c0:	70 e0       	ldi	r23, 0x00	; 0
    11c2:	8c e5       	ldi	r24, 0x5C	; 92
/Users/askn/Develop/UPDI4AVR-USB/src/updi.cpp:185
    _CAPS32(_set_ptr24[2])->dword = _dwAddr;
    _set_repeat[2] = _wLength - 1;
    _set_repeat[4] = 0x64;  /* ST PTR++ DATA1 */
    return send_bytes(_set_ptr24, 5)
      && is_ack()
      && set_rsd()
    11c4:	90 e6       	ldi	r25, 0x60	; 96
    11c6:	06 df       	rcall	.-500    	; 0xfd4 <UPDI::send_bytes(unsigned char const*, unsigned int)>
send_bytes_block():
/Users/askn/Develop/UPDI4AVR-USB/src/updi.cpp:186
      && send_bytes(_set_repeat, sizeof(_set_repeat))
    11c8:	88 23       	and	r24, r24
    11ca:	a1 f0       	breq	.+40     	; 0x11f4 <UPDI::send_bytes_block(unsigned long, unsigned int)+0x7e>
    11cc:	65 e0       	ldi	r22, 0x05	; 5
    11ce:	70 e0       	ldi	r23, 0x00	; 0
    11d0:	8f e1       	ldi	r24, 0x1F	; 31
    11d2:	90 e6       	ldi	r25, 0x60	; 96
    11d4:	ff de       	rcall	.-514    	; 0xfd4 <UPDI::send_bytes(unsigned char const*, unsigned int)>
/Users/askn/Develop/UPDI4AVR-USB/src/updi.cpp:187
      && send_bytes(&packet.out.memData[0], _wLength)
    11d6:	88 23       	and	r24, r24
    11d8:	69 f0       	breq	.+26     	; 0x11f4 <UPDI::send_bytes_block(unsigned long, unsigned int)+0x7e>
    11da:	be 01       	movw	r22, r28
    11dc:	88 e1       	ldi	r24, 0x18	; 24
    11de:	91 e6       	ldi	r25, 0x61	; 97
    11e0:	f9 de       	rcall	.-526    	; 0xfd4 <UPDI::send_bytes(unsigned char const*, unsigned int)>
    11e2:	88 23       	and	r24, r24
/Users/askn/Develop/UPDI4AVR-USB/src/updi.cpp:144
    return send_bytes(_set_rsd, 3);
  }

  bool clear_rsd (void) {
    const static uint8_t _clear_rsd[] = {0x55, 0xC2, UPDI_CTRLAV};
    return send_bytes(_clear_rsd, 3);
    11e4:	39 f0       	breq	.+14     	; 0x11f4 <UPDI::send_bytes_block(unsigned long, unsigned int)+0x7e>
clear_rsd():
    11e6:	63 e0       	ldi	r22, 0x03	; 3
    11e8:	70 e0       	ldi	r23, 0x00	; 0
    11ea:	87 e8       	ldi	r24, 0x87	; 135
/Users/askn/Develop/UPDI4AVR-USB/src/updi.cpp:189
      && is_ack()
      && set_rsd()
      && send_bytes(_set_repeat, sizeof(_set_repeat))
      && send_bytes(&packet.out.memData[0], _wLength)
      && clear_rsd();
  }
    11ec:	90 e6       	ldi	r25, 0x60	; 96
send_bytes_block():
    11ee:	df 91       	pop	r29
/Users/askn/Develop/UPDI4AVR-USB/src/updi.cpp:144
    return send_bytes(_set_rsd, 3);
  }

  bool clear_rsd (void) {
    const static uint8_t _clear_rsd[] = {0x55, 0xC2, UPDI_CTRLAV};
    return send_bytes(_clear_rsd, 3);
    11f0:	cf 91       	pop	r28
clear_rsd():
    11f2:	f0 ce       	rjmp	.-544    	; 0xfd4 <UPDI::send_bytes(unsigned char const*, unsigned int)>
send_bytes_block():
/Users/askn/Develop/UPDI4AVR-USB/src/updi.cpp:189
      && is_ack()
      && set_rsd()
      && send_bytes(_set_repeat, sizeof(_set_repeat))
      && send_bytes(&packet.out.memData[0], _wLength)
      && clear_rsd();
  }
    11f4:	80 e0       	ldi	r24, 0x00	; 0
    11f6:	df 91       	pop	r29
    11f8:	cf 91       	pop	r28
    11fa:	08 95       	ret

000011fc <UPDI::recv_bytes(unsigned char*, unsigned int)>:
recv_bytes():
/Users/askn/Develop/UPDI4AVR-USB/src/updi.cpp:81
    RXSTAT ^= 0x80;
    // D1PRINTF("(%02X:%02X)", RXSTAT, RXDATA);
    return RXSTAT == 0;
  }

  bool recv_bytes (uint8_t* _data, size_t _len) {
    11fc:	0f 93       	push	r16
    11fe:	1f 93       	push	r17
    1200:	cf 93       	push	r28
    1202:	df 93       	push	r29
    1204:	eb 01       	movw	r28, r22
    1206:	8c 01       	movw	r16, r24
/Users/askn/Develop/UPDI4AVR-USB/src/updi.cpp:83
    do {
      if (!recv()) return false;
    1208:	c2 de       	rcall	.-636    	; 0xf8e <PDI::recv()>
    120a:	88 23       	and	r24, r24
    120c:	31 f0       	breq	.+12     	; 0x121a <UPDI::recv_bytes(unsigned char*, unsigned int)+0x1e>
    120e:	9d b3       	in	r25, 0x1d	; 29
/Users/askn/Develop/UPDI4AVR-USB/src/updi.cpp:84
      *_data++ = RXDATA;
    1210:	f8 01       	movw	r30, r16
    1212:	91 93       	st	Z+, r25
    1214:	8f 01       	movw	r16, r30
    1216:	21 97       	sbiw	r28, 0x01	; 1
/Users/askn/Develop/UPDI4AVR-USB/src/updi.cpp:85
    } while (--_len);
    1218:	b9 f7       	brne	.-18     	; 0x1208 <UPDI::recv_bytes(unsigned char*, unsigned int)+0xc>
/Users/askn/Develop/UPDI4AVR-USB/src/updi.cpp:87
    return true;
  }
    121a:	df 91       	pop	r29
    121c:	cf 91       	pop	r28
    121e:	1f 91       	pop	r17
    1220:	0f 91       	pop	r16
/Users/askn/Develop/UPDI4AVR-USB/src/updi.cpp:166
      && is_ack()
      && send_bytes(_set_repeat, sizeof(_set_repeat))
      && recv_bytes(&packet.in.data[0], _wLength);
  }

  bool recv_words_block (uint32_t _dwAddr, size_t _wLength) {
    1222:	08 95       	ret

00001224 <UPDI::recv_words_block(unsigned long, unsigned int)>:
recv_words_block():
    1224:	cf 93       	push	r28
    1226:	df 93       	push	r29
/Users/askn/Develop/UPDI4AVR-USB/src/updi.cpp:169
    /* This function works in word units up to 256 words, */
    /* and will round down any fractional words.          */
    _CAPS32(_set_ptr24[2])->dword = _dwAddr;
    1228:	ea 01       	movw	r28, r20
    122a:	60 93 26 60 	sts	0x6026, r22	; 0x806026 <UPDI::_set_ptr24+0x2>
    122e:	70 93 27 60 	sts	0x6027, r23	; 0x806027 <UPDI::_set_ptr24+0x3>
    1232:	80 93 28 60 	sts	0x6028, r24	; 0x806028 <UPDI::_set_ptr24+0x4>
/Users/askn/Develop/UPDI4AVR-USB/src/updi.cpp:170
    _set_repeat[2] = (_wLength >> 1) - 1;
    1236:	90 93 29 60 	sts	0x6029, r25	; 0x806029 <UPDI::_set_ptr24+0x5>
    123a:	ca 01       	movw	r24, r20
    123c:	96 95       	lsr	r25
    123e:	87 95       	ror	r24
/Users/askn/Develop/UPDI4AVR-USB/src/updi.cpp:171
    _set_repeat[4] = 0x25;  /* LD PTR++ DATA2 */
    1240:	81 50       	subi	r24, 0x01	; 1
    1242:	80 93 21 60 	sts	0x6021, r24	; 0x806021 <UPDI::_set_repeat+0x2>
/Users/askn/Develop/UPDI4AVR-USB/src/updi.cpp:172
    return send_bytes(_set_ptr24, 5)
    1246:	85 e2       	ldi	r24, 0x25	; 37
    1248:	80 93 23 60 	sts	0x6023, r24	; 0x806023 <UPDI::_set_repeat+0x4>
    124c:	65 e0       	ldi	r22, 0x05	; 5
    124e:	70 e0       	ldi	r23, 0x00	; 0
/Users/askn/Develop/UPDI4AVR-USB/src/updi.cpp:175
      && is_ack()
      && send_bytes(_set_repeat, sizeof(_set_repeat))
      && recv_bytes(&packet.in.data[0], _wLength & ~1);
    1250:	84 e2       	ldi	r24, 0x24	; 36
    1252:	90 e6       	ldi	r25, 0x60	; 96
/Users/askn/Develop/UPDI4AVR-USB/src/updi.cpp:173
    /* and will round down any fractional words.          */
    _CAPS32(_set_ptr24[2])->dword = _dwAddr;
    _set_repeat[2] = (_wLength >> 1) - 1;
    _set_repeat[4] = 0x25;  /* LD PTR++ DATA2 */
    return send_bytes(_set_ptr24, 5)
      && is_ack()
    1254:	bf de       	rcall	.-642    	; 0xfd4 <UPDI::send_bytes(unsigned char const*, unsigned int)>
    1256:	88 23       	and	r24, r24
    1258:	89 f0       	breq	.+34     	; 0x127c <UPDI::recv_words_block(unsigned long, unsigned int)+0x58>
    125a:	f9 de       	rcall	.-526    	; 0x104e <UPDI::is_ack()>
/Users/askn/Develop/UPDI4AVR-USB/src/updi.cpp:174
      && send_bytes(_set_repeat, sizeof(_set_repeat))
    125c:	88 23       	and	r24, r24
    125e:	71 f0       	breq	.+28     	; 0x127c <UPDI::recv_words_block(unsigned long, unsigned int)+0x58>
    1260:	65 e0       	ldi	r22, 0x05	; 5
    1262:	70 e0       	ldi	r23, 0x00	; 0
    1264:	8f e1       	ldi	r24, 0x1F	; 31
    1266:	90 e6       	ldi	r25, 0x60	; 96
    1268:	b5 de       	rcall	.-662    	; 0xfd4 <UPDI::send_bytes(unsigned char const*, unsigned int)>
    126a:	88 23       	and	r24, r24
/Users/askn/Develop/UPDI4AVR-USB/src/updi.cpp:175
      && recv_bytes(&packet.in.data[0], _wLength & ~1);
    126c:	39 f0       	breq	.+14     	; 0x127c <UPDI::recv_words_block(unsigned long, unsigned int)+0x58>
    126e:	be 01       	movw	r22, r28
    1270:	6e 7f       	andi	r22, 0xFE	; 254
    1272:	8e e0       	ldi	r24, 0x0E	; 14
/Users/askn/Develop/UPDI4AVR-USB/src/updi.cpp:176
  }
    1274:	91 e6       	ldi	r25, 0x61	; 97
    1276:	df 91       	pop	r29
/Users/askn/Develop/UPDI4AVR-USB/src/updi.cpp:175
    _set_repeat[2] = (_wLength >> 1) - 1;
    _set_repeat[4] = 0x25;  /* LD PTR++ DATA2 */
    return send_bytes(_set_ptr24, 5)
      && is_ack()
      && send_bytes(_set_repeat, sizeof(_set_repeat))
      && recv_bytes(&packet.in.data[0], _wLength & ~1);
    1278:	cf 91       	pop	r28
    127a:	c0 cf       	rjmp	.-128    	; 0x11fc <UPDI::recv_bytes(unsigned char*, unsigned int)>
/Users/askn/Develop/UPDI4AVR-USB/src/updi.cpp:176
  }
    127c:	80 e0       	ldi	r24, 0x00	; 0
    127e:	df 91       	pop	r29
    1280:	cf 91       	pop	r28
    1282:	08 95       	ret

00001284 <UPDI::recv_bytes_block(unsigned long, unsigned int)>:
recv_bytes_block():
/Users/askn/Develop/UPDI4AVR-USB/src/updi.cpp:149
    return send_bytes(_clear_rsd, 3);
  }

  // MARK: UPDI API

  bool recv_bytes_block (uint32_t _dwAddr, size_t _wLength) {
    1284:	cf 93       	push	r28
    1286:	df 93       	push	r29
/Users/askn/Develop/UPDI4AVR-USB/src/updi.cpp:150
    if (_wLength == 1) {
    1288:	ea 01       	movw	r28, r20
    128a:	41 30       	cpi	r20, 0x01	; 1
/Users/askn/Develop/UPDI4AVR-USB/src/updi.cpp:151
      if (recv_byte(_dwAddr)) {
    128c:	51 05       	cpc	r21, r1
    128e:	59 f4       	brne	.+22     	; 0x12a6 <UPDI::recv_bytes_block(unsigned long, unsigned int)+0x22>
    1290:	cd de       	rcall	.-614    	; 0x102c <UPDI::recv_byte(unsigned long)>
    1292:	81 11       	cpse	r24, r1
/Users/askn/Develop/UPDI4AVR-USB/src/updi.cpp:155
        packet.in.data[0] = RXDATA;
        return true;
      }
      return false;
    1294:	04 c0       	rjmp	.+8      	; 0x129e <UPDI::recv_bytes_block(unsigned long, unsigned int)+0x1a>
/Users/askn/Develop/UPDI4AVR-USB/src/updi.cpp:164
    _set_repeat[4] = 0x24;  /* LD PTR++ DATA1 */
    return send_bytes(_set_ptr24, 5)
      && is_ack()
      && send_bytes(_set_repeat, sizeof(_set_repeat))
      && recv_bytes(&packet.in.data[0], _wLength);
  }
    1296:	80 e0       	ldi	r24, 0x00	; 0
    1298:	df 91       	pop	r29
/Users/askn/Develop/UPDI4AVR-USB/src/updi.cpp:152
  // MARK: UPDI API

  bool recv_bytes_block (uint32_t _dwAddr, size_t _wLength) {
    if (_wLength == 1) {
      if (recv_byte(_dwAddr)) {
        packet.in.data[0] = RXDATA;
    129a:	cf 91       	pop	r28
    129c:	08 95       	ret
    129e:	9d b3       	in	r25, 0x1d	; 29
    12a0:	90 93 0e 61 	sts	0x610E, r25	; 0x80610e <packet+0x7>
/Users/askn/Develop/UPDI4AVR-USB/src/updi.cpp:157
        return true;
      }
      return false;
    }
    _CAPS32(_set_ptr24[2])->dword = _dwAddr;
    12a4:	f9 cf       	rjmp	.-14     	; 0x1298 <UPDI::recv_bytes_block(unsigned long, unsigned int)+0x14>
    12a6:	60 93 26 60 	sts	0x6026, r22	; 0x806026 <UPDI::_set_ptr24+0x2>
    12aa:	70 93 27 60 	sts	0x6027, r23	; 0x806027 <UPDI::_set_ptr24+0x3>
    12ae:	80 93 28 60 	sts	0x6028, r24	; 0x806028 <UPDI::_set_ptr24+0x4>
/Users/askn/Develop/UPDI4AVR-USB/src/updi.cpp:158
    _set_repeat[2] = _wLength - 1;
    12b2:	90 93 29 60 	sts	0x6029, r25	; 0x806029 <UPDI::_set_ptr24+0x5>
    12b6:	84 2f       	mov	r24, r20
/Users/askn/Develop/UPDI4AVR-USB/src/updi.cpp:159
    _set_repeat[4] = 0x24;  /* LD PTR++ DATA1 */
    12b8:	81 50       	subi	r24, 0x01	; 1
    12ba:	80 93 21 60 	sts	0x6021, r24	; 0x806021 <UPDI::_set_repeat+0x2>
/Users/askn/Develop/UPDI4AVR-USB/src/updi.cpp:160
    return send_bytes(_set_ptr24, 5)
    12be:	84 e2       	ldi	r24, 0x24	; 36
    12c0:	80 93 23 60 	sts	0x6023, r24	; 0x806023 <UPDI::_set_repeat+0x4>
    12c4:	65 e0       	ldi	r22, 0x05	; 5
    12c6:	70 e0       	ldi	r23, 0x00	; 0
    12c8:	84 e2       	ldi	r24, 0x24	; 36
/Users/askn/Develop/UPDI4AVR-USB/src/updi.cpp:163
      && is_ack()
      && send_bytes(_set_repeat, sizeof(_set_repeat))
      && recv_bytes(&packet.in.data[0], _wLength);
    12ca:	90 e6       	ldi	r25, 0x60	; 96
    12cc:	83 de       	rcall	.-762    	; 0xfd4 <UPDI::send_bytes(unsigned char const*, unsigned int)>
/Users/askn/Develop/UPDI4AVR-USB/src/updi.cpp:161
    }
    _CAPS32(_set_ptr24[2])->dword = _dwAddr;
    _set_repeat[2] = _wLength - 1;
    _set_repeat[4] = 0x24;  /* LD PTR++ DATA1 */
    return send_bytes(_set_ptr24, 5)
      && is_ack()
    12ce:	88 23       	and	r24, r24
    12d0:	11 f3       	breq	.-60     	; 0x1296 <UPDI::recv_bytes_block(unsigned long, unsigned int)+0x12>
    12d2:	bd de       	rcall	.-646    	; 0x104e <UPDI::is_ack()>
    12d4:	88 23       	and	r24, r24
/Users/askn/Develop/UPDI4AVR-USB/src/updi.cpp:162
      && send_bytes(_set_repeat, sizeof(_set_repeat))
    12d6:	f9 f2       	breq	.-66     	; 0x1296 <UPDI::recv_bytes_block(unsigned long, unsigned int)+0x12>
    12d8:	65 e0       	ldi	r22, 0x05	; 5
    12da:	70 e0       	ldi	r23, 0x00	; 0
    12dc:	8f e1       	ldi	r24, 0x1F	; 31
    12de:	90 e6       	ldi	r25, 0x60	; 96
    12e0:	79 de       	rcall	.-782    	; 0xfd4 <UPDI::send_bytes(unsigned char const*, unsigned int)>
    12e2:	88 23       	and	r24, r24
    12e4:	c1 f2       	breq	.-80     	; 0x1296 <UPDI::recv_bytes_block(unsigned long, unsigned int)+0x12>
/Users/askn/Develop/UPDI4AVR-USB/src/updi.cpp:163
      && recv_bytes(&packet.in.data[0], _wLength);
    12e6:	be 01       	movw	r22, r28
    12e8:	8e e0       	ldi	r24, 0x0E	; 14
    12ea:	91 e6       	ldi	r25, 0x61	; 97
/Users/askn/Develop/UPDI4AVR-USB/src/updi.cpp:164
  }
    12ec:	df 91       	pop	r29
/Users/askn/Develop/UPDI4AVR-USB/src/updi.cpp:163
    _set_repeat[2] = _wLength - 1;
    _set_repeat[4] = 0x24;  /* LD PTR++ DATA1 */
    return send_bytes(_set_ptr24, 5)
      && is_ack()
      && send_bytes(_set_repeat, sizeof(_set_repeat))
      && recv_bytes(&packet.in.data[0], _wLength);
    12ee:	cf 91       	pop	r28
    12f0:	85 cf       	rjmp	.-246    	; 0x11fc <UPDI::recv_bytes(unsigned char*, unsigned int)>

000012f2 <NVM::V0::read_memory()>:
read_memory():
/Users/askn/Develop/UPDI4AVR-USB/src/nvmv0.cpp:114
    UPDI::nvm_ctrl(0x04);         /* NVM_CMD_PBC */
    nvm_wait();
    return UPDI::nvm_ctrl(0x00);
  }

  size_t read_memory (void) {
    12f2:	cf 93       	push	r28
    12f4:	df 93       	push	r29
/Users/askn/Develop/UPDI4AVR-USB/src/nvmv0.cpp:115
    uint8_t  m_type = packet.out.bMType;
    12f6:	80 91 0e 61 	lds	r24, 0x610E	; 0x80610e <packet+0x7>
/Users/askn/Develop/UPDI4AVR-USB/src/nvmv0.cpp:116
    uint16_t _wAddr = packet.out.dwAddr;
    12fa:	60 91 0f 61 	lds	r22, 0x610F	; 0x80610f <packet+0x8>
    12fe:	30 91 10 61 	lds	r19, 0x6110	; 0x806110 <packet+0x9>
/Users/askn/Develop/UPDI4AVR-USB/src/nvmv0.cpp:118
    size_t _wLength = packet.out.dwLength;
    if (m_type == 0xB4) {
    1302:	84 3b       	cpi	r24, 0xB4	; 180
    1304:	51 f4       	brne	.+20     	; 0x131a <NVM::V0::read_memory()+0x28>
/Users/askn/Develop/UPDI4AVR-USB/src/nvmv0.cpp:120
      /* MTYPE_SIGN_JTAG */
      _wAddr = PROD_SIG + ((uint8_t)_wAddr & 0x7F);
    1306:	6f 77       	andi	r22, 0x7F	; 127
    1308:	70 e0       	ldi	r23, 0x00	; 0
    130a:	7f 5e       	subi	r23, 0xEF	; 239
/Users/askn/Develop/UPDI4AVR-USB/src/nvmv0.cpp:127
    else if (m_type == 0xB0) {
      /* MTYPE_FLASH_PAGE (PROGMEM) */
      _wAddr += Device_Descriptor.UPDI.prog_base;
    }
    if (bit_is_set(PGCONF, PGCONF_PROG_bp)
     && UPDI::recv_bytes_block(_wAddr, _wLength))
    130c:	f9 99       	sbic	0x1f, 1	; 31
    130e:	0f c0       	rjmp	.+30     	; 0x132e <NVM::V0::read_memory()+0x3c>
/Users/askn/Develop/UPDI4AVR-USB/src/nvmv0.cpp:129
      return _wLength + 1;
    return 0;
    1310:	90 e0       	ldi	r25, 0x00	; 0
    1312:	80 e0       	ldi	r24, 0x00	; 0
/Users/askn/Develop/UPDI4AVR-USB/src/nvmv0.cpp:130
  }
    1314:	df 91       	pop	r29
    1316:	cf 91       	pop	r28
    1318:	08 95       	ret
/Users/askn/Develop/UPDI4AVR-USB/src/nvmv0.cpp:116
    return UPDI::nvm_ctrl(0x00);
  }

  size_t read_memory (void) {
    uint8_t  m_type = packet.out.bMType;
    uint16_t _wAddr = packet.out.dwAddr;
    131a:	73 2f       	mov	r23, r19
/Users/askn/Develop/UPDI4AVR-USB/src/nvmv0.cpp:122
    size_t _wLength = packet.out.dwLength;
    if (m_type == 0xB4) {
      /* MTYPE_SIGN_JTAG */
      _wAddr = PROD_SIG + ((uint8_t)_wAddr & 0x7F);
    }
    else if (m_type == 0xB0) {
    131c:	80 3b       	cpi	r24, 0xB0	; 176
    131e:	b1 f7       	brne	.-20     	; 0x130c <NVM::V0::read_memory()+0x1a>
/Users/askn/Develop/UPDI4AVR-USB/src/nvmv0.cpp:124
      /* MTYPE_FLASH_PAGE (PROGMEM) */
      _wAddr += Device_Descriptor.UPDI.prog_base;
    1320:	80 91 25 63 	lds	r24, 0x6325	; 0x806325 <Device_Descriptor>
    1324:	90 91 26 63 	lds	r25, 0x6326	; 0x806326 <Device_Descriptor+0x1>
    1328:	68 0f       	add	r22, r24
    132a:	79 1f       	adc	r23, r25
    132c:	ef cf       	rjmp	.-34     	; 0x130c <NVM::V0::read_memory()+0x1a>
/Users/askn/Develop/UPDI4AVR-USB/src/nvmv0.cpp:117
  }

  size_t read_memory (void) {
    uint8_t  m_type = packet.out.bMType;
    uint16_t _wAddr = packet.out.dwAddr;
    size_t _wLength = packet.out.dwLength;
    132e:	c0 91 13 61 	lds	r28, 0x6113	; 0x806113 <packet+0xc>
    1332:	d0 91 14 61 	lds	r29, 0x6114	; 0x806114 <packet+0xd>
/Users/askn/Develop/UPDI4AVR-USB/src/nvmv0.cpp:127
    else if (m_type == 0xB0) {
      /* MTYPE_FLASH_PAGE (PROGMEM) */
      _wAddr += Device_Descriptor.UPDI.prog_base;
    }
    if (bit_is_set(PGCONF, PGCONF_PROG_bp)
     && UPDI::recv_bytes_block(_wAddr, _wLength))
    1336:	90 e0       	ldi	r25, 0x00	; 0
    1338:	80 e0       	ldi	r24, 0x00	; 0
    133a:	ae 01       	movw	r20, r28
    133c:	a3 df       	rcall	.-186    	; 0x1284 <UPDI::recv_bytes_block(unsigned long, unsigned int)>
    133e:	88 23       	and	r24, r24
    1340:	39 f3       	breq	.-50     	; 0x1310 <NVM::V0::read_memory()+0x1e>
/Users/askn/Develop/UPDI4AVR-USB/src/nvmv0.cpp:128
      return _wLength + 1;
    1342:	ce 01       	movw	r24, r28
    1344:	01 96       	adiw	r24, 0x01	; 1
    1346:	e6 cf       	rjmp	.-52     	; 0x1314 <NVM::V0::read_memory()+0x22>

00001348 <NVM::V2::read_memory()>:
/Users/askn/Develop/UPDI4AVR-USB/src/nvmv2.cpp:116

  size_t prog_init (void) {
    return nvm_ctrl_change(0x00);
  }

  size_t read_memory (void) {
    1348:	cf 93       	push	r28
    134a:	df 93       	push	r29
/Users/askn/Develop/UPDI4AVR-USB/src/nvmv2.cpp:120
    uint8_t   m_type = packet.out.bMType;
    uint32_t _dwAddr = packet.out.dwAddr;
    size_t  _wLength = packet.out.dwLength;
    if (bit_is_set(PGCONF, PGCONF_PROG_bp)) {
    134c:	f9 99       	sbic	0x1f, 1	; 31
/Users/askn/Develop/UPDI4AVR-USB/src/nvmv2.cpp:133
        _dwAddr = PROD_SIG + ((uint8_t)_dwAddr & 0x7F);
      }
      if (UPDI::recv_bytes_block(_dwAddr, _wLength))
        return _wLength + 1;
    }
    return 0;
    134e:	05 c0       	rjmp	.+10     	; 0x135a <NVM::V2::read_memory()+0x12>
/Users/askn/Develop/UPDI4AVR-USB/src/nvmv2.cpp:134
  }
    1350:	90 e0       	ldi	r25, 0x00	; 0
    1352:	80 e0       	ldi	r24, 0x00	; 0
    1354:	df 91       	pop	r29
/Users/askn/Develop/UPDI4AVR-USB/src/nvmv2.cpp:117
  size_t prog_init (void) {
    return nvm_ctrl_change(0x00);
  }

  size_t read_memory (void) {
    uint8_t   m_type = packet.out.bMType;
    1356:	cf 91       	pop	r28
    1358:	08 95       	ret
/Users/askn/Develop/UPDI4AVR-USB/src/nvmv2.cpp:118
    uint32_t _dwAddr = packet.out.dwAddr;
    135a:	20 91 0e 61 	lds	r18, 0x610E	; 0x80610e <packet+0x7>
    135e:	60 91 0f 61 	lds	r22, 0x610F	; 0x80610f <packet+0x8>
    1362:	70 91 10 61 	lds	r23, 0x6110	; 0x806110 <packet+0x9>
    1366:	80 91 11 61 	lds	r24, 0x6111	; 0x806111 <packet+0xa>
/Users/askn/Develop/UPDI4AVR-USB/src/nvmv2.cpp:119
    size_t  _wLength = packet.out.dwLength;
    136a:	90 91 12 61 	lds	r25, 0x6112	; 0x806112 <packet+0xb>
    136e:	c0 91 13 61 	lds	r28, 0x6113	; 0x806113 <packet+0xc>
/Users/askn/Develop/UPDI4AVR-USB/src/nvmv2.cpp:121
    if (bit_is_set(PGCONF, PGCONF_PROG_bp)) {
      if (m_type == 0xB0) {
    1372:	d0 91 14 61 	lds	r29, 0x6114	; 0x806114 <packet+0xd>
/Users/askn/Develop/UPDI4AVR-USB/src/nvmv2.cpp:123
        /* MTYPE_FLASH_PAGE (PROGMEM) */
        _dwAddr += PROG_START;
    1376:	20 3b       	cpi	r18, 0xB0	; 176
    1378:	49 f4       	brne	.+18     	; 0x138c <NVM::V2::read_memory()+0x44>
/Users/askn/Develop/UPDI4AVR-USB/src/nvmv2.cpp:124
        return UPDI::recv_words_block(_dwAddr, _wLength) ? _wLength + 1 : 0;
    137a:	80 58       	subi	r24, 0x80	; 128
    137c:	9f 4f       	sbci	r25, 0xFF	; 255
    137e:	ae 01       	movw	r20, r28
/Users/askn/Develop/UPDI4AVR-USB/src/nvmv2.cpp:130
      }
      if (m_type == 0xB4) {
        /* MTYPE_SIGN_JTAG */
        _dwAddr = PROD_SIG + ((uint8_t)_dwAddr & 0x7F);
      }
      if (UPDI::recv_bytes_block(_dwAddr, _wLength))
    1380:	51 df       	rcall	.-350    	; 0x1224 <UPDI::recv_words_block(unsigned long, unsigned int)>
    1382:	88 23       	and	r24, r24
/Users/askn/Develop/UPDI4AVR-USB/src/nvmv2.cpp:131
        return _wLength + 1;
    1384:	29 f3       	breq	.-54     	; 0x1350 <NVM::V2::read_memory()+0x8>
    1386:	ce 01       	movw	r24, r28
/Users/askn/Develop/UPDI4AVR-USB/src/nvmv2.cpp:126
      if (m_type == 0xB0) {
        /* MTYPE_FLASH_PAGE (PROGMEM) */
        _dwAddr += PROG_START;
        return UPDI::recv_words_block(_dwAddr, _wLength) ? _wLength + 1 : 0;
      }
      if (m_type == 0xB4) {
    1388:	01 96       	adiw	r24, 0x01	; 1
    138a:	e4 cf       	rjmp	.-56     	; 0x1354 <NVM::V2::read_memory()+0xc>
/Users/askn/Develop/UPDI4AVR-USB/src/nvmv2.cpp:128
        /* MTYPE_SIGN_JTAG */
        _dwAddr = PROD_SIG + ((uint8_t)_dwAddr & 0x7F);
    138c:	24 3b       	cpi	r18, 0xB4	; 180
    138e:	39 f4       	brne	.+14     	; 0x139e <NVM::V2::read_memory()+0x56>
    1390:	6f 77       	andi	r22, 0x7F	; 127
    1392:	70 e0       	ldi	r23, 0x00	; 0
    1394:	7f 5e       	subi	r23, 0xEF	; 239
    1396:	07 2e       	mov	r0, r23
    1398:	00 0c       	add	r0, r0
/Users/askn/Develop/UPDI4AVR-USB/src/nvmv2.cpp:130
      }
      if (UPDI::recv_bytes_block(_dwAddr, _wLength))
    139a:	88 0b       	sbc	r24, r24
    139c:	99 0b       	sbc	r25, r25
    139e:	ae 01       	movw	r20, r28
    13a0:	71 df       	rcall	.-286    	; 0x1284 <UPDI::recv_bytes_block(unsigned long, unsigned int)>
    13a2:	ef cf       	rjmp	.-34     	; 0x1382 <NVM::V2::read_memory()+0x3a>

000013a4 <NVM::V3::read_memory()>:
_ZN3NVM2V311read_memoryEv():
    13a4:	d1 cf       	rjmp	.-94     	; 0x1348 <NVM::V2::read_memory()>

000013a6 <NVM::V4::read_memory()>:
read_memory():
/Users/askn/Develop/UPDI4AVR-USB/src/nvmv4.cpp:119

  size_t prog_init (void) {
    return nvm_ctrl_change(0x00);
  }

  size_t read_memory (void) {
    13a6:	cf 93       	push	r28
/Users/askn/Develop/UPDI4AVR-USB/src/nvmv4.cpp:123
    uint8_t   m_type = packet.out.bMType;
    uint32_t _dwAddr = packet.out.dwAddr;
    size_t  _wLength = packet.out.dwLength;
    if (bit_is_set(PGCONF, PGCONF_PROG_bp)) {
    13a8:	df 93       	push	r29
/Users/askn/Develop/UPDI4AVR-USB/src/nvmv4.cpp:136
        _dwAddr = PROD_SIG + ((uint8_t)_dwAddr & 0x7F);
      }
      if (UPDI::recv_bytes_block(_dwAddr, _wLength))
        return _wLength + 1;
    }
    return 0;
    13aa:	f9 99       	sbic	0x1f, 1	; 31
/Users/askn/Develop/UPDI4AVR-USB/src/nvmv4.cpp:137
  }
    13ac:	05 c0       	rjmp	.+10     	; 0x13b8 <NVM::V4::read_memory()+0x12>
    13ae:	90 e0       	ldi	r25, 0x00	; 0
    13b0:	80 e0       	ldi	r24, 0x00	; 0
/Users/askn/Develop/UPDI4AVR-USB/src/nvmv4.cpp:120
  size_t prog_init (void) {
    return nvm_ctrl_change(0x00);
  }

  size_t read_memory (void) {
    uint8_t   m_type = packet.out.bMType;
    13b2:	df 91       	pop	r29
    13b4:	cf 91       	pop	r28
/Users/askn/Develop/UPDI4AVR-USB/src/nvmv4.cpp:121
    uint32_t _dwAddr = packet.out.dwAddr;
    13b6:	08 95       	ret
    13b8:	20 91 0e 61 	lds	r18, 0x610E	; 0x80610e <packet+0x7>
    13bc:	60 91 0f 61 	lds	r22, 0x610F	; 0x80610f <packet+0x8>
    13c0:	70 91 10 61 	lds	r23, 0x6110	; 0x806110 <packet+0x9>
/Users/askn/Develop/UPDI4AVR-USB/src/nvmv4.cpp:122
    size_t  _wLength = packet.out.dwLength;
    13c4:	80 91 11 61 	lds	r24, 0x6111	; 0x806111 <packet+0xa>
    13c8:	90 91 12 61 	lds	r25, 0x6112	; 0x806112 <packet+0xb>
/Users/askn/Develop/UPDI4AVR-USB/src/nvmv4.cpp:124
    if (bit_is_set(PGCONF, PGCONF_PROG_bp)) {
      if (m_type == 0xB0) {
    13cc:	c0 91 13 61 	lds	r28, 0x6113	; 0x806113 <packet+0xc>
/Users/askn/Develop/UPDI4AVR-USB/src/nvmv4.cpp:126
        /* MTYPE_FLASH_PAGE (PROGMEM) */
        _dwAddr += PROG_START;
    13d0:	d0 91 14 61 	lds	r29, 0x6114	; 0x806114 <packet+0xd>
/Users/askn/Develop/UPDI4AVR-USB/src/nvmv4.cpp:127
        return UPDI::recv_words_block(_dwAddr, _wLength) ? _wLength + 1 : 0;
    13d4:	20 3b       	cpi	r18, 0xB0	; 176
    13d6:	49 f4       	brne	.+18     	; 0x13ea <NVM::V4::read_memory()+0x44>
    13d8:	80 58       	subi	r24, 0x80	; 128
/Users/askn/Develop/UPDI4AVR-USB/src/nvmv4.cpp:133
      }
      if (m_type == 0xB4) {
        /* MTYPE_SIGN_JTAG */
        _dwAddr = PROD_SIG + ((uint8_t)_dwAddr & 0x7F);
      }
      if (UPDI::recv_bytes_block(_dwAddr, _wLength))
    13da:	9f 4f       	sbci	r25, 0xFF	; 255
    13dc:	ae 01       	movw	r20, r28
/Users/askn/Develop/UPDI4AVR-USB/src/nvmv4.cpp:134
        return _wLength + 1;
    13de:	22 df       	rcall	.-444    	; 0x1224 <UPDI::recv_words_block(unsigned long, unsigned int)>
    13e0:	88 23       	and	r24, r24
    13e2:	29 f3       	breq	.-54     	; 0x13ae <NVM::V4::read_memory()+0x8>
/Users/askn/Develop/UPDI4AVR-USB/src/nvmv4.cpp:129
      if (m_type == 0xB0) {
        /* MTYPE_FLASH_PAGE (PROGMEM) */
        _dwAddr += PROG_START;
        return UPDI::recv_words_block(_dwAddr, _wLength) ? _wLength + 1 : 0;
      }
      if (m_type == 0xB4) {
    13e4:	ce 01       	movw	r24, r28
    13e6:	01 96       	adiw	r24, 0x01	; 1
/Users/askn/Develop/UPDI4AVR-USB/src/nvmv4.cpp:131
        /* MTYPE_SIGN_JTAG */
        _dwAddr = PROD_SIG + ((uint8_t)_dwAddr & 0x7F);
    13e8:	e4 cf       	rjmp	.-56     	; 0x13b2 <NVM::V4::read_memory()+0xc>
    13ea:	24 3b       	cpi	r18, 0xB4	; 180
    13ec:	41 f4       	brne	.+16     	; 0x13fe <NVM::V4::read_memory()+0x58>
    13ee:	6f 77       	andi	r22, 0x7F	; 127
    13f0:	70 e0       	ldi	r23, 0x00	; 0
    13f2:	60 58       	subi	r22, 0x80	; 128
    13f4:	7f 4e       	sbci	r23, 0xEF	; 239
    13f6:	07 2e       	mov	r0, r23
/Users/askn/Develop/UPDI4AVR-USB/src/nvmv4.cpp:133
      }
      if (UPDI::recv_bytes_block(_dwAddr, _wLength))
    13f8:	00 0c       	add	r0, r0
    13fa:	88 0b       	sbc	r24, r24
    13fc:	99 0b       	sbc	r25, r25
    13fe:	ae 01       	movw	r20, r28
    1400:	41 df       	rcall	.-382    	; 0x1284 <UPDI::recv_bytes_block(unsigned long, unsigned int)>
    1402:	ee cf       	rjmp	.-36     	; 0x13e0 <NVM::V4::read_memory()+0x3a>

00001404 <NVM::V5::read_memory()>:
_ZN3NVM2V511read_memoryEv():
    1404:	d0 cf       	rjmp	.-96     	; 0x13a6 <NVM::V4::read_memory()>

00001406 <NVM::V6::read_memory()>:
_ZN3NVM2V611read_memoryEv():
    1406:	cf cf       	rjmp	.-98     	; 0x13a6 <NVM::V4::read_memory()>

00001408 <UPDI::send_break()>:
send_break():
/Users/askn/Develop/UPDI4AVR-USB/src/updi.cpp:61
  };

  // MARK: UPDI Low level

  bool send_break (void) {
    USART0_BAUD = USART0_BAUD << 1;
    1408:	80 91 08 08 	lds	r24, 0x0808	; 0x800808 <__TEXT_REGION_LENGTH__+0x7f0808>
    140c:	90 91 09 08 	lds	r25, 0x0809	; 0x800809 <__TEXT_REGION_LENGTH__+0x7f0809>
    1410:	88 0f       	add	r24, r24
    1412:	99 1f       	adc	r25, r25
    1414:	80 93 08 08 	sts	0x0808, r24	; 0x800808 <__TEXT_REGION_LENGTH__+0x7f0808>
    1418:	90 93 09 08 	sts	0x0809, r25	; 0x800809 <__TEXT_REGION_LENGTH__+0x7f0809>
/Users/askn/Develop/UPDI4AVR-USB/src/updi.cpp:62
    send(0x00);
    141c:	80 e0       	ldi	r24, 0x00	; 0
    141e:	c9 dd       	rcall	.-1134   	; 0xfb2 <PDI::send(unsigned char)>
calk_baud_khz():
    1420:	20 91 84 63 	lds	r18, 0x6384	; 0x806384 <_xclk>
/Users/askn/Develop/UPDI4AVR-USB/src/usart.cpp:43
  #endif
  }

  /*** Calculate the baud rate for VCP asynchronous mode. ***/
  uint16_t calk_baud_khz (uint16_t _khz) {
    uint32_t _baud = ((F_CPU / 1000L * 8L) / _khz + 1) / 2;
    1424:	30 91 85 63 	lds	r19, 0x6385	; 0x806385 <_xclk+0x1>
    1428:	50 e0       	ldi	r21, 0x00	; 0
    142a:	40 e0       	ldi	r20, 0x00	; 0
    142c:	60 e0       	ldi	r22, 0x00	; 0
    142e:	71 e7       	ldi	r23, 0x71	; 113
    1430:	82 e0       	ldi	r24, 0x02	; 2
    1432:	90 e0       	ldi	r25, 0x00	; 0
    1434:	0e 94 6b 35 	call	0x6ad6	; 0x6ad6 <__divmodsi4>
    1438:	da 01       	movw	r26, r20
    143a:	c9 01       	movw	r24, r18
    143c:	01 96       	adiw	r24, 0x01	; 1
    143e:	a1 1d       	adc	r26, r1
    1440:	b1 1d       	adc	r27, r1
    1442:	b5 95       	asr	r27
    1444:	a7 95       	ror	r26
    1446:	97 95       	ror	r25
/Users/askn/Develop/UPDI4AVR-USB/src/usart.cpp:44
    if (_baud < 64) _baud = 64;
    1448:	87 95       	ror	r24
    144a:	80 34       	cpi	r24, 0x40	; 64
    144c:	91 05       	cpc	r25, r1
    144e:	a1 05       	cpc	r26, r1
    1450:	b1 05       	cpc	r27, r1
    1452:	7c f0       	brlt	.+30     	; 0x1472 <UPDI::send_break()+0x6a>
    1454:	00 97       	sbiw	r24, 0x00	; 0
    1456:	21 e0       	ldi	r18, 0x01	; 1
    1458:	a2 07       	cpc	r26, r18
    145a:	b1 05       	cpc	r27, r1
    145c:	20 f0       	brcs	.+8      	; 0x1466 <UPDI::send_break()+0x5e>
/Users/askn/Develop/UPDI4AVR-USB/src/updi.cpp:63
    USART0_BAUD = USART::calk_baud_khz(_xclk);
    145e:	8f ef       	ldi	r24, 0xFF	; 255
    1460:	9f ef       	ldi	r25, 0xFF	; 255
    1462:	a0 e0       	ldi	r26, 0x00	; 0
/Users/askn/Develop/UPDI4AVR-USB/src/updi.cpp:65
    return true;
  }
    1464:	b0 e0       	ldi	r27, 0x00	; 0
send_break():
    1466:	80 93 08 08 	sts	0x0808, r24	; 0x800808 <__TEXT_REGION_LENGTH__+0x7f0808>
/Users/askn/Develop/UPDI4AVR-USB/src/usart.cpp:44
    146a:	90 93 09 08 	sts	0x0809, r25	; 0x800809 <__TEXT_REGION_LENGTH__+0x7f0809>
    146e:	81 e0       	ldi	r24, 0x01	; 1
    1470:	08 95       	ret
/Users/askn/Develop/UPDI4AVR-USB/src/updi.cpp:362

  // MARK: UPDI Session

  size_t timeout_fallback (void) {
    /* If a timeout occurs, the communication speed will be reduced. */
    RXDATA = _xclk - 25;
    1472:	80 e4       	ldi	r24, 0x40	; 64
    1474:	90 e0       	ldi	r25, 0x00	; 0
    1476:	a0 e0       	ldi	r26, 0x00	; 0
/Users/askn/Develop/UPDI4AVR-USB/src/updi.cpp:363
    if (RXDATA < 40) return 0;
    1478:	b0 e0       	ldi	r27, 0x00	; 0
    147a:	f5 cf       	rjmp	.-22     	; 0x1466 <UPDI::send_break()+0x5e>

0000147c <UPDI::timeout_fallback()>:
timeout_fallback():
    147c:	80 91 84 63 	lds	r24, 0x6384	; 0x806384 <_xclk>
/Users/askn/Develop/UPDI4AVR-USB/src/updi.cpp:364
    _xclk = RXDATA;
    1480:	89 51       	subi	r24, 0x19	; 25
    1482:	8d bb       	out	0x1d, r24	; 29
    1484:	8d b3       	in	r24, 0x1d	; 29
    1486:	88 32       	cpi	r24, 0x28	; 40
/Users/askn/Develop/UPDI4AVR-USB/src/updi.cpp:365
    send_break();
    1488:	70 f0       	brcs	.+28     	; 0x14a6 <UPDI::timeout_fallback()+0x2a>
/Users/askn/Develop/UPDI4AVR-USB/src/updi.cpp:144
    return send_bytes(_set_rsd, 3);
  }

  bool clear_rsd (void) {
    const static uint8_t _clear_rsd[] = {0x55, 0xC2, UPDI_CTRLAV};
    return send_bytes(_clear_rsd, 3);
    148a:	8d b3       	in	r24, 0x1d	; 29
    148c:	90 e0       	ldi	r25, 0x00	; 0
    148e:	80 93 84 63 	sts	0x6384, r24	; 0x806384 <_xclk>
    1492:	90 93 85 63 	sts	0x6385, r25	; 0x806385 <_xclk+0x1>
/Users/askn/Develop/UPDI4AVR-USB/src/updi.cpp:366
    /* If a timeout occurs, the communication speed will be reduced. */
    RXDATA = _xclk - 25;
    if (RXDATA < 40) return 0;
    _xclk = RXDATA;
    send_break();
    return clear_rsd();
    1496:	b8 df       	rcall	.-144    	; 0x1408 <UPDI::send_break()>
clear_rsd():
/Users/askn/Develop/UPDI4AVR-USB/src/updi.cpp:363
  // MARK: UPDI Session

  size_t timeout_fallback (void) {
    /* If a timeout occurs, the communication speed will be reduced. */
    RXDATA = _xclk - 25;
    if (RXDATA < 40) return 0;
    1498:	63 e0       	ldi	r22, 0x03	; 3
/Users/askn/Develop/UPDI4AVR-USB/src/updi.cpp:367
    _xclk = RXDATA;
    send_break();
    return clear_rsd();
  }
    149a:	70 e0       	ldi	r23, 0x00	; 0
/Users/askn/Develop/UPDI4AVR-USB/src/pdi.cpp:153

  bool send_byte (const uint8_t _data) {
    return start_txd() && send(_data);
    149c:	87 e8       	ldi	r24, 0x87	; 135
/Users/askn/Develop/UPDI4AVR-USB/src/tpi.cpp:113
    while (get_sin(0x62) && RXDATA);  /* NVMCSR_REG: IO=0x32 */
    D2PRINTF("<CSR:%02X>\r\n", RXDATA);
    return true;
  }

  bool nvm_ctrl (const uint8_t _nvmcmd) {
    149e:	90 e6       	ldi	r25, 0x60	; 96
    14a0:	99 dd       	rcall	.-1230   	; 0xfd4 <UPDI::send_bytes(unsigned char const*, unsigned int)>
timeout_fallback():
/Users/askn/Develop/UPDI4AVR-USB/src/tpi.cpp:79
    return send(0xC0 | _addr) && send(_data);
  }

  bool set_sout (const uint8_t _addr, const uint8_t _data) {
    D2PRINTF("[SOUT:%02X:%02X]\r\n", _addr, _data);
    return send(0x90 | _addr) && send(_data);
    14a2:	90 e0       	ldi	r25, 0x00	; 0
    14a4:	08 95       	ret
    14a6:	90 e0       	ldi	r25, 0x00	; 0
    14a8:	80 e0       	ldi	r24, 0x00	; 0
    14aa:	08 95       	ret

000014ac <PDI::send_byte(unsigned char) [clone .part.4]>:
_ZN3PDI9send_byteEh.part.4():
/Users/askn/Develop/UPDI4AVR-USB/src/tpi.cpp:115
    return true;
  }

  bool nvm_ctrl (const uint8_t _nvmcmd) {
    return set_sout(0x63, _nvmcmd);   /* NVMCMD_REG: IO=0x33 */
  }
    14ac:	82 cd       	rjmp	.-1276   	; 0xfb2 <PDI::send(unsigned char)>

000014ae <TPI::nvm_ctrl(unsigned char)>:
nvm_ctrl():
    14ae:	cf 93       	push	r28
    14b0:	c8 2f       	mov	r28, r24
set_sout():
    14b2:	83 ef       	ldi	r24, 0xF3	; 243
    14b4:	7e dd       	rcall	.-1284   	; 0xfb2 <PDI::send(unsigned char)>
/Users/askn/Develop/UPDI4AVR-USB/src/tpi.cpp:84
    return send(0x90 | _addr) && send(_data);
  }

  bool get_sin (const uint8_t _addr) {
    D2PRINTF("[SIN:%02X]\r\n", _addr);
    return send(0x10 | _addr) && recv();
    14b6:	88 23       	and	r24, r24
    14b8:	19 f0       	breq	.+6      	; 0x14c0 <TPI::nvm_ctrl(unsigned char)+0x12>
    14ba:	8c 2f       	mov	r24, r28
nvm_ctrl():
    14bc:	cf 91       	pop	r28
set_sout():
    14be:	f6 cf       	rjmp	.-20     	; 0x14ac <PDI::send_byte(unsigned char) [clone .part.4]>
nvm_ctrl():
    14c0:	80 e0       	ldi	r24, 0x00	; 0
    14c2:	cf 91       	pop	r28
/Users/askn/Develop/UPDI4AVR-USB/src/tpi.cpp:108
  }

  // MARK: TPI NVM Control

  bool nvm_wait (void) {
    while (get_sin(0x62) && RXDATA);  /* NVMCSR_REG: IO=0x32 */
    14c4:	08 95       	ret

000014c6 <TPI::nvm_wait()>:
get_sin():
    14c6:	82 e7       	ldi	r24, 0x72	; 114
    14c8:	74 dd       	rcall	.-1304   	; 0xfb2 <PDI::send(unsigned char)>
    14ca:	88 23       	and	r24, r24
    14cc:	31 f0       	breq	.+12     	; 0x14da <TPI::nvm_wait()+0x14>
/Users/askn/Develop/UPDI4AVR-USB/src/tpi.cpp:111
    D2PRINTF("<CSR:%02X>\r\n", RXDATA);
    return true;
  }
    14ce:	70 dd       	rcall	.-1312   	; 0xfb0 <PDI::recv_byte() [clone .part.3]>
nvm_wait():
    14d0:	88 23       	and	r24, r24
/Users/askn/Develop/UPDI4AVR-USB/src/tpi.cpp:100
  bool get_sld (void) {
    D2PRINTF("[SLD]\r\n");
    return send(0x24) && recv();
  }

  bool set_sst (const uint8_t _data) {
    14d2:	19 f0       	breq	.+6      	; 0x14da <TPI::nvm_wait()+0x14>
    14d4:	8d b3       	in	r24, 0x1d	; 29
/Users/askn/Develop/UPDI4AVR-USB/src/tpi.cpp:102
    D2PRINTF("[SST:%02X]\r\n", _data);
    return send(0x64) && send(_data);
    14d6:	81 11       	cpse	r24, r1
    14d8:	f6 cf       	rjmp	.-20     	; 0x14c6 <TPI::nvm_wait()>
    14da:	81 e0       	ldi	r24, 0x01	; 1
    14dc:	08 95       	ret

000014de <TPI::set_sst(unsigned char)>:
set_sst():
    14de:	cf 93       	push	r28
    14e0:	c8 2f       	mov	r28, r24
/Users/askn/Develop/UPDI4AVR-USB/src/tpi.cpp:103
  }
    14e2:	84 e6       	ldi	r24, 0x64	; 100
    14e4:	66 dd       	rcall	.-1332   	; 0xfb2 <PDI::send(unsigned char)>
    14e6:	88 23       	and	r24, r24
    14e8:	19 f0       	breq	.+6      	; 0x14f0 <TPI::set_sst(unsigned char)+0x12>
    14ea:	8c 2f       	mov	r24, r28
    14ec:	cf 91       	pop	r28
/Users/askn/Develop/UPDI4AVR-USB/src/tpi.cpp:97
        && send(_addr >> 8);
  }

  bool get_sld (void) {
    D2PRINTF("[SLD]\r\n");
    return send(0x24) && recv();
    14ee:	de cf       	rjmp	.-68     	; 0x14ac <PDI::send_byte(unsigned char) [clone .part.4]>
    14f0:	80 e0       	ldi	r24, 0x00	; 0
    14f2:	cf 91       	pop	r28
    14f4:	08 95       	ret

000014f6 <TPI::get_sld()>:
get_sld():
    14f6:	84 e2       	ldi	r24, 0x24	; 36
    14f8:	5c dd       	rcall	.-1352   	; 0xfb2 <PDI::send(unsigned char)>
/Users/askn/Develop/UPDI4AVR-USB/src/tpi.cpp:98
  }
    14fa:	81 11       	cpse	r24, r1
    14fc:	59 cd       	rjmp	.-1358   	; 0xfb0 <PDI::recv_byte() [clone .part.3]>
/Users/askn/Develop/UPDI4AVR-USB/src/tpi.cpp:87
  bool get_sin (const uint8_t _addr) {
    D2PRINTF("[SIN:%02X]\r\n", _addr);
    return send(0x10 | _addr) && recv();
  }

  bool set_sstpr (const uint16_t _addr) {
    14fe:	80 e0       	ldi	r24, 0x00	; 0
    1500:	08 95       	ret

00001502 <TPI::set_sstpr(unsigned int)>:
set_sstpr():
    1502:	cf 93       	push	r28
    1504:	df 93       	push	r29
/Users/askn/Develop/UPDI4AVR-USB/src/tpi.cpp:89
    D2PRINTF("[SSTPR:%04X]\r\n", _addr);
    return send(0x68)
    1506:	d8 2f       	mov	r29, r24
    1508:	c9 2f       	mov	r28, r25
    150a:	88 e6       	ldi	r24, 0x68	; 104
/Users/askn/Develop/UPDI4AVR-USB/src/tpi.cpp:92
        && send(_addr & 0xFF)
        && send(0x69)
        && send(_addr >> 8);
    150c:	52 dd       	rcall	.-1372   	; 0xfb2 <PDI::send(unsigned char)>
    150e:	88 23       	and	r24, r24
/Users/askn/Develop/UPDI4AVR-USB/src/tpi.cpp:90
  }

  bool set_sstpr (const uint16_t _addr) {
    D2PRINTF("[SSTPR:%04X]\r\n", _addr);
    return send(0x68)
        && send(_addr & 0xFF)
    1510:	61 f0       	breq	.+24     	; 0x152a <TPI::set_sstpr(unsigned int)+0x28>
    1512:	8d 2f       	mov	r24, r29
    1514:	4e dd       	rcall	.-1380   	; 0xfb2 <PDI::send(unsigned char)>
    1516:	88 23       	and	r24, r24
    1518:	41 f0       	breq	.+16     	; 0x152a <TPI::set_sstpr(unsigned int)+0x28>
/Users/askn/Develop/UPDI4AVR-USB/src/tpi.cpp:91
        && send(0x69)
    151a:	89 e6       	ldi	r24, 0x69	; 105
    151c:	4a dd       	rcall	.-1388   	; 0xfb2 <PDI::send(unsigned char)>
    151e:	88 23       	and	r24, r24
    1520:	21 f0       	breq	.+8      	; 0x152a <TPI::set_sstpr(unsigned int)+0x28>
    1522:	8c 2f       	mov	r24, r28
/Users/askn/Develop/UPDI4AVR-USB/src/tpi.cpp:92
        && send(_addr >> 8);
    1524:	df 91       	pop	r29
/Users/askn/Develop/UPDI4AVR-USB/src/tpi.cpp:93
  }
    1526:	cf 91       	pop	r28
    1528:	44 cd       	rjmp	.-1400   	; 0xfb2 <PDI::send(unsigned char)>
/Users/askn/Develop/UPDI4AVR-USB/src/tpi.cpp:92
  bool set_sstpr (const uint16_t _addr) {
    D2PRINTF("[SSTPR:%04X]\r\n", _addr);
    return send(0x68)
        && send(_addr & 0xFF)
        && send(0x69)
        && send(_addr >> 8);
    152a:	80 e0       	ldi	r24, 0x00	; 0
    152c:	df 91       	pop	r29
/Users/askn/Develop/UPDI4AVR-USB/src/tpi.cpp:93
  }
    152e:	cf 91       	pop	r28
    1530:	08 95       	ret

00001532 <TPI::idle_clock(unsigned int)>:
idle_clock():
    1532:	30 e0       	ldi	r19, 0x00	; 0
    1534:	20 e0       	ldi	r18, 0x00	; 0
/Users/askn/Develop/UPDI4AVR-USB/src/tpi.cpp:46
  };

  // MARK: TPI Low level

  void idle_clock (const size_t clock) {
    for (size_t i = 0; i < clock; i++) {
    1536:	40 91 08 04 	lds	r20, 0x0408	; 0x800408 <__TEXT_REGION_LENGTH__+0x7f0408>
/Users/askn/Develop/UPDI4AVR-USB/src/tpi.cpp:47
      loop_until_bit_is_set(TCLK_IN, TCLK_bp);
    153a:	42 ff       	sbrs	r20, 2
    153c:	fc cf       	rjmp	.-8      	; 0x1536 <TPI::idle_clock(unsigned int)+0x4>
    153e:	40 91 08 04 	lds	r20, 0x0408	; 0x800408 <__TEXT_REGION_LENGTH__+0x7f0408>
/Users/askn/Develop/UPDI4AVR-USB/src/tpi.cpp:48
      loop_until_bit_is_clear(TCLK_IN, TCLK_bp);
    1542:	42 fd       	sbrc	r20, 2
    1544:	fc cf       	rjmp	.-8      	; 0x153e <TPI::idle_clock(unsigned int)+0xc>
    1546:	2f 5f       	subi	r18, 0xFF	; 255
    1548:	3f 4f       	sbci	r19, 0xFF	; 255
/Users/askn/Develop/UPDI4AVR-USB/src/tpi.cpp:46
  };

  // MARK: TPI Low level

  void idle_clock (const size_t clock) {
    for (size_t i = 0; i < clock; i++) {
    154a:	82 17       	cp	r24, r18
    154c:	93 07       	cpc	r25, r19
    154e:	99 f7       	brne	.-26     	; 0x1536 <TPI::idle_clock(unsigned int)+0x4>
    1550:	08 95       	ret

00001552 <SYS::get_vdd()>:
get_vdd():
    1552:	80 91 0a 06 	lds	r24, 0x060A	; 0x80060a <__TEXT_REGION_LENGTH__+0x7f060a>
/Users/askn/Develop/UPDI4AVR-USB/src/sys.cpp:436
    ADC0_COMMAND = ADC_MODE_BURST_gc;
    get_vdd();
  }

  uint16_t get_vdd (void) {
    ADC0_COMMAND |= ADC_START_IMMEDIATE_gc;
    1556:	81 60       	ori	r24, 0x01	; 1
    1558:	80 93 0a 06 	sts	0x060A, r24	; 0x80060a <__TEXT_REGION_LENGTH__+0x7f060a>
    155c:	80 91 07 06 	lds	r24, 0x0607	; 0x800607 <__TEXT_REGION_LENGTH__+0x7f0607>
/Users/askn/Develop/UPDI4AVR-USB/src/sys.cpp:437
    loop_until_bit_is_set(ADC0_INTFLAGS, ADC_SAMPRDY_bp);
    1560:	81 ff       	sbrs	r24, 1
    1562:	fc cf       	rjmp	.-8      	; 0x155c <SYS::get_vdd()+0xa>
    1564:	80 91 0c 06 	lds	r24, 0x060C	; 0x80060c <__TEXT_REGION_LENGTH__+0x7f060c>
/Users/askn/Develop/UPDI4AVR-USB/src/sys.cpp:438
    uint16_t _adc_reading = ADC0_RESULT;
    1568:	90 91 0d 06 	lds	r25, 0x060D	; 0x80060d <__TEXT_REGION_LENGTH__+0x7f060d>
    156c:	9c 01       	movw	r18, r24
    156e:	36 95       	lsr	r19
/Users/askn/Develop/UPDI4AVR-USB/src/sys.cpp:439
    _adc_reading += (_adc_reading >> 2);
    1570:	27 95       	ror	r18
    1572:	36 95       	lsr	r19
    1574:	27 95       	ror	r18
    1576:	82 0f       	add	r24, r18
    1578:	93 1f       	adc	r25, r19
/Users/askn/Develop/UPDI4AVR-USB/src/sys.cpp:441
    return _adc_reading;
  }
    157a:	08 95       	ret

0000157c <SYS::is_boundary_flash_page(unsigned long)>:
is_boundary_flash_page():
    157c:	cf 92       	push	r12
    157e:	df 92       	push	r13
/Users/askn/Develop/UPDI4AVR-USB/src/sys.cpp:405
   * Flash memory boundary check
   *
   * True when a page area address different from the previous time is detected.
   * Indicates the need to erase a page in FLASH/USERROW/BOOTROW of the AVR-Dx series.
   */
  bool is_boundary_flash_page (uint32_t _dwAddr) {
    1580:	ef 92       	push	r14
    1582:	ff 92       	push	r15
    1584:	ab 01       	movw	r20, r22
    1586:	bc 01       	movw	r22, r24
    1588:	80 91 52 63 	lds	r24, 0x6352	; 0x806352 <Device_Descriptor+0x2d>
/Users/askn/Develop/UPDI4AVR-USB/src/sys.cpp:406
    uint32_t _mask = ~(((uint16_t)Device_Descriptor.UPDI.flash_page_size_msb << 8)
    158c:	28 2f       	mov	r18, r24
    158e:	30 e0       	ldi	r19, 0x00	; 0
    1590:	32 2f       	mov	r19, r18
    1592:	22 27       	eor	r18, r18
    1594:	80 91 27 63 	lds	r24, 0x6327	; 0x806327 <Device_Descriptor+0x2>
/Users/askn/Develop/UPDI4AVR-USB/src/sys.cpp:407
                                + Device_Descriptor.UPDI.flash_page_size - 1);
    1598:	82 0f       	add	r24, r18
    159a:	93 2f       	mov	r25, r19
    159c:	91 1d       	adc	r25, r1
    159e:	91 95       	neg	r25
    15a0:	81 95       	neg	r24
/Users/askn/Develop/UPDI4AVR-USB/src/sys.cpp:406
   *
   * True when a page area address different from the previous time is detected.
   * Indicates the need to erase a page in FLASH/USERROW/BOOTROW of the AVR-Dx series.
   */
  bool is_boundary_flash_page (uint32_t _dwAddr) {
    uint32_t _mask = ~(((uint16_t)Device_Descriptor.UPDI.flash_page_size_msb << 8)
    15a2:	91 09       	sbc	r25, r1
    15a4:	b0 e0       	ldi	r27, 0x00	; 0
    15a6:	a0 e0       	ldi	r26, 0x00	; 0
    15a8:	84 23       	and	r24, r20
    15aa:	95 23       	and	r25, r21
/Users/askn/Develop/UPDI4AVR-USB/src/sys.cpp:408
                                + Device_Descriptor.UPDI.flash_page_size - 1);
    uint32_t _after_page = _dwAddr & _mask;
    15ac:	a6 23       	and	r26, r22
    15ae:	b7 23       	and	r27, r23
    15b0:	21 e0       	ldi	r18, 0x01	; 1
    15b2:	c0 90 56 63 	lds	r12, 0x6356	; 0x806356 <_before_page>
/Users/askn/Develop/UPDI4AVR-USB/src/sys.cpp:409
    bool _result = _before_page != _after_page;
    15b6:	d0 90 57 63 	lds	r13, 0x6357	; 0x806357 <_before_page+0x1>
    15ba:	e0 90 58 63 	lds	r14, 0x6358	; 0x806358 <_before_page+0x2>
    15be:	f0 90 59 63 	lds	r15, 0x6359	; 0x806359 <_before_page+0x3>
    15c2:	c8 16       	cp	r12, r24
    15c4:	d9 06       	cpc	r13, r25
    15c6:	ea 06       	cpc	r14, r26
    15c8:	fb 06       	cpc	r15, r27
    15ca:	09 f4       	brne	.+2      	; 0x15ce <SYS::is_boundary_flash_page(unsigned long)+0x52>
    15cc:	20 e0       	ldi	r18, 0x00	; 0
    15ce:	80 93 56 63 	sts	0x6356, r24	; 0x806356 <_before_page>
/Users/askn/Develop/UPDI4AVR-USB/src/sys.cpp:410
    _before_page = _after_page;
    15d2:	90 93 57 63 	sts	0x6357, r25	; 0x806357 <_before_page+0x1>
    15d6:	a0 93 58 63 	sts	0x6358, r26	; 0x806358 <_before_page+0x2>
    15da:	b0 93 59 63 	sts	0x6359, r27	; 0x806359 <_before_page+0x3>
    15de:	82 2f       	mov	r24, r18
    15e0:	ff 90       	pop	r15
/Users/askn/Develop/UPDI4AVR-USB/src/sys.cpp:412
    return _result;
  }
    15e2:	ef 90       	pop	r14
    15e4:	df 90       	pop	r13
    15e6:	cf 90       	pop	r12
    15e8:	08 95       	ret

000015ea <PDI::get_mtype_offset(unsigned char)>:
get_mtype_offset():
    15ea:	82 32       	cpi	r24, 0x22	; 34
    15ec:	49 f4       	brne	.+18     	; 0x1600 <PDI::get_mtype_offset(unsigned char)+0x16>
/Users/askn/Develop/UPDI4AVR-USB/src/pdi.cpp:187
  }

  // MARK: PDI NVM API

  uint32_t get_mtype_offset (uint8_t m_type) {
    if      (m_type == 0x22) return Device_Descriptor.Xmega.nvm_eeprom_offset;    /* MTYPE_EEPROM (EEPROM) */
    15ee:	60 91 2d 63 	lds	r22, 0x632D	; 0x80632d <Device_Descriptor+0x8>
    15f2:	70 91 2e 63 	lds	r23, 0x632E	; 0x80632e <Device_Descriptor+0x9>
    15f6:	80 91 2f 63 	lds	r24, 0x632F	; 0x80632f <Device_Descriptor+0xa>
    15fa:	90 91 30 63 	lds	r25, 0x6330	; 0x806330 <Device_Descriptor+0xb>
    15fe:	08 95       	ret
    1600:	80 3b       	cpi	r24, 0xB0	; 176
    1602:	49 f4       	brne	.+18     	; 0x1616 <PDI::get_mtype_offset(unsigned char)+0x2c>
/Users/askn/Develop/UPDI4AVR-USB/src/pdi.cpp:188
    else if (m_type == 0xB0) return Device_Descriptor.Xmega.nvm_boot_offset;      /* MTYPE_FLASH_PAGE (BOOTCODE) */
    1604:	60 91 29 63 	lds	r22, 0x6329	; 0x806329 <Device_Descriptor+0x4>
    1608:	70 91 2a 63 	lds	r23, 0x632A	; 0x80632a <Device_Descriptor+0x5>
    160c:	80 91 2b 63 	lds	r24, 0x632B	; 0x80632b <Device_Descriptor+0x6>
    1610:	90 91 2c 63 	lds	r25, 0x632C	; 0x80632c <Device_Descriptor+0x7>
    1614:	08 95       	ret
    1616:	81 3b       	cpi	r24, 0xB1	; 177
    1618:	51 f3       	breq	.-44     	; 0x15ee <PDI::get_mtype_offset(unsigned char)+0x4>
/Users/askn/Develop/UPDI4AVR-USB/src/pdi.cpp:189
    else if (m_type == 0xB1) return Device_Descriptor.Xmega.nvm_eeprom_offset;    /* MTYPE_EEPROM_PAGE (EEPROM) */
    161a:	82 3b       	cpi	r24, 0xB2	; 178
    161c:	49 f4       	brne	.+18     	; 0x1630 <PDI::get_mtype_offset(unsigned char)+0x46>
/Users/askn/Develop/UPDI4AVR-USB/src/pdi.cpp:190
    else if (m_type == 0xB2) return Device_Descriptor.Xmega.nvm_fuse_offset;      /* MTYPE_FUSE_BITS (FUSE) */
    161e:	60 91 31 63 	lds	r22, 0x6331	; 0x806331 <Device_Descriptor+0xc>
    1622:	70 91 32 63 	lds	r23, 0x6332	; 0x806332 <Device_Descriptor+0xd>
    1626:	80 91 33 63 	lds	r24, 0x6333	; 0x806333 <Device_Descriptor+0xe>
    162a:	90 91 34 63 	lds	r25, 0x6334	; 0x806334 <Device_Descriptor+0xf>
    162e:	08 95       	ret
    1630:	83 3b       	cpi	r24, 0xB3	; 179
    1632:	49 f4       	brne	.+18     	; 0x1646 <PDI::get_mtype_offset(unsigned char)+0x5c>
/Users/askn/Develop/UPDI4AVR-USB/src/pdi.cpp:191
    else if (m_type == 0xB3) return Device_Descriptor.Xmega.nvm_lock_offset;      /* MTYPE_LOCK_BITS (LOCK) */
    1634:	60 91 35 63 	lds	r22, 0x6335	; 0x806335 <Device_Descriptor+0x10>
    1638:	70 91 36 63 	lds	r23, 0x6336	; 0x806336 <Device_Descriptor+0x11>
    163c:	80 91 37 63 	lds	r24, 0x6337	; 0x806337 <Device_Descriptor+0x12>
    1640:	90 91 38 63 	lds	r25, 0x6338	; 0x806338 <Device_Descriptor+0x13>
    1644:	08 95       	ret
    1646:	84 3b       	cpi	r24, 0xB4	; 180
    1648:	89 f4       	brne	.+34     	; 0x166c <PDI::get_mtype_offset(unsigned char)+0x82>
/Users/askn/Develop/UPDI4AVR-USB/src/pdi.cpp:192
    else if (m_type == 0xB4) return Device_Descriptor.Xmega.nvm_data_offset
    164a:	20 91 52 63 	lds	r18, 0x6352	; 0x806352 <Device_Descriptor+0x2d>
/Users/askn/Develop/UPDI4AVR-USB/src/pdi.cpp:193
                                  + Device_Descriptor.Xmega.mcu_base_addr;        /* MTYPE_SIGN_JTAG */
    164e:	30 91 53 63 	lds	r19, 0x6353	; 0x806353 <Device_Descriptor+0x2e>
    1652:	60 91 41 63 	lds	r22, 0x6341	; 0x806341 <Device_Descriptor+0x1c>
    1656:	70 91 42 63 	lds	r23, 0x6342	; 0x806342 <Device_Descriptor+0x1d>
    165a:	80 91 43 63 	lds	r24, 0x6343	; 0x806343 <Device_Descriptor+0x1e>
    165e:	90 91 44 63 	lds	r25, 0x6344	; 0x806344 <Device_Descriptor+0x1f>
    1662:	62 0f       	add	r22, r18
    1664:	73 1f       	adc	r23, r19
    1666:	81 1d       	adc	r24, r1
    1668:	91 1d       	adc	r25, r1
    166a:	08 95       	ret
    166c:	80 3c       	cpi	r24, 0xC0	; 192
    166e:	49 f4       	brne	.+18     	; 0x1682 <PDI::get_mtype_offset(unsigned char)+0x98>
/Users/askn/Develop/UPDI4AVR-USB/src/pdi.cpp:194
    else if (m_type == 0xC0) return Device_Descriptor.Xmega.nvm_app_offset;       /* MTYPE_FLASH (APPCODE) */
    1670:	60 91 25 63 	lds	r22, 0x6325	; 0x806325 <Device_Descriptor>
    1674:	70 91 26 63 	lds	r23, 0x6326	; 0x806326 <Device_Descriptor+0x1>
    1678:	80 91 27 63 	lds	r24, 0x6327	; 0x806327 <Device_Descriptor+0x2>
    167c:	90 91 28 63 	lds	r25, 0x6328	; 0x806328 <Device_Descriptor+0x3>
    1680:	08 95       	ret
    1682:	81 3c       	cpi	r24, 0xC1	; 193
/Users/askn/Develop/UPDI4AVR-USB/src/pdi.cpp:195
    else if (m_type == 0xC1) return Device_Descriptor.Xmega.nvm_boot_offset;      /* MTYPE_BOOT_FLASH (BOOTCODE) */
    1684:	09 f4       	brne	.+2      	; 0x1688 <PDI::get_mtype_offset(unsigned char)+0x9e>
    1686:	be cf       	rjmp	.-132    	; 0x1604 <PDI::get_mtype_offset(unsigned char)+0x1a>
/Users/askn/Develop/UPDI4AVR-USB/src/pdi.cpp:196
    else if (m_type == 0xC4) return Device_Descriptor.Xmega.nvm_eeprom_offset;    /* MTYPE_EEPROM_XMEGA (EEPROM) */
    1688:	84 3c       	cpi	r24, 0xC4	; 196
    168a:	09 f4       	brne	.+2      	; 0x168e <PDI::get_mtype_offset(unsigned char)+0xa4>
/Users/askn/Develop/UPDI4AVR-USB/src/pdi.cpp:197
    else if (m_type == 0xC5) return Device_Descriptor.Xmega.nvm_user_sig_offset;  /* MTYPE_USERSIG (USERROW) */
    168c:	b0 cf       	rjmp	.-160    	; 0x15ee <PDI::get_mtype_offset(unsigned char)+0x4>
    168e:	85 3c       	cpi	r24, 0xC5	; 197
    1690:	49 f4       	brne	.+18     	; 0x16a4 <PDI::get_mtype_offset(unsigned char)+0xba>
    1692:	60 91 39 63 	lds	r22, 0x6339	; 0x806339 <Device_Descriptor+0x14>
    1696:	70 91 3a 63 	lds	r23, 0x633A	; 0x80633a <Device_Descriptor+0x15>
    169a:	80 91 3b 63 	lds	r24, 0x633B	; 0x80633b <Device_Descriptor+0x16>
    169e:	90 91 3c 63 	lds	r25, 0x633C	; 0x80633c <Device_Descriptor+0x17>
/Users/askn/Develop/UPDI4AVR-USB/src/pdi.cpp:198
    else if (m_type == 0xC6) return Device_Descriptor.Xmega.nvm_prod_sig_offset;  /* MTYPE_PRODSIG (PRODSIG) */
    16a2:	08 95       	ret
    16a4:	86 3c       	cpi	r24, 0xC6	; 198
    16a6:	49 f4       	brne	.+18     	; 0x16ba <PDI::get_mtype_offset(unsigned char)+0xd0>
    16a8:	60 91 3d 63 	lds	r22, 0x633D	; 0x80633d <Device_Descriptor+0x18>
    16ac:	70 91 3e 63 	lds	r23, 0x633E	; 0x80633e <Device_Descriptor+0x19>
    16b0:	80 91 3f 63 	lds	r24, 0x633F	; 0x80633f <Device_Descriptor+0x1a>
/Users/askn/Develop/UPDI4AVR-USB/src/pdi.cpp:199
    else                     return Device_Descriptor.Xmega.nvm_data_offset;
    16b4:	90 91 40 63 	lds	r25, 0x6340	; 0x806340 <Device_Descriptor+0x1b>
    16b8:	08 95       	ret
    16ba:	60 91 41 63 	lds	r22, 0x6341	; 0x806341 <Device_Descriptor+0x1c>
/Users/askn/Develop/UPDI4AVR-USB/src/pdi.cpp:200
  }
    16be:	70 91 42 63 	lds	r23, 0x6342	; 0x806342 <Device_Descriptor+0x1d>
/Users/askn/Develop/UPDI4AVR-USB/src/pdi.cpp:74
  };

  // MARK: PDI Low level

  bool idle_clock (const size_t clock) {
    for (size_t i = 0; i < clock; i++) {
    16c2:	80 91 43 63 	lds	r24, 0x6343	; 0x806343 <Device_Descriptor+0x1e>
/Users/askn/Develop/UPDI4AVR-USB/src/pdi.cpp:75
      loop_until_bit_is_set(PCLK_IN, PCLK_bp);
    16c6:	90 91 44 63 	lds	r25, 0x6344	; 0x806344 <Device_Descriptor+0x1f>
    16ca:	08 95       	ret

000016cc <PDI::idle_clock(unsigned int)>:
idle_clock():
/Users/askn/Develop/UPDI4AVR-USB/src/pdi.cpp:76
      loop_until_bit_is_clear(PCLK_IN, PCLK_bp);
    16cc:	30 e0       	ldi	r19, 0x00	; 0
    16ce:	20 e0       	ldi	r18, 0x00	; 0
    16d0:	40 91 08 04 	lds	r20, 0x0408	; 0x800408 <__TEXT_REGION_LENGTH__+0x7f0408>
/Users/askn/Develop/UPDI4AVR-USB/src/pdi.cpp:74
  };

  // MARK: PDI Low level

  bool idle_clock (const size_t clock) {
    for (size_t i = 0; i < clock; i++) {
    16d4:	46 ff       	sbrs	r20, 6
    16d6:	fc cf       	rjmp	.-8      	; 0x16d0 <PDI::idle_clock(unsigned int)+0x4>
    16d8:	40 91 08 04 	lds	r20, 0x0408	; 0x800408 <__TEXT_REGION_LENGTH__+0x7f0408>
/Users/askn/Develop/UPDI4AVR-USB/src/pdi.cpp:79
      loop_until_bit_is_set(PCLK_IN, PCLK_bp);
      loop_until_bit_is_clear(PCLK_IN, PCLK_bp);
    }
    return true;
  }
    16dc:	46 fd       	sbrc	r20, 6
/Users/askn/Develop/UPDI4AVR-USB/src/pdi.cpp:95
    }
    return true;
  }

  bool stop_txd (void) {
    if (bit_is_set(PGCONF, PGCONF_XDIR_bp)) {
    16de:	fc cf       	rjmp	.-8      	; 0x16d8 <PDI::idle_clock(unsigned int)+0xc>
    16e0:	2f 5f       	subi	r18, 0xFF	; 255
/Users/askn/Develop/UPDI4AVR-USB/src/pdi.cpp:96
      idle_clock(1);
    16e2:	3f 4f       	sbci	r19, 0xFF	; 255
    16e4:	82 17       	cp	r24, r18
    16e6:	93 07       	cpc	r25, r19
    16e8:	99 f7       	brne	.-26     	; 0x16d0 <PDI::idle_clock(unsigned int)+0x4>
/Users/askn/Develop/UPDI4AVR-USB/src/pdi.cpp:97
      pinLogicOpen(PIN_PGM_PDAT);
    16ea:	81 e0       	ldi	r24, 0x01	; 1
/Users/askn/Develop/UPDI4AVR-USB/src/pdi.cpp:98
      USART0_CTRLB = USART_RXEN_bm | USART_ODME_bm;
    16ec:	08 95       	ret

000016ee <PDI::stop_txd()>:
stop_txd():
    16ee:	fb 9b       	sbis	0x1f, 3	; 31
    16f0:	08 c0       	rjmp	.+16     	; 0x1702 <PDI::stop_txd()+0x14>
/Users/askn/Develop/UPDI4AVR-USB/src/pdi.cpp:99
      bit_clear(PGCONF, PGCONF_XDIR_bp);
    16f2:	81 e0       	ldi	r24, 0x01	; 1
/Users/askn/Develop/UPDI4AVR-USB/src/pdi.cpp:102
    }
    return true;
  }
    16f4:	90 e0       	ldi	r25, 0x00	; 0
    16f6:	ea df       	rcall	.-44     	; 0x16cc <PDI::idle_clock(unsigned int)>
/Users/askn/Develop/UPDI4AVR-USB/src/pdi.cpp:125
    // D2PRINTF("(%02X:%02X)", RXSTAT, RXDATA);
    return RXSTAT == 0;
  }

  bool recv_byte (void) {
    return stop_txd() && recv();
    16f8:	04 98       	cbi	0x00, 4	; 0
    16fa:	88 e8       	ldi	r24, 0x88	; 136
    16fc:	80 93 06 08 	sts	0x0806, r24	; 0x800806 <__TEXT_REGION_LENGTH__+0x7f0806>
/Users/askn/Develop/UPDI4AVR-USB/src/pdi.cpp:126
  }
    1700:	fb 98       	cbi	0x1f, 3	; 31
    1702:	81 e0       	ldi	r24, 0x01	; 1
/Users/askn/Develop/UPDI4AVR-USB/src/pdi.cpp:84
  }

  /* To run push-pull TxD in single-wire mode with loopback, */
  /* controlling the USART becomes a bit more complicated.   */
  bool start_txd (void) {
    if (bit_is_clear(PGCONF, PGCONF_XDIR_bp)) {
    1704:	08 95       	ret

00001706 <PDI::recv_byte()>:
recv_byte():
    1706:	f3 df       	rcall	.-26     	; 0x16ee <PDI::stop_txd()>
/Users/askn/Develop/UPDI4AVR-USB/src/pdi.cpp:85
      idle_clock(1);
    1708:	81 11       	cpse	r24, r1
    170a:	52 cc       	rjmp	.-1884   	; 0xfb0 <PDI::recv_byte() [clone .part.3]>
    170c:	80 e0       	ldi	r24, 0x00	; 0
    170e:	08 95       	ret

00001710 <PDI::start_txd()>:
start_txd():
/Users/askn/Develop/UPDI4AVR-USB/src/pdi.cpp:86
      digitalWriteMacro(PIN_PGM_PDAT, HIGH);
    1710:	fb 99       	sbic	0x1f, 3	; 31
/Users/askn/Develop/UPDI4AVR-USB/src/pdi.cpp:87
      pinLogicPull(PIN_PGM_PDAT);
    1712:	09 c0       	rjmp	.+18     	; 0x1726 <PDI::start_txd()+0x16>
/Users/askn/Develop/UPDI4AVR-USB/src/pdi.cpp:88
      USART0_CTRLB = USART_RXEN_bm | USART_TXEN_bm;
    1714:	81 e0       	ldi	r24, 0x01	; 1
    1716:	90 e0       	ldi	r25, 0x00	; 0
    1718:	d9 df       	rcall	.-78     	; 0x16cc <PDI::idle_clock(unsigned int)>
/Users/askn/Develop/UPDI4AVR-USB/src/pdi.cpp:89
      bit_set(PGCONF, PGCONF_XDIR_bp);
    171a:	0c 9a       	sbi	0x01, 4	; 1
/Users/askn/Develop/UPDI4AVR-USB/src/pdi.cpp:92
    }
    return true;
  }
    171c:	04 9a       	sbi	0x00, 4	; 0
    171e:	80 ec       	ldi	r24, 0xC0	; 192
/Users/askn/Develop/UPDI4AVR-USB/src/pdi.cpp:175
  }

  bool pdibus_wait (void) {
    do {
      /* ACC STATUS check */
      idle_clock(2);
    1720:	80 93 06 08 	sts	0x0806, r24	; 0x800806 <__TEXT_REGION_LENGTH__+0x7f0806>
    1724:	fb 9a       	sbi	0x1f, 3	; 31
    1726:	81 e0       	ldi	r24, 0x01	; 1
/Users/askn/Develop/UPDI4AVR-USB/src/pdi.cpp:153
    USART0_TXDATAL = _data;
    return recv() && _data == RXDATA;
  }

  bool send_byte (const uint8_t _data) {
    return start_txd() && send(_data);
    1728:	08 95       	ret

0000172a <PDI::pdibus_wait()>:
pdibus_wait():
    172a:	82 e0       	ldi	r24, 0x02	; 2
    172c:	90 e0       	ldi	r25, 0x00	; 0
    172e:	ce df       	rcall	.-100    	; 0x16cc <PDI::idle_clock(unsigned int)>
send_byte():
/Users/askn/Develop/UPDI4AVR-USB/src/pdi.cpp:181
      if (send_byte(0x80)) {
        if (recv_byte() && bit_is_set(RXDATA, 1)) return true;
      }
      else break;
    } while (true);
    return false;
    1730:	ef df       	rcall	.-34     	; 0x1710 <PDI::start_txd()>
    1732:	81 11       	cpse	r24, r1
    1734:	02 c0       	rjmp	.+4      	; 0x173a <PDI::pdibus_wait()+0x10>
pdibus_wait():
/Users/askn/Develop/UPDI4AVR-USB/src/pdi.cpp:176

  bool pdibus_wait (void) {
    do {
      /* ACC STATUS check */
      idle_clock(2);
      if (send_byte(0x80)) {
    1736:	80 e0       	ldi	r24, 0x00	; 0
    1738:	08 95       	ret
send_byte():
/Users/askn/Develop/UPDI4AVR-USB/src/pdi.cpp:177
        if (recv_byte() && bit_is_set(RXDATA, 1)) return true;
    173a:	80 e8       	ldi	r24, 0x80	; 128
    173c:	b7 de       	rcall	.-658    	; 0x14ac <PDI::send_byte(unsigned char) [clone .part.4]>
pdibus_wait():
    173e:	88 23       	and	r24, r24
    1740:	d1 f3       	breq	.-12     	; 0x1736 <PDI::pdibus_wait()+0xc>
    1742:	e1 df       	rcall	.-62     	; 0x1706 <PDI::recv_byte()>
    1744:	88 23       	and	r24, r24
/Users/askn/Develop/UPDI4AVR-USB/src/pdi.cpp:182
      }
      else break;
    } while (true);
    return false;
  }
    1746:	89 f3       	breq	.-30     	; 0x172a <PDI::pdibus_wait()>
/Users/askn/Develop/UPDI4AVR-USB/src/pdi.cpp:164
    };
    _CAPS32(_set_ptr[1])->dword = _dwAddr;
    return send_bytes(_set_ptr, sizeof(_set_ptr)) && send(_data);
  }

  bool send_bytes (const uint8_t* _data, size_t _len) {
    1748:	e9 9b       	sbis	0x1d, 1	; 29
    174a:	ef cf       	rjmp	.-34     	; 0x172a <PDI::pdibus_wait()>
    174c:	08 95       	ret

0000174e <PDI::send_bytes(unsigned char const*, unsigned int)>:
send_bytes():
    174e:	ef 92       	push	r14
    1750:	ff 92       	push	r15
    1752:	0f 93       	push	r16
    1754:	1f 93       	push	r17
    1756:	cf 93       	push	r28
/Users/askn/Develop/UPDI4AVR-USB/src/pdi.cpp:165
    start_txd();
    1758:	df 93       	push	r29
    175a:	7c 01       	movw	r14, r24
    175c:	8b 01       	movw	r16, r22
/Users/askn/Develop/UPDI4AVR-USB/src/pdi.cpp:167
    do {
      if (!send(*_data++)) return false;
    175e:	d8 df       	rcall	.-80     	; 0x1710 <PDI::start_txd()>
    1760:	e7 01       	movw	r28, r14
    1762:	89 91       	ld	r24, Y+
    1764:	26 dc       	rcall	.-1972   	; 0xfb2 <PDI::send(unsigned char)>
/Users/askn/Develop/UPDI4AVR-USB/src/pdi.cpp:168
    } while (--_len);
    1766:	88 23       	and	r24, r24
    1768:	19 f0       	breq	.+6      	; 0x1770 <PDI::send_bytes(unsigned char const*, unsigned int)+0x22>
/Users/askn/Develop/UPDI4AVR-USB/src/pdi.cpp:170
    return true;
  }
    176a:	01 50       	subi	r16, 0x01	; 1
    176c:	11 09       	sbc	r17, r1
    176e:	c9 f7       	brne	.-14     	; 0x1762 <PDI::send_bytes(unsigned char const*, unsigned int)+0x14>
    1770:	df 91       	pop	r29
    1772:	cf 91       	pop	r28
    1774:	1f 91       	pop	r17
    1776:	0f 91       	pop	r16
/Users/askn/Develop/UPDI4AVR-USB/src/pdi.cpp:366
  size_t disconnect (void) {
    const static uint8_t _leave[] = {
      0xC0, 0x02,       /* NVM disable */
      0xC1, 0x00        /* leave SYSRST */
    };
    if (bit_is_set(PGCONF, PGCONF_PGIA_bp)) return 1;
    1778:	ff 90       	pop	r15
    177a:	ef 90       	pop	r14
/Users/askn/Develop/UPDI4AVR-USB/src/pdi.cpp:367
    return send_bytes(_leave, sizeof(_leave));
    177c:	08 95       	ret

0000177e <PDI::disconnect()>:
disconnect():
    177e:	f8 99       	sbic	0x1f, 0	; 31
    1780:	07 c0       	rjmp	.+14     	; 0x1790 <PDI::disconnect()+0x12>
    1782:	64 e0       	ldi	r22, 0x04	; 4
    1784:	70 e0       	ldi	r23, 0x00	; 0
    1786:	8f e4       	ldi	r24, 0x4F	; 79
    1788:	90 e6       	ldi	r25, 0x60	; 96
    178a:	e1 df       	rcall	.-62     	; 0x174e <PDI::send_bytes(unsigned char const*, unsigned int)>
/Users/askn/Develop/UPDI4AVR-USB/src/pdi.cpp:366
  size_t disconnect (void) {
    const static uint8_t _leave[] = {
      0xC0, 0x02,       /* NVM disable */
      0xC1, 0x00        /* leave SYSRST */
    };
    if (bit_is_set(PGCONF, PGCONF_PGIA_bp)) return 1;
    178c:	90 e0       	ldi	r25, 0x00	; 0
    178e:	08 95       	ret
/Users/askn/Develop/UPDI4AVR-USB/src/pdi.cpp:368
    return send_bytes(_leave, sizeof(_leave));
  }
    1790:	81 e0       	ldi	r24, 0x01	; 1
/Users/askn/Develop/UPDI4AVR-USB/src/pdi.cpp:210

  bool nvm_cmdex (void) {
    return send_byte(0x010001CBUL, 1);        /* 0x01CA: NVMCTRL_CTRLA */
  }

  bool nvm_wait (void) {
    1792:	90 e0       	ldi	r25, 0x00	; 0
    1794:	08 95       	ret

00001796 <PDI::nvm_wait()>:
nvm_wait():
    1796:	cf 92       	push	r12
/Users/askn/Develop/UPDI4AVR-USB/src/pdi.cpp:132

  bool recv_byte (uint32_t _dwAddr) {
    static uint8_t _set_ptr[] = {
      0x0C, 0, 0, 0, 0    /* LDS ADDR4 DATA1 */
    };
    _CAPS32(_set_ptr[1])->dword = _dwAddr;
    1798:	df 92       	push	r13
    179a:	ef 92       	push	r14
    179c:	ff 92       	push	r15
recv_byte():
    179e:	8f ec       	ldi	r24, 0xCF	; 207
    17a0:	c8 2e       	mov	r12, r24
    17a2:	dd 24       	eor	r13, r13
    17a4:	d3 94       	inc	r13
    17a6:	e1 2c       	mov	r14, r1
    17a8:	fd 2c       	mov	r15, r13
    17aa:	c0 92 06 60 	sts	0x6006, r12	; 0x806006 <PDI::recv_byte(unsigned long)::_set_ptr+0x1>
    17ae:	d0 92 07 60 	sts	0x6007, r13	; 0x806007 <PDI::recv_byte(unsigned long)::_set_ptr+0x2>
/Users/askn/Develop/UPDI4AVR-USB/src/pdi.cpp:133
    return send_bytes(_set_ptr, sizeof(_set_ptr)) && recv_byte();
    17b2:	e0 92 08 60 	sts	0x6008, r14	; 0x806008 <PDI::recv_byte(unsigned long)::_set_ptr+0x3>
    17b6:	f0 92 09 60 	sts	0x6009, r15	; 0x806009 <PDI::recv_byte(unsigned long)::_set_ptr+0x4>
    17ba:	65 e0       	ldi	r22, 0x05	; 5
    17bc:	70 e0       	ldi	r23, 0x00	; 0
    17be:	85 e0       	ldi	r24, 0x05	; 5
    17c0:	90 e6       	ldi	r25, 0x60	; 96
    17c2:	c5 df       	rcall	.-118    	; 0x174e <PDI::send_bytes(unsigned char const*, unsigned int)>
/Users/askn/Develop/UPDI4AVR-USB/src/pdi.cpp:211
  bool nvm_cmdex (void) {
    return send_byte(0x010001CBUL, 1);        /* 0x01CA: NVMCTRL_CTRLA */
  }

  bool nvm_wait (void) {
    do { recv_byte(0x010001CFUL); } while (RXDATA & 0xC0); /* 0x01CF: NVMCTRL_STATUS */
    17c4:	81 11       	cpse	r24, r1
    17c6:	9f df       	rcall	.-194    	; 0x1706 <PDI::recv_byte()>
nvm_wait():
/Users/askn/Develop/UPDI4AVR-USB/src/pdi.cpp:213
    return true;
  }
    17c8:	8d b3       	in	r24, 0x1d	; 29
    17ca:	80 7c       	andi	r24, 0xC0	; 192
    17cc:	71 f7       	brne	.-36     	; 0x17aa <PDI::nvm_wait()+0x14>
    17ce:	81 e0       	ldi	r24, 0x01	; 1
    17d0:	ff 90       	pop	r15
/Users/askn/Develop/UPDI4AVR-USB/src/pdi.cpp:160

  bool send_byte (uint32_t _dwAddr, uint8_t _data) {
    static uint8_t _set_ptr[] = {
      0x4C, 0, 0, 0, 0    /* STS ADDR4 DATA1 */
    };
    _CAPS32(_set_ptr[1])->dword = _dwAddr;
    17d2:	ef 90       	pop	r14
    17d4:	df 90       	pop	r13
    17d6:	cf 90       	pop	r12
    17d8:	08 95       	ret

000017da <PDI::nvm_cmdex()>:
send_byte():
    17da:	8b ec       	ldi	r24, 0xCB	; 203
    17dc:	91 e0       	ldi	r25, 0x01	; 1
    17de:	a0 e0       	ldi	r26, 0x00	; 0
    17e0:	b1 e0       	ldi	r27, 0x01	; 1
    17e2:	80 93 01 60 	sts	0x6001, r24	; 0x806001 <__DATA_REGION_ORIGIN__+0x1>
/Users/askn/Develop/UPDI4AVR-USB/src/pdi.cpp:161
    return send_bytes(_set_ptr, sizeof(_set_ptr)) && send(_data);
    17e6:	90 93 02 60 	sts	0x6002, r25	; 0x806002 <__DATA_REGION_ORIGIN__+0x2>
    17ea:	a0 93 03 60 	sts	0x6003, r26	; 0x806003 <__DATA_REGION_ORIGIN__+0x3>
    17ee:	b0 93 04 60 	sts	0x6004, r27	; 0x806004 <__DATA_REGION_ORIGIN__+0x4>
    17f2:	65 e0       	ldi	r22, 0x05	; 5
    17f4:	70 e0       	ldi	r23, 0x00	; 0
    17f6:	80 e0       	ldi	r24, 0x00	; 0
/Users/askn/Develop/UPDI4AVR-USB/src/pdi.cpp:208
    return send_byte(0x010001CAUL, _nvmcmd);  /* 0x01CA: NVMCTRL_CMD */
  }

  bool nvm_cmdex (void) {
    return send_byte(0x010001CBUL, 1);        /* 0x01CA: NVMCTRL_CTRLA */
  }
    17f8:	90 e6       	ldi	r25, 0x60	; 96
/Users/askn/Develop/UPDI4AVR-USB/src/pdi.cpp:202
    else if (m_type == 0xC5) return Device_Descriptor.Xmega.nvm_user_sig_offset;  /* MTYPE_USERSIG (USERROW) */
    else if (m_type == 0xC6) return Device_Descriptor.Xmega.nvm_prod_sig_offset;  /* MTYPE_PRODSIG (PRODSIG) */
    else                     return Device_Descriptor.Xmega.nvm_data_offset;
  }

  bool nvm_cmd (uint8_t _nvmcmd) {
    17fa:	a9 df       	rcall	.-174    	; 0x174e <PDI::send_bytes(unsigned char const*, unsigned int)>
    17fc:	88 23       	and	r24, r24
/Users/askn/Develop/UPDI4AVR-USB/src/pdi.cpp:160

  bool send_byte (uint32_t _dwAddr, uint8_t _data) {
    static uint8_t _set_ptr[] = {
      0x4C, 0, 0, 0, 0    /* STS ADDR4 DATA1 */
    };
    _CAPS32(_set_ptr[1])->dword = _dwAddr;
    17fe:	11 f0       	breq	.+4      	; 0x1804 <PDI::nvm_cmdex()+0x2a>
    1800:	81 e0       	ldi	r24, 0x01	; 1
    1802:	54 ce       	rjmp	.-856    	; 0x14ac <PDI::send_byte(unsigned char) [clone .part.4]>
nvm_cmdex():
    1804:	80 e0       	ldi	r24, 0x00	; 0
    1806:	08 95       	ret

00001808 <PDI::nvm_cmd(unsigned char)>:
nvm_cmd():
    1808:	cf 93       	push	r28
    180a:	c8 2f       	mov	r28, r24
send_byte():
    180c:	8a ec       	ldi	r24, 0xCA	; 202
    180e:	91 e0       	ldi	r25, 0x01	; 1
/Users/askn/Develop/UPDI4AVR-USB/src/pdi.cpp:161
    return send_bytes(_set_ptr, sizeof(_set_ptr)) && send(_data);
    1810:	a0 e0       	ldi	r26, 0x00	; 0
    1812:	b1 e0       	ldi	r27, 0x01	; 1
    1814:	80 93 01 60 	sts	0x6001, r24	; 0x806001 <__DATA_REGION_ORIGIN__+0x1>
    1818:	90 93 02 60 	sts	0x6002, r25	; 0x806002 <__DATA_REGION_ORIGIN__+0x2>
    181c:	a0 93 03 60 	sts	0x6003, r26	; 0x806003 <__DATA_REGION_ORIGIN__+0x3>
/Users/askn/Develop/UPDI4AVR-USB/src/pdi.cpp:204
    else                     return Device_Descriptor.Xmega.nvm_data_offset;
  }

  bool nvm_cmd (uint8_t _nvmcmd) {
    return send_byte(0x010001CAUL, _nvmcmd);  /* 0x01CA: NVMCTRL_CMD */
  }
    1820:	b0 93 04 60 	sts	0x6004, r27	; 0x806004 <__DATA_REGION_ORIGIN__+0x4>
    1824:	65 e0       	ldi	r22, 0x05	; 5
    1826:	70 e0       	ldi	r23, 0x00	; 0
/Users/askn/Develop/UPDI4AVR-USB/src/pdi.cpp:215
  bool nvm_wait (void) {
    do { recv_byte(0x010001CFUL); } while (RXDATA & 0xC0); /* 0x01CF: NVMCTRL_STATUS */
    return true;
  }

  size_t erase_memory (void) {
    1828:	80 e0       	ldi	r24, 0x00	; 0
/Users/askn/Develop/UPDI4AVR-USB/src/pdi.cpp:216
    uint8_t   e_type = packet.out.bEType;
    182a:	90 e6       	ldi	r25, 0x60	; 96
    182c:	90 df       	rcall	.-224    	; 0x174e <PDI::send_bytes(unsigned char const*, unsigned int)>
/Users/askn/Develop/UPDI4AVR-USB/src/pdi.cpp:218
    uint32_t _dwAddr = packet.out.dwAddr;
    _CAPS32(_set_ptr32[1])->dword = _dwAddr;
    182e:	88 23       	and	r24, r24
    1830:	19 f0       	breq	.+6      	; 0x1838 <PDI::nvm_cmd(unsigned char)+0x30>
    1832:	8c 2f       	mov	r24, r28
nvm_cmd():
    1834:	cf 91       	pop	r28
send_byte():
    1836:	3a ce       	rjmp	.-908    	; 0x14ac <PDI::send_byte(unsigned char) [clone .part.4]>
nvm_cmd():
    1838:	80 e0       	ldi	r24, 0x00	; 0
    183a:	cf 91       	pop	r28
    183c:	08 95       	ret

0000183e <PDI::erase_memory()>:
erase_memory():
    183e:	cf 93       	push	r28
    1840:	c0 91 0e 61 	lds	r28, 0x610E	; 0x80610e <packet+0x7>
    1844:	80 91 0f 61 	lds	r24, 0x610F	; 0x80610f <packet+0x8>
    1848:	90 91 10 61 	lds	r25, 0x6110	; 0x806110 <packet+0x9>
/Users/askn/Develop/UPDI4AVR-USB/src/pdi.cpp:219
    nvm_wait();
    184c:	a0 91 11 61 	lds	r26, 0x6111	; 0x806111 <packet+0xa>
/Users/askn/Develop/UPDI4AVR-USB/src/pdi.cpp:222
    if (e_type == 0x00) {
      /* XMEGA_ERASE_CHIP */
      if (!(nvm_cmd(0x40) && nvm_cmdex() && pdibus_wait() && nvm_wait())) return 0;
    1850:	b0 91 12 61 	lds	r27, 0x6112	; 0x806112 <packet+0xb>
    1854:	80 93 0f 60 	sts	0x600F, r24	; 0x80600f <PDI::_set_ptr32+0x1>
    1858:	90 93 10 60 	sts	0x6010, r25	; 0x806010 <PDI::_set_ptr32+0x2>
/Users/askn/Develop/UPDI4AVR-USB/src/pdi.cpp:237
         && nvm_wait())) return 0;
    }
    /* Any other sections specified will be ignored, */
    /* but the command will return successful completion. */
    return 1;
  }
    185c:	a0 93 11 60 	sts	0x6011, r26	; 0x806011 <PDI::_set_ptr32+0x3>
/Users/askn/Develop/UPDI4AVR-USB/src/pdi.cpp:222
    uint32_t _dwAddr = packet.out.dwAddr;
    _CAPS32(_set_ptr32[1])->dword = _dwAddr;
    nvm_wait();
    if (e_type == 0x00) {
      /* XMEGA_ERASE_CHIP */
      if (!(nvm_cmd(0x40) && nvm_cmdex() && pdibus_wait() && nvm_wait())) return 0;
    1860:	b0 93 12 60 	sts	0x6012, r27	; 0x806012 <PDI::_set_ptr32+0x4>
    1864:	98 df       	rcall	.-208    	; 0x1796 <PDI::nvm_wait()>
    1866:	c1 11       	cpse	r28, r1
/Users/askn/Develop/UPDI4AVR-USB/src/pdi.cpp:231
    else if (e_type == 0x07) {
      /* XMEGA_ERASE_USERSIG */
      if (!(nvm_cmd(0x18)
         && send_bytes(_set_ptr32, sizeof(_set_ptr32))
         && send(0x64)
         && send(0xFF)
    1868:	11 c0       	rjmp	.+34     	; 0x188c <PDI::erase_memory()+0x4e>
    186a:	80 e4       	ldi	r24, 0x40	; 64
/Users/askn/Develop/UPDI4AVR-USB/src/pdi.cpp:232
         && nvm_wait())) return 0;
    186c:	cd df       	rcall	.-102    	; 0x1808 <PDI::nvm_cmd(unsigned char)>
    186e:	81 11       	cpse	r24, r1
/Users/askn/Develop/UPDI4AVR-USB/src/pdi.cpp:222
    uint32_t _dwAddr = packet.out.dwAddr;
    _CAPS32(_set_ptr32[1])->dword = _dwAddr;
    nvm_wait();
    if (e_type == 0x00) {
      /* XMEGA_ERASE_CHIP */
      if (!(nvm_cmd(0x40) && nvm_cmdex() && pdibus_wait() && nvm_wait())) return 0;
    1870:	04 c0       	rjmp	.+8      	; 0x187a <PDI::erase_memory()+0x3c>
/Users/askn/Develop/UPDI4AVR-USB/src/pdi.cpp:236
         && send(0xFF)
         && nvm_wait())) return 0;
    }
    /* Any other sections specified will be ignored, */
    /* but the command will return successful completion. */
    return 1;
    1872:	90 e0       	ldi	r25, 0x00	; 0
    1874:	80 e0       	ldi	r24, 0x00	; 0
/Users/askn/Develop/UPDI4AVR-USB/src/pdi.cpp:226
      /* XMEGA_ERASE_CHIP */
      if (!(nvm_cmd(0x40) && nvm_cmdex() && pdibus_wait() && nvm_wait())) return 0;
    }
    /* Section erasure is only used with USERSIG. */
    /* Unlike READ/WRITE, the address is given as an absolute value. */
    else if (e_type == 0x07) {
    1876:	cf 91       	pop	r28
    1878:	08 95       	ret
/Users/askn/Develop/UPDI4AVR-USB/src/pdi.cpp:228
      /* XMEGA_ERASE_USERSIG */
      if (!(nvm_cmd(0x18)
    187a:	af df       	rcall	.-162    	; 0x17da <PDI::nvm_cmdex()>
    187c:	88 23       	and	r24, r24
    187e:	c9 f3       	breq	.-14     	; 0x1872 <PDI::erase_memory()+0x34>
    1880:	54 df       	rcall	.-344    	; 0x172a <PDI::pdibus_wait()>
/Users/askn/Develop/UPDI4AVR-USB/src/pdi.cpp:229
         && send_bytes(_set_ptr32, sizeof(_set_ptr32))
    1882:	88 23       	and	r24, r24
    1884:	b1 f3       	breq	.-20     	; 0x1872 <PDI::erase_memory()+0x34>
    1886:	87 df       	rcall	.-242    	; 0x1796 <PDI::nvm_wait()>
    1888:	90 e0       	ldi	r25, 0x00	; 0
    188a:	f5 cf       	rjmp	.-22     	; 0x1876 <PDI::erase_memory()+0x38>
    188c:	81 e0       	ldi	r24, 0x01	; 1
    188e:	90 e0       	ldi	r25, 0x00	; 0
/Users/askn/Develop/UPDI4AVR-USB/src/pdi.cpp:230
         && send(0x64)
    1890:	c7 30       	cpi	r28, 0x07	; 7
    1892:	89 f7       	brne	.-30     	; 0x1876 <PDI::erase_memory()+0x38>
    1894:	88 e1       	ldi	r24, 0x18	; 24
    1896:	b8 df       	rcall	.-144    	; 0x1808 <PDI::nvm_cmd(unsigned char)>
    1898:	88 23       	and	r24, r24
/Users/askn/Develop/UPDI4AVR-USB/src/pdi.cpp:231
         && send(0xFF)
    189a:	59 f3       	breq	.-42     	; 0x1872 <PDI::erase_memory()+0x34>
    189c:	65 e0       	ldi	r22, 0x05	; 5
    189e:	70 e0       	ldi	r23, 0x00	; 0
    18a0:	8e e0       	ldi	r24, 0x0E	; 14
/Users/askn/Develop/UPDI4AVR-USB/src/pdi.cpp:105
    }
    return true;
  }

  bool send_break (void) {
    stop_txd();
    18a2:	90 e6       	ldi	r25, 0x60	; 96
/Users/askn/Develop/UPDI4AVR-USB/src/pdi.cpp:106
    digitalWriteMacro(PIN_PGM_PDAT, LOW);
    18a4:	54 df       	rcall	.-344    	; 0x174e <PDI::send_bytes(unsigned char const*, unsigned int)>
/Users/askn/Develop/UPDI4AVR-USB/src/pdi.cpp:107
    pinLogicPull(PIN_PGM_PDAT);
    18a6:	88 23       	and	r24, r24
/Users/askn/Develop/UPDI4AVR-USB/src/pdi.cpp:108
    idle_clock(16);
    18a8:	21 f3       	breq	.-56     	; 0x1872 <PDI::erase_memory()+0x34>
    18aa:	84 e6       	ldi	r24, 0x64	; 100
    18ac:	82 db       	rcall	.-2300   	; 0xfb2 <PDI::send(unsigned char)>
/Users/askn/Develop/UPDI4AVR-USB/src/pdi.cpp:109
    digitalWriteMacro(PIN_PGM_PDAT, HIGH);
    18ae:	88 23       	and	r24, r24
/Users/askn/Develop/UPDI4AVR-USB/src/pdi.cpp:110
    idle_clock(2);
    18b0:	01 f3       	breq	.-64     	; 0x1872 <PDI::erase_memory()+0x34>
    18b2:	8f ef       	ldi	r24, 0xFF	; 255
    18b4:	7e db       	rcall	.-2308   	; 0xfb2 <PDI::send(unsigned char)>
    18b6:	e5 cf       	rjmp	.-54     	; 0x1882 <PDI::erase_memory()+0x44>

000018b8 <PDI::send_break()>:
send_break():
/Users/askn/Develop/UPDI4AVR-USB/src/pdi.cpp:111
    digitalWriteMacro(PIN_PGM_PDAT, LOW);
    18b8:	1a df       	rcall	.-460    	; 0x16ee <PDI::stop_txd()>
/Users/askn/Develop/UPDI4AVR-USB/src/pdi.cpp:112
    idle_clock(16);
    18ba:	0c 98       	cbi	0x01, 4	; 1
    18bc:	04 9a       	sbi	0x00, 4	; 0
    18be:	80 e1       	ldi	r24, 0x10	; 16
/Users/askn/Develop/UPDI4AVR-USB/src/pdi.cpp:113
    return start_txd();
    18c0:	90 e0       	ldi	r25, 0x00	; 0
    18c2:	04 df       	rcall	.-504    	; 0x16cc <PDI::idle_clock(unsigned int)>
/Users/askn/Develop/UPDI4AVR-USB/src/nvmv6.cpp:60
  constexpr auto NVM_STATUS = 0x1007;
  constexpr auto PROD_SIG   = 0x1080;
  constexpr auto PROG_START = 0x800000;

  uint8_t nvm_wait (void) {
    do { UPDI::recv_byte(NVM_STATUS); } while (RXDATA & 3);
    18c4:	0c 9a       	sbi	0x01, 4	; 1
    18c6:	82 e0       	ldi	r24, 0x02	; 2
    18c8:	90 e0       	ldi	r25, 0x00	; 0
    18ca:	00 df       	rcall	.-512    	; 0x16cc <PDI::idle_clock(unsigned int)>
    18cc:	0c 98       	cbi	0x01, 4	; 1
    18ce:	80 e1       	ldi	r24, 0x10	; 16
    18d0:	90 e0       	ldi	r25, 0x00	; 0
    18d2:	fc de       	rcall	.-520    	; 0x16cc <PDI::idle_clock(unsigned int)>
/Users/askn/Develop/UPDI4AVR-USB/src/nvmv6.cpp:61
    return RXDATA;
    18d4:	1d cf       	rjmp	.-454    	; 0x1710 <PDI::start_txd()>

000018d6 <NVM::V6::nvm_wait()>:
nvm_wait():
/Users/askn/Develop/UPDI4AVR-USB/src/nvmv6.cpp:64
  }

  bool nvm_ctrl_change (uint8_t _nvmcmd) {
    18d6:	67 e0       	ldi	r22, 0x07	; 7
    18d8:	70 e1       	ldi	r23, 0x10	; 16
/Users/askn/Develop/UPDI4AVR-USB/src/nvmv6.cpp:65
    nvm_wait();
    18da:	80 e0       	ldi	r24, 0x00	; 0
    18dc:	90 e0       	ldi	r25, 0x00	; 0
/Users/askn/Develop/UPDI4AVR-USB/src/nvmv6.cpp:66
    if (UPDI::recv_byte(NVM_CTRL) && RXDATA == _nvmcmd) return true;
    18de:	a6 db       	rcall	.-2228   	; 0x102c <UPDI::recv_byte(unsigned long)>
    18e0:	8d b3       	in	r24, 0x1d	; 29
    18e2:	83 70       	andi	r24, 0x03	; 3
    18e4:	c1 f7       	brne	.-16     	; 0x18d6 <NVM::V6::nvm_wait()>
    18e6:	8d b3       	in	r24, 0x1d	; 29
    18e8:	08 95       	ret

000018ea <NVM::V6::nvm_ctrl_change(unsigned char)>:
nvm_ctrl_change():
    18ea:	cf 93       	push	r28
    18ec:	c8 2f       	mov	r28, r24
    18ee:	f3 df       	rcall	.-26     	; 0x18d6 <NVM::V6::nvm_wait()>
/Users/askn/Develop/UPDI4AVR-USB/src/nvmv6.cpp:70
    if (!UPDI::nvm_ctrl(0x00)) return false;
    if (0 != _nvmcmd) return UPDI::nvm_ctrl(_nvmcmd);
    return true;
  }
    18f0:	60 e0       	ldi	r22, 0x00	; 0
/Users/askn/Develop/UPDI4AVR-USB/src/nvmv6.cpp:67
  }

  bool nvm_ctrl_change (uint8_t _nvmcmd) {
    nvm_wait();
    if (UPDI::recv_byte(NVM_CTRL) && RXDATA == _nvmcmd) return true;
    if (!UPDI::nvm_ctrl(0x00)) return false;
    18f2:	70 e1       	ldi	r23, 0x10	; 16
    18f4:	80 e0       	ldi	r24, 0x00	; 0
    18f6:	90 e0       	ldi	r25, 0x00	; 0
/Users/askn/Develop/UPDI4AVR-USB/src/nvmv2.cpp:65

  bool nvm_ctrl_change (uint8_t _nvmcmd) {
    nvm_wait();
    if (UPDI::recv_byte(NVM_CTRL) && RXDATA == _nvmcmd) return true;
    if (!UPDI::nvm_ctrl(0x00)) return false;
    if (0 != _nvmcmd) return UPDI::nvm_ctrl(_nvmcmd);
    18f8:	99 db       	rcall	.-2254   	; 0x102c <UPDI::recv_byte(unsigned long)>
    18fa:	88 23       	and	r24, r24
    18fc:	31 f0       	breq	.+12     	; 0x190a <NVM::V6::nvm_ctrl_change(unsigned char)+0x20>
/Users/askn/Develop/UPDI4AVR-USB/src/nvmv6.cpp:70
    if (0 != _nvmcmd) return UPDI::nvm_ctrl(_nvmcmd);
    return true;
  }
    18fe:	8d b3       	in	r24, 0x1d	; 29
/Users/askn/Develop/UPDI4AVR-USB/src/nvmv2.cpp:65
    1900:	8c 13       	cpse	r24, r28
    1902:	03 c0       	rjmp	.+6      	; 0x190a <NVM::V6::nvm_ctrl_change(unsigned char)+0x20>
/Users/askn/Develop/UPDI4AVR-USB/src/nvmv6.cpp:116
      && nvm_ctrl_change(0x00)
    );
  }

  size_t prog_init (void) {
    return nvm_ctrl_change(0x00);
    1904:	81 e0       	ldi	r24, 0x01	; 1
    1906:	cf 91       	pop	r28
    1908:	08 95       	ret
/Users/askn/Develop/UPDI4AVR-USB/src/nvmv6.cpp:117
  }
    190a:	80 e0       	ldi	r24, 0x00	; 0
/Users/askn/Develop/UPDI4AVR-USB/src/nvmv6.cpp:78
    D2PRINTF(" NVM_V6_FLPER=%06lX\r\n", _dwAddr);
    return (
      nvm_ctrl_change(0x08)   /* NVM_V6_CMD_FLPER */
      && UPDI::send_byte(_dwAddr, 0xFF)
      && (nvm_wait() & 0x73) == 0
      && nvm_ctrl_change(0x00)
    190c:	04 dc       	rcall	.-2040   	; 0x1116 <UPDI::nvm_ctrl(unsigned char)>
    190e:	88 23       	and	r24, r24
    1910:	d1 f3       	breq	.-12     	; 0x1906 <NVM::V6::nvm_ctrl_change(unsigned char)+0x1c>
/Users/askn/Develop/UPDI4AVR-USB/src/nvmv6.cpp:72
    if (!UPDI::nvm_ctrl(0x00)) return false;
    if (0 != _nvmcmd) return UPDI::nvm_ctrl(_nvmcmd);
    return true;
  }

  bool erase_flash_page (uint32_t _dwAddr) {
    1912:	cc 23       	and	r28, r28
    1914:	b9 f3       	breq	.-18     	; 0x1904 <NVM::V6::nvm_ctrl_change(unsigned char)+0x1a>
    1916:	8c 2f       	mov	r24, r28
    1918:	cf 91       	pop	r28
    191a:	fd cb       	rjmp	.-2054   	; 0x1116 <UPDI::nvm_ctrl(unsigned char)>

0000191c <NVM::V6::prog_init()>:
prog_init():
/Users/askn/Develop/UPDI4AVR-USB/src/nvmv6.cpp:75
    D2PRINTF(" NVM_V6_FLPER=%06lX\r\n", _dwAddr);
    return (
      nvm_ctrl_change(0x08)   /* NVM_V6_CMD_FLPER */
    191c:	80 e0       	ldi	r24, 0x00	; 0
    191e:	e5 df       	rcall	.-54     	; 0x18ea <NVM::V6::nvm_ctrl_change(unsigned char)>
    1920:	90 e0       	ldi	r25, 0x00	; 0
/Users/askn/Develop/UPDI4AVR-USB/src/nvmv6.cpp:78
      && UPDI::send_byte(_dwAddr, 0xFF)
      && (nvm_wait() & 0x73) == 0
      && nvm_ctrl_change(0x00)
    1922:	08 95       	ret

00001924 <NVM::V6::write_eeprom(unsigned long, unsigned int) [clone .part.5]>:
_ZN3NVM2V616erase_flash_pageEm.part.1():
    1924:	80 e0       	ldi	r24, 0x00	; 0
/Users/askn/Develop/UPDI4AVR-USB/src/nvmv6.cpp:76

  bool erase_flash_page (uint32_t _dwAddr) {
    D2PRINTF(" NVM_V6_FLPER=%06lX\r\n", _dwAddr);
    return (
      nvm_ctrl_change(0x08)   /* NVM_V6_CMD_FLPER */
      && UPDI::send_byte(_dwAddr, 0xFF)
    1926:	e1 cf       	rjmp	.-62     	; 0x18ea <NVM::V6::nvm_ctrl_change(unsigned char)>

00001928 <NVM::V6::erase_flash_page(unsigned long)>:
erase_flash_page():
    1928:	cf 92       	push	r12
    192a:	df 92       	push	r13
    192c:	ef 92       	push	r14
    192e:	ff 92       	push	r15
    1930:	6b 01       	movw	r12, r22
/Users/askn/Develop/UPDI4AVR-USB/src/nvmv6.cpp:77
      && (nvm_wait() & 0x73) == 0
    1932:	7c 01       	movw	r14, r24
    1934:	88 e0       	ldi	r24, 0x08	; 8
    1936:	d9 df       	rcall	.-78     	; 0x18ea <NVM::V6::nvm_ctrl_change(unsigned char)>
    1938:	88 23       	and	r24, r24
/Users/askn/Develop/UPDI4AVR-USB/src/nvmv6.cpp:80
      && nvm_ctrl_change(0x00)
    );
  }
    193a:	71 f0       	breq	.+28     	; 0x1958 <NVM::V6::erase_flash_page(unsigned long)+0x30>
    193c:	4f ef       	ldi	r20, 0xFF	; 255
    193e:	c7 01       	movw	r24, r14
    1940:	b6 01       	movw	r22, r12
    1942:	cc db       	rcall	.-2152   	; 0x10dc <UPDI::send_byte(unsigned long, unsigned char)>
    1944:	88 23       	and	r24, r24
    1946:	41 f0       	breq	.+16     	; 0x1958 <NVM::V6::erase_flash_page(unsigned long)+0x30>
    1948:	c6 df       	rcall	.-116    	; 0x18d6 <NVM::V6::nvm_wait()>
    194a:	83 77       	andi	r24, 0x73	; 115
    194c:	29 f4       	brne	.+10     	; 0x1958 <NVM::V6::erase_flash_page(unsigned long)+0x30>
    194e:	ff 90       	pop	r15
/Users/askn/Develop/UPDI4AVR-USB/src/nvmv3.cpp:55
  constexpr auto NVM_STATUS = 0x1006;
  constexpr auto PROD_SIG   = 0x1100;
  constexpr auto PROG_START = 0x800000;

  uint8_t nvm_wait (void) {
    do { UPDI::recv_byte(NVM_STATUS); } while (RXDATA & 3);
    1950:	ef 90       	pop	r14
    1952:	df 90       	pop	r13
    1954:	cf 90       	pop	r12
    1956:	e6 cf       	rjmp	.-52     	; 0x1924 <NVM::V6::write_eeprom(unsigned long, unsigned int) [clone .part.5]>
    1958:	80 e0       	ldi	r24, 0x00	; 0
    195a:	ff 90       	pop	r15
    195c:	ef 90       	pop	r14
    195e:	df 90       	pop	r13
/Users/askn/Develop/UPDI4AVR-USB/src/nvmv3.cpp:57
    return RXDATA;
  }
    1960:	cf 90       	pop	r12
/Users/askn/Develop/UPDI4AVR-USB/src/nvmv3.cpp:73
    D2PRINTF(" NVM_V3_FLPERW=%06lX\r\n", _dwAddr);
    return (
      nvm_ctrl_change(0x00)
      && UPDI::send_words_block(_dwAddr, _wLength)
      && nvm_ctrl_change(0x05)  /* NVM_V3_CMD_FLPERW */
      && (nvm_wait() & 0x73) == 0
    1962:	08 95       	ret

00001964 <NVM::V3::nvm_wait()>:
nvm_wait():
    1964:	66 e0       	ldi	r22, 0x06	; 6
    1966:	70 e1       	ldi	r23, 0x10	; 16
    1968:	80 e0       	ldi	r24, 0x00	; 0
    196a:	90 e0       	ldi	r25, 0x00	; 0
    196c:	5f db       	rcall	.-2370   	; 0x102c <UPDI::recv_byte(unsigned long)>
    196e:	8d b3       	in	r24, 0x1d	; 29
/Users/askn/Develop/UPDI4AVR-USB/src/nvmv3.cpp:59
  uint8_t nvm_wait (void) {
    do { UPDI::recv_byte(NVM_STATUS); } while (RXDATA & 3);
    return RXDATA;
  }

  bool nvm_ctrl_change (uint8_t _nvmcmd) {
    1970:	83 70       	andi	r24, 0x03	; 3
    1972:	c1 f7       	brne	.-16     	; 0x1964 <NVM::V3::nvm_wait()>
/Users/askn/Develop/UPDI4AVR-USB/src/nvmv3.cpp:60
    nvm_wait();
    1974:	8d b3       	in	r24, 0x1d	; 29
    1976:	08 95       	ret

00001978 <NVM::V3::write_eeprom(unsigned long, unsigned int) [clone .part.3]>:
_ZN3NVM2V317write_words_flashEmj.part.1():
/Users/askn/Develop/UPDI4AVR-USB/src/nvmv3.cpp:61
    if (UPDI::recv_byte(NVM_CTRL) && RXDATA == _nvmcmd) return true;
    1978:	f5 df       	rcall	.-22     	; 0x1964 <NVM::V3::nvm_wait()>
    197a:	98 2f       	mov	r25, r24
    197c:	93 77       	andi	r25, 0x73	; 115
    197e:	81 e0       	ldi	r24, 0x01	; 1
    1980:	09 f0       	breq	.+2      	; 0x1984 <NVM::V3::write_eeprom(unsigned long, unsigned int) [clone .part.3]+0xc>
    1982:	80 e0       	ldi	r24, 0x00	; 0
    1984:	08 95       	ret

00001986 <NVM::V3::nvm_ctrl_change(unsigned char)>:
nvm_ctrl_change():
    1986:	cf 93       	push	r28
    1988:	c8 2f       	mov	r28, r24
    198a:	ec df       	rcall	.-40     	; 0x1964 <NVM::V3::nvm_wait()>
    198c:	60 e0       	ldi	r22, 0x00	; 0
/Users/askn/Develop/UPDI4AVR-USB/src/nvmv3.cpp:65
    if (!UPDI::nvm_ctrl(0x00)) return false;
    if (0 != _nvmcmd) return UPDI::nvm_ctrl(_nvmcmd);
    return true;
  }
    198e:	70 e1       	ldi	r23, 0x10	; 16
    1990:	80 e0       	ldi	r24, 0x00	; 0
/Users/askn/Develop/UPDI4AVR-USB/src/nvmv3.cpp:62
  }

  bool nvm_ctrl_change (uint8_t _nvmcmd) {
    nvm_wait();
    if (UPDI::recv_byte(NVM_CTRL) && RXDATA == _nvmcmd) return true;
    if (!UPDI::nvm_ctrl(0x00)) return false;
    1992:	90 e0       	ldi	r25, 0x00	; 0
    1994:	4b db       	rcall	.-2410   	; 0x102c <UPDI::recv_byte(unsigned long)>
    1996:	88 23       	and	r24, r24
    1998:	31 f0       	breq	.+12     	; 0x19a6 <NVM::V3::nvm_ctrl_change(unsigned char)+0x20>
/Users/askn/Develop/UPDI4AVR-USB/src/nvmv2.cpp:65
    199a:	8d b3       	in	r24, 0x1d	; 29
    199c:	8c 13       	cpse	r24, r28
    if (0 != _nvmcmd) return UPDI::nvm_ctrl(_nvmcmd);
    return true;
  }
    199e:	03 c0       	rjmp	.+6      	; 0x19a6 <NVM::V3::nvm_ctrl_change(unsigned char)+0x20>
    19a0:	81 e0       	ldi	r24, 0x01	; 1
    19a2:	cf 91       	pop	r28
/Users/askn/Develop/UPDI4AVR-USB/src/nvmv4.cpp:116
      && nvm_ctrl_change(0x00)
    );
  }

  size_t prog_init (void) {
    return nvm_ctrl_change(0x00);
    19a4:	08 95       	ret
    19a6:	80 e0       	ldi	r24, 0x00	; 0
/Users/askn/Develop/UPDI4AVR-USB/src/nvmv4.cpp:117
  }
    19a8:	b6 db       	rcall	.-2196   	; 0x1116 <UPDI::nvm_ctrl(unsigned char)>
    19aa:	88 23       	and	r24, r24
/Users/askn/Develop/UPDI4AVR-USB/src/nvmv4.cpp:78
    D2PRINTF(" NVM_V4_FLPER=%06lX\r\n", _dwAddr);
    return (
      nvm_ctrl_change(0x08)   /* NVM_V4_CMD_FLPER */
      && UPDI::send_byte(_dwAddr, 0xFF)
      && (nvm_wait() & 0x73) == 0
      && nvm_ctrl_change(0x00)
    19ac:	d1 f3       	breq	.-12     	; 0x19a2 <NVM::V3::nvm_ctrl_change(unsigned char)+0x1c>
    19ae:	cc 23       	and	r28, r28
    19b0:	b9 f3       	breq	.-18     	; 0x19a0 <NVM::V3::nvm_ctrl_change(unsigned char)+0x1a>
/Users/askn/Develop/UPDI4AVR-USB/src/nvmv3.cpp:98
      && (nvm_wait() & 0x73) == 0
    );
  }

  size_t prog_init (void) {
    nvm_ctrl_change(0x0F);      /* NVM_V3_CMD_FLPBCLR */
    19b2:	8c 2f       	mov	r24, r28
    19b4:	cf 91       	pop	r28
    19b6:	af cb       	rjmp	.-2210   	; 0x1116 <UPDI::nvm_ctrl(unsigned char)>

000019b8 <NVM::V4::prog_init()>:
prog_init():
/Users/askn/Develop/UPDI4AVR-USB/src/nvmv3.cpp:99
    nvm_ctrl_change(0x1F);      /* NVM_V3_CMD_EEPBCLR */
    19b8:	80 e0       	ldi	r24, 0x00	; 0
    19ba:	e5 df       	rcall	.-54     	; 0x1986 <NVM::V3::nvm_ctrl_change(unsigned char)>
/Users/askn/Develop/UPDI4AVR-USB/src/nvmv3.cpp:100
    return nvm_ctrl_change(0x00);
    19bc:	90 e0       	ldi	r25, 0x00	; 0
    19be:	08 95       	ret

000019c0 <NVM::V4::write_eeprom(unsigned long, unsigned int) [clone .part.5]>:
_ZN3NVM2V416erase_flash_pageEm.part.1():
    19c0:	80 e0       	ldi	r24, 0x00	; 0
/Users/askn/Develop/UPDI4AVR-USB/src/nvmv3.cpp:101
  }
    19c2:	e1 cf       	rjmp	.-62     	; 0x1986 <NVM::V3::nvm_ctrl_change(unsigned char)>

000019c4 <NVM::V3::prog_init()>:
prog_init():
    19c4:	8f e0       	ldi	r24, 0x0F	; 15
    19c6:	df df       	rcall	.-66     	; 0x1986 <NVM::V3::nvm_ctrl_change(unsigned char)>
/Users/askn/Develop/UPDI4AVR-USB/src/nvmv3.cpp:77
      && nvm_ctrl_change(0x05)  /* NVM_V3_CMD_FLPERW */
      && (nvm_wait() & 0x73) == 0
    );
  }

  bool write_bytes_flash (uint32_t _dwAddr, size_t _wLength) {
    19c8:	8f e1       	ldi	r24, 0x1F	; 31
    19ca:	dd df       	rcall	.-70     	; 0x1986 <NVM::V3::nvm_ctrl_change(unsigned char)>
    19cc:	80 e0       	ldi	r24, 0x00	; 0
    19ce:	db df       	rcall	.-74     	; 0x1986 <NVM::V3::nvm_ctrl_change(unsigned char)>
    19d0:	90 e0       	ldi	r25, 0x00	; 0
    19d2:	08 95       	ret

000019d4 <NVM::V5::prog_init()>:
_ZN3NVM2V59prog_initEv():
/Users/askn/Develop/UPDI4AVR-USB/src/nvmv3.cpp:80
    D2PRINTF(" NVM_V3_FLPERW=%06lX\r\n", _dwAddr);
    return (
      nvm_ctrl_change(0x00)
    19d4:	f7 cf       	rjmp	.-18     	; 0x19c4 <NVM::V3::prog_init()>

000019d6 <NVM::V3::write_bytes_flash(unsigned long, unsigned int)>:
write_bytes_flash():
    19d6:	cf 92       	push	r12
    19d8:	df 92       	push	r13
/Users/askn/Develop/UPDI4AVR-USB/src/nvmv3.cpp:83
      && UPDI::send_bytes_block(_dwAddr, _wLength)
      && nvm_ctrl_change(0x05)  /* NVM_V3_CMD_FLPERW */
      && (nvm_wait() & 0x73) == 0
    19da:	ef 92       	push	r14
/Users/askn/Develop/UPDI4AVR-USB/src/nvmv3.cpp:81

  bool write_bytes_flash (uint32_t _dwAddr, size_t _wLength) {
    D2PRINTF(" NVM_V3_FLPERW=%06lX\r\n", _dwAddr);
    return (
      nvm_ctrl_change(0x00)
      && UPDI::send_bytes_block(_dwAddr, _wLength)
    19dc:	ff 92       	push	r15
    19de:	cf 93       	push	r28
    19e0:	df 93       	push	r29
    19e2:	6b 01       	movw	r12, r22
    19e4:	7c 01       	movw	r14, r24
    19e6:	ea 01       	movw	r28, r20
    19e8:	80 e0       	ldi	r24, 0x00	; 0
/Users/askn/Develop/UPDI4AVR-USB/src/nvmv3.cpp:82
      && nvm_ctrl_change(0x05)  /* NVM_V3_CMD_FLPERW */
    19ea:	cd df       	rcall	.-102    	; 0x1986 <NVM::V3::nvm_ctrl_change(unsigned char)>
    19ec:	88 23       	and	r24, r24
    19ee:	89 f0       	breq	.+34     	; 0x1a12 <NVM::V3::write_bytes_flash(unsigned long, unsigned int)+0x3c>
    19f0:	ae 01       	movw	r20, r28
/Users/askn/Develop/UPDI4AVR-USB/src/nvmv3.cpp:85
      && (nvm_wait() & 0x73) == 0
    );
  }
    19f2:	c7 01       	movw	r24, r14
    19f4:	b6 01       	movw	r22, r12
    19f6:	bf db       	rcall	.-2178   	; 0x1176 <UPDI::send_bytes_block(unsigned long, unsigned int)>
    19f8:	88 23       	and	r24, r24
    19fa:	59 f0       	breq	.+22     	; 0x1a12 <NVM::V3::write_bytes_flash(unsigned long, unsigned int)+0x3c>
    19fc:	85 e0       	ldi	r24, 0x05	; 5
    19fe:	c3 df       	rcall	.-122    	; 0x1986 <NVM::V3::nvm_ctrl_change(unsigned char)>
    1a00:	88 23       	and	r24, r24
    1a02:	39 f0       	breq	.+14     	; 0x1a12 <NVM::V3::write_bytes_flash(unsigned long, unsigned int)+0x3c>
    1a04:	df 91       	pop	r29
    1a06:	cf 91       	pop	r28
    1a08:	ff 90       	pop	r15
    1a0a:	ef 90       	pop	r14
/Users/askn/Develop/UPDI4AVR-USB/src/nvmv3.cpp:67
    if (!UPDI::nvm_ctrl(0x00)) return false;
    if (0 != _nvmcmd) return UPDI::nvm_ctrl(_nvmcmd);
    return true;
  }

  bool write_words_flash (uint32_t _dwAddr, size_t _wLength) {
    1a0c:	df 90       	pop	r13
    1a0e:	cf 90       	pop	r12
    1a10:	b3 cf       	rjmp	.-154    	; 0x1978 <NVM::V3::write_eeprom(unsigned long, unsigned int) [clone .part.3]>
    1a12:	80 e0       	ldi	r24, 0x00	; 0
    1a14:	df 91       	pop	r29
    1a16:	cf 91       	pop	r28
    1a18:	ff 90       	pop	r15
    1a1a:	ef 90       	pop	r14
/Users/askn/Develop/UPDI4AVR-USB/src/nvmv3.cpp:70
    D2PRINTF(" NVM_V3_FLPERW=%06lX\r\n", _dwAddr);
    return (
      nvm_ctrl_change(0x00)
    1a1c:	df 90       	pop	r13
    1a1e:	cf 90       	pop	r12
/Users/askn/Develop/UPDI4AVR-USB/src/nvmv3.cpp:73
      && UPDI::send_words_block(_dwAddr, _wLength)
      && nvm_ctrl_change(0x05)  /* NVM_V3_CMD_FLPERW */
      && (nvm_wait() & 0x73) == 0
    1a20:	08 95       	ret

00001a22 <NVM::V3::write_words_flash(unsigned long, unsigned int)>:
write_words_flash():
    1a22:	cf 92       	push	r12
/Users/askn/Develop/UPDI4AVR-USB/src/nvmv3.cpp:71

  bool write_words_flash (uint32_t _dwAddr, size_t _wLength) {
    D2PRINTF(" NVM_V3_FLPERW=%06lX\r\n", _dwAddr);
    return (
      nvm_ctrl_change(0x00)
      && UPDI::send_words_block(_dwAddr, _wLength)
    1a24:	df 92       	push	r13
    1a26:	ef 92       	push	r14
    1a28:	ff 92       	push	r15
    1a2a:	cf 93       	push	r28
    1a2c:	df 93       	push	r29
    1a2e:	6b 01       	movw	r12, r22
/Users/askn/Develop/UPDI4AVR-USB/src/nvmv3.cpp:72
      && nvm_ctrl_change(0x05)  /* NVM_V3_CMD_FLPERW */
    1a30:	7c 01       	movw	r14, r24
    1a32:	ea 01       	movw	r28, r20
    1a34:	80 e0       	ldi	r24, 0x00	; 0
    1a36:	a7 df       	rcall	.-178    	; 0x1986 <NVM::V3::nvm_ctrl_change(unsigned char)>
    1a38:	88 23       	and	r24, r24
/Users/askn/Develop/UPDI4AVR-USB/src/nvmv3.cpp:75
      && (nvm_wait() & 0x73) == 0
    );
  }
    1a3a:	89 f0       	breq	.+34     	; 0x1a5e <NVM::V3::write_words_flash(unsigned long, unsigned int)+0x3c>
    1a3c:	ae 01       	movw	r20, r28
    1a3e:	c7 01       	movw	r24, r14
    1a40:	b6 01       	movw	r22, r12
    1a42:	0e db       	rcall	.-2532   	; 0x1060 <UPDI::send_words_block(unsigned long, unsigned int)>
    1a44:	88 23       	and	r24, r24
    1a46:	59 f0       	breq	.+22     	; 0x1a5e <NVM::V3::write_words_flash(unsigned long, unsigned int)+0x3c>
    1a48:	85 e0       	ldi	r24, 0x05	; 5
    1a4a:	9d df       	rcall	.-198    	; 0x1986 <NVM::V3::nvm_ctrl_change(unsigned char)>
    1a4c:	88 23       	and	r24, r24
    1a4e:	39 f0       	breq	.+14     	; 0x1a5e <NVM::V3::write_words_flash(unsigned long, unsigned int)+0x3c>
    1a50:	df 91       	pop	r29
    1a52:	cf 91       	pop	r28
    1a54:	ff 90       	pop	r15
    1a56:	ef 90       	pop	r14
    1a58:	df 90       	pop	r13
/Users/askn/Develop/UPDI4AVR-USB/src/nvmv4.cpp:72
    if (!UPDI::nvm_ctrl(0x00)) return false;
    if (0 != _nvmcmd) return UPDI::nvm_ctrl(_nvmcmd);
    return true;
  }

  bool erase_flash_page (uint32_t _dwAddr) {
    1a5a:	cf 90       	pop	r12
    1a5c:	8d cf       	rjmp	.-230    	; 0x1978 <NVM::V3::write_eeprom(unsigned long, unsigned int) [clone .part.3]>
    1a5e:	80 e0       	ldi	r24, 0x00	; 0
    1a60:	df 91       	pop	r29
    1a62:	cf 91       	pop	r28
    1a64:	ff 90       	pop	r15
/Users/askn/Develop/UPDI4AVR-USB/src/nvmv4.cpp:75
    D2PRINTF(" NVM_V4_FLPER=%06lX\r\n", _dwAddr);
    return (
      nvm_ctrl_change(0x08)   /* NVM_V4_CMD_FLPER */
    1a66:	ef 90       	pop	r14
    1a68:	df 90       	pop	r13
    1a6a:	cf 90       	pop	r12
/Users/askn/Develop/UPDI4AVR-USB/src/nvmv4.cpp:78
      && UPDI::send_byte(_dwAddr, 0xFF)
      && (nvm_wait() & 0x73) == 0
      && nvm_ctrl_change(0x00)
    1a6c:	08 95       	ret

00001a6e <NVM::V4::erase_flash_page(unsigned long)>:
erase_flash_page():
    1a6e:	cf 92       	push	r12
/Users/askn/Develop/UPDI4AVR-USB/src/nvmv4.cpp:76

  bool erase_flash_page (uint32_t _dwAddr) {
    D2PRINTF(" NVM_V4_FLPER=%06lX\r\n", _dwAddr);
    return (
      nvm_ctrl_change(0x08)   /* NVM_V4_CMD_FLPER */
      && UPDI::send_byte(_dwAddr, 0xFF)
    1a70:	df 92       	push	r13
    1a72:	ef 92       	push	r14
    1a74:	ff 92       	push	r15
    1a76:	6b 01       	movw	r12, r22
    1a78:	7c 01       	movw	r14, r24
    1a7a:	88 e0       	ldi	r24, 0x08	; 8
    1a7c:	84 df       	rcall	.-248    	; 0x1986 <NVM::V3::nvm_ctrl_change(unsigned char)>
/Users/askn/Develop/UPDI4AVR-USB/src/nvmv4.cpp:77
      && (nvm_wait() & 0x73) == 0
    1a7e:	88 23       	and	r24, r24
    1a80:	71 f0       	breq	.+28     	; 0x1a9e <NVM::V4::erase_flash_page(unsigned long)+0x30>
    1a82:	4f ef       	ldi	r20, 0xFF	; 255
    1a84:	c7 01       	movw	r24, r14
/Users/askn/Develop/UPDI4AVR-USB/src/nvmv4.cpp:80
      && nvm_ctrl_change(0x00)
    );
  }
    1a86:	b6 01       	movw	r22, r12
    1a88:	29 db       	rcall	.-2478   	; 0x10dc <UPDI::send_byte(unsigned long, unsigned char)>
    1a8a:	88 23       	and	r24, r24
    1a8c:	41 f0       	breq	.+16     	; 0x1a9e <NVM::V4::erase_flash_page(unsigned long)+0x30>
    1a8e:	6a df       	rcall	.-300    	; 0x1964 <NVM::V3::nvm_wait()>
    1a90:	83 77       	andi	r24, 0x73	; 115
    1a92:	29 f4       	brne	.+10     	; 0x1a9e <NVM::V4::erase_flash_page(unsigned long)+0x30>
    1a94:	ff 90       	pop	r15
    1a96:	ef 90       	pop	r14
    1a98:	df 90       	pop	r13
    1a9a:	cf 90       	pop	r12
    1a9c:	91 cf       	rjmp	.-222    	; 0x19c0 <NVM::V4::write_eeprom(unsigned long, unsigned int) [clone .part.5]>
/Users/askn/Develop/UPDI4AVR-USB/src/nvmv0.cpp:62
  constexpr auto NVM_STATUS = 0x1002;
  constexpr auto NVM_DATA   = 0x1006;
  constexpr auto PROD_SIG   = 0x1100;

  uint8_t nvm_wait (void) {
    do { UPDI::recv_byte(NVM_STATUS); } while (RXDATA & 3);
    1a9e:	80 e0       	ldi	r24, 0x00	; 0
    1aa0:	ff 90       	pop	r15
    1aa2:	ef 90       	pop	r14
    1aa4:	df 90       	pop	r13
    1aa6:	cf 90       	pop	r12
    1aa8:	08 95       	ret

00001aaa <NVM::V0::nvm_wait()>:
nvm_wait():
    1aaa:	62 e0       	ldi	r22, 0x02	; 2
    1aac:	70 e1       	ldi	r23, 0x10	; 16
    1aae:	80 e0       	ldi	r24, 0x00	; 0
/Users/askn/Develop/UPDI4AVR-USB/src/nvmv0.cpp:63
    return RXDATA;
    1ab0:	90 e0       	ldi	r25, 0x00	; 0
/Users/askn/Develop/UPDI4AVR-USB/src/nvmv0.cpp:64
  }
    1ab2:	bc da       	rcall	.-2696   	; 0x102c <UPDI::recv_byte(unsigned long)>
/Users/askn/Develop/UPDI4AVR-USB/src/nvmv0.cpp:108
      && (nvm_wait() & 7) == 0
    );
  }

  size_t prog_init (void) {
    nvm_wait();
    1ab4:	8d b3       	in	r24, 0x1d	; 29
    1ab6:	83 70       	andi	r24, 0x03	; 3
/Users/askn/Develop/UPDI4AVR-USB/src/nvmv0.cpp:109
    UPDI::nvm_ctrl(0x04);         /* NVM_CMD_PBC */
    1ab8:	c1 f7       	brne	.-16     	; 0x1aaa <NVM::V0::nvm_wait()>
    1aba:	8d b3       	in	r24, 0x1d	; 29
    1abc:	08 95       	ret

00001abe <NVM::V0::prog_init()>:
prog_init():
/Users/askn/Develop/UPDI4AVR-USB/src/nvmv0.cpp:110
    nvm_wait();
    1abe:	f5 df       	rcall	.-22     	; 0x1aaa <NVM::V0::nvm_wait()>
    1ac0:	84 e0       	ldi	r24, 0x04	; 4
/Users/askn/Develop/UPDI4AVR-USB/src/nvmv0.cpp:111
    return UPDI::nvm_ctrl(0x00);
    1ac2:	29 db       	rcall	.-2478   	; 0x1116 <UPDI::nvm_ctrl(unsigned char)>
    1ac4:	f2 df       	rcall	.-28     	; 0x1aaa <NVM::V0::nvm_wait()>
    1ac6:	80 e0       	ldi	r24, 0x00	; 0
/Users/askn/Develop/UPDI4AVR-USB/src/nvmv0.cpp:112
  }
    1ac8:	26 db       	rcall	.-2484   	; 0x1116 <UPDI::nvm_ctrl(unsigned char)>
    1aca:	90 e0       	ldi	r25, 0x00	; 0
/Users/askn/Develop/UPDI4AVR-USB/src/nvmv2.cpp:61
  uint8_t nvm_wait (void) {
    do { UPDI::recv_byte(NVM_STATUS); } while (RXDATA & 3);
    return RXDATA;
  }

  bool nvm_ctrl_change (uint8_t _nvmcmd) {
    1acc:	08 95       	ret

00001ace <NVM::V2::nvm_ctrl_change(unsigned char)>:
nvm_ctrl_change():
    1ace:	cf 93       	push	r28
/Users/askn/Develop/UPDI4AVR-USB/src/nvmv2.cpp:62
    nvm_wait();
    1ad0:	c8 2f       	mov	r28, r24
    1ad2:	eb df       	rcall	.-42     	; 0x1aaa <NVM::V0::nvm_wait()>
/Users/askn/Develop/UPDI4AVR-USB/src/nvmv2.cpp:63
    if (UPDI::recv_byte(NVM_CTRL) && RXDATA == _nvmcmd) return true;
    1ad4:	60 e0       	ldi	r22, 0x00	; 0
    1ad6:	70 e1       	ldi	r23, 0x10	; 16
    1ad8:	80 e0       	ldi	r24, 0x00	; 0
    1ada:	90 e0       	ldi	r25, 0x00	; 0
    1adc:	a7 da       	rcall	.-2738   	; 0x102c <UPDI::recv_byte(unsigned long)>
    1ade:	88 23       	and	r24, r24
    1ae0:	31 f0       	breq	.+12     	; 0x1aee <NVM::V2::nvm_ctrl_change(unsigned char)+0x20>
    1ae2:	8d b3       	in	r24, 0x1d	; 29
    1ae4:	8c 13       	cpse	r24, r28
    1ae6:	03 c0       	rjmp	.+6      	; 0x1aee <NVM::V2::nvm_ctrl_change(unsigned char)+0x20>
    1ae8:	81 e0       	ldi	r24, 0x01	; 1
/Users/askn/Develop/UPDI4AVR-USB/src/nvmv2.cpp:67
    if (!UPDI::nvm_ctrl(0x00)) return false;
    if (0 != _nvmcmd) return UPDI::nvm_ctrl(_nvmcmd);
    return true;
  }
    1aea:	cf 91       	pop	r28
    1aec:	08 95       	ret
/Users/askn/Develop/UPDI4AVR-USB/src/nvmv2.cpp:64
  }

  bool nvm_ctrl_change (uint8_t _nvmcmd) {
    nvm_wait();
    if (UPDI::recv_byte(NVM_CTRL) && RXDATA == _nvmcmd) return true;
    if (!UPDI::nvm_ctrl(0x00)) return false;
    1aee:	80 e0       	ldi	r24, 0x00	; 0
    1af0:	12 db       	rcall	.-2524   	; 0x1116 <UPDI::nvm_ctrl(unsigned char)>
    1af2:	88 23       	and	r24, r24
    1af4:	d1 f3       	breq	.-12     	; 0x1aea <NVM::V2::nvm_ctrl_change(unsigned char)+0x1c>
/Users/askn/Develop/UPDI4AVR-USB/src/nvmv2.cpp:65
    if (0 != _nvmcmd) return UPDI::nvm_ctrl(_nvmcmd);
    1af6:	cc 23       	and	r28, r28
    1af8:	b9 f3       	breq	.-18     	; 0x1ae8 <NVM::V2::nvm_ctrl_change(unsigned char)+0x1a>
    1afa:	8c 2f       	mov	r24, r28
/Users/askn/Develop/UPDI4AVR-USB/src/nvmv2.cpp:67
    return true;
  }
    1afc:	cf 91       	pop	r28
/Users/askn/Develop/UPDI4AVR-USB/src/nvmv2.cpp:65

  bool nvm_ctrl_change (uint8_t _nvmcmd) {
    nvm_wait();
    if (UPDI::recv_byte(NVM_CTRL) && RXDATA == _nvmcmd) return true;
    if (!UPDI::nvm_ctrl(0x00)) return false;
    if (0 != _nvmcmd) return UPDI::nvm_ctrl(_nvmcmd);
    1afe:	0b cb       	rjmp	.-2538   	; 0x1116 <UPDI::nvm_ctrl(unsigned char)>

00001b00 <NVM::V2::prog_init()>:
prog_init():
    1b00:	80 e0       	ldi	r24, 0x00	; 0
/Users/askn/Develop/UPDI4AVR-USB/src/nvmv2.cpp:113
      && nvm_ctrl_change(0x00)
    );
  }

  size_t prog_init (void) {
    return nvm_ctrl_change(0x00);
    1b02:	e5 df       	rcall	.-54     	; 0x1ace <NVM::V2::nvm_ctrl_change(unsigned char)>
    1b04:	90 e0       	ldi	r25, 0x00	; 0
    1b06:	08 95       	ret

00001b08 <NVM::V2::write_eeprom(unsigned long, unsigned int) [clone .part.5]>:
_ZN3NVM2V216erase_flash_pageEm.part.1():
/Users/askn/Develop/UPDI4AVR-USB/src/nvmv2.cpp:114
  }
    1b08:	80 e0       	ldi	r24, 0x00	; 0
    1b0a:	e1 cf       	rjmp	.-62     	; 0x1ace <NVM::V2::nvm_ctrl_change(unsigned char)>

00001b0c <NVM::V2::erase_flash_page(unsigned long)>:
erase_flash_page():
/Users/askn/Develop/UPDI4AVR-USB/src/nvmv2.cpp:75
    D2PRINTF(" NVM_V2_FLPER=%06lX\r\n", _dwAddr);
    return (
      nvm_ctrl_change(0x08)   /* NVM_V2_CMD_FLPER */
      && UPDI::send_byte(_dwAddr, 0xFF)
      && (nvm_wait() & 0x73) == 0
      && nvm_ctrl_change(0x00)
    1b0c:	cf 92       	push	r12
    1b0e:	df 92       	push	r13
    1b10:	ef 92       	push	r14
/Users/askn/Develop/UPDI4AVR-USB/src/nvmv2.cpp:69
    if (!UPDI::nvm_ctrl(0x00)) return false;
    if (0 != _nvmcmd) return UPDI::nvm_ctrl(_nvmcmd);
    return true;
  }

  bool erase_flash_page (uint32_t _dwAddr) {
    1b12:	ff 92       	push	r15
    1b14:	6b 01       	movw	r12, r22
    1b16:	7c 01       	movw	r14, r24
    1b18:	88 e0       	ldi	r24, 0x08	; 8
    1b1a:	d9 df       	rcall	.-78     	; 0x1ace <NVM::V2::nvm_ctrl_change(unsigned char)>
/Users/askn/Develop/UPDI4AVR-USB/src/nvmv2.cpp:72
    D2PRINTF(" NVM_V2_FLPER=%06lX\r\n", _dwAddr);
    return (
      nvm_ctrl_change(0x08)   /* NVM_V2_CMD_FLPER */
    1b1c:	88 23       	and	r24, r24
    1b1e:	71 f0       	breq	.+28     	; 0x1b3c <NVM::V2::erase_flash_page(unsigned long)+0x30>
    1b20:	4f ef       	ldi	r20, 0xFF	; 255
/Users/askn/Develop/UPDI4AVR-USB/src/nvmv2.cpp:75
      && UPDI::send_byte(_dwAddr, 0xFF)
      && (nvm_wait() & 0x73) == 0
      && nvm_ctrl_change(0x00)
    1b22:	c7 01       	movw	r24, r14
    1b24:	b6 01       	movw	r22, r12
/Users/askn/Develop/UPDI4AVR-USB/src/nvmv2.cpp:73

  bool erase_flash_page (uint32_t _dwAddr) {
    D2PRINTF(" NVM_V2_FLPER=%06lX\r\n", _dwAddr);
    return (
      nvm_ctrl_change(0x08)   /* NVM_V2_CMD_FLPER */
      && UPDI::send_byte(_dwAddr, 0xFF)
    1b26:	da da       	rcall	.-2636   	; 0x10dc <UPDI::send_byte(unsigned long, unsigned char)>
    1b28:	88 23       	and	r24, r24
    1b2a:	41 f0       	breq	.+16     	; 0x1b3c <NVM::V2::erase_flash_page(unsigned long)+0x30>
    1b2c:	be df       	rcall	.-132    	; 0x1aaa <NVM::V0::nvm_wait()>
    1b2e:	83 77       	andi	r24, 0x73	; 115
    1b30:	29 f4       	brne	.+10     	; 0x1b3c <NVM::V2::erase_flash_page(unsigned long)+0x30>
/Users/askn/Develop/UPDI4AVR-USB/src/nvmv2.cpp:74
      && (nvm_wait() & 0x73) == 0
    1b32:	ff 90       	pop	r15
    1b34:	ef 90       	pop	r14
    1b36:	df 90       	pop	r13
    1b38:	cf 90       	pop	r12
/Users/askn/Develop/UPDI4AVR-USB/src/nvmv2.cpp:77
      && nvm_ctrl_change(0x00)
    );
  }
    1b3a:	e6 cf       	rjmp	.-52     	; 0x1b08 <NVM::V2::write_eeprom(unsigned long, unsigned int) [clone .part.5]>
    1b3c:	80 e0       	ldi	r24, 0x00	; 0
    1b3e:	ff 90       	pop	r15
    1b40:	ef 90       	pop	r14
    1b42:	df 90       	pop	r13
    1b44:	cf 90       	pop	r12
    1b46:	08 95       	ret

00001b48 <NVM::V1::write_memory()>:
_ZN3NVM2V112write_memoryEv():
    1b48:	90 e0       	ldi	r25, 0x00	; 0
    1b4a:	80 e0       	ldi	r24, 0x00	; 0
    1b4c:	08 95       	ret

00001b4e <NVM::V1::read_memory()>:
_ZN3NVM2V111read_memoryEv():
    1b4e:	90 e0       	ldi	r25, 0x00	; 0
    1b50:	80 e0       	ldi	r24, 0x00	; 0
    1b52:	08 95       	ret

00001b54 <NVM::V1::erase_memory()>:
_ZN3NVM2V112erase_memoryEv():
    1b54:	90 e0       	ldi	r25, 0x00	; 0
    1b56:	80 e0       	ldi	r24, 0x00	; 0
    1b58:	08 95       	ret

00001b5a <ISP::spi_exchange(unsigned char)>:
spi_exchange():
    1b5a:	98 e0       	ldi	r25, 0x08	; 8
    1b5c:	87 ff       	sbrs	r24, 7
    1b5e:	1b c0       	rjmp	.+54     	; 0x1b96 <ISP::spi_exchange(unsigned char)+0x3c>
/Users/askn/Develop/UPDI4AVR-USB/src/isp.cpp:74

  NOINIT size_t _base_addr;
  NOINIT uint8_t _ser[4], _res[4], _pgm_retry;

  uint8_t spi_exchange (const uint8_t _data) {
    uint8_t _d = _data;
    1b60:	08 9a       	sbi	0x01, 0	; 1
/Users/askn/Develop/UPDI4AVR-USB/src/isp.cpp:76
    for (uint8_t _i = 0; _i < 8; _i++) {
      if (_d & 0x80) digitalWriteMacro(PIN_PGM_MOSI, HIGH);
    1b62:	20 91 0b 0a 	lds	r18, 0x0A0B	; 0x800a0b <__TEXT_REGION_LENGTH__+0x7f0a0b>
    1b66:	20 ff       	sbrs	r18, 0
/Users/askn/Develop/UPDI4AVR-USB/src/isp.cpp:79
      else           digitalWriteMacro(PIN_PGM_MOSI, LOW);

      loop_until_bit_is_set(TCA0_SPLIT_INTFLAGS, TCA_SPLIT_LUNF_bp);
    1b68:	fc cf       	rjmp	.-8      	; 0x1b62 <ISP::spi_exchange(unsigned char)+0x8>
    1b6a:	0a 9a       	sbi	0x01, 2	; 1
    1b6c:	88 0f       	add	r24, r24
    1b6e:	20 91 0b 0a 	lds	r18, 0x0A0B	; 0x800a0b <__TEXT_REGION_LENGTH__+0x7f0a0b>
/Users/askn/Develop/UPDI4AVR-USB/src/isp.cpp:81
      digitalWriteMacro(PIN_PGM_MSCK, HIGH);
      _d <<= 1;
    1b72:	21 60       	ori	r18, 0x01	; 1
/Users/askn/Develop/UPDI4AVR-USB/src/isp.cpp:82
      bit_set(TCA0_SPLIT_INTFLAGS, TCA_SPLIT_LUNF_bp);
    1b74:	20 93 0b 0a 	sts	0x0A0B, r18	; 0x800a0b <__TEXT_REGION_LENGTH__+0x7f0a0b>
    1b78:	13 99       	sbic	0x02, 3	; 2
    1b7a:	81 60       	ori	r24, 0x01	; 1
    1b7c:	20 91 0b 0a 	lds	r18, 0x0A0B	; 0x800a0b <__TEXT_REGION_LENGTH__+0x7f0a0b>
/Users/askn/Develop/UPDI4AVR-USB/src/isp.cpp:83
      if (digitalReadMacro(PIN_PGM_MISO)) _d |= 1;
    1b80:	20 ff       	sbrs	r18, 0
/Users/askn/Develop/UPDI4AVR-USB/src/isp.cpp:85

      loop_until_bit_is_set(TCA0_SPLIT_INTFLAGS, TCA_SPLIT_LUNF_bp);
    1b82:	fc cf       	rjmp	.-8      	; 0x1b7c <ISP::spi_exchange(unsigned char)+0x22>
    1b84:	0a 98       	cbi	0x01, 2	; 1
    1b86:	20 91 0b 0a 	lds	r18, 0x0A0B	; 0x800a0b <__TEXT_REGION_LENGTH__+0x7f0a0b>
/Users/askn/Develop/UPDI4AVR-USB/src/isp.cpp:86
      digitalWriteMacro(PIN_PGM_MSCK, LOW);
    1b8a:	21 60       	ori	r18, 0x01	; 1
/Users/askn/Develop/UPDI4AVR-USB/src/isp.cpp:87
      bit_set(TCA0_SPLIT_INTFLAGS, TCA_SPLIT_LUNF_bp);
    1b8c:	20 93 0b 0a 	sts	0x0A0B, r18	; 0x800a0b <__TEXT_REGION_LENGTH__+0x7f0a0b>
    1b90:	91 50       	subi	r25, 0x01	; 1
    1b92:	21 f7       	brne	.-56     	; 0x1b5c <ISP::spi_exchange(unsigned char)+0x2>
    1b94:	08 95       	ret
    1b96:	08 98       	cbi	0x01, 0	; 1
/Users/askn/Develop/UPDI4AVR-USB/src/isp.cpp:75
  NOINIT size_t _base_addr;
  NOINIT uint8_t _ser[4], _res[4], _pgm_retry;

  uint8_t spi_exchange (const uint8_t _data) {
    uint8_t _d = _data;
    for (uint8_t _i = 0; _i < 8; _i++) {
    1b98:	e4 cf       	rjmp	.-56     	; 0x1b62 <ISP::spi_exchange(unsigned char)+0x8>

00001b9a <Print::write(char)>:
write():
/Users/askn/Develop/UPDI4AVR-USB/src/isp.cpp:90
      loop_until_bit_is_set(TCA0_SPLIT_INTFLAGS, TCA_SPLIT_LUNF_bp);
      digitalWriteMacro(PIN_PGM_MSCK, LOW);
      bit_set(TCA0_SPLIT_INTFLAGS, TCA_SPLIT_LUNF_bp);
    };
    return _d;
  }
    1b9a:	dc 01       	movw	r26, r24
/Users/askn/Develop/UPDI4AVR-USB/src/isp.cpp:77

  uint8_t spi_exchange (const uint8_t _data) {
    uint8_t _d = _data;
    for (uint8_t _i = 0; _i < 8; _i++) {
      if (_d & 0x80) digitalWriteMacro(PIN_PGM_MOSI, HIGH);
      else           digitalWriteMacro(PIN_PGM_MOSI, LOW);
    1b9c:	ed 91       	ld	r30, X+
    1b9e:	fc 91       	ld	r31, X
/Users/askn/Library/Arduino15/packages/MultiX-Zinnia/hardware/modernAVR/0.4.10/cores/modernAVR/api/Print.h:58

  virtual size_t write (uint8_t) = 0;

  /* Value and Strings */

  inline size_t write (const char _c) { return write((uint8_t) _c); }
    1ba0:	01 90       	ld	r0, Z+
    1ba2:	f0 81       	ld	r31, Z
    1ba4:	e0 2d       	mov	r30, r0
    1ba6:	09 94       	ijmp

00001ba8 <Print::printHex(void const*, unsigned int, char, unsigned int, char const*) [clone .constprop.12]>:
printHex():
    1ba8:	8f 92       	push	r8
    1baa:	9f 92       	push	r9
    1bac:	af 92       	push	r10
/Users/askn/Library/Arduino15/packages/MultiX-Zinnia/hardware/modernAVR/0.4.10/cores/modernAVR/api/cpp/Print_puts.cpp:85
    }
  }
  return *this;
}

Print& Print::printHex (const void* _source, size_t _length, char _separator, size_t _wrap, const char* _split) {
    1bae:	bf 92       	push	r11
    1bb0:	cf 92       	push	r12
    1bb2:	df 92       	push	r13
    1bb4:	ef 92       	push	r14
    1bb6:	ff 92       	push	r15
    1bb8:	0f 93       	push	r16
    1bba:	1f 93       	push	r17
    1bbc:	cf 93       	push	r28
    1bbe:	df 93       	push	r29
    1bc0:	5a 01       	movw	r10, r20
    1bc2:	92 2e       	mov	r9, r18
    1bc4:	83 2e       	mov	r8, r19
    1bc6:	7c 01       	movw	r14, r24
    1bc8:	d0 e0       	ldi	r29, 0x00	; 0
    1bca:	c0 e0       	ldi	r28, 0x00	; 0
_print_hex():
    1bcc:	6b 01       	movw	r12, r22
/Users/askn/Library/Arduino15/packages/MultiX-Zinnia/hardware/modernAVR/0.4.10/cores/modernAVR/api/cpp/Print_puts.cpp:72
uint8_t _read (uint32_t _addr, bool _prog) {
  return _prog ? pgm_read_byte(_addr) : *((uint8_t*)_addr);
}

Print& Print::_print_hex (Print_OPT_HEX_t p) {
  size_t _count = 0;
    1bce:	81 e0       	ldi	r24, 0x01	; 1
    1bd0:	c8 1a       	sub	r12, r24
/Users/askn/Library/Arduino15/packages/MultiX-Zinnia/hardware/modernAVR/0.4.10/cores/modernAVR/api/cpp/Print_puts.cpp:73
  while (p.length--) {
    1bd2:	d1 08       	sbc	r13, r1
    1bd4:	67 2b       	or	r22, r23
    1bd6:	b9 f1       	breq	.+110    	; 0x1c46 <Print::printHex(void const*, unsigned int, char, unsigned int, char const*) [clone .constprop.12]+0x9e>
_read():
    1bd8:	f7 01       	movw	r30, r14
    1bda:	11 91       	ld	r17, Z+
    1bdc:	7f 01       	movw	r14, r30
_print_hex():
/Users/askn/Library/Arduino15/packages/MultiX-Zinnia/hardware/modernAVR/0.4.10/cores/modernAVR/api/cpp/Print_puts.cpp:68
/*
 * Hex Dump
 */

uint8_t _read (uint32_t _addr, bool _prog) {
  return _prog ? pgm_read_byte(_addr) : *((uint8_t*)_addr);
    1bde:	81 2f       	mov	r24, r17
    1be0:	82 95       	swap	r24
btoh():
    1be2:	8f 70       	andi	r24, 0x0F	; 15
/Users/askn/Library/Arduino15/packages/MultiX-Zinnia/hardware/modernAVR/0.4.10/cores/modernAVR/api/cpp/Print_puts.cpp:75

Print& Print::_print_hex (Print_OPT_HEX_t p) {
  size_t _count = 0;
  while (p.length--) {
    uint8_t _c = _read(p.addr++, p.prog);
    write(btoh(__builtin_avr_swap(_c)));
    1be4:	60 e3       	ldi	r22, 0x30	; 48
    1be6:	68 0f       	add	r22, r24
/Users/askn/Library/Arduino15/packages/MultiX-Zinnia/hardware/modernAVR/0.4.10/cores/modernAVR/api/cpp/btools.cpp:69
    _p++; _r--;
  }
}

char btoh (uint8_t _x) {
  _x = (_x & 15) + '0';
    1be8:	6a 33       	cpi	r22, 0x3A	; 58
    1bea:	10 f0       	brcs	.+4      	; 0x1bf0 <Print::printHex(void const*, unsigned int, char, unsigned int, char const*) [clone .constprop.12]+0x48>
    1bec:	67 e3       	ldi	r22, 0x37	; 55
/Users/askn/Library/Arduino15/packages/MultiX-Zinnia/hardware/modernAVR/0.4.10/cores/modernAVR/api/cpp/btools.cpp:70
  if (_x > '9') _x += 7;
    1bee:	68 0f       	add	r22, r24
_print_hex():
    1bf0:	82 ed       	ldi	r24, 0xD2	; 210
    1bf2:	90 e6       	ldi	r25, 0x60	; 96
    1bf4:	d2 df       	rcall	.-92     	; 0x1b9a <Print::write(char)>
btoh():
/Users/askn/Library/Arduino15/packages/MultiX-Zinnia/hardware/modernAVR/0.4.10/cores/modernAVR/api/cpp/Print_puts.cpp:75
    1bf6:	1f 70       	andi	r17, 0x0F	; 15
    1bf8:	60 e3       	ldi	r22, 0x30	; 48
    1bfa:	61 0f       	add	r22, r17
    1bfc:	6a 33       	cpi	r22, 0x3A	; 58
/Users/askn/Library/Arduino15/packages/MultiX-Zinnia/hardware/modernAVR/0.4.10/cores/modernAVR/api/cpp/btools.cpp:69
    _p++; _r--;
  }
}

char btoh (uint8_t _x) {
  _x = (_x & 15) + '0';
    1bfe:	10 f0       	brcs	.+4      	; 0x1c04 <Print::printHex(void const*, unsigned int, char, unsigned int, char const*) [clone .constprop.12]+0x5c>
    1c00:	67 e3       	ldi	r22, 0x37	; 55
    1c02:	61 0f       	add	r22, r17
_print_hex():
/Users/askn/Library/Arduino15/packages/MultiX-Zinnia/hardware/modernAVR/0.4.10/cores/modernAVR/api/cpp/btools.cpp:70
  if (_x > '9') _x += 7;
    1c04:	82 ed       	ldi	r24, 0xD2	; 210
    1c06:	90 e6       	ldi	r25, 0x60	; 96
    1c08:	c8 df       	rcall	.-112    	; 0x1b9a <Print::write(char)>
    1c0a:	c1 14       	cp	r12, r1
/Users/askn/Library/Arduino15/packages/MultiX-Zinnia/hardware/modernAVR/0.4.10/cores/modernAVR/api/cpp/Print_puts.cpp:76
    write(btoh(_c));
    1c0c:	d1 04       	cpc	r13, r1
    1c0e:	a1 f0       	breq	.+40     	; 0x1c38 <Print::printHex(void const*, unsigned int, char, unsigned int, char const*) [clone .constprop.12]+0x90>
    1c10:	21 96       	adiw	r28, 0x01	; 1
    1c12:	ac 16       	cp	r10, r28
/Users/askn/Library/Arduino15/packages/MultiX-Zinnia/hardware/modernAVR/0.4.10/cores/modernAVR/api/cpp/Print_puts.cpp:77
    if (p.length) {
    1c14:	bd 06       	cpc	r11, r29
    1c16:	91 f4       	brne	.+36     	; 0x1c3c <Print::printHex(void const*, unsigned int, char, unsigned int, char const*) [clone .constprop.12]+0x94>
    1c18:	09 2d       	mov	r16, r9
/Users/askn/Library/Arduino15/packages/MultiX-Zinnia/hardware/modernAVR/0.4.10/cores/modernAVR/api/cpp/Print_puts.cpp:78
      if (++_count == p.wrap) { puts(p.split); _count -= p.wrap; }
    1c1a:	18 2d       	mov	r17, r8
puts():
    1c1c:	f8 01       	movw	r30, r16
    1c1e:	61 91       	ld	r22, Z+
    1c20:	8f 01       	movw	r16, r30
    1c22:	66 23       	and	r22, r22
    1c24:	39 f0       	breq	.+14     	; 0x1c34 <Print::printHex(void const*, unsigned int, char, unsigned int, char const*) [clone .constprop.12]+0x8c>
/Users/askn/Library/Arduino15/packages/MultiX-Zinnia/hardware/modernAVR/0.4.10/cores/modernAVR/api/cpp/Print_puts.cpp:35

size_t Print::puts (const char _str[]) {
  char _c;
  size_t _n = 0;
  char* _p = (char *) _str;
  while ((_c = *_p++)) {
    1c26:	82 ed       	ldi	r24, 0xD2	; 210
    1c28:	90 e6       	ldi	r25, 0x60	; 96
    1c2a:	b7 df       	rcall	.-146    	; 0x1b9a <Print::write(char)>
    1c2c:	ec 01       	movw	r28, r24
    1c2e:	89 2b       	or	r24, r25
/Users/askn/Library/Arduino15/packages/MultiX-Zinnia/hardware/modernAVR/0.4.10/cores/modernAVR/api/cpp/Print_puts.cpp:36
    if (write(_c)) _n++;
    1c30:	a9 f7       	brne	.-22     	; 0x1c1c <Print::printHex(void const*, unsigned int, char, unsigned int, char const*) [clone .constprop.12]+0x74>
    1c32:	02 c0       	rjmp	.+4      	; 0x1c38 <Print::printHex(void const*, unsigned int, char, unsigned int, char const*) [clone .constprop.12]+0x90>
printHex():
    1c34:	d0 e0       	ldi	r29, 0x00	; 0
    1c36:	c0 e0       	ldi	r28, 0x00	; 0
    1c38:	b6 01       	movw	r22, r12
    1c3a:	c8 cf       	rjmp	.-112    	; 0x1bcc <Print::printHex(void const*, unsigned int, char, unsigned int, char const*) [clone .constprop.12]+0x24>
_print_hex():
    1c3c:	6a e3       	ldi	r22, 0x3A	; 58
    1c3e:	82 ed       	ldi	r24, 0xD2	; 210
/Users/askn/Library/Arduino15/packages/MultiX-Zinnia/hardware/modernAVR/0.4.10/cores/modernAVR/api/cpp/Print_puts.cpp:78
  while (p.length--) {
    uint8_t _c = _read(p.addr++, p.prog);
    write(btoh(__builtin_avr_swap(_c)));
    write(btoh(_c));
    if (p.length) {
      if (++_count == p.wrap) { puts(p.split); _count -= p.wrap; }
    1c40:	90 e6       	ldi	r25, 0x60	; 96
    1c42:	ab df       	rcall	.-170    	; 0x1b9a <Print::write(char)>
    1c44:	f9 cf       	rjmp	.-14     	; 0x1c38 <Print::printHex(void const*, unsigned int, char, unsigned int, char const*) [clone .constprop.12]+0x90>
printHex():
    1c46:	82 ed       	ldi	r24, 0xD2	; 210
/Users/askn/Library/Arduino15/packages/MultiX-Zinnia/hardware/modernAVR/0.4.10/cores/modernAVR/api/cpp/Print_puts.cpp:79
      else if (p.sep) write(p.sep);
    1c48:	90 e6       	ldi	r25, 0x60	; 96
    1c4a:	df 91       	pop	r29
    1c4c:	cf 91       	pop	r28
    1c4e:	1f 91       	pop	r17
    1c50:	0f 91       	pop	r16
    1c52:	ff 90       	pop	r15
/Users/askn/Library/Arduino15/packages/MultiX-Zinnia/hardware/modernAVR/0.4.10/cores/modernAVR/api/cpp/Print_puts.cpp:95
  , _wrap
  , _separator
  , false
  };
  return _print_hex(p);
}
    1c54:	ef 90       	pop	r14
    1c56:	df 90       	pop	r13
    1c58:	cf 90       	pop	r12
    1c5a:	bf 90       	pop	r11
    1c5c:	af 90       	pop	r10
    1c5e:	9f 90       	pop	r9
    1c60:	8f 90       	pop	r8
    1c62:	08 95       	ret

00001c64 <Print::ln()>:
ln():
    1c64:	cf 93       	push	r28
    1c66:	df 93       	push	r29
    1c68:	ec 01       	movw	r28, r24
    1c6a:	6d e0       	ldi	r22, 0x0D	; 13
    1c6c:	96 df       	rcall	.-212    	; 0x1b9a <Print::write(char)>
    1c6e:	6a e0       	ldi	r22, 0x0A	; 10
/Users/askn/Library/Arduino15/packages/MultiX-Zinnia/hardware/modernAVR/0.4.10/cores/modernAVR/api/Print.h:73
  size_t puts (const char _str[]);
  size_t puts (const PGM_t _str[]);

  /* Support */

  inline Print& ln (void) { write('\r'); write('\n'); return *this; }
    1c70:	ce 01       	movw	r24, r28
    1c72:	93 df       	rcall	.-218    	; 0x1b9a <Print::write(char)>
    1c74:	ce 01       	movw	r24, r28
    1c76:	df 91       	pop	r29
    1c78:	cf 91       	pop	r28
    1c7a:	08 95       	ret

00001c7c <Print::printf(PGM_t const*, ...) [clone .constprop.16]>:
printf():
    1c7c:	cf 93       	push	r28
    1c7e:	df 93       	push	r29
    1c80:	cd b7       	in	r28, 0x3d	; 61
    1c82:	de b7       	in	r29, 0x3e	; 62
    1c84:	2e 97       	sbiw	r28, 0x0e	; 14
    1c86:	cd bf       	out	0x3d, r28	; 61
    1c88:	de bf       	out	0x3e, r29	; 62
/Users/askn/Library/Arduino15/packages/MultiX-Zinnia/hardware/modernAVR/0.4.10/cores/modernAVR/api/cpp/Print_format.cpp:35
  va_start(_ap, _format);
  vfprintf(&_fp, _format, _ap);
  return *this;
}

Print& Print::printf (const PGM_t *_format, ...) {
    1c8a:	8c ec       	ldi	r24, 0xCC	; 204
    1c8c:	96 e0       	ldi	r25, 0x06	; 6
    1c8e:	89 87       	std	Y+9, r24	; 0x09
    1c90:	9a 87       	std	Y+10, r25	; 0x0a
    1c92:	1b 86       	std	Y+11, r1	; 0x0b
    1c94:	1c 86       	std	Y+12, r1	; 0x0c
    1c96:	82 e0       	ldi	r24, 0x02	; 2
/Users/askn/Library/Arduino15/packages/MultiX-Zinnia/hardware/modernAVR/0.4.10/cores/modernAVR/api/cpp/Print_format.cpp:38
  FILE _fp;
  va_list _ap;
  fdev_setup_stream(&_fp, printf_putchar, NULL, _FDEV_SETUP_WRITE);
    1c98:	8c 83       	std	Y+4, r24	; 0x04
    1c9a:	82 ed       	ldi	r24, 0xD2	; 210
    1c9c:	90 e6       	ldi	r25, 0x60	; 96
    1c9e:	8d 87       	std	Y+13, r24	; 0x0d
    1ca0:	9e 87       	std	Y+14, r25	; 0x0e
    1ca2:	ae 01       	movw	r20, r28
    1ca4:	49 5e       	subi	r20, 0xE9	; 233
    1ca6:	5f 4f       	sbci	r21, 0xFF	; 255
/Users/askn/Library/Arduino15/packages/MultiX-Zinnia/hardware/modernAVR/0.4.10/cores/modernAVR/api/cpp/Print_format.cpp:39
  fdev_set_udata(&_fp, this);
    1ca8:	6d 89       	ldd	r22, Y+21	; 0x15
    1caa:	7e 89       	ldd	r23, Y+22	; 0x16
    1cac:	ce 01       	movw	r24, r28
    1cae:	01 96       	adiw	r24, 0x01	; 1
/Users/askn/Library/Arduino15/packages/MultiX-Zinnia/hardware/modernAVR/0.4.10/cores/modernAVR/api/cpp/Print_format.cpp:41
  va_start(_ap, _format);
  vfprintf_P(&_fp, (const char *) _format, _ap);
    1cb0:	0e 94 87 32 	call	0x650e	; 0x650e <vfprintf_P>
    1cb4:	82 ed       	ldi	r24, 0xD2	; 210
    1cb6:	90 e6       	ldi	r25, 0x60	; 96
    1cb8:	2e 96       	adiw	r28, 0x0e	; 14
    1cba:	cd bf       	out	0x3d, r28	; 61
    1cbc:	de bf       	out	0x3e, r29	; 62
    1cbe:	df 91       	pop	r29
    1cc0:	cf 91       	pop	r28
/Users/askn/Library/Arduino15/packages/MultiX-Zinnia/hardware/modernAVR/0.4.10/cores/modernAVR/api/cpp/Print_format.cpp:43
  return *this;
}
    1cc2:	08 95       	ret

00001cc4 <USART::change_pdi()>:
change_pdi():
    1cc4:	cf 93       	push	r28
    1cc6:	cf b7       	in	r28, 0x3f	; 63
__iCliRetVal():
    1cc8:	f8 94       	cli
change_pdi():
    1cca:	81 e1       	ldi	r24, 0x11	; 17
    1ccc:	80 93 e2 05 	sts	0x05E2, r24	; 0x8005e2 <__TEXT_REGION_LENGTH__+0x7f05e2>
    1cd0:	80 e8       	ldi	r24, 0x80	; 128
/Users/askn/Develop/UPDI4AVR-USB/src/usart.cpp:123
    }
  }

  /*** Set up single-wire synchronous mode for PDI operation. ***/
  /* The TRST is repurposed to transmit the synchronous clock. */
  void change_pdi (void) {
    1cd2:	80 93 16 04 	sts	0x0416, r24	; 0x800416 <__TEXT_REGION_LENGTH__+0x7f0416>
/Users/askn/Develop/UPDI4AVR-USB/src/usart.cpp:126
    #if defined(CONFIG_PGM_PDI_ENABLE)
    ATOMIC_BLOCK(ATOMIC_RESTORESTATE) {
      PORTMUX_USARTROUTEA = PORTMUX_USART_PDI;
    1cd6:	06 9a       	sbi	0x00, 6	; 0
    1cd8:	80 e2       	ldi	r24, 0x20	; 32
    1cda:	80 93 04 08 	sts	0x0804, r24	; 0x800804 <__TEXT_REGION_LENGTH__+0x7f0804>
sync_baud_khz():
/Users/askn/Develop/UPDI4AVR-USB/src/usart.cpp:127
      pinControlRegister(PIN_PGM_PCLK) = PORT_INVEN_bm;
    1cde:	20 91 84 63 	lds	r18, 0x6384	; 0x806384 <_xclk>
/Users/askn/Develop/UPDI4AVR-USB/src/usart.cpp:128
      pinLogicPull(PIN_PGM_PCLK);   /* Everything except CNANO is shared with TRST */
    1ce2:	30 91 85 63 	lds	r19, 0x6385	; 0x806385 <_xclk+0x1>
/Users/askn/Develop/UPDI4AVR-USB/src/usart.cpp:129
      USART0_STATUS = USART_DREIF_bm;
    1ce6:	50 e0       	ldi	r21, 0x00	; 0
    1ce8:	40 e0       	ldi	r20, 0x00	; 0
/Users/askn/Develop/UPDI4AVR-USB/src/usart.cpp:50
    else if (_baud > 0xFFFFU) _baud = 0xFFFF;
    return _baud;
  }

  uint16_t sync_baud_khz (uint16_t _khz) {
    uint32_t _baud = ((F_CPU / 1000) / _khz + 1) / 2;
    1cea:	60 e2       	ldi	r22, 0x20	; 32
    1cec:	7e e4       	ldi	r23, 0x4E	; 78
    1cee:	80 e0       	ldi	r24, 0x00	; 0
    1cf0:	90 e0       	ldi	r25, 0x00	; 0
    1cf2:	0e 94 6b 35 	call	0x6ad6	; 0x6ad6 <__divmodsi4>
    1cf6:	da 01       	movw	r26, r20
    1cf8:	c9 01       	movw	r24, r18
    1cfa:	01 96       	adiw	r24, 0x01	; 1
    1cfc:	a1 1d       	adc	r26, r1
    1cfe:	b1 1d       	adc	r27, r1
    1d00:	b5 95       	asr	r27
    1d02:	a7 95       	ror	r26
    1d04:	97 95       	ror	r25
    1d06:	87 95       	ror	r24
    1d08:	36 e0       	ldi	r19, 0x06	; 6
    1d0a:	88 0f       	add	r24, r24
    1d0c:	99 1f       	adc	r25, r25
    1d0e:	aa 1f       	adc	r26, r26
    1d10:	bb 1f       	adc	r27, r27
/Users/askn/Develop/UPDI4AVR-USB/src/usart.cpp:51
    _baud <<= 6;
    1d12:	3a 95       	dec	r19
    1d14:	d1 f7       	brne	.-12     	; 0x1d0a <USART::change_pdi()+0x46>
    1d16:	00 97       	sbiw	r24, 0x00	; 0
    1d18:	21 e0       	ldi	r18, 0x01	; 1
    1d1a:	a2 07       	cpc	r26, r18
    1d1c:	b1 05       	cpc	r27, r1
    1d1e:	20 f0       	brcs	.+8      	; 0x1d28 <USART::change_pdi()+0x64>
    1d20:	8f ef       	ldi	r24, 0xFF	; 255
    1d22:	9f ef       	ldi	r25, 0xFF	; 255
    1d24:	a0 e0       	ldi	r26, 0x00	; 0
    1d26:	b0 e0       	ldi	r27, 0x00	; 0
    1d28:	80 34       	cpi	r24, 0x40	; 64
    1d2a:	91 05       	cpc	r25, r1
    1d2c:	a1 05       	cpc	r26, r1
    1d2e:	b1 05       	cpc	r27, r1
    1d30:	20 f4       	brcc	.+8      	; 0x1d3a <USART::change_pdi()+0x76>
/Users/askn/Develop/UPDI4AVR-USB/src/usart.cpp:54
    if (_baud < 64) _baud = 64;
    else if (_baud > 0xFFFFU) _baud = 0xFFFF;
    return _baud;
    1d32:	80 e4       	ldi	r24, 0x40	; 64
    1d34:	90 e0       	ldi	r25, 0x00	; 0
    1d36:	a0 e0       	ldi	r26, 0x00	; 0
    1d38:	b0 e0       	ldi	r27, 0x00	; 0
change_pdi():
    1d3a:	80 93 08 08 	sts	0x0808, r24	; 0x800808 <__TEXT_REGION_LENGTH__+0x7f0808>
    1d3e:	90 93 09 08 	sts	0x0809, r25	; 0x800809 <__TEXT_REGION_LENGTH__+0x7f0809>
    1d42:	8b e6       	ldi	r24, 0x6B	; 107
/Users/askn/Develop/UPDI4AVR-USB/src/usart.cpp:130
    ATOMIC_BLOCK(ATOMIC_RESTORESTATE) {
      PORTMUX_USARTROUTEA = PORTMUX_USART_PDI;
      pinControlRegister(PIN_PGM_PCLK) = PORT_INVEN_bm;
      pinLogicPull(PIN_PGM_PCLK);   /* Everything except CNANO is shared with TRST */
      USART0_STATUS = USART_DREIF_bm;
      USART0_BAUD  = sync_baud_khz(_xclk);
    1d44:	80 93 07 08 	sts	0x0807, r24	; 0x800807 <__TEXT_REGION_LENGTH__+0x7f0807>
    1d48:	8a e0       	ldi	r24, 0x0A	; 10
    1d4a:	80 93 05 08 	sts	0x0805, r24	; 0x800805 <__TEXT_REGION_LENGTH__+0x7f0805>
/Users/askn/Develop/UPDI4AVR-USB/src/usart.cpp:131
      USART0_CTRLC = USART_CHSIZE_8BIT_gc | USART_PMODE_EVEN_gc | USART_CMODE_SYNCHRONOUS_gc | USART_SBMODE_2BIT_gc;
    1d4e:	80 e8       	ldi	r24, 0x80	; 128
    1d50:	80 93 06 08 	sts	0x0806, r24	; 0x800806 <__TEXT_REGION_LENGTH__+0x7f0806>
/Users/askn/Develop/UPDI4AVR-USB/src/usart.cpp:132
      USART0_CTRLA = USART_LBME_bm | USART_RS485_INT_gc;
    1d54:	80 91 08 08 	lds	r24, 0x0808	; 0x800808 <__TEXT_REGION_LENGTH__+0x7f0808>
/Users/askn/Develop/UPDI4AVR-USB/src/usart.cpp:133
      USART0_CTRLB = USART_RXEN_bm;
    1d58:	90 91 09 08 	lds	r25, 0x0809	; 0x800809 <__TEXT_REGION_LENGTH__+0x7f0809>
    1d5c:	9f 93       	push	r25
/Users/askn/Develop/UPDI4AVR-USB/src/usart.cpp:134
      D1PRINTF(" USART=PDI BAUD=%04X\r\n", USART0_BAUD);
    1d5e:	8f 93       	push	r24
    1d60:	83 e8       	ldi	r24, 0x83	; 131
    1d62:	9c e0       	ldi	r25, 0x0C	; 12
    1d64:	9f 93       	push	r25
    1d66:	8f 93       	push	r24
    1d68:	82 ed       	ldi	r24, 0xD2	; 210
    1d6a:	90 e6       	ldi	r25, 0x60	; 96
    1d6c:	9f 93       	push	r25
    1d6e:	8f 93       	push	r24
    1d70:	85 df       	rcall	.-246    	; 0x1c7c <Print::printf(PGM_t const*, ...) [clone .constprop.16]>
__iRestore():
    1d72:	cf bf       	out	0x3f, r28	; 63
    1d74:	0f 90       	pop	r0
    1d76:	0f 90       	pop	r0
    1d78:	0f 90       	pop	r0
    1d7a:	0f 90       	pop	r0
/Users/askn/Library/Arduino15/packages/MultiX-Zinnia/tools/avr8-gcc/7.3.0-avr8-gnu-toolchain/avr/include/util/atomic.h:70
    1d7c:	0f 90       	pop	r0
/Users/askn/Library/Arduino15/packages/MultiX-Zinnia/tools/avr8-gcc/7.3.0-avr8-gnu-toolchain/avr/include/util/atomic.h:71
    __asm__ volatile ("" ::: "memory");
    1d7e:	0f 90       	pop	r0
change_pdi():
    1d80:	cf 91       	pop	r28
    1d82:	08 95       	ret

00001d84 <SYS::LED_TM(unsigned char, unsigned int) [clone .part.3]>:
_ZN3SYS6LED_TMEhj.part.3():
    1d84:	0f 93       	push	r16
    1d86:	1f 93       	push	r17
    1d88:	cf 93       	push	r28
/Users/askn/Develop/UPDI4AVR-USB/src/usart.cpp:137
    }
    #endif
  }
    1d8a:	c8 2f       	mov	r28, r24
    1d8c:	8b 01       	movw	r16, r22
/Users/askn/Develop/UPDI4AVR-USB/src/sys.cpp:194
      TCB0_CTRLA = TCB_ENABLE_bm | TCB_CLKSEL_TCA0_gc;
      _led_mode = 1;
    }
  }

  WEAK void LED_TM (uint8_t _mode, uint16_t _ccmp) {
    1d8e:	1f 92       	push	r1
    1d90:	8f 93       	push	r24
    1d92:	8d ec       	ldi	r24, 0xCD	; 205
    1d94:	9a e0       	ldi	r25, 0x0A	; 10
    1d96:	9f 93       	push	r25
/Users/askn/Develop/UPDI4AVR-USB/src/sys.cpp:196
    if (_led_mode != _mode) {
      D1PRINTF(" LED=%d\r\n", _mode);
    1d98:	8f 93       	push	r24
    1d9a:	82 ed       	ldi	r24, 0xD2	; 210
    1d9c:	90 e6       	ldi	r25, 0x60	; 96
    1d9e:	9f 93       	push	r25
    1da0:	8f 93       	push	r24
    1da2:	6c df       	rcall	.-296    	; 0x1c7c <Print::printf(PGM_t const*, ...) [clone .constprop.16]>
    1da4:	10 92 2a 0a 	sts	0x0A2A, r1	; 0x800a2a <__TEXT_REGION_LENGTH__+0x7f0a2a>
    1da8:	8f e0       	ldi	r24, 0x0F	; 15
    1daa:	80 93 00 0a 	sts	0x0A00, r24	; 0x800a00 <__TEXT_REGION_LENGTH__+0x7f0a00>
    1dae:	98 01       	movw	r18, r16
/Users/askn/Develop/UPDI4AVR-USB/src/sys.cpp:197
      TCA0_SPLIT_LCMP1 = 0;             /* turn off TCA0_WO1 */
    1db0:	36 95       	lsr	r19
    1db2:	27 95       	ror	r18
/Users/askn/Develop/UPDI4AVR-USB/src/sys.cpp:198
      TCA0_SPLIT_CTRLA = TCA_SPLIT_ENABLE_bm | TCA_SPLIT_CLKSEL_DIV1024_gc;
    1db4:	a9 01       	movw	r20, r18
    1db6:	42 50       	subi	r20, 0x02	; 2
    1db8:	51 09       	sbc	r21, r1
/Users/askn/Develop/UPDI4AVR-USB/src/sys.cpp:199
      TCB0_CNT   = (_ccmp >> 1) - 2;
    1dba:	40 93 0a 0b 	sts	0x0B0A, r20	; 0x800b0a <__TEXT_REGION_LENGTH__+0x7f0b0a>
    1dbe:	50 93 0b 0b 	sts	0x0B0B, r21	; 0x800b0b <__TEXT_REGION_LENGTH__+0x7f0b0b>
    1dc2:	00 93 0c 0b 	sts	0x0B0C, r16	; 0x800b0c <__TEXT_REGION_LENGTH__+0x7f0b0c>
    1dc6:	20 93 0d 0b 	sts	0x0B0D, r18	; 0x800b0d <__TEXT_REGION_LENGTH__+0x7f0b0d>
    1dca:	80 93 00 0b 	sts	0x0B00, r24	; 0x800b00 <__TEXT_REGION_LENGTH__+0x7f0b00>
/Users/askn/Develop/UPDI4AVR-USB/src/sys.cpp:200
      TCB0_CCMPL = _ccmp;
    1dce:	c0 93 82 63 	sts	0x6382, r28	; 0x806382 <_led_mode>
/Users/askn/Develop/UPDI4AVR-USB/src/sys.cpp:201
      TCB0_CCMPH = _ccmp >> 1;          /* compare TCB0_WO */
    1dd2:	0f 90       	pop	r0
    1dd4:	0f 90       	pop	r0
/Users/askn/Develop/UPDI4AVR-USB/src/sys.cpp:202
      TCB0_CTRLA = TCB_ENABLE_bm | TCB_CLKSEL_EVENT_gc;
    1dd6:	0f 90       	pop	r0
    1dd8:	0f 90       	pop	r0
/Users/askn/Develop/UPDI4AVR-USB/src/sys.cpp:203
      _led_mode = _mode;
    1dda:	0f 90       	pop	r0
    1ddc:	0f 90       	pop	r0
    1dde:	cf 91       	pop	r28
    1de0:	1f 91       	pop	r17
    1de2:	0f 91       	pop	r16
    1de4:	08 95       	ret

00001de6 <SYS::LED_Flash()>:
LED_TM():
    1de6:	80 91 82 63 	lds	r24, 0x6382	; 0x806382 <_led_mode>
/Users/askn/Develop/UPDI4AVR-USB/src/sys.cpp:205
    }
  }
    1dea:	82 30       	cpi	r24, 0x02	; 2
    1dec:	21 f0       	breq	.+8      	; 0x1df6 <SYS::LED_Flash()+0x10>
    1dee:	60 e2       	ldi	r22, 0x20	; 32
/Users/askn/Develop/UPDI4AVR-USB/src/sys.cpp:195
      _led_mode = 1;
    }
  }

  WEAK void LED_TM (uint8_t _mode, uint16_t _ccmp) {
    if (_led_mode != _mode) {
    1df0:	70 e0       	ldi	r23, 0x00	; 0
    1df2:	82 e0       	ldi	r24, 0x02	; 2
    1df4:	c7 cf       	rjmp	.-114    	; 0x1d84 <SYS::LED_TM(unsigned char, unsigned int) [clone .part.3]>
LED_Flash():
    1df6:	08 95       	ret

00001df8 <SYS::LED_HeartBeat()>:
LED_HeartBeat():
    1df8:	80 91 82 63 	lds	r24, 0x6382	; 0x806382 <_led_mode>
    1dfc:	81 30       	cpi	r24, 0x01	; 1
    1dfe:	29 f1       	breq	.+74     	; 0x1e4a <SYS::LED_HeartBeat()+0x52>
    1e00:	83 ec       	ldi	r24, 0xC3	; 195
/Users/askn/Develop/UPDI4AVR-USB/src/sys.cpp:210
  }

  /* USB uplink is disabled indicator. */
  WEAK void LED_Flash (void) {
    LED_TM(2, 32);
  }
    1e02:	9a e0       	ldi	r25, 0x0A	; 10
/Users/askn/Develop/UPDI4AVR-USB/src/sys.cpp:181
  * LED operation switching
  */

  /* Heartbeat (waiting) */
  WEAK void LED_HeartBeat (void) {
    if (_led_mode != 1) {
    1e04:	9f 93       	push	r25
    1e06:	8f 93       	push	r24
    1e08:	82 ed       	ldi	r24, 0xD2	; 210
    1e0a:	90 e6       	ldi	r25, 0x60	; 96
/Users/askn/Develop/UPDI4AVR-USB/src/sys.cpp:182
      D1PRINTF(" LED=HB\r\n");
    1e0c:	9f 93       	push	r25
    1e0e:	8f 93       	push	r24
    1e10:	35 df       	rcall	.-406    	; 0x1c7c <Print::printf(PGM_t const*, ...) [clone .constprop.16]>
    1e12:	84 ec       	ldi	r24, 0xC4	; 196
    1e14:	80 93 26 0a 	sts	0x0A26, r24	; 0x800a26 <__TEXT_REGION_LENGTH__+0x7f0a26>
    1e18:	82 e6       	ldi	r24, 0x62	; 98
    1e1a:	80 93 2a 0a 	sts	0x0A2A, r24	; 0x800a2a <__TEXT_REGION_LENGTH__+0x7f0a2a>
    1e1e:	9f e0       	ldi	r25, 0x0F	; 15
/Users/askn/Develop/UPDI4AVR-USB/src/sys.cpp:183
      TCA0_SPLIT_LPER  = TM_HBEAT - 1;
    1e20:	90 93 00 0a 	sts	0x0A00, r25	; 0x800a00 <__TEXT_REGION_LENGTH__+0x7f0a00>
    1e24:	10 92 0a 0b 	sts	0x0B0A, r1	; 0x800b0a <__TEXT_REGION_LENGTH__+0x7f0b0a>
/Users/askn/Develop/UPDI4AVR-USB/src/sys.cpp:184
      TCA0_SPLIT_LCMP1 = TM_HBEAT >> 1; /* compare TCA0_WO1 */
    1e28:	10 92 0b 0b 	sts	0x0B0B, r1	; 0x800b0b <__TEXT_REGION_LENGTH__+0x7f0b0b>
/Users/askn/Develop/UPDI4AVR-USB/src/sys.cpp:185
      TCA0_SPLIT_CTRLA = TCA_SPLIT_ENABLE_bm | TCA_SPLIT_CLKSEL_DIV1024_gc;
    1e2c:	95 ec       	ldi	r25, 0xC5	; 197
    1e2e:	90 93 0c 0b 	sts	0x0B0C, r25	; 0x800b0c <__TEXT_REGION_LENGTH__+0x7f0b0c>
/Users/askn/Develop/UPDI4AVR-USB/src/sys.cpp:186
      TCB0_CNT   = 0;
    1e32:	80 93 0d 0b 	sts	0x0B0D, r24	; 0x800b0d <__TEXT_REGION_LENGTH__+0x7f0b0d>
    1e36:	85 e0       	ldi	r24, 0x05	; 5
    1e38:	80 93 00 0b 	sts	0x0B00, r24	; 0x800b00 <__TEXT_REGION_LENGTH__+0x7f0b00>
/Users/askn/Develop/UPDI4AVR-USB/src/sys.cpp:187
      TCB0_CCMPL = TM_HBEAT;
    1e3c:	81 e0       	ldi	r24, 0x01	; 1
    1e3e:	80 93 82 63 	sts	0x6382, r24	; 0x806382 <_led_mode>
/Users/askn/Develop/UPDI4AVR-USB/src/sys.cpp:188
      TCB0_CCMPH = TM_HBEAT >> 1;       /* compare TCB0_WO */
    1e42:	0f 90       	pop	r0
/Users/askn/Develop/UPDI4AVR-USB/src/sys.cpp:189
      TCB0_CTRLA = TCB_ENABLE_bm | TCB_CLKSEL_TCA0_gc;
    1e44:	0f 90       	pop	r0
    1e46:	0f 90       	pop	r0
    1e48:	0f 90       	pop	r0
/Users/askn/Develop/UPDI4AVR-USB/src/sys.cpp:190
      _led_mode = 1;
    1e4a:	08 95       	ret

00001e4c <USART::change_vcp()>:
change_vcp():
    1e4c:	bf 92       	push	r11
    1e4e:	cf 92       	push	r12
    1e50:	df 92       	push	r13
    1e52:	ef 92       	push	r14
    1e54:	ff 92       	push	r15
    1e56:	0f 93       	push	r16
/Users/askn/Develop/UPDI4AVR-USB/src/sys.cpp:192
    }
  }
    1e58:	1f 93       	push	r17
/Users/askn/Develop/UPDI4AVR-USB/src/usart.cpp:141

  /*** Activates VCP operation. ***/
  /* Detailed parameters are specified in SET_LINE_ENCODING. */
  void change_vcp (void) {
    1e5a:	cf 93       	push	r28
    1e5c:	df 93       	push	r29
    1e5e:	00 d0       	rcall	.+0      	; 0x1e60 <USART::change_vcp()+0x14>
    1e60:	00 d0       	rcall	.+0      	; 0x1e62 <USART::change_vcp()+0x16>
    1e62:	cd b7       	in	r28, 0x3d	; 61
    1e64:	de b7       	in	r29, 0x3e	; 62
    1e66:	c0 90 cb 60 	lds	r12, 0x60CB	; 0x8060cb <_set_line_encoding>
    1e6a:	d0 90 cc 60 	lds	r13, 0x60CC	; 0x8060cc <_set_line_encoding+0x1>
    1e6e:	e0 90 cd 60 	lds	r14, 0x60CD	; 0x8060cd <_set_line_encoding+0x2>
/Users/askn/Develop/UPDI4AVR-USB/src/usart.cpp:143
    uint8_t _ctrlb = USART_RXEN_bm | USART_TXEN_bm | USART_ODME_bm;
    uint32_t _baud = _set_line_encoding.dwDTERate;
    1e72:	f0 90 ce 60 	lds	r15, 0x60CE	; 0x8060ce <_set_line_encoding+0x3>
    1e76:	ff 92       	push	r15
    1e78:	ef 92       	push	r14
    1e7a:	df 92       	push	r13
    1e7c:	cf 92       	push	r12
    1e7e:	8c eb       	ldi	r24, 0xBC	; 188
    1e80:	9c e0       	ldi	r25, 0x0C	; 12
/Users/askn/Develop/UPDI4AVR-USB/src/usart.cpp:144
    D1PRINTF(" BAUD=%ld", _baud);
    1e82:	9f 93       	push	r25
    1e84:	8f 93       	push	r24
    1e86:	82 ed       	ldi	r24, 0xD2	; 210
    1e88:	90 e6       	ldi	r25, 0x60	; 96
    1e8a:	9f 93       	push	r25
    1e8c:	8f 93       	push	r24
    1e8e:	f6 de       	rcall	.-532    	; 0x1c7c <Print::printf(PGM_t const*, ...) [clone .constprop.16]>
    1e90:	cd bf       	out	0x3d, r28	; 61
    1e92:	de bf       	out	0x3e, r29	; 62
    1e94:	c1 14       	cp	r12, r1
    1e96:	d1 04       	cpc	r13, r1
    1e98:	e1 04       	cpc	r14, r1
    1e9a:	f1 04       	cpc	r15, r1
    1e9c:	31 f4       	brne	.+12     	; 0x1eaa <USART::change_vcp()+0x5e>
/Users/askn/Develop/UPDI4AVR-USB/src/usart.cpp:146
    /* If the BAUD value is small, select double speed mode. */
    if (!_baud) _baud = 9600UL;
    1e9e:	30 e8       	ldi	r19, 0x80	; 128
    1ea0:	c3 2e       	mov	r12, r19
    1ea2:	35 e2       	ldi	r19, 0x25	; 37
    1ea4:	d3 2e       	mov	r13, r19
    1ea6:	e1 2c       	mov	r14, r1
    1ea8:	f1 2c       	mov	r15, r1
    1eaa:	60 e0       	ldi	r22, 0x00	; 0
    1eac:	78 e6       	ldi	r23, 0x68	; 104
    1eae:	89 e8       	ldi	r24, 0x89	; 137
    1eb0:	99 e0       	ldi	r25, 0x09	; 9
    1eb2:	a7 01       	movw	r20, r14
    1eb4:	96 01       	movw	r18, r12
/Users/askn/Develop/UPDI4AVR-USB/src/usart.cpp:147
    if (_baud) _baud = (((F_CPU * 8L) / _baud) + 1) >> 1;
    1eb6:	0e 94 49 35 	call	0x6a92	; 0x6a92 <__udivmodsi4>
    1eba:	da 01       	movw	r26, r20
    1ebc:	c9 01       	movw	r24, r18
    1ebe:	01 96       	adiw	r24, 0x01	; 1
    1ec0:	a1 1d       	adc	r26, r1
    1ec2:	b1 1d       	adc	r27, r1
    1ec4:	6c 01       	movw	r12, r24
    1ec6:	7d 01       	movw	r14, r26
    1ec8:	f6 94       	lsr	r15
    1eca:	e7 94       	ror	r14
    1ecc:	d7 94       	ror	r13
    1ece:	c7 94       	ror	r12
    1ed0:	20 e6       	ldi	r18, 0x60	; 96
    1ed2:	c2 16       	cp	r12, r18
    1ed4:	d1 04       	cpc	r13, r1
    1ed6:	e1 04       	cpc	r14, r1
/Users/askn/Develop/UPDI4AVR-USB/src/usart.cpp:148
    if (_baud < 96) {
    1ed8:	f1 04       	cpc	r15, r1
    1eda:	08 f0       	brcs	.+2      	; 0x1ede <USART::change_vcp()+0x92>
    1edc:	77 c0       	rjmp	.+238    	; 0x1fcc <USART::change_vcp()+0x180>
    1ede:	6c 01       	movw	r12, r24
    1ee0:	7d 01       	movw	r14, r26
    1ee2:	e8 94       	clt
/Users/askn/Develop/UPDI4AVR-USB/src/usart.cpp:149
      _baud <<= 1;
    1ee4:	c0 f8       	bld	r12, 0
    1ee6:	9a ec       	ldi	r25, 0xCA	; 202
    1ee8:	b9 2e       	mov	r11, r25
/Users/askn/Develop/UPDI4AVR-USB/src/usart.cpp:150
      _ctrlb |= USART_RXMODE_CLK2X_gc;
    1eea:	ff 92       	push	r15
    1eec:	ef 92       	push	r14
/Users/askn/Develop/UPDI4AVR-USB/src/usart.cpp:152
    }
    D1PRINTF("->%04X\r\n", _baud);
    1eee:	df 92       	push	r13
    1ef0:	cf 92       	push	r12
    1ef2:	83 eb       	ldi	r24, 0xB3	; 179
    1ef4:	9c e0       	ldi	r25, 0x0C	; 12
    1ef6:	9f 93       	push	r25
    1ef8:	8f 93       	push	r24
    1efa:	02 ed       	ldi	r16, 0xD2	; 210
    1efc:	10 e6       	ldi	r17, 0x60	; 96
    1efe:	1f 93       	push	r17
    1f00:	0f 93       	push	r16
    1f02:	bc de       	rcall	.-648    	; 0x1c7c <Print::printf(PGM_t const*, ...) [clone .constprop.16]>
    1f04:	cd bf       	out	0x3d, r28	; 61
    1f06:	de bf       	out	0x3e, r29	; 62
/Users/askn/Develop/UPDI4AVR-USB/src/usart.cpp:153
    if (_baud < 0x10000UL && _baud >= 64) {
    1f08:	d7 01       	movw	r26, r14
    1f0a:	c6 01       	movw	r24, r12
    1f0c:	80 54       	subi	r24, 0x40	; 64
    1f0e:	91 09       	sbc	r25, r1
    1f10:	a1 09       	sbc	r26, r1
    1f12:	b1 09       	sbc	r27, r1
    1f14:	80 3c       	cpi	r24, 0xC0	; 192
    1f16:	9f 4f       	sbci	r25, 0xFF	; 255
    1f18:	a1 05       	cpc	r26, r1
    1f1a:	b1 05       	cpc	r27, r1
    1f1c:	08 f0       	brcs	.+2      	; 0x1f20 <USART::change_vcp()+0xd4>
    1f1e:	5b c0       	rjmp	.+182    	; 0x1fd6 <USART::change_vcp()+0x18a>
    1f20:	90 91 d1 60 	lds	r25, 0x60D1	; 0x8060d1 <_set_line_encoding+0x6>
/Users/askn/Develop/UPDI4AVR-USB/src/usart.cpp:154
      uint8_t _bits = _set_line_encoding.bDataBits - 5;
    1f24:	95 50       	subi	r25, 0x05	; 5
    1f26:	40 91 2a 60 	lds	r20, 0x602A	; 0x80602a <UPDI::_set_ptr24+0x6>
/Users/askn/Develop/UPDI4AVR-USB/src/usart.cpp:155
      uint8_t _ctrlc = (uint8_t[]){
    1f2a:	50 91 2b 60 	lds	r21, 0x602B	; 0x80602b <UPDI::_set_ptr24+0x7>
    1f2e:	60 91 2c 60 	lds	r22, 0x602C	; 0x80602c <UPDI::_set_ptr24+0x8>
    1f32:	70 91 2d 60 	lds	r23, 0x602D	; 0x80602d <UPDI::_set_ptr24+0x9>
    1f36:	49 83       	std	Y+1, r20	; 0x01
    1f38:	5a 83       	std	Y+2, r21	; 0x02
    1f3a:	6b 83       	std	Y+3, r22	; 0x03
    1f3c:	7c 83       	std	Y+4, r23	; 0x04
/Users/askn/Develop/UPDI4AVR-USB/src/usart.cpp:157
        USART_PMODE_DISABLED_gc, USART_PMODE_ODD_gc, USART_PMODE_EVEN_gc, USART_PMODE_DISABLED_gc
      }[_set_line_encoding.bParityType & 3]
    1f3e:	e0 91 d0 60 	lds	r30, 0x60D0	; 0x8060d0 <_set_line_encoding+0x5>
    1f42:	e3 70       	andi	r30, 0x03	; 3
    1f44:	ec 0f       	add	r30, r28
    1f46:	fd 2f       	mov	r31, r29
    1f48:	f1 1d       	adc	r31, r1
    1f4a:	81 81       	ldd	r24, Z+1	; 0x01
/Users/askn/Develop/UPDI4AVR-USB/src/usart.cpp:158
      | (_set_line_encoding.bCharFormat ? USART_SBMODE_2BIT_gc : USART_SBMODE_1BIT_gc);
    1f4c:	20 91 cf 60 	lds	r18, 0x60CF	; 0x8060cf <_set_line_encoding+0x4>
    1f50:	21 11       	cpse	r18, r1
    1f52:	28 e0       	ldi	r18, 0x08	; 8
/Users/askn/Develop/UPDI4AVR-USB/src/usart.cpp:159
      if (_bits < 4) {
    1f54:	82 2b       	or	r24, r18
    1f56:	94 30       	cpi	r25, 0x04	; 4
    1f58:	08 f0       	brcs	.+2      	; 0x1f5c <USART::change_vcp()+0x110>
/Users/askn/Develop/UPDI4AVR-USB/src/usart.cpp:160
        _ctrlc += _bits; /* USART_CHSIZE_[5,6,7,8]BIT_gc */
    1f5a:	3b c0       	rjmp	.+118    	; 0x1fd2 <USART::change_vcp()+0x186>
/Users/askn/Develop/UPDI4AVR-USB/src/usart.cpp:175
      }
      else {
        _ctrlc += USART_CHSIZE_8BIT_gc;
        #endif
      }
      ATOMIC_BLOCK(ATOMIC_RESTORESTATE) {
    1f5c:	89 0f       	add	r24, r25
/Users/askn/Library/Arduino15/packages/MultiX-Zinnia/tools/avr8-gcc/7.3.0-avr8-gnu-toolchain/avr/include/util/atomic.h:50
    return 1;
}

static __inline__ uint8_t __iCliRetVal(void)
{
    cli();
    1f5e:	9f b7       	in	r25, 0x3f	; 63
__iCliRetVal():
/Users/askn/Develop/UPDI4AVR-USB/src/usart.cpp:176
        PORTMUX_USARTROUTEA = PORTMUX_USART_VCP;
    1f60:	f8 94       	cli
change_vcp():
    1f62:	22 e1       	ldi	r18, 0x12	; 18
    1f64:	20 93 e2 05 	sts	0x05E2, r18	; 0x8005e2 <__TEXT_REGION_LENGTH__+0x7f05e2>
/Users/askn/Develop/UPDI4AVR-USB/src/usart.cpp:177
        USART0_STATUS = USART_DREIF_bm;
    1f68:	20 e2       	ldi	r18, 0x20	; 32
    1f6a:	20 93 04 08 	sts	0x0804, r18	; 0x800804 <__TEXT_REGION_LENGTH__+0x7f0804>
/Users/askn/Develop/UPDI4AVR-USB/src/usart.cpp:178
        USART0_BAUD = (uint16_t)_baud;
    1f6e:	c0 92 08 08 	sts	0x0808, r12	; 0x800808 <__TEXT_REGION_LENGTH__+0x7f0808>
    1f72:	d0 92 09 08 	sts	0x0809, r13	; 0x800809 <__TEXT_REGION_LENGTH__+0x7f0809>
/Users/askn/Develop/UPDI4AVR-USB/src/usart.cpp:180
        USART0_CTRLC = _ctrlc;
        USART0_CTRLA = USART_RXCIF_bm;
    1f76:	80 93 07 08 	sts	0x0807, r24	; 0x800807 <__TEXT_REGION_LENGTH__+0x7f0807>
/Users/askn/Develop/UPDI4AVR-USB/src/usart.cpp:181
        USART0_CTRLB = _ctrlb;
    1f7a:	80 e8       	ldi	r24, 0x80	; 128
    1f7c:	80 93 05 08 	sts	0x0805, r24	; 0x800805 <__TEXT_REGION_LENGTH__+0x7f0805>
/Users/askn/Library/Arduino15/packages/MultiX-Zinnia/tools/avr8-gcc/7.3.0-avr8-gnu-toolchain/avr/include/util/atomic.h:70
    (void)__s;
}

static __inline__ void __iRestore(const  uint8_t *__s)
{
    SREG = *__s;
    1f80:	b0 92 06 08 	sts	0x0806, r11	; 0x800806 <__TEXT_REGION_LENGTH__+0x7f0806>
/Users/askn/Develop/UPDI4AVR-USB/src/usart.cpp:184
        bit_set(GPCONF, GPCONF_VCP_bp);
      }
      D1PRINTF(" USART=VCP\r\n");
    1f84:	f1 9a       	sbi	0x1e, 1	; 30
__iRestore():
    1f86:	9f bf       	out	0x3f, r25	; 63
change_vcp():
    1f88:	86 ea       	ldi	r24, 0xA6	; 166
    1f8a:	9c e0       	ldi	r25, 0x0C	; 12
    1f8c:	9f 93       	push	r25
    1f8e:	8f 93       	push	r24
    1f90:	82 ed       	ldi	r24, 0xD2	; 210
    1f92:	90 e6       	ldi	r25, 0x60	; 96
    1f94:	9f 93       	push	r25
/Users/askn/Develop/UPDI4AVR-USB/src/usart.cpp:185
      drain();
    1f96:	8f 93       	push	r24
    1f98:	71 de       	rcall	.-798    	; 0x1c7c <Print::printf(PGM_t const*, ...) [clone .constprop.16]>
/Users/askn/Develop/UPDI4AVR-USB/src/usart.cpp:189
    }
    else {
      /* If outside the supported range, the USART will remain in the BREAK state. */
      D1PRINTF(" VCP=FAIL\r\n");
    1f9a:	0e 94 d8 06 	call	0xdb0	; 0xdb0 <USART::drain(unsigned int) [clone .constprop.15]>
    1f9e:	0f 90       	pop	r0
    1fa0:	0f 90       	pop	r0
/Users/askn/Develop/UPDI4AVR-USB/src/usart.cpp:191
    }
    GPCONF &= ~GPCONF_SW0_gm;
    1fa2:	0f 90       	pop	r0
    1fa4:	0f 90       	pop	r0
/Users/askn/Develop/UPDI4AVR-USB/src/usart.cpp:192
    pinLogicOpen(PIN_SYS_SW0);
    1fa6:	8e b3       	in	r24, 0x1e	; 30
/Users/askn/Develop/UPDI4AVR-USB/src/usart.cpp:193
    if (bit_is_set(GPCONF, GPCONF_USB_bp))
    1fa8:	8f 73       	andi	r24, 0x3F	; 63
    1faa:	8e bb       	out	0x1e, r24	; 30
/Users/askn/Develop/UPDI4AVR-USB/src/usart.cpp:197
      SYS::LED_HeartBeat();
    else
      SYS::LED_Flash();
  }
    1fac:	a6 98       	cbi	0x14, 6	; 20
    1fae:	f0 9b       	sbis	0x1e, 0	; 30
    1fb0:	1a c0       	rjmp	.+52     	; 0x1fe6 <USART::change_vcp()+0x19a>
    1fb2:	24 96       	adiw	r28, 0x04	; 4
    1fb4:	cd bf       	out	0x3d, r28	; 61
    1fb6:	de bf       	out	0x3e, r29	; 62
    1fb8:	df 91       	pop	r29
    1fba:	cf 91       	pop	r28
    1fbc:	1f 91       	pop	r17
    1fbe:	0f 91       	pop	r16
    1fc0:	ff 90       	pop	r15
    1fc2:	ef 90       	pop	r14
/Users/askn/Develop/UPDI4AVR-USB/src/usart.cpp:194
      D1PRINTF(" VCP=FAIL\r\n");
    }
    GPCONF &= ~GPCONF_SW0_gm;
    pinLogicOpen(PIN_SYS_SW0);
    if (bit_is_set(GPCONF, GPCONF_USB_bp))
      SYS::LED_HeartBeat();
    1fc4:	df 90       	pop	r13
    1fc6:	cf 90       	pop	r12
/Users/askn/Develop/UPDI4AVR-USB/src/usart.cpp:142
  }

  /*** Activates VCP operation. ***/
  /* Detailed parameters are specified in SET_LINE_ENCODING. */
  void change_vcp (void) {
    uint8_t _ctrlb = USART_RXEN_bm | USART_TXEN_bm | USART_ODME_bm;
    1fc8:	bf 90       	pop	r11
    1fca:	16 cf       	rjmp	.-468    	; 0x1df8 <SYS::LED_HeartBeat()>
    1fcc:	88 ec       	ldi	r24, 0xC8	; 200
/Users/askn/Develop/UPDI4AVR-USB/src/usart.cpp:172
        usart_receiver    = &USB::vcp_receiver_9bit;
        usart_transmitter = &USB::vcp_transceiver_9bit;
        #else
      }
      else {
        _ctrlc += USART_CHSIZE_8BIT_gc;
    1fce:	b8 2e       	mov	r11, r24
    1fd0:	8c cf       	rjmp	.-232    	; 0x1eea <USART::change_vcp()+0x9e>
/Users/askn/Develop/UPDI4AVR-USB/src/usart.cpp:189
      D1PRINTF(" USART=VCP\r\n");
      drain();
    }
    else {
      /* If outside the supported range, the USART will remain in the BREAK state. */
      D1PRINTF(" VCP=FAIL\r\n");
    1fd2:	8d 5f       	subi	r24, 0xFD	; 253
    1fd4:	c4 cf       	rjmp	.-120    	; 0x1f5e <USART::change_vcp()+0x112>
    1fd6:	8a e9       	ldi	r24, 0x9A	; 154
    1fd8:	9c e0       	ldi	r25, 0x0C	; 12
    1fda:	9f 93       	push	r25
    1fdc:	8f 93       	push	r24
    1fde:	1f 93       	push	r17
    1fe0:	0f 93       	push	r16
    1fe2:	4c de       	rcall	.-872    	; 0x1c7c <Print::printf(PGM_t const*, ...) [clone .constprop.16]>
/Users/askn/Develop/UPDI4AVR-USB/src/usart.cpp:197
    pinLogicOpen(PIN_SYS_SW0);
    if (bit_is_set(GPCONF, GPCONF_USB_bp))
      SYS::LED_HeartBeat();
    else
      SYS::LED_Flash();
  }
    1fe4:	dc cf       	rjmp	.-72     	; 0x1f9e <USART::change_vcp()+0x152>
    1fe6:	24 96       	adiw	r28, 0x04	; 4
    1fe8:	cd bf       	out	0x3d, r28	; 61
    1fea:	de bf       	out	0x3e, r29	; 62
    1fec:	df 91       	pop	r29
    1fee:	cf 91       	pop	r28
    1ff0:	1f 91       	pop	r17
    1ff2:	0f 91       	pop	r16
    1ff4:	ff 90       	pop	r15
    1ff6:	ef 90       	pop	r14
/Users/askn/Develop/UPDI4AVR-USB/src/usart.cpp:196
    GPCONF &= ~GPCONF_SW0_gm;
    pinLogicOpen(PIN_SYS_SW0);
    if (bit_is_set(GPCONF, GPCONF_USB_bp))
      SYS::LED_HeartBeat();
    else
      SYS::LED_Flash();
    1ff8:	df 90       	pop	r13
    1ffa:	cf 90       	pop	r12
/Users/askn/Develop/UPDI4AVR-USB/src/usb.cpp:373
    bit_set(GPCONF, GPCONF_BRK_bp);
  }

  void break_off (void) {
    if (bit_is_set(GPCONF, GPCONF_VCP_bp)
     && bit_is_set(GPCONF, GPCONF_BRK_bp)) {
    1ffc:	bf 90       	pop	r11
    1ffe:	f3 ce       	rjmp	.-538    	; 0x1de6 <SYS::LED_Flash()>

00002000 <USB::break_off()>:
break_off():
    2000:	f1 9b       	sbis	0x1e, 1	; 30
    2002:	04 c0       	rjmp	.+8      	; 0x200c <USB::break_off()+0xc>
/Users/askn/Develop/UPDI4AVR-USB/src/usb.cpp:374
      USART::change_vcp();
    2004:	f3 9b       	sbis	0x1e, 3	; 30
    2006:	02 c0       	rjmp	.+4      	; 0x200c <USB::break_off()+0xc>
/Users/askn/Develop/UPDI4AVR-USB/src/usb.cpp:375
      bit_set(GPCONF, GPCONF_OPN_bp);
    2008:	21 df       	rcall	.-446    	; 0x1e4c <USART::change_vcp()>
/Users/askn/Develop/UPDI4AVR-USB/src/usb.cpp:377
    }
    bit_clear(GPCONF, GPCONF_BRK_bp);
    200a:	f4 9a       	sbi	0x1e, 4	; 30
/Users/askn/Develop/UPDI4AVR-USB/src/usb.cpp:378
  }
    200c:	f3 98       	cbi	0x1e, 3	; 30
/Users/askn/Develop/UPDI4AVR-USB/src/pdi.cpp:371
    if (bit_is_set(PGCONF, PGCONF_PGIA_bp)) return 1;
    return send_bytes(_leave, sizeof(_leave));
  }

  size_t enter_progmode (void) {
    if (bit_is_set(PGCONF, PGCONF_PROG_bp)) return 1;
    200e:	08 95       	ret

00002010 <PDI::enter_progmode()>:
enter_progmode():
    2010:	f9 99       	sbic	0x1f, 1	; 31
/Users/askn/Develop/UPDI4AVR-USB/src/pdi.cpp:374

    /* Enter NVMPROGKEY */
    if (send_bytes(nvmprog_key, sizeof(nvmprog_key)) && pdibus_wait()) {
    2012:	1d c0       	rjmp	.+58     	; 0x204e <PDI::enter_progmode()+0x3e>
    2014:	69 e0       	ldi	r22, 0x09	; 9
    2016:	70 e0       	ldi	r23, 0x00	; 0
    2018:	83 e5       	ldi	r24, 0x53	; 83
    201a:	90 e6       	ldi	r25, 0x60	; 96
    201c:	98 db       	rcall	.-2256   	; 0x174e <PDI::send_bytes(unsigned char const*, unsigned int)>
    201e:	88 23       	and	r24, r24
    2020:	c9 f0       	breq	.+50     	; 0x2054 <PDI::enter_progmode()+0x44>
    2022:	83 db       	rcall	.-2298   	; 0x172a <PDI::pdibus_wait()>
    2024:	88 23       	and	r24, r24
    2026:	b1 f0       	breq	.+44     	; 0x2054 <PDI::enter_progmode()+0x44>
    2028:	f9 9a       	sbi	0x1f, 1	; 31
/Users/askn/Develop/UPDI4AVR-USB/src/pdi.cpp:375
      bit_set(PGCONF, PGCONF_PROG_bp);
    202a:	8d b3       	in	r24, 0x1d	; 29
/Users/askn/Develop/UPDI4AVR-USB/src/pdi.cpp:376
      D1PRINTF("  NVMP_ON:%02X\r\n", RXDATA);
    202c:	1f 92       	push	r1
    202e:	8f 93       	push	r24
    2030:	84 ea       	ldi	r24, 0xA4	; 164
    2032:	9a e0       	ldi	r25, 0x0A	; 10
    2034:	9f 93       	push	r25
    2036:	8f 93       	push	r24
    2038:	82 ed       	ldi	r24, 0xD2	; 210
    203a:	90 e6       	ldi	r25, 0x60	; 96
    203c:	9f 93       	push	r25
    203e:	8f 93       	push	r24
    2040:	1d de       	rcall	.-966    	; 0x1c7c <Print::printf(PGM_t const*, ...) [clone .constprop.16]>
    2042:	0f 90       	pop	r0
    2044:	0f 90       	pop	r0
    2046:	0f 90       	pop	r0
    2048:	0f 90       	pop	r0
    204a:	0f 90       	pop	r0
    204c:	0f 90       	pop	r0
    204e:	81 e0       	ldi	r24, 0x01	; 1
/Users/askn/Develop/UPDI4AVR-USB/src/pdi.cpp:371
    if (bit_is_set(PGCONF, PGCONF_PGIA_bp)) return 1;
    return send_bytes(_leave, sizeof(_leave));
  }

  size_t enter_progmode (void) {
    if (bit_is_set(PGCONF, PGCONF_PROG_bp)) return 1;
    2050:	90 e0       	ldi	r25, 0x00	; 0
    2052:	08 95       	ret
/Users/askn/Develop/UPDI4AVR-USB/src/pdi.cpp:381
      D1PRINTF("  NVMP_ON:%02X\r\n", RXDATA);
      return 1;
    }
    D1PRINTF("  Fail:%02X\r\n", RXDATA);
    return 0;
  }
    2054:	8d b3       	in	r24, 0x1d	; 29
/Users/askn/Develop/UPDI4AVR-USB/src/pdi.cpp:379
    if (send_bytes(nvmprog_key, sizeof(nvmprog_key)) && pdibus_wait()) {
      bit_set(PGCONF, PGCONF_PROG_bp);
      D1PRINTF("  NVMP_ON:%02X\r\n", RXDATA);
      return 1;
    }
    D1PRINTF("  Fail:%02X\r\n", RXDATA);
    2056:	1f 92       	push	r1
    2058:	8f 93       	push	r24
    205a:	85 eb       	ldi	r24, 0xB5	; 181
    205c:	9a e0       	ldi	r25, 0x0A	; 10
    205e:	9f 93       	push	r25
    2060:	8f 93       	push	r24
    2062:	82 ed       	ldi	r24, 0xD2	; 210
    2064:	90 e6       	ldi	r25, 0x60	; 96
    2066:	9f 93       	push	r25
    2068:	8f 93       	push	r24
    206a:	08 de       	rcall	.-1008   	; 0x1c7c <Print::printf(PGM_t const*, ...) [clone .constprop.16]>
    206c:	0f 90       	pop	r0
    206e:	0f 90       	pop	r0
    2070:	0f 90       	pop	r0
    2072:	0f 90       	pop	r0
    2074:	0f 90       	pop	r0
    2076:	0f 90       	pop	r0
/Users/askn/Develop/UPDI4AVR-USB/src/pdi.cpp:380
    return 0;
    2078:	90 e0       	ldi	r25, 0x00	; 0
    207a:	80 e0       	ldi	r24, 0x00	; 0
/Users/askn/Develop/UPDI4AVR-USB/src/pdi.cpp:317
  }

  // MARK: PDI Session

  size_t timeout_fallback (void) {
    D1PRINTF(" Fail\r\n");
    207c:	08 95       	ret

0000207e <PDI::timeout_fallback()>:
timeout_fallback():
    207e:	87 e8       	ldi	r24, 0x87	; 135
    2080:	9a e0       	ldi	r25, 0x0A	; 10
    2082:	9f 93       	push	r25
    2084:	8f 93       	push	r24
    2086:	82 ed       	ldi	r24, 0xD2	; 210
    2088:	90 e6       	ldi	r25, 0x60	; 96
    208a:	9f 93       	push	r25
/Users/askn/Develop/UPDI4AVR-USB/src/pdi.cpp:319
    /* If a timeout occurs, the communication speed will be reduced. */
    _xclk -= 500;
    208c:	8f 93       	push	r24
    208e:	f6 dd       	rcall	.-1044   	; 0x1c7c <Print::printf(PGM_t const*, ...) [clone .constprop.16]>
    2090:	80 91 84 63 	lds	r24, 0x6384	; 0x806384 <_xclk>
    2094:	90 91 85 63 	lds	r25, 0x6385	; 0x806385 <_xclk+0x1>
    2098:	84 5f       	subi	r24, 0xF4	; 244
    209a:	91 40       	sbci	r25, 0x01	; 1
    209c:	80 93 84 63 	sts	0x6384, r24	; 0x806384 <_xclk>
/Users/askn/Develop/UPDI4AVR-USB/src/pdi.cpp:320
    if (_xclk < 500) return 0;
    20a0:	90 93 85 63 	sts	0x6385, r25	; 0x806385 <_xclk+0x1>
    20a4:	0f 90       	pop	r0
    20a6:	0f 90       	pop	r0
    20a8:	0f 90       	pop	r0
/Users/askn/Develop/UPDI4AVR-USB/src/pdi.cpp:321
    USART::change_pdi();
    20aa:	0f 90       	pop	r0
/Users/askn/Develop/UPDI4AVR-USB/src/pdi.cpp:322
    return send_break();
    20ac:	84 3f       	cpi	r24, 0xF4	; 244
    20ae:	91 40       	sbci	r25, 0x01	; 1
    20b0:	20 f0       	brcs	.+8      	; 0x20ba <PDI::timeout_fallback()+0x3c>
    20b2:	08 de       	rcall	.-1008   	; 0x1cc4 <USART::change_pdi()>
/Users/askn/Develop/UPDI4AVR-USB/src/pdi.cpp:320

  size_t timeout_fallback (void) {
    D1PRINTF(" Fail\r\n");
    /* If a timeout occurs, the communication speed will be reduced. */
    _xclk -= 500;
    if (_xclk < 500) return 0;
    20b4:	01 dc       	rcall	.-2046   	; 0x18b8 <PDI::send_break()>
    20b6:	90 e0       	ldi	r25, 0x00	; 0
/Users/askn/Develop/UPDI4AVR-USB/src/pdi.cpp:266
      }
    }
    return _rspsize;
  }

  size_t write_memory (void) {
    20b8:	08 95       	ret
    20ba:	90 e0       	ldi	r25, 0x00	; 0
    20bc:	80 e0       	ldi	r24, 0x00	; 0
    20be:	08 95       	ret

000020c0 <PDI::write_memory()>:
write_memory():
    20c0:	cf 92       	push	r12
    20c2:	df 92       	push	r13
    20c4:	ef 92       	push	r14
/Users/askn/Develop/UPDI4AVR-USB/src/pdi.cpp:268
    uint8_t _nvm_cmd = 0, _nvm_pclr = 0, _nvm_pset = 0;
    uint8_t   m_type = packet.out.bMType;
    20c6:	ff 92       	push	r15
    20c8:	0f 93       	push	r16
/Users/askn/Develop/UPDI4AVR-USB/src/pdi.cpp:269
    uint32_t _dwAddr = packet.out.dwAddr + get_mtype_offset(m_type);
    20ca:	1f 93       	push	r17
    20cc:	cf 93       	push	r28
    20ce:	df 93       	push	r29
    20d0:	c0 91 0e 61 	lds	r28, 0x610E	; 0x80610e <packet+0x7>
    20d4:	c0 90 0f 61 	lds	r12, 0x610F	; 0x80610f <packet+0x8>
    20d8:	d0 90 10 61 	lds	r13, 0x6110	; 0x806110 <packet+0x9>
    20dc:	e0 90 11 61 	lds	r14, 0x6111	; 0x806111 <packet+0xa>
    20e0:	f0 90 12 61 	lds	r15, 0x6112	; 0x806112 <packet+0xb>
    20e4:	8c 2f       	mov	r24, r28
/Users/askn/Develop/UPDI4AVR-USB/src/pdi.cpp:270
    size_t  _wLength = packet.out.dwLength;
    20e6:	81 da       	rcall	.-2814   	; 0x15ea <PDI::get_mtype_offset(unsigned char)>
    20e8:	c6 0e       	add	r12, r22
    20ea:	d7 1e       	adc	r13, r23
    20ec:	e8 1e       	adc	r14, r24
/Users/askn/Develop/UPDI4AVR-USB/src/pdi.cpp:271
    _CAPS32(_set_ptr32[1])->dword = _dwAddr;
    20ee:	f9 1e       	adc	r15, r25
    20f0:	00 91 13 61 	lds	r16, 0x6113	; 0x806113 <packet+0xc>
    20f4:	10 91 14 61 	lds	r17, 0x6114	; 0x806114 <packet+0xd>
    20f8:	c0 92 0f 60 	sts	0x600F, r12	; 0x80600f <PDI::_set_ptr32+0x1>
    20fc:	d0 92 10 60 	sts	0x6010, r13	; 0x806010 <PDI::_set_ptr32+0x2>
/Users/askn/Develop/UPDI4AVR-USB/src/pdi.cpp:272
    _CAPS16(_set_repeat[1])->word = _wLength - 1;
    2100:	e0 92 11 60 	sts	0x6011, r14	; 0x806011 <PDI::_set_ptr32+0x3>
    2104:	f0 92 12 60 	sts	0x6012, r15	; 0x806012 <PDI::_set_ptr32+0x4>
    2108:	98 01       	movw	r18, r16
    210a:	21 50       	subi	r18, 0x01	; 1
/Users/askn/Develop/UPDI4AVR-USB/src/pdi.cpp:273
    _set_repeat[3] = 0x64;  /* ST PTR++ DATA1 */
    210c:	31 09       	sbc	r19, r1
    210e:	20 93 0b 60 	sts	0x600B, r18	; 0x80600b <PDI::_set_repeat+0x1>
/Users/askn/Develop/UPDI4AVR-USB/src/pdi.cpp:274
    D1PRINTF(" L=%04X,A=%08lX,", _wLength, _dwAddr);
    2112:	30 93 0c 60 	sts	0x600C, r19	; 0x80600c <PDI::_set_repeat+0x2>
    2116:	24 e6       	ldi	r18, 0x64	; 100
    2118:	20 93 0d 60 	sts	0x600D, r18	; 0x80600d <PDI::_set_repeat+0x3>
    211c:	ff 92       	push	r15
    211e:	ef 92       	push	r14
    2120:	df 92       	push	r13
    2122:	cf 92       	push	r12
    2124:	1f 93       	push	r17
    2126:	0f 93       	push	r16
    2128:	86 e7       	ldi	r24, 0x76	; 118
    212a:	9a e0       	ldi	r25, 0x0A	; 10
    212c:	9f 93       	push	r25
    212e:	8f 93       	push	r24
/Users/askn/Develop/UPDI4AVR-USB/src/pdi.cpp:275
    nvm_wait();
    2130:	82 ed       	ldi	r24, 0xD2	; 210
    2132:	90 e6       	ldi	r25, 0x60	; 96
/Users/askn/Develop/UPDI4AVR-USB/src/pdi.cpp:276
    if (m_type == 0xC0) {                                           /* APPCODE or FLASH */
    2134:	9f 93       	push	r25
    2136:	8f 93       	push	r24
    2138:	a1 dd       	rcall	.-1214   	; 0x1c7c <Print::printf(PGM_t const*, ...) [clone .constprop.16]>
    213a:	2d db       	rcall	.-2470   	; 0x1796 <PDI::nvm_wait()>
    213c:	8d b7       	in	r24, 0x3d	; 61
    213e:	9e b7       	in	r25, 0x3e	; 62
    2140:	0a 96       	adiw	r24, 0x0a	; 10
    2142:	8d bf       	out	0x3d, r24	; 61
/Users/askn/Develop/UPDI4AVR-USB/src/pdi.cpp:279
      _nvm_cmd = 0x25; _nvm_pclr = 0x26; _nvm_pset = 0x23;
    }
    else if (m_type == 0xB0 || m_type == 0xC1) {                    /* BOOTCODE */
    2144:	9e bf       	out	0x3e, r25	; 62
    2146:	c0 3c       	cpi	r28, 0xC0	; 192
    2148:	09 f4       	brne	.+2      	; 0x214c <PDI::write_memory()+0x8c>
    214a:	3f c0       	rjmp	.+126    	; 0x21ca <PDI::write_memory()+0x10a>
    214c:	c0 3b       	cpi	r28, 0xB0	; 176
    214e:	09 f4       	brne	.+2      	; 0x2152 <PDI::write_memory()+0x92>
/Users/askn/Develop/UPDI4AVR-USB/src/pdi.cpp:282
      _nvm_cmd = 0x2D; _nvm_pclr = 0x26; _nvm_pset = 0x23;
    }
    else if (m_type == 0x22 || m_type == 0xB1 || m_type == 0xC4) {  /* EEPROM */
    2150:	7a c0       	rjmp	.+244    	; 0x2246 <PDI::write_memory()+0x186>
    2152:	c1 3c       	cpi	r28, 0xC1	; 193
    2154:	09 f4       	brne	.+2      	; 0x2158 <PDI::write_memory()+0x98>
    2156:	77 c0       	rjmp	.+238    	; 0x2246 <PDI::write_memory()+0x186>
    2158:	c2 32       	cpi	r28, 0x22	; 34
    215a:	09 f4       	brne	.+2      	; 0x215e <PDI::write_memory()+0x9e>
    215c:	78 c0       	rjmp	.+240    	; 0x224e <PDI::write_memory()+0x18e>
/Users/askn/Develop/UPDI4AVR-USB/src/pdi.cpp:285
      _nvm_cmd = 0x35; _nvm_pclr = 0x36; _nvm_pset = 0x33;
    }
    else if (m_type == 0xC5) {                                      /* USERSIG */
    215e:	c1 3b       	cpi	r28, 0xB1	; 177
    2160:	09 f4       	brne	.+2      	; 0x2164 <PDI::write_memory()+0xa4>
    2162:	75 c0       	rjmp	.+234    	; 0x224e <PDI::write_memory()+0x18e>
/Users/askn/Develop/UPDI4AVR-USB/src/pdi.cpp:289
      _nvm_cmd = 0x1A; _nvm_pclr = 0x26; _nvm_pset = 0x23;
    }
    else {
      if      (m_type == 0xB2) _nvm_cmd = 0x4C;   /* FUSE */
    2164:	c4 3c       	cpi	r28, 0xC4	; 196
    2166:	09 f4       	brne	.+2      	; 0x216a <PDI::write_memory()+0xaa>
/Users/askn/Develop/UPDI4AVR-USB/src/pdi.cpp:290
      else if (m_type == 0xB3) _nvm_cmd = 0x08;   /* LOCK */
    2168:	72 c0       	rjmp	.+228    	; 0x224e <PDI::write_memory()+0x18e>
    216a:	c5 3c       	cpi	r28, 0xC5	; 197
    216c:	09 f4       	brne	.+2      	; 0x2170 <PDI::write_memory()+0xb0>
/Users/askn/Develop/UPDI4AVR-USB/src/pdi.cpp:291
      else return 0;
    216e:	73 c0       	rjmp	.+230    	; 0x2256 <PDI::write_memory()+0x196>
    2170:	c2 3b       	cpi	r28, 0xB2	; 178
    2172:	31 f0       	breq	.+12     	; 0x2180 <PDI::write_memory()+0xc0>
/Users/askn/Develop/UPDI4AVR-USB/src/pdi.cpp:289
    }
    else if (m_type == 0xC5) {                                      /* USERSIG */
      _nvm_cmd = 0x1A; _nvm_pclr = 0x26; _nvm_pset = 0x23;
    }
    else {
      if      (m_type == 0xB2) _nvm_cmd = 0x4C;   /* FUSE */
    2174:	88 e0       	ldi	r24, 0x08	; 8
/Users/askn/Develop/UPDI4AVR-USB/src/pdi.cpp:292
      else if (m_type == 0xB3) _nvm_cmd = 0x08;   /* LOCK */
      else return 0;
      return (nvm_cmd(_nvm_cmd)
    2176:	c3 3b       	cpi	r28, 0xB3	; 179
    2178:	21 f0       	breq	.+8      	; 0x2182 <PDI::write_memory()+0xc2>
/Users/askn/Develop/UPDI4AVR-USB/src/pdi.cpp:296
           && send_bytes(_set_ptr32, sizeof(_set_ptr32))
           && send_bytes(_set_repeat, sizeof(_set_repeat))
           && send_bytes(&packet.out.memData[0], _wLength)
           && nvm_wait());
    217a:	90 e0       	ldi	r25, 0x00	; 0
    217c:	80 e0       	ldi	r24, 0x00	; 0
/Users/askn/Develop/UPDI4AVR-USB/src/pdi.cpp:311
     && send_bytes(&packet.out.memData[0], _wLength)
     && nvm_cmd(_nvm_cmd)
     && send_bytes(_set_ptr32, sizeof(_set_ptr32))
     && send(0x64)  /* ST */
     && send(0xFF)  /* dummy byte */
     && nvm_wait());
    217e:	06 c0       	rjmp	.+12     	; 0x218c <PDI::write_memory()+0xcc>
/Users/askn/Develop/UPDI4AVR-USB/src/pdi.cpp:312
  }
    2180:	8c e4       	ldi	r24, 0x4C	; 76
    2182:	42 db       	rcall	.-2428   	; 0x1808 <PDI::nvm_cmd(unsigned char)>
    2184:	81 11       	cpse	r24, r1
    2186:	0b c0       	rjmp	.+22     	; 0x219e <PDI::write_memory()+0xde>
    2188:	80 e0       	ldi	r24, 0x00	; 0
    218a:	90 e0       	ldi	r25, 0x00	; 0
    218c:	df 91       	pop	r29
    218e:	cf 91       	pop	r28
/Users/askn/Develop/UPDI4AVR-USB/src/pdi.cpp:293
    else {
      if      (m_type == 0xB2) _nvm_cmd = 0x4C;   /* FUSE */
      else if (m_type == 0xB3) _nvm_cmd = 0x08;   /* LOCK */
      else return 0;
      return (nvm_cmd(_nvm_cmd)
           && send_bytes(_set_ptr32, sizeof(_set_ptr32))
    2190:	1f 91       	pop	r17
    2192:	0f 91       	pop	r16
    2194:	ff 90       	pop	r15
    2196:	ef 90       	pop	r14
    2198:	df 90       	pop	r13
    219a:	cf 90       	pop	r12
    219c:	08 95       	ret
    219e:	65 e0       	ldi	r22, 0x05	; 5
/Users/askn/Develop/UPDI4AVR-USB/src/pdi.cpp:294
           && send_bytes(_set_repeat, sizeof(_set_repeat))
    21a0:	70 e0       	ldi	r23, 0x00	; 0
    21a2:	8e e0       	ldi	r24, 0x0E	; 14
    21a4:	90 e6       	ldi	r25, 0x60	; 96
    21a6:	d3 da       	rcall	.-2650   	; 0x174e <PDI::send_bytes(unsigned char const*, unsigned int)>
    21a8:	88 23       	and	r24, r24
    21aa:	71 f3       	breq	.-36     	; 0x2188 <PDI::write_memory()+0xc8>
    21ac:	64 e0       	ldi	r22, 0x04	; 4
    21ae:	70 e0       	ldi	r23, 0x00	; 0
/Users/askn/Develop/UPDI4AVR-USB/src/pdi.cpp:295
           && send_bytes(&packet.out.memData[0], _wLength)
    21b0:	8a e0       	ldi	r24, 0x0A	; 10
    21b2:	90 e6       	ldi	r25, 0x60	; 96
    21b4:	cc da       	rcall	.-2664   	; 0x174e <PDI::send_bytes(unsigned char const*, unsigned int)>
    21b6:	88 23       	and	r24, r24
    21b8:	39 f3       	breq	.-50     	; 0x2188 <PDI::write_memory()+0xc8>
/Users/askn/Develop/UPDI4AVR-USB/src/pdi.cpp:310
     && send_bytes(_set_repeat, sizeof(_set_repeat))
     && send_bytes(&packet.out.memData[0], _wLength)
     && nvm_cmd(_nvm_cmd)
     && send_bytes(_set_ptr32, sizeof(_set_ptr32))
     && send(0x64)  /* ST */
     && send(0xFF)  /* dummy byte */
    21ba:	b8 01       	movw	r22, r16
    21bc:	88 e1       	ldi	r24, 0x18	; 24
/Users/askn/Develop/UPDI4AVR-USB/src/pdi.cpp:311
     && nvm_wait());
    21be:	91 e6       	ldi	r25, 0x61	; 97
    21c0:	c6 da       	rcall	.-2676   	; 0x174e <PDI::send_bytes(unsigned char const*, unsigned int)>
    21c2:	88 23       	and	r24, r24
/Users/askn/Develop/UPDI4AVR-USB/src/pdi.cpp:277
    _CAPS16(_set_repeat[1])->word = _wLength - 1;
    _set_repeat[3] = 0x64;  /* ST PTR++ DATA1 */
    D1PRINTF(" L=%04X,A=%08lX,", _wLength, _dwAddr);
    nvm_wait();
    if (m_type == 0xC0) {                                           /* APPCODE or FLASH */
      _nvm_cmd = 0x25; _nvm_pclr = 0x26; _nvm_pset = 0x23;
    21c4:	09 f3       	breq	.-62     	; 0x2188 <PDI::write_memory()+0xc8>
    21c6:	e7 da       	rcall	.-2610   	; 0x1796 <PDI::nvm_wait()>
    21c8:	e0 cf       	rjmp	.-64     	; 0x218a <PDI::write_memory()+0xca>
/Users/askn/Develop/UPDI4AVR-USB/src/pdi.cpp:300
           && send_bytes(&packet.out.memData[0], _wLength)
           && nvm_wait());
    }

    /* FLASH, BOOTCODE, APPCODE or EEPROM */
    return (nvm_cmd(_nvm_pclr)
    21ca:	d3 e2       	ldi	r29, 0x23	; 35
    21cc:	86 e2       	ldi	r24, 0x26	; 38
/Users/askn/Develop/UPDI4AVR-USB/src/pdi.cpp:311
     && send_bytes(&packet.out.memData[0], _wLength)
     && nvm_cmd(_nvm_cmd)
     && send_bytes(_set_ptr32, sizeof(_set_ptr32))
     && send(0x64)  /* ST */
     && send(0xFF)  /* dummy byte */
     && nvm_wait());
    21ce:	c5 e2       	ldi	r28, 0x25	; 37
    21d0:	1b db       	rcall	.-2506   	; 0x1808 <PDI::nvm_cmd(unsigned char)>
/Users/askn/Develop/UPDI4AVR-USB/src/pdi.cpp:301
           && nvm_wait());
    }

    /* FLASH, BOOTCODE, APPCODE or EEPROM */
    return (nvm_cmd(_nvm_pclr)
     && nvm_cmdex()
    21d2:	88 23       	and	r24, r24
    21d4:	c9 f2       	breq	.-78     	; 0x2188 <PDI::write_memory()+0xc8>
    21d6:	01 db       	rcall	.-2558   	; 0x17da <PDI::nvm_cmdex()>
/Users/askn/Develop/UPDI4AVR-USB/src/pdi.cpp:302
     && nvm_wait()
    21d8:	88 23       	and	r24, r24
    21da:	b1 f2       	breq	.-84     	; 0x2188 <PDI::write_memory()+0xc8>
    21dc:	dc da       	rcall	.-2632   	; 0x1796 <PDI::nvm_wait()>
/Users/askn/Develop/UPDI4AVR-USB/src/pdi.cpp:303
     && nvm_cmd(_nvm_pset)
    21de:	88 23       	and	r24, r24
    21e0:	99 f2       	breq	.-90     	; 0x2188 <PDI::write_memory()+0xc8>
    21e2:	8d 2f       	mov	r24, r29
    21e4:	11 db       	rcall	.-2526   	; 0x1808 <PDI::nvm_cmd(unsigned char)>
/Users/askn/Develop/UPDI4AVR-USB/src/pdi.cpp:304
     && send_bytes(_set_ptr32, sizeof(_set_ptr32))
    21e6:	88 23       	and	r24, r24
    21e8:	79 f2       	breq	.-98     	; 0x2188 <PDI::write_memory()+0xc8>
    21ea:	65 e0       	ldi	r22, 0x05	; 5
    21ec:	70 e0       	ldi	r23, 0x00	; 0
    21ee:	8e e0       	ldi	r24, 0x0E	; 14
    21f0:	90 e6       	ldi	r25, 0x60	; 96
    21f2:	ad da       	rcall	.-2726   	; 0x174e <PDI::send_bytes(unsigned char const*, unsigned int)>
    21f4:	88 23       	and	r24, r24
    21f6:	09 f4       	brne	.+2      	; 0x21fa <PDI::write_memory()+0x13a>
/Users/askn/Develop/UPDI4AVR-USB/src/pdi.cpp:305
     && send_bytes(_set_repeat, sizeof(_set_repeat))
    21f8:	c7 cf       	rjmp	.-114    	; 0x2188 <PDI::write_memory()+0xc8>
    21fa:	64 e0       	ldi	r22, 0x04	; 4
    21fc:	70 e0       	ldi	r23, 0x00	; 0
    21fe:	8a e0       	ldi	r24, 0x0A	; 10
    2200:	90 e6       	ldi	r25, 0x60	; 96
    2202:	a5 da       	rcall	.-2742   	; 0x174e <PDI::send_bytes(unsigned char const*, unsigned int)>
    2204:	88 23       	and	r24, r24
    2206:	09 f4       	brne	.+2      	; 0x220a <PDI::write_memory()+0x14a>
    2208:	bf cf       	rjmp	.-130    	; 0x2188 <PDI::write_memory()+0xc8>
/Users/askn/Develop/UPDI4AVR-USB/src/pdi.cpp:306
     && send_bytes(&packet.out.memData[0], _wLength)
    220a:	b8 01       	movw	r22, r16
    220c:	88 e1       	ldi	r24, 0x18	; 24
    220e:	91 e6       	ldi	r25, 0x61	; 97
    2210:	9e da       	rcall	.-2756   	; 0x174e <PDI::send_bytes(unsigned char const*, unsigned int)>
    2212:	88 23       	and	r24, r24
    2214:	09 f4       	brne	.+2      	; 0x2218 <PDI::write_memory()+0x158>
    2216:	b8 cf       	rjmp	.-144    	; 0x2188 <PDI::write_memory()+0xc8>
    2218:	8c 2f       	mov	r24, r28
/Users/askn/Develop/UPDI4AVR-USB/src/pdi.cpp:307
     && nvm_cmd(_nvm_cmd)
    221a:	f6 da       	rcall	.-2580   	; 0x1808 <PDI::nvm_cmd(unsigned char)>
    221c:	88 23       	and	r24, r24
    221e:	09 f4       	brne	.+2      	; 0x2222 <PDI::write_memory()+0x162>
    2220:	b3 cf       	rjmp	.-154    	; 0x2188 <PDI::write_memory()+0xc8>
    2222:	65 e0       	ldi	r22, 0x05	; 5
    2224:	70 e0       	ldi	r23, 0x00	; 0
/Users/askn/Develop/UPDI4AVR-USB/src/pdi.cpp:308
     && send_bytes(_set_ptr32, sizeof(_set_ptr32))
    2226:	8e e0       	ldi	r24, 0x0E	; 14
    2228:	90 e6       	ldi	r25, 0x60	; 96
    222a:	91 da       	rcall	.-2782   	; 0x174e <PDI::send_bytes(unsigned char const*, unsigned int)>
    222c:	88 23       	and	r24, r24
    222e:	09 f4       	brne	.+2      	; 0x2232 <PDI::write_memory()+0x172>
    2230:	ab cf       	rjmp	.-170    	; 0x2188 <PDI::write_memory()+0xc8>
    2232:	84 e6       	ldi	r24, 0x64	; 100
    2234:	0e 94 d9 07 	call	0xfb2	; 0xfb2 <PDI::send(unsigned char)>
/Users/askn/Develop/UPDI4AVR-USB/src/pdi.cpp:309
     && send(0x64)  /* ST */
    2238:	88 23       	and	r24, r24
    223a:	09 f4       	brne	.+2      	; 0x223e <PDI::write_memory()+0x17e>
    223c:	a5 cf       	rjmp	.-182    	; 0x2188 <PDI::write_memory()+0xc8>
    223e:	8f ef       	ldi	r24, 0xFF	; 255
/Users/askn/Develop/UPDI4AVR-USB/src/pdi.cpp:310
     && send(0xFF)  /* dummy byte */
    2240:	0e 94 d9 07 	call	0xfb2	; 0xfb2 <PDI::send(unsigned char)>
    2244:	be cf       	rjmp	.-132    	; 0x21c2 <PDI::write_memory()+0x102>
/Users/askn/Develop/UPDI4AVR-USB/src/pdi.cpp:280
    nvm_wait();
    if (m_type == 0xC0) {                                           /* APPCODE or FLASH */
      _nvm_cmd = 0x25; _nvm_pclr = 0x26; _nvm_pset = 0x23;
    }
    else if (m_type == 0xB0 || m_type == 0xC1) {                    /* BOOTCODE */
      _nvm_cmd = 0x2D; _nvm_pclr = 0x26; _nvm_pset = 0x23;
    2246:	d3 e2       	ldi	r29, 0x23	; 35
    2248:	86 e2       	ldi	r24, 0x26	; 38
    224a:	cd e2       	ldi	r28, 0x2D	; 45
/Users/askn/Develop/UPDI4AVR-USB/src/pdi.cpp:283
    }
    else if (m_type == 0x22 || m_type == 0xB1 || m_type == 0xC4) {  /* EEPROM */
      _nvm_cmd = 0x35; _nvm_pclr = 0x36; _nvm_pset = 0x33;
    224c:	c1 cf       	rjmp	.-126    	; 0x21d0 <PDI::write_memory()+0x110>
    224e:	d3 e3       	ldi	r29, 0x33	; 51
    2250:	86 e3       	ldi	r24, 0x36	; 54
    2252:	c5 e3       	ldi	r28, 0x35	; 53
/Users/askn/Develop/UPDI4AVR-USB/src/pdi.cpp:286
    }
    else if (m_type == 0xC5) {                                      /* USERSIG */
      _nvm_cmd = 0x1A; _nvm_pclr = 0x26; _nvm_pset = 0x23;
    2254:	bd cf       	rjmp	.-134    	; 0x21d0 <PDI::write_memory()+0x110>
    2256:	d3 e2       	ldi	r29, 0x23	; 35
    2258:	86 e2       	ldi	r24, 0x26	; 38
    225a:	ca e1       	ldi	r28, 0x1A	; 26
/Users/askn/Develop/UPDI4AVR-USB/src/pdi.cpp:239
    /* Any other sections specified will be ignored, */
    /* but the command will return successful completion. */
    return 1;
  }

  size_t read_memory (void) {
    225c:	b9 cf       	rjmp	.-142    	; 0x21d0 <PDI::write_memory()+0x110>

0000225e <PDI::read_memory()>:
read_memory():
    225e:	cf 92       	push	r12
    2260:	df 92       	push	r13
    2262:	ef 92       	push	r14
    2264:	ff 92       	push	r15
    2266:	0f 93       	push	r16
    2268:	1f 93       	push	r17
/Users/askn/Develop/UPDI4AVR-USB/src/pdi.cpp:241
    uint8_t   m_type = packet.out.bMType;
    uint32_t _dwAddr = packet.out.dwAddr + get_mtype_offset(m_type);
    226a:	cf 93       	push	r28
    226c:	df 93       	push	r29
    226e:	c0 90 0f 61 	lds	r12, 0x610F	; 0x80610f <packet+0x8>
    2272:	d0 90 10 61 	lds	r13, 0x6110	; 0x806110 <packet+0x9>
    2276:	e0 90 11 61 	lds	r14, 0x6111	; 0x806111 <packet+0xa>
    227a:	f0 90 12 61 	lds	r15, 0x6112	; 0x806112 <packet+0xb>
    227e:	80 91 0e 61 	lds	r24, 0x610E	; 0x80610e <packet+0x7>
    2282:	b3 d9       	rcall	.-3226   	; 0x15ea <PDI::get_mtype_offset(unsigned char)>
/Users/askn/Develop/UPDI4AVR-USB/src/pdi.cpp:242
    size_t  _wLength = packet.out.dwLength;
    2284:	c6 0e       	add	r12, r22
    2286:	d7 1e       	adc	r13, r23
    2288:	e8 1e       	adc	r14, r24
/Users/askn/Develop/UPDI4AVR-USB/src/pdi.cpp:244
    size_t  _rspsize = 0;
    D1PRINTF(" L=%04X,A=%08lX,", _wLength, _dwAddr);
    228a:	f9 1e       	adc	r15, r25
    228c:	c0 91 13 61 	lds	r28, 0x6113	; 0x806113 <packet+0xc>
    2290:	d0 91 14 61 	lds	r29, 0x6114	; 0x806114 <packet+0xd>
    2294:	ff 92       	push	r15
    2296:	ef 92       	push	r14
    2298:	df 92       	push	r13
    229a:	cf 92       	push	r12
    229c:	df 93       	push	r29
    229e:	cf 93       	push	r28
    22a0:	85 e6       	ldi	r24, 0x65	; 101
    22a2:	9a e0       	ldi	r25, 0x0A	; 10
    22a4:	9f 93       	push	r25
    22a6:	8f 93       	push	r24
/Users/askn/Develop/UPDI4AVR-USB/src/pdi.cpp:245
    if (!nvm_cmd(0x43)) return 0;
    22a8:	82 ed       	ldi	r24, 0xD2	; 210
    22aa:	90 e6       	ldi	r25, 0x60	; 96
    22ac:	9f 93       	push	r25
    22ae:	8f 93       	push	r24
    22b0:	e5 dc       	rcall	.-1590   	; 0x1c7c <Print::printf(PGM_t const*, ...) [clone .constprop.16]>
    22b2:	83 e4       	ldi	r24, 0x43	; 67
    22b4:	a9 da       	rcall	.-2734   	; 0x1808 <PDI::nvm_cmd(unsigned char)>
    22b6:	ed b7       	in	r30, 0x3d	; 61
    22b8:	fe b7       	in	r31, 0x3e	; 62
/Users/askn/Develop/UPDI4AVR-USB/src/pdi.cpp:246
    if (_wLength == 1) {
    22ba:	3a 96       	adiw	r30, 0x0a	; 10
    22bc:	ed bf       	out	0x3d, r30	; 61
    22be:	fe bf       	out	0x3e, r31	; 62
/Users/askn/Develop/UPDI4AVR-USB/src/pdi.cpp:132

  bool recv_byte (uint32_t _dwAddr) {
    static uint8_t _set_ptr[] = {
      0x0C, 0, 0, 0, 0    /* LDS ADDR4 DATA1 */
    };
    _CAPS32(_set_ptr[1])->dword = _dwAddr;
    22c0:	88 23       	and	r24, r24
    22c2:	09 f4       	brne	.+2      	; 0x22c6 <PDI::read_memory()+0x68>
    22c4:	5a c0       	rjmp	.+180    	; 0x237a <PDI::read_memory()+0x11c>
    22c6:	c1 30       	cpi	r28, 0x01	; 1
    22c8:	d1 05       	cpc	r29, r1
    22ca:	11 f5       	brne	.+68     	; 0x2310 <PDI::read_memory()+0xb2>
recv_byte():
    22cc:	c0 92 06 60 	sts	0x6006, r12	; 0x806006 <PDI::recv_byte(unsigned long)::_set_ptr+0x1>
/Users/askn/Develop/UPDI4AVR-USB/src/pdi.cpp:133
    return send_bytes(_set_ptr, sizeof(_set_ptr)) && recv_byte();
    22d0:	d0 92 07 60 	sts	0x6007, r13	; 0x806007 <PDI::recv_byte(unsigned long)::_set_ptr+0x2>
    22d4:	e0 92 08 60 	sts	0x6008, r14	; 0x806008 <PDI::recv_byte(unsigned long)::_set_ptr+0x3>
    22d8:	f0 92 09 60 	sts	0x6009, r15	; 0x806009 <PDI::recv_byte(unsigned long)::_set_ptr+0x4>
    22dc:	65 e0       	ldi	r22, 0x05	; 5
    22de:	70 e0       	ldi	r23, 0x00	; 0
    22e0:	85 e0       	ldi	r24, 0x05	; 5
    22e2:	90 e6       	ldi	r25, 0x60	; 96
    22e4:	34 da       	rcall	.-2968   	; 0x174e <PDI::send_bytes(unsigned char const*, unsigned int)>
    22e6:	88 23       	and	r24, r24
    22e8:	09 f4       	brne	.+2      	; 0x22ec <PDI::read_memory()+0x8e>
    22ea:	47 c0       	rjmp	.+142    	; 0x237a <PDI::read_memory()+0x11c>
/Users/askn/Develop/UPDI4AVR-USB/src/pdi.cpp:248
    size_t  _rspsize = 0;
    D1PRINTF(" L=%04X,A=%08lX,", _wLength, _dwAddr);
    if (!nvm_cmd(0x43)) return 0;
    if (_wLength == 1) {
      if (recv_byte(_dwAddr)) {
        packet.in.data[0] = RXDATA;
    22ec:	0c da       	rcall	.-3048   	; 0x1706 <PDI::recv_byte()>
    22ee:	88 23       	and	r24, r24
    22f0:	09 f4       	brne	.+2      	; 0x22f4 <PDI::read_memory()+0x96>
/Users/askn/Develop/UPDI4AVR-USB/src/pdi.cpp:249
        _rspsize = 1 + _wLength;
    22f2:	43 c0       	rjmp	.+134    	; 0x237a <PDI::read_memory()+0x11c>
read_memory():
    22f4:	8d b3       	in	r24, 0x1d	; 29
/Users/askn/Develop/UPDI4AVR-USB/src/pdi.cpp:264
        _rspsize = 1 + _wLength;
        D2PRINTHEX(&packet.in.data[0], _wLength, ':');
      }
    }
    return _rspsize;
  }
    22f6:	80 93 0e 61 	sts	0x610E, r24	; 0x80610e <packet+0x7>
    22fa:	82 e0       	ldi	r24, 0x02	; 2
    22fc:	90 e0       	ldi	r25, 0x00	; 0
    22fe:	df 91       	pop	r29
    2300:	cf 91       	pop	r28
    2302:	1f 91       	pop	r17
    2304:	0f 91       	pop	r16
    2306:	ff 90       	pop	r15
/Users/askn/Develop/UPDI4AVR-USB/src/pdi.cpp:253
        packet.in.data[0] = RXDATA;
        _rspsize = 1 + _wLength;
      }
    }
    else {
      _CAPS32(_set_ptr32[1])->dword = _dwAddr;
    2308:	ef 90       	pop	r14
    230a:	df 90       	pop	r13
    230c:	cf 90       	pop	r12
    230e:	08 95       	ret
    2310:	c0 92 0f 60 	sts	0x600F, r12	; 0x80600f <PDI::_set_ptr32+0x1>
    2314:	d0 92 10 60 	sts	0x6010, r13	; 0x806010 <PDI::_set_ptr32+0x2>
/Users/askn/Develop/UPDI4AVR-USB/src/pdi.cpp:254
      _CAPS16(_set_repeat[1])->word = _wLength - 1;
    2318:	e0 92 11 60 	sts	0x6011, r14	; 0x806011 <PDI::_set_ptr32+0x3>
    231c:	f0 92 12 60 	sts	0x6012, r15	; 0x806012 <PDI::_set_ptr32+0x4>
    2320:	ce 01       	movw	r24, r28
    2322:	01 97       	sbiw	r24, 0x01	; 1
/Users/askn/Develop/UPDI4AVR-USB/src/pdi.cpp:255
      _set_repeat[3] = 0x24;  /* LD PTR++ DATA1 */
    2324:	80 93 0b 60 	sts	0x600B, r24	; 0x80600b <PDI::_set_repeat+0x1>
    2328:	90 93 0c 60 	sts	0x600C, r25	; 0x80600c <PDI::_set_repeat+0x2>
/Users/askn/Develop/UPDI4AVR-USB/src/pdi.cpp:256
      if (send_bytes(_set_ptr32, sizeof(_set_ptr32))
    232c:	84 e2       	ldi	r24, 0x24	; 36
    232e:	80 93 0d 60 	sts	0x600D, r24	; 0x80600d <PDI::_set_repeat+0x3>
    2332:	65 e0       	ldi	r22, 0x05	; 5
    2334:	70 e0       	ldi	r23, 0x00	; 0
/Users/askn/Develop/UPDI4AVR-USB/src/pdi.cpp:258
       && send_bytes(_set_repeat, sizeof(_set_repeat))
       && recv_bytes(&packet.in.data[0], _wLength)) {
    2336:	8e e0       	ldi	r24, 0x0E	; 14
    2338:	90 e6       	ldi	r25, 0x60	; 96
/Users/askn/Develop/UPDI4AVR-USB/src/pdi.cpp:257
    else {
      _CAPS32(_set_ptr32[1])->dword = _dwAddr;
      _CAPS16(_set_repeat[1])->word = _wLength - 1;
      _set_repeat[3] = 0x24;  /* LD PTR++ DATA1 */
      if (send_bytes(_set_ptr32, sizeof(_set_ptr32))
       && send_bytes(_set_repeat, sizeof(_set_repeat))
    233a:	09 da       	rcall	.-3054   	; 0x174e <PDI::send_bytes(unsigned char const*, unsigned int)>
    233c:	88 23       	and	r24, r24
    233e:	e9 f0       	breq	.+58     	; 0x237a <PDI::read_memory()+0x11c>
    2340:	64 e0       	ldi	r22, 0x04	; 4
    2342:	70 e0       	ldi	r23, 0x00	; 0
    2344:	8a e0       	ldi	r24, 0x0A	; 10
    2346:	90 e6       	ldi	r25, 0x60	; 96
    2348:	02 da       	rcall	.-3068   	; 0x174e <PDI::send_bytes(unsigned char const*, unsigned int)>
/Users/askn/Develop/UPDI4AVR-USB/src/pdi.cpp:137
    _CAPS32(_set_ptr[1])->dword = _dwAddr;
    return send_bytes(_set_ptr, sizeof(_set_ptr)) && recv_byte();
  }

  bool recv_bytes (uint8_t* _data, size_t _len) {
    stop_txd();
    234a:	88 23       	and	r24, r24
    234c:	b1 f0       	breq	.+44     	; 0x237a <PDI::read_memory()+0x11c>
recv_bytes():
    234e:	cf d9       	rcall	.-3170   	; 0x16ee <PDI::stop_txd()>
    2350:	07 e0       	ldi	r16, 0x07	; 7
/Users/askn/Develop/UPDI4AVR-USB/src/pdi.cpp:141
    do {
      if (!recv()) return false;
      *_data++ = RXDATA;
    } while (--_len);
    2352:	11 e6       	ldi	r17, 0x61	; 97
    2354:	9e 01       	movw	r18, r28
    2356:	29 5f       	subi	r18, 0xF9	; 249
    2358:	3e 49       	sbci	r19, 0x9E	; 158
/Users/askn/Develop/UPDI4AVR-USB/src/pdi.cpp:139
  }

  bool recv_bytes (uint8_t* _data, size_t _len) {
    stop_txd();
    do {
      if (!recv()) return false;
    235a:	79 01       	movw	r14, r18
    235c:	0e 94 c7 07 	call	0xf8e	; 0xf8e <PDI::recv()>
    2360:	88 23       	and	r24, r24
/Users/askn/Develop/UPDI4AVR-USB/src/pdi.cpp:140
      *_data++ = RXDATA;
    2362:	59 f0       	breq	.+22     	; 0x237a <PDI::read_memory()+0x11c>
    2364:	8d b3       	in	r24, 0x1d	; 29
    2366:	f8 01       	movw	r30, r16
    2368:	87 83       	std	Z+7, r24	; 0x07
    236a:	0f 5f       	subi	r16, 0xFF	; 255
/Users/askn/Develop/UPDI4AVR-USB/src/pdi.cpp:141
    } while (--_len);
    236c:	1f 4f       	sbci	r17, 0xFF	; 255
    236e:	0e 15       	cp	r16, r14
    2370:	1f 05       	cpc	r17, r15
/Users/askn/Develop/UPDI4AVR-USB/src/pdi.cpp:259
      _CAPS16(_set_repeat[1])->word = _wLength - 1;
      _set_repeat[3] = 0x24;  /* LD PTR++ DATA1 */
      if (send_bytes(_set_ptr32, sizeof(_set_ptr32))
       && send_bytes(_set_repeat, sizeof(_set_repeat))
       && recv_bytes(&packet.in.data[0], _wLength)) {
        _rspsize = 1 + _wLength;
    2372:	a1 f7       	brne	.-24     	; 0x235c <PDI::read_memory()+0xfe>
read_memory():
    2374:	ce 01       	movw	r24, r28
    2376:	01 96       	adiw	r24, 0x01	; 1
/Users/askn/Develop/UPDI4AVR-USB/src/pdi.cpp:245
    uint8_t   m_type = packet.out.bMType;
    uint32_t _dwAddr = packet.out.dwAddr + get_mtype_offset(m_type);
    size_t  _wLength = packet.out.dwLength;
    size_t  _rspsize = 0;
    D1PRINTF(" L=%04X,A=%08lX,", _wLength, _dwAddr);
    if (!nvm_cmd(0x43)) return 0;
    2378:	c2 cf       	rjmp	.-124    	; 0x22fe <PDI::read_memory()+0xa0>
    237a:	90 e0       	ldi	r25, 0x00	; 0
    237c:	80 e0       	ldi	r24, 0x00	; 0
/Users/askn/Develop/UPDI4AVR-USB/src/isp.cpp:92
      bit_set(TCA0_SPLIT_INTFLAGS, TCA_SPLIT_LUNF_bp);
    };
    return _d;
  }

  void spi_transaction (const uint8_t _cmd[]) {
    237e:	bf cf       	rjmp	.-130    	; 0x22fe <PDI::read_memory()+0xa0>

00002380 <ISP::spi_transaction(unsigned char const*)>:
spi_transaction():
    2380:	0f 93       	push	r16
    2382:	1f 93       	push	r17
    2384:	cf 93       	push	r28
    2386:	df 93       	push	r29
/Users/askn/Develop/UPDI4AVR-USB/src/isp.cpp:93
    loop_until_bit_is_set(TCA0_SPLIT_INTFLAGS, TCA_SPLIT_LUNF_bp);
    2388:	ec 01       	movw	r28, r24
    238a:	80 91 0b 0a 	lds	r24, 0x0A0B	; 0x800a0b <__TEXT_REGION_LENGTH__+0x7f0a0b>
    238e:	80 ff       	sbrs	r24, 0
/Users/askn/Develop/UPDI4AVR-USB/src/isp.cpp:94
    bit_set(TCA0_SPLIT_INTFLAGS, TCA_SPLIT_LUNF_bp);
    2390:	fc cf       	rjmp	.-8      	; 0x238a <ISP::spi_transaction(unsigned char const*)+0xa>
    2392:	80 91 0b 0a 	lds	r24, 0x0A0B	; 0x800a0b <__TEXT_REGION_LENGTH__+0x7f0a0b>
    2396:	81 60       	ori	r24, 0x01	; 1
/Users/askn/Develop/UPDI4AVR-USB/src/isp.cpp:95
    ATOMIC_BLOCK(ATOMIC_RESTORESTATE) {
    2398:	80 93 0b 0a 	sts	0x0A0B, r24	; 0x800a0b <__TEXT_REGION_LENGTH__+0x7f0a0b>
/Users/askn/Develop/UPDI4AVR-USB/src/isp.cpp:96
      _res[0] = spi_exchange(_cmd[0]);
    239c:	1f b7       	in	r17, 0x3f	; 63
__iCliRetVal():
    239e:	f8 94       	cli
spi_transaction():
    23a0:	88 81       	ld	r24, Y
    23a2:	db db       	rcall	.-2122   	; 0x1b5a <ISP::spi_exchange(unsigned char)>
/Users/askn/Develop/UPDI4AVR-USB/src/isp.cpp:97
      _res[1] = spi_exchange(_cmd[1]);
    23a4:	80 93 de 60 	sts	0x60DE, r24	; 0x8060de <ISP::_res>
    23a8:	89 81       	ldd	r24, Y+1	; 0x01
    23aa:	d7 db       	rcall	.-2130   	; 0x1b5a <ISP::spi_exchange(unsigned char)>
    23ac:	80 93 df 60 	sts	0x60DF, r24	; 0x8060df <ISP::_res+0x1>
/Users/askn/Develop/UPDI4AVR-USB/src/isp.cpp:98
      _res[2] = spi_exchange(_cmd[2]);
    23b0:	8a 81       	ldd	r24, Y+2	; 0x02
    23b2:	d3 db       	rcall	.-2138   	; 0x1b5a <ISP::spi_exchange(unsigned char)>
    23b4:	80 93 e0 60 	sts	0x60E0, r24	; 0x8060e0 <ISP::_res+0x2>
/Users/askn/Develop/UPDI4AVR-USB/src/isp.cpp:99
      _res[3] = spi_exchange(_cmd[3]);
    23b8:	8b 81       	ldd	r24, Y+3	; 0x03
    23ba:	cf db       	rcall	.-2146   	; 0x1b5a <ISP::spi_exchange(unsigned char)>
    23bc:	80 93 e1 60 	sts	0x60E1, r24	; 0x8060e1 <ISP::_res+0x3>
__iRestore():
    23c0:	1f bf       	out	0x3f, r17	; 63
spi_transaction():
/Users/askn/Library/Arduino15/packages/MultiX-Zinnia/tools/avr8-gcc/7.3.0-avr8-gnu-toolchain/avr/include/util/atomic.h:70
    23c2:	f8 99       	sbic	0x1f, 0	; 31
/Users/askn/Develop/UPDI4AVR-USB/src/isp.cpp:102
    }
  #if !defined(NDEBUG) && defined(DEBUG)
    if (bit_is_clear(PGCONF, PGCONF_PGIA_bp)) {
    23c4:	2d c0       	rjmp	.+90     	; 0x2420 <ISP::spi_transaction(unsigned char const*)+0xa0>
    23c6:	83 eb       	ldi	r24, 0xB3	; 179
/Users/askn/Develop/UPDI4AVR-USB/src/isp.cpp:103
      DPRINTF(" S/"); DPRINTHEX(_cmd, 4, ':');
    23c8:	90 e0       	ldi	r25, 0x00	; 0
    23ca:	9f 93       	push	r25
    23cc:	8f 93       	push	r24
    23ce:	02 ed       	ldi	r16, 0xD2	; 210
    23d0:	10 e6       	ldi	r17, 0x60	; 96
    23d2:	1f 93       	push	r17
    23d4:	0f 93       	push	r16
    23d6:	52 dc       	rcall	.-1884   	; 0x1c7c <Print::printf(PGM_t const*, ...) [clone .constprop.16]>
    23d8:	26 ea       	ldi	r18, 0xA6	; 166
    23da:	30 e6       	ldi	r19, 0x60	; 96
    23dc:	50 e0       	ldi	r21, 0x00	; 0
    23de:	40 e0       	ldi	r20, 0x00	; 0
    23e0:	64 e0       	ldi	r22, 0x04	; 4
    23e2:	70 e0       	ldi	r23, 0x00	; 0
    23e4:	ce 01       	movw	r24, r28
    23e6:	e0 db       	rcall	.-2112   	; 0x1ba8 <Print::printHex(void const*, unsigned int, char, unsigned int, char const*) [clone .constprop.12]>
    23e8:	3d dc       	rcall	.-1926   	; 0x1c64 <Print::ln()>
    23ea:	8f ea       	ldi	r24, 0xAF	; 175
    23ec:	90 e0       	ldi	r25, 0x00	; 0
    23ee:	9f 93       	push	r25
    23f0:	8f 93       	push	r24
/Users/askn/Develop/UPDI4AVR-USB/src/isp.cpp:104
      DPRINTF(" R/"); DPRINTHEX(_res, 4, ':');
    23f2:	1f 93       	push	r17
    23f4:	0f 93       	push	r16
    23f6:	42 dc       	rcall	.-1916   	; 0x1c7c <Print::printf(PGM_t const*, ...) [clone .constprop.16]>
    23f8:	26 ea       	ldi	r18, 0xA6	; 166
    23fa:	30 e6       	ldi	r19, 0x60	; 96
    23fc:	50 e0       	ldi	r21, 0x00	; 0
    23fe:	40 e0       	ldi	r20, 0x00	; 0
    2400:	64 e0       	ldi	r22, 0x04	; 4
    2402:	70 e0       	ldi	r23, 0x00	; 0
    2404:	8e ed       	ldi	r24, 0xDE	; 222
    2406:	90 e6       	ldi	r25, 0x60	; 96
    2408:	cf db       	rcall	.-2146   	; 0x1ba8 <Print::printHex(void const*, unsigned int, char, unsigned int, char const*) [clone .constprop.12]>
    240a:	2d b7       	in	r18, 0x3d	; 61
    240c:	3e b7       	in	r19, 0x3e	; 62
    240e:	28 5f       	subi	r18, 0xF8	; 248
    2410:	3f 4f       	sbci	r19, 0xFF	; 255
    2412:	2d bf       	out	0x3d, r18	; 61
    2414:	3e bf       	out	0x3e, r19	; 62
    2416:	df 91       	pop	r29
    2418:	cf 91       	pop	r28
    241a:	1f 91       	pop	r17
    241c:	0f 91       	pop	r16
    241e:	22 cc       	rjmp	.-1980   	; 0x1c64 <Print::ln()>
    2420:	df 91       	pop	r29
/Users/askn/Develop/UPDI4AVR-USB/src/isp.cpp:107
    }
  #endif
  }
    2422:	cf 91       	pop	r28
    2424:	1f 91       	pop	r17
    2426:	0f 91       	pop	r16
    2428:	08 95       	ret

0000242a <ISP::write_fuse_byte()>:
write_fuse_byte():
/Users/askn/Develop/UPDI4AVR-USB/src/isp.cpp:104
      _res[3] = spi_exchange(_cmd[3]);
    }
  #if !defined(NDEBUG) && defined(DEBUG)
    if (bit_is_clear(PGCONF, PGCONF_PGIA_bp)) {
      DPRINTF(" S/"); DPRINTHEX(_cmd, 4, ':');
      DPRINTF(" R/"); DPRINTHEX(_res, 4, ':');
    242a:	8d e0       	ldi	r24, 0x0D	; 13
    242c:	91 e6       	ldi	r25, 0x61	; 97
/Users/askn/Develop/UPDI4AVR-USB/src/isp.cpp:107
    }
  #endif
  }
    242e:	a8 df       	rcall	.-176    	; 0x2380 <ISP::spi_transaction(unsigned char const*)>
    2430:	81 e0       	ldi	r24, 0x01	; 1
    2432:	90 e0       	ldi	r25, 0x00	; 0
    2434:	08 95       	ret

00002436 <ISP::read_fuse_byte()>:
read_fuse_byte():
    2436:	8e e0       	ldi	r24, 0x0E	; 14
/Users/askn/Develop/UPDI4AVR-USB/src/isp.cpp:286
    return 1;
  }

  size_t write_fuse_byte (void) {
    /* Send FUSE write command. */
    spi_transaction(&packet.out.isp.data[0]);
    2438:	91 e6       	ldi	r25, 0x61	; 97
    243a:	a2 df       	rcall	.-188    	; 0x2380 <ISP::spi_transaction(unsigned char const*)>
    243c:	a7 e0       	ldi	r26, 0x07	; 7
    243e:	b1 e6       	ldi	r27, 0x61	; 97
/Users/askn/Develop/UPDI4AVR-USB/src/isp.cpp:288
    return 1;
  }
    2440:	16 96       	adiw	r26, 0x06	; 6
    2442:	ec 91       	ld	r30, X
    2444:	16 97       	sbiw	r26, 0x06	; 6
/Users/askn/Develop/UPDI4AVR-USB/src/isp.cpp:113

  // MARK: ISP NVM API

  size_t read_fuse_byte (void) {
    /* Send FUSE read command. */
    spi_transaction(&packet.out.isp.data[1]);
    2446:	f0 e0       	ldi	r31, 0x00	; 0
    2448:	e3 52       	subi	r30, 0x23	; 35
    244a:	ff 49       	sbci	r31, 0x9F	; 159
    244c:	80 81       	ld	r24, Z
/Users/askn/Develop/UPDI4AVR-USB/src/isp.cpp:116

    /* Read and return the value at the specified position. */
    packet.in.isp.data[0] = _res[packet.out.isp.data[0] - 1];
    244e:	17 96       	adiw	r26, 0x07	; 7
    2450:	8c 93       	st	X, r24
    2452:	17 97       	sbiw	r26, 0x07	; 7
    2454:	18 96       	adiw	r26, 0x08	; 8
    2456:	1c 92       	st	X, r1
    2458:	82 e0       	ldi	r24, 0x02	; 2
    245a:	90 e0       	ldi	r25, 0x00	; 0
    245c:	08 95       	ret

0000245e <USB::setup_device(bool) [clone .part.2]>:
_ZN3USB12setup_deviceEb.part.2():
    245e:	cf 93       	push	r28
    2460:	df 93       	push	r29
    2462:	c0 e0       	ldi	r28, 0x00	; 0
    2464:	dc e0       	ldi	r29, 0x0C	; 12
/Users/askn/Develop/UPDI4AVR-USB/src/isp.cpp:117
    packet.in.isp.data[1] = 0;
    2466:	18 82       	st	Y, r1
    2468:	10 92 04 0c 	sts	0x0C04, r1	; 0x800c04 <__TEXT_REGION_LENGTH__+0x7f0c04>
/Users/askn/Develop/UPDI4AVR-USB/src/isp.cpp:119
    return 2;
  }
    246c:	8e ea       	ldi	r24, 0xAE	; 174
/Users/askn/Develop/UPDI4AVR-USB/src/usb.cpp:236
    EP_MEM.cci_header.wIndex        = 1;    /* Interface#1 */
    EP_MEM.cci_header.wLength       = 2;
    EP_MEM.cci_wValue               = _state;
  }

  void setup_device (bool _force) {
    246e:	94 e6       	ldi	r25, 0x64	; 100
    2470:	80 93 06 0c 	sts	0x0C06, r24	; 0x800c06 <__TEXT_REGION_LENGTH__+0x7f0c06>
/Users/askn/Develop/UPDI4AVR-USB/src/usb.cpp:240
    if (_led_mode != 3) SYS::LED_Flash();
    USB0_ADDR = 0;
    if (USB0_CTRLA || _force) {
      USB0_CTRLA = 0;
    2474:	90 93 07 0c 	sts	0x0C07, r25	; 0x800c07 <__TEXT_REGION_LENGTH__+0x7f0c07>
/Users/askn/Develop/UPDI4AVR-USB/src/usb.cpp:241
      USB0_FIFOWP = 0;
    2478:	81 e0       	ldi	r24, 0x01	; 1
    247a:	80 93 01 0c 	sts	0x0C01, r24	; 0x800c01 <__TEXT_REGION_LENGTH__+0x7f0c01>
/Users/askn/Develop/UPDI4AVR-USB/src/usb.cpp:242
      USB0_EPPTR = (uint16_t)&EP_TABLE.EP;
    247e:	8e b3       	in	r24, 0x1e	; 30
    2480:	80 7c       	andi	r24, 0xC0	; 192
    2482:	8e bb       	out	0x1e, r24	; 30
    2484:	1f ba       	out	0x1f, r1	; 31
    2486:	1c ba       	out	0x1c, r1	; 28
/Users/askn/Develop/UPDI4AVR-USB/src/usb.cpp:243
      USB0_CTRLB = USB_ATTACH_bm;
    2488:	10 92 a3 64 	sts	0x64A3, r1	; 0x8064a3 <_send_break>
/Users/askn/Develop/UPDI4AVR-USB/src/usb.cpp:244
      GPCONF &= GPCONF_SW0_gm;
    248c:	10 92 a4 64 	sts	0x64A4, r1	; 0x8064a4 <_send_break+0x1>
    2490:	10 92 a2 64 	sts	0x64A2, r1	; 0x8064a2 <_send_count>
/Users/askn/Develop/UPDI4AVR-USB/src/usb.cpp:246
      PGCONF = 0;
      RXSTAT = 0;
    2494:	10 92 a1 64 	sts	0x64A1, r1	; 0x8064a1 <_recv_count>
/Users/askn/Develop/UPDI4AVR-USB/src/usb.cpp:247
      _send_break = 0;
    2498:	10 92 a0 64 	sts	0x64A0, r1	; 0x8064a0 <_set_config>
    249c:	10 92 9f 64 	sts	0x649F, r1	; 0x80649f <_sof_count>
/Users/askn/Develop/UPDI4AVR-USB/src/usb.cpp:248
      _send_count = 0;
    24a0:	4a e4       	ldi	r20, 0x4A	; 74
/Users/askn/Develop/UPDI4AVR-USB/src/usb.cpp:249
      _recv_count = 0;
    24a2:	50 e0       	ldi	r21, 0x00	; 0
    24a4:	6c ec       	ldi	r22, 0xCC	; 204
/Users/askn/Develop/UPDI4AVR-USB/src/usb.cpp:250
      _set_config = 0;
    24a6:	7c e0       	ldi	r23, 0x0C	; 12
/Users/askn/Develop/UPDI4AVR-USB/src/usb.cpp:251
      _sof_count = 0;
    24a8:	86 ea       	ldi	r24, 0xA6	; 166
    24aa:	94 e6       	ldi	r25, 0x64	; 100
/Users/askn/Develop/UPDI4AVR-USB/src/usb.cpp:252
      memcpy_P(&EP_TABLE, &ep_init, sizeof(EP_TABLE_t));
    24ac:	0e 94 7e 32 	call	0x64fc	; 0x64fc <memcpy_P>
set_cci_data():
    24b0:	10 92 9e 64 	sts	0x649E, r1	; 0x80649e <_set_serial_state>
    24b4:	e6 e8       	ldi	r30, 0x86	; 134
    24b6:	f3 e6       	ldi	r31, 0x63	; 99
    24b8:	81 ea       	ldi	r24, 0xA1	; 161
    24ba:	80 87       	std	Z+8, r24	; 0x08
/Users/askn/Develop/UPDI4AVR-USB/src/usb.cpp:227
    if (_size) memcpy_P(_buffer, _pgmem, _size);
    return _size;
  }

  void set_cci_data (uint16_t _state) {
    _set_serial_state = _state;
    24bc:	80 e2       	ldi	r24, 0x20	; 32
    24be:	81 87       	std	Z+9, r24	; 0x09
/Users/askn/Develop/UPDI4AVR-USB/src/usb.cpp:228
    EP_MEM.cci_header.bmRequestType = 0xA1; /* REQTYPE_DIRECTION | REQTYPE_CLASS | RECIPIENT_INTERFACE */
    24c0:	12 86       	std	Z+10, r1	; 0x0a
    24c2:	13 86       	std	Z+11, r1	; 0x0b
    24c4:	81 e0       	ldi	r24, 0x01	; 1
    24c6:	90 e0       	ldi	r25, 0x00	; 0
/Users/askn/Develop/UPDI4AVR-USB/src/usb.cpp:229
    EP_MEM.cci_header.bRequest      = 0x20; /* CDC_REQ_SerialState */
    24c8:	84 87       	std	Z+12, r24	; 0x0c
    24ca:	95 87       	std	Z+13, r25	; 0x0d
/Users/askn/Develop/UPDI4AVR-USB/src/usb.cpp:230
    EP_MEM.cci_header.wValue        = 0;
    24cc:	82 e0       	ldi	r24, 0x02	; 2
    24ce:	90 e0       	ldi	r25, 0x00	; 0
/Users/askn/Develop/UPDI4AVR-USB/src/usb.cpp:231
    EP_MEM.cci_header.wIndex        = 1;    /* Interface#1 */
    24d0:	86 87       	std	Z+14, r24	; 0x0e
    24d2:	97 87       	std	Z+15, r25	; 0x0f
    24d4:	10 8a       	std	Z+16, r1	; 0x10
    24d6:	11 8a       	std	Z+17, r1	; 0x11
_ZN3USB12setup_deviceEb.part.2():
/Users/askn/Develop/UPDI4AVR-USB/src/usb.cpp:232
    EP_MEM.cci_header.wLength       = 2;
    24d8:	83 e8       	ldi	r24, 0x83	; 131
    24da:	88 83       	st	Y, r24
    24dc:	df 91       	pop	r29
    24de:	cf 91       	pop	r28
/Users/askn/Develop/UPDI4AVR-USB/src/usb.cpp:233
    EP_MEM.cci_wValue               = _state;
    24e0:	08 95       	ret

000024e2 <USART::disable_vcp() [clone .part.1]>:
delay_micros():
    24e2:	8a e1       	ldi	r24, 0x1A	; 26
/Users/askn/Develop/UPDI4AVR-USB/src/usb.cpp:254
      _recv_count = 0;
      _set_config = 0;
      _sof_count = 0;
      memcpy_P(&EP_TABLE, &ep_init, sizeof(EP_TABLE_t));
      set_cci_data(0x00);
      USB0_CTRLA = USB_ENABLE_bm | (USB_ENDPOINTS_MAX - 1);
    24e4:	8a 95       	dec	r24
    24e6:	f1 f7       	brne	.-4      	; 0x24e4 <USART::disable_vcp() [clone .part.1]+0x2>
/Users/askn/Develop/UPDI4AVR-USB/src/usb.cpp:256
    }
  }
    24e8:	00 c0       	rjmp	.+0      	; 0x24ea <USART::disable_vcp() [clone .part.1]+0x8>
_ZN5USART11disable_vcpEv.part.1():
    24ea:	8f b7       	in	r24, 0x3f	; 63
__iCliRetVal():
    24ec:	f8 94       	cli
_ZN5USART11disable_vcpEv.part.1():
/Users/askn/Library/Arduino15/packages/MultiX-Zinnia/hardware/modernAVR/0.4.10/cores/modernAVR/api/delay_busywait.h:33
static __inline__ __attribute__((__always_inline__)) void delay_micros (uint32_t _us);
static __inline__ __attribute__((__always_inline__)) void delay_millis (uint32_t _ms);

void delay_micros (uint32_t _us) {
  if (F_CPU >= 1000000L) {
    __builtin_avr_delay_cycles((F_CPU / 1000000L) * _us);
    24ee:	10 92 06 08 	sts	0x0806, r1	; 0x800806 <__TEXT_REGION_LENGTH__+0x7f0806>
    24f2:	10 92 05 08 	sts	0x0805, r1	; 0x800805 <__TEXT_REGION_LENGTH__+0x7f0805>
/Users/askn/Library/Arduino15/packages/MultiX-Zinnia/tools/avr8-gcc/7.3.0-avr8-gnu-toolchain/avr/include/util/atomic.h:50
    return 1;
}

static __inline__ uint8_t __iCliRetVal(void)
{
    cli();
    24f6:	1c ba       	out	0x1c, r1	; 28
/Users/askn/Develop/UPDI4AVR-USB/src/usart.cpp:77
      /* Allow time to move USART0_TXDATA */
      delay_micros(4);
      ATOMIC_BLOCK(ATOMIC_RESTORESTATE) {
        /* Simply clearing the CTRLB does not disable the USART completely.                    */
        /* This errata is not documented for the AVR-DU, but is the same as for tinyAVR-0 etc. */
        USART0_CTRLB = 0;
    24f8:	1d ba       	out	0x1d, r1	; 29
    24fa:	95 e1       	ldi	r25, 0x15	; 21
/Users/askn/Develop/UPDI4AVR-USB/src/usart.cpp:78
        USART0_CTRLA = 0;
    24fc:	90 93 e2 05 	sts	0x05E2, r25	; 0x8005e2 <__TEXT_REGION_LENGTH__+0x7f05e2>
/Users/askn/Develop/UPDI4AVR-USB/src/usart.cpp:79
        RXSTAT = 0;
    2500:	f1 98       	cbi	0x1e, 1	; 30
__iRestore():
/Users/askn/Develop/UPDI4AVR-USB/src/usart.cpp:80
        RXDATA = 0;
    2502:	8f bf       	out	0x3f, r24	; 63
_ZN5USART11disable_vcpEv.part.1():
/Users/askn/Develop/UPDI4AVR-USB/src/usart.cpp:81
        PORTMUX_USARTROUTEA = PORTMUX_USART_NONE;
    2504:	88 e0       	ldi	r24, 0x08	; 8
    2506:	80 93 12 04 	sts	0x0412, r24	; 0x800412 <__TEXT_REGION_LENGTH__+0x7f0412>
/Users/askn/Develop/UPDI4AVR-USB/src/usart.cpp:82
        bit_clear(GPCONF, GPCONF_VCP_bp);
    250a:	02 98       	cbi	0x00, 2	; 0
/Users/askn/Library/Arduino15/packages/MultiX-Zinnia/tools/avr8-gcc/7.3.0-avr8-gnu-toolchain/avr/include/util/atomic.h:70
    (void)__s;
}

static __inline__ void __iRestore(const  uint8_t *__s)
{
    SREG = *__s;
    250c:	03 98       	cbi	0x00, 3	; 0
/Users/askn/Develop/UPDI4AVR-USB/src/usart.cpp:84
      }
      pinControlRegister(PIN_VCP_TXD) = PORT_PULLUPEN_bm;
    250e:	08 95       	ret

00002510 <USART::setup()>:
LED_TM():
    2510:	80 91 82 63 	lds	r24, 0x6382	; 0x806382 <_led_mode>
/Users/askn/Develop/UPDI4AVR-USB/src/usart.cpp:85
      pinLogicOpen(PIN_VCP_TXD);
    2514:	84 30       	cpi	r24, 0x04	; 4
/Users/askn/Develop/UPDI4AVR-USB/src/usart.cpp:86
      pinLogicOpen(PIN_VCP_RXD);
    2516:	21 f0       	breq	.+8      	; 0x2520 <USART::setup()+0x10>
/Users/askn/Develop/UPDI4AVR-USB/src/usart.cpp:88
    }
  }
    2518:	6c e0       	ldi	r22, 0x0C	; 12
/Users/askn/Develop/UPDI4AVR-USB/src/sys.cpp:195

  WEAK void LED_TM (uint8_t _mode, uint16_t _ccmp) {
    if (_led_mode != _mode) {
    251a:	70 e0       	ldi	r23, 0x00	; 0
    251c:	84 e0       	ldi	r24, 0x04	; 4
    251e:	32 dc       	rcall	.-1948   	; 0x1d84 <SYS::LED_TM(unsigned char, unsigned int) [clone .part.3]>
disable_vcp():
    2520:	80 91 06 08 	lds	r24, 0x0806	; 0x800806 <__TEXT_REGION_LENGTH__+0x7f0806>
    2524:	81 11       	cpse	r24, r1
    2526:	dd df       	rcall	.-70     	; 0x24e2 <USART::disable_vcp() [clone .part.1]>
setup():
    2528:	00 98       	cbi	0x00, 0	; 0
    252a:	01 98       	cbi	0x00, 1	; 0
/Users/askn/Develop/UPDI4AVR-USB/src/usart.cpp:70
    } while (--_delay);
  }

  /*** Stop the VCP and release the ports in use. ***/
  void disable_vcp (void) {
    if (USART0_CTRLB) {
    252c:	02 98       	cbi	0x00, 2	; 0
    252e:	80 91 83 63 	lds	r24, 0x6383	; 0x806383 <_jtag_arch>
    2532:	83 30       	cpi	r24, 0x03	; 3
    2534:	19 f4       	brne	.+6      	; 0x253c <USART::setup()+0x2c>
/Users/askn/Develop/UPDI4AVR-USB/src/usart.cpp:27
namespace USART {

  void setup (void) {
    SYS::LED_Fast();
    disable_vcp();
    pinLogicOpen(PIN_PGM_TDAT);
    2536:	04 9a       	sbi	0x00, 4	; 0
/Users/askn/Develop/UPDI4AVR-USB/src/usart.cpp:28
    pinLogicOpen(PIN_PGM_TRST);
    2538:	06 98       	cbi	0x00, 6	; 0
/Users/askn/Develop/UPDI4AVR-USB/src/usart.cpp:29
    pinLogicOpen(PIN_PGM_TCLK);
    253a:	08 95       	ret
/Users/askn/Develop/UPDI4AVR-USB/src/usart.cpp:31
  #ifdef CONFIG_PGM_PDI_ENABLE
    if (_jtag_arch == 3) {
    253c:	04 98       	cbi	0x00, 4	; 0
    253e:	fc cf       	rjmp	.-8      	; 0x2538 <USART::setup()+0x28>

00002540 <UPDI::sys_wait_clear(unsigned char)>:
sys_wait_clear():
    2540:	cf 93       	push	r28
    2542:	df 93       	push	r29
delay_micros():
/Users/askn/Develop/UPDI4AVR-USB/src/usart.cpp:32
      pinLogicPull(PIN_PGM_PDAT);
    2544:	e2 e1       	ldi	r30, 0x12	; 18
/Users/askn/Develop/UPDI4AVR-USB/src/usart.cpp:37
    }
    else {
      pinLogicOpen(PIN_PGM_PDAT);
    }
    pinLogicOpen(PIN_PGM_PCLK);
    2546:	f1 e0       	ldi	r31, 0x01	; 1
/Users/askn/Develop/UPDI4AVR-USB/src/usart.cpp:39
  #endif
  }
    2548:	31 97       	sbiw	r30, 0x01	; 1
/Users/askn/Develop/UPDI4AVR-USB/src/usart.cpp:35
  #ifdef CONFIG_PGM_PDI_ENABLE
    if (_jtag_arch == 3) {
      pinLogicPull(PIN_PGM_PDAT);
    }
    else {
      pinLogicOpen(PIN_PGM_PDAT);
    254a:	f1 f7       	brne	.-4      	; 0x2548 <UPDI::sys_wait_clear(unsigned char)+0x8>
    254c:	00 c0       	rjmp	.+0      	; 0x254e <UPDI::sys_wait_clear(unsigned char)+0xe>
/Users/askn/Develop/UPDI4AVR-USB/src/updi.cpp:255
      sys_status();
    } while (bit_is_clear(RXDATA, _bit));
    return true;
  }

  bool sys_wait_clear (uint8_t _bit) {
    254e:	00 00       	nop
    2550:	c1 e0       	ldi	r28, 0x01	; 1
/Users/askn/Library/Arduino15/packages/MultiX-Zinnia/hardware/modernAVR/0.4.10/cores/modernAVR/api/delay_busywait.h:33
    2552:	d0 e0       	ldi	r29, 0x00	; 0
    2554:	02 c0       	rjmp	.+4      	; 0x255a <UPDI::sys_wait_clear(unsigned char)+0x1a>
    2556:	cc 0f       	add	r28, r28
    2558:	dd 1f       	adc	r29, r29
    255a:	8a 95       	dec	r24
    255c:	e2 f7       	brpl	.-8      	; 0x2556 <UPDI::sys_wait_clear(unsigned char)+0x16>
sys_wait_clear():
    255e:	0e 94 04 08 	call	0x1008	; 0x1008 <UPDI::sys_status()>
    2562:	8d b3       	in	r24, 0x1d	; 29
    2564:	90 e0       	ldi	r25, 0x00	; 0
    2566:	8c 23       	and	r24, r28
    2568:	9d 23       	and	r25, r29
    256a:	89 2b       	or	r24, r25
/Users/askn/Develop/UPDI4AVR-USB/src/updi.cpp:258
    SYS::delay_55us();
    do {
      sys_status();
    256c:	c1 f7       	brne	.-16     	; 0x255e <UPDI::sys_wait_clear(unsigned char)+0x1e>
    256e:	81 e0       	ldi	r24, 0x01	; 1
/Users/askn/Develop/UPDI4AVR-USB/src/updi.cpp:259
    } while (bit_is_set(RXDATA, _bit));
    2570:	df 91       	pop	r29
    2572:	cf 91       	pop	r28
    2574:	08 95       	ret

00002576 <UPDI::sys_wait_set(unsigned char)>:
sys_wait_set():
    2576:	cf 93       	push	r28
    2578:	df 93       	push	r29
delay_micros():
    257a:	e2 e1       	ldi	r30, 0x12	; 18
/Users/askn/Develop/UPDI4AVR-USB/src/updi.cpp:261
    return true;
  }
    257c:	f1 e0       	ldi	r31, 0x01	; 1
    257e:	31 97       	sbiw	r30, 0x01	; 1
    2580:	f1 f7       	brne	.-4      	; 0x257e <UPDI::sys_wait_set(unsigned char)+0x8>
    2582:	00 c0       	rjmp	.+0      	; 0x2584 <UPDI::sys_wait_set(unsigned char)+0xe>
/Users/askn/Develop/UPDI4AVR-USB/src/updi.cpp:247
      key_status();
    } while (bit_is_set(RXDATA, _bit));
    return true;
  }

  bool sys_wait_set (uint8_t _bit) {
    2584:	00 00       	nop
    2586:	c1 e0       	ldi	r28, 0x01	; 1
/Users/askn/Library/Arduino15/packages/MultiX-Zinnia/hardware/modernAVR/0.4.10/cores/modernAVR/api/delay_busywait.h:33
    2588:	d0 e0       	ldi	r29, 0x00	; 0
    258a:	02 c0       	rjmp	.+4      	; 0x2590 <UPDI::sys_wait_set(unsigned char)+0x1a>
    258c:	cc 0f       	add	r28, r28
    258e:	dd 1f       	adc	r29, r29
    2590:	8a 95       	dec	r24
    2592:	e2 f7       	brpl	.-8      	; 0x258c <UPDI::sys_wait_set(unsigned char)+0x16>
sys_wait_set():
    2594:	0e 94 04 08 	call	0x1008	; 0x1008 <UPDI::sys_status()>
    2598:	8d b3       	in	r24, 0x1d	; 29
    259a:	90 e0       	ldi	r25, 0x00	; 0
    259c:	8c 23       	and	r24, r28
    259e:	9d 23       	and	r25, r29
/Users/askn/Develop/UPDI4AVR-USB/src/updi.cpp:250
    SYS::delay_55us();
    do {
      sys_status();
    25a0:	89 2b       	or	r24, r25
    25a2:	c1 f3       	breq	.-16     	; 0x2594 <UPDI::sys_wait_set(unsigned char)+0x1e>
/Users/askn/Develop/UPDI4AVR-USB/src/updi.cpp:251
    } while (bit_is_clear(RXDATA, _bit));
    25a4:	81 e0       	ldi	r24, 0x01	; 1
    25a6:	df 91       	pop	r29
    25a8:	cf 91       	pop	r28
    25aa:	08 95       	ret

000025ac <UPDI::key_wait_set(unsigned char)>:
key_wait_set():
    25ac:	cf 93       	push	r28
/Users/askn/Develop/UPDI4AVR-USB/src/updi.cpp:253
    return true;
  }
    25ae:	df 93       	push	r29
delay_micros():
    25b0:	e2 e1       	ldi	r30, 0x12	; 18
    25b2:	f1 e0       	ldi	r31, 0x01	; 1
    25b4:	31 97       	sbiw	r30, 0x01	; 1
/Users/askn/Develop/UPDI4AVR-USB/src/updi.cpp:231
  bool sys_status (void) {
    const static uint8_t _sys_stat[] = {0x55, 0x8B};
    return send_bytes(_sys_stat, 2) && recv();
  }

  bool key_wait_set (uint8_t _bit) {
    25b6:	f1 f7       	brne	.-4      	; 0x25b4 <UPDI::key_wait_set(unsigned char)+0x8>
    25b8:	00 c0       	rjmp	.+0      	; 0x25ba <UPDI::key_wait_set(unsigned char)+0xe>
/Users/askn/Library/Arduino15/packages/MultiX-Zinnia/hardware/modernAVR/0.4.10/cores/modernAVR/api/delay_busywait.h:33
    25ba:	00 00       	nop
    25bc:	c1 e0       	ldi	r28, 0x01	; 1
    25be:	d0 e0       	ldi	r29, 0x00	; 0
    25c0:	02 c0       	rjmp	.+4      	; 0x25c6 <UPDI::key_wait_set(unsigned char)+0x1a>
    25c2:	cc 0f       	add	r28, r28
    25c4:	dd 1f       	adc	r29, r29
    25c6:	8a 95       	dec	r24
    25c8:	e2 f7       	brpl	.-8      	; 0x25c2 <UPDI::key_wait_set(unsigned char)+0x16>
key_wait_set():
    25ca:	0e 94 0d 08 	call	0x101a	; 0x101a <UPDI::key_status()>
    25ce:	8d b3       	in	r24, 0x1d	; 29
    25d0:	90 e0       	ldi	r25, 0x00	; 0
/Users/askn/Develop/UPDI4AVR-USB/src/updi.cpp:234
    SYS::delay_55us();
    do {
      key_status();
    25d2:	8c 23       	and	r24, r28
    25d4:	9d 23       	and	r25, r29
/Users/askn/Develop/UPDI4AVR-USB/src/updi.cpp:235
    } while (bit_is_clear(RXDATA, _bit));
    25d6:	89 2b       	or	r24, r25
    25d8:	c1 f3       	breq	.-16     	; 0x25ca <UPDI::key_wait_set(unsigned char)+0x1e>
    25da:	81 e0       	ldi	r24, 0x01	; 1
    25dc:	df 91       	pop	r29
    25de:	cf 91       	pop	r28
    25e0:	08 95       	ret

000025e2 <UPDI::set_nvmprog_key(bool)>:
set_nvmprog_key():
/Users/askn/Develop/UPDI4AVR-USB/src/updi.cpp:237
    return true;
  }
    25e2:	cf 93       	push	r28
    25e4:	c8 2f       	mov	r28, r24
    25e6:	89 e8       	ldi	r24, 0x89	; 137
/Users/askn/Develop/UPDI4AVR-USB/src/updi.cpp:263
      sys_status();
    } while (bit_is_set(RXDATA, _bit));
    return true;
  }

  bool set_nvmprog_key (bool _reset = true) {
    25e8:	9b e0       	ldi	r25, 0x0B	; 11
    25ea:	9f 93       	push	r25
/Users/askn/Develop/UPDI4AVR-USB/src/updi.cpp:264
    D1PRINTF(" PROG_KEY=");   /* wait set NVMPROG */
    25ec:	8f 93       	push	r24
    25ee:	82 ed       	ldi	r24, 0xD2	; 210
    25f0:	90 e6       	ldi	r25, 0x60	; 96
    25f2:	9f 93       	push	r25
    25f4:	8f 93       	push	r24
    25f6:	42 db       	rcall	.-2428   	; 0x1c7c <Print::printf(PGM_t const*, ...) [clone .constprop.16]>
    25f8:	6a e0       	ldi	r22, 0x0A	; 10
    25fa:	70 e0       	ldi	r23, 0x00	; 0
    25fc:	83 e6       	ldi	r24, 0x63	; 99
    25fe:	90 e6       	ldi	r25, 0x60	; 96
/Users/askn/Develop/UPDI4AVR-USB/src/updi.cpp:265
    if (!send_bytes(nvmprog_key, sizeof(nvmprog_key)) || !key_wait_set(4)) return false;
    2600:	0e 94 ea 07 	call	0xfd4	; 0xfd4 <UPDI::send_bytes(unsigned char const*, unsigned int)>
    2604:	0f 90       	pop	r0
    2606:	0f 90       	pop	r0
    2608:	0f 90       	pop	r0
    260a:	0f 90       	pop	r0
    260c:	81 11       	cpse	r24, r1
    260e:	03 c0       	rjmp	.+6      	; 0x2616 <UPDI::set_nvmprog_key(bool)+0x34>
    2610:	80 e0       	ldi	r24, 0x00	; 0
    2612:	cf 91       	pop	r28
    2614:	08 95       	ret
    2616:	84 e0       	ldi	r24, 0x04	; 4
/Users/askn/Develop/UPDI4AVR-USB/src/updi.cpp:267
    return _reset ? sys_reset(false) : true;
  }
    2618:	c9 df       	rcall	.-110    	; 0x25ac <UPDI::key_wait_set(unsigned char)>
    261a:	88 23       	and	r24, r24
/Users/askn/Develop/UPDI4AVR-USB/src/updi.cpp:265
    return true;
  }

  bool set_nvmprog_key (bool _reset = true) {
    D1PRINTF(" PROG_KEY=");   /* wait set NVMPROG */
    if (!send_bytes(nvmprog_key, sizeof(nvmprog_key)) || !key_wait_set(4)) return false;
    261c:	c9 f3       	breq	.-14     	; 0x2610 <UPDI::set_nvmprog_key(bool)+0x2e>
    261e:	cc 23       	and	r28, r28
    2620:	c1 f3       	breq	.-16     	; 0x2612 <UPDI::set_nvmprog_key(bool)+0x30>
sys_reset():
    2622:	66 e0       	ldi	r22, 0x06	; 6
    2624:	70 e0       	ldi	r23, 0x00	; 0
/Users/askn/Develop/UPDI4AVR-USB/src/updi.cpp:266
    return _reset ? sys_reset(false) : true;
    2626:	87 e9       	ldi	r24, 0x97	; 151
    2628:	90 e6       	ldi	r25, 0x60	; 96
set_nvmprog_key():
/Users/askn/Develop/UPDI4AVR-USB/src/updi.cpp:134
    const static uint8_t _reset[] = {
      0x55, 0xC8, 0x59, /* SYSRST */
      0x55, 0xC8, 0x00, /* SYSRUN */
      0x55, 0xC3, 0x04  /* UPDIDIS */
    };
    return send_bytes(_reset, _leave ? 9 : 6);
    262a:	cf 91       	pop	r28
sys_reset():
    262c:	0c 94 ea 07 	jmp	0xfd4	; 0xfd4 <UPDI::send_bytes(unsigned char const*, unsigned int)>

00002630 <UPDI::enter_progmode()>:
enter_progmode():
    2630:	f9 99       	sbic	0x1f, 1	; 31
/Users/askn/Develop/UPDI4AVR-USB/src/updi.cpp:267

  bool set_nvmprog_key (bool _reset = true) {
    D1PRINTF(" PROG_KEY=");   /* wait set NVMPROG */
    if (!send_bytes(nvmprog_key, sizeof(nvmprog_key)) || !key_wait_set(4)) return false;
    return _reset ? sys_reset(false) : true;
  }
    2632:	2c c0       	rjmp	.+88     	; 0x268c <UPDI::enter_progmode()+0x5c>
/Users/askn/Develop/UPDI4AVR-USB/src/updi.cpp:134
    const static uint8_t _reset[] = {
      0x55, 0xC8, 0x59, /* SYSRST */
      0x55, 0xC8, 0x00, /* SYSRUN */
      0x55, 0xC3, 0x04  /* UPDIDIS */
    };
    return send_bytes(_reset, _leave ? 9 : 6);
    2634:	81 e0       	ldi	r24, 0x01	; 1
/Users/askn/Develop/UPDI4AVR-USB/src/updi.cpp:468
  inline size_t disconnect (void) {
    return sys_reset(true);
  }

  size_t enter_progmode (void) {
    if (bit_is_set(PGCONF, PGCONF_PROG_bp)) return 1;
    2636:	d5 df       	rcall	.-86     	; 0x25e2 <UPDI::set_nvmprog_key(bool)>
    2638:	88 23       	and	r24, r24
/Users/askn/Develop/UPDI4AVR-USB/src/updi.cpp:471

    /* Enter NVMPROGKEY. */
    if (!set_nvmprog_key()) return 0;
    263a:	59 f1       	breq	.+86     	; 0x2692 <UPDI::enter_progmode()+0x62>
delay_micros():
    263c:	82 e1       	ldi	r24, 0x12	; 18
    263e:	91 e0       	ldi	r25, 0x01	; 1
    2640:	01 97       	sbiw	r24, 0x01	; 1
    2642:	f1 f7       	brne	.-4      	; 0x2640 <UPDI::enter_progmode()+0x10>
/Users/askn/Library/Arduino15/packages/MultiX-Zinnia/hardware/modernAVR/0.4.10/cores/modernAVR/api/delay_busywait.h:33
    2644:	00 c0       	rjmp	.+0      	; 0x2646 <UPDI::enter_progmode()+0x16>
    2646:	00 00       	nop
key_wait_clear():
    2648:	0e 94 0d 08 	call	0x101a	; 0x101a <UPDI::key_status()>
    264c:	ec 99       	sbic	0x1d, 4	; 29
    264e:	fc cf       	rjmp	.-8      	; 0x2648 <UPDI::enter_progmode()+0x18>
enter_progmode():
/Users/askn/Develop/UPDI4AVR-USB/src/updi.cpp:242
  }

  bool key_wait_clear (uint8_t _bit) {
    SYS::delay_55us();
    do {
      key_status();
    2650:	0e 94 04 08 	call	0x1008	; 0x1008 <UPDI::sys_status()>
/Users/askn/Develop/UPDI4AVR-USB/src/updi.cpp:243
    } while (bit_is_set(RXDATA, _bit));
    2654:	88 23       	and	r24, r24
/Users/askn/Develop/UPDI4AVR-USB/src/updi.cpp:475
    /* Enter NVMPROGKEY. */
    if (!set_nvmprog_key()) return 0;

    /* Verify that the NVMPROG bit is cleared. */
    /* A locked device does not have LOCKSTATUS cleared. */
    if (key_wait_clear(4) && sys_status() && bit_is_clear(RXDATA, 0)) {
    2656:	41 f0       	breq	.+16     	; 0x2668 <UPDI::enter_progmode()+0x38>
    2658:	e8 99       	sbic	0x1d, 0	; 29
    265a:	06 c0       	rjmp	.+12     	; 0x2668 <UPDI::enter_progmode()+0x38>
    265c:	f9 9a       	sbi	0x1f, 1	; 31
    265e:	e0 91 7a 63 	lds	r30, 0x637A	; 0x80637a <Command_Table>
/Users/askn/Develop/UPDI4AVR-USB/src/updi.cpp:476
      bit_set(PGCONF, PGCONF_PROG_bp);
    2662:	f0 91 7b 63 	lds	r31, 0x637B	; 0x80637b <Command_Table+0x1>
/Users/askn/Develop/UPDI4AVR-USB/src/updi.cpp:477
      (*Command_Table.prog_init)();
    2666:	09 95       	icall
    2668:	8d b3       	in	r24, 0x1d	; 29
    266a:	1f 92       	push	r1
    266c:	8f 93       	push	r24
/Users/askn/Develop/UPDI4AVR-USB/src/updi.cpp:479
    }
    D1PRINTF("%02X\r\n", RXDATA);
    266e:	8c e7       	ldi	r24, 0x7C	; 124
    2670:	9c e0       	ldi	r25, 0x0C	; 12
    2672:	9f 93       	push	r25
    2674:	8f 93       	push	r24
    2676:	82 ed       	ldi	r24, 0xD2	; 210
    2678:	90 e6       	ldi	r25, 0x60	; 96
    267a:	9f 93       	push	r25
    267c:	8f 93       	push	r24
    267e:	fe da       	rcall	.-2564   	; 0x1c7c <Print::printf(PGM_t const*, ...) [clone .constprop.16]>
    2680:	0f 90       	pop	r0
    2682:	0f 90       	pop	r0
    2684:	0f 90       	pop	r0
    2686:	0f 90       	pop	r0
    2688:	0f 90       	pop	r0
    268a:	0f 90       	pop	r0
    268c:	81 e0       	ldi	r24, 0x01	; 1
    268e:	90 e0       	ldi	r25, 0x00	; 0
    2690:	08 95       	ret
    2692:	90 e0       	ldi	r25, 0x00	; 0
/Users/askn/Develop/UPDI4AVR-USB/src/updi.cpp:468
  inline size_t disconnect (void) {
    return sys_reset(true);
  }

  size_t enter_progmode (void) {
    if (bit_is_set(PGCONF, PGCONF_PROG_bp)) return 1;
    2694:	80 e0       	ldi	r24, 0x00	; 0
    2696:	08 95       	ret

00002698 <UPDI::write_userrow()>:
write_userrow():
    2698:	bf 92       	push	r11
/Users/askn/Develop/UPDI4AVR-USB/src/updi.cpp:471

    /* Enter NVMPROGKEY. */
    if (!set_nvmprog_key()) return 0;
    269a:	cf 92       	push	r12
/Users/askn/Develop/UPDI4AVR-USB/src/updi.cpp:483
    }
    D1PRINTF("%02X\r\n", RXDATA);

    /* In either case it returns success. */
    return 1;
  }
    269c:	df 92       	push	r13
/Users/askn/Develop/UPDI4AVR-USB/src/updi.cpp:309
  /*
   * Use the UPDI ACC to write to the USERROW of the locked chip.
   * The write start address should match the USERROW address.
   * The write length should match the USERROW field.
   */
  bool write_userrow (void) {
    269e:	ef 92       	push	r14
    26a0:	ff 92       	push	r15
    26a2:	0f 93       	push	r16
    26a4:	1f 93       	push	r17
    26a6:	cf 93       	push	r28
    26a8:	df 93       	push	r29
    26aa:	f8 99       	sbic	0x1f, 0	; 31
    26ac:	0c c0       	rjmp	.+24     	; 0x26c6 <UPDI::write_userrow()+0x2e>
/Users/askn/Develop/UPDI4AVR-USB/src/updi.cpp:318
    uint32_t _dwAddr = packet.out.dwAddr;
    size_t  _wLength = packet.out.dwLength;
    if (bit_is_clear(PGCONF, PGCONF_PGIA_bp)
     || m_type != 0xC5
     || _wLength != Device_Descriptor.UPDI.user_sig_bytes
     || (uint16_t)_dwAddr != Device_Descriptor.UPDI.user_sig_base) return false;
    26ae:	10 e0       	ldi	r17, 0x00	; 0
    26b0:	81 2f       	mov	r24, r17
    26b2:	df 91       	pop	r29
/Users/askn/Develop/UPDI4AVR-USB/src/updi.cpp:339
      sys_wait_set(3);    /* wait set PROGSTART */
      D1PRINTF(" RE_PROGSTART=%02X\r\n", RXDATA);
      return true;
    }
    else return sys_reset(false);
  }
    26b4:	cf 91       	pop	r28
    26b6:	1f 91       	pop	r17
    26b8:	0f 91       	pop	r16
    26ba:	ff 90       	pop	r15
    26bc:	ef 90       	pop	r14
    26be:	df 90       	pop	r13
    26c0:	cf 90       	pop	r12
    26c2:	bf 90       	pop	r11
    26c4:	08 95       	ret
    26c6:	80 91 0e 61 	lds	r24, 0x610E	; 0x80610e <packet+0x7>
/Users/askn/Develop/UPDI4AVR-USB/src/updi.cpp:316
    const static uint8_t _urowstop[] = { 0x55, 0xC7, 0x20 };  /* ASI_KEY_STATUS <= UROWWR */
    uint8_t   m_type = packet.out.bMType;
    uint32_t _dwAddr = packet.out.dwAddr;
    size_t  _wLength = packet.out.dwLength;
    if (bit_is_clear(PGCONF, PGCONF_PGIA_bp)
     || m_type != 0xC5
    26ca:	85 3c       	cpi	r24, 0xC5	; 197
    26cc:	81 f7       	brne	.-32     	; 0x26ae <UPDI::write_userrow()+0x16>
    26ce:	00 91 3d 63 	lds	r16, 0x633D	; 0x80633d <Device_Descriptor+0x18>
/Users/askn/Develop/UPDI4AVR-USB/src/updi.cpp:317
     || _wLength != Device_Descriptor.UPDI.user_sig_bytes
    26d2:	10 91 3e 63 	lds	r17, 0x633E	; 0x80633e <Device_Descriptor+0x19>
    26d6:	80 91 13 61 	lds	r24, 0x6113	; 0x806113 <packet+0xc>
    26da:	90 91 14 61 	lds	r25, 0x6114	; 0x806114 <packet+0xd>
    26de:	08 17       	cp	r16, r24
    26e0:	19 07       	cpc	r17, r25
    26e2:	29 f7       	brne	.-54     	; 0x26ae <UPDI::write_userrow()+0x16>
    26e4:	c0 90 0f 61 	lds	r12, 0x610F	; 0x80610f <packet+0x8>
/Users/askn/Develop/UPDI4AVR-USB/src/updi.cpp:313
   */
  bool write_userrow (void) {
    const static uint8_t _urowdone[] = { 0x55, 0xCA, 0x03 };  /* ASI_SYS_CTRLA <= UROWDONE|CLKREQ */
    const static uint8_t _urowstop[] = { 0x55, 0xC7, 0x20 };  /* ASI_KEY_STATUS <= UROWWR */
    uint8_t   m_type = packet.out.bMType;
    uint32_t _dwAddr = packet.out.dwAddr;
    26e8:	d0 90 10 61 	lds	r13, 0x6110	; 0x806110 <packet+0x9>
    26ec:	e0 90 11 61 	lds	r14, 0x6111	; 0x806111 <packet+0xa>
    26f0:	f0 90 12 61 	lds	r15, 0x6112	; 0x806112 <packet+0xb>
/Users/askn/Develop/UPDI4AVR-USB/src/updi.cpp:318
    size_t  _wLength = packet.out.dwLength;
    if (bit_is_clear(PGCONF, PGCONF_PGIA_bp)
     || m_type != 0xC5
     || _wLength != Device_Descriptor.UPDI.user_sig_bytes
     || (uint16_t)_dwAddr != Device_Descriptor.UPDI.user_sig_base) return false;
    26f4:	80 91 47 63 	lds	r24, 0x6347	; 0x806347 <Device_Descriptor+0x22>
    26f8:	90 91 48 63 	lds	r25, 0x6348	; 0x806348 <Device_Descriptor+0x23>
    26fc:	8c 15       	cp	r24, r12
    26fe:	9d 05       	cpc	r25, r13
    2700:	b1 f6       	brne	.-84     	; 0x26ae <UPDI::write_userrow()+0x16>
/Users/askn/Develop/UPDI4AVR-USB/src/updi.cpp:319
    USART::drain();
    2702:	0e 94 d8 06 	call	0xdb0	; 0xdb0 <USART::drain(unsigned int) [clone .constprop.15]>
/Users/askn/Develop/UPDI4AVR-USB/src/updi.cpp:320
    D1PRINTF(" ENTER_UROW=%04lX:%04X\r\n", _dwAddr, _wLength);
    2706:	1f 93       	push	r17
    2708:	0f 93       	push	r16
    270a:	ff 92       	push	r15
    270c:	ef 92       	push	r14
    270e:	df 92       	push	r13
    2710:	cf 92       	push	r12
    2712:	82 e1       	ldi	r24, 0x12	; 18
    2714:	9c e0       	ldi	r25, 0x0C	; 12
    2716:	9f 93       	push	r25
    2718:	8f 93       	push	r24
    271a:	c2 ed       	ldi	r28, 0xD2	; 210
    271c:	d0 e6       	ldi	r29, 0x60	; 96
    271e:	df 93       	push	r29
    2720:	cf 93       	push	r28
    2722:	ac da       	rcall	.-2728   	; 0x1c7c <Print::printf(PGM_t const*, ...) [clone .constprop.16]>
    2724:	80 91 d4 60 	lds	r24, 0x60D4	; 0x8060d4 <Serial1C+0x2>
/Users/askn/Develop/UPDI4AVR-USB/src/updi.cpp:321
    DFLUSH();
    2728:	90 91 d5 60 	lds	r25, 0x60D5	; 0x8060d5 <Serial1C+0x3>
    272c:	0e 94 bf 07 	call	0xf7e	; 0xf7e <UsartBaseClass::flush() [clone .isra.0] [clone .lto_priv.17]>
set_urowwrite_key():
    2730:	82 ed       	ldi	r24, 0xD2	; 210
/Users/askn/Develop/UPDI4AVR-USB/src/updi.cpp:277
    if (!send_bytes(erase_key, sizeof(erase_key)) || !key_wait_set(3)) return false;
    return sys_reset(false);
  }

  bool set_urowwrite_key (void) {
    D1PRINTF(" UROW_KEY=");   /* wait set UROWWRITE */
    2732:	9b e0       	ldi	r25, 0x0B	; 11
    2734:	9f 93       	push	r25
    2736:	8f 93       	push	r24
    2738:	df 93       	push	r29
    273a:	cf 93       	push	r28
    273c:	9f da       	rcall	.-2754   	; 0x1c7c <Print::printf(PGM_t const*, ...) [clone .constprop.16]>
    273e:	6a e0       	ldi	r22, 0x0A	; 10
    2740:	70 e0       	ldi	r23, 0x00	; 0
/Users/askn/Develop/UPDI4AVR-USB/src/updi.cpp:278
    if (!send_bytes(urowwrite_key, sizeof(urowwrite_key)) || !key_wait_set(5)) return false;
    2742:	87 e7       	ldi	r24, 0x77	; 119
    2744:	90 e6       	ldi	r25, 0x60	; 96
    2746:	0e 94 ea 07 	call	0xfd4	; 0xfd4 <UPDI::send_bytes(unsigned char const*, unsigned int)>
    274a:	2d b7       	in	r18, 0x3d	; 61
    274c:	3e b7       	in	r19, 0x3e	; 62
    274e:	22 5f       	subi	r18, 0xF2	; 242
    2750:	3f 4f       	sbci	r19, 0xFF	; 255
    2752:	2d bf       	out	0x3d, r18	; 61
    2754:	3e bf       	out	0x3e, r19	; 62
    2756:	88 23       	and	r24, r24
    2758:	09 f4       	brne	.+2      	; 0x275c <UPDI::write_userrow()+0xc4>
    275a:	a9 cf       	rjmp	.-174    	; 0x26ae <UPDI::write_userrow()+0x16>
    275c:	85 e0       	ldi	r24, 0x05	; 5
    275e:	26 df       	rcall	.-436    	; 0x25ac <UPDI::key_wait_set(unsigned char)>
    2760:	88 23       	and	r24, r24
    2762:	09 f4       	brne	.+2      	; 0x2766 <UPDI::write_userrow()+0xce>
    2764:	a4 cf       	rjmp	.-184    	; 0x26ae <UPDI::write_userrow()+0x16>
sys_reset():
    2766:	66 e0       	ldi	r22, 0x06	; 6
    2768:	70 e0       	ldi	r23, 0x00	; 0
/Users/askn/Develop/UPDI4AVR-USB/src/updi.cpp:134
    const static uint8_t _reset[] = {
      0x55, 0xC8, 0x59, /* SYSRST */
      0x55, 0xC8, 0x00, /* SYSRUN */
      0x55, 0xC3, 0x04  /* UPDIDIS */
    };
    return send_bytes(_reset, _leave ? 9 : 6);
    276a:	87 e9       	ldi	r24, 0x97	; 151
    276c:	90 e6       	ldi	r25, 0x60	; 96
    276e:	0e 94 ea 07 	call	0xfd4	; 0xfd4 <UPDI::send_bytes(unsigned char const*, unsigned int)>
write_userrow():
    2772:	88 23       	and	r24, r24
    2774:	09 f4       	brne	.+2      	; 0x2778 <UPDI::write_userrow()+0xe0>
/Users/askn/Develop/UPDI4AVR-USB/src/updi.cpp:322
     || _wLength != Device_Descriptor.UPDI.user_sig_bytes
     || (uint16_t)_dwAddr != Device_Descriptor.UPDI.user_sig_base) return false;
    USART::drain();
    D1PRINTF(" ENTER_UROW=%04lX:%04X\r\n", _dwAddr, _wLength);
    DFLUSH();
    if (!set_urowwrite_key()) return false;
    2776:	9b cf       	rjmp	.-202    	; 0x26ae <UPDI::write_userrow()+0x16>
    2778:	82 e0       	ldi	r24, 0x02	; 2
    277a:	fd de       	rcall	.-518    	; 0x2576 <UPDI::sys_wait_set(unsigned char)>
/Users/askn/Develop/UPDI4AVR-USB/src/updi.cpp:323
    sys_wait_set(2);      /* wait set UROWPROG */
    277c:	8d b3       	in	r24, 0x1d	; 29
    277e:	9d b3       	in	r25, 0x1d	; 29
    2780:	86 95       	lsr	r24
/Users/askn/Develop/UPDI4AVR-USB/src/updi.cpp:324
    D1PRINTF("<SYS:%02X:%d>\r\n", RXDATA, bit_is_clear(RXDATA, 2));
    2782:	86 95       	lsr	r24
    2784:	bb 24       	eor	r11, r11
    2786:	b3 94       	inc	r11
    2788:	8b 25       	eor	r24, r11
    278a:	81 70       	andi	r24, 0x01	; 1
    278c:	1f 92       	push	r1
    278e:	8f 93       	push	r24
    2790:	1f 92       	push	r1
    2792:	9f 93       	push	r25
    2794:	82 e0       	ldi	r24, 0x02	; 2
    2796:	9c e0       	ldi	r25, 0x0C	; 12
    2798:	9f 93       	push	r25
    279a:	8f 93       	push	r24
    279c:	df 93       	push	r29
    279e:	cf 93       	push	r28
    27a0:	6d da       	rcall	.-2854   	; 0x1c7c <Print::printf(PGM_t const*, ...) [clone .constprop.16]>
    27a2:	80 91 d4 60 	lds	r24, 0x60D4	; 0x8060d4 <Serial1C+0x2>
    27a6:	90 91 d5 60 	lds	r25, 0x60D5	; 0x8060d5 <Serial1C+0x3>
/Users/askn/Develop/UPDI4AVR-USB/src/updi.cpp:325
    DFLUSH();
    27aa:	0e 94 bf 07 	call	0xf7e	; 0xf7e <UsartBaseClass::flush() [clone .isra.0] [clone .lto_priv.17]>
    27ae:	a8 01       	movw	r20, r16
    27b0:	c7 01       	movw	r24, r14
    27b2:	b6 01       	movw	r22, r12
/Users/askn/Develop/UPDI4AVR-USB/src/updi.cpp:326
    send_words_block(_dwAddr, _wLength);
    27b4:	0e 94 30 08 	call	0x1060	; 0x1060 <UPDI::send_words_block(unsigned long, unsigned int)>
delay_micros():
    27b8:	83 ef       	ldi	r24, 0xF3	; 243
    27ba:	91 e0       	ldi	r25, 0x01	; 1
    27bc:	01 97       	sbiw	r24, 0x01	; 1
/Users/askn/Library/Arduino15/packages/MultiX-Zinnia/hardware/modernAVR/0.4.10/cores/modernAVR/api/delay_busywait.h:33
    27be:	f1 f7       	brne	.-4      	; 0x27bc <UPDI::write_userrow()+0x124>
    27c0:	00 c0       	rjmp	.+0      	; 0x27c2 <UPDI::write_userrow()+0x12a>
    27c2:	00 00       	nop
write_userrow():
    27c4:	63 e0       	ldi	r22, 0x03	; 3
    27c6:	70 e0       	ldi	r23, 0x00	; 0
    27c8:	84 e8       	ldi	r24, 0x84	; 132
/Users/askn/Develop/UPDI4AVR-USB/src/updi.cpp:328
    SYS::delay_100us();
    send_bytes(_urowdone, 3);
    27ca:	90 e6       	ldi	r25, 0x60	; 96
    27cc:	0e 94 ea 07 	call	0xfd4	; 0xfd4 <UPDI::send_bytes(unsigned char const*, unsigned int)>
    27d0:	82 e0       	ldi	r24, 0x02	; 2
    27d2:	b6 de       	rcall	.-660    	; 0x2540 <UPDI::sys_wait_clear(unsigned char)>
/Users/askn/Develop/UPDI4AVR-USB/src/updi.cpp:329
    sys_wait_clear(2);    /* wait clear UROWPROG */
    27d4:	8d b3       	in	r24, 0x1d	; 29
    27d6:	9d b3       	in	r25, 0x1d	; 29
    27d8:	86 95       	lsr	r24
/Users/askn/Develop/UPDI4AVR-USB/src/updi.cpp:330
    D1PRINTF("<SYS:%02X:%d>\r\n", RXDATA, bit_is_clear(RXDATA, 2));
    27da:	86 95       	lsr	r24
    27dc:	8b 25       	eor	r24, r11
    27de:	81 70       	andi	r24, 0x01	; 1
    27e0:	1f 92       	push	r1
    27e2:	8f 93       	push	r24
    27e4:	1f 92       	push	r1
    27e6:	9f 93       	push	r25
    27e8:	82 ef       	ldi	r24, 0xF2	; 242
    27ea:	9b e0       	ldi	r25, 0x0B	; 11
    27ec:	9f 93       	push	r25
    27ee:	8f 93       	push	r24
    27f0:	df 93       	push	r29
    27f2:	cf 93       	push	r28
    27f4:	43 da       	rcall	.-2938   	; 0x1c7c <Print::printf(PGM_t const*, ...) [clone .constprop.16]>
    27f6:	80 91 d4 60 	lds	r24, 0x60D4	; 0x8060d4 <Serial1C+0x2>
    27fa:	90 91 d5 60 	lds	r25, 0x60D5	; 0x8060d5 <Serial1C+0x3>
/Users/askn/Develop/UPDI4AVR-USB/src/updi.cpp:331
    DFLUSH();
    27fe:	0e 94 bf 07 	call	0xf7e	; 0xf7e <UsartBaseClass::flush() [clone .isra.0] [clone .lto_priv.17]>
    2802:	63 e0       	ldi	r22, 0x03	; 3
    2804:	70 e0       	ldi	r23, 0x00	; 0
    2806:	81 e8       	ldi	r24, 0x81	; 129
/Users/askn/Develop/UPDI4AVR-USB/src/updi.cpp:332
    send_bytes(_urowstop, 3);
    2808:	90 e6       	ldi	r25, 0x60	; 96
    280a:	0e 94 ea 07 	call	0xfd4	; 0xfd4 <UPDI::send_bytes(unsigned char const*, unsigned int)>
    280e:	8d b7       	in	r24, 0x3d	; 61
    2810:	9e b7       	in	r25, 0x3e	; 62
/Users/askn/Develop/UPDI4AVR-USB/src/updi.cpp:333
    if (bit_is_set(PGCONF, PGCONF_PROG_bp) && set_nvmprog_key()) {
    2812:	40 96       	adiw	r24, 0x10	; 16
    2814:	8d bf       	out	0x3d, r24	; 61
    2816:	9e bf       	out	0x3e, r25	; 62
    2818:	f9 99       	sbic	0x1f, 1	; 31
    281a:	0f c0       	rjmp	.+30     	; 0x283a <UPDI::write_userrow()+0x1a2>
sys_reset():
    281c:	66 e0       	ldi	r22, 0x06	; 6
    281e:	70 e0       	ldi	r23, 0x00	; 0
/Users/askn/Develop/UPDI4AVR-USB/src/updi.cpp:134
    const static uint8_t _reset[] = {
      0x55, 0xC8, 0x59, /* SYSRST */
      0x55, 0xC8, 0x00, /* SYSRUN */
      0x55, 0xC3, 0x04  /* UPDIDIS */
    };
    return send_bytes(_reset, _leave ? 9 : 6);
    2820:	87 e9       	ldi	r24, 0x97	; 151
    2822:	90 e6       	ldi	r25, 0x60	; 96
write_userrow():
    2824:	df 91       	pop	r29
/Users/askn/Develop/UPDI4AVR-USB/src/updi.cpp:339
      sys_wait_set(3);    /* wait set PROGSTART */
      D1PRINTF(" RE_PROGSTART=%02X\r\n", RXDATA);
      return true;
    }
    else return sys_reset(false);
  }
    2826:	cf 91       	pop	r28
    2828:	1f 91       	pop	r17
    282a:	0f 91       	pop	r16
    282c:	ff 90       	pop	r15
    282e:	ef 90       	pop	r14
    2830:	df 90       	pop	r13
    2832:	cf 90       	pop	r12
    2834:	bf 90       	pop	r11
sys_reset():
    2836:	0c 94 ea 07 	jmp	0xfd4	; 0xfd4 <UPDI::send_bytes(unsigned char const*, unsigned int)>
write_userrow():
/Users/askn/Develop/UPDI4AVR-USB/src/updi.cpp:134
    const static uint8_t _reset[] = {
      0x55, 0xC8, 0x59, /* SYSRST */
      0x55, 0xC8, 0x00, /* SYSRUN */
      0x55, 0xC3, 0x04  /* UPDIDIS */
    };
    return send_bytes(_reset, _leave ? 9 : 6);
    283a:	81 e0       	ldi	r24, 0x01	; 1
/Users/askn/Develop/UPDI4AVR-USB/src/updi.cpp:333
    send_bytes(_urowdone, 3);
    sys_wait_clear(2);    /* wait clear UROWPROG */
    D1PRINTF("<SYS:%02X:%d>\r\n", RXDATA, bit_is_clear(RXDATA, 2));
    DFLUSH();
    send_bytes(_urowstop, 3);
    if (bit_is_set(PGCONF, PGCONF_PROG_bp) && set_nvmprog_key()) {
    283c:	d2 de       	rcall	.-604    	; 0x25e2 <UPDI::set_nvmprog_key(bool)>
    283e:	18 2f       	mov	r17, r24
    2840:	88 23       	and	r24, r24
    2842:	61 f3       	breq	.-40     	; 0x281c <UPDI::write_userrow()+0x184>
    2844:	83 e0       	ldi	r24, 0x03	; 3
    2846:	97 de       	rcall	.-722    	; 0x2576 <UPDI::sys_wait_set(unsigned char)>
/Users/askn/Develop/UPDI4AVR-USB/src/updi.cpp:334
      sys_wait_set(3);    /* wait set PROGSTART */
    2848:	8d b3       	in	r24, 0x1d	; 29
    284a:	1f 92       	push	r1
/Users/askn/Develop/UPDI4AVR-USB/src/updi.cpp:335
      D1PRINTF(" RE_PROGSTART=%02X\r\n", RXDATA);
    284c:	8f 93       	push	r24
    284e:	8d ed       	ldi	r24, 0xDD	; 221
    2850:	9b e0       	ldi	r25, 0x0B	; 11
    2852:	9f 93       	push	r25
    2854:	8f 93       	push	r24
    2856:	df 93       	push	r29
    2858:	cf 93       	push	r28
    285a:	10 da       	rcall	.-3040   	; 0x1c7c <Print::printf(PGM_t const*, ...) [clone .constprop.16]>
    285c:	0f 90       	pop	r0
    285e:	0f 90       	pop	r0
    2860:	0f 90       	pop	r0
    2862:	0f 90       	pop	r0
    2864:	0f 90       	pop	r0
    2866:	0f 90       	pop	r0
    2868:	23 cf       	rjmp	.-442    	; 0x26b0 <UPDI::write_userrow()+0x18>

0000286a <NVM::V0::write_memory()>:
write_memory():
    286a:	4f 92       	push	r4
    286c:	5f 92       	push	r5
    286e:	6f 92       	push	r6
/Users/askn/Develop/UPDI4AVR-USB/src/nvmv0.cpp:142
    }
    /* Page erase will not be used if received. */
    return 1;
  }

  size_t write_memory (void) {
    2870:	7f 92       	push	r7
    2872:	af 92       	push	r10
    2874:	bf 92       	push	r11
    2876:	cf 92       	push	r12
    2878:	df 92       	push	r13
    287a:	ef 92       	push	r14
    287c:	ff 92       	push	r15
    287e:	0f 93       	push	r16
    2880:	1f 93       	push	r17
    2882:	cf 93       	push	r28
    2884:	df 93       	push	r29
    2886:	00 d0       	rcall	.+0      	; 0x2888 <NVM::V0::write_memory()+0x1e>
    2888:	00 d0       	rcall	.+0      	; 0x288a <NVM::V0::write_memory()+0x20>
    288a:	cd b7       	in	r28, 0x3d	; 61
    288c:	de b7       	in	r29, 0x3e	; 62
    288e:	f9 99       	sbic	0x1f, 1	; 31
    2890:	14 c0       	rjmp	.+40     	; 0x28ba <NVM::V0::write_memory()+0x50>
/Users/askn/Develop/UPDI4AVR-USB/src/nvmv0.cpp:146
    uint8_t  m_type = packet.out.bMType;
    uint16_t _wAddr = packet.out.dwAddr;
    size_t _wLength = packet.out.dwLength;
    if (bit_is_clear(PGCONF, PGCONF_PROG_bp)) return UPDI::write_userrow();
    2892:	02 df       	rcall	.-508    	; 0x2698 <UPDI::write_userrow()>
    2894:	90 e0       	ldi	r25, 0x00	; 0
    2896:	24 96       	adiw	r28, 0x04	; 4
    2898:	cd bf       	out	0x3d, r28	; 61
/Users/askn/Develop/UPDI4AVR-USB/src/nvmv0.cpp:166
      _wAddr += Device_Descriptor.UPDI.prog_base;
      return write_flash(_wAddr, _wLength);
    }
    else {
      /* MTYPE_SRAM */
      return UPDI::send_bytes_block(_wAddr, _wLength);
    289a:	de bf       	out	0x3e, r29	; 62
/Users/askn/Develop/UPDI4AVR-USB/src/nvmv0.cpp:168
    }
  }
    289c:	df 91       	pop	r29
    289e:	cf 91       	pop	r28
    28a0:	1f 91       	pop	r17
    28a2:	0f 91       	pop	r16
    28a4:	ff 90       	pop	r15
    28a6:	ef 90       	pop	r14
    28a8:	df 90       	pop	r13
    28aa:	cf 90       	pop	r12
    28ac:	bf 90       	pop	r11
    28ae:	af 90       	pop	r10
    28b0:	7f 90       	pop	r7
    28b2:	6f 90       	pop	r6
    28b4:	5f 90       	pop	r5
    28b6:	4f 90       	pop	r4
    28b8:	08 95       	ret
    28ba:	80 91 0e 61 	lds	r24, 0x610E	; 0x80610e <packet+0x7>
/Users/askn/Develop/UPDI4AVR-USB/src/nvmv0.cpp:144
    return 1;
  }

  size_t write_memory (void) {
    uint8_t  m_type = packet.out.bMType;
    uint16_t _wAddr = packet.out.dwAddr;
    28be:	c0 90 0f 61 	lds	r12, 0x610F	; 0x80610f <packet+0x8>
    28c2:	d0 90 10 61 	lds	r13, 0x6110	; 0x806110 <packet+0x9>
    28c6:	e0 90 11 61 	lds	r14, 0x6111	; 0x806111 <packet+0xa>
    28ca:	f0 90 12 61 	lds	r15, 0x6112	; 0x806112 <packet+0xb>
/Users/askn/Develop/UPDI4AVR-USB/src/nvmv0.cpp:145
    size_t _wLength = packet.out.dwLength;
    28ce:	96 01       	movw	r18, r12
    28d0:	00 91 13 61 	lds	r16, 0x6113	; 0x806113 <packet+0xc>
/Users/askn/Develop/UPDI4AVR-USB/src/nvmv0.cpp:147
    if (bit_is_clear(PGCONF, PGCONF_PROG_bp)) return UPDI::write_userrow();
    if (m_type == 0xB2 || m_type == 0xB3) {
    28d4:	10 91 14 61 	lds	r17, 0x6114	; 0x806114 <packet+0xd>
    28d8:	9e e4       	ldi	r25, 0x4E	; 78
    28da:	98 0f       	add	r25, r24
    28dc:	92 30       	cpi	r25, 0x02	; 2
    28de:	08 f0       	brcs	.+2      	; 0x28e2 <NVM::V0::write_memory()+0x78>
    28e0:	46 c0       	rjmp	.+140    	; 0x296e <NVM::V0::write_memory()+0x104>
    28e2:	87 e0       	ldi	r24, 0x07	; 7
/Users/askn/Develop/UPDI4AVR-USB/src/nvmv0.cpp:73
      uint16_t data;  /* NVMCTRL_REG_DATA */
      uint16_t addr;  /* NVMCTRL_REG_ADDR */
    } fuses;
    for (size_t _i = 0; _i < _wLength; _i++) {
      fuses.data = packet.out.memData[_i];
      fuses.addr = _wAddr + _i;
    28e4:	e8 2e       	mov	r14, r24
    28e6:	81 e6       	ldi	r24, 0x61	; 97
    28e8:	f8 2e       	mov	r15, r24
write_fuse():
    28ea:	c9 01       	movw	r24, r18
/Users/askn/Develop/UPDI4AVR-USB/src/nvmv0.cpp:71
  bool write_fuse (uint16_t _wAddr, size_t _wLength) {
    struct fuse_packet_t {
      uint16_t data;  /* NVMCTRL_REG_DATA */
      uint16_t addr;  /* NVMCTRL_REG_ADDR */
    } fuses;
    for (size_t _i = 0; _i < _wLength; _i++) {
    28ec:	87 50       	subi	r24, 0x07	; 7
    28ee:	91 46       	sbci	r25, 0x61	; 97
    28f0:	6c 01       	movw	r12, r24
    28f2:	c7 01       	movw	r24, r14
    28f4:	87 50       	subi	r24, 0x07	; 7
/Users/askn/Develop/UPDI4AVR-USB/src/nvmv0.cpp:72
      fuses.data = packet.out.memData[_i];
    28f6:	91 46       	sbci	r25, 0x61	; 97
    28f8:	80 17       	cp	r24, r16
    28fa:	91 07       	cpc	r25, r17
    28fc:	b0 f5       	brcc	.+108    	; 0x296a <NVM::V0::write_memory()+0x100>
/Users/askn/Develop/UPDI4AVR-USB/src/nvmv0.cpp:73
      fuses.addr = _wAddr + _i;
    28fe:	f7 01       	movw	r30, r14
    2900:	81 89       	ldd	r24, Z+17	; 0x11
    2902:	90 e0       	ldi	r25, 0x00	; 0
    2904:	89 83       	std	Y+1, r24	; 0x01
    2906:	9a 83       	std	Y+2, r25	; 0x02
/Users/askn/Develop/UPDI4AVR-USB/src/nvmv0.cpp:75
      D2PRINTF(" NVM_V0_WFU=%04X<%02X\r\n", fuses.addr, fuses.data);
      nvm_wait();
    2908:	c6 01       	movw	r24, r12
    290a:	8e 0d       	add	r24, r14
    290c:	9f 1d       	adc	r25, r15
    290e:	8b 83       	std	Y+3, r24	; 0x03
    2910:	9c 83       	std	Y+4, r25	; 0x04
    2912:	cb d8       	rcall	.-3690   	; 0x1aaa <NVM::V0::nvm_wait()>
    2914:	ce 01       	movw	r24, r28
    2916:	01 96       	adiw	r24, 0x01	; 1
/Users/askn/Develop/UPDI4AVR-USB/src/updi.cpp:207
      && clear_rsd();
  }

  bool send_bytes_data (uint32_t _dwAddr, uint8_t* _data, size_t _wLength) {
    for (size_t _i = 0; _i < _wLength; _i++) {
      if (!send_byte(_dwAddr++, *_data++)) return false;
    2918:	5c 01       	movw	r10, r24
    291a:	66 e0       	ldi	r22, 0x06	; 6
    291c:	70 e1       	ldi	r23, 0x10	; 16
    291e:	80 e0       	ldi	r24, 0x00	; 0
    2920:	90 e0       	ldi	r25, 0x00	; 0
send_bytes_data():
    2922:	f5 01       	movw	r30, r10
    2924:	41 91       	ld	r20, Z+
    2926:	5f 01       	movw	r10, r30
    2928:	2b 01       	movw	r4, r22
    292a:	3c 01       	movw	r6, r24
    292c:	ff ef       	ldi	r31, 0xFF	; 255
    292e:	4f 1a       	sub	r4, r31
    2930:	5f 0a       	sbc	r5, r31
    2932:	6f 0a       	sbc	r6, r31
/Users/askn/Develop/UPDI4AVR-USB/src/nvmv0.cpp:78
      if (!(UPDI::send_bytes_data(NVM_DATA, (uint8_t*)&fuses, 4)
        && UPDI::nvm_ctrl(0x07)   /* NVM_CMD_WFU */
        && (nvm_wait() & 7) == 0)) return false;
    2934:	7f 0a       	sbc	r7, r31
    2936:	0e 94 6e 08 	call	0x10dc	; 0x10dc <UPDI::send_byte(unsigned long, unsigned char)>
/Users/askn/Develop/UPDI4AVR-USB/src/updi.cpp:206
      && send_bytes(&packet.out.memData[0], _wLength & ~1)
      && clear_rsd();
  }

  bool send_bytes_data (uint32_t _dwAddr, uint8_t* _data, size_t _wLength) {
    for (size_t _i = 0; _i < _wLength; _i++) {
    293a:	81 11       	cpse	r24, r1
    293c:	02 c0       	rjmp	.+4      	; 0x2942 <NVM::V0::write_memory()+0xd8>
write_memory():
    293e:	80 e0       	ldi	r24, 0x00	; 0
    2940:	a9 cf       	rjmp	.-174    	; 0x2894 <NVM::V0::write_memory()+0x2a>
    2942:	c3 01       	movw	r24, r6
    2944:	b2 01       	movw	r22, r4
send_bytes_data():
/Users/askn/Develop/UPDI4AVR-USB/src/nvmv0.cpp:77
      fuses.data = packet.out.memData[_i];
      fuses.addr = _wAddr + _i;
      D2PRINTF(" NVM_V0_WFU=%04X<%02X\r\n", fuses.addr, fuses.data);
      nvm_wait();
      if (!(UPDI::send_bytes_data(NVM_DATA, (uint8_t*)&fuses, 4)
        && UPDI::nvm_ctrl(0x07)   /* NVM_CMD_WFU */
    2946:	6a 30       	cpi	r22, 0x0A	; 10
    2948:	20 e1       	ldi	r18, 0x10	; 16
    294a:	72 07       	cpc	r23, r18
    294c:	81 05       	cpc	r24, r1
    294e:	91 05       	cpc	r25, r1
/Users/askn/Develop/UPDI4AVR-USB/src/nvmv0.cpp:78
        && (nvm_wait() & 7) == 0)) return false;
    2950:	41 f7       	brne	.-48     	; 0x2922 <NVM::V0::write_memory()+0xb8>
write_fuse():
    2952:	87 e0       	ldi	r24, 0x07	; 7
    2954:	0e 94 8b 08 	call	0x1116	; 0x1116 <UPDI::nvm_ctrl(unsigned char)>
    2958:	88 23       	and	r24, r24
/Users/askn/Develop/UPDI4AVR-USB/src/nvmv0.cpp:76
    for (size_t _i = 0; _i < _wLength; _i++) {
      fuses.data = packet.out.memData[_i];
      fuses.addr = _wAddr + _i;
      D2PRINTF(" NVM_V0_WFU=%04X<%02X\r\n", fuses.addr, fuses.data);
      nvm_wait();
      if (!(UPDI::send_bytes_data(NVM_DATA, (uint8_t*)&fuses, 4)
    295a:	89 f3       	breq	.-30     	; 0x293e <NVM::V0::write_memory()+0xd4>
    295c:	a6 d8       	rcall	.-3764   	; 0x1aaa <NVM::V0::nvm_wait()>
    295e:	9f ef       	ldi	r25, 0xFF	; 255
/Users/askn/Develop/UPDI4AVR-USB/src/nvmv0.cpp:80
        && UPDI::nvm_ctrl(0x07)   /* NVM_CMD_WFU */
        && (nvm_wait() & 7) == 0)) return false;
    }
    return true;
    2960:	e9 1a       	sub	r14, r25
    2962:	f9 0a       	sbc	r15, r25
/Users/askn/Develop/UPDI4AVR-USB/src/nvmv0.cpp:152
    if (m_type == 0xB2 || m_type == 0xB3) {
      /* MTYPE_FUSE_BITS */
      /* MTYPE_LOCK_BITS */
      return write_fuse(_wAddr, _wLength);
    }
    else if (m_type == 0x22 || m_type == 0xC4 || m_type == 0xC5) {
    2964:	87 70       	andi	r24, 0x07	; 7
    2966:	29 f2       	breq	.-118    	; 0x28f2 <NVM::V0::write_memory()+0x88>
    2968:	ea cf       	rjmp	.-44     	; 0x293e <NVM::V0::write_memory()+0xd4>
write_memory():
    296a:	81 e0       	ldi	r24, 0x01	; 1
    296c:	93 cf       	rjmp	.-218    	; 0x2894 <NVM::V0::write_memory()+0x2a>
    296e:	82 32       	cpi	r24, 0x22	; 34
/Users/askn/Develop/UPDI4AVR-USB/src/nvmv0.cpp:99
    );
  }

  bool write_eeprom (uint16_t _wAddr, size_t _wLength) {
    D2PRINTF(" NVM_V0_ERWP=%04X\r\n", _wAddr);
    nvm_wait();
    2970:	21 f0       	breq	.+8      	; 0x297a <NVM::V0::write_memory()+0x110>
    2972:	9c e3       	ldi	r25, 0x3C	; 60
/Users/askn/Develop/UPDI4AVR-USB/src/nvmv0.cpp:101
    return (
      UPDI::send_bytes_block(_wAddr, _wLength)
    2974:	98 0f       	add	r25, r24
    2976:	92 30       	cpi	r25, 0x02	; 2
    2978:	60 f4       	brcc	.+24     	; 0x2992 <NVM::V0::write_memory()+0x128>
write_eeprom():
    297a:	97 d8       	rcall	.-3794   	; 0x1aaa <NVM::V0::nvm_wait()>
    297c:	c7 01       	movw	r24, r14
/Users/askn/Develop/UPDI4AVR-USB/src/nvmv0.cpp:91
      nvm_wait();
      UPDI::nvm_ctrl(0x04);       /* NVM_CMD_PBC */
    }
    nvm_wait();
    return (
      UPDI::send_bytes_block(_wAddr, _wLength)
    297e:	b6 01       	movw	r22, r12
    2980:	88 27       	eor	r24, r24
/Users/askn/Develop/UPDI4AVR-USB/src/nvmv0.cpp:93
      && UPDI::nvm_ctrl(0x03)     /* NVM_CMD_ERWP */
      && (nvm_wait() & 7) == 0
    2982:	99 27       	eor	r25, r25
    2984:	a8 01       	movw	r20, r16
write_flash():
    2986:	0e 94 bb 08 	call	0x1176	; 0x1176 <UPDI::send_bytes_block(unsigned long, unsigned int)>
/Users/askn/Develop/UPDI4AVR-USB/src/nvmv0.cpp:158
      /* MTYPE_EEPROM */
      /* MTYPE_EEPROM_XMEGA */
      /* MTYPE_USERSIG (USERROW) */
      return write_eeprom(_wAddr, _wLength);
    }
    else if (m_type == 0xB0 || m_type == 0xC0) {
    298a:	81 11       	cpse	r24, r1
    298c:	1d c0       	rjmp	.+58     	; 0x29c8 <NVM::V0::write_memory()+0x15e>
    298e:	90 e0       	ldi	r25, 0x00	; 0
    2990:	24 c0       	rjmp	.+72     	; 0x29da <NVM::V0::write_memory()+0x170>
write_memory():
/Users/askn/Develop/UPDI4AVR-USB/src/nvmv0.cpp:161
      /* MTYPE_FLASH_PAGE (PROGMEM) */
      /* MTYPE_FLASH (alias) */
      _wAddr += Device_Descriptor.UPDI.prog_base;
    2992:	80 3b       	cpi	r24, 0xB0	; 176
    2994:	11 f0       	breq	.+4      	; 0x299a <NVM::V0::write_memory()+0x130>
    2996:	80 3c       	cpi	r24, 0xC0	; 192
    2998:	11 f5       	brne	.+68     	; 0x29de <NVM::V0::write_memory()+0x174>
    299a:	60 91 25 63 	lds	r22, 0x6325	; 0x806325 <Device_Descriptor>
/Users/askn/Develop/UPDI4AVR-USB/src/nvmv0.cpp:85
    return true;
  }

  bool write_flash (uint16_t _wAddr, size_t _wLength) {
    D2PRINTF(" NVM_V0_ERWP=%04X\r\n", _wAddr);
    if (SYS::is_boundary_flash_page(_wAddr)) {
    299e:	70 91 26 63 	lds	r23, 0x6326	; 0x806326 <Device_Descriptor+0x1>
    29a2:	c6 0e       	add	r12, r22
    29a4:	d7 1e       	adc	r13, r23
write_flash():
    29a6:	f1 2c       	mov	r15, r1
    29a8:	e1 2c       	mov	r14, r1
    29aa:	c7 01       	movw	r24, r14
    29ac:	b6 01       	movw	r22, r12
/Users/askn/Develop/UPDI4AVR-USB/src/nvmv0.cpp:86
      nvm_wait();
    29ae:	0e 94 be 0a 	call	0x157c	; 0x157c <SYS::is_boundary_flash_page(unsigned long)>
/Users/askn/Develop/UPDI4AVR-USB/src/nvmv0.cpp:87
      UPDI::nvm_ctrl(0x04);       /* NVM_CMD_PBC */
    29b2:	88 23       	and	r24, r24
    29b4:	21 f0       	breq	.+8      	; 0x29be <NVM::V0::write_memory()+0x154>
    29b6:	79 d8       	rcall	.-3854   	; 0x1aaa <NVM::V0::nvm_wait()>
/Users/askn/Develop/UPDI4AVR-USB/src/nvmv0.cpp:89
    }
    nvm_wait();
    29b8:	84 e0       	ldi	r24, 0x04	; 4
    29ba:	0e 94 8b 08 	call	0x1116	; 0x1116 <UPDI::nvm_ctrl(unsigned char)>
/Users/askn/Develop/UPDI4AVR-USB/src/nvmv0.cpp:91
    return (
      UPDI::send_bytes_block(_wAddr, _wLength)
    29be:	75 d8       	rcall	.-3862   	; 0x1aaa <NVM::V0::nvm_wait()>
    29c0:	a8 01       	movw	r20, r16
    29c2:	c7 01       	movw	r24, r14
/Users/askn/Develop/UPDI4AVR-USB/src/nvmv0.cpp:92
      && UPDI::nvm_ctrl(0x03)     /* NVM_CMD_ERWP */
    29c4:	b6 01       	movw	r22, r12
    29c6:	df cf       	rjmp	.-66     	; 0x2986 <NVM::V0::write_memory()+0x11c>
    29c8:	83 e0       	ldi	r24, 0x03	; 3
    29ca:	0e 94 8b 08 	call	0x1116	; 0x1116 <UPDI::nvm_ctrl(unsigned char)>
/Users/askn/Develop/UPDI4AVR-USB/src/nvmv0.cpp:93
      && (nvm_wait() & 7) == 0
    29ce:	88 23       	and	r24, r24
    29d0:	f1 f2       	breq	.-68     	; 0x298e <NVM::V0::write_memory()+0x124>
    29d2:	6b d8       	rcall	.-3882   	; 0x1aaa <NVM::V0::nvm_wait()>
    29d4:	87 70       	andi	r24, 0x07	; 7
    29d6:	91 e0       	ldi	r25, 0x01	; 1
/Users/askn/Develop/UPDI4AVR-USB/src/nvmv0.cpp:162
    }
    else if (m_type == 0xB0 || m_type == 0xC0) {
      /* MTYPE_FLASH_PAGE (PROGMEM) */
      /* MTYPE_FLASH (alias) */
      _wAddr += Device_Descriptor.UPDI.prog_base;
      return write_flash(_wAddr, _wLength);
    29d8:	d1 f6       	brne	.-76     	; 0x298e <NVM::V0::write_memory()+0x124>
write_memory():
    29da:	89 2f       	mov	r24, r25
/Users/askn/Develop/UPDI4AVR-USB/src/nvmv0.cpp:166
    }
    else {
      /* MTYPE_SRAM */
      return UPDI::send_bytes_block(_wAddr, _wLength);
    29dc:	5b cf       	rjmp	.-330    	; 0x2894 <NVM::V0::write_memory()+0x2a>
    29de:	c7 01       	movw	r24, r14
    29e0:	b6 01       	movw	r22, r12
    29e2:	88 27       	eor	r24, r24
    29e4:	99 27       	eor	r25, r25
    29e6:	a8 01       	movw	r20, r16
    29e8:	0e 94 bb 08 	call	0x1176	; 0x1176 <UPDI::send_bytes_block(unsigned long, unsigned int)>
/Users/askn/Develop/UPDI4AVR-USB/src/nvmv2.cpp:155
    /* Page erase will not be used if received. */
    /* Instead, page erase is determined by the is_boundary_flash_page function. */
    return 1;
  }

  size_t write_memory (void) {
    29ec:	53 cf       	rjmp	.-346    	; 0x2894 <NVM::V0::write_memory()+0x2a>

000029ee <NVM::V2::write_memory()>:
    29ee:	cf 92       	push	r12
    29f0:	df 92       	push	r13
    29f2:	ef 92       	push	r14
    29f4:	ff 92       	push	r15
/Users/askn/Develop/UPDI4AVR-USB/src/nvmv2.cpp:159
    uint8_t   m_type = packet.out.bMType;
    uint32_t _dwAddr = packet.out.dwAddr;
    size_t  _wLength = packet.out.dwLength;
    if (bit_is_clear(PGCONF, PGCONF_PROG_bp)) return UPDI::write_userrow();
    29f6:	cf 93       	push	r28
    29f8:	df 93       	push	r29
    29fa:	f9 99       	sbic	0x1f, 1	; 31
    29fc:	09 c0       	rjmp	.+18     	; 0x2a10 <NVM::V2::write_memory()+0x22>
/Users/askn/Develop/UPDI4AVR-USB/src/nvmv2.cpp:179
      _dwAddr += PROG_START;
      return write_words_flash(_dwAddr, _wLength);
    }
    else {
      /* MTYPE_SRAM */
      return UPDI::send_bytes_block(_dwAddr, _wLength);
    29fe:	4c de       	rcall	.-872    	; 0x2698 <UPDI::write_userrow()>
/Users/askn/Develop/UPDI4AVR-USB/src/nvmv2.cpp:181
    }
  }
    2a00:	90 e0       	ldi	r25, 0x00	; 0
    2a02:	df 91       	pop	r29
    2a04:	cf 91       	pop	r28
    2a06:	ff 90       	pop	r15
    2a08:	ef 90       	pop	r14
    2a0a:	df 90       	pop	r13
    2a0c:	cf 90       	pop	r12
/Users/askn/Develop/UPDI4AVR-USB/src/nvmv2.cpp:156
    /* Instead, page erase is determined by the is_boundary_flash_page function. */
    return 1;
  }

  size_t write_memory (void) {
    uint8_t   m_type = packet.out.bMType;
    2a0e:	08 95       	ret
    2a10:	80 91 0e 61 	lds	r24, 0x610E	; 0x80610e <packet+0x7>
/Users/askn/Develop/UPDI4AVR-USB/src/nvmv2.cpp:157
    uint32_t _dwAddr = packet.out.dwAddr;
    2a14:	c0 90 0f 61 	lds	r12, 0x610F	; 0x80610f <packet+0x8>
    2a18:	d0 90 10 61 	lds	r13, 0x6110	; 0x806110 <packet+0x9>
    2a1c:	e0 90 11 61 	lds	r14, 0x6111	; 0x806111 <packet+0xa>
    2a20:	f0 90 12 61 	lds	r15, 0x6112	; 0x806112 <packet+0xb>
/Users/askn/Develop/UPDI4AVR-USB/src/nvmv2.cpp:158
    size_t  _wLength = packet.out.dwLength;
    2a24:	c0 91 13 61 	lds	r28, 0x6113	; 0x806113 <packet+0xc>
    2a28:	d0 91 14 61 	lds	r29, 0x6114	; 0x806114 <packet+0xd>
/Users/askn/Develop/UPDI4AVR-USB/src/nvmv2.cpp:160
    if (bit_is_clear(PGCONF, PGCONF_PROG_bp)) return UPDI::write_userrow();
    if (m_type == 0x22 || m_type == 0xB2 || m_type == 0xB3 || m_type == 0xC4) {
    2a2c:	82 32       	cpi	r24, 0x22	; 34
    2a2e:	31 f0       	breq	.+12     	; 0x2a3c <NVM::V2::write_memory()+0x4e>
    2a30:	9e e4       	ldi	r25, 0x4E	; 78
    2a32:	98 0f       	add	r25, r24
    2a34:	92 30       	cpi	r25, 0x02	; 2
    2a36:	10 f0       	brcs	.+4      	; 0x2a3c <NVM::V2::write_memory()+0x4e>
    2a38:	84 3c       	cpi	r24, 0xC4	; 196
/Users/askn/Develop/UPDI4AVR-USB/src/nvmv2.cpp:105
  }

  bool write_eeprom (uint32_t _dwAddr, size_t _wLength) {
    D2PRINTF(" NVM_V2_EEERWR=%06lX\r\n", _dwAddr);
    return (
      nvm_ctrl_change(0x13)   /* NVM_V2_CMD_EEERWR */
    2a3a:	91 f4       	brne	.+36     	; 0x2a60 <NVM::V2::write_memory()+0x72>
write_eeprom():
    2a3c:	83 e1       	ldi	r24, 0x13	; 19
    2a3e:	47 d8       	rcall	.-3954   	; 0x1ace <NVM::V2::nvm_ctrl_change(unsigned char)>
/Users/askn/Develop/UPDI4AVR-USB/src/nvmv2.cpp:108
      && UPDI::send_bytes_block_slow(_dwAddr, _wLength)
      && (nvm_wait() & 0x73) == 0
      && nvm_ctrl_change(0x00)
    2a40:	81 11       	cpse	r24, r1
    2a42:	02 c0       	rjmp	.+4      	; 0x2a48 <NVM::V2::write_memory()+0x5a>
write_memory():
/Users/askn/Develop/UPDI4AVR-USB/src/nvmv2.cpp:87
    D2PRINTF(" NVM_V2_FLWR=%06lX\r\n", _dwAddr);
    return (
      nvm_ctrl_change(0x02)   /* NVM_V2_CMD_FLWR */
      && UPDI::send_words_block(_dwAddr, _wLength)
      && (nvm_wait() & 0x73) == 0
      && nvm_ctrl_change(0x00)
    2a44:	80 e0       	ldi	r24, 0x00	; 0
    2a46:	dc cf       	rjmp	.-72     	; 0x2a00 <NVM::V2::write_memory()+0x12>
write_eeprom():
/Users/askn/Develop/UPDI4AVR-USB/src/nvmv2.cpp:106

  bool write_eeprom (uint32_t _dwAddr, size_t _wLength) {
    D2PRINTF(" NVM_V2_EEERWR=%06lX\r\n", _dwAddr);
    return (
      nvm_ctrl_change(0x13)   /* NVM_V2_CMD_EEERWR */
      && UPDI::send_bytes_block_slow(_dwAddr, _wLength)
    2a48:	ae 01       	movw	r20, r28
    2a4a:	c7 01       	movw	r24, r14
    2a4c:	b6 01       	movw	r22, r12
    2a4e:	0e 94 91 08 	call	0x1122	; 0x1122 <UPDI::send_bytes_block_slow(unsigned long, unsigned int)>
    2a52:	88 23       	and	r24, r24
    2a54:	b9 f3       	breq	.-18     	; 0x2a44 <NVM::V2::write_memory()+0x56>
/Users/askn/Develop/UPDI4AVR-USB/src/nvmv2.cpp:107
      && (nvm_wait() & 0x73) == 0
    2a56:	29 d8       	rcall	.-4014   	; 0x1aaa <NVM::V0::nvm_wait()>
    2a58:	83 77       	andi	r24, 0x73	; 115
    2a5a:	a1 f7       	brne	.-24     	; 0x2a44 <NVM::V2::write_memory()+0x56>
    2a5c:	55 d8       	rcall	.-3926   	; 0x1b08 <NVM::V2::write_eeprom(unsigned long, unsigned int) [clone .part.5]>
    2a5e:	d0 cf       	rjmp	.-96     	; 0x2a00 <NVM::V2::write_memory()+0x12>
write_memory():
    2a60:	80 3c       	cpi	r24, 0xC0	; 192
    2a62:	11 f0       	breq	.+4      	; 0x2a68 <NVM::V2::write_memory()+0x7a>
/Users/askn/Develop/UPDI4AVR-USB/src/nvmv2.cpp:167
      /* MTYPE_LOCK_BITS */
      /* MTYPE_EEPROM */
      /* MTYPE_EEPROM_XMEGA */
      return write_eeprom(_dwAddr, _wLength);
    }
    else if (m_type == 0xC0 || m_type == 0xC5) {
    2a64:	85 3c       	cpi	r24, 0xC5	; 197
    2a66:	c9 f4       	brne	.+50     	; 0x2a9a <NVM::V2::write_memory()+0xac>
write_bytes_flash():
    2a68:	c7 01       	movw	r24, r14
    2a6a:	b6 01       	movw	r22, r12
/Users/askn/Develop/UPDI4AVR-USB/src/nvmv2.cpp:92
      && nvm_ctrl_change(0x00)
    );
  }

  bool write_bytes_flash (uint32_t _dwAddr, size_t _wLength) {
    if (SYS::is_boundary_flash_page(_dwAddr)) erase_flash_page(_dwAddr);
    2a6c:	0e 94 be 0a 	call	0x157c	; 0x157c <SYS::is_boundary_flash_page(unsigned long)>
    2a70:	88 23       	and	r24, r24
    2a72:	19 f0       	breq	.+6      	; 0x2a7a <NVM::V2::write_memory()+0x8c>
    2a74:	c7 01       	movw	r24, r14
    2a76:	b6 01       	movw	r22, r12
    2a78:	49 d8       	rcall	.-3950   	; 0x1b0c <NVM::V2::erase_flash_page(unsigned long)>
    2a7a:	82 e0       	ldi	r24, 0x02	; 2
    2a7c:	28 d8       	rcall	.-4016   	; 0x1ace <NVM::V2::nvm_ctrl_change(unsigned char)>
    2a7e:	88 23       	and	r24, r24
/Users/askn/Develop/UPDI4AVR-USB/src/nvmv2.cpp:95
    D2PRINTF(" NVM_V2_FLWR=%06lX\r\n", _dwAddr);
    return (
      nvm_ctrl_change(0x02)   /* NVM_V2_CMD_FLWR */
    2a80:	09 f3       	breq	.-62     	; 0x2a44 <NVM::V2::write_memory()+0x56>
    2a82:	ae 01       	movw	r20, r28
    2a84:	c7 01       	movw	r24, r14
/Users/askn/Develop/UPDI4AVR-USB/src/nvmv2.cpp:98
      && UPDI::send_bytes_block_slow(_dwAddr, _wLength)
      && (nvm_wait() & 0x73) == 0
      && nvm_ctrl_change(0x00)
    2a86:	b6 01       	movw	r22, r12
    2a88:	0e 94 91 08 	call	0x1122	; 0x1122 <UPDI::send_bytes_block_slow(unsigned long, unsigned int)>
/Users/askn/Develop/UPDI4AVR-USB/src/nvmv2.cpp:96
  bool write_bytes_flash (uint32_t _dwAddr, size_t _wLength) {
    if (SYS::is_boundary_flash_page(_dwAddr)) erase_flash_page(_dwAddr);
    D2PRINTF(" NVM_V2_FLWR=%06lX\r\n", _dwAddr);
    return (
      nvm_ctrl_change(0x02)   /* NVM_V2_CMD_FLWR */
      && UPDI::send_bytes_block_slow(_dwAddr, _wLength)
    2a8c:	88 23       	and	r24, r24
    2a8e:	d1 f2       	breq	.-76     	; 0x2a44 <NVM::V2::write_memory()+0x56>
    2a90:	0c d8       	rcall	.-4072   	; 0x1aaa <NVM::V0::nvm_wait()>
    2a92:	83 77       	andi	r24, 0x73	; 115
    2a94:	b9 f6       	brne	.-82     	; 0x2a44 <NVM::V2::write_memory()+0x56>
    2a96:	38 d8       	rcall	.-3984   	; 0x1b08 <NVM::V2::write_eeprom(unsigned long, unsigned int) [clone .part.5]>
/Users/askn/Develop/UPDI4AVR-USB/src/nvmv2.cpp:97
      && (nvm_wait() & 0x73) == 0
    2a98:	b3 cf       	rjmp	.-154    	; 0x2a00 <NVM::V2::write_memory()+0x12>
write_memory():
    2a9a:	80 3b       	cpi	r24, 0xB0	; 176
    2a9c:	11 f5       	brne	.+68     	; 0x2ae2 <NVM::V2::write_memory()+0xf4>
    2a9e:	80 e8       	ldi	r24, 0x80	; 128
    2aa0:	e8 0e       	add	r14, r24
    2aa2:	f1 1c       	adc	r15, r1
write_words_flash():
    2aa4:	fa 99       	sbic	0x1f, 2	; 31
/Users/askn/Develop/UPDI4AVR-USB/src/nvmv2.cpp:172
    else if (m_type == 0xC0 || m_type == 0xC5) {
      /* MTYPE_FLASH (alias) */
      /* MTYPE_USERSIG (USERROW) */
      return write_bytes_flash(_dwAddr, _wLength);
    }
    else if (m_type == 0xB0) {
    2aa6:	09 c0       	rjmp	.+18     	; 0x2aba <NVM::V2::write_memory()+0xcc>
    2aa8:	c7 01       	movw	r24, r14
/Users/askn/Develop/UPDI4AVR-USB/src/nvmv2.cpp:174
      /* MTYPE_FLASH_PAGE (PROGMEM) */
      _dwAddr += PROG_START;
    2aaa:	b6 01       	movw	r22, r12
    2aac:	0e 94 be 0a 	call	0x157c	; 0x157c <SYS::is_boundary_flash_page(unsigned long)>
/Users/askn/Develop/UPDI4AVR-USB/src/nvmv2.cpp:81
    );
  }

  bool write_words_flash (uint32_t _dwAddr, size_t _wLength) {
    if (bit_is_clear(PGCONF, PGCONF_ERSE_bp)
      && SYS::is_boundary_flash_page(_dwAddr)) erase_flash_page(_dwAddr);
    2ab0:	88 23       	and	r24, r24
    2ab2:	19 f0       	breq	.+6      	; 0x2aba <NVM::V2::write_memory()+0xcc>
    2ab4:	c7 01       	movw	r24, r14
    2ab6:	b6 01       	movw	r22, r12
    2ab8:	29 d8       	rcall	.-4014   	; 0x1b0c <NVM::V2::erase_flash_page(unsigned long)>
    2aba:	82 e0       	ldi	r24, 0x02	; 2
    2abc:	08 d8       	rcall	.-4080   	; 0x1ace <NVM::V2::nvm_ctrl_change(unsigned char)>
    2abe:	88 23       	and	r24, r24
    2ac0:	09 f4       	brne	.+2      	; 0x2ac4 <NVM::V2::write_memory()+0xd6>
    2ac2:	c0 cf       	rjmp	.-128    	; 0x2a44 <NVM::V2::write_memory()+0x56>
    2ac4:	ae 01       	movw	r20, r28
    2ac6:	c7 01       	movw	r24, r14
/Users/askn/Develop/UPDI4AVR-USB/src/nvmv2.cpp:84
    D2PRINTF(" NVM_V2_FLWR=%06lX\r\n", _dwAddr);
    return (
      nvm_ctrl_change(0x02)   /* NVM_V2_CMD_FLWR */
    2ac8:	b6 01       	movw	r22, r12
    2aca:	0e 94 30 08 	call	0x1060	; 0x1060 <UPDI::send_words_block(unsigned long, unsigned int)>
/Users/askn/Develop/UPDI4AVR-USB/src/nvmv2.cpp:87
      && UPDI::send_words_block(_dwAddr, _wLength)
      && (nvm_wait() & 0x73) == 0
      && nvm_ctrl_change(0x00)
    2ace:	88 23       	and	r24, r24
    2ad0:	09 f4       	brne	.+2      	; 0x2ad4 <NVM::V2::write_memory()+0xe6>
    2ad2:	b8 cf       	rjmp	.-144    	; 0x2a44 <NVM::V2::write_memory()+0x56>
/Users/askn/Develop/UPDI4AVR-USB/src/nvmv2.cpp:85
    if (bit_is_clear(PGCONF, PGCONF_ERSE_bp)
      && SYS::is_boundary_flash_page(_dwAddr)) erase_flash_page(_dwAddr);
    D2PRINTF(" NVM_V2_FLWR=%06lX\r\n", _dwAddr);
    return (
      nvm_ctrl_change(0x02)   /* NVM_V2_CMD_FLWR */
      && UPDI::send_words_block(_dwAddr, _wLength)
    2ad4:	0e 94 55 0d 	call	0x1aaa	; 0x1aaa <NVM::V0::nvm_wait()>
    2ad8:	83 77       	andi	r24, 0x73	; 115
    2ada:	09 f0       	breq	.+2      	; 0x2ade <NVM::V2::write_memory()+0xf0>
    2adc:	b3 cf       	rjmp	.-154    	; 0x2a44 <NVM::V2::write_memory()+0x56>
    2ade:	14 d8       	rcall	.-4056   	; 0x1b08 <NVM::V2::write_eeprom(unsigned long, unsigned int) [clone .part.5]>
    2ae0:	8f cf       	rjmp	.-226    	; 0x2a00 <NVM::V2::write_memory()+0x12>
write_memory():
    2ae2:	ae 01       	movw	r20, r28
/Users/askn/Develop/UPDI4AVR-USB/src/nvmv2.cpp:86
      && (nvm_wait() & 0x73) == 0
    2ae4:	c7 01       	movw	r24, r14
    2ae6:	b6 01       	movw	r22, r12
    2ae8:	0e 94 bb 08 	call	0x1176	; 0x1176 <UPDI::send_bytes_block(unsigned long, unsigned int)>
    2aec:	89 cf       	rjmp	.-238    	; 0x2a00 <NVM::V2::write_memory()+0x12>

00002aee <NVM::V3::write_memory()>:
    2aee:	cf 92       	push	r12
    2af0:	df 92       	push	r13
/Users/askn/Develop/UPDI4AVR-USB/src/nvmv2.cpp:179
      _dwAddr += PROG_START;
      return write_words_flash(_dwAddr, _wLength);
    }
    else {
      /* MTYPE_SRAM */
      return UPDI::send_bytes_block(_dwAddr, _wLength);
    2af2:	ef 92       	push	r14
    2af4:	ff 92       	push	r15
    2af6:	cf 93       	push	r28
    2af8:	df 93       	push	r29
    2afa:	f9 99       	sbic	0x1f, 1	; 31
    2afc:	09 c0       	rjmp	.+18     	; 0x2b10 <NVM::V3::write_memory()+0x22>
/Users/askn/Develop/UPDI4AVR-USB/src/nvmv3.cpp:133
    }
    /* Page erase will not be used if received. */
    return 1;
  }

  size_t write_memory (void) {
    2afe:	cc dd       	rcall	.-1128   	; 0x2698 <UPDI::write_userrow()>
    2b00:	90 e0       	ldi	r25, 0x00	; 0
    2b02:	df 91       	pop	r29
    2b04:	cf 91       	pop	r28
    2b06:	ff 90       	pop	r15
    2b08:	ef 90       	pop	r14
/Users/askn/Develop/UPDI4AVR-USB/src/nvmv3.cpp:137
    uint8_t   m_type = packet.out.bMType;
    uint32_t _dwAddr = packet.out.dwAddr;
    size_t  _wLength = packet.out.dwLength;
    if (bit_is_clear(PGCONF, PGCONF_PROG_bp)) return UPDI::write_userrow();
    2b0a:	df 90       	pop	r13
    2b0c:	cf 90       	pop	r12
    2b0e:	08 95       	ret
    2b10:	80 91 0e 61 	lds	r24, 0x610E	; 0x80610e <packet+0x7>
/Users/askn/Develop/UPDI4AVR-USB/src/nvmv3.cpp:159
    }
    else {
      /* MTYPE_SRAM */
      return UPDI::send_bytes_block(_dwAddr, _wLength);
    }
  }
    2b14:	c0 90 0f 61 	lds	r12, 0x610F	; 0x80610f <packet+0x8>
    2b18:	d0 90 10 61 	lds	r13, 0x6110	; 0x806110 <packet+0x9>
    2b1c:	e0 90 11 61 	lds	r14, 0x6111	; 0x806111 <packet+0xa>
    2b20:	f0 90 12 61 	lds	r15, 0x6112	; 0x806112 <packet+0xb>
/Users/askn/Develop/UPDI4AVR-USB/src/nvmv3.cpp:134
    /* Page erase will not be used if received. */
    return 1;
  }

  size_t write_memory (void) {
    uint8_t   m_type = packet.out.bMType;
    2b24:	c0 91 13 61 	lds	r28, 0x6113	; 0x806113 <packet+0xc>
/Users/askn/Develop/UPDI4AVR-USB/src/nvmv3.cpp:135
    uint32_t _dwAddr = packet.out.dwAddr;
    2b28:	d0 91 14 61 	lds	r29, 0x6114	; 0x806114 <packet+0xd>
    2b2c:	82 32       	cpi	r24, 0x22	; 34
    2b2e:	31 f0       	breq	.+12     	; 0x2b3c <NVM::V3::write_memory()+0x4e>
    2b30:	9e e4       	ldi	r25, 0x4E	; 78
    2b32:	98 0f       	add	r25, r24
    2b34:	92 30       	cpi	r25, 0x02	; 2
/Users/askn/Develop/UPDI4AVR-USB/src/nvmv3.cpp:136
    size_t  _wLength = packet.out.dwLength;
    2b36:	10 f0       	brcs	.+4      	; 0x2b3c <NVM::V3::write_memory()+0x4e>
    2b38:	84 3c       	cpi	r24, 0xC4	; 196
    2b3a:	b1 f4       	brne	.+44     	; 0x2b68 <NVM::V3::write_memory()+0x7a>
write_eeprom():
    2b3c:	80 e1       	ldi	r24, 0x10	; 16
/Users/askn/Develop/UPDI4AVR-USB/src/nvmv3.cpp:138
    if (bit_is_clear(PGCONF, PGCONF_PROG_bp)) return UPDI::write_userrow();
    if (m_type == 0x22 || m_type == 0xB2 || m_type == 0xB3 || m_type == 0xC4) {
    2b3e:	0e 94 c3 0c 	call	0x1986	; 0x1986 <NVM::V3::nvm_ctrl_change(unsigned char)>
    2b42:	81 11       	cpse	r24, r1
    2b44:	02 c0       	rjmp	.+4      	; 0x2b4a <NVM::V3::write_memory()+0x5c>
write_memory():
    2b46:	80 e0       	ldi	r24, 0x00	; 0
    2b48:	db cf       	rjmp	.-74     	; 0x2b00 <NVM::V3::write_memory()+0x12>
write_eeprom():
    2b4a:	ae 01       	movw	r20, r28
    2b4c:	c7 01       	movw	r24, r14
/Users/askn/Develop/UPDI4AVR-USB/src/nvmv3.cpp:90
  }

  bool write_eeprom (uint32_t _dwAddr, size_t _wLength) {
    D2PRINTF(" NVM_V3_EEPERW=%06lX\r\n", _dwAddr);
    return (
      nvm_ctrl_change(0x10)
    2b4e:	b6 01       	movw	r22, r12
    2b50:	0e 94 bb 08 	call	0x1176	; 0x1176 <UPDI::send_bytes_block(unsigned long, unsigned int)>
/Users/askn/Develop/UPDI4AVR-USB/src/nvmv3.cpp:93
      && UPDI::send_bytes_block(_dwAddr, _wLength)
      && nvm_ctrl_change(0x15)  /* NVM_V3_CMD_EEPERW */
      && (nvm_wait() & 0x73) == 0
    2b54:	88 23       	and	r24, r24
    2b56:	b9 f3       	breq	.-18     	; 0x2b46 <NVM::V3::write_memory()+0x58>
    2b58:	85 e1       	ldi	r24, 0x15	; 21
    2b5a:	0e 94 c3 0c 	call	0x1986	; 0x1986 <NVM::V3::nvm_ctrl_change(unsigned char)>
/Users/askn/Develop/UPDI4AVR-USB/src/nvmv3.cpp:91

  bool write_eeprom (uint32_t _dwAddr, size_t _wLength) {
    D2PRINTF(" NVM_V3_EEPERW=%06lX\r\n", _dwAddr);
    return (
      nvm_ctrl_change(0x10)
      && UPDI::send_bytes_block(_dwAddr, _wLength)
    2b5e:	88 23       	and	r24, r24
    2b60:	91 f3       	breq	.-28     	; 0x2b46 <NVM::V3::write_memory()+0x58>
    2b62:	0e 94 bc 0c 	call	0x1978	; 0x1978 <NVM::V3::write_eeprom(unsigned long, unsigned int) [clone .part.3]>
    2b66:	cc cf       	rjmp	.-104    	; 0x2b00 <NVM::V3::write_memory()+0x12>
write_memory():
    2b68:	80 3c       	cpi	r24, 0xC0	; 192
/Users/askn/Develop/UPDI4AVR-USB/src/nvmv3.cpp:92
      && nvm_ctrl_change(0x15)  /* NVM_V3_CMD_EEPERW */
    2b6a:	11 f0       	breq	.+4      	; 0x2b70 <NVM::V3::write_memory()+0x82>
    2b6c:	85 3c       	cpi	r24, 0xC5	; 197
    2b6e:	31 f4       	brne	.+12     	; 0x2b7c <NVM::V3::write_memory()+0x8e>
    2b70:	ae 01       	movw	r20, r28
    2b72:	c7 01       	movw	r24, r14
    2b74:	b6 01       	movw	r22, r12
    2b76:	0e 94 eb 0c 	call	0x19d6	; 0x19d6 <NVM::V3::write_bytes_flash(unsigned long, unsigned int)>
/Users/askn/Develop/UPDI4AVR-USB/src/nvmv3.cpp:145
      /* MTYPE_LOCK_BITS */
      /* MTYPE_EEPROM */
      /* MTYPE_EEPROM_XMEGA */
      return write_eeprom(_dwAddr, _wLength);
    }
    else if (m_type == 0xC0 || m_type == 0xC5) {
    2b7a:	c2 cf       	rjmp	.-124    	; 0x2b00 <NVM::V3::write_memory()+0x12>
    2b7c:	80 3b       	cpi	r24, 0xB0	; 176
    2b7e:	41 f4       	brne	.+16     	; 0x2b90 <NVM::V3::write_memory()+0xa2>
    2b80:	c7 01       	movw	r24, r14
/Users/askn/Develop/UPDI4AVR-USB/src/nvmv3.cpp:148
      /* MTYPE_FLASH (alias) */
      /* MTYPE_USERSIG (USERROW) */
      return write_bytes_flash(_dwAddr, _wLength);
    2b82:	b6 01       	movw	r22, r12
    2b84:	80 58       	subi	r24, 0x80	; 128
    2b86:	9f 4f       	sbci	r25, 0xFF	; 255
    2b88:	ae 01       	movw	r20, r28
    2b8a:	0e 94 11 0d 	call	0x1a22	; 0x1a22 <NVM::V3::write_words_flash(unsigned long, unsigned int)>
/Users/askn/Develop/UPDI4AVR-USB/src/nvmv3.cpp:150
    }
    else if (m_type == 0xB0) {
    2b8e:	b8 cf       	rjmp	.-144    	; 0x2b00 <NVM::V3::write_memory()+0x12>
    2b90:	ae 01       	movw	r20, r28
/Users/askn/Develop/UPDI4AVR-USB/src/nvmv3.cpp:152
      /* MTYPE_FLASH_PAGE (PROGMEM) */
      _dwAddr += PROG_START;
    2b92:	c7 01       	movw	r24, r14
    2b94:	b6 01       	movw	r22, r12
    2b96:	0e 94 bb 08 	call	0x1176	; 0x1176 <UPDI::send_bytes_block(unsigned long, unsigned int)>
/Users/askn/Develop/UPDI4AVR-USB/src/nvmv3.cpp:153
      return write_words_flash(_dwAddr, _wLength);
    2b9a:	b2 cf       	rjmp	.-156    	; 0x2b00 <NVM::V3::write_memory()+0x12>

00002b9c <NVM::V4::write_memory()>:
    2b9c:	cf 92       	push	r12
    2b9e:	df 92       	push	r13
/Users/askn/Develop/UPDI4AVR-USB/src/nvmv3.cpp:157
    }
    else {
      /* MTYPE_SRAM */
      return UPDI::send_bytes_block(_dwAddr, _wLength);
    2ba0:	ef 92       	push	r14
    2ba2:	ff 92       	push	r15
    2ba4:	cf 93       	push	r28
    2ba6:	df 93       	push	r29
    2ba8:	f9 99       	sbic	0x1f, 1	; 31
    2baa:	09 c0       	rjmp	.+18     	; 0x2bbe <NVM::V4::write_memory()+0x22>
/Users/askn/Develop/UPDI4AVR-USB/src/nvmv4.cpp:158
    /* Page erase will not be used if received. */
    /* Instead, page erase is determined by the is_boundary_flash_page function. */
    return 1;
  }

  size_t write_memory (void) {
    2bac:	75 dd       	rcall	.-1302   	; 0x2698 <UPDI::write_userrow()>
    2bae:	90 e0       	ldi	r25, 0x00	; 0
    2bb0:	df 91       	pop	r29
    2bb2:	cf 91       	pop	r28
    2bb4:	ff 90       	pop	r15
    2bb6:	ef 90       	pop	r14
/Users/askn/Develop/UPDI4AVR-USB/src/nvmv4.cpp:162
    uint8_t   m_type = packet.out.bMType;
    uint32_t _dwAddr = packet.out.dwAddr;
    size_t  _wLength = packet.out.dwLength;
    if (bit_is_clear(PGCONF, PGCONF_PROG_bp)) return UPDI::write_userrow();
    2bb8:	df 90       	pop	r13
    2bba:	cf 90       	pop	r12
    2bbc:	08 95       	ret
    2bbe:	80 91 0e 61 	lds	r24, 0x610E	; 0x80610e <packet+0x7>
/Users/askn/Develop/UPDI4AVR-USB/src/nvmv4.cpp:184
    }
    else {
      /* MTYPE_SRAM */
      return UPDI::send_bytes_block(_dwAddr, _wLength);
    }
  }
    2bc2:	c0 90 0f 61 	lds	r12, 0x610F	; 0x80610f <packet+0x8>
    2bc6:	d0 90 10 61 	lds	r13, 0x6110	; 0x806110 <packet+0x9>
    2bca:	e0 90 11 61 	lds	r14, 0x6111	; 0x806111 <packet+0xa>
    2bce:	f0 90 12 61 	lds	r15, 0x6112	; 0x806112 <packet+0xb>
/Users/askn/Develop/UPDI4AVR-USB/src/nvmv4.cpp:159
    /* Instead, page erase is determined by the is_boundary_flash_page function. */
    return 1;
  }

  size_t write_memory (void) {
    uint8_t   m_type = packet.out.bMType;
    2bd2:	c0 91 13 61 	lds	r28, 0x6113	; 0x806113 <packet+0xc>
/Users/askn/Develop/UPDI4AVR-USB/src/nvmv4.cpp:160
    uint32_t _dwAddr = packet.out.dwAddr;
    2bd6:	d0 91 14 61 	lds	r29, 0x6114	; 0x806114 <packet+0xd>
    2bda:	82 32       	cpi	r24, 0x22	; 34
    2bdc:	31 f0       	breq	.+12     	; 0x2bea <NVM::V4::write_memory()+0x4e>
    2bde:	9e e4       	ldi	r25, 0x4E	; 78
    2be0:	98 0f       	add	r25, r24
    2be2:	92 30       	cpi	r25, 0x02	; 2
/Users/askn/Develop/UPDI4AVR-USB/src/nvmv4.cpp:161
    size_t  _wLength = packet.out.dwLength;
    2be4:	10 f0       	brcs	.+4      	; 0x2bea <NVM::V4::write_memory()+0x4e>
    2be6:	84 3c       	cpi	r24, 0xC4	; 196
    2be8:	a9 f4       	brne	.+42     	; 0x2c14 <NVM::V4::write_memory()+0x78>
write_eeprom():
    2bea:	83 e1       	ldi	r24, 0x13	; 19
/Users/askn/Develop/UPDI4AVR-USB/src/nvmv4.cpp:163
    if (bit_is_clear(PGCONF, PGCONF_PROG_bp)) return UPDI::write_userrow();
    if (m_type == 0x22 || m_type == 0xB2 || m_type == 0xB3 || m_type == 0xC4) {
    2bec:	0e 94 c3 0c 	call	0x1986	; 0x1986 <NVM::V3::nvm_ctrl_change(unsigned char)>
    2bf0:	81 11       	cpse	r24, r1
    2bf2:	02 c0       	rjmp	.+4      	; 0x2bf8 <NVM::V4::write_memory()+0x5c>
write_memory():
    2bf4:	80 e0       	ldi	r24, 0x00	; 0
    2bf6:	db cf       	rjmp	.-74     	; 0x2bae <NVM::V4::write_memory()+0x12>
write_eeprom():
    2bf8:	ae 01       	movw	r20, r28
    2bfa:	c7 01       	movw	r24, r14
/Users/askn/Develop/UPDI4AVR-USB/src/nvmv4.cpp:108
  }

  bool write_eeprom (uint32_t _dwAddr, size_t _wLength) {
    D2PRINTF(" NVM_V4_EEERWR=%06lX\r\n", _dwAddr);
    return (
      nvm_ctrl_change(0x13)   /* NVM_V4_CMD_EEERWR */
    2bfc:	b6 01       	movw	r22, r12
    2bfe:	0e 94 91 08 	call	0x1122	; 0x1122 <UPDI::send_bytes_block_slow(unsigned long, unsigned int)>
/Users/askn/Develop/UPDI4AVR-USB/src/nvmv4.cpp:111
      && UPDI::send_bytes_block_slow(_dwAddr, _wLength)
      && (nvm_wait() & 0x73) == 0
      && nvm_ctrl_change(0x00)
    2c02:	88 23       	and	r24, r24
    2c04:	b9 f3       	breq	.-18     	; 0x2bf4 <NVM::V4::write_memory()+0x58>
/Users/askn/Develop/UPDI4AVR-USB/src/nvmv4.cpp:90
    D2PRINTF(" NVM_V4_FLWR=%06lX\r\n", _dwAddr);
    return (
      nvm_ctrl_change(0x02)   /* NVM_V4_CMD_FLWR */
      && UPDI::send_words_block(_dwAddr, _wLength)
      && (nvm_wait() & 0x73) == 0
      && nvm_ctrl_change(0x00)
    2c06:	0e 94 b2 0c 	call	0x1964	; 0x1964 <NVM::V3::nvm_wait()>
/Users/askn/Develop/UPDI4AVR-USB/src/nvmv4.cpp:109

  bool write_eeprom (uint32_t _dwAddr, size_t _wLength) {
    D2PRINTF(" NVM_V4_EEERWR=%06lX\r\n", _dwAddr);
    return (
      nvm_ctrl_change(0x13)   /* NVM_V4_CMD_EEERWR */
      && UPDI::send_bytes_block_slow(_dwAddr, _wLength)
    2c0a:	83 77       	andi	r24, 0x73	; 115
    2c0c:	99 f7       	brne	.-26     	; 0x2bf4 <NVM::V4::write_memory()+0x58>
    2c0e:	0e 94 e0 0c 	call	0x19c0	; 0x19c0 <NVM::V4::write_eeprom(unsigned long, unsigned int) [clone .part.5]>
    2c12:	cd cf       	rjmp	.-102    	; 0x2bae <NVM::V4::write_memory()+0x12>
write_memory():
    2c14:	80 3c       	cpi	r24, 0xC0	; 192
    2c16:	11 f0       	breq	.+4      	; 0x2c1c <NVM::V4::write_memory()+0x80>
/Users/askn/Develop/UPDI4AVR-USB/src/nvmv4.cpp:110
      && (nvm_wait() & 0x73) == 0
    2c18:	85 3c       	cpi	r24, 0xC5	; 197
    2c1a:	e9 f4       	brne	.+58     	; 0x2c56 <NVM::V4::write_memory()+0xba>
write_bytes_flash():
    2c1c:	c7 01       	movw	r24, r14
    2c1e:	b6 01       	movw	r22, r12
    2c20:	0e 94 be 0a 	call	0x157c	; 0x157c <SYS::is_boundary_flash_page(unsigned long)>
    2c24:	88 23       	and	r24, r24
/Users/askn/Develop/UPDI4AVR-USB/src/nvmv4.cpp:170
      /* MTYPE_LOCK_BITS */
      /* MTYPE_EEPROM */
      /* MTYPE_EEPROM_XMEGA */
      return write_eeprom(_dwAddr, _wLength);
    }
    else if (m_type == 0xC0 || m_type == 0xC5) {
    2c26:	21 f0       	breq	.+8      	; 0x2c30 <NVM::V4::write_memory()+0x94>
    2c28:	c7 01       	movw	r24, r14
    2c2a:	b6 01       	movw	r22, r12
    2c2c:	0e 94 37 0d 	call	0x1a6e	; 0x1a6e <NVM::V4::erase_flash_page(unsigned long)>
/Users/askn/Develop/UPDI4AVR-USB/src/nvmv4.cpp:95
      && nvm_ctrl_change(0x00)
    );
  }

  bool write_bytes_flash (uint32_t _dwAddr, size_t _wLength) {
    if (SYS::is_boundary_flash_page(_dwAddr)) erase_flash_page(_dwAddr);
    2c30:	82 e0       	ldi	r24, 0x02	; 2
    2c32:	0e 94 c3 0c 	call	0x1986	; 0x1986 <NVM::V3::nvm_ctrl_change(unsigned char)>
    2c36:	88 23       	and	r24, r24
    2c38:	e9 f2       	breq	.-70     	; 0x2bf4 <NVM::V4::write_memory()+0x58>
    2c3a:	ae 01       	movw	r20, r28
    2c3c:	c7 01       	movw	r24, r14
    2c3e:	b6 01       	movw	r22, r12
    2c40:	0e 94 91 08 	call	0x1122	; 0x1122 <UPDI::send_bytes_block_slow(unsigned long, unsigned int)>
/Users/askn/Develop/UPDI4AVR-USB/src/nvmv4.cpp:98
    D2PRINTF(" NVM_V4_FLWR=%06lX\r\n", _dwAddr);
    return (
      nvm_ctrl_change(0x02)   /* NVM_V4_CMD_FLWR */
    2c44:	88 23       	and	r24, r24
    2c46:	b1 f2       	breq	.-84     	; 0x2bf4 <NVM::V4::write_memory()+0x58>
/Users/askn/Develop/UPDI4AVR-USB/src/nvmv4.cpp:101
      && UPDI::send_bytes_block_slow(_dwAddr, _wLength)
      && (nvm_wait() & 0x73) == 0
      && nvm_ctrl_change(0x00)
    2c48:	0e 94 b2 0c 	call	0x1964	; 0x1964 <NVM::V3::nvm_wait()>
/Users/askn/Develop/UPDI4AVR-USB/src/nvmv4.cpp:99
  bool write_bytes_flash (uint32_t _dwAddr, size_t _wLength) {
    if (SYS::is_boundary_flash_page(_dwAddr)) erase_flash_page(_dwAddr);
    D2PRINTF(" NVM_V4_FLWR=%06lX\r\n", _dwAddr);
    return (
      nvm_ctrl_change(0x02)   /* NVM_V4_CMD_FLWR */
      && UPDI::send_bytes_block_slow(_dwAddr, _wLength)
    2c4c:	83 77       	andi	r24, 0x73	; 115
    2c4e:	91 f6       	brne	.-92     	; 0x2bf4 <NVM::V4::write_memory()+0x58>
    2c50:	0e 94 e0 0c 	call	0x19c0	; 0x19c0 <NVM::V4::write_eeprom(unsigned long, unsigned int) [clone .part.5]>
    2c54:	ac cf       	rjmp	.-168    	; 0x2bae <NVM::V4::write_memory()+0x12>
write_memory():
    2c56:	80 3b       	cpi	r24, 0xB0	; 176
    2c58:	29 f5       	brne	.+74     	; 0x2ca4 <NVM::V4::write_memory()+0x108>
/Users/askn/Develop/UPDI4AVR-USB/src/nvmv4.cpp:100
      && (nvm_wait() & 0x73) == 0
    2c5a:	80 e8       	ldi	r24, 0x80	; 128
    2c5c:	e8 0e       	add	r14, r24
    2c5e:	f1 1c       	adc	r15, r1
write_words_flash():
    2c60:	fa 99       	sbic	0x1f, 2	; 31
    2c62:	0a c0       	rjmp	.+20     	; 0x2c78 <NVM::V4::write_memory()+0xdc>
    2c64:	c7 01       	movw	r24, r14
    2c66:	b6 01       	movw	r22, r12
/Users/askn/Develop/UPDI4AVR-USB/src/nvmv4.cpp:175
    else if (m_type == 0xC0 || m_type == 0xC5) {
      /* MTYPE_FLASH (alias) */
      /* MTYPE_USERSIG (USERROW, BOOTROW) */
      return write_bytes_flash(_dwAddr, _wLength);
    }
    else if (m_type == 0xB0) {
    2c68:	0e 94 be 0a 	call	0x157c	; 0x157c <SYS::is_boundary_flash_page(unsigned long)>
/Users/askn/Develop/UPDI4AVR-USB/src/nvmv4.cpp:177
      /* MTYPE_FLASH_PAGE (PROGMEM) */
      _dwAddr += PROG_START;
    2c6c:	88 23       	and	r24, r24
    2c6e:	21 f0       	breq	.+8      	; 0x2c78 <NVM::V4::write_memory()+0xdc>
    2c70:	c7 01       	movw	r24, r14
/Users/askn/Develop/UPDI4AVR-USB/src/nvmv4.cpp:84
    );
  }

  bool write_words_flash (uint32_t _dwAddr, size_t _wLength) {
    if (bit_is_clear(PGCONF, PGCONF_ERSE_bp)
      && SYS::is_boundary_flash_page(_dwAddr)) erase_flash_page(_dwAddr);
    2c72:	b6 01       	movw	r22, r12
    2c74:	0e 94 37 0d 	call	0x1a6e	; 0x1a6e <NVM::V4::erase_flash_page(unsigned long)>
    2c78:	82 e0       	ldi	r24, 0x02	; 2
    2c7a:	0e 94 c3 0c 	call	0x1986	; 0x1986 <NVM::V3::nvm_ctrl_change(unsigned char)>
    2c7e:	88 23       	and	r24, r24
    2c80:	09 f4       	brne	.+2      	; 0x2c84 <NVM::V4::write_memory()+0xe8>
    2c82:	b8 cf       	rjmp	.-144    	; 0x2bf4 <NVM::V4::write_memory()+0x58>
    2c84:	ae 01       	movw	r20, r28
    2c86:	c7 01       	movw	r24, r14
    2c88:	b6 01       	movw	r22, r12
/Users/askn/Develop/UPDI4AVR-USB/src/nvmv4.cpp:87
    D2PRINTF(" NVM_V4_FLWR=%06lX\r\n", _dwAddr);
    return (
      nvm_ctrl_change(0x02)   /* NVM_V4_CMD_FLWR */
    2c8a:	0e 94 30 08 	call	0x1060	; 0x1060 <UPDI::send_words_block(unsigned long, unsigned int)>
    2c8e:	88 23       	and	r24, r24
/Users/askn/Develop/UPDI4AVR-USB/src/nvmv4.cpp:90
      && UPDI::send_words_block(_dwAddr, _wLength)
      && (nvm_wait() & 0x73) == 0
      && nvm_ctrl_change(0x00)
    2c90:	09 f4       	brne	.+2      	; 0x2c94 <NVM::V4::write_memory()+0xf8>
    2c92:	b0 cf       	rjmp	.-160    	; 0x2bf4 <NVM::V4::write_memory()+0x58>
    2c94:	0e 94 b2 0c 	call	0x1964	; 0x1964 <NVM::V3::nvm_wait()>
/Users/askn/Develop/UPDI4AVR-USB/src/nvmv4.cpp:88
    if (bit_is_clear(PGCONF, PGCONF_ERSE_bp)
      && SYS::is_boundary_flash_page(_dwAddr)) erase_flash_page(_dwAddr);
    D2PRINTF(" NVM_V4_FLWR=%06lX\r\n", _dwAddr);
    return (
      nvm_ctrl_change(0x02)   /* NVM_V4_CMD_FLWR */
      && UPDI::send_words_block(_dwAddr, _wLength)
    2c98:	83 77       	andi	r24, 0x73	; 115
    2c9a:	09 f0       	breq	.+2      	; 0x2c9e <NVM::V4::write_memory()+0x102>
    2c9c:	ab cf       	rjmp	.-170    	; 0x2bf4 <NVM::V4::write_memory()+0x58>
    2c9e:	0e 94 e0 0c 	call	0x19c0	; 0x19c0 <NVM::V4::write_eeprom(unsigned long, unsigned int) [clone .part.5]>
    2ca2:	85 cf       	rjmp	.-246    	; 0x2bae <NVM::V4::write_memory()+0x12>
write_memory():
    2ca4:	ae 01       	movw	r20, r28
/Users/askn/Develop/UPDI4AVR-USB/src/nvmv4.cpp:89
      && (nvm_wait() & 0x73) == 0
    2ca6:	c7 01       	movw	r24, r14
    2ca8:	b6 01       	movw	r22, r12
    2caa:	0e 94 bb 08 	call	0x1176	; 0x1176 <UPDI::send_bytes_block(unsigned long, unsigned int)>
    2cae:	7f cf       	rjmp	.-258    	; 0x2bae <NVM::V4::write_memory()+0x12>

00002cb0 <NVM::V5::write_memory()>:
    2cb0:	cf 92       	push	r12
    2cb2:	df 92       	push	r13
    2cb4:	ef 92       	push	r14
/Users/askn/Develop/UPDI4AVR-USB/src/nvmv4.cpp:182
      _dwAddr += PROG_START;
      return write_words_flash(_dwAddr, _wLength);
    }
    else {
      /* MTYPE_SRAM */
      return UPDI::send_bytes_block(_dwAddr, _wLength);
    2cb6:	ff 92       	push	r15
    2cb8:	cf 93       	push	r28
    2cba:	df 93       	push	r29
    2cbc:	f9 99       	sbic	0x1f, 1	; 31
    2cbe:	09 c0       	rjmp	.+18     	; 0x2cd2 <NVM::V5::write_memory()+0x22>
    2cc0:	eb dc       	rcall	.-1578   	; 0x2698 <UPDI::write_userrow()>
/Users/askn/Develop/UPDI4AVR-USB/src/nvmv5.cpp:136
    }
    /* Page erase will not be used if received. */
    return 1;
  }

  size_t write_memory (void) {
    2cc2:	90 e0       	ldi	r25, 0x00	; 0
    2cc4:	df 91       	pop	r29
    2cc6:	cf 91       	pop	r28
    2cc8:	ff 90       	pop	r15
    2cca:	ef 90       	pop	r14
/Users/askn/Develop/UPDI4AVR-USB/src/nvmv5.cpp:140
    uint8_t   m_type = packet.out.bMType;
    uint32_t _dwAddr = packet.out.dwAddr;
    size_t  _wLength = packet.out.dwLength;
    if (bit_is_clear(PGCONF, PGCONF_PROG_bp)) return UPDI::write_userrow();
    2ccc:	df 90       	pop	r13
    2cce:	cf 90       	pop	r12
    2cd0:	08 95       	ret
    2cd2:	80 91 0e 61 	lds	r24, 0x610E	; 0x80610e <packet+0x7>
/Users/askn/Develop/UPDI4AVR-USB/src/nvmv5.cpp:162
    }
    else {
      /* MTYPE_SRAM */
      return UPDI::send_bytes_block(_dwAddr, _wLength);
    }
  }
    2cd6:	c0 90 0f 61 	lds	r12, 0x610F	; 0x80610f <packet+0x8>
    2cda:	d0 90 10 61 	lds	r13, 0x6110	; 0x806110 <packet+0x9>
    2cde:	e0 90 11 61 	lds	r14, 0x6111	; 0x806111 <packet+0xa>
    2ce2:	f0 90 12 61 	lds	r15, 0x6112	; 0x806112 <packet+0xb>
/Users/askn/Develop/UPDI4AVR-USB/src/nvmv5.cpp:137
    /* Page erase will not be used if received. */
    return 1;
  }

  size_t write_memory (void) {
    uint8_t   m_type = packet.out.bMType;
    2ce6:	c0 91 13 61 	lds	r28, 0x6113	; 0x806113 <packet+0xc>
/Users/askn/Develop/UPDI4AVR-USB/src/nvmv5.cpp:138
    uint32_t _dwAddr = packet.out.dwAddr;
    2cea:	d0 91 14 61 	lds	r29, 0x6114	; 0x806114 <packet+0xd>
    2cee:	82 32       	cpi	r24, 0x22	; 34
    2cf0:	31 f0       	breq	.+12     	; 0x2cfe <NVM::V5::write_memory()+0x4e>
    2cf2:	9e e4       	ldi	r25, 0x4E	; 78
    2cf4:	98 0f       	add	r25, r24
    2cf6:	92 30       	cpi	r25, 0x02	; 2
/Users/askn/Develop/UPDI4AVR-USB/src/nvmv5.cpp:139
    size_t  _wLength = packet.out.dwLength;
    2cf8:	10 f0       	brcs	.+4      	; 0x2cfe <NVM::V5::write_memory()+0x4e>
    2cfa:	84 3c       	cpi	r24, 0xC4	; 196
    2cfc:	b1 f4       	brne	.+44     	; 0x2d2a <NVM::V5::write_memory()+0x7a>
write_eeprom():
/Users/askn/Develop/UPDI4AVR-USB/src/nvmv5.cpp:141
    if (bit_is_clear(PGCONF, PGCONF_PROG_bp)) return UPDI::write_userrow();
    if (m_type == 0x22 || m_type == 0xB2 || m_type == 0xB3 || m_type == 0xC4) {
    2cfe:	80 e0       	ldi	r24, 0x00	; 0
    2d00:	0e 94 c3 0c 	call	0x1986	; 0x1986 <NVM::V3::nvm_ctrl_change(unsigned char)>
    2d04:	81 11       	cpse	r24, r1
    2d06:	02 c0       	rjmp	.+4      	; 0x2d0c <NVM::V5::write_memory()+0x5c>
write_memory():
    2d08:	80 e0       	ldi	r24, 0x00	; 0
    2d0a:	db cf       	rjmp	.-74     	; 0x2cc2 <NVM::V5::write_memory()+0x12>
write_eeprom():
    2d0c:	ae 01       	movw	r20, r28
/Users/askn/Develop/UPDI4AVR-USB/src/nvmv5.cpp:93
  }

  bool write_eeprom (uint32_t _dwAddr, size_t _wLength) {
    D2PRINTF(" NVM_V5_EEPERW=%06lX\r\n", _dwAddr);
    return (
      nvm_ctrl_change(0x00)
    2d0e:	c7 01       	movw	r24, r14
    2d10:	b6 01       	movw	r22, r12
    2d12:	0e 94 bb 08 	call	0x1176	; 0x1176 <UPDI::send_bytes_block(unsigned long, unsigned int)>
/Users/askn/Develop/UPDI4AVR-USB/src/nvmv5.cpp:96
      && UPDI::send_bytes_block(_dwAddr, _wLength)
      && nvm_ctrl_change(0x15)  /* NVM_V5_CMD_EEPERW */
      && (nvm_wait() & 0x73) == 0
    2d16:	88 23       	and	r24, r24
    2d18:	b9 f3       	breq	.-18     	; 0x2d08 <NVM::V5::write_memory()+0x58>
    2d1a:	85 e1       	ldi	r24, 0x15	; 21
/Users/askn/Develop/UPDI4AVR-USB/src/nvmv5.cpp:94

  bool write_eeprom (uint32_t _dwAddr, size_t _wLength) {
    D2PRINTF(" NVM_V5_EEPERW=%06lX\r\n", _dwAddr);
    return (
      nvm_ctrl_change(0x00)
      && UPDI::send_bytes_block(_dwAddr, _wLength)
    2d1c:	0e 94 c3 0c 	call	0x1986	; 0x1986 <NVM::V3::nvm_ctrl_change(unsigned char)>
    2d20:	88 23       	and	r24, r24
    2d22:	91 f3       	breq	.-28     	; 0x2d08 <NVM::V5::write_memory()+0x58>
    2d24:	0e 94 bc 0c 	call	0x1978	; 0x1978 <NVM::V3::write_eeprom(unsigned long, unsigned int) [clone .part.3]>
    2d28:	cc cf       	rjmp	.-104    	; 0x2cc2 <NVM::V5::write_memory()+0x12>
write_memory():
/Users/askn/Develop/UPDI4AVR-USB/src/nvmv5.cpp:95
      && nvm_ctrl_change(0x15)  /* NVM_V5_CMD_EEPERW */
    2d2a:	80 3c       	cpi	r24, 0xC0	; 192
    2d2c:	11 f0       	breq	.+4      	; 0x2d32 <NVM::V5::write_memory()+0x82>
    2d2e:	85 3c       	cpi	r24, 0xC5	; 197
    2d30:	31 f4       	brne	.+12     	; 0x2d3e <NVM::V5::write_memory()+0x8e>
    2d32:	ae 01       	movw	r20, r28
    2d34:	c7 01       	movw	r24, r14
    2d36:	b6 01       	movw	r22, r12
    2d38:	0e 94 eb 0c 	call	0x19d6	; 0x19d6 <NVM::V3::write_bytes_flash(unsigned long, unsigned int)>
/Users/askn/Develop/UPDI4AVR-USB/src/nvmv5.cpp:148
      /* MTYPE_LOCK_BITS */
      /* MTYPE_EEPROM */
      /* MTYPE_EEPROM_XMEGA */
      return write_eeprom(_dwAddr, _wLength);
    }
    else if (m_type == 0xC0 || m_type == 0xC5) {
    2d3c:	c2 cf       	rjmp	.-124    	; 0x2cc2 <NVM::V5::write_memory()+0x12>
    2d3e:	80 3b       	cpi	r24, 0xB0	; 176
    2d40:	41 f4       	brne	.+16     	; 0x2d52 <NVM::V5::write_memory()+0xa2>
/Users/askn/Develop/UPDI4AVR-USB/src/nvmv5.cpp:151
      /* MTYPE_FLASH (alias) */
      /* MTYPE_USERSIG (USERROW, BOOTROW) */
      return write_bytes_flash(_dwAddr, _wLength);
    2d42:	c7 01       	movw	r24, r14
    2d44:	b6 01       	movw	r22, r12
    2d46:	80 58       	subi	r24, 0x80	; 128
    2d48:	9f 4f       	sbci	r25, 0xFF	; 255
    2d4a:	ae 01       	movw	r20, r28
/Users/askn/Develop/UPDI4AVR-USB/src/nvmv5.cpp:153
    }
    else if (m_type == 0xB0) {
    2d4c:	0e 94 11 0d 	call	0x1a22	; 0x1a22 <NVM::V3::write_words_flash(unsigned long, unsigned int)>
/Users/askn/Develop/UPDI4AVR-USB/src/nvmv5.cpp:155
      /* MTYPE_FLASH_PAGE (PROGMEM) */
      _dwAddr += PROG_START;
    2d50:	b8 cf       	rjmp	.-144    	; 0x2cc2 <NVM::V5::write_memory()+0x12>
    2d52:	ae 01       	movw	r20, r28
    2d54:	c7 01       	movw	r24, r14
/Users/askn/Develop/UPDI4AVR-USB/src/nvmv5.cpp:156
      return write_words_flash(_dwAddr, _wLength);
    2d56:	b6 01       	movw	r22, r12
    2d58:	0e 94 bb 08 	call	0x1176	; 0x1176 <UPDI::send_bytes_block(unsigned long, unsigned int)>
    2d5c:	b2 cf       	rjmp	.-156    	; 0x2cc2 <NVM::V5::write_memory()+0x12>

00002d5e <NVM::V6::write_memory()>:
/Users/askn/Develop/UPDI4AVR-USB/src/nvmv5.cpp:160
    }
    else {
      /* MTYPE_SRAM */
      return UPDI::send_bytes_block(_dwAddr, _wLength);
    2d5e:	cf 92       	push	r12
    2d60:	df 92       	push	r13
    2d62:	ef 92       	push	r14
    2d64:	ff 92       	push	r15
    2d66:	cf 93       	push	r28
    2d68:	df 93       	push	r29
/Users/askn/Develop/UPDI4AVR-USB/src/nvmv6.cpp:158
    /* Page erase will not be used if received. */
    /* Instead, page erase is determined by the is_boundary_flash_page function. */
    return 1;
  }

  size_t write_memory (void) {
    2d6a:	f9 99       	sbic	0x1f, 1	; 31
    2d6c:	09 c0       	rjmp	.+18     	; 0x2d80 <NVM::V6::write_memory()+0x22>
    2d6e:	94 dc       	rcall	.-1752   	; 0x2698 <UPDI::write_userrow()>
    2d70:	90 e0       	ldi	r25, 0x00	; 0
    2d72:	df 91       	pop	r29
    2d74:	cf 91       	pop	r28
/Users/askn/Develop/UPDI4AVR-USB/src/nvmv6.cpp:162
    uint8_t   m_type = packet.out.bMType;
    uint32_t _dwAddr = packet.out.dwAddr;
    size_t  _wLength = packet.out.dwLength;
    if (bit_is_clear(PGCONF, PGCONF_PROG_bp)) return UPDI::write_userrow();
    2d76:	ff 90       	pop	r15
    2d78:	ef 90       	pop	r14
    2d7a:	df 90       	pop	r13
    2d7c:	cf 90       	pop	r12
/Users/askn/Develop/UPDI4AVR-USB/src/nvmv6.cpp:182
      _dwAddr += PROG_START;
      return write_words_flash(_dwAddr, _wLength);
    }
    else {
      /* MTYPE_SRAM */
      return UPDI::send_bytes_block(_dwAddr, _wLength);
    2d7e:	08 95       	ret
/Users/askn/Develop/UPDI4AVR-USB/src/nvmv6.cpp:184
    }
  }
    2d80:	80 91 0e 61 	lds	r24, 0x610E	; 0x80610e <packet+0x7>
    2d84:	c0 90 0f 61 	lds	r12, 0x610F	; 0x80610f <packet+0x8>
    2d88:	d0 90 10 61 	lds	r13, 0x6110	; 0x806110 <packet+0x9>
    2d8c:	e0 90 11 61 	lds	r14, 0x6111	; 0x806111 <packet+0xa>
/Users/askn/Develop/UPDI4AVR-USB/src/nvmv6.cpp:160
    return 1;
  }

  size_t write_memory (void) {
    uint8_t   m_type = packet.out.bMType;
    uint32_t _dwAddr = packet.out.dwAddr;
    2d90:	f0 90 12 61 	lds	r15, 0x6112	; 0x806112 <packet+0xb>
    2d94:	c0 91 13 61 	lds	r28, 0x6113	; 0x806113 <packet+0xc>
    2d98:	d0 91 14 61 	lds	r29, 0x6114	; 0x806114 <packet+0xd>
    2d9c:	82 32       	cpi	r24, 0x22	; 34
/Users/askn/Develop/UPDI4AVR-USB/src/nvmv6.cpp:161
    size_t  _wLength = packet.out.dwLength;
    2d9e:	31 f0       	breq	.+12     	; 0x2dac <NVM::V6::write_memory()+0x4e>
    2da0:	9e e4       	ldi	r25, 0x4E	; 78
    2da2:	98 0f       	add	r25, r24
    2da4:	92 30       	cpi	r25, 0x02	; 2
/Users/askn/Develop/UPDI4AVR-USB/src/nvmv6.cpp:163
    if (bit_is_clear(PGCONF, PGCONF_PROG_bp)) return UPDI::write_userrow();
    if (m_type == 0x22 || m_type == 0xB2 || m_type == 0xB3 || m_type == 0xC4) {
    2da6:	10 f0       	brcs	.+4      	; 0x2dac <NVM::V6::write_memory()+0x4e>
    2da8:	84 3c       	cpi	r24, 0xC4	; 196
    2daa:	a9 f4       	brne	.+42     	; 0x2dd6 <NVM::V6::write_memory()+0x78>
write_eeprom():
    2dac:	83 e1       	ldi	r24, 0x13	; 19
    2dae:	0e 94 75 0c 	call	0x18ea	; 0x18ea <NVM::V6::nvm_ctrl_change(unsigned char)>
    2db2:	81 11       	cpse	r24, r1
    2db4:	02 c0       	rjmp	.+4      	; 0x2dba <NVM::V6::write_memory()+0x5c>
write_memory():
/Users/askn/Develop/UPDI4AVR-USB/src/nvmv6.cpp:108
  }

  bool write_eeprom (uint32_t _dwAddr, size_t _wLength) {
    D2PRINTF(" NVM_V6_EEERWR=%06lX\r\n", _dwAddr);
    return (
      nvm_ctrl_change(0x13)   /* NVM_V6_CMD_EEERWR */
    2db6:	80 e0       	ldi	r24, 0x00	; 0
    2db8:	db cf       	rjmp	.-74     	; 0x2d70 <NVM::V6::write_memory()+0x12>
write_eeprom():
    2dba:	ae 01       	movw	r20, r28
/Users/askn/Develop/UPDI4AVR-USB/src/nvmv6.cpp:111
      && UPDI::send_bytes_block_slow(_dwAddr, _wLength)
      && (nvm_wait() & 0x73) == 0
      && nvm_ctrl_change(0x00)
    2dbc:	c7 01       	movw	r24, r14
    2dbe:	b6 01       	movw	r22, r12
/Users/askn/Develop/UPDI4AVR-USB/src/nvmv6.cpp:90
    D2PRINTF(" NVM_V6_FLWR=%06lX\r\n", _dwAddr);
    return (
      nvm_ctrl_change(0x02)   /* NVM_V6_CMD_FLWR */
      && UPDI::send_words_block(_dwAddr, _wLength)
      && (nvm_wait() & 0x73) == 0
      && nvm_ctrl_change(0x00)
    2dc0:	0e 94 91 08 	call	0x1122	; 0x1122 <UPDI::send_bytes_block_slow(unsigned long, unsigned int)>
/Users/askn/Develop/UPDI4AVR-USB/src/nvmv6.cpp:109

  bool write_eeprom (uint32_t _dwAddr, size_t _wLength) {
    D2PRINTF(" NVM_V6_EEERWR=%06lX\r\n", _dwAddr);
    return (
      nvm_ctrl_change(0x13)   /* NVM_V6_CMD_EEERWR */
      && UPDI::send_bytes_block_slow(_dwAddr, _wLength)
    2dc4:	88 23       	and	r24, r24
    2dc6:	b9 f3       	breq	.-18     	; 0x2db6 <NVM::V6::write_memory()+0x58>
    2dc8:	0e 94 6b 0c 	call	0x18d6	; 0x18d6 <NVM::V6::nvm_wait()>
    2dcc:	83 77       	andi	r24, 0x73	; 115
    2dce:	99 f7       	brne	.-26     	; 0x2db6 <NVM::V6::write_memory()+0x58>
    2dd0:	0e 94 92 0c 	call	0x1924	; 0x1924 <NVM::V6::write_eeprom(unsigned long, unsigned int) [clone .part.5]>
/Users/askn/Develop/UPDI4AVR-USB/src/nvmv6.cpp:110
      && (nvm_wait() & 0x73) == 0
    2dd4:	cd cf       	rjmp	.-102    	; 0x2d70 <NVM::V6::write_memory()+0x12>
write_memory():
    2dd6:	80 3c       	cpi	r24, 0xC0	; 192
    2dd8:	11 f0       	breq	.+4      	; 0x2dde <NVM::V6::write_memory()+0x80>
    2dda:	85 3c       	cpi	r24, 0xC5	; 197
    2ddc:	e9 f4       	brne	.+58     	; 0x2e18 <NVM::V6::write_memory()+0xba>
write_bytes_flash():
    2dde:	c7 01       	movw	r24, r14
/Users/askn/Develop/UPDI4AVR-USB/src/nvmv6.cpp:170
      /* MTYPE_LOCK_BITS */
      /* MTYPE_EEPROM */
      /* MTYPE_EEPROM_XMEGA */
      return write_eeprom(_dwAddr, _wLength);
    }
    else if (m_type == 0xC0 || m_type == 0xC5) {
    2de0:	b6 01       	movw	r22, r12
    2de2:	0e 94 be 0a 	call	0x157c	; 0x157c <SYS::is_boundary_flash_page(unsigned long)>
/Users/askn/Develop/UPDI4AVR-USB/src/nvmv6.cpp:95
      && nvm_ctrl_change(0x00)
    );
  }

  bool write_bytes_flash (uint32_t _dwAddr, size_t _wLength) {
    if (SYS::is_boundary_flash_page(_dwAddr)) erase_flash_page(_dwAddr);
    2de6:	88 23       	and	r24, r24
    2de8:	21 f0       	breq	.+8      	; 0x2df2 <NVM::V6::write_memory()+0x94>
    2dea:	c7 01       	movw	r24, r14
    2dec:	b6 01       	movw	r22, r12
    2dee:	0e 94 94 0c 	call	0x1928	; 0x1928 <NVM::V6::erase_flash_page(unsigned long)>
    2df2:	82 e0       	ldi	r24, 0x02	; 2
    2df4:	0e 94 75 0c 	call	0x18ea	; 0x18ea <NVM::V6::nvm_ctrl_change(unsigned char)>
/Users/askn/Develop/UPDI4AVR-USB/src/nvmv6.cpp:98
    D2PRINTF(" NVM_V6_FLWR=%06lX\r\n", _dwAddr);
    return (
      nvm_ctrl_change(0x02)   /* NVM_V6_CMD_FLWR */
    2df8:	88 23       	and	r24, r24
    2dfa:	e9 f2       	breq	.-70     	; 0x2db6 <NVM::V6::write_memory()+0x58>
/Users/askn/Develop/UPDI4AVR-USB/src/nvmv6.cpp:101
      && UPDI::send_bytes_block_slow(_dwAddr, _wLength)
      && (nvm_wait() & 0x73) == 0
      && nvm_ctrl_change(0x00)
    2dfc:	ae 01       	movw	r20, r28
    2dfe:	c7 01       	movw	r24, r14
/Users/askn/Develop/UPDI4AVR-USB/src/nvmv6.cpp:99
  bool write_bytes_flash (uint32_t _dwAddr, size_t _wLength) {
    if (SYS::is_boundary_flash_page(_dwAddr)) erase_flash_page(_dwAddr);
    D2PRINTF(" NVM_V6_FLWR=%06lX\r\n", _dwAddr);
    return (
      nvm_ctrl_change(0x02)   /* NVM_V6_CMD_FLWR */
      && UPDI::send_bytes_block_slow(_dwAddr, _wLength)
    2e00:	b6 01       	movw	r22, r12
    2e02:	0e 94 91 08 	call	0x1122	; 0x1122 <UPDI::send_bytes_block_slow(unsigned long, unsigned int)>
    2e06:	88 23       	and	r24, r24
    2e08:	b1 f2       	breq	.-84     	; 0x2db6 <NVM::V6::write_memory()+0x58>
    2e0a:	0e 94 6b 0c 	call	0x18d6	; 0x18d6 <NVM::V6::nvm_wait()>
/Users/askn/Develop/UPDI4AVR-USB/src/nvmv6.cpp:100
      && (nvm_wait() & 0x73) == 0
    2e0e:	83 77       	andi	r24, 0x73	; 115
    2e10:	91 f6       	brne	.-92     	; 0x2db6 <NVM::V6::write_memory()+0x58>
    2e12:	0e 94 92 0c 	call	0x1924	; 0x1924 <NVM::V6::write_eeprom(unsigned long, unsigned int) [clone .part.5]>
    2e16:	ac cf       	rjmp	.-168    	; 0x2d70 <NVM::V6::write_memory()+0x12>
write_memory():
    2e18:	80 3b       	cpi	r24, 0xB0	; 176
    2e1a:	29 f5       	brne	.+74     	; 0x2e66 <NVM::V6::write_memory()+0x108>
/Users/askn/Develop/UPDI4AVR-USB/src/nvmv6.cpp:175
    else if (m_type == 0xC0 || m_type == 0xC5) {
      /* MTYPE_FLASH (alias) */
      /* MTYPE_USERSIG (USERROW, BOOTROW) */
      return write_bytes_flash(_dwAddr, _wLength);
    }
    else if (m_type == 0xB0) {
    2e1c:	80 e8       	ldi	r24, 0x80	; 128
    2e1e:	e8 0e       	add	r14, r24
/Users/askn/Develop/UPDI4AVR-USB/src/nvmv6.cpp:177
      /* MTYPE_FLASH_PAGE (PROGMEM) */
      _dwAddr += PROG_START;
    2e20:	f1 1c       	adc	r15, r1
write_words_flash():
    2e22:	fa 99       	sbic	0x1f, 2	; 31
/Users/askn/Develop/UPDI4AVR-USB/src/nvmv6.cpp:84
    );
  }

  bool write_words_flash (uint32_t _dwAddr, size_t _wLength) {
    if (bit_is_clear(PGCONF, PGCONF_ERSE_bp)
      && SYS::is_boundary_flash_page(_dwAddr)) erase_flash_page(_dwAddr);
    2e24:	0a c0       	rjmp	.+20     	; 0x2e3a <NVM::V6::write_memory()+0xdc>
    2e26:	c7 01       	movw	r24, r14
    2e28:	b6 01       	movw	r22, r12
    2e2a:	0e 94 be 0a 	call	0x157c	; 0x157c <SYS::is_boundary_flash_page(unsigned long)>
    2e2e:	88 23       	and	r24, r24
    2e30:	21 f0       	breq	.+8      	; 0x2e3a <NVM::V6::write_memory()+0xdc>
    2e32:	c7 01       	movw	r24, r14
    2e34:	b6 01       	movw	r22, r12
    2e36:	0e 94 94 0c 	call	0x1928	; 0x1928 <NVM::V6::erase_flash_page(unsigned long)>
    2e3a:	82 e0       	ldi	r24, 0x02	; 2
/Users/askn/Develop/UPDI4AVR-USB/src/nvmv6.cpp:87
    D2PRINTF(" NVM_V6_FLWR=%06lX\r\n", _dwAddr);
    return (
      nvm_ctrl_change(0x02)   /* NVM_V6_CMD_FLWR */
    2e3c:	0e 94 75 0c 	call	0x18ea	; 0x18ea <NVM::V6::nvm_ctrl_change(unsigned char)>
    2e40:	88 23       	and	r24, r24
/Users/askn/Develop/UPDI4AVR-USB/src/nvmv6.cpp:90
      && UPDI::send_words_block(_dwAddr, _wLength)
      && (nvm_wait() & 0x73) == 0
      && nvm_ctrl_change(0x00)
    2e42:	09 f4       	brne	.+2      	; 0x2e46 <NVM::V6::write_memory()+0xe8>
    2e44:	b8 cf       	rjmp	.-144    	; 0x2db6 <NVM::V6::write_memory()+0x58>
    2e46:	ae 01       	movw	r20, r28
/Users/askn/Develop/UPDI4AVR-USB/src/nvmv6.cpp:88
    if (bit_is_clear(PGCONF, PGCONF_ERSE_bp)
      && SYS::is_boundary_flash_page(_dwAddr)) erase_flash_page(_dwAddr);
    D2PRINTF(" NVM_V6_FLWR=%06lX\r\n", _dwAddr);
    return (
      nvm_ctrl_change(0x02)   /* NVM_V6_CMD_FLWR */
      && UPDI::send_words_block(_dwAddr, _wLength)
    2e48:	c7 01       	movw	r24, r14
    2e4a:	b6 01       	movw	r22, r12
    2e4c:	0e 94 30 08 	call	0x1060	; 0x1060 <UPDI::send_words_block(unsigned long, unsigned int)>
    2e50:	88 23       	and	r24, r24
    2e52:	09 f4       	brne	.+2      	; 0x2e56 <NVM::V6::write_memory()+0xf8>
    2e54:	b0 cf       	rjmp	.-160    	; 0x2db6 <NVM::V6::write_memory()+0x58>
/Users/askn/Develop/UPDI4AVR-USB/src/nvmv6.cpp:89
      && (nvm_wait() & 0x73) == 0
    2e56:	0e 94 6b 0c 	call	0x18d6	; 0x18d6 <NVM::V6::nvm_wait()>
    2e5a:	83 77       	andi	r24, 0x73	; 115
    2e5c:	09 f0       	breq	.+2      	; 0x2e60 <NVM::V6::write_memory()+0x102>
    2e5e:	ab cf       	rjmp	.-170    	; 0x2db6 <NVM::V6::write_memory()+0x58>
    2e60:	0e 94 92 0c 	call	0x1924	; 0x1924 <NVM::V6::write_eeprom(unsigned long, unsigned int) [clone .part.5]>
    2e64:	85 cf       	rjmp	.-246    	; 0x2d70 <NVM::V6::write_memory()+0x12>
write_memory():
/Users/askn/Develop/UPDI4AVR-USB/src/nvmv6.cpp:182
      _dwAddr += PROG_START;
      return write_words_flash(_dwAddr, _wLength);
    }
    else {
      /* MTYPE_SRAM */
      return UPDI::send_bytes_block(_dwAddr, _wLength);
    2e66:	ae 01       	movw	r20, r28
    2e68:	c7 01       	movw	r24, r14
    2e6a:	b6 01       	movw	r22, r12
    2e6c:	0e 94 bb 08 	call	0x1176	; 0x1176 <UPDI::send_bytes_block(unsigned long, unsigned int)>
    2e70:	7f cf       	rjmp	.-258    	; 0x2d70 <NVM::V6::write_memory()+0x12>

00002e72 <UPDI::chip_erase()>:
chip_erase():
/Users/askn/Develop/UPDI4AVR-USB/src/updi.cpp:282
    D1PRINTF(" UROW_KEY=");   /* wait set UROWWRITE */
    if (!send_bytes(urowwrite_key, sizeof(urowwrite_key)) || !key_wait_set(5)) return false;
    return sys_reset(false);
  }

  bool chip_erase (void) {
    2e72:	cf 93       	push	r28
    2e74:	df 93       	push	r29
/Users/askn/Develop/UPDI4AVR-USB/src/updi.cpp:283
    D1PRINTF(" CHIP_ERASE");
    2e76:	86 ec       	ldi	r24, 0xC6	; 198
    2e78:	9b e0       	ldi	r25, 0x0B	; 11
    2e7a:	9f 93       	push	r25
    2e7c:	8f 93       	push	r24
    2e7e:	82 ed       	ldi	r24, 0xD2	; 210
    2e80:	90 e6       	ldi	r25, 0x60	; 96
    2e82:	9f 93       	push	r25
    2e84:	8f 93       	push	r24
    2e86:	0e 94 3e 0e 	call	0x1c7c	; 0x1c7c <Print::printf(PGM_t const*, ...) [clone .constprop.16]>
/Users/askn/Develop/UPDI4AVR-USB/src/updi.cpp:284
    USART::drain();
    2e8a:	0e 94 d8 06 	call	0xdb0	; 0xdb0 <USART::drain(unsigned int) [clone .constprop.15]>
set_erase_key():
/Users/askn/Develop/UPDI4AVR-USB/src/updi.cpp:270
    if (!send_bytes(nvmprog_key, sizeof(nvmprog_key)) || !key_wait_set(4)) return false;
    return _reset ? sys_reset(false) : true;
  }

  bool set_erase_key (void) {
    if (bit_is_clear(PGCONF, PGCONF_PROG_bp)) set_nvmprog_key(false);
    2e8e:	0f 90       	pop	r0
    2e90:	0f 90       	pop	r0
    2e92:	0f 90       	pop	r0
    2e94:	0f 90       	pop	r0
    2e96:	f9 99       	sbic	0x1f, 1	; 31
    2e98:	02 c0       	rjmp	.+4      	; 0x2e9e <UPDI::chip_erase()+0x2c>
    2e9a:	80 e0       	ldi	r24, 0x00	; 0
    2e9c:	a2 db       	rcall	.-2236   	; 0x25e2 <UPDI::set_nvmprog_key(bool)>
    2e9e:	84 e9       	ldi	r24, 0x94	; 148
/Users/askn/Develop/UPDI4AVR-USB/src/updi.cpp:271
    D1PRINTF(" ERASE_KEY=");  /* wait set CHIPERASE */
    2ea0:	9b e0       	ldi	r25, 0x0B	; 11
    2ea2:	9f 93       	push	r25
    2ea4:	8f 93       	push	r24
    2ea6:	c2 ed       	ldi	r28, 0xD2	; 210
    2ea8:	d0 e6       	ldi	r29, 0x60	; 96
    2eaa:	df 93       	push	r29
    2eac:	cf 93       	push	r28
    2eae:	0e 94 3e 0e 	call	0x1c7c	; 0x1c7c <Print::printf(PGM_t const*, ...) [clone .constprop.16]>
    2eb2:	6a e0       	ldi	r22, 0x0A	; 10
/Users/askn/Develop/UPDI4AVR-USB/src/updi.cpp:272
    if (!send_bytes(erase_key, sizeof(erase_key)) || !key_wait_set(3)) return false;
    2eb4:	70 e0       	ldi	r23, 0x00	; 0
    2eb6:	8d e6       	ldi	r24, 0x6D	; 109
    2eb8:	90 e6       	ldi	r25, 0x60	; 96
    2eba:	0e 94 ea 07 	call	0xfd4	; 0xfd4 <UPDI::send_bytes(unsigned char const*, unsigned int)>
    2ebe:	0f 90       	pop	r0
    2ec0:	0f 90       	pop	r0
    2ec2:	0f 90       	pop	r0
    2ec4:	0f 90       	pop	r0
    2ec6:	81 11       	cpse	r24, r1
    2ec8:	02 c0       	rjmp	.+4      	; 0x2ece <UPDI::chip_erase()+0x5c>
chip_erase():
    2eca:	20 e0       	ldi	r18, 0x00	; 0
/Users/askn/Develop/UPDI4AVR-USB/src/updi.cpp:301
      sys_wait_set(3);      /* wait set PROGSTART */
    }
    D1PRINTF(" PROGSTART=%02X\r\n", RXDATA);
    bit_set(PGCONF, PGCONF_ERSE_bp);
    bit_set(PGCONF, PGCONF_PROG_bp);
    return (*Command_Table.prog_init)();
    2ecc:	71 c0       	rjmp	.+226    	; 0x2fb0 <UPDI::chip_erase()+0x13e>
set_erase_key():
    2ece:	83 e0       	ldi	r24, 0x03	; 3
/Users/askn/Develop/UPDI4AVR-USB/src/updi.cpp:272
  }

  bool set_erase_key (void) {
    if (bit_is_clear(PGCONF, PGCONF_PROG_bp)) set_nvmprog_key(false);
    D1PRINTF(" ERASE_KEY=");  /* wait set CHIPERASE */
    if (!send_bytes(erase_key, sizeof(erase_key)) || !key_wait_set(3)) return false;
    2ed0:	6d db       	rcall	.-2342   	; 0x25ac <UPDI::key_wait_set(unsigned char)>
    2ed2:	88 23       	and	r24, r24
    2ed4:	d1 f3       	breq	.-12     	; 0x2eca <UPDI::chip_erase()+0x58>
sys_reset():
    2ed6:	66 e0       	ldi	r22, 0x06	; 6
    2ed8:	70 e0       	ldi	r23, 0x00	; 0
/Users/askn/Develop/UPDI4AVR-USB/src/updi.cpp:134
    const static uint8_t _reset[] = {
      0x55, 0xC8, 0x59, /* SYSRST */
      0x55, 0xC8, 0x00, /* SYSRUN */
      0x55, 0xC3, 0x04  /* UPDIDIS */
    };
    return send_bytes(_reset, _leave ? 9 : 6);
    2eda:	87 e9       	ldi	r24, 0x97	; 151
    2edc:	90 e6       	ldi	r25, 0x60	; 96
    2ede:	0e 94 ea 07 	call	0xfd4	; 0xfd4 <UPDI::send_bytes(unsigned char const*, unsigned int)>
chip_erase():
    2ee2:	88 23       	and	r24, r24
/Users/askn/Develop/UPDI4AVR-USB/src/updi.cpp:285
  }

  bool chip_erase (void) {
    D1PRINTF(" CHIP_ERASE");
    USART::drain();
    if (!set_erase_key()) return false;
    2ee4:	91 f3       	breq	.-28     	; 0x2eca <UPDI::chip_erase()+0x58>
    2ee6:	80 ec       	ldi	r24, 0xC0	; 192
/Users/askn/Develop/UPDI4AVR-USB/src/updi.cpp:286
    D1PRINTF(" WAIT");
    2ee8:	9b e0       	ldi	r25, 0x0B	; 11
    2eea:	9f 93       	push	r25
    2eec:	8f 93       	push	r24
    2eee:	df 93       	push	r29
    2ef0:	cf 93       	push	r28
    2ef2:	0e 94 3e 0e 	call	0x1c7c	; 0x1c7c <Print::printf(PGM_t const*, ...) [clone .constprop.16]>
delay_millis():
    2ef6:	8f e1       	ldi	r24, 0x1F	; 31
/Users/askn/Library/Arduino15/packages/MultiX-Zinnia/hardware/modernAVR/0.4.10/cores/modernAVR/api/delay_busywait.h:42
  }
}

void delay_millis (uint32_t _ms) {
  if (F_CPU >= 1000000L) {
    __builtin_avr_delay_cycles((F_CPU / 1000L) * _ms);
    2ef8:	91 ea       	ldi	r25, 0xA1	; 161
    2efa:	27 e0       	ldi	r18, 0x07	; 7
    2efc:	81 50       	subi	r24, 0x01	; 1
    2efe:	90 40       	sbci	r25, 0x00	; 0
    2f00:	20 40       	sbci	r18, 0x00	; 0
    2f02:	e1 f7       	brne	.-8      	; 0x2efc <UPDI::chip_erase()+0x8a>
    2f04:	00 c0       	rjmp	.+0      	; 0x2f06 <UPDI::chip_erase()+0x94>
    2f06:	00 00       	nop
    2f08:	8f e1       	ldi	r24, 0x1F	; 31
    2f0a:	91 ea       	ldi	r25, 0xA1	; 161
    2f0c:	27 e0       	ldi	r18, 0x07	; 7
    2f0e:	81 50       	subi	r24, 0x01	; 1
    2f10:	90 40       	sbci	r25, 0x00	; 0
    2f12:	20 40       	sbci	r18, 0x00	; 0
    2f14:	e1 f7       	brne	.-8      	; 0x2f0e <UPDI::chip_erase()+0x9c>
    2f16:	00 c0       	rjmp	.+0      	; 0x2f18 <UPDI::chip_erase()+0xa6>
/Users/askn/Develop/UPDI4AVR-USB/src/updi.cpp:289
    SYS::delay_125ms();
    SYS::delay_125ms();
    USART::drain();
    2f18:	00 00       	nop
chip_erase():
    2f1a:	0e 94 d8 06 	call	0xdb0	; 0xdb0 <USART::drain(unsigned int) [clone .constprop.15]>
/Users/askn/Develop/UPDI4AVR-USB/src/updi.cpp:290
    sys_wait_clear(5);      /* wait clear RSTSYS */
    2f1e:	85 e0       	ldi	r24, 0x05	; 5
    2f20:	0f db       	rcall	.-2530   	; 0x2540 <UPDI::sys_wait_clear(unsigned char)>
/Users/askn/Develop/UPDI4AVR-USB/src/updi.cpp:291
    sys_wait_clear(0);      /* wait clear LOCKSTATUS */
    2f22:	80 e0       	ldi	r24, 0x00	; 0
    2f24:	0d db       	rcall	.-2534   	; 0x2540 <UPDI::sys_wait_clear(unsigned char)>
    2f26:	8d b3       	in	r24, 0x1d	; 29
/Users/askn/Develop/UPDI4AVR-USB/src/updi.cpp:292
    D1PRINTF(" <SYS:%02X>\r\n", RXDATA);
    2f28:	1f 92       	push	r1
    2f2a:	8f 93       	push	r24
    2f2c:	82 eb       	ldi	r24, 0xB2	; 178
    2f2e:	9b e0       	ldi	r25, 0x0B	; 11
    2f30:	9f 93       	push	r25
    2f32:	8f 93       	push	r24
    2f34:	df 93       	push	r29
    2f36:	cf 93       	push	r28
    2f38:	0e 94 3e 0e 	call	0x1c7c	; 0x1c7c <Print::printf(PGM_t const*, ...) [clone .constprop.16]>
delay_micros():
    2f3c:	82 e1       	ldi	r24, 0x12	; 18
/Users/askn/Library/Arduino15/packages/MultiX-Zinnia/hardware/modernAVR/0.4.10/cores/modernAVR/api/delay_busywait.h:33
static __inline__ __attribute__((__always_inline__)) void delay_micros (uint32_t _us);
static __inline__ __attribute__((__always_inline__)) void delay_millis (uint32_t _ms);

void delay_micros (uint32_t _us) {
  if (F_CPU >= 1000000L) {
    __builtin_avr_delay_cycles((F_CPU / 1000000L) * _us);
    2f3e:	91 e0       	ldi	r25, 0x01	; 1
    2f40:	01 97       	sbiw	r24, 0x01	; 1
    2f42:	f1 f7       	brne	.-4      	; 0x2f40 <UPDI::chip_erase()+0xce>
    2f44:	00 c0       	rjmp	.+0      	; 0x2f46 <UPDI::chip_erase()+0xd4>
    2f46:	00 00       	nop
    2f48:	8d b7       	in	r24, 0x3d	; 61
    2f4a:	9e b7       	in	r25, 0x3e	; 62
    2f4c:	0a 96       	adiw	r24, 0x0a	; 10
    2f4e:	8d bf       	out	0x3d, r24	; 61
    2f50:	9e bf       	out	0x3e, r25	; 62
key_wait_clear():
    2f52:	0e 94 0d 08 	call	0x101a	; 0x101a <UPDI::key_status()>
/Users/askn/Develop/UPDI4AVR-USB/src/updi.cpp:242
  }

  bool key_wait_clear (uint8_t _bit) {
    SYS::delay_55us();
    do {
      key_status();
    2f56:	eb 99       	sbic	0x1d, 3	; 29
/Users/askn/Develop/UPDI4AVR-USB/src/updi.cpp:243
    } while (bit_is_set(RXDATA, _bit));
    2f58:	fc cf       	rjmp	.-8      	; 0x2f52 <UPDI::chip_erase()+0xe0>
chip_erase():
    2f5a:	0e 94 04 08 	call	0x1008	; 0x1008 <UPDI::sys_status()>
/Users/askn/Develop/UPDI4AVR-USB/src/updi.cpp:294
    USART::drain();
    sys_wait_clear(5);      /* wait clear RSTSYS */
    sys_wait_clear(0);      /* wait clear LOCKSTATUS */
    D1PRINTF(" <SYS:%02X>\r\n", RXDATA);
    key_wait_clear(3);      /* wait clear CHIPERASE */
    if (sys_status() && bit_is_clear(RXDATA, 3)) {
    2f5e:	88 23       	and	r24, r24
    2f60:	49 f0       	breq	.+18     	; 0x2f74 <UPDI::chip_erase()+0x102>
    2f62:	eb 99       	sbic	0x1d, 3	; 29
    2f64:	07 c0       	rjmp	.+14     	; 0x2f74 <UPDI::chip_erase()+0x102>
    2f66:	81 e0       	ldi	r24, 0x01	; 1
/Users/askn/Develop/UPDI4AVR-USB/src/updi.cpp:295
      if (!set_nvmprog_key(true)) return false;
    2f68:	3c db       	rcall	.-2440   	; 0x25e2 <UPDI::set_nvmprog_key(bool)>
    2f6a:	88 23       	and	r24, r24
    2f6c:	09 f4       	brne	.+2      	; 0x2f70 <UPDI::chip_erase()+0xfe>
    2f6e:	ad cf       	rjmp	.-166    	; 0x2eca <UPDI::chip_erase()+0x58>
    2f70:	83 e0       	ldi	r24, 0x03	; 3
    2f72:	01 db       	rcall	.-2558   	; 0x2576 <UPDI::sys_wait_set(unsigned char)>
/Users/askn/Develop/UPDI4AVR-USB/src/updi.cpp:296
      sys_wait_set(3);      /* wait set PROGSTART */
    2f74:	8d b3       	in	r24, 0x1d	; 29
    2f76:	1f 92       	push	r1
    2f78:	8f 93       	push	r24
/Users/askn/Develop/UPDI4AVR-USB/src/updi.cpp:298
    }
    D1PRINTF(" PROGSTART=%02X\r\n", RXDATA);
    2f7a:	80 ea       	ldi	r24, 0xA0	; 160
    2f7c:	9b e0       	ldi	r25, 0x0B	; 11
    2f7e:	9f 93       	push	r25
    2f80:	8f 93       	push	r24
    2f82:	82 ed       	ldi	r24, 0xD2	; 210
    2f84:	90 e6       	ldi	r25, 0x60	; 96
    2f86:	9f 93       	push	r25
    2f88:	8f 93       	push	r24
    2f8a:	0e 94 3e 0e 	call	0x1c7c	; 0x1c7c <Print::printf(PGM_t const*, ...) [clone .constprop.16]>
    2f8e:	fa 9a       	sbi	0x1f, 2	; 31
    2f90:	f9 9a       	sbi	0x1f, 1	; 31
    2f92:	e0 91 7a 63 	lds	r30, 0x637A	; 0x80637a <Command_Table>
/Users/askn/Develop/UPDI4AVR-USB/src/updi.cpp:300
    bit_set(PGCONF, PGCONF_ERSE_bp);
    bit_set(PGCONF, PGCONF_PROG_bp);
    2f96:	f0 91 7b 63 	lds	r31, 0x637B	; 0x80637b <Command_Table+0x1>
/Users/askn/Develop/UPDI4AVR-USB/src/updi.cpp:301
    return (*Command_Table.prog_init)();
    2f9a:	09 95       	icall
    2f9c:	21 e0       	ldi	r18, 0x01	; 1
    2f9e:	0f 90       	pop	r0
    2fa0:	0f 90       	pop	r0
    2fa2:	0f 90       	pop	r0
    2fa4:	0f 90       	pop	r0
    2fa6:	0f 90       	pop	r0
    2fa8:	0f 90       	pop	r0
    2faa:	89 2b       	or	r24, r25
    2fac:	09 f4       	brne	.+2      	; 0x2fb0 <UPDI::chip_erase()+0x13e>
    2fae:	8d cf       	rjmp	.-230    	; 0x2eca <UPDI::chip_erase()+0x58>
    2fb0:	82 2f       	mov	r24, r18
    2fb2:	df 91       	pop	r29
    2fb4:	cf 91       	pop	r28
/Users/askn/Develop/UPDI4AVR-USB/src/updi.cpp:302
  }
    2fb6:	08 95       	ret

00002fb8 <NVM::V0::erase_memory()>:
erase_memory():
    2fb8:	80 91 0e 61 	lds	r24, 0x610E	; 0x80610e <packet+0x7>
    2fbc:	81 11       	cpse	r24, r1
/Users/askn/Develop/UPDI4AVR-USB/src/nvmv0.cpp:134
    return 0;
  }

  size_t erase_memory (void) {
    uint8_t e_type = packet.out.bEType;
    if (e_type == 0x00) {
    2fbe:	03 c0       	rjmp	.+6      	; 0x2fc6 <NVM::V0::erase_memory()+0xe>
    2fc0:	58 df       	rcall	.-336    	; 0x2e72 <UPDI::chip_erase()>
    2fc2:	90 e0       	ldi	r25, 0x00	; 0
    2fc4:	08 95       	ret
/Users/askn/Develop/UPDI4AVR-USB/src/nvmv0.cpp:136
      /* XMEGA_ERASE_CHIP */
      return UPDI::chip_erase();
    2fc6:	81 e0       	ldi	r24, 0x01	; 1
    2fc8:	90 e0       	ldi	r25, 0x00	; 0
    2fca:	08 95       	ret

00002fcc <NVM::V3::erase_memory()>:
_ZN3NVM2V312erase_memoryEv():
    2fcc:	f5 cf       	rjmp	.-22     	; 0x2fb8 <NVM::V0::erase_memory()>

00002fce <NVM::V5::erase_memory()>:
_ZN3NVM2V512erase_memoryEv():
/Users/askn/Develop/UPDI4AVR-USB/src/nvmv0.cpp:139
    }
    /* Page erase will not be used if received. */
    return 1;
    2fce:	f4 cf       	rjmp	.-24     	; 0x2fb8 <NVM::V0::erase_memory()>

00002fd0 <NVM::V2::erase_memory()>:
erase_memory():
    2fd0:	80 91 0e 61 	lds	r24, 0x610E	; 0x80610e <packet+0x7>
/Users/askn/Develop/UPDI4AVR-USB/src/nvmv0.cpp:140
  }
    2fd4:	81 11       	cpse	r24, r1
    2fd6:	03 c0       	rjmp	.+6      	; 0x2fde <NVM::V2::erase_memory()+0xe>
    2fd8:	4c df       	rcall	.-360    	; 0x2e72 <UPDI::chip_erase()>
    2fda:	90 e0       	ldi	r25, 0x00	; 0
/Users/askn/Develop/UPDI4AVR-USB/src/nvmv2.cpp:137
    }
    return 0;
  }

  size_t erase_memory (void) {
    uint8_t e_type = packet.out.bEType;
    2fdc:	08 95       	ret
    2fde:	87 30       	cpi	r24, 0x07	; 7
/Users/askn/Develop/UPDI4AVR-USB/src/nvmv2.cpp:138
    if (e_type == 0x00) {
    2fe0:	59 f4       	brne	.+22     	; 0x2ff8 <NVM::V2::erase_memory()+0x28>
    2fe2:	60 91 0f 61 	lds	r22, 0x610F	; 0x80610f <packet+0x8>
/Users/askn/Develop/UPDI4AVR-USB/src/nvmv2.cpp:140
      /* XMEGA_ERASE_CHIP */
      return UPDI::chip_erase();
    2fe6:	70 91 10 61 	lds	r23, 0x6110	; 0x806110 <packet+0x9>
/Users/askn/Develop/UPDI4AVR-USB/src/nvmv2.cpp:147
    else {
      /* NOTE: AVRDUDE<=7.3 may pass the wrong M_TYPE. */
      /* For safety, only USERROW and BOOTROW are allowed to erase pages. */
      if (e_type == 0x07) {
        /* XMEGA_ERASE_USERSIG */
        return erase_flash_page(packet.out.dwAddr);
    2fea:	80 91 11 61 	lds	r24, 0x6111	; 0x806111 <packet+0xa>
/Users/askn/Develop/UPDI4AVR-USB/src/nvmv2.cpp:145
      return UPDI::chip_erase();
    }
    else {
      /* NOTE: AVRDUDE<=7.3 may pass the wrong M_TYPE. */
      /* For safety, only USERROW and BOOTROW are allowed to erase pages. */
      if (e_type == 0x07) {
    2fee:	90 91 12 61 	lds	r25, 0x6112	; 0x806112 <packet+0xb>
/Users/askn/Develop/UPDI4AVR-USB/src/nvmv2.cpp:147
        /* XMEGA_ERASE_USERSIG */
        return erase_flash_page(packet.out.dwAddr);
    2ff2:	0e 94 86 0d 	call	0x1b0c	; 0x1b0c <NVM::V2::erase_flash_page(unsigned long)>
    2ff6:	f1 cf       	rjmp	.-30     	; 0x2fda <NVM::V2::erase_memory()+0xa>
    2ff8:	81 e0       	ldi	r24, 0x01	; 1
    2ffa:	90 e0       	ldi	r25, 0x00	; 0
    2ffc:	08 95       	ret

00002ffe <NVM::V4::erase_memory()>:
    2ffe:	80 91 0e 61 	lds	r24, 0x610E	; 0x80610e <packet+0x7>
    3002:	81 11       	cpse	r24, r1
    3004:	03 c0       	rjmp	.+6      	; 0x300c <NVM::V4::erase_memory()+0xe>
/Users/askn/Develop/UPDI4AVR-USB/src/nvmv2.cpp:152
      }
    }
    /* Page erase will not be used if received. */
    /* Instead, page erase is determined by the is_boundary_flash_page function. */
    return 1;
    3006:	35 df       	rcall	.-406    	; 0x2e72 <UPDI::chip_erase()>
    3008:	90 e0       	ldi	r25, 0x00	; 0
/Users/askn/Develop/UPDI4AVR-USB/src/nvmv2.cpp:153
  }
    300a:	08 95       	ret
/Users/askn/Develop/UPDI4AVR-USB/src/nvmv4.cpp:140
    }
    return 0;
  }

  size_t erase_memory (void) {
    uint8_t e_type = packet.out.bEType;
    300c:	87 30       	cpi	r24, 0x07	; 7
    300e:	59 f4       	brne	.+22     	; 0x3026 <NVM::V4::erase_memory()+0x28>
/Users/askn/Develop/UPDI4AVR-USB/src/nvmv4.cpp:141
    if (e_type == 0x00) {
    3010:	60 91 0f 61 	lds	r22, 0x610F	; 0x80610f <packet+0x8>
/Users/askn/Develop/UPDI4AVR-USB/src/nvmv4.cpp:143
      /* XMEGA_ERASE_CHIP */
      return UPDI::chip_erase();
    3014:	70 91 10 61 	lds	r23, 0x6110	; 0x806110 <packet+0x9>
/Users/askn/Develop/UPDI4AVR-USB/src/nvmv4.cpp:150
    else {
      /* NOTE: AVRDUDE<=7.3 may pass the wrong M_TYPE. */
      /* For safety, only USERROW and BOOTROW are allowed to erase pages. */
      if (e_type == 0x07) {
        /* XMEGA_ERASE_USERSIG */
        return erase_flash_page(packet.out.dwAddr);
    3018:	80 91 11 61 	lds	r24, 0x6111	; 0x806111 <packet+0xa>
/Users/askn/Develop/UPDI4AVR-USB/src/nvmv4.cpp:148
      return UPDI::chip_erase();
    }
    else {
      /* NOTE: AVRDUDE<=7.3 may pass the wrong M_TYPE. */
      /* For safety, only USERROW and BOOTROW are allowed to erase pages. */
      if (e_type == 0x07) {
    301c:	90 91 12 61 	lds	r25, 0x6112	; 0x806112 <packet+0xb>
/Users/askn/Develop/UPDI4AVR-USB/src/nvmv4.cpp:150
        /* XMEGA_ERASE_USERSIG */
        return erase_flash_page(packet.out.dwAddr);
    3020:	0e 94 37 0d 	call	0x1a6e	; 0x1a6e <NVM::V4::erase_flash_page(unsigned long)>
    3024:	f1 cf       	rjmp	.-30     	; 0x3008 <NVM::V4::erase_memory()+0xa>
    3026:	81 e0       	ldi	r24, 0x01	; 1
    3028:	90 e0       	ldi	r25, 0x00	; 0
    302a:	08 95       	ret

0000302c <NVM::V6::erase_memory()>:
    302c:	80 91 0e 61 	lds	r24, 0x610E	; 0x80610e <packet+0x7>
    3030:	81 11       	cpse	r24, r1
    3032:	03 c0       	rjmp	.+6      	; 0x303a <NVM::V6::erase_memory()+0xe>
    3034:	1e df       	rcall	.-452    	; 0x2e72 <UPDI::chip_erase()>
/Users/askn/Develop/UPDI4AVR-USB/src/nvmv4.cpp:155
      }
    }
    /* Page erase will not be used if received. */
    /* Instead, page erase is determined by the is_boundary_flash_page function. */
    return 1;
    3036:	90 e0       	ldi	r25, 0x00	; 0
    3038:	08 95       	ret
/Users/askn/Develop/UPDI4AVR-USB/src/nvmv4.cpp:156
  }
    303a:	87 30       	cpi	r24, 0x07	; 7
/Users/askn/Develop/UPDI4AVR-USB/src/nvmv6.cpp:140
    }
    return 0;
  }

  size_t erase_memory (void) {
    uint8_t e_type = packet.out.bEType;
    303c:	59 f4       	brne	.+22     	; 0x3054 <NVM::V6::erase_memory()+0x28>
    303e:	60 91 0f 61 	lds	r22, 0x610F	; 0x80610f <packet+0x8>
/Users/askn/Develop/UPDI4AVR-USB/src/nvmv6.cpp:141
    if (e_type == 0x00) {
    3042:	70 91 10 61 	lds	r23, 0x6110	; 0x806110 <packet+0x9>
/Users/askn/Develop/UPDI4AVR-USB/src/nvmv6.cpp:143
      /* XMEGA_ERASE_CHIP */
      return UPDI::chip_erase();
    3046:	80 91 11 61 	lds	r24, 0x6111	; 0x806111 <packet+0xa>
/Users/askn/Develop/UPDI4AVR-USB/src/nvmv6.cpp:150
    else {
      /* NOTE: AVRDUDE<=7.3 may pass the wrong M_TYPE. */
      /* For safety, only USERROW and BOOTROW are allowed to erase pages. */
      if (e_type == 0x07) {
        /* XMEGA_ERASE_USERSIG */
        return erase_flash_page(packet.out.dwAddr);
    304a:	90 91 12 61 	lds	r25, 0x6112	; 0x806112 <packet+0xb>
/Users/askn/Develop/UPDI4AVR-USB/src/nvmv6.cpp:148
      return UPDI::chip_erase();
    }
    else {
      /* NOTE: AVRDUDE<=7.3 may pass the wrong M_TYPE. */
      /* For safety, only USERROW and BOOTROW are allowed to erase pages. */
      if (e_type == 0x07) {
    304e:	0e 94 94 0c 	call	0x1928	; 0x1928 <NVM::V6::erase_flash_page(unsigned long)>
/Users/askn/Develop/UPDI4AVR-USB/src/nvmv6.cpp:150
        /* XMEGA_ERASE_USERSIG */
        return erase_flash_page(packet.out.dwAddr);
    3052:	f1 cf       	rjmp	.-30     	; 0x3036 <NVM::V6::erase_memory()+0xa>
    3054:	81 e0       	ldi	r24, 0x01	; 1
    3056:	90 e0       	ldi	r25, 0x00	; 0
    3058:	08 95       	ret

0000305a <SYS::power_reset(bool, bool) [clone .part.6]>:
_ZN3SYS11power_resetEbb.part.6():
    305a:	88 23       	and	r24, r24
    305c:	49 f0       	breq	.+18     	; 0x3070 <SYS::power_reset(bool, bool) [clone .part.6]+0x16>
delay_millis():
    305e:	2f e7       	ldi	r18, 0x7F	; 127
    3060:	88 e3       	ldi	r24, 0x38	; 56
    3062:	91 e0       	ldi	r25, 0x01	; 1
    3064:	21 50       	subi	r18, 0x01	; 1
/Users/askn/Develop/UPDI4AVR-USB/src/nvmv6.cpp:155
      }
    }
    /* Page erase will not be used if received. */
    /* Instead, page erase is determined by the is_boundary_flash_page function. */
    return 1;
    3066:	80 40       	sbci	r24, 0x00	; 0
    3068:	90 40       	sbci	r25, 0x00	; 0
/Users/askn/Develop/UPDI4AVR-USB/src/nvmv6.cpp:156
  }
    306a:	e1 f7       	brne	.-8      	; 0x3064 <SYS::power_reset(bool, bool) [clone .part.6]+0xa>
/Users/askn/Develop/UPDI4AVR-USB/src/sys.cpp:296
      pinControlRegister(PIN_VCP_RXD)  &= ~PORT_PULLUPEN_bm;
  #endif
    }
    if (_on) {
  #ifdef CONFIG_PGM_VPOWER_ENABLE
      if (_off) delay_20ms();   /* discharge duration */
    306c:	00 c0       	rjmp	.+0      	; 0x306e <SYS::power_reset(bool, bool) [clone .part.6]+0x14>
    306e:	00 00       	nop
_ZN3SYS11power_resetEbb.part.6():
/Users/askn/Library/Arduino15/packages/MultiX-Zinnia/hardware/modernAVR/0.4.10/cores/modernAVR/api/delay_busywait.h:42
  }
}

void delay_millis (uint32_t _ms) {
  if (F_CPU >= 1000000L) {
    __builtin_avr_delay_cycles((F_CPU / 1000L) * _ms);
    3070:	6b 98       	cbi	0x0d, 3	; 13
    3072:	80 91 12 04 	lds	r24, 0x0412	; 0x800412 <__TEXT_REGION_LENGTH__+0x7f0412>
    3076:	88 60       	ori	r24, 0x08	; 8
    3078:	80 93 12 04 	sts	0x0412, r24	; 0x800412 <__TEXT_REGION_LENGTH__+0x7f0412>
    307c:	80 91 13 04 	lds	r24, 0x0413	; 0x800413 <__TEXT_REGION_LENGTH__+0x7f0413>
    3080:	88 60       	ori	r24, 0x08	; 8
/Users/askn/Develop/UPDI4AVR-USB/src/sys.cpp:297
      digitalWriteMacro(PIN_PGM_VPOWER, LOW);   /* VTG on */
    3082:	80 93 13 04 	sts	0x0413, r24	; 0x800413 <__TEXT_REGION_LENGTH__+0x7f0413>
/Users/askn/Develop/UPDI4AVR-USB/src/sys.cpp:298
      pinControlRegister(PIN_VCP_TXD)  |= PORT_PULLUPEN_bm;   /* internal shared TCLK */
    3086:	80 91 10 04 	lds	r24, 0x0410	; 0x800410 <__TEXT_REGION_LENGTH__+0x7f0410>
    308a:	88 60       	ori	r24, 0x08	; 8
    308c:	80 93 10 04 	sts	0x0410, r24	; 0x800410 <__TEXT_REGION_LENGTH__+0x7f0410>
/Users/askn/Develop/UPDI4AVR-USB/src/sys.cpp:299
      pinControlRegister(PIN_VCP_RXD)  |= PORT_PULLUPEN_bm;
    3090:	80 91 11 04 	lds	r24, 0x0411	; 0x800411 <__TEXT_REGION_LENGTH__+0x7f0411>
    3094:	88 60       	ori	r24, 0x08	; 8
    3096:	80 93 11 04 	sts	0x0411, r24	; 0x800411 <__TEXT_REGION_LENGTH__+0x7f0411>
/Users/askn/Develop/UPDI4AVR-USB/src/sys.cpp:300
      pinControlRegister(PIN_PGM_TDAT) |= PORT_PULLUPEN_bm;
    309a:	08 95       	ret

0000309c <SYS::power_reset(bool, bool)>:
power_reset():
    309c:	88 23       	and	r24, r24
    309e:	a9 f0       	breq	.+42     	; 0x30ca <SYS::power_reset(bool, bool)+0x2e>
    30a0:	6b 9a       	sbi	0x0d, 3	; 13
/Users/askn/Develop/UPDI4AVR-USB/src/sys.cpp:301
      pinControlRegister(PIN_PGM_TRST) |= PORT_PULLUPEN_bm;
    30a2:	90 91 11 04 	lds	r25, 0x0411	; 0x800411 <__TEXT_REGION_LENGTH__+0x7f0411>
    30a6:	97 7f       	andi	r25, 0xF7	; 247
    30a8:	90 93 11 04 	sts	0x0411, r25	; 0x800411 <__TEXT_REGION_LENGTH__+0x7f0411>
/Users/askn/Develop/UPDI4AVR-USB/src/sys.cpp:304
  #endif
    }
  }
    30ac:	90 91 10 04 	lds	r25, 0x0410	; 0x800410 <__TEXT_REGION_LENGTH__+0x7f0410>
/Users/askn/Develop/UPDI4AVR-USB/src/sys.cpp:282
  /*
   * Target Reset
   */

  WEAK void power_reset (bool _off, bool _on) {
    if (_off) {
    30b0:	97 7f       	andi	r25, 0xF7	; 247
/Users/askn/Develop/UPDI4AVR-USB/src/sys.cpp:284
  #ifdef CONFIG_PGM_VPOWER_ENABLE
      digitalWriteMacro(PIN_PGM_VPOWER, HIGH);  /* VTG off */
    30b2:	90 93 10 04 	sts	0x0410, r25	; 0x800410 <__TEXT_REGION_LENGTH__+0x7f0410>
/Users/askn/Develop/UPDI4AVR-USB/src/sys.cpp:288
      /* Temporarily disable the pullup to stop current leakage when VTG=OFF. */
      /* It would be easier to just set the pin output LOW,                   */
      /* but we do it this way because of possible conflicts.                 */
      pinControlRegister(PIN_PGM_TRST) &= ~PORT_PULLUPEN_bm;
    30b6:	90 91 12 04 	lds	r25, 0x0412	; 0x800412 <__TEXT_REGION_LENGTH__+0x7f0412>
    30ba:	97 7f       	andi	r25, 0xF7	; 247
    30bc:	90 93 12 04 	sts	0x0412, r25	; 0x800412 <__TEXT_REGION_LENGTH__+0x7f0412>
/Users/askn/Develop/UPDI4AVR-USB/src/sys.cpp:289
      pinControlRegister(PIN_PGM_TDAT) &= ~PORT_PULLUPEN_bm;
    30c0:	90 91 13 04 	lds	r25, 0x0413	; 0x800413 <__TEXT_REGION_LENGTH__+0x7f0413>
    30c4:	97 7f       	andi	r25, 0xF7	; 247
    30c6:	90 93 13 04 	sts	0x0413, r25	; 0x800413 <__TEXT_REGION_LENGTH__+0x7f0413>
/Users/askn/Develop/UPDI4AVR-USB/src/sys.cpp:290
      pinControlRegister(PIN_VCP_TXD)  &= ~PORT_PULLUPEN_bm;  /* internal shared TCLK */
    30ca:	61 11       	cpse	r22, r1
    30cc:	c6 cf       	rjmp	.-116    	; 0x305a <SYS::power_reset(bool, bool) [clone .part.6]>
    30ce:	08 95       	ret

000030d0 <TPI::connect()>:
connect():
    30d0:	cf 92       	push	r12
/Users/askn/Develop/UPDI4AVR-USB/src/sys.cpp:291
      pinControlRegister(PIN_VCP_RXD)  &= ~PORT_PULLUPEN_bm;
    30d2:	df 92       	push	r13
    30d4:	ef 92       	push	r14
    30d6:	ff 92       	push	r15
    30d8:	0f 93       	push	r16
    30da:	1f 93       	push	r17
/Users/askn/Develop/UPDI4AVR-USB/src/sys.cpp:294
  #endif
    }
    if (_on) {
    30dc:	cf 93       	push	r28
    30de:	df 93       	push	r29
    30e0:	00 d0       	rcall	.+0      	; 0x30e2 <TPI::connect()+0x12>
/Users/askn/Develop/UPDI4AVR-USB/src/sys.cpp:304
      pinControlRegister(PIN_VCP_RXD)  |= PORT_PULLUPEN_bm;
      pinControlRegister(PIN_PGM_TDAT) |= PORT_PULLUPEN_bm;
      pinControlRegister(PIN_PGM_TRST) |= PORT_PULLUPEN_bm;
  #endif
    }
  }
    30e2:	cd b7       	in	r28, 0x3d	; 61
/Users/askn/Develop/UPDI4AVR-USB/src/tpi.cpp:230
    return nvm_ctrl(0x00);
  }

  // MARK: TPI Session

  size_t connect (void) {
    30e4:	de b7       	in	r29, 0x3e	; 62
    30e6:	1f ba       	out	0x1f, r1	; 31
    30e8:	13 da       	rcall	.-3034   	; 0x2510 <USART::setup()>
    30ea:	ff 9a       	sbi	0x1f, 7	; 31
    30ec:	01 9a       	sbi	0x00, 1	; 0
    30ee:	80 91 55 63 	lds	r24, 0x6355	; 0x806355 <_jtag_vpow>
    30f2:	81 11       	cpse	r24, r1
    30f4:	05 c0       	rjmp	.+10     	; 0x3100 <TPI::connect()+0x30>
    30f6:	81 e0       	ldi	r24, 0x01	; 1
    30f8:	80 93 55 63 	sts	0x6355, r24	; 0x806355 <_jtag_vpow>
power_reset():
/Users/askn/Develop/UPDI4AVR-USB/src/tpi.cpp:232
    PGCONF = 0;
    USART::setup();
    30fc:	80 e0       	ldi	r24, 0x00	; 0
    30fe:	ad df       	rcall	.-166    	; 0x305a <SYS::power_reset(bool, bool) [clone .part.6]>
delay_micros():
/Users/askn/Develop/UPDI4AVR-USB/src/tpi.cpp:233
    bit_set(PGCONF, PGCONF_PGIF_bp);
    3100:	83 ed       	ldi	r24, 0xD3	; 211
/Users/askn/Develop/UPDI4AVR-USB/src/tpi.cpp:235

    pinLogicPull(PIN_PGM_TRST);
    3102:	90 e3       	ldi	r25, 0x30	; 48
/Users/askn/Develop/UPDI4AVR-USB/src/tpi.cpp:236
    if (_jtag_vpow == 0) {
    3104:	01 97       	sbiw	r24, 0x01	; 1
    3106:	f1 f7       	brne	.-4      	; 0x3104 <TPI::connect()+0x34>
    3108:	00 c0       	rjmp	.+0      	; 0x310a <TPI::connect()+0x3a>
    310a:	00 00       	nop
connect():
/Users/askn/Develop/UPDI4AVR-USB/src/tpi.cpp:237
      _jtag_vpow = 1;
    310c:	80 91 23 63 	lds	r24, 0x6323	; 0x806323 <_packet_length>
    3110:	90 91 24 63 	lds	r25, 0x6324	; 0x806324 <_packet_length+0x1>
    3114:	07 97       	sbiw	r24, 0x07	; 7
    3116:	20 f0       	brcs	.+8      	; 0x3120 <TPI::connect()+0x50>
/Users/askn/Library/Arduino15/packages/MultiX-Zinnia/hardware/modernAVR/0.4.10/cores/modernAVR/api/delay_busywait.h:33
static __inline__ __attribute__((__always_inline__)) void delay_micros (uint32_t _us);
static __inline__ __attribute__((__always_inline__)) void delay_millis (uint32_t _ms);

void delay_micros (uint32_t _us) {
  if (F_CPU >= 1000000L) {
    __builtin_avr_delay_cycles((F_CPU / 1000000L) * _us);
    3118:	80 91 0d 61 	lds	r24, 0x610D	; 0x80610d <packet+0x6>
    311c:	81 11       	cpse	r24, r1
    311e:	02 c0       	rjmp	.+4      	; 0x3124 <TPI::connect()+0x54>
    3120:	f6 9b       	sbis	0x1e, 6	; 30
/Users/askn/Develop/UPDI4AVR-USB/src/tpi.cpp:245
    SYS::delay_2500us();

    /* Called with `-xhvtpi` hvtpi_support */
    /* or SW0 holding start */
  #ifdef CONFIG_HVC_ENABLE
    if ((_packet_length > 6 && packet.out.tpi.bType) || bit_is_set(GPCONF, GPCONF_HLD_bp)) {
    3122:	1f c0       	rjmp	.+62     	; 0x3162 <TPI::connect()+0x92>
    3124:	01 98       	cbi	0x00, 1	; 0
hvc_enable():
    3126:	80 e6       	ldi	r24, 0x60	; 96
    3128:	80 93 01 0a 	sts	0x0A01, r24	; 0x800a01 <__TEXT_REGION_LENGTH__+0x7f0a01>
    312c:	10 92 21 0a 	sts	0x0A21, r1	; 0x800a21 <__TEXT_REGION_LENGTH__+0x7f0a21>
    3130:	81 e0       	ldi	r24, 0x01	; 1
    3132:	80 93 00 0a 	sts	0x0A00, r24	; 0x800a00 <__TEXT_REGION_LENGTH__+0x7f0a00>
delay_micros():
    3136:	e3 ef       	ldi	r30, 0xF3	; 243
/Users/askn/Develop/UPDI4AVR-USB/src/tpi.cpp:247
      /* External Reset : Activation High-Voltage mode */
      pinLogicOpen(PIN_PGM_TRST);
    3138:	f1 e0       	ldi	r31, 0x01	; 1
/Users/askn/Develop/UPDI4AVR-USB/src/sys.cpp:445
    return _adc_reading;
  }

  void hvc_enable (void) {
  #ifdef CONFIG_HVC_ENABLE
    TCA0_SPLIT_CTRLB = TCA_SPLIT_HCMP2EN_bm | TCA_SPLIT_HCMP1EN_bm;
    313a:	31 97       	sbiw	r30, 0x01	; 1
    313c:	f1 f7       	brne	.-4      	; 0x313a <TPI::connect()+0x6a>
    313e:	00 c0       	rjmp	.+0      	; 0x3140 <TPI::connect()+0x70>
/Users/askn/Develop/UPDI4AVR-USB/src/sys.cpp:446
    TCA0_SPLIT_HCNT  = 0;
    3140:	00 00       	nop
connect():
    3142:	69 9a       	sbi	0x0d, 1	; 13
/Users/askn/Develop/UPDI4AVR-USB/src/sys.cpp:447
    TCA0_SPLIT_CTRLA = TCA_SPLIT_ENABLE_bm | TCA_SPLIT_CLKSEL_DIV1_gc;
    3144:	82 e8       	ldi	r24, 0x82	; 130
    3146:	9b e0       	ldi	r25, 0x0B	; 11
    3148:	9f 93       	push	r25
/Users/askn/Library/Arduino15/packages/MultiX-Zinnia/hardware/modernAVR/0.4.10/cores/modernAVR/api/delay_busywait.h:33
    314a:	8f 93       	push	r24
    314c:	82 ed       	ldi	r24, 0xD2	; 210
    314e:	90 e6       	ldi	r25, 0x60	; 96
    3150:	9f 93       	push	r25
    3152:	8f 93       	push	r24
    3154:	0e 94 3e 0e 	call	0x1c7c	; 0x1c7c <Print::printf(PGM_t const*, ...) [clone .constprop.16]>
/Users/askn/Develop/UPDI4AVR-USB/src/tpi.cpp:250
      SYS::hvc_enable();
      digitalWriteMacro(PIN_HVC_SELECT2, HIGH);
      D1PRINTF("<HVEN>");
    3158:	fc 9a       	sbi	0x1f, 4	; 31
    315a:	0f 90       	pop	r0
    315c:	0f 90       	pop	r0
    315e:	0f 90       	pop	r0
    3160:	0f 90       	pop	r0
delay_millis():
    3162:	ff e1       	ldi	r31, 0x1F	; 31
    3164:	21 ea       	ldi	r18, 0xA1	; 161
    3166:	87 e0       	ldi	r24, 0x07	; 7
    3168:	f1 50       	subi	r31, 0x01	; 1
    316a:	20 40       	sbci	r18, 0x00	; 0
/Users/askn/Develop/UPDI4AVR-USB/src/tpi.cpp:251
      bit_set(PGCONF, PGCONF_HVEN_bp);
    316c:	80 40       	sbci	r24, 0x00	; 0
    316e:	e1 f7       	brne	.-8      	; 0x3168 <TPI::connect()+0x98>
    3170:	00 c0       	rjmp	.+0      	; 0x3172 <TPI::connect()+0xa2>
    3172:	00 00       	nop
change_tpi():
    3174:	1f b7       	in	r17, 0x3f	; 63
__iCliRetVal():
/Users/askn/Library/Arduino15/packages/MultiX-Zinnia/hardware/modernAVR/0.4.10/cores/modernAVR/api/delay_busywait.h:42
  }
}

void delay_millis (uint32_t _ms) {
  if (F_CPU >= 1000000L) {
    __builtin_avr_delay_cycles((F_CPU / 1000L) * _ms);
    3176:	f8 94       	cli
change_tpi():
    3178:	80 e1       	ldi	r24, 0x10	; 16
    317a:	80 93 e2 05 	sts	0x05E2, r24	; 0x8005e2 <__TEXT_REGION_LENGTH__+0x7f05e2>
    317e:	80 e8       	ldi	r24, 0x80	; 128
    3180:	80 93 12 04 	sts	0x0412, r24	; 0x800412 <__TEXT_REGION_LENGTH__+0x7f0412>
    3184:	02 9a       	sbi	0x00, 2	; 0
    3186:	80 e2       	ldi	r24, 0x20	; 32
/Users/askn/Develop/UPDI4AVR-USB/src/usart.cpp:108
  }

  /*** Set up single-wire synchronous mode for TPI operation. ***/
  /* The VCD-TxD is repurposed to transmit the synchronous clock. */
  void change_tpi (void) {
    ATOMIC_BLOCK(ATOMIC_RESTORESTATE) {
    3188:	80 93 04 08 	sts	0x0804, r24	; 0x800804 <__TEXT_REGION_LENGTH__+0x7f0804>
/Users/askn/Develop/UPDI4AVR-USB/src/usart.cpp:109
      PORTMUX_USARTROUTEA = PORTMUX_USART_PGM;
    318c:	80 e0       	ldi	r24, 0x00	; 0
    318e:	9a e0       	ldi	r25, 0x0A	; 10
    3190:	80 93 08 08 	sts	0x0808, r24	; 0x800808 <__TEXT_REGION_LENGTH__+0x7f0808>
/Users/askn/Develop/UPDI4AVR-USB/src/usart.cpp:110
      pinControlRegister(PIN_PGM_TCLK) = PORT_INVEN_bm;
    3194:	90 93 09 08 	sts	0x0809, r25	; 0x800809 <__TEXT_REGION_LENGTH__+0x7f0809>
/Users/askn/Develop/UPDI4AVR-USB/src/usart.cpp:111
      pinLogicPull(PIN_PGM_TCLK);   /* CONFIG_PGM_TYPE!=1 is internal shared VTxD */
    3198:	8b e6       	ldi	r24, 0x6B	; 107
/Users/askn/Develop/UPDI4AVR-USB/src/usart.cpp:112
      USART0_STATUS = USART_DREIF_bm;
    319a:	80 93 07 08 	sts	0x0807, r24	; 0x800807 <__TEXT_REGION_LENGTH__+0x7f0807>
    319e:	8a e0       	ldi	r24, 0x0A	; 10
/Users/askn/Develop/UPDI4AVR-USB/src/usart.cpp:113
      USART0_BAUD  = sync_baud_khz(TPI_CLK);
    31a0:	80 93 05 08 	sts	0x0805, r24	; 0x800805 <__TEXT_REGION_LENGTH__+0x7f0805>
    31a4:	88 ec       	ldi	r24, 0xC8	; 200
    31a6:	80 93 06 08 	sts	0x0806, r24	; 0x800806 <__TEXT_REGION_LENGTH__+0x7f0806>
    31aa:	80 91 08 08 	lds	r24, 0x0808	; 0x800808 <__TEXT_REGION_LENGTH__+0x7f0808>
/Users/askn/Develop/UPDI4AVR-USB/src/usart.cpp:114
      USART0_CTRLC = USART_CHSIZE_8BIT_gc | USART_PMODE_EVEN_gc | USART_CMODE_SYNCHRONOUS_gc | USART_SBMODE_2BIT_gc;
    31ae:	90 91 09 08 	lds	r25, 0x0809	; 0x800809 <__TEXT_REGION_LENGTH__+0x7f0809>
/Users/askn/Develop/UPDI4AVR-USB/src/usart.cpp:115
      USART0_CTRLA = USART_LBME_bm | USART_RS485_INT_gc;
    31b2:	9f 93       	push	r25
    31b4:	8f 93       	push	r24
    31b6:	82 e5       	ldi	r24, 0x52	; 82
/Users/askn/Develop/UPDI4AVR-USB/src/usart.cpp:116
      USART0_CTRLB = USART_RXEN_bm | USART_TXEN_bm | USART_ODME_bm;
    31b8:	9b e0       	ldi	r25, 0x0B	; 11
    31ba:	9f 93       	push	r25
    31bc:	8f 93       	push	r24
/Users/askn/Develop/UPDI4AVR-USB/src/usart.cpp:117
      D1PRINTF(" USART=TPI BAUD=%04X\r\n", USART0_BAUD);
    31be:	82 ed       	ldi	r24, 0xD2	; 210
    31c0:	90 e6       	ldi	r25, 0x60	; 96
    31c2:	9f 93       	push	r25
    31c4:	8f 93       	push	r24
    31c6:	0e 94 3e 0e 	call	0x1c7c	; 0x1c7c <Print::printf(PGM_t const*, ...) [clone .constprop.16]>
__iRestore():
    31ca:	1f bf       	out	0x3f, r17	; 63
connect():
    31cc:	84 e1       	ldi	r24, 0x14	; 20
    31ce:	90 e0       	ldi	r25, 0x00	; 0
    31d0:	0e 94 99 0a 	call	0x1532	; 0x1532 <TPI::idle_clock(unsigned int)>
set_sstcs():
    31d4:	82 ec       	ldi	r24, 0xC2	; 194
    31d6:	0e 94 d9 07 	call	0xfb2	; 0xfb2 <PDI::send(unsigned char)>
    31da:	0f 90       	pop	r0
    31dc:	0f 90       	pop	r0
/Users/askn/Library/Arduino15/packages/MultiX-Zinnia/tools/avr8-gcc/7.3.0-avr8-gnu-toolchain/avr/include/util/atomic.h:70
    31de:	0f 90       	pop	r0
/Users/askn/Develop/UPDI4AVR-USB/src/tpi.cpp:260
    /* Required rest time after PoR, 32-128 ms */
    SYS::delay_125ms();

    /*** Activate clock ***/
    USART::change_tpi();
    idle_clock(20);
    31e0:	0f 90       	pop	r0
    31e2:	0f 90       	pop	r0
    31e4:	0f 90       	pop	r0
    31e6:	81 11       	cpse	r24, r1
/Users/askn/Develop/UPDI4AVR-USB/src/tpi.cpp:74
    return send(0x80 | _addr) && recv();
  }

  bool set_sstcs (const uint8_t _addr, const uint8_t _data) {
    D2PRINTF("[SSTCS:%02X:%02X]\r\n", _addr, _data);
    return send(0xC0 | _addr) && send(_data);
    31e8:	0d c0       	rjmp	.+26     	; 0x3204 <TPI::connect()+0x134>
connect():
    31ea:	90 e0       	ldi	r25, 0x00	; 0
    31ec:	80 e0       	ldi	r24, 0x00	; 0
    31ee:	0f 90       	pop	r0
    31f0:	0f 90       	pop	r0
    31f2:	df 91       	pop	r29
    31f4:	cf 91       	pop	r28
    31f6:	1f 91       	pop	r17
    31f8:	0f 91       	pop	r16
    31fa:	ff 90       	pop	r15
    31fc:	ef 90       	pop	r14
/Users/askn/Develop/UPDI4AVR-USB/src/tpi.cpp:263
    /*** Activate clock ***/
    USART::change_tpi();
    idle_clock(20);

    /*** Set TPIPCR Guard Time ****/
    if (!set_sstcs(0x02, TPI_GVAL)) return 0;
    31fe:	df 90       	pop	r13
    3200:	cf 90       	pop	r12
/Users/askn/Develop/UPDI4AVR-USB/src/tpi.cpp:305
          bit_set(PGCONF, PGCONF_PROG_bp);
          return 1;
        }
      }
    } while (true);
  }
    3202:	08 95       	ret
set_sstcs():
    3204:	85 e0       	ldi	r24, 0x05	; 5
    3206:	0e 94 56 0a 	call	0x14ac	; 0x14ac <PDI::send_byte(unsigned char) [clone .part.4]>
connect():
    320a:	88 23       	and	r24, r24
    320c:	71 f3       	breq	.-36     	; 0x31ea <TPI::connect()+0x11a>
get_sldcs():
    320e:	8f e8       	ldi	r24, 0x8F	; 143
    3210:	0e 94 d9 07 	call	0xfb2	; 0xfb2 <PDI::send(unsigned char)>
    3214:	88 23       	and	r24, r24
    3216:	d9 f3       	breq	.-10     	; 0x320e <TPI::connect()+0x13e>
    3218:	0e 94 d8 07 	call	0xfb0	; 0xfb0 <PDI::recv_byte() [clone .part.3]>
connect():
    321c:	88 23       	and	r24, r24
/Users/askn/Develop/UPDI4AVR-USB/src/tpi.cpp:263
    /*** Activate clock ***/
    USART::change_tpi();
    idle_clock(20);

    /*** Set TPIPCR Guard Time ****/
    if (!set_sstcs(0x02, TPI_GVAL)) return 0;
    321e:	b9 f3       	breq	.-18     	; 0x320e <TPI::connect()+0x13e>
    3220:	8d b3       	in	r24, 0x1d	; 29
/Users/askn/Develop/UPDI4AVR-USB/src/tpi.cpp:69

  /*** TPI control and CSS area command ***/

  bool get_sldcs (const uint8_t _addr) {
    D2PRINTF("[SLDCS:%02X]\r\n", _addr);
    return send(0x80 | _addr) && recv();
    3222:	80 38       	cpi	r24, 0x80	; 128
    3224:	a1 f7       	brne	.-24     	; 0x320e <TPI::connect()+0x13e>
    3226:	f8 9a       	sbi	0x1f, 0	; 31
    3228:	ff 98       	cbi	0x1f, 7	; 31
    322a:	8a e7       	ldi	r24, 0x7A	; 122
    322c:	e8 2e       	mov	r14, r24
    322e:	8b e0       	ldi	r24, 0x0B	; 11
/Users/askn/Develop/UPDI4AVR-USB/src/tpi.cpp:266

    /*** Set TPIPCR Guard Time ****/
    if (!set_sstcs(0x02, TPI_GVAL)) return 0;

    /*** Check TPIIR code : Fixed 0x80 ***/
    while (!(get_sldcs(0x0F) && (RXDATA == 0x80)));
    3230:	f8 2e       	mov	r15, r24
    3232:	92 ed       	ldi	r25, 0xD2	; 210
    3234:	c9 2e       	mov	r12, r25
    3236:	90 e6       	ldi	r25, 0x60	; 96
    3238:	d9 2e       	mov	r13, r25
/Users/askn/Develop/UPDI4AVR-USB/src/tpi.cpp:267
    bit_set(PGCONF, PGCONF_PGIA_bp);
    323a:	ff 92       	push	r15
/Users/askn/Develop/UPDI4AVR-USB/src/tpi.cpp:268
    bit_clear(PGCONF, PGCONF_PGIF_bp);
    323c:	ef 92       	push	r14
/Users/askn/Develop/UPDI4AVR-USB/src/tpi.cpp:272

    /*** Activate NVMPROG mode ***/
    do {
      D1PRINTF(" SKEY\r\n");
    323e:	df 92       	push	r13
    3240:	cf 92       	push	r12
    3242:	0e 94 3e 0e 	call	0x1c7c	; 0x1c7c <Print::printf(PGM_t const*, ...) [clone .constprop.16]>
    3246:	03 e5       	ldi	r16, 0x53	; 83
    3248:	10 e6       	ldi	r17, 0x60	; 96
    324a:	0f 90       	pop	r0
    324c:	0f 90       	pop	r0
    324e:	0f 90       	pop	r0
    3250:	0f 90       	pop	r0
    3252:	f8 01       	movw	r30, r16
    3254:	81 91       	ld	r24, Z+
    3256:	8f 01       	movw	r16, r30
    3258:	0e 94 d9 07 	call	0xfb2	; 0xfb2 <PDI::send(unsigned char)>
    325c:	88 23       	and	r24, r24
    325e:	29 f2       	breq	.-118    	; 0x31ea <TPI::connect()+0x11a>
    3260:	f0 e6       	ldi	r31, 0x60	; 96
    3262:	0c 35       	cpi	r16, 0x5C	; 92
    3264:	1f 07       	cpc	r17, r31
/Users/askn/Develop/UPDI4AVR-USB/src/tpi.cpp:274
      for (uint8_t i = 0; i < (uint8_t)sizeof(nvmprog_key); i++) {
        if (!send(nvmprog_key[i])) return 0;
    3266:	a9 f7       	brne	.-22     	; 0x3252 <TPI::connect()+0x182>
    3268:	18 e0       	ldi	r17, 0x08	; 8
    326a:	84 e1       	ldi	r24, 0x14	; 20
    326c:	90 e0       	ldi	r25, 0x00	; 0
    326e:	0e 94 99 0a 	call	0x1532	; 0x1532 <TPI::idle_clock(unsigned int)>
get_sldcs():
    3272:	80 e8       	ldi	r24, 0x80	; 128
/Users/askn/Develop/UPDI4AVR-USB/src/tpi.cpp:273
    bit_clear(PGCONF, PGCONF_PGIF_bp);

    /*** Activate NVMPROG mode ***/
    do {
      D1PRINTF(" SKEY\r\n");
      for (uint8_t i = 0; i < (uint8_t)sizeof(nvmprog_key); i++) {
    3274:	0e 94 d9 07 	call	0xfb2	; 0xfb2 <PDI::send(unsigned char)>
    3278:	81 11       	cpse	r24, r1
    327a:	03 c0       	rjmp	.+6      	; 0x3282 <TPI::connect()+0x1b2>
    327c:	11 50       	subi	r17, 0x01	; 1
connect():
/Users/askn/Develop/UPDI4AVR-USB/src/tpi.cpp:277
        if (!send(nvmprog_key[i])) return 0;
      }
      for (uint8_t _i = 0; _i < 8; _i++) {
        idle_clock(20);
    327e:	a9 f7       	brne	.-22     	; 0x326a <TPI::connect()+0x19a>
    3280:	dc cf       	rjmp	.-72     	; 0x323a <TPI::connect()+0x16a>
get_sldcs():
    3282:	0e 94 d8 07 	call	0xfb0	; 0xfb0 <PDI::recv_byte() [clone .part.3]>
connect():
/Users/askn/Develop/UPDI4AVR-USB/src/tpi.cpp:69

  /*** TPI control and CSS area command ***/

  bool get_sldcs (const uint8_t _addr) {
    D2PRINTF("[SLDCS:%02X]\r\n", _addr);
    return send(0x80 | _addr) && recv();
    3286:	88 23       	and	r24, r24
    3288:	c9 f3       	breq	.-14     	; 0x327c <TPI::connect()+0x1ac>
    328a:	8d b3       	in	r24, 0x1d	; 29
    328c:	82 30       	cpi	r24, 0x02	; 2
    328e:	b1 f7       	brne	.-20     	; 0x327c <TPI::connect()+0x1ac>
    3290:	19 82       	std	Y+1, r1	; 0x01
/Users/askn/Develop/UPDI4AVR-USB/src/tpi.cpp:276
    do {
      D1PRINTF(" SKEY\r\n");
      for (uint8_t i = 0; i < (uint8_t)sizeof(nvmprog_key); i++) {
        if (!send(nvmprog_key[i])) return 0;
      }
      for (uint8_t _i = 0; _i < 8; _i++) {
    3292:	1a 82       	std	Y+2, r1	; 0x02
    3294:	81 ec       	ldi	r24, 0xC1	; 193
    3296:	9f e3       	ldi	r25, 0x3F	; 63
    3298:	0e 94 81 0a 	call	0x1502	; 0x1502 <TPI::set_sstpr(unsigned int)>
/Users/askn/Develop/UPDI4AVR-USB/src/tpi.cpp:278
        idle_clock(20);
        if (get_sldcs(0x00) && RXDATA == 0x02) {  /* get TPISR */
    329c:	88 23       	and	r24, r24
    329e:	81 f1       	breq	.+96     	; 0x3300 <TPI::connect()+0x230>
    32a0:	0e 94 7b 0a 	call	0x14f6	; 0x14f6 <TPI::get_sld()>
/Users/askn/Develop/UPDI4AVR-USB/src/tpi.cpp:291
          * Other is written in 1 word chunks.
          *
          * The original PICKit4 probably does the same thing,
          * since the JTAG3 protocol does not include these notifications.
          */
          uint16_t _signature = 0;
    32a4:	88 23       	and	r24, r24
    32a6:	61 f1       	breq	.+88     	; 0x3300 <TPI::connect()+0x230>
/Users/askn/Develop/UPDI4AVR-USB/src/tpi.cpp:292
          if (set_sstpr(0x3FC1) && get_sld()) {
    32a8:	8d b3       	in	r24, 0x1d	; 29
    32aa:	8a 83       	std	Y+2, r24	; 0x02
    32ac:	0e 94 7b 0a 	call	0x14f6	; 0x14f6 <TPI::get_sld()>
    32b0:	88 23       	and	r24, r24
    32b2:	11 f0       	breq	.+4      	; 0x32b8 <TPI::connect()+0x1e8>
    32b4:	8d b3       	in	r24, 0x1d	; 29
    32b6:	89 83       	std	Y+1, r24	; 0x01
    32b8:	29 81       	ldd	r18, Y+1	; 0x01
    32ba:	3a 81       	ldd	r19, Y+2	; 0x02
/Users/askn/Develop/UPDI4AVR-USB/src/tpi.cpp:293
            _CAPS16(_signature)->bytes[1] = RXDATA;
    32bc:	2e 30       	cpi	r18, 0x0E	; 14
    32be:	82 e9       	ldi	r24, 0x92	; 146
/Users/askn/Develop/UPDI4AVR-USB/src/tpi.cpp:294
            if (get_sld()) _CAPS16(_signature)->bytes[0] = RXDATA;
    32c0:	38 07       	cpc	r19, r24
    32c2:	39 f0       	breq	.+14     	; 0x32d2 <TPI::connect()+0x202>
    32c4:	84 e0       	ldi	r24, 0x04	; 4
    32c6:	2f 30       	cpi	r18, 0x0F	; 15
    32c8:	91 e9       	ldi	r25, 0x91	; 145
    32ca:	39 07       	cpc	r19, r25
/Users/askn/Develop/UPDI4AVR-USB/src/tpi.cpp:296
          }
          _tpi_chunks = _signature == 0x920E ? 8  /* ATtiny40 */
    32cc:	19 f0       	breq	.+6      	; 0x32d4 <TPI::connect()+0x204>
    32ce:	82 e0       	ldi	r24, 0x02	; 2
    32d0:	01 c0       	rjmp	.+2      	; 0x32d4 <TPI::connect()+0x204>
    32d2:	88 e0       	ldi	r24, 0x08	; 8
    32d4:	80 93 05 61 	sts	0x6105, r24	; 0x806105 <_tpi_chunks>
    32d8:	1f 92       	push	r1
    32da:	8f 93       	push	r24
    32dc:	3f 93       	push	r19
    32de:	2f 93       	push	r18
    32e0:	89 e6       	ldi	r24, 0x69	; 105
    32e2:	9b e0       	ldi	r25, 0x0B	; 11
    32e4:	9f 93       	push	r25
    32e6:	8f 93       	push	r24
    32e8:	82 ed       	ldi	r24, 0xD2	; 210
    32ea:	90 e6       	ldi	r25, 0x60	; 96
/Users/askn/Develop/UPDI4AVR-USB/src/tpi.cpp:299
                      : _signature == 0x910F ? 4  /* ATtiny20 */
                      : 2;                        /* Othres   */
          D1PRINTF(" SIG>%04X:%02X\r\n", _signature, _tpi_chunks);
    32ec:	9f 93       	push	r25
    32ee:	8f 93       	push	r24
    32f0:	0e 94 3e 0e 	call	0x1c7c	; 0x1c7c <Print::printf(PGM_t const*, ...) [clone .constprop.16]>
    32f4:	f9 9a       	sbi	0x1f, 1	; 31
    32f6:	cd bf       	out	0x3d, r28	; 61
    32f8:	de bf       	out	0x3e, r29	; 62
    32fa:	81 e0       	ldi	r24, 0x01	; 1
    32fc:	90 e0       	ldi	r25, 0x00	; 0
    32fe:	77 cf       	rjmp	.-274    	; 0x31ee <TPI::connect()+0x11e>
    3300:	29 81       	ldd	r18, Y+1	; 0x01
    3302:	3a 81       	ldd	r19, Y+2	; 0x02
    3304:	e4 cf       	rjmp	.-56     	; 0x32ce <TPI::connect()+0x1fe>

00003306 <PDI::connect()>:
    3306:	04 d9       	rcall	.-3576   	; 0x2510 <USART::setup()>
/Users/askn/Develop/UPDI4AVR-USB/src/tpi.cpp:300
          bit_set(PGCONF, PGCONF_PROG_bp);
    3308:	ff 9a       	sbi	0x1f, 7	; 31
    330a:	10 92 14 04 	sts	0x0414, r1	; 0x800414 <__TEXT_REGION_LENGTH__+0x7f0414>
/Users/askn/Develop/UPDI4AVR-USB/src/tpi.cpp:301
          return 1;
    330e:	0c 98       	cbi	0x01, 4	; 1
    3310:	04 9a       	sbi	0x00, 4	; 0
    3312:	06 9a       	sbi	0x00, 6	; 0
/Users/askn/Develop/UPDI4AVR-USB/src/tpi.cpp:296
          uint16_t _signature = 0;
          if (set_sstpr(0x3FC1) && get_sld()) {
            _CAPS16(_signature)->bytes[1] = RXDATA;
            if (get_sld()) _CAPS16(_signature)->bytes[0] = RXDATA;
          }
          _tpi_chunks = _signature == 0x920E ? 8  /* ATtiny40 */
    3314:	80 91 55 63 	lds	r24, 0x6355	; 0x806355 <_jtag_vpow>
    3318:	81 11       	cpse	r24, r1
/Users/askn/Develop/UPDI4AVR-USB/src/pdi.cpp:332
      0xC2, PDI_GVAL,   /* Set GUADTIME in ASI_CTRL */
      0xC1, 0x59,       /* SYSRST */
      0x82              /* Read back ASI_CTRL */
    };

    USART::setup();
    331a:	05 c0       	rjmp	.+10     	; 0x3326 <PDI::connect()+0x20>
    331c:	81 e0       	ldi	r24, 0x01	; 1
/Users/askn/Develop/UPDI4AVR-USB/src/pdi.cpp:333
    bit_set(PGCONF, PGCONF_PGIF_bp);
    331e:	80 93 55 63 	sts	0x6355, r24	; 0x806355 <_jtag_vpow>
power_reset():
/Users/askn/Develop/UPDI4AVR-USB/src/pdi.cpp:334
    pinControlRegister(PIN_PGM_PDAT) = 0;
    3322:	80 e0       	ldi	r24, 0x00	; 0
/Users/askn/Develop/UPDI4AVR-USB/src/pdi.cpp:336

    digitalWriteMacro(PIN_PGM_PDAT, LOW);
    3324:	9a de       	rcall	.-716    	; 0x305a <SYS::power_reset(bool, bool) [clone .part.6]>
connect():
/Users/askn/Develop/UPDI4AVR-USB/src/pdi.cpp:337
    pinLogicPull(PIN_PGM_PDAT);
    3326:	0c 9a       	sbi	0x01, 4	; 1
delay_micros():
/Users/askn/Develop/UPDI4AVR-USB/src/pdi.cpp:338
    pinLogicPull(PIN_PGM_PCLK);
    3328:	82 e1       	ldi	r24, 0x12	; 18
/Users/askn/Develop/UPDI4AVR-USB/src/pdi.cpp:339
    if (_jtag_vpow == 0) {
    332a:	91 e0       	ldi	r25, 0x01	; 1
    332c:	01 97       	sbiw	r24, 0x01	; 1
    332e:	f1 f7       	brne	.-4      	; 0x332c <PDI::connect()+0x26>
    3330:	00 c0       	rjmp	.+0      	; 0x3332 <PDI::connect()+0x2c>
/Users/askn/Develop/UPDI4AVR-USB/src/pdi.cpp:340
      _jtag_vpow = 1;
    3332:	00 00       	nop
connect():
    3334:	0e 94 62 0e 	call	0x1cc4	; 0x1cc4 <USART::change_pdi()>
    3338:	80 e1       	ldi	r24, 0x10	; 16
    333a:	90 e0       	ldi	r25, 0x00	; 0
    333c:	0e 94 66 0b 	call	0x16cc	; 0x16cc <PDI::idle_clock(unsigned int)>
/Users/askn/Library/Arduino15/packages/MultiX-Zinnia/hardware/modernAVR/0.4.10/cores/modernAVR/api/delay_busywait.h:33
static __inline__ __attribute__((__always_inline__)) void delay_micros (uint32_t _us);
static __inline__ __attribute__((__always_inline__)) void delay_millis (uint32_t _ms);

void delay_micros (uint32_t _us) {
  if (F_CPU >= 1000000L) {
    __builtin_avr_delay_cycles((F_CPU / 1000000L) * _us);
    3340:	65 e0       	ldi	r22, 0x05	; 5
    3342:	70 e0       	ldi	r23, 0x00	; 0
    3344:	8a e4       	ldi	r24, 0x4A	; 74
    3346:	90 e6       	ldi	r25, 0x60	; 96
    3348:	0e 94 a7 0b 	call	0x174e	; 0x174e <PDI::send_bytes(unsigned char const*, unsigned int)>
/Users/askn/Develop/UPDI4AVR-USB/src/pdi.cpp:347
    }
    digitalWriteMacro(PIN_PGM_PDAT, HIGH);
    SYS::delay_55us();

    /* Send at least a certain number of IDLE bits to PCLK within 100us after PoR. */
    USART::change_pdi();
    334c:	81 11       	cpse	r24, r1
/Users/askn/Develop/UPDI4AVR-USB/src/pdi.cpp:348
    idle_clock(16);
    334e:	05 c0       	rjmp	.+10     	; 0x335a <PDI::connect()+0x54>
    3350:	0e 94 5c 0c 	call	0x18b8	; 0x18b8 <PDI::send_break()>
    3354:	0e 94 5c 0c 	call	0x18b8	; 0x18b8 <PDI::send_break()>
/Users/askn/Develop/UPDI4AVR-USB/src/pdi.cpp:350

    while (!(send_bytes(_init, sizeof(_init)) && recv_byte() && RXDATA == PDI_GVAL)) {
    3358:	f3 cf       	rjmp	.-26     	; 0x3340 <PDI::connect()+0x3a>
    335a:	0e 94 83 0b 	call	0x1706	; 0x1706 <PDI::recv_byte()>
    335e:	88 23       	and	r24, r24
    3360:	b9 f3       	breq	.-18     	; 0x3350 <PDI::connect()+0x4a>
    3362:	8d b3       	in	r24, 0x1d	; 29
    3364:	85 30       	cpi	r24, 0x05	; 5
/Users/askn/Develop/UPDI4AVR-USB/src/pdi.cpp:351
      send_break();
    3366:	a1 f7       	brne	.-24     	; 0x3350 <PDI::connect()+0x4a>
    3368:	8d b3       	in	r24, 0x1d	; 29
/Users/askn/Develop/UPDI4AVR-USB/src/pdi.cpp:352
      send_break();
    336a:	1f 92       	push	r1
    336c:	8f 93       	push	r24
    336e:	8f e8       	ldi	r24, 0x8F	; 143
/Users/askn/Develop/UPDI4AVR-USB/src/pdi.cpp:350

    /* Send at least a certain number of IDLE bits to PCLK within 100us after PoR. */
    USART::change_pdi();
    idle_clock(16);

    while (!(send_bytes(_init, sizeof(_init)) && recv_byte() && RXDATA == PDI_GVAL)) {
    3370:	9a e0       	ldi	r25, 0x0A	; 10
    3372:	9f 93       	push	r25
    3374:	8f 93       	push	r24
    3376:	82 ed       	ldi	r24, 0xD2	; 210
    3378:	90 e6       	ldi	r25, 0x60	; 96
    337a:	9f 93       	push	r25
    337c:	8f 93       	push	r24
/Users/askn/Develop/UPDI4AVR-USB/src/pdi.cpp:355
      send_break();
      send_break();
    }

    D1PRINTF("  PDI_ON:GVAL=%02X\r\n", RXDATA);
    337e:	0e 94 3e 0e 	call	0x1c7c	; 0x1c7c <Print::printf(PGM_t const*, ...) [clone .constprop.16]>
    3382:	f8 9a       	sbi	0x1f, 0	; 31
    3384:	ff 98       	cbi	0x1f, 7	; 31
    3386:	0f 90       	pop	r0
    3388:	0f 90       	pop	r0
    338a:	0f 90       	pop	r0
    338c:	0f 90       	pop	r0
    338e:	0f 90       	pop	r0
    3390:	0f 90       	pop	r0
    3392:	81 e0       	ldi	r24, 0x01	; 1
    3394:	90 e0       	ldi	r25, 0x00	; 0
    3396:	08 95       	ret

00003398 <ISP::connect()>:
/Users/askn/Develop/UPDI4AVR-USB/src/pdi.cpp:356
    bit_set(PGCONF, PGCONF_PGIA_bp);
    3398:	20 91 84 63 	lds	r18, 0x6384	; 0x806384 <_xclk>
/Users/askn/Develop/UPDI4AVR-USB/src/pdi.cpp:358
    bit_clear(PGCONF, PGCONF_PGIF_bp);
    return 1;
    339c:	30 91 85 63 	lds	r19, 0x6385	; 0x806385 <_xclk+0x1>
    33a0:	50 e0       	ldi	r21, 0x00	; 0
    33a2:	40 e0       	ldi	r20, 0x00	; 0
    33a4:	60 e1       	ldi	r22, 0x10	; 16
    33a6:	77 e2       	ldi	r23, 0x27	; 39
/Users/askn/Develop/UPDI4AVR-USB/src/pdi.cpp:359
  }
    33a8:	80 e0       	ldi	r24, 0x00	; 0
    33aa:	90 e0       	ldi	r25, 0x00	; 0
    33ac:	0e 94 6b 35 	call	0x6ad6	; 0x6ad6 <__divmodsi4>
/Users/askn/Develop/UPDI4AVR-USB/src/isp.cpp:303
  size_t connect (void) {
    int _ret;

    /* Bit-banging accuracy */
    uint8_t _period = TCA_SPLIT_ENABLE_bm | TCA_SPLIT_CLKSEL_DIV1_gc;
    _ret = (F_CPU / 2000) / _xclk;
    33b0:	82 2f       	mov	r24, r18
    33b2:	63 2f       	mov	r22, r19
    33b4:	e3 2f       	mov	r30, r19
    33b6:	ff 27       	eor	r31, r31
    33b8:	e7 fd       	sbrc	r30, 7
    33ba:	fa 95       	dec	r31
    33bc:	91 e0       	ldi	r25, 0x01	; 1
    33be:	30 97       	sbiw	r30, 0x00	; 0
    33c0:	91 f0       	breq	.+36     	; 0x33e6 <ISP::connect()+0x4e>
    33c2:	c9 01       	movw	r24, r18
    33c4:	44 e0       	ldi	r20, 0x04	; 4
    33c6:	95 95       	asr	r25
    33c8:	87 95       	ror	r24
/Users/askn/Develop/UPDI4AVR-USB/src/isp.cpp:305
    if (_ret < 0) _ret = 6;
    else if (_ret >> 8) {
    33ca:	4a 95       	dec	r20
    33cc:	e1 f7       	brne	.-8      	; 0x33c6 <ISP::connect()+0x2e>
    33ce:	20 e1       	ldi	r18, 0x10	; 16
    33d0:	32 02       	muls	r19, r18
/Users/askn/Develop/UPDI4AVR-USB/src/isp.cpp:302
   */
  size_t connect (void) {
    int _ret;

    /* Bit-banging accuracy */
    uint8_t _period = TCA_SPLIT_ENABLE_bm | TCA_SPLIT_CLKSEL_DIV1_gc;
    33d2:	21 2d       	mov	r18, r1
/Users/askn/Develop/UPDI4AVR-USB/src/isp.cpp:305
    _ret = (F_CPU / 2000) / _xclk;
    if (_ret < 0) _ret = 6;
    else if (_ret >> 8) {
    33d4:	33 0b       	sbc	r19, r19
    33d6:	11 24       	eor	r1, r1
/Users/askn/Develop/UPDI4AVR-USB/src/isp.cpp:306
      _ret >>= 4;
    33d8:	69 2f       	mov	r22, r25
    33da:	99 e0       	ldi	r25, 0x09	; 9
    33dc:	23 2b       	or	r18, r19
    33de:	19 f0       	breq	.+6      	; 0x33e6 <ISP::connect()+0x4e>
    33e0:	8e 2f       	mov	r24, r30
    33e2:	6f 2f       	mov	r22, r31
/Users/askn/Develop/UPDI4AVR-USB/src/isp.cpp:308
      _period = TCA_SPLIT_ENABLE_bm | TCA_SPLIT_CLKSEL_DIV16_gc;
      if (_ret >> 8) {
    33e4:	9d e0       	ldi	r25, 0x0D	; 13
    33e6:	10 92 00 0a 	sts	0x0A00, r1	; 0x800a00 <__TEXT_REGION_LENGTH__+0x7f0a00>
    33ea:	10 92 01 0a 	sts	0x0A01, r1	; 0x800a01 <__TEXT_REGION_LENGTH__+0x7f0a01>
/Users/askn/Develop/UPDI4AVR-USB/src/isp.cpp:306
    /* Bit-banging accuracy */
    uint8_t _period = TCA_SPLIT_ENABLE_bm | TCA_SPLIT_CLKSEL_DIV1_gc;
    _ret = (F_CPU / 2000) / _xclk;
    if (_ret < 0) _ret = 6;
    else if (_ret >> 8) {
      _ret >>= 4;
    33ee:	2f ef       	ldi	r18, 0xFF	; 255
/Users/askn/Develop/UPDI4AVR-USB/src/isp.cpp:307
      _period = TCA_SPLIT_ENABLE_bm | TCA_SPLIT_CLKSEL_DIV16_gc;
    33f0:	28 0f       	add	r18, r24
/Users/askn/Develop/UPDI4AVR-USB/src/isp.cpp:308
      if (_ret >> 8) {
    33f2:	20 93 20 0a 	sts	0x0A20, r18	; 0x800a20 <__TEXT_REGION_LENGTH__+0x7f0a20>
    33f6:	20 93 26 0a 	sts	0x0A26, r18	; 0x800a26 <__TEXT_REGION_LENGTH__+0x7f0a26>
/Users/askn/Develop/UPDI4AVR-USB/src/isp.cpp:310
        _ret >>= 4;
        _period = TCA_SPLIT_ENABLE_bm | TCA_SPLIT_CLKSEL_DIV256_gc;
    33fa:	90 93 00 0a 	sts	0x0A00, r25	; 0x800a00 <__TEXT_REGION_LENGTH__+0x7f0a00>
/Users/askn/Develop/UPDI4AVR-USB/src/isp.cpp:316
        if (_ret >> 8) _ret = 255;
      }
    }

    /* TCA0_WO0 setup */
    TCA0_SPLIT_CTRLA = 0;
    33fe:	1f 92       	push	r1
/Users/askn/Develop/UPDI4AVR-USB/src/isp.cpp:317
    TCA0_SPLIT_CTRLB = 0;
    3400:	9f 93       	push	r25
    3402:	6f 93       	push	r22
/Users/askn/Develop/UPDI4AVR-USB/src/isp.cpp:318
    TCA0_SPLIT_LCNT  = _ret - 1;
    3404:	8f 93       	push	r24
    3406:	80 91 85 63 	lds	r24, 0x6385	; 0x806385 <_xclk+0x1>
    340a:	8f 93       	push	r24
/Users/askn/Develop/UPDI4AVR-USB/src/isp.cpp:319
    TCA0_SPLIT_LPER  = _ret - 1;
    340c:	80 91 84 63 	lds	r24, 0x6384	; 0x806384 <_xclk>
/Users/askn/Develop/UPDI4AVR-USB/src/isp.cpp:320
    TCA0_SPLIT_CTRLA = _period;
    3410:	8f 93       	push	r24
    3412:	8f e1       	ldi	r24, 0x1F	; 31
/Users/askn/Develop/UPDI4AVR-USB/src/isp.cpp:321
    D1PRINTF(" XCK=%d>%d,%02X\r\n", _xclk, _ret, _period);
    3414:	91 e0       	ldi	r25, 0x01	; 1
    3416:	9f 93       	push	r25
    3418:	8f 93       	push	r24
    341a:	82 ed       	ldi	r24, 0xD2	; 210
    341c:	90 e6       	ldi	r25, 0x60	; 96
    341e:	9f 93       	push	r25
    3420:	8f 93       	push	r24
    3422:	0e 94 3e 0e 	call	0x1c7c	; 0x1c7c <Print::printf(PGM_t const*, ...) [clone .constprop.16]>
    3426:	01 98       	cbi	0x00, 1	; 0
delay_micros():
    3428:	8f e9       	ldi	r24, 0x9F	; 159
    342a:	9f e0       	ldi	r25, 0x0F	; 15
    342c:	01 97       	sbiw	r24, 0x01	; 1
    342e:	f1 f7       	brne	.-4      	; 0x342c <ISP::connect()+0x94>
    3430:	00 c0       	rjmp	.+0      	; 0x3432 <ISP::connect()+0x9a>
    3432:	00 00       	nop
connect():
    3434:	01 9a       	sbi	0x00, 1	; 0
delay_millis():
    3436:	9f e7       	ldi	r25, 0x7F	; 127
    3438:	28 e3       	ldi	r18, 0x38	; 56
    343a:	81 e0       	ldi	r24, 0x01	; 1
/Users/askn/Develop/UPDI4AVR-USB/src/isp.cpp:324

    for (uint8_t _i = 0; _i < 2; _i++) {
      pinLogicOpen(PIN_PGM_MRST);
    343c:	91 50       	subi	r25, 0x01	; 1
/Users/askn/Library/Arduino15/packages/MultiX-Zinnia/hardware/modernAVR/0.4.10/cores/modernAVR/api/delay_busywait.h:33
    343e:	20 40       	sbci	r18, 0x00	; 0
    3440:	80 40       	sbci	r24, 0x00	; 0
    3442:	e1 f7       	brne	.-8      	; 0x343c <ISP::connect()+0xa4>
    3444:	00 c0       	rjmp	.+0      	; 0x3446 <ISP::connect()+0xae>
    3446:	00 00       	nop
connect():
    3448:	84 e1       	ldi	r24, 0x14	; 20
/Users/askn/Develop/UPDI4AVR-USB/src/isp.cpp:329

      /* Pulse must be minimum 2 target CPU clock cycles
        so 100 usec is ok for CPU speeds above 20 KHz */
      SYS::delay_800us();
      pinLogicPull(PIN_PGM_MRST);
    344a:	91 e6       	ldi	r25, 0x61	; 97
/Users/askn/Library/Arduino15/packages/MultiX-Zinnia/hardware/modernAVR/0.4.10/cores/modernAVR/api/delay_busywait.h:42
  }
}

void delay_millis (uint32_t _ms) {
  if (F_CPU >= 1000000L) {
    __builtin_avr_delay_cycles((F_CPU / 1000L) * _ms);
    344c:	0e 94 c0 11 	call	0x2380	; 0x2380 <ISP::spi_transaction(unsigned char const*)>
    3450:	e0 91 13 61 	lds	r30, 0x6113	; 0x806113 <packet+0xc>
    3454:	f0 e0       	ldi	r31, 0x00	; 0
    3456:	e3 52       	subi	r30, 0x23	; 35
    3458:	ff 49       	sbci	r31, 0x9F	; 159
    345a:	8d b7       	in	r24, 0x3d	; 61
    345c:	9e b7       	in	r25, 0x3e	; 62
/Users/askn/Develop/UPDI4AVR-USB/src/isp.cpp:333
      SYS::delay_20ms();

      /* Programming start command. */
      spi_transaction(&packet.out.isp.data[7]);
    345e:	0a 96       	adiw	r24, 0x0a	; 10
    3460:	8d bf       	out	0x3d, r24	; 61
    3462:	9e bf       	out	0x3e, r25	; 62
    3464:	90 81       	ld	r25, Z
/Users/askn/Develop/UPDI4AVR-USB/src/isp.cpp:336

      /* Verification after reading. */
      if (_res[packet.out.isp.data[6] - 1] == packet.out.isp.data[5]) {
    3466:	80 91 12 61 	lds	r24, 0x6112	; 0x806112 <packet+0xb>
    346a:	98 17       	cp	r25, r24
    346c:	f9 f0       	breq	.+62     	; 0x34ac <ISP::connect()+0x114>
    346e:	01 98       	cbi	0x00, 1	; 0
delay_micros():
    3470:	8f e9       	ldi	r24, 0x9F	; 159
    3472:	9f e0       	ldi	r25, 0x0F	; 15
    3474:	01 97       	sbiw	r24, 0x01	; 1
    3476:	f1 f7       	brne	.-4      	; 0x3474 <ISP::connect()+0xdc>
    3478:	00 c0       	rjmp	.+0      	; 0x347a <ISP::connect()+0xe2>
    347a:	00 00       	nop
connect():
    347c:	01 9a       	sbi	0x00, 1	; 0
delay_millis():
    347e:	9f e7       	ldi	r25, 0x7F	; 127
    3480:	28 e3       	ldi	r18, 0x38	; 56
    3482:	81 e0       	ldi	r24, 0x01	; 1
/Users/askn/Develop/UPDI4AVR-USB/src/isp.cpp:324
    TCA0_SPLIT_LPER  = _ret - 1;
    TCA0_SPLIT_CTRLA = _period;
    D1PRINTF(" XCK=%d>%d,%02X\r\n", _xclk, _ret, _period);

    for (uint8_t _i = 0; _i < 2; _i++) {
      pinLogicOpen(PIN_PGM_MRST);
    3484:	91 50       	subi	r25, 0x01	; 1
/Users/askn/Library/Arduino15/packages/MultiX-Zinnia/hardware/modernAVR/0.4.10/cores/modernAVR/api/delay_busywait.h:33
static __inline__ __attribute__((__always_inline__)) void delay_micros (uint32_t _us);
static __inline__ __attribute__((__always_inline__)) void delay_millis (uint32_t _ms);

void delay_micros (uint32_t _us) {
  if (F_CPU >= 1000000L) {
    __builtin_avr_delay_cycles((F_CPU / 1000000L) * _us);
    3486:	20 40       	sbci	r18, 0x00	; 0
    3488:	80 40       	sbci	r24, 0x00	; 0
    348a:	e1 f7       	brne	.-8      	; 0x3484 <ISP::connect()+0xec>
    348c:	00 c0       	rjmp	.+0      	; 0x348e <ISP::connect()+0xf6>
    348e:	00 00       	nop
connect():
    3490:	84 e1       	ldi	r24, 0x14	; 20
/Users/askn/Develop/UPDI4AVR-USB/src/isp.cpp:329

      /* Pulse must be minimum 2 target CPU clock cycles
        so 100 usec is ok for CPU speeds above 20 KHz */
      SYS::delay_800us();
      pinLogicPull(PIN_PGM_MRST);
    3492:	91 e6       	ldi	r25, 0x61	; 97
/Users/askn/Library/Arduino15/packages/MultiX-Zinnia/hardware/modernAVR/0.4.10/cores/modernAVR/api/delay_busywait.h:42
  }
}

void delay_millis (uint32_t _ms) {
  if (F_CPU >= 1000000L) {
    __builtin_avr_delay_cycles((F_CPU / 1000L) * _ms);
    3494:	0e 94 c0 11 	call	0x2380	; 0x2380 <ISP::spi_transaction(unsigned char const*)>
    3498:	e0 91 13 61 	lds	r30, 0x6113	; 0x806113 <packet+0xc>
    349c:	f0 e0       	ldi	r31, 0x00	; 0
    349e:	e3 52       	subi	r30, 0x23	; 35
    34a0:	ff 49       	sbci	r31, 0x9F	; 159
    34a2:	90 81       	ld	r25, Z
    34a4:	80 91 12 61 	lds	r24, 0x6112	; 0x806112 <packet+0xb>
/Users/askn/Develop/UPDI4AVR-USB/src/isp.cpp:333
      SYS::delay_20ms();

      /* Programming start command. */
      spi_transaction(&packet.out.isp.data[7]);
    34a8:	98 13       	cpse	r25, r24
    34aa:	ff cf       	rjmp	.-2      	; 0x34aa <ISP::connect()+0x112>
    34ac:	83 e0       	ldi	r24, 0x03	; 3
/Users/askn/Develop/UPDI4AVR-USB/src/isp.cpp:336

      /* Verification after reading. */
      if (_res[packet.out.isp.data[6] - 1] == packet.out.isp.data[5]) {
    34ae:	8f bb       	out	0x1f, r24	; 31
    34b0:	85 e1       	ldi	r24, 0x15	; 21
    34b2:	91 e0       	ldi	r25, 0x01	; 1
    34b4:	9f 93       	push	r25
    34b6:	8f 93       	push	r24
    34b8:	82 ed       	ldi	r24, 0xD2	; 210
    34ba:	90 e6       	ldi	r25, 0x60	; 96
    34bc:	9f 93       	push	r25
    34be:	8f 93       	push	r24
    34c0:	0e 94 3e 0e 	call	0x1c7c	; 0x1c7c <Print::printf(PGM_t const*, ...) [clone .constprop.16]>
/Users/askn/Develop/UPDI4AVR-USB/src/isp.cpp:337
        PGCONF = PGCONF_PGIA_bm | PGCONF_PROG_bm;
    34c4:	0f 90       	pop	r0
/Users/askn/Develop/UPDI4AVR-USB/src/isp.cpp:338
        D1PRINTF(" PGM OK\r\n");
    34c6:	0f 90       	pop	r0
    34c8:	0f 90       	pop	r0
    34ca:	0f 90       	pop	r0
    34cc:	81 e0       	ldi	r24, 0x01	; 1
    34ce:	90 e0       	ldi	r25, 0x00	; 0
    34d0:	08 95       	ret

000034d2 <UPDI::connect()>:
    34d2:	cf 93       	push	r28
    34d4:	10 92 5a 63 	sts	0x635A, r1	; 0x80635a <_sib>
    34d8:	8f ef       	ldi	r24, 0xFF	; 255
/Users/askn/Develop/UPDI4AVR-USB/src/isp.cpp:339
        return 1;
    34da:	9f ef       	ldi	r25, 0xFF	; 255
    34dc:	dc 01       	movw	r26, r24
    34de:	80 93 56 63 	sts	0x6356, r24	; 0x806356 <_before_page>
/Users/askn/Develop/UPDI4AVR-USB/src/isp.cpp:345
      }
    }

    /* Time out on failure. */
    for (;;);
  }
    34e2:	90 93 57 63 	sts	0x6357, r25	; 0x806357 <_before_page+0x1>
    34e6:	a0 93 58 63 	sts	0x6358, r26	; 0x806358 <_before_page+0x2>
/Users/askn/Develop/UPDI4AVR-USB/src/updi.cpp:385
      0x55, 0x82        /* LDCS CTRLA */
    };
    const static uint8_t _sib256[] = {
      0x55, 0xE6        /* SIB 256bits */
    };
    _sib[0] = 0;
    34ea:	b0 93 59 63 	sts	0x6359, r27	; 0x806359 <_before_page+0x3>
setup():
/Users/askn/Develop/UPDI4AVR-USB/src/updi.cpp:386
    _before_page = -1L;
    34ee:	84 ec       	ldi	r24, 0xC4	; 196
    34f0:	97 e0       	ldi	r25, 0x07	; 7
    34f2:	80 93 7a 63 	sts	0x637A, r24	; 0x80637a <Command_Table>
    34f6:	90 93 7b 63 	sts	0x637B, r25	; 0x80637b <Command_Table+0x1>
    34fa:	87 ea       	ldi	r24, 0xA7	; 167
    34fc:	9d e0       	ldi	r25, 0x0D	; 13
    34fe:	80 93 7c 63 	sts	0x637C, r24	; 0x80637c <Command_Table+0x2>
    3502:	90 93 7d 63 	sts	0x637D, r25	; 0x80637d <Command_Table+0x3>
/Users/askn/Develop/UPDI4AVR-USB/src/nvmv1.cpp:71
    // else if (m_type == 0xD3)   /* MTYPE_SIB */ /* This is in its own memory space. */
    return 0;
  }

  bool setup (void) {
    Command_Table.prog_init    = &prog_init;
    3506:	8a ea       	ldi	r24, 0xAA	; 170
    3508:	9d e0       	ldi	r25, 0x0D	; 13
    350a:	80 93 7e 63 	sts	0x637E, r24	; 0x80637e <Command_Table+0x4>
    350e:	90 93 7f 63 	sts	0x637F, r25	; 0x80637f <Command_Table+0x5>
/Users/askn/Develop/UPDI4AVR-USB/src/nvmv1.cpp:72
    Command_Table.read_memory  = &read_memory;
    3512:	84 ea       	ldi	r24, 0xA4	; 164
    3514:	9d e0       	ldi	r25, 0x0D	; 13
    3516:	80 93 80 63 	sts	0x6380, r24	; 0x806380 <Command_Table+0x6>
    351a:	90 93 81 63 	sts	0x6381, r25	; 0x806381 <Command_Table+0x7>
connect():
/Users/askn/Develop/UPDI4AVR-USB/src/nvmv1.cpp:73
    Command_Table.erase_memory = &erase_memory;
    351e:	0e 94 88 12 	call	0x2510	; 0x2510 <USART::setup()>
    3522:	ff 9a       	sbi	0x1f, 7	; 31
    3524:	08 98       	cbi	0x01, 0	; 1
    3526:	09 98       	cbi	0x01, 1	; 1
/Users/askn/Develop/UPDI4AVR-USB/src/nvmv1.cpp:74
    Command_Table.write_memory = &write_memory;
    3528:	80 91 55 63 	lds	r24, 0x6355	; 0x806355 <_jtag_vpow>
    352c:	81 11       	cpse	r24, r1
    352e:	05 c0       	rjmp	.+10     	; 0x353a <UPDI::connect()+0x68>
    3530:	81 e0       	ldi	r24, 0x01	; 1
    3532:	80 93 55 63 	sts	0x6355, r24	; 0x806355 <_jtag_vpow>
power_reset():
/Users/askn/Develop/UPDI4AVR-USB/src/updi.cpp:388
    NVM::V1::setup();   /* default is dummy callback */
    USART::setup();
    3536:	80 e0       	ldi	r24, 0x00	; 0
/Users/askn/Develop/UPDI4AVR-USB/src/updi.cpp:389
    bit_set(PGCONF, PGCONF_PGIF_bp);
    3538:	90 dd       	rcall	.-1248   	; 0x305a <SYS::power_reset(bool, bool) [clone .part.6]>
connect():
/Users/askn/Develop/UPDI4AVR-USB/src/updi.cpp:392

    /* If possible, perform a hardware reset of the device. */
    digitalWriteMacro(PIN_PGM_TDAT, LOW);
    353a:	80 91 23 63 	lds	r24, 0x6323	; 0x806323 <_packet_length>
/Users/askn/Develop/UPDI4AVR-USB/src/updi.cpp:394
    digitalWriteMacro(PIN_PGM_TRST, LOW);
    if (_jtag_vpow == 0) {
    353e:	90 91 24 63 	lds	r25, 0x6324	; 0x806324 <_packet_length+0x1>
    3542:	07 97       	sbiw	r24, 0x07	; 7
    3544:	40 f0       	brcs	.+16     	; 0x3556 <UPDI::connect()+0x84>
/Users/askn/Develop/UPDI4AVR-USB/src/updi.cpp:395
      _jtag_vpow = 1;
    3546:	80 91 0e 61 	lds	r24, 0x610E	; 0x80610e <packet+0x7>
    354a:	88 23       	and	r24, r24
    354c:	21 f0       	breq	.+8      	; 0x3556 <UPDI::connect()+0x84>
    354e:	80 91 06 61 	lds	r24, 0x6106	; 0x806106 <_jtag_hvctrl>
/Users/askn/Develop/UPDI4AVR-USB/src/updi.cpp:403

    /* High-Voltage control */
  #ifdef CONFIG_HVC_ENABLE
    uint8_t _hvvar = Device_Descriptor.UPDI.hvupdi_variant;
    bool _hven = (_packet_length >= 7 && packet.out.bMType && _jtag_hvctrl)
              || bit_is_set(GPCONF, GPCONF_HLD_bp);
    3552:	81 11       	cpse	r24, r1
    3554:	02 c0       	rjmp	.+4      	; 0x355a <UPDI::connect()+0x88>
    3556:	f6 9b       	sbis	0x1e, 6	; 30
    3558:	34 c0       	rjmp	.+104    	; 0x35c2 <UPDI::connect()+0xf0>
    355a:	c0 91 54 63 	lds	r28, 0x6354	; 0x806354 <Device_Descriptor+0x2f>
/Users/askn/Develop/UPDI4AVR-USB/src/updi.cpp:402
    }

    /* High-Voltage control */
  #ifdef CONFIG_HVC_ENABLE
    uint8_t _hvvar = Device_Descriptor.UPDI.hvupdi_variant;
    bool _hven = (_packet_length >= 7 && packet.out.bMType && _jtag_hvctrl)
    355e:	c1 30       	cpi	r28, 0x01	; 1
    3560:	81 f1       	breq	.+96     	; 0x35c2 <UPDI::connect()+0xf0>
    3562:	1f 92       	push	r1
    3564:	cf 93       	push	r28
    3566:	82 e7       	ldi	r24, 0x72	; 114
    3568:	9c e0       	ldi	r25, 0x0C	; 12
    356a:	9f 93       	push	r25
    356c:	8f 93       	push	r24
/Users/askn/Develop/UPDI4AVR-USB/src/updi.cpp:403
              || bit_is_set(GPCONF, GPCONF_HLD_bp);
    356e:	82 ed       	ldi	r24, 0xD2	; 210
    3570:	90 e6       	ldi	r25, 0x60	; 96
/Users/askn/Develop/UPDI4AVR-USB/src/updi.cpp:401
      SYS::power_reset(false, true);
    }

    /* High-Voltage control */
  #ifdef CONFIG_HVC_ENABLE
    uint8_t _hvvar = Device_Descriptor.UPDI.hvupdi_variant;
    3572:	9f 93       	push	r25
    3574:	8f 93       	push	r24
/Users/askn/Develop/UPDI4AVR-USB/src/updi.cpp:404
    bool _hven = (_packet_length >= 7 && packet.out.bMType && _jtag_hvctrl)
              || bit_is_set(GPCONF, GPCONF_HLD_bp);
    if (_hven && _hvvar != 1) {
    3576:	0e 94 3e 0e 	call	0x1c7c	; 0x1c7c <Print::printf(PGM_t const*, ...) [clone .constprop.16]>
hvc_enable():
/Users/askn/Develop/UPDI4AVR-USB/src/updi.cpp:405
      D1PRINTF("<HVC:V%d>", _hvvar);
    357a:	80 e6       	ldi	r24, 0x60	; 96
    357c:	80 93 01 0a 	sts	0x0A01, r24	; 0x800a01 <__TEXT_REGION_LENGTH__+0x7f0a01>
    3580:	10 92 21 0a 	sts	0x0A21, r1	; 0x800a21 <__TEXT_REGION_LENGTH__+0x7f0a21>
    3584:	81 e0       	ldi	r24, 0x01	; 1
    3586:	80 93 00 0a 	sts	0x0A00, r24	; 0x800a00 <__TEXT_REGION_LENGTH__+0x7f0a00>
delay_micros():
    358a:	83 ef       	ldi	r24, 0xF3	; 243
    358c:	91 e0       	ldi	r25, 0x01	; 1
    358e:	01 97       	sbiw	r24, 0x01	; 1
    3590:	f1 f7       	brne	.-4      	; 0x358e <UPDI::connect()+0xbc>
/Users/askn/Develop/UPDI4AVR-USB/src/sys.cpp:445
    return _adc_reading;
  }

  void hvc_enable (void) {
  #ifdef CONFIG_HVC_ENABLE
    TCA0_SPLIT_CTRLB = TCA_SPLIT_HCMP2EN_bm | TCA_SPLIT_HCMP1EN_bm;
    3592:	00 c0       	rjmp	.+0      	; 0x3594 <UPDI::connect()+0xc2>
    3594:	00 00       	nop
connect():
    3596:	0f 90       	pop	r0
/Users/askn/Develop/UPDI4AVR-USB/src/sys.cpp:446
    TCA0_SPLIT_HCNT  = 0;
    3598:	0f 90       	pop	r0
    359a:	0f 90       	pop	r0
/Users/askn/Develop/UPDI4AVR-USB/src/sys.cpp:447
    TCA0_SPLIT_CTRLA = TCA_SPLIT_ENABLE_bm | TCA_SPLIT_CLKSEL_DIV1_gc;
    359c:	0f 90       	pop	r0
    359e:	0f 90       	pop	r0
    35a0:	0f 90       	pop	r0
/Users/askn/Library/Arduino15/packages/MultiX-Zinnia/hardware/modernAVR/0.4.10/cores/modernAVR/api/delay_busywait.h:33
static __inline__ __attribute__((__always_inline__)) void delay_micros (uint32_t _us);
static __inline__ __attribute__((__always_inline__)) void delay_millis (uint32_t _ms);

void delay_micros (uint32_t _us) {
  if (F_CPU >= 1000000L) {
    __builtin_avr_delay_cycles((F_CPU / 1000000L) * _us);
    35a2:	c1 11       	cpse	r28, r1
    35a4:	9c c0       	rjmp	.+312    	; 0x36de <UPDI::connect()+0x20c>
    35a6:	68 9a       	sbi	0x0d, 0	; 13
delay_micros():
    35a8:	8f e9       	ldi	r24, 0x9F	; 159
    35aa:	9f e0       	ldi	r25, 0x0F	; 15
    35ac:	01 97       	sbiw	r24, 0x01	; 1
/Users/askn/Develop/UPDI4AVR-USB/src/updi.cpp:407
      SYS::hvc_enable();
      if (_hvvar == 0) {
    35ae:	f1 f7       	brne	.-4      	; 0x35ac <UPDI::connect()+0xda>
    35b0:	00 c0       	rjmp	.+0      	; 0x35b2 <UPDI::connect()+0xe0>
    35b2:	00 00       	nop
hvc_leave():
    35b4:	10 92 01 0a 	sts	0x0A01, r1	; 0x800a01 <__TEXT_REGION_LENGTH__+0x7f0a01>
    35b8:	8f e0       	ldi	r24, 0x0F	; 15
    35ba:	80 93 00 0a 	sts	0x0A00, r24	; 0x800a00 <__TEXT_REGION_LENGTH__+0x7f0a00>
connect():
/Users/askn/Develop/UPDI4AVR-USB/src/updi.cpp:408
        digitalWriteMacro(PIN_HVC_SELECT1, HIGH);
    35be:	68 98       	cbi	0x0d, 0	; 13
/Users/askn/Library/Arduino15/packages/MultiX-Zinnia/hardware/modernAVR/0.4.10/cores/modernAVR/api/delay_busywait.h:33
    35c0:	6a 98       	cbi	0x0d, 2	; 13
    35c2:	00 9a       	sbi	0x00, 0	; 0
delay_micros():
    35c4:	83 ed       	ldi	r24, 0xD3	; 211
    35c6:	90 e3       	ldi	r25, 0x30	; 48
    35c8:	01 97       	sbiw	r24, 0x01	; 1
    35ca:	f1 f7       	brne	.-4      	; 0x35c8 <UPDI::connect()+0xf6>
/Users/askn/Develop/UPDI4AVR-USB/src/sys.cpp:454
  #endif
  }

  void hvc_leave (void) {
  #ifdef CONFIG_HVC_ENABLE
    TCA0_SPLIT_CTRLB = 0;
    35cc:	00 c0       	rjmp	.+0      	; 0x35ce <UPDI::connect()+0xfc>
    35ce:	00 00       	nop
connect():
/Users/askn/Develop/UPDI4AVR-USB/src/sys.cpp:455
    TCA0_SPLIT_CTRLA = TCA_SPLIT_ENABLE_bm | TCA_SPLIT_CLKSEL_DIV1024_gc;
    35d0:	00 98       	cbi	0x00, 0	; 0
    35d2:	10 9b       	sbis	0x02, 0	; 2
    35d4:	fe cf       	rjmp	.-4      	; 0x35d2 <UPDI::connect()+0x100>
change_updi():
/Users/askn/Develop/UPDI4AVR-USB/src/updi.cpp:416
        digitalWriteMacro(PIN_HVC_SELECT3, HIGH);
      }
      /* Most early silicon requires a pulse of 700us or more. */
      SYS::delay_800us();
      SYS::hvc_leave();
      digitalWriteMacro(PIN_HVC_SELECT1, LOW);
    35d6:	cf b7       	in	r28, 0x3f	; 63
__iCliRetVal():
/Users/askn/Develop/UPDI4AVR-USB/src/updi.cpp:417
      digitalWriteMacro(PIN_HVC_SELECT3, LOW);
    35d8:	f8 94       	cli
change_updi():
/Users/askn/Develop/UPDI4AVR-USB/src/updi.cpp:423
      /* From this point onwards, UPDI activation must be successful within 64ms. */
    }
  #endif

    /* In most cases, a 2.5 ms LOW signal is sufficient to initiate UPDI activation. */
    pinLogicPull(PIN_PGM_TDAT);
    35da:	80 e1       	ldi	r24, 0x10	; 16
/Users/askn/Library/Arduino15/packages/MultiX-Zinnia/hardware/modernAVR/0.4.10/cores/modernAVR/api/delay_busywait.h:33
    35dc:	80 93 e2 05 	sts	0x05E2, r24	; 0x8005e2 <__TEXT_REGION_LENGTH__+0x7f05e2>
    35e0:	80 e2       	ldi	r24, 0x20	; 32
    35e2:	80 93 04 08 	sts	0x0804, r24	; 0x800804 <__TEXT_REGION_LENGTH__+0x7f0804>
calk_baud_khz():
    35e6:	20 91 84 63 	lds	r18, 0x6384	; 0x806384 <_xclk>
/Users/askn/Develop/UPDI4AVR-USB/src/updi.cpp:428
    SYS::delay_2500us();
    pinLogicOpen(PIN_PGM_TDAT);

    /* When UPDI is activated, it becomes a HIGH signal. */
    while (!digitalReadMacro(PIN_PGM_TDAT));
    35ea:	30 91 85 63 	lds	r19, 0x6385	; 0x806385 <_xclk+0x1>
/Users/askn/Develop/UPDI4AVR-USB/src/usart.cpp:92
    }
  }

  /*** Sets up single-wire asynchronous mode for UPDI operation. ***/
  void change_updi (void) {
    ATOMIC_BLOCK(ATOMIC_RESTORESTATE) {
    35ee:	50 e0       	ldi	r21, 0x00	; 0
/Users/askn/Library/Arduino15/packages/MultiX-Zinnia/tools/avr8-gcc/7.3.0-avr8-gnu-toolchain/avr/include/util/atomic.h:50
    return 1;
}

static __inline__ uint8_t __iCliRetVal(void)
{
    cli();
    35f0:	40 e0       	ldi	r20, 0x00	; 0
/Users/askn/Develop/UPDI4AVR-USB/src/usart.cpp:93
      PORTMUX_USARTROUTEA = PORTMUX_USART_PGM;
    35f2:	60 e0       	ldi	r22, 0x00	; 0
    35f4:	71 e7       	ldi	r23, 0x71	; 113
    35f6:	82 e0       	ldi	r24, 0x02	; 2
/Users/askn/Develop/UPDI4AVR-USB/src/usart.cpp:94
      USART0_STATUS = USART_DREIF_bm;
    35f8:	90 e0       	ldi	r25, 0x00	; 0
    35fa:	0e 94 6b 35 	call	0x6ad6	; 0x6ad6 <__divmodsi4>
/Users/askn/Develop/UPDI4AVR-USB/src/usart.cpp:43
  #endif
  }

  /*** Calculate the baud rate for VCP asynchronous mode. ***/
  uint16_t calk_baud_khz (uint16_t _khz) {
    uint32_t _baud = ((F_CPU / 1000L * 8L) / _khz + 1) / 2;
    35fe:	da 01       	movw	r26, r20
    3600:	c9 01       	movw	r24, r18
    3602:	01 96       	adiw	r24, 0x01	; 1
    3604:	a1 1d       	adc	r26, r1
    3606:	b1 1d       	adc	r27, r1
    3608:	b5 95       	asr	r27
    360a:	a7 95       	ror	r26
    360c:	97 95       	ror	r25
    360e:	87 95       	ror	r24
    3610:	80 34       	cpi	r24, 0x40	; 64
    3612:	91 05       	cpc	r25, r1
    3614:	a1 05       	cpc	r26, r1
    3616:	b1 05       	cpc	r27, r1
    3618:	0c f4       	brge	.+2      	; 0x361c <UPDI::connect()+0x14a>
    361a:	66 c0       	rjmp	.+204    	; 0x36e8 <UPDI::connect()+0x216>
    361c:	00 97       	sbiw	r24, 0x00	; 0
    361e:	21 e0       	ldi	r18, 0x01	; 1
    3620:	a2 07       	cpc	r26, r18
    3622:	b1 05       	cpc	r27, r1
    3624:	20 f0       	brcs	.+8      	; 0x362e <UPDI::connect()+0x15c>
    3626:	8f ef       	ldi	r24, 0xFF	; 255
/Users/askn/Develop/UPDI4AVR-USB/src/usart.cpp:44
    if (_baud < 64) _baud = 64;
    3628:	9f ef       	ldi	r25, 0xFF	; 255
    362a:	a0 e0       	ldi	r26, 0x00	; 0
    362c:	b0 e0       	ldi	r27, 0x00	; 0
change_updi():
    362e:	80 93 08 08 	sts	0x0808, r24	; 0x800808 <__TEXT_REGION_LENGTH__+0x7f0808>
    3632:	90 93 09 08 	sts	0x0809, r25	; 0x800809 <__TEXT_REGION_LENGTH__+0x7f0809>
    3636:	8b e2       	ldi	r24, 0x2B	; 43
    3638:	80 93 07 08 	sts	0x0807, r24	; 0x800807 <__TEXT_REGION_LENGTH__+0x7f0807>
    363c:	8a e0       	ldi	r24, 0x0A	; 10
    363e:	80 93 05 08 	sts	0x0805, r24	; 0x800805 <__TEXT_REGION_LENGTH__+0x7f0805>
    3642:	88 ec       	ldi	r24, 0xC8	; 200
    3644:	80 93 06 08 	sts	0x0806, r24	; 0x800806 <__TEXT_REGION_LENGTH__+0x7f0806>
/Users/askn/Develop/UPDI4AVR-USB/src/usart.cpp:95
  /*** Sets up single-wire asynchronous mode for UPDI operation. ***/
  void change_updi (void) {
    ATOMIC_BLOCK(ATOMIC_RESTORESTATE) {
      PORTMUX_USARTROUTEA = PORTMUX_USART_PGM;
      USART0_STATUS = USART_DREIF_bm;
      USART0_BAUD  = calk_baud_khz(_xclk);
    3648:	80 91 08 08 	lds	r24, 0x0808	; 0x800808 <__TEXT_REGION_LENGTH__+0x7f0808>
    364c:	90 91 09 08 	lds	r25, 0x0809	; 0x800809 <__TEXT_REGION_LENGTH__+0x7f0809>
/Users/askn/Develop/UPDI4AVR-USB/src/usart.cpp:96
      USART0_CTRLC = USART_CHSIZE_8BIT_gc | USART_PMODE_EVEN_gc | USART_SBMODE_2BIT_gc;
    3650:	9f 93       	push	r25
    3652:	8f 93       	push	r24
/Users/askn/Develop/UPDI4AVR-USB/src/usart.cpp:99
      /* The RS485_INT:_BV(1) attribute is undocumented but works fine.     */
      /* Without it, an additional delay is required before sending a byte. */
      USART0_CTRLA = USART_LBME_bm | USART_RS485_INT_gc;
    3654:	80 91 85 63 	lds	r24, 0x6385	; 0x806385 <_xclk+0x1>
    3658:	8f 93       	push	r24
/Users/askn/Develop/UPDI4AVR-USB/src/usart.cpp:100
      USART0_CTRLB = USART_RXEN_bm | USART_TXEN_bm | USART_ODME_bm;
    365a:	80 91 84 63 	lds	r24, 0x6384	; 0x806384 <_xclk>
    365e:	8f 93       	push	r24
/Users/askn/Develop/UPDI4AVR-USB/src/usart.cpp:101
      D1PRINTF(" USART=UPDI XCLK=%d BAUD=%04X\r\n", _xclk, USART0_BAUD);
    3660:	8b e2       	ldi	r24, 0x2B	; 43
    3662:	9c e0       	ldi	r25, 0x0C	; 12
    3664:	9f 93       	push	r25
    3666:	8f 93       	push	r24
    3668:	82 ed       	ldi	r24, 0xD2	; 210
    366a:	90 e6       	ldi	r25, 0x60	; 96
    366c:	9f 93       	push	r25
    366e:	8f 93       	push	r24
    3670:	0e 94 3e 0e 	call	0x1c7c	; 0x1c7c <Print::printf(PGM_t const*, ...) [clone .constprop.16]>
__iRestore():
    3674:	cf bf       	out	0x3f, r28	; 63
    3676:	8d b7       	in	r24, 0x3d	; 61
    3678:	9e b7       	in	r25, 0x3e	; 62
    367a:	08 96       	adiw	r24, 0x08	; 8
    367c:	8d bf       	out	0x3d, r24	; 61
    367e:	9e bf       	out	0x3e, r25	; 62
connect():
    3680:	6b e0       	ldi	r22, 0x0B	; 11
    3682:	70 e0       	ldi	r23, 0x00	; 0
    3684:	8c e8       	ldi	r24, 0x8C	; 140
    3686:	90 e6       	ldi	r25, 0x60	; 96
    3688:	0e 94 ea 07 	call	0xfd4	; 0xfd4 <UPDI::send_bytes(unsigned char const*, unsigned int)>
/Users/askn/Library/Arduino15/packages/MultiX-Zinnia/tools/avr8-gcc/7.3.0-avr8-gnu-toolchain/avr/include/util/atomic.h:70
    (void)__s;
}

static __inline__ void __iRestore(const  uint8_t *__s)
{
    SREG = *__s;
    368c:	88 23       	and	r24, r24
/Users/askn/Library/Arduino15/packages/MultiX-Zinnia/tools/avr8-gcc/7.3.0-avr8-gnu-toolchain/avr/include/util/atomic.h:71
    __asm__ volatile ("" ::: "memory");
    368e:	89 f1       	breq	.+98     	; 0x36f2 <UPDI::connect()+0x220>
    3690:	0e 94 c7 07 	call	0xf8e	; 0xf8e <PDI::recv()>
    3694:	88 23       	and	r24, r24
    3696:	69 f1       	breq	.+90     	; 0x36f2 <UPDI::connect()+0x220>
/Users/askn/Develop/UPDI4AVR-USB/src/updi.cpp:434
    USART::change_updi();

    /* It will send a series of commands and check the response. */
    /* If the response is invalid, it will send a BREAK character and try again. */
    /* If UPDI does not respond, a timeout occurs. */
    while (!(send_bytes(_init, sizeof(_init)) && recv() && (RXDATA == UPDI_CTRLAV))) {
    3698:	8d b3       	in	r24, 0x1d	; 29
    369a:	85 31       	cpi	r24, 0x15	; 21
    369c:	51 f5       	brne	.+84     	; 0x36f2 <UPDI::connect()+0x220>
    369e:	62 e0       	ldi	r22, 0x02	; 2
    36a0:	70 e0       	ldi	r23, 0x00	; 0
    36a2:	8a e8       	ldi	r24, 0x8A	; 138
    36a4:	90 e6       	ldi	r25, 0x60	; 96
    36a6:	0e 94 ea 07 	call	0xfd4	; 0xfd4 <UPDI::send_bytes(unsigned char const*, unsigned int)>
    36aa:	81 11       	cpse	r24, r1
    36ac:	25 c0       	rjmp	.+74     	; 0x36f8 <UPDI::connect()+0x226>
    36ae:	9d b3       	in	r25, 0x1d	; 29
    36b0:	8c b3       	in	r24, 0x1c	; 28
    36b2:	1f 92       	push	r1
    36b4:	9f 93       	push	r25
/Users/askn/Develop/UPDI4AVR-USB/src/updi.cpp:440
      send_break();
    }

    /* Read the SIB from the ACC. */
    /* This can be done even on a locked device. */
    if (send_bytes(_sib256, sizeof(_sib256)) && recv_bytes(_sib, 32)) {
    36b6:	1f 92       	push	r1
    36b8:	8f 93       	push	r24
    36ba:	8b e4       	ldi	r24, 0x4B	; 75
    36bc:	9c e0       	ldi	r25, 0x0C	; 12
    36be:	9f 93       	push	r25
    36c0:	8f 93       	push	r24
    36c2:	82 ed       	ldi	r24, 0xD2	; 210
    36c4:	90 e6       	ldi	r25, 0x60	; 96
/Users/askn/Develop/UPDI4AVR-USB/src/updi.cpp:459
        bit_set(PGCONF, PGCONF_PGIA_bp);
        bit_clear(PGCONF, PGCONF_PGIF_bp);
        return 5;
      }
    }
    D1PRINTF(" FAIL:%02X,%02X\r\n", RXSTAT, RXDATA);
    36c6:	9f 93       	push	r25
    36c8:	8f 93       	push	r24
    36ca:	0e 94 3e 0e 	call	0x1c7c	; 0x1c7c <Print::printf(PGM_t const*, ...) [clone .constprop.16]>
    36ce:	8d b7       	in	r24, 0x3d	; 61
    36d0:	9e b7       	in	r25, 0x3e	; 62
    36d2:	08 96       	adiw	r24, 0x08	; 8
    36d4:	8d bf       	out	0x3d, r24	; 61
    36d6:	9e bf       	out	0x3e, r25	; 62
    36d8:	90 e0       	ldi	r25, 0x00	; 0
    36da:	80 e0       	ldi	r24, 0x00	; 0
    36dc:	5c c0       	rjmp	.+184    	; 0x3796 <UPDI::connect()+0x2c4>
    36de:	c2 30       	cpi	r28, 0x02	; 2
    36e0:	09 f0       	breq	.+2      	; 0x36e4 <UPDI::connect()+0x212>
    36e2:	62 cf       	rjmp	.-316    	; 0x35a8 <UPDI::connect()+0xd6>
    36e4:	6a 9a       	sbi	0x0d, 2	; 13
    36e6:	60 cf       	rjmp	.-320    	; 0x35a8 <UPDI::connect()+0xd6>
    36e8:	80 e4       	ldi	r24, 0x40	; 64
    36ea:	90 e0       	ldi	r25, 0x00	; 0
    36ec:	a0 e0       	ldi	r26, 0x00	; 0
    36ee:	b0 e0       	ldi	r27, 0x00	; 0
/Users/askn/Develop/UPDI4AVR-USB/src/updi.cpp:460
    return 0;
    36f0:	9e cf       	rjmp	.-196    	; 0x362e <UPDI::connect()+0x15c>
    36f2:	0e 94 04 0a 	call	0x1408	; 0x1408 <UPDI::send_break()>
/Users/askn/Develop/UPDI4AVR-USB/src/updi.cpp:410
      D1PRINTF("<HVC:V%d>", _hvvar);
      SYS::hvc_enable();
      if (_hvvar == 0) {
        digitalWriteMacro(PIN_HVC_SELECT1, HIGH);
      }
      else if (_hvvar == 2) {
    36f6:	c4 cf       	rjmp	.-120    	; 0x3680 <UPDI::connect()+0x1ae>
    36f8:	60 e2       	ldi	r22, 0x20	; 32
    36fa:	70 e0       	ldi	r23, 0x00	; 0
/Users/askn/Develop/UPDI4AVR-USB/src/updi.cpp:411
        digitalWriteMacro(PIN_HVC_SELECT3, HIGH);
    36fc:	8a e5       	ldi	r24, 0x5A	; 90
    36fe:	93 e6       	ldi	r25, 0x63	; 99
/Users/askn/Develop/UPDI4AVR-USB/src/usart.cpp:44
  }

  /*** Calculate the baud rate for VCP asynchronous mode. ***/
  uint16_t calk_baud_khz (uint16_t _khz) {
    uint32_t _baud = ((F_CPU / 1000L * 8L) / _khz + 1) / 2;
    if (_baud < 64) _baud = 64;
    3700:	0e 94 fe 08 	call	0x11fc	; 0x11fc <UPDI::recv_bytes(unsigned char*, unsigned int)>
    3704:	88 23       	and	r24, r24
    3706:	99 f2       	breq	.-90     	; 0x36ae <UPDI::connect()+0x1dc>
    3708:	8a e5       	ldi	r24, 0x5A	; 90
/Users/askn/Develop/UPDI4AVR-USB/src/updi.cpp:435

    /* It will send a series of commands and check the response. */
    /* If the response is invalid, it will send a BREAK character and try again. */
    /* If UPDI does not respond, a timeout occurs. */
    while (!(send_bytes(_init, sizeof(_init)) && recv() && (RXDATA == UPDI_CTRLAV))) {
      send_break();
    370a:	93 e6       	ldi	r25, 0x63	; 99
    370c:	9f 93       	push	r25
    370e:	8f 93       	push	r24
/Users/askn/Develop/UPDI4AVR-USB/src/updi.cpp:440
    }

    /* Read the SIB from the ACC. */
    /* This can be done even on a locked device. */
    if (send_bytes(_sib256, sizeof(_sib256)) && recv_bytes(_sib, 32)) {
    3710:	80 91 64 63 	lds	r24, 0x6364	; 0x806364 <_sib+0xa>
    3714:	1f 92       	push	r1
    3716:	8f 93       	push	r24
    3718:	8d e5       	ldi	r24, 0x5D	; 93
    371a:	9c e0       	ldi	r25, 0x0C	; 12
    371c:	9f 93       	push	r25
    371e:	8f 93       	push	r24
/Users/askn/Develop/UPDI4AVR-USB/src/updi.cpp:442
      size_t _result = 0;
      D1PRINTF(" NVM:%02X,SIB=\"%s\"\r\n", _sib[10], _sib);
    3720:	82 ed       	ldi	r24, 0xD2	; 210
    3722:	90 e6       	ldi	r25, 0x60	; 96
    3724:	9f 93       	push	r25
    3726:	8f 93       	push	r24
    3728:	0e 94 3e 0e 	call	0x1c7c	; 0x1c7c <Print::printf(PGM_t const*, ...) [clone .constprop.16]>
    372c:	80 91 64 63 	lds	r24, 0x6364	; 0x806364 <_sib+0xa>
    3730:	2d b7       	in	r18, 0x3d	; 61
    3732:	3e b7       	in	r19, 0x3e	; 62
    3734:	28 5f       	subi	r18, 0xF8	; 248
    3736:	3f 4f       	sbci	r19, 0xFF	; 255
    3738:	2d bf       	out	0x3d, r18	; 61
    373a:	3e bf       	out	0x3e, r19	; 62
    373c:	86 33       	cpi	r24, 0x36	; 54
    373e:	69 f5       	brne	.+90     	; 0x379a <UPDI::connect()+0x2c8>
setup():
    3740:	8e e8       	ldi	r24, 0x8E	; 142
    3742:	9c e0       	ldi	r25, 0x0C	; 12
/Users/askn/Develop/UPDI4AVR-USB/src/updi.cpp:444
      /* Depending on the SIB, different low-level methods are executed. */
      if      (_sib[10] == '6') _result = NVM::V6::setup();
    3744:	80 93 7a 63 	sts	0x637A, r24	; 0x80637a <Command_Table>
    3748:	90 93 7b 63 	sts	0x637B, r25	; 0x80637b <Command_Table+0x1>
    374c:	83 e0       	ldi	r24, 0x03	; 3
    374e:	9a e0       	ldi	r25, 0x0A	; 10
    3750:	80 93 7c 63 	sts	0x637C, r24	; 0x80637c <Command_Table+0x2>
    3754:	90 93 7d 63 	sts	0x637D, r25	; 0x80637d <Command_Table+0x3>
/Users/askn/Develop/UPDI4AVR-USB/src/nvmv6.cpp:187
      return UPDI::send_bytes_block(_dwAddr, _wLength);
    }
  }

  bool setup (void) {
    Command_Table.prog_init    = &prog_init;
    3758:	86 e1       	ldi	r24, 0x16	; 22
    375a:	98 e1       	ldi	r25, 0x18	; 24
    375c:	80 93 7e 63 	sts	0x637E, r24	; 0x80637e <Command_Table+0x4>
    3760:	90 93 7f 63 	sts	0x637F, r25	; 0x80637f <Command_Table+0x5>
/Users/askn/Develop/UPDI4AVR-USB/src/nvmv6.cpp:188
    Command_Table.read_memory  = &read_memory;
    3764:	8f ea       	ldi	r24, 0xAF	; 175
    3766:	96 e1       	ldi	r25, 0x16	; 22
    3768:	80 93 80 63 	sts	0x6380, r24	; 0x806380 <Command_Table+0x6>
    376c:	90 93 81 63 	sts	0x6381, r25	; 0x806381 <Command_Table+0x7>
connect():
/Users/askn/Develop/UPDI4AVR-USB/src/nvmv6.cpp:189
    Command_Table.erase_memory = &erase_memory;
    3770:	80 91 5a 63 	lds	r24, 0x635A	; 0x80635a <_sib>
    3774:	ea e5       	ldi	r30, 0x5A	; 90
    3776:	f3 e6       	ldi	r31, 0x63	; 99
    3778:	80 32       	cpi	r24, 0x20	; 32
    377a:	11 f4       	brne	.+4      	; 0x3780 <UPDI::connect()+0x2ae>
/Users/askn/Develop/UPDI4AVR-USB/src/nvmv6.cpp:190
    Command_Table.write_memory = &write_memory;
    377c:	ee e5       	ldi	r30, 0x5E	; 94
    377e:	f3 e6       	ldi	r31, 0x63	; 99
/Users/askn/Develop/UPDI4AVR-USB/src/nvmv0.cpp:174

  bool setup (void) {
    Command_Table.prog_init    = &prog_init;
    Command_Table.read_memory  = &read_memory;
    Command_Table.erase_memory = &erase_memory;
    Command_Table.write_memory = &write_memory;
    3780:	84 e0       	ldi	r24, 0x04	; 4
    3782:	ae e0       	ldi	r26, 0x0E	; 14
    3784:	b1 e6       	ldi	r27, 0x61	; 97
    3786:	01 90       	ld	r0, Z+
/Users/askn/Develop/UPDI4AVR-USB/src/updi.cpp:453
      else if (_sib[10] == '2') _result = NVM::V2::setup();
      else if (_sib[10] == '0') _result = NVM::V0::setup();
      if (_result) {
        /* If the SIB is obtained, the first 4-characters are returned. */
        /* If the 1st character is blank, the next 4-characters are returned. */
        memcpy(&packet.in.data[0], _sib[0] == ' ' ? &_sib[4] : &_sib[0], 4);
    3788:	0d 92       	st	X+, r0
    378a:	8a 95       	dec	r24
    378c:	e1 f7       	brne	.-8      	; 0x3786 <UPDI::connect()+0x2b4>
    378e:	f8 9a       	sbi	0x1f, 0	; 31
    3790:	ff 98       	cbi	0x1f, 7	; 31
    3792:	85 e0       	ldi	r24, 0x05	; 5
    3794:	90 e0       	ldi	r25, 0x00	; 0
    3796:	cf 91       	pop	r28
    3798:	08 95       	ret
    379a:	85 33       	cpi	r24, 0x35	; 53
    379c:	a9 f4       	brne	.+42     	; 0x37c8 <UPDI::connect()+0x2f6>
setup():
    379e:	8a ee       	ldi	r24, 0xEA	; 234
    37a0:	9c e0       	ldi	r25, 0x0C	; 12
    37a2:	80 93 7a 63 	sts	0x637A, r24	; 0x80637a <Command_Table>
/Users/askn/Develop/UPDI4AVR-USB/src/updi.cpp:454
        bit_set(PGCONF, PGCONF_PGIA_bp);
    37a6:	90 93 7b 63 	sts	0x637B, r25	; 0x80637b <Command_Table+0x1>
/Users/askn/Develop/UPDI4AVR-USB/src/updi.cpp:456
        bit_clear(PGCONF, PGCONF_PGIF_bp);
        return 5;
    37aa:	82 e0       	ldi	r24, 0x02	; 2
    37ac:	9a e0       	ldi	r25, 0x0A	; 10
/Users/askn/Develop/UPDI4AVR-USB/src/updi.cpp:461
      }
    }
    D1PRINTF(" FAIL:%02X,%02X\r\n", RXSTAT, RXDATA);
    return 0;
  }
    37ae:	80 93 7c 63 	sts	0x637C, r24	; 0x80637c <Command_Table+0x2>
/Users/askn/Develop/UPDI4AVR-USB/src/updi.cpp:445
    if (send_bytes(_sib256, sizeof(_sib256)) && recv_bytes(_sib, 32)) {
      size_t _result = 0;
      D1PRINTF(" NVM:%02X,SIB=\"%s\"\r\n", _sib[10], _sib);
      /* Depending on the SIB, different low-level methods are executed. */
      if      (_sib[10] == '6') _result = NVM::V6::setup();
      else if (_sib[10] == '5') _result = NVM::V5::setup();
    37b2:	90 93 7d 63 	sts	0x637D, r25	; 0x80637d <Command_Table+0x3>
/Users/askn/Develop/UPDI4AVR-USB/src/nvmv5.cpp:165
    }
  }

  bool setup (void) {
    Command_Table.prog_init    = &prog_init;
    37b6:	87 ee       	ldi	r24, 0xE7	; 231
    37b8:	97 e1       	ldi	r25, 0x17	; 23
    37ba:	80 93 7e 63 	sts	0x637E, r24	; 0x80637e <Command_Table+0x4>
    37be:	90 93 7f 63 	sts	0x637F, r25	; 0x80637f <Command_Table+0x5>
/Users/askn/Develop/UPDI4AVR-USB/src/nvmv5.cpp:166
    Command_Table.read_memory  = &read_memory;
    37c2:	88 e5       	ldi	r24, 0x58	; 88
    37c4:	96 e1       	ldi	r25, 0x16	; 22
    37c6:	d0 cf       	rjmp	.-96     	; 0x3768 <UPDI::connect()+0x296>
connect():
    37c8:	84 33       	cpi	r24, 0x34	; 52
    37ca:	a9 f4       	brne	.+42     	; 0x37f6 <UPDI::connect()+0x324>
setup():
    37cc:	8c ed       	ldi	r24, 0xDC	; 220
/Users/askn/Develop/UPDI4AVR-USB/src/nvmv5.cpp:167
    Command_Table.erase_memory = &erase_memory;
    37ce:	9c e0       	ldi	r25, 0x0C	; 12
    37d0:	80 93 7a 63 	sts	0x637A, r24	; 0x80637a <Command_Table>
    37d4:	90 93 7b 63 	sts	0x637B, r25	; 0x80637b <Command_Table+0x1>
    37d8:	83 ed       	ldi	r24, 0xD3	; 211
/Users/askn/Develop/UPDI4AVR-USB/src/nvmv5.cpp:168
    Command_Table.write_memory = &write_memory;
    37da:	99 e0       	ldi	r25, 0x09	; 9
    37dc:	80 93 7c 63 	sts	0x637C, r24	; 0x80637c <Command_Table+0x2>
/Users/askn/Develop/UPDI4AVR-USB/src/updi.cpp:446
      else if (_sib[10] == '4') _result = NVM::V4::setup();
    37e0:	90 93 7d 63 	sts	0x637D, r25	; 0x80637d <Command_Table+0x3>
/Users/askn/Develop/UPDI4AVR-USB/src/nvmv4.cpp:187
      return UPDI::send_bytes_block(_dwAddr, _wLength);
    }
  }

  bool setup (void) {
    Command_Table.prog_init    = &prog_init;
    37e4:	8f ef       	ldi	r24, 0xFF	; 255
    37e6:	97 e1       	ldi	r25, 0x17	; 23
    37e8:	80 93 7e 63 	sts	0x637E, r24	; 0x80637e <Command_Table+0x4>
    37ec:	90 93 7f 63 	sts	0x637F, r25	; 0x80637f <Command_Table+0x5>
/Users/askn/Develop/UPDI4AVR-USB/src/nvmv4.cpp:188
    Command_Table.read_memory  = &read_memory;
    37f0:	8e ec       	ldi	r24, 0xCE	; 206
    37f2:	95 e1       	ldi	r25, 0x15	; 21
    37f4:	b9 cf       	rjmp	.-142    	; 0x3768 <UPDI::connect()+0x296>
connect():
    37f6:	83 33       	cpi	r24, 0x33	; 51
    37f8:	a9 f4       	brne	.+42     	; 0x3824 <UPDI::connect()+0x352>
setup():
    37fa:	82 ee       	ldi	r24, 0xE2	; 226
/Users/askn/Develop/UPDI4AVR-USB/src/nvmv4.cpp:189
    Command_Table.erase_memory = &erase_memory;
    37fc:	9c e0       	ldi	r25, 0x0C	; 12
    37fe:	80 93 7a 63 	sts	0x637A, r24	; 0x80637a <Command_Table>
    3802:	90 93 7b 63 	sts	0x637B, r25	; 0x80637b <Command_Table+0x1>
    3806:	82 ed       	ldi	r24, 0xD2	; 210
/Users/askn/Develop/UPDI4AVR-USB/src/nvmv4.cpp:190
    Command_Table.write_memory = &write_memory;
    3808:	99 e0       	ldi	r25, 0x09	; 9
    380a:	80 93 7c 63 	sts	0x637C, r24	; 0x80637c <Command_Table+0x2>
/Users/askn/Develop/UPDI4AVR-USB/src/updi.cpp:447
      else if (_sib[10] == '3') _result = NVM::V3::setup();
    380e:	90 93 7d 63 	sts	0x637D, r25	; 0x80637d <Command_Table+0x3>
/Users/askn/Develop/UPDI4AVR-USB/src/nvmv3.cpp:162
    }
  }

  bool setup (void) {
    Command_Table.prog_init    = &prog_init;
    3812:	86 ee       	ldi	r24, 0xE6	; 230
    3814:	97 e1       	ldi	r25, 0x17	; 23
    3816:	80 93 7e 63 	sts	0x637E, r24	; 0x80637e <Command_Table+0x4>
    381a:	90 93 7f 63 	sts	0x637F, r25	; 0x80637f <Command_Table+0x5>
/Users/askn/Develop/UPDI4AVR-USB/src/nvmv3.cpp:163
    Command_Table.read_memory  = &read_memory;
    381e:	87 e7       	ldi	r24, 0x77	; 119
    3820:	95 e1       	ldi	r25, 0x15	; 21
    3822:	a2 cf       	rjmp	.-188    	; 0x3768 <UPDI::connect()+0x296>
connect():
    3824:	82 33       	cpi	r24, 0x32	; 50
    3826:	a9 f4       	brne	.+42     	; 0x3852 <UPDI::connect()+0x380>
setup():
    3828:	80 e8       	ldi	r24, 0x80	; 128
/Users/askn/Develop/UPDI4AVR-USB/src/nvmv3.cpp:164
    Command_Table.erase_memory = &erase_memory;
    382a:	9d e0       	ldi	r25, 0x0D	; 13
    382c:	80 93 7a 63 	sts	0x637A, r24	; 0x80637a <Command_Table>
    3830:	90 93 7b 63 	sts	0x637B, r25	; 0x80637b <Command_Table+0x1>
    3834:	84 ea       	ldi	r24, 0xA4	; 164
/Users/askn/Develop/UPDI4AVR-USB/src/nvmv3.cpp:165
    Command_Table.write_memory = &write_memory;
    3836:	99 e0       	ldi	r25, 0x09	; 9
    3838:	80 93 7c 63 	sts	0x637C, r24	; 0x80637c <Command_Table+0x2>
/Users/askn/Develop/UPDI4AVR-USB/src/updi.cpp:448
      else if (_sib[10] == '2') _result = NVM::V2::setup();
    383c:	90 93 7d 63 	sts	0x637D, r25	; 0x80637d <Command_Table+0x3>
/Users/askn/Develop/UPDI4AVR-USB/src/nvmv2.cpp:184
      return UPDI::send_bytes_block(_dwAddr, _wLength);
    }
  }

  bool setup (void) {
    Command_Table.prog_init    = &prog_init;
    3840:	88 ee       	ldi	r24, 0xE8	; 232
    3842:	97 e1       	ldi	r25, 0x17	; 23
    3844:	80 93 7e 63 	sts	0x637E, r24	; 0x80637e <Command_Table+0x4>
    3848:	90 93 7f 63 	sts	0x637F, r25	; 0x80637f <Command_Table+0x5>
/Users/askn/Develop/UPDI4AVR-USB/src/nvmv2.cpp:185
    Command_Table.read_memory  = &read_memory;
    384c:	87 ef       	ldi	r24, 0xF7	; 247
    384e:	94 e1       	ldi	r25, 0x14	; 20
    3850:	8b cf       	rjmp	.-234    	; 0x3768 <UPDI::connect()+0x296>
connect():
    3852:	80 33       	cpi	r24, 0x30	; 48
    3854:	09 f0       	breq	.+2      	; 0x3858 <UPDI::connect()+0x386>
    3856:	2b cf       	rjmp	.-426    	; 0x36ae <UPDI::connect()+0x1dc>
setup():
/Users/askn/Develop/UPDI4AVR-USB/src/nvmv2.cpp:186
    Command_Table.erase_memory = &erase_memory;
    3858:	8f e5       	ldi	r24, 0x5F	; 95
    385a:	9d e0       	ldi	r25, 0x0D	; 13
    385c:	80 93 7a 63 	sts	0x637A, r24	; 0x80637a <Command_Table>
    3860:	90 93 7b 63 	sts	0x637B, r25	; 0x80637b <Command_Table+0x1>
/Users/askn/Develop/UPDI4AVR-USB/src/nvmv2.cpp:187
    Command_Table.write_memory = &write_memory;
    3864:	89 e7       	ldi	r24, 0x79	; 121
    3866:	99 e0       	ldi	r25, 0x09	; 9
    3868:	80 93 7c 63 	sts	0x637C, r24	; 0x80637c <Command_Table+0x2>
/Users/askn/Develop/UPDI4AVR-USB/src/updi.cpp:449
      else if (_sib[10] == '0') _result = NVM::V0::setup();
    386c:	90 93 7d 63 	sts	0x637D, r25	; 0x80637d <Command_Table+0x3>
/Users/askn/Develop/UPDI4AVR-USB/src/nvmv0.cpp:171
      return UPDI::send_bytes_block(_wAddr, _wLength);
    }
  }

  bool setup (void) {
    Command_Table.prog_init    = &prog_init;
    3870:	8c ed       	ldi	r24, 0xDC	; 220
    3872:	97 e1       	ldi	r25, 0x17	; 23
    3874:	80 93 7e 63 	sts	0x637E, r24	; 0x80637e <Command_Table+0x4>
    3878:	90 93 7f 63 	sts	0x637F, r25	; 0x80637f <Command_Table+0x5>
/Users/askn/Develop/UPDI4AVR-USB/src/nvmv0.cpp:172
    Command_Table.read_memory  = &read_memory;
    387c:	85 e3       	ldi	r24, 0x35	; 53
    387e:	94 e1       	ldi	r25, 0x14	; 20
    3880:	73 cf       	rjmp	.-282    	; 0x3768 <UPDI::connect()+0x296>

00003882 <ISP::read_flash()>:
read_flash():
    3882:	cf 92       	push	r12
    3884:	df 92       	push	r13
    3886:	ef 92       	push	r14
/Users/askn/Develop/UPDI4AVR-USB/src/nvmv0.cpp:173
    Command_Table.erase_memory = &erase_memory;
    3888:	ff 92       	push	r15
    388a:	0f 93       	push	r16
    388c:	1f 93       	push	r17
    388e:	cf 93       	push	r28
    3890:	df 93       	push	r29
    3892:	00 d0       	rcall	.+0      	; 0x3894 <ISP::read_flash()+0x12>
/Users/askn/Develop/UPDI4AVR-USB/src/nvmv0.cpp:174
    Command_Table.write_memory = &write_memory;
    3894:	cd b7       	in	r28, 0x3d	; 61
    3896:	de b7       	in	r29, 0x3e	; 62
    3898:	80 91 e2 60 	lds	r24, 0x60E2	; 0x8060e2 <ISP::_base_addr>
/Users/askn/Develop/UPDI4AVR-USB/src/isp.cpp:139
    }
    packet.in.isp.data[_length++] = 0;
    return _length;
  }

  size_t read_flash (void) {
    389c:	90 91 e3 60 	lds	r25, 0x60E3	; 0x8060e3 <ISP::_base_addr+0x1>
    38a0:	89 83       	std	Y+1, r24	; 0x01
    38a2:	9a 83       	std	Y+2, r25	; 0x02
bswap16():
    38a4:	00 91 0d 61 	lds	r16, 0x610D	; 0x80610d <packet+0x6>
    38a8:	10 91 0e 61 	lds	r17, 0x610E	; 0x80610e <packet+0x7>
    38ac:	10 27       	eor	r17, r16
    38ae:	01 27       	eor	r16, r17
/Users/askn/Develop/UPDI4AVR-USB/src/isp.cpp:140
    size_t  _addr   = _base_addr;
    38b0:	10 27       	eor	r17, r16
read_flash():
    38b2:	d0 90 0f 61 	lds	r13, 0x610F	; 0x80610f <packet+0x8>
    38b6:	1f 92       	push	r1
    38b8:	df 92       	push	r13
    38ba:	1f 93       	push	r17
/Users/askn/Library/Arduino15/packages/MultiX-Zinnia/hardware/modernAVR/0.4.10/cores/modernAVR/api/cpp/btools.cpp:45
//
// Byte convert
//

uint16_t bswap16 (uint16_t _word) {
  return __builtin_bswap16(_word);
    38bc:	0f 93       	push	r16
    38be:	88 0f       	add	r24, r24
    38c0:	99 1f       	adc	r25, r25
    38c2:	9f 93       	push	r25
    38c4:	8f 93       	push	r24
    38c6:	81 ed       	ldi	r24, 0xD1	; 209
    38c8:	90 e0       	ldi	r25, 0x00	; 0
/Users/askn/Develop/UPDI4AVR-USB/src/isp.cpp:142
    size_t  _length = bswap16(packet.out.isp.wValue);
    uint8_t _type   = packet.out.isp.data[2];
    38ca:	9f 93       	push	r25
    38cc:	8f 93       	push	r24
/Users/askn/Develop/UPDI4AVR-USB/src/isp.cpp:143
    D1PRINTF(" M=$%04X, L=%d, T=$%02X\r\n", _addr << 1, _length, _type);
    38ce:	82 ed       	ldi	r24, 0xD2	; 210
    38d0:	90 e6       	ldi	r25, 0x60	; 96
    38d2:	9f 93       	push	r25
    38d4:	8f 93       	push	r24
    38d6:	0e 94 3e 0e 	call	0x1c7c	; 0x1c7c <Print::printf(PGM_t const*, ...) [clone .constprop.16]>
    38da:	cd bf       	out	0x3d, r28	; 61
    38dc:	de bf       	out	0x3e, r29	; 62
    38de:	37 e0       	ldi	r19, 0x07	; 7
    38e0:	e3 2e       	mov	r14, r19
    38e2:	31 e6       	ldi	r19, 0x61	; 97
    38e4:	f3 2e       	mov	r15, r19
    38e6:	cd 2c       	mov	r12, r13
    38e8:	68 94       	set
    38ea:	c3 f8       	bld	r12, 3
    38ec:	c7 01       	movw	r24, r14
    38ee:	87 50       	subi	r24, 0x07	; 7
    38f0:	91 46       	sbci	r25, 0x61	; 97
    38f2:	80 17       	cp	r24, r16
    38f4:	91 07       	cpc	r25, r17
    38f6:	28 f5       	brcc	.+74     	; 0x3942 <ISP::read_flash()+0xc0>
    38f8:	d0 92 da 60 	sts	0x60DA, r13	; 0x8060da <ISP::_ser>
    38fc:	8a 81       	ldd	r24, Y+2	; 0x02
/Users/askn/Develop/UPDI4AVR-USB/src/isp.cpp:151
      _ser[1] = _CAPS16(_addr)->bytes[1];
      _ser[2] = _CAPS16(_addr)->bytes[0];
      _ser[3] = 0;
      spi_transaction(_ser);
      packet.in.isp.data[_index++] = _res[3];
      _ser[0] = _type | 0x08;
    38fe:	80 93 db 60 	sts	0x60DB, r24	; 0x8060db <ISP::_ser+0x1>
    3902:	89 81       	ldd	r24, Y+1	; 0x01
/Users/askn/Develop/UPDI4AVR-USB/src/isp.cpp:144
  size_t read_flash (void) {
    size_t  _addr   = _base_addr;
    size_t  _length = bswap16(packet.out.isp.wValue);
    uint8_t _type   = packet.out.isp.data[2];
    D1PRINTF(" M=$%04X, L=%d, T=$%02X\r\n", _addr << 1, _length, _type);
    for (size_t _index = 0; _index < _length;) {
    3904:	80 93 dc 60 	sts	0x60DC, r24	; 0x8060dc <ISP::_ser+0x2>
    3908:	10 92 dd 60 	sts	0x60DD, r1	; 0x8060dd <ISP::_ser+0x3>
    390c:	8a ed       	ldi	r24, 0xDA	; 218
    390e:	90 e6       	ldi	r25, 0x60	; 96
/Users/askn/Develop/UPDI4AVR-USB/src/isp.cpp:145
      _ser[0] = _type;
    3910:	0e 94 c0 11 	call	0x2380	; 0x2380 <ISP::spi_transaction(unsigned char const*)>
/Users/askn/Develop/UPDI4AVR-USB/src/isp.cpp:146
      _ser[1] = _CAPS16(_addr)->bytes[1];
    3914:	80 91 e1 60 	lds	r24, 0x60E1	; 0x8060e1 <ISP::_res+0x3>
    3918:	f7 01       	movw	r30, r14
/Users/askn/Develop/UPDI4AVR-USB/src/isp.cpp:147
      _ser[2] = _CAPS16(_addr)->bytes[0];
    391a:	87 83       	std	Z+7, r24	; 0x07
    391c:	c0 92 da 60 	sts	0x60DA, r12	; 0x8060da <ISP::_ser>
/Users/askn/Develop/UPDI4AVR-USB/src/isp.cpp:148
      _ser[3] = 0;
    3920:	8a ed       	ldi	r24, 0xDA	; 218
    3922:	90 e6       	ldi	r25, 0x60	; 96
/Users/askn/Develop/UPDI4AVR-USB/src/isp.cpp:149
      spi_transaction(_ser);
    3924:	0e 94 c0 11 	call	0x2380	; 0x2380 <ISP::spi_transaction(unsigned char const*)>
    3928:	80 91 e1 60 	lds	r24, 0x60E1	; 0x8060e1 <ISP::_res+0x3>
/Users/askn/Develop/UPDI4AVR-USB/src/isp.cpp:150
      packet.in.isp.data[_index++] = _res[3];
    392c:	f7 01       	movw	r30, r14
    392e:	80 87       	std	Z+8, r24	; 0x08
    3930:	89 81       	ldd	r24, Y+1	; 0x01
    3932:	9a 81       	ldd	r25, Y+2	; 0x02
/Users/askn/Develop/UPDI4AVR-USB/src/isp.cpp:151
      _ser[0] = _type | 0x08;
    3934:	01 96       	adiw	r24, 0x01	; 1
    3936:	89 83       	std	Y+1, r24	; 0x01
/Users/askn/Develop/UPDI4AVR-USB/src/isp.cpp:152
      spi_transaction(_ser);
    3938:	9a 83       	std	Y+2, r25	; 0x02
    393a:	f2 e0       	ldi	r31, 0x02	; 2
    393c:	ef 0e       	add	r14, r31
    393e:	f1 1c       	adc	r15, r1
/Users/askn/Develop/UPDI4AVR-USB/src/isp.cpp:153
      packet.in.isp.data[_index++] = _res[3];
    3940:	d5 cf       	rjmp	.-86     	; 0x38ec <ISP::read_flash()+0x6a>
    3942:	f8 01       	movw	r30, r16
    3944:	e9 5f       	subi	r30, 0xF9	; 249
    3946:	fe 49       	sbci	r31, 0x9E	; 158
/Users/askn/Develop/UPDI4AVR-USB/src/isp.cpp:154
      _addr += 1;
    3948:	17 82       	std	Z+7, r1	; 0x07
    394a:	c8 01       	movw	r24, r16
    394c:	01 96       	adiw	r24, 0x01	; 1
    394e:	0f 90       	pop	r0
    3950:	0f 90       	pop	r0
    3952:	df 91       	pop	r29
    3954:	cf 91       	pop	r28
    3956:	1f 91       	pop	r17
    3958:	0f 91       	pop	r16
/Users/askn/Develop/UPDI4AVR-USB/src/isp.cpp:156
    }
    packet.in.isp.data[_length++] = 0;
    395a:	ff 90       	pop	r15
    395c:	ef 90       	pop	r14
    395e:	df 90       	pop	r13
    3960:	cf 90       	pop	r12
/Users/askn/Develop/UPDI4AVR-USB/src/isp.cpp:158
    return _length;
  }
    3962:	08 95       	ret

00003964 <TPI::write_memory()>:
write_memory():
    3964:	2f 92       	push	r2
    3966:	3f 92       	push	r3
    3968:	4f 92       	push	r4
    396a:	5f 92       	push	r5
    396c:	6f 92       	push	r6
    396e:	7f 92       	push	r7
    3970:	8f 92       	push	r8
    3972:	9f 92       	push	r9
    3974:	af 92       	push	r10
    3976:	bf 92       	push	r11
    3978:	cf 92       	push	r12
    397a:	df 92       	push	r13
/Users/askn/Develop/UPDI4AVR-USB/src/tpi.cpp:165
    }
    D1PRINTHEX(&packet.in.data, _wLength, ':');
    return _wLength;
  }

  size_t write_memory (void) {
    397c:	ef 92       	push	r14
    397e:	ff 92       	push	r15
    3980:	0f 93       	push	r16
    3982:	1f 93       	push	r17
    3984:	cf 93       	push	r28
    3986:	df 93       	push	r29
    3988:	b0 90 0d 61 	lds	r11, 0x610D	; 0x80610d <packet+0x6>
bswap16():
    398c:	00 91 11 61 	lds	r16, 0x6111	; 0x806111 <packet+0xa>
    3990:	10 91 12 61 	lds	r17, 0x6112	; 0x806112 <packet+0xb>
    3994:	10 27       	eor	r17, r16
    3996:	01 27       	eor	r16, r17
    3998:	10 27       	eor	r17, r16
    399a:	e0 90 13 61 	lds	r14, 0x6113	; 0x806113 <packet+0xc>
    399e:	f0 90 14 61 	lds	r15, 0x6114	; 0x806114 <packet+0xd>
/Users/askn/Develop/UPDI4AVR-USB/src/tpi.cpp:166
    uint8_t   m_type = packet.out.tpi.read.bMType;
    39a2:	fe 24       	eor	r15, r14
/Users/askn/Library/Arduino15/packages/MultiX-Zinnia/hardware/modernAVR/0.4.10/cores/modernAVR/api/cpp/btools.cpp:45
    39a4:	ef 24       	eor	r14, r15
    39a6:	fe 24       	eor	r15, r14
write_memory():
    39a8:	80 91 05 61 	lds	r24, 0x6105	; 0x806105 <_tpi_chunks>
    39ac:	81 50       	subi	r24, 0x01	; 1
    39ae:	99 0b       	sbc	r25, r25
    39b0:	c5 e1       	ldi	r28, 0x15	; 21
    39b2:	d1 e6       	ldi	r29, 0x61	; 97
    39b4:	2f ef       	ldi	r18, 0xFF	; 255
    39b6:	ac 01       	movw	r20, r24
    39b8:	40 23       	and	r20, r16
    39ba:	51 23       	and	r21, r17
    39bc:	45 2b       	or	r20, r21
    39be:	79 f4       	brne	.+30     	; 0x39de <TPI::write_memory()+0x7a>
/Users/askn/Develop/UPDI4AVR-USB/src/tpi.cpp:174
    uint8_t *_p = &packet.out.tpi.write.memData[0];
    bool _result = true;

    /* To accommodate older host programs, */
    /* the address must be aligned to the top of the page. */
    while (_dwAddr & (_tpi_chunks - 1)) {
    39c0:	2f ef       	ldi	r18, 0xFF	; 255
    39c2:	4c 01       	movw	r8, r24
    39c4:	8e 20       	and	r8, r14
    39c6:	9f 20       	and	r9, r15
/Users/askn/Develop/UPDI4AVR-USB/src/tpi.cpp:169

  size_t write_memory (void) {
    uint8_t   m_type = packet.out.tpi.read.bMType;
    uint16_t _dwAddr = bswap16(_CAPS32(packet.out.tpi.write.dwAddr)->words[1]);
    size_t  _wLength = bswap16(packet.out.tpi.write.wLength);
    uint8_t *_p = &packet.out.tpi.write.memData[0];
    39c8:	81 14       	cp	r8, r1
    39ca:	91 04       	cpc	r9, r1
/Users/askn/Develop/UPDI4AVR-USB/src/tpi.cpp:178
    /* the address must be aligned to the top of the page. */
    while (_dwAddr & (_tpi_chunks - 1)) {
      _dwAddr--;
      _wLength++;
      --_p;
      *_p = 0xFF;     /* NAND masked dummy bytes */
    39cc:	79 f0       	breq	.+30     	; 0x39ec <TPI::write_memory()+0x88>
/Users/askn/Develop/UPDI4AVR-USB/src/tpi.cpp:174
    uint8_t *_p = &packet.out.tpi.write.memData[0];
    bool _result = true;

    /* To accommodate older host programs, */
    /* the address must be aligned to the top of the page. */
    while (_dwAddr & (_tpi_chunks - 1)) {
    39ce:	f8 01       	movw	r30, r16
    39d0:	ee 0d       	add	r30, r14
    39d2:	ff 1d       	adc	r31, r15
    39d4:	20 83       	st	Z, r18
    39d6:	ef ef       	ldi	r30, 0xFF	; 255
/Users/askn/Develop/UPDI4AVR-USB/src/tpi.cpp:181
      _wLength++;
      --_p;
      *_p = 0xFF;     /* NAND masked dummy bytes */
    }
    while (_wLength & (_tpi_chunks - 1)) {
      *((uint8_t*)(_dwAddr + _wLength)) = 0xFF;
    39d8:	ee 1a       	sub	r14, r30
/Users/askn/Develop/UPDI4AVR-USB/src/tpi.cpp:180
      _dwAddr--;
      _wLength++;
      --_p;
      *_p = 0xFF;     /* NAND masked dummy bytes */
    }
    while (_wLength & (_tpi_chunks - 1)) {
    39da:	fe 0a       	sbc	r15, r30
    39dc:	f2 cf       	rjmp	.-28     	; 0x39c2 <TPI::write_memory()+0x5e>
    39de:	01 50       	subi	r16, 0x01	; 1
    39e0:	11 09       	sbc	r17, r1
    39e2:	3f ef       	ldi	r19, 0xFF	; 255
    39e4:	e3 1a       	sub	r14, r19
/Users/askn/Develop/UPDI4AVR-USB/src/tpi.cpp:181
      *((uint8_t*)(_dwAddr + _wLength)) = 0xFF;
    39e6:	f3 0a       	sbc	r15, r19
    39e8:	2a 93       	st	-Y, r18
    39ea:	e5 cf       	rjmp	.-54     	; 0x39b6 <TPI::write_memory()+0x52>
    39ec:	ff 92       	push	r15
/Users/askn/Develop/UPDI4AVR-USB/src/tpi.cpp:182
      _wLength++;
    39ee:	ef 92       	push	r14
    39f0:	1f 93       	push	r17
    39f2:	0f 93       	push	r16
    39f4:	82 e4       	ldi	r24, 0x42	; 66
/Users/askn/Develop/UPDI4AVR-USB/src/tpi.cpp:175
    bool _result = true;

    /* To accommodate older host programs, */
    /* the address must be aligned to the top of the page. */
    while (_dwAddr & (_tpi_chunks - 1)) {
      _dwAddr--;
    39f6:	9b e0       	ldi	r25, 0x0B	; 11
    39f8:	9f 93       	push	r25
/Users/askn/Develop/UPDI4AVR-USB/src/tpi.cpp:176
      _wLength++;
    39fa:	8f 93       	push	r24
    39fc:	22 ed       	ldi	r18, 0xD2	; 210
    39fe:	c2 2e       	mov	r12, r18
/Users/askn/Develop/UPDI4AVR-USB/src/tpi.cpp:178
      --_p;
      *_p = 0xFF;     /* NAND masked dummy bytes */
    3a00:	20 e6       	ldi	r18, 0x60	; 96
    3a02:	d2 2e       	mov	r13, r18
/Users/askn/Develop/UPDI4AVR-USB/src/tpi.cpp:184
    }
    while (_wLength & (_tpi_chunks - 1)) {
      *((uint8_t*)(_dwAddr + _wLength)) = 0xFF;
      _wLength++;
    }
    D1PRINTF(" WRITE=%04X:%d ", _dwAddr, _wLength);
    3a04:	df 92       	push	r13
    3a06:	cf 92       	push	r12
    3a08:	0e 94 3e 0e 	call	0x1c7c	; 0x1c7c <Print::printf(PGM_t const*, ...) [clone .constprop.16]>
    3a0c:	26 ea       	ldi	r18, 0xA6	; 166
    3a0e:	30 e6       	ldi	r19, 0x60	; 96
    3a10:	50 e0       	ldi	r21, 0x00	; 0
    3a12:	40 e0       	ldi	r20, 0x00	; 0
    3a14:	b7 01       	movw	r22, r14
    3a16:	ce 01       	movw	r24, r28
    3a18:	0e 94 d4 0d 	call	0x1ba8	; 0x1ba8 <Print::printHex(void const*, unsigned int, char, unsigned int, char const*) [clone .constprop.12]>
    3a1c:	0e 94 32 0e 	call	0x1c64	; 0x1c64 <Print::ln()>
    3a20:	8d b7       	in	r24, 0x3d	; 61
    3a22:	9e b7       	in	r25, 0x3e	; 62
/Users/askn/Develop/UPDI4AVR-USB/src/tpi.cpp:185
    D1PRINTHEX(_p, _wLength, ':');
    3a24:	08 96       	adiw	r24, 0x08	; 8
    3a26:	8d bf       	out	0x3d, r24	; 61
    3a28:	9e bf       	out	0x3e, r25	; 62
    3a2a:	91 e0       	ldi	r25, 0x01	; 1
    3a2c:	b9 12       	cpse	r11, r25
    3a2e:	71 c0       	rjmp	.+226    	; 0x3b12 <TPI::write_memory()+0x1ae>
    3a30:	b1 2c       	mov	r11, r1
    3a32:	a1 2c       	mov	r10, r1
    3a34:	84 e1       	ldi	r24, 0x14	; 20
    3a36:	48 2e       	mov	r4, r24
/Users/askn/Develop/UPDI4AVR-USB/src/tpi.cpp:190

    /* For the flash code area, the page erase can be */
    /* omitted if the chip has already been erased.   */
    /* 0x01: XPRG_MEM_TYPE_APPL */
    if (m_type != 0x01) {
    3a38:	8b e0       	ldi	r24, 0x0B	; 11
    3a3a:	58 2e       	mov	r5, r24
    3a3c:	92 ed       	ldi	r25, 0xD2	; 210
    3a3e:	69 2e       	mov	r6, r25
    3a40:	90 e6       	ldi	r25, 0x60	; 96
    3a42:	79 2e       	mov	r7, r25
    3a44:	ae 14       	cp	r10, r14
    3a46:	bf 04       	cpc	r11, r15
/Users/askn/Develop/UPDI4AVR-USB/src/tpi.cpp:169

  size_t write_memory (void) {
    uint8_t   m_type = packet.out.tpi.read.bMType;
    uint16_t _dwAddr = bswap16(_CAPS32(packet.out.tpi.write.dwAddr)->words[1]);
    size_t  _wLength = bswap16(packet.out.tpi.write.wLength);
    uint8_t *_p = &packet.out.tpi.write.memData[0];
    3a48:	08 f0       	brcs	.+2      	; 0x3a4c <TPI::write_memory()+0xe8>
    3a4a:	c6 c0       	rjmp	.+396    	; 0x3bd8 <TPI::write_memory()+0x274>
/Users/askn/Develop/UPDI4AVR-USB/src/tpi.cpp:204
      if (!_result) return 0;
    }

    /* WRITE_PAGE */
    for (size_t _i = 0; _i < _wLength; _i += _tpi_chunks) {
      D1PRINTF(" CODE_WRITE=%04X:%02X\r\n", _dwAddr, _tpi_chunks);
    3a4c:	80 91 05 61 	lds	r24, 0x6105	; 0x806105 <_tpi_chunks>
    3a50:	1f 92       	push	r1
    3a52:	8f 93       	push	r24
    3a54:	1f 93       	push	r17
    3a56:	0f 93       	push	r16
    3a58:	5f 92       	push	r5
    3a5a:	4f 92       	push	r4
/Users/askn/Develop/UPDI4AVR-USB/src/tpi.cpp:203
        && nvm_ctrl(0x00);
      if (!_result) return 0;
    }

    /* WRITE_PAGE */
    for (size_t _i = 0; _i < _wLength; _i += _tpi_chunks) {
    3a5c:	7f 92       	push	r7
    3a5e:	6f 92       	push	r6
    3a60:	0e 94 3e 0e 	call	0x1c7c	; 0x1c7c <Print::printf(PGM_t const*, ...) [clone .constprop.16]>
/Users/askn/Develop/UPDI4AVR-USB/src/tpi.cpp:204
      D1PRINTF(" CODE_WRITE=%04X:%02X\r\n", _dwAddr, _tpi_chunks);
    3a64:	0e 94 63 0a 	call	0x14c6	; 0x14c6 <TPI::nvm_wait()>
    3a68:	38 2e       	mov	r3, r24
    3a6a:	ed b7       	in	r30, 0x3d	; 61
    3a6c:	fe b7       	in	r31, 0x3e	; 62
    3a6e:	38 96       	adiw	r30, 0x08	; 8
    3a70:	ed bf       	out	0x3d, r30	; 61
    3a72:	fe bf       	out	0x3e, r31	; 62
    3a74:	88 23       	and	r24, r24
    3a76:	99 f0       	breq	.+38     	; 0x3a9e <TPI::write_memory()+0x13a>
    3a78:	c8 01       	movw	r24, r16
    3a7a:	0e 94 81 0a 	call	0x1502	; 0x1502 <TPI::set_sstpr(unsigned int)>
/Users/askn/Develop/UPDI4AVR-USB/src/tpi.cpp:205
      _result &= nvm_wait()
    3a7e:	38 2e       	mov	r3, r24
    3a80:	88 23       	and	r24, r24
/Users/askn/Develop/UPDI4AVR-USB/src/tpi.cpp:209
              && set_sstpr(_dwAddr)
              && nvm_ctrl(0x1D)
              && set_sst(*_p++)
              && set_sst(*_p++);
    3a82:	69 f0       	breq	.+26     	; 0x3a9e <TPI::write_memory()+0x13a>
    3a84:	8d e1       	ldi	r24, 0x1D	; 29
    3a86:	0e 94 57 0a 	call	0x14ae	; 0x14ae <TPI::nvm_ctrl(unsigned char)>
    3a8a:	38 2e       	mov	r3, r24
    3a8c:	88 23       	and	r24, r24
    3a8e:	39 f0       	breq	.+14     	; 0x3a9e <TPI::write_memory()+0x13a>
/Users/askn/Develop/UPDI4AVR-USB/src/tpi.cpp:206

    /* WRITE_PAGE */
    for (size_t _i = 0; _i < _wLength; _i += _tpi_chunks) {
      D1PRINTF(" CODE_WRITE=%04X:%02X\r\n", _dwAddr, _tpi_chunks);
      _result &= nvm_wait()
              && set_sstpr(_dwAddr)
    3a90:	88 81       	ld	r24, Y
    3a92:	0e 94 6f 0a 	call	0x14de	; 0x14de <TPI::set_sst(unsigned char)>
    3a96:	38 2e       	mov	r3, r24
    3a98:	81 11       	cpse	r24, r1
    3a9a:	7e c0       	rjmp	.+252    	; 0x3b98 <TPI::write_memory()+0x234>
/Users/askn/Develop/UPDI4AVR-USB/src/tpi.cpp:207
              && nvm_ctrl(0x1D)
    3a9c:	21 96       	adiw	r28, 0x01	; 1
    3a9e:	20 90 05 61 	lds	r2, 0x6105	; 0x806105 <_tpi_chunks>
    3aa2:	33 e0       	ldi	r19, 0x03	; 3
    3aa4:	32 15       	cp	r19, r2
    3aa6:	48 f5       	brcc	.+82     	; 0x3afa <TPI::write_memory()+0x196>
/Users/askn/Develop/UPDI4AVR-USB/src/tpi.cpp:208
              && set_sst(*_p++)
    3aa8:	80 e1       	ldi	r24, 0x10	; 16
    3aaa:	90 e0       	ldi	r25, 0x00	; 0
    3aac:	0e 94 99 0a 	call	0x1532	; 0x1532 <TPI::idle_clock(unsigned int)>
    3ab0:	88 81       	ld	r24, Y
    3ab2:	0e 94 6f 0a 	call	0x14de	; 0x14de <TPI::set_sst(unsigned char)>
/Users/askn/Develop/UPDI4AVR-USB/src/tpi.cpp:211
              && set_sst(*_p++);
      /* The 2-word or 4-word write model requires a 12-bit wait for each word written. */
      if (_tpi_chunks >= 4) {
    3ab6:	81 11       	cpse	r24, r1
    3ab8:	79 c0       	rjmp	.+242    	; 0x3bac <TPI::write_memory()+0x248>
    3aba:	21 96       	adiw	r28, 0x01	; 1
    3abc:	38 22       	and	r3, r24
    3abe:	98 e0       	ldi	r25, 0x08	; 8
/Users/askn/Develop/UPDI4AVR-USB/src/tpi.cpp:212
        idle_clock(16);
    3ac0:	29 12       	cpse	r2, r25
    3ac2:	1b c0       	rjmp	.+54     	; 0x3afa <TPI::write_memory()+0x196>
    3ac4:	80 e1       	ldi	r24, 0x10	; 16
    3ac6:	90 e0       	ldi	r25, 0x00	; 0
/Users/askn/Develop/UPDI4AVR-USB/src/tpi.cpp:213
        _result &= set_sst(*_p++) && set_sst(*_p++);
    3ac8:	0e 94 99 0a 	call	0x1532	; 0x1532 <TPI::idle_clock(unsigned int)>
    3acc:	88 81       	ld	r24, Y
    3ace:	0e 94 6f 0a 	call	0x14de	; 0x14de <TPI::set_sst(unsigned char)>
    3ad2:	6e 01       	movw	r12, r28
    3ad4:	81 11       	cpse	r24, r1
/Users/askn/Develop/UPDI4AVR-USB/src/tpi.cpp:215
      }
      if (_tpi_chunks == 8) {
    3ad6:	73 c0       	rjmp	.+230    	; 0x3bbe <TPI::write_memory()+0x25a>
    3ad8:	ef ef       	ldi	r30, 0xFF	; 255
    3ada:	ce 1a       	sub	r12, r30
/Users/askn/Develop/UPDI4AVR-USB/src/tpi.cpp:216
        idle_clock(16);
    3adc:	de 0a       	sbc	r13, r30
    3ade:	38 22       	and	r3, r24
    3ae0:	80 e1       	ldi	r24, 0x10	; 16
    3ae2:	90 e0       	ldi	r25, 0x00	; 0
/Users/askn/Develop/UPDI4AVR-USB/src/tpi.cpp:217
        _result &= set_sst(*_p++) && set_sst(*_p++);
    3ae4:	0e 94 99 0a 	call	0x1532	; 0x1532 <TPI::idle_clock(unsigned int)>
    3ae8:	f6 01       	movw	r30, r12
    3aea:	80 81       	ld	r24, Z
    3aec:	0e 94 6f 0a 	call	0x14de	; 0x14de <TPI::set_sst(unsigned char)>
    3af0:	e6 01       	movw	r28, r12
    3af2:	81 11       	cpse	r24, r1
    3af4:	6b c0       	rjmp	.+214    	; 0x3bcc <TPI::write_memory()+0x268>
    3af6:	21 96       	adiw	r28, 0x01	; 1
/Users/askn/Develop/UPDI4AVR-USB/src/tpi.cpp:218
        idle_clock(16);
    3af8:	38 22       	and	r3, r24
    3afa:	0e 94 63 0a 	call	0x14c6	; 0x14c6 <TPI::nvm_wait()>
    3afe:	33 20       	and	r3, r3
/Users/askn/Develop/UPDI4AVR-USB/src/tpi.cpp:219
        _result &= set_sst(*_p++) && set_sst(*_p++);
    3b00:	b9 f1       	breq	.+110    	; 0x3b70 <TPI::write_memory()+0x20c>
    3b02:	88 23       	and	r24, r24
    3b04:	a9 f1       	breq	.+106    	; 0x3b70 <TPI::write_memory()+0x20c>
    3b06:	31 2c       	mov	r3, r1
    3b08:	02 0d       	add	r16, r2
    3b0a:	13 1d       	adc	r17, r3
    3b0c:	a2 0c       	add	r10, r2
    3b0e:	b3 1c       	adc	r11, r3
    3b10:	99 cf       	rjmp	.-206    	; 0x3a44 <TPI::write_memory()+0xe0>
/Users/askn/Develop/UPDI4AVR-USB/src/tpi.cpp:221
      }
      _result &= nvm_wait();
    3b12:	58 01       	movw	r10, r16
    3b14:	68 94       	set
/Users/askn/Develop/UPDI4AVR-USB/src/tpi.cpp:222
      if (!_result) return 0;
    3b16:	a0 f8       	bld	r10, 0
    3b18:	bf 92       	push	r11
    3b1a:	af 92       	push	r10
    3b1c:	8c e2       	ldi	r24, 0x2C	; 44
/Users/askn/Develop/UPDI4AVR-USB/src/tpi.cpp:223
      _dwAddr += _tpi_chunks;
    3b1e:	9b e0       	ldi	r25, 0x0B	; 11
    3b20:	9f 93       	push	r25
    3b22:	8f 93       	push	r24
/Users/askn/Develop/UPDI4AVR-USB/src/tpi.cpp:203
        && nvm_ctrl(0x00);
      if (!_result) return 0;
    }

    /* WRITE_PAGE */
    for (size_t _i = 0; _i < _wLength; _i += _tpi_chunks) {
    3b24:	df 92       	push	r13
    3b26:	cf 92       	push	r12
    3b28:	0e 94 3e 0e 	call	0x1c7c	; 0x1c7c <Print::printf(PGM_t const*, ...) [clone .constprop.16]>
/Users/askn/Develop/UPDI4AVR-USB/src/tpi.cpp:192
    /* For the flash code area, the page erase can be */
    /* omitted if the chip has already been erased.   */
    /* 0x01: XPRG_MEM_TYPE_APPL */
    if (m_type != 0x01) {
      /* SECTION_ERASE */
      D1PRINTF(" SECTION_ERASE=%04X\r\n", _dwAddr | 1);
    3b2c:	0e 94 63 0a 	call	0x14c6	; 0x14c6 <TPI::nvm_wait()>
    3b30:	0f 90       	pop	r0
    3b32:	0f 90       	pop	r0
    3b34:	0f 90       	pop	r0
    3b36:	0f 90       	pop	r0
    3b38:	0f 90       	pop	r0
    3b3a:	0f 90       	pop	r0
    3b3c:	88 23       	and	r24, r24
    3b3e:	c1 f0       	breq	.+48     	; 0x3b70 <TPI::write_memory()+0x20c>
    3b40:	c5 01       	movw	r24, r10
    3b42:	0e 94 81 0a 	call	0x1502	; 0x1502 <TPI::set_sstpr(unsigned int)>
/Users/askn/Develop/UPDI4AVR-USB/src/tpi.cpp:193
      _result &= nvm_wait()
    3b46:	88 23       	and	r24, r24
/Users/askn/Develop/UPDI4AVR-USB/src/tpi.cpp:198
        && set_sstpr(_dwAddr | 1)
        && nvm_ctrl(0x14)
        && set_sst(0xFF)
        && nvm_wait()
        && nvm_ctrl(0x00);
    3b48:	99 f0       	breq	.+38     	; 0x3b70 <TPI::write_memory()+0x20c>
    3b4a:	84 e1       	ldi	r24, 0x14	; 20
    3b4c:	0e 94 57 0a 	call	0x14ae	; 0x14ae <TPI::nvm_ctrl(unsigned char)>
    3b50:	88 23       	and	r24, r24
    3b52:	71 f0       	breq	.+28     	; 0x3b70 <TPI::write_memory()+0x20c>
    3b54:	8f ef       	ldi	r24, 0xFF	; 255
    3b56:	0e 94 6f 0a 	call	0x14de	; 0x14de <TPI::set_sst(unsigned char)>
/Users/askn/Develop/UPDI4AVR-USB/src/tpi.cpp:194
    /* 0x01: XPRG_MEM_TYPE_APPL */
    if (m_type != 0x01) {
      /* SECTION_ERASE */
      D1PRINTF(" SECTION_ERASE=%04X\r\n", _dwAddr | 1);
      _result &= nvm_wait()
        && set_sstpr(_dwAddr | 1)
    3b5a:	88 23       	and	r24, r24
    3b5c:	49 f0       	breq	.+18     	; 0x3b70 <TPI::write_memory()+0x20c>
    3b5e:	0e 94 63 0a 	call	0x14c6	; 0x14c6 <TPI::nvm_wait()>
/Users/askn/Develop/UPDI4AVR-USB/src/tpi.cpp:195
        && nvm_ctrl(0x14)
    3b62:	88 23       	and	r24, r24
    3b64:	29 f0       	breq	.+10     	; 0x3b70 <TPI::write_memory()+0x20c>
    3b66:	80 e0       	ldi	r24, 0x00	; 0
    3b68:	0e 94 57 0a 	call	0x14ae	; 0x14ae <TPI::nvm_ctrl(unsigned char)>
/Users/askn/Develop/UPDI4AVR-USB/src/tpi.cpp:196
        && set_sst(0xFF)
    3b6c:	81 11       	cpse	r24, r1
    3b6e:	60 cf       	rjmp	.-320    	; 0x3a30 <TPI::write_memory()+0xcc>
    3b70:	c4 01       	movw	r24, r8
    3b72:	df 91       	pop	r29
    3b74:	cf 91       	pop	r28
/Users/askn/Develop/UPDI4AVR-USB/src/tpi.cpp:197
        && nvm_wait()
    3b76:	1f 91       	pop	r17
    3b78:	0f 91       	pop	r16
    3b7a:	ff 90       	pop	r15
    3b7c:	ef 90       	pop	r14
/Users/askn/Develop/UPDI4AVR-USB/src/tpi.cpp:198
        && nvm_ctrl(0x00);
    3b7e:	df 90       	pop	r13
    3b80:	cf 90       	pop	r12
    3b82:	bf 90       	pop	r11
    3b84:	af 90       	pop	r10
    3b86:	9f 90       	pop	r9
/Users/askn/Develop/UPDI4AVR-USB/src/tpi.cpp:226
      _result &= nvm_wait();
      if (!_result) return 0;
      _dwAddr += _tpi_chunks;
    }
    return nvm_ctrl(0x00);
  }
    3b88:	8f 90       	pop	r8
    3b8a:	7f 90       	pop	r7
    3b8c:	6f 90       	pop	r6
    3b8e:	5f 90       	pop	r5
    3b90:	4f 90       	pop	r4
    3b92:	3f 90       	pop	r3
    3b94:	2f 90       	pop	r2
    3b96:	08 95       	ret
    3b98:	6e 01       	movw	r12, r28
    3b9a:	f2 e0       	ldi	r31, 0x02	; 2
    3b9c:	cf 0e       	add	r12, r31
    3b9e:	d1 1c       	adc	r13, r1
    3ba0:	89 81       	ldd	r24, Y+1	; 0x01
    3ba2:	0e 94 6f 0a 	call	0x14de	; 0x14de <TPI::set_sst(unsigned char)>
    3ba6:	38 2e       	mov	r3, r24
    3ba8:	e6 01       	movw	r28, r12
    3baa:	79 cf       	rjmp	.-270    	; 0x3a9e <TPI::write_memory()+0x13a>
    3bac:	6e 01       	movw	r12, r28
    3bae:	82 e0       	ldi	r24, 0x02	; 2
/Users/askn/Develop/UPDI4AVR-USB/src/tpi.cpp:209
      D1PRINTF(" CODE_WRITE=%04X:%02X\r\n", _dwAddr, _tpi_chunks);
      _result &= nvm_wait()
              && set_sstpr(_dwAddr)
              && nvm_ctrl(0x1D)
              && set_sst(*_p++)
              && set_sst(*_p++);
    3bb0:	c8 0e       	add	r12, r24
    3bb2:	d1 1c       	adc	r13, r1
    3bb4:	89 81       	ldd	r24, Y+1	; 0x01
    3bb6:	0e 94 6f 0a 	call	0x14de	; 0x14de <TPI::set_sst(unsigned char)>
    3bba:	e6 01       	movw	r28, r12
    3bbc:	7f cf       	rjmp	.-258    	; 0x3abc <TPI::write_memory()+0x158>
    3bbe:	f2 e0       	ldi	r31, 0x02	; 2
    3bc0:	cf 0e       	add	r12, r31
    3bc2:	d1 1c       	adc	r13, r1
/Users/askn/Develop/UPDI4AVR-USB/src/tpi.cpp:213
      /* The 2-word or 4-word write model requires a 12-bit wait for each word written. */
      if (_tpi_chunks >= 4) {
        idle_clock(16);
        _result &= set_sst(*_p++) && set_sst(*_p++);
    3bc4:	89 81       	ldd	r24, Y+1	; 0x01
    3bc6:	0e 94 6f 0a 	call	0x14de	; 0x14de <TPI::set_sst(unsigned char)>
    3bca:	89 cf       	rjmp	.-238    	; 0x3ade <TPI::write_memory()+0x17a>
    3bcc:	22 96       	adiw	r28, 0x02	; 2
    3bce:	f6 01       	movw	r30, r12
    3bd0:	81 81       	ldd	r24, Z+1	; 0x01
    3bd2:	0e 94 6f 0a 	call	0x14de	; 0x14de <TPI::set_sst(unsigned char)>
/Users/askn/Develop/UPDI4AVR-USB/src/tpi.cpp:217
      }
      if (_tpi_chunks == 8) {
        idle_clock(16);
        _result &= set_sst(*_p++) && set_sst(*_p++);
    3bd6:	90 cf       	rjmp	.-224    	; 0x3af8 <TPI::write_memory()+0x194>
    3bd8:	80 e0       	ldi	r24, 0x00	; 0
    3bda:	0e 94 57 0a 	call	0x14ae	; 0x14ae <TPI::nvm_ctrl(unsigned char)>
    3bde:	88 2e       	mov	r8, r24
    3be0:	91 2c       	mov	r9, r1
    3be2:	c6 cf       	rjmp	.-116    	; 0x3b70 <TPI::write_memory()+0x20c>

00003be4 <TPI::read_memory()>:
read_memory():
/Users/askn/Develop/UPDI4AVR-USB/src/tpi.cpp:219
        idle_clock(16);
        _result &= set_sst(*_p++) && set_sst(*_p++);
    3be4:	0f 93       	push	r16
    3be6:	1f 93       	push	r17
    3be8:	cf 93       	push	r28
    3bea:	df 93       	push	r29
bswap16():
    3bec:	00 91 10 61 	lds	r16, 0x6110	; 0x806110 <packet+0x9>
/Users/askn/Develop/UPDI4AVR-USB/src/tpi.cpp:225
      }
      _result &= nvm_wait();
      if (!_result) return 0;
      _dwAddr += _tpi_chunks;
    }
    return nvm_ctrl(0x00);
    3bf0:	10 91 11 61 	lds	r17, 0x6111	; 0x806111 <packet+0xa>
    3bf4:	10 27       	eor	r17, r16
    3bf6:	01 27       	eor	r16, r17
    3bf8:	10 27       	eor	r17, r16
    3bfa:	c0 91 12 61 	lds	r28, 0x6112	; 0x806112 <packet+0xb>
/Users/askn/Develop/UPDI4AVR-USB/src/tpi.cpp:148
        }
    }
    return 0;
  }

  size_t read_memory (void) {
    3bfe:	d0 91 13 61 	lds	r29, 0x6113	; 0x806113 <packet+0xc>
    3c02:	dc 27       	eor	r29, r28
/Users/askn/Library/Arduino15/packages/MultiX-Zinnia/hardware/modernAVR/0.4.10/cores/modernAVR/api/cpp/btools.cpp:45
    3c04:	cd 27       	eor	r28, r29
    3c06:	dc 27       	eor	r29, r28
read_memory():
    3c08:	df 93       	push	r29
    3c0a:	cf 93       	push	r28
    3c0c:	1f 93       	push	r17
    3c0e:	0f 93       	push	r16
    3c10:	85 e0       	ldi	r24, 0x05	; 5
    3c12:	9b e0       	ldi	r25, 0x0B	; 11
    3c14:	9f 93       	push	r25
    3c16:	8f 93       	push	r24
    3c18:	82 ed       	ldi	r24, 0xD2	; 210
    3c1a:	90 e6       	ldi	r25, 0x60	; 96
    3c1c:	9f 93       	push	r25
    3c1e:	8f 93       	push	r24
/Users/askn/Develop/UPDI4AVR-USB/src/tpi.cpp:154
    /* With reduceAVR you don't need to look at the memory type. */
    uint16_t _dwAddr = bswap16(_CAPS32(packet.out.tpi.read.dwAddr)->words[1]);
    size_t  _wLength = bswap16(packet.out.tpi.read.wLength);
    uint8_t *_q = &packet.in.data[0];
    size_t _cnt = 0;
    D1PRINTF(" READ=%04X:%d ", _dwAddr, _wLength);
    3c20:	0e 94 3e 0e 	call	0x1c7c	; 0x1c7c <Print::printf(PGM_t const*, ...) [clone .constprop.16]>
    3c24:	c8 01       	movw	r24, r16
    3c26:	0e 94 81 0a 	call	0x1502	; 0x1502 <TPI::set_sstpr(unsigned int)>
    3c2a:	ed b7       	in	r30, 0x3d	; 61
    3c2c:	fe b7       	in	r31, 0x3e	; 62
    3c2e:	38 96       	adiw	r30, 0x08	; 8
    3c30:	ed bf       	out	0x3d, r30	; 61
    3c32:	fe bf       	out	0x3e, r31	; 62
    3c34:	07 e0       	ldi	r16, 0x07	; 7
    3c36:	11 e6       	ldi	r17, 0x61	; 97
    3c38:	c8 01       	movw	r24, r16
    3c3a:	87 50       	subi	r24, 0x07	; 7
/Users/askn/Develop/UPDI4AVR-USB/src/tpi.cpp:155
    set_sstpr(_dwAddr);
    3c3c:	91 46       	sbci	r25, 0x61	; 97
    3c3e:	8c 17       	cp	r24, r28
    3c40:	9d 07       	cpc	r25, r29
    3c42:	50 f4       	brcc	.+20     	; 0x3c58 <TPI::read_memory()+0x74>
    3c44:	0e 94 7b 0a 	call	0x14f6	; 0x14f6 <TPI::get_sld()>
    3c48:	0f 5f       	subi	r16, 0xFF	; 255
    3c4a:	1f 4f       	sbci	r17, 0xFF	; 255
    3c4c:	88 23       	and	r24, r24
/Users/askn/Develop/UPDI4AVR-USB/src/tpi.cpp:156
    while (_cnt < _wLength) {
    3c4e:	a9 f0       	breq	.+42     	; 0x3c7a <TPI::read_memory()+0x96>
    3c50:	8d b3       	in	r24, 0x1d	; 29
    3c52:	f8 01       	movw	r30, r16
    3c54:	86 83       	std	Z+6, r24	; 0x06
    3c56:	f0 cf       	rjmp	.-32     	; 0x3c38 <TPI::read_memory()+0x54>
    3c58:	26 ea       	ldi	r18, 0xA6	; 166
/Users/askn/Develop/UPDI4AVR-USB/src/tpi.cpp:157
      if (!get_sld()) return 0;
    3c5a:	30 e6       	ldi	r19, 0x60	; 96
    3c5c:	50 e0       	ldi	r21, 0x00	; 0
    3c5e:	40 e0       	ldi	r20, 0x00	; 0
    3c60:	be 01       	movw	r22, r28
    3c62:	8e e0       	ldi	r24, 0x0E	; 14
    3c64:	91 e6       	ldi	r25, 0x61	; 97
/Users/askn/Develop/UPDI4AVR-USB/src/tpi.cpp:158
      *_q++ = RXDATA;
    3c66:	0e 94 d4 0d 	call	0x1ba8	; 0x1ba8 <Print::printHex(void const*, unsigned int, char, unsigned int, char const*) [clone .constprop.12]>
    3c6a:	0e 94 32 0e 	call	0x1c64	; 0x1c64 <Print::ln()>
/Users/askn/Develop/UPDI4AVR-USB/src/tpi.cpp:161
      ++_cnt;
    }
    D1PRINTHEX(&packet.in.data, _wLength, ':');
    3c6e:	ce 01       	movw	r24, r28
    3c70:	df 91       	pop	r29
    3c72:	cf 91       	pop	r28
    3c74:	1f 91       	pop	r17
    3c76:	0f 91       	pop	r16
    3c78:	08 95       	ret
    3c7a:	d0 e0       	ldi	r29, 0x00	; 0
    3c7c:	c0 e0       	ldi	r28, 0x00	; 0
    3c7e:	f7 cf       	rjmp	.-18     	; 0x3c6e <TPI::read_memory()+0x8a>

00003c80 <TPI::erase_memory()>:
erase_memory():
    3c80:	cf 93       	push	r28
    3c82:	df 93       	push	r29
bswap16():
/Users/askn/Develop/UPDI4AVR-USB/src/tpi.cpp:163
    return _wLength;
  }
    3c84:	c0 91 10 61 	lds	r28, 0x6110	; 0x806110 <packet+0x9>
    3c88:	d0 91 11 61 	lds	r29, 0x6111	; 0x806111 <packet+0xa>
    3c8c:	dc 27       	eor	r29, r28
    3c8e:	cd 27       	eor	r28, r29
/Users/askn/Develop/UPDI4AVR-USB/src/tpi.cpp:157
    uint8_t *_q = &packet.in.data[0];
    size_t _cnt = 0;
    D1PRINTF(" READ=%04X:%d ", _dwAddr, _wLength);
    set_sstpr(_dwAddr);
    while (_cnt < _wLength) {
      if (!get_sld()) return 0;
    3c90:	dc 27       	eor	r29, r28
erase_memory():
    3c92:	80 91 0d 61 	lds	r24, 0x610D	; 0x80610d <packet+0x6>
/Users/askn/Develop/UPDI4AVR-USB/src/tpi.cpp:117

  bool nvm_ctrl (const uint8_t _nvmcmd) {
    return set_sout(0x63, _nvmcmd);   /* NVMCMD_REG: IO=0x33 */
  }

  size_t erase_memory (void) {
    3c96:	81 30       	cpi	r24, 0x01	; 1
    3c98:	79 f5       	brne	.+94     	; 0x3cf8 <TPI::erase_memory()+0x78>
/Users/askn/Library/Arduino15/packages/MultiX-Zinnia/hardware/modernAVR/0.4.10/cores/modernAVR/api/cpp/btools.cpp:45
    3c9a:	df 93       	push	r29
    3c9c:	cf 93       	push	r28
    3c9e:	82 ef       	ldi	r24, 0xF2	; 242
    3ca0:	9a e0       	ldi	r25, 0x0A	; 10
    3ca2:	9f 93       	push	r25
    3ca4:	8f 93       	push	r24
    3ca6:	82 ed       	ldi	r24, 0xD2	; 210
/Users/askn/Develop/UPDI4AVR-USB/src/tpi.cpp:120
    uint8_t   m_type = packet.out.tpi.read.bMType;
    uint16_t _dwAddr = bswap16(_CAPS32(packet.out.tpi.read.dwAddr)->words[1]);
    if (m_type == 0x01) {
    3ca8:	90 e6       	ldi	r25, 0x60	; 96
    3caa:	9f 93       	push	r25
    3cac:	8f 93       	push	r24
    3cae:	0e 94 3e 0e 	call	0x1c7c	; 0x1c7c <Print::printf(PGM_t const*, ...) [clone .constprop.16]>
/Users/askn/Develop/UPDI4AVR-USB/src/tpi.cpp:122
      /* XPRG_ERASE_CHIP */
      D1PRINTF(" CHIP_ERASE=%04X\r\n", _dwAddr);
    3cb2:	0e 94 63 0a 	call	0x14c6	; 0x14c6 <TPI::nvm_wait()>
    3cb6:	0f 90       	pop	r0
    3cb8:	0f 90       	pop	r0
    3cba:	0f 90       	pop	r0
    3cbc:	0f 90       	pop	r0
    3cbe:	0f 90       	pop	r0
    3cc0:	0f 90       	pop	r0
    3cc2:	81 11       	cpse	r24, r1
    3cc4:	05 c0       	rjmp	.+10     	; 0x3cd0 <TPI::erase_memory()+0x50>
    3cc6:	90 e0       	ldi	r25, 0x00	; 0
/Users/askn/Develop/UPDI4AVR-USB/src/tpi.cpp:123
      if (nvm_wait()
    3cc8:	80 e0       	ldi	r24, 0x00	; 0
    3cca:	df 91       	pop	r29
/Users/askn/Develop/UPDI4AVR-USB/src/tpi.cpp:127
        && set_sstpr(_dwAddr | 1)
        && nvm_ctrl(0x10)
        && set_sst(0xFF)
        && nvm_wait()) {
    3ccc:	cf 91       	pop	r28
    3cce:	08 95       	ret
    3cd0:	ce 01       	movw	r24, r28
    3cd2:	81 60       	ori	r24, 0x01	; 1
    3cd4:	0e 94 81 0a 	call	0x1502	; 0x1502 <TPI::set_sstpr(unsigned int)>
    3cd8:	88 23       	and	r24, r24
    3cda:	a9 f3       	breq	.-22     	; 0x3cc6 <TPI::erase_memory()+0x46>
/Users/askn/Develop/UPDI4AVR-USB/src/tpi.cpp:145
        && set_sst(0xFF)
        && nvm_wait()) {
          return 1;
        }
    }
    return 0;
    3cdc:	80 e1       	ldi	r24, 0x10	; 16
    3cde:	0e 94 57 0a 	call	0x14ae	; 0x14ae <TPI::nvm_ctrl(unsigned char)>
/Users/askn/Develop/UPDI4AVR-USB/src/tpi.cpp:146
  }
    3ce2:	88 23       	and	r24, r24
    3ce4:	81 f3       	breq	.-32     	; 0x3cc6 <TPI::erase_memory()+0x46>
/Users/askn/Develop/UPDI4AVR-USB/src/tpi.cpp:124
    uint16_t _dwAddr = bswap16(_CAPS32(packet.out.tpi.read.dwAddr)->words[1]);
    if (m_type == 0x01) {
      /* XPRG_ERASE_CHIP */
      D1PRINTF(" CHIP_ERASE=%04X\r\n", _dwAddr);
      if (nvm_wait()
        && set_sstpr(_dwAddr | 1)
    3ce6:	8f ef       	ldi	r24, 0xFF	; 255
    3ce8:	0e 94 6f 0a 	call	0x14de	; 0x14de <TPI::set_sst(unsigned char)>
    3cec:	88 23       	and	r24, r24
    3cee:	59 f3       	breq	.-42     	; 0x3cc6 <TPI::erase_memory()+0x46>
    3cf0:	0e 94 63 0a 	call	0x14c6	; 0x14c6 <TPI::nvm_wait()>
/Users/askn/Develop/UPDI4AVR-USB/src/tpi.cpp:139
      /* Currently not called on AVRDUDE<=8.0. */
      /* It may be called from terminal mode.  */
      D1PRINTF(" SECTION_ERASE=%04X\r\n", _dwAddr);
      if (nvm_wait()
        && set_sstpr(_dwAddr | 1)
        && nvm_ctrl(0x14)
    3cf4:	90 e0       	ldi	r25, 0x00	; 0
    3cf6:	e9 cf       	rjmp	.-46     	; 0x3cca <TPI::erase_memory()+0x4a>
    3cf8:	df 93       	push	r29
    3cfa:	cf 93       	push	r28
/Users/askn/Develop/UPDI4AVR-USB/src/tpi.cpp:140
        && set_sst(0xFF)
    3cfc:	8c ed       	ldi	r24, 0xDC	; 220
    3cfe:	9a e0       	ldi	r25, 0x0A	; 10
    3d00:	9f 93       	push	r25
    3d02:	8f 93       	push	r24
    3d04:	82 ed       	ldi	r24, 0xD2	; 210
/Users/askn/Develop/UPDI4AVR-USB/src/tpi.cpp:141
        && nvm_wait()) {
    3d06:	90 e6       	ldi	r25, 0x60	; 96
    3d08:	9f 93       	push	r25
/Users/askn/Develop/UPDI4AVR-USB/src/tpi.cpp:145
          return 1;
        }
    }
    return 0;
    3d0a:	8f 93       	push	r24
    3d0c:	0e 94 3e 0e 	call	0x1c7c	; 0x1c7c <Print::printf(PGM_t const*, ...) [clone .constprop.16]>
/Users/askn/Develop/UPDI4AVR-USB/src/tpi.cpp:136
    else {
      /* 0x02: XPRG_ERASE_APP */
      /* 0x09: XPRG_ERASE_CONFIG */
      /* Currently not called on AVRDUDE<=8.0. */
      /* It may be called from terminal mode.  */
      D1PRINTF(" SECTION_ERASE=%04X\r\n", _dwAddr);
    3d10:	0e 94 63 0a 	call	0x14c6	; 0x14c6 <TPI::nvm_wait()>
    3d14:	0f 90       	pop	r0
    3d16:	0f 90       	pop	r0
    3d18:	0f 90       	pop	r0
    3d1a:	0f 90       	pop	r0
    3d1c:	0f 90       	pop	r0
    3d1e:	0f 90       	pop	r0
    3d20:	88 23       	and	r24, r24
    3d22:	89 f2       	breq	.-94     	; 0x3cc6 <TPI::erase_memory()+0x46>
/Users/askn/Develop/UPDI4AVR-USB/src/tpi.cpp:137
      if (nvm_wait()
    3d24:	ce 01       	movw	r24, r28
    3d26:	81 60       	ori	r24, 0x01	; 1
/Users/askn/Develop/UPDI4AVR-USB/src/tpi.cpp:141
        && set_sstpr(_dwAddr | 1)
        && nvm_ctrl(0x14)
        && set_sst(0xFF)
        && nvm_wait()) {
    3d28:	0e 94 81 0a 	call	0x1502	; 0x1502 <TPI::set_sstpr(unsigned int)>
    3d2c:	88 23       	and	r24, r24
    3d2e:	59 f2       	breq	.-106    	; 0x3cc6 <TPI::erase_memory()+0x46>
    3d30:	84 e1       	ldi	r24, 0x14	; 20
    3d32:	d5 cf       	rjmp	.-86     	; 0x3cde <TPI::erase_memory()+0x5e>

00003d34 <ISP::read_memories()>:
read_memories():
    3d34:	df 92       	push	r13
    3d36:	ef 92       	push	r14
/Users/askn/Develop/UPDI4AVR-USB/src/tpi.cpp:138
      /* 0x09: XPRG_ERASE_CONFIG */
      /* Currently not called on AVRDUDE<=8.0. */
      /* It may be called from terminal mode.  */
      D1PRINTF(" SECTION_ERASE=%04X\r\n", _dwAddr);
      if (nvm_wait()
        && set_sstpr(_dwAddr | 1)
    3d38:	ff 92       	push	r15
    3d3a:	0f 93       	push	r16
    3d3c:	1f 93       	push	r17
    3d3e:	cf 93       	push	r28
    3d40:	df 93       	push	r29
    3d42:	00 d0       	rcall	.+0      	; 0x3d44 <ISP::read_memories()+0x10>
/Users/askn/Develop/UPDI4AVR-USB/src/tpi.cpp:139
        && nvm_ctrl(0x14)
    3d44:	cd b7       	in	r28, 0x3d	; 61
    3d46:	de b7       	in	r29, 0x3e	; 62
/Users/askn/Develop/UPDI4AVR-USB/src/isp.cpp:121
    packet.in.isp.data[0] = _res[packet.out.isp.data[0] - 1];
    packet.in.isp.data[1] = 0;
    return 2;
  }

  size_t read_memories (void) {
    3d48:	80 91 e2 60 	lds	r24, 0x60E2	; 0x8060e2 <ISP::_base_addr>
    3d4c:	90 91 e3 60 	lds	r25, 0x60E3	; 0x8060e3 <ISP::_base_addr+0x1>
    3d50:	89 83       	std	Y+1, r24	; 0x01
    3d52:	9a 83       	std	Y+2, r25	; 0x02
bswap16():
    3d54:	00 91 0d 61 	lds	r16, 0x610D	; 0x80610d <packet+0x6>
    3d58:	10 91 0e 61 	lds	r17, 0x610E	; 0x80610e <packet+0x7>
/Users/askn/Develop/UPDI4AVR-USB/src/isp.cpp:122
    size_t  _addr   = _base_addr;
    3d5c:	10 27       	eor	r17, r16
    3d5e:	01 27       	eor	r16, r17
    3d60:	10 27       	eor	r17, r16
read_memories():
    3d62:	d0 90 0f 61 	lds	r13, 0x610F	; 0x80610f <packet+0x8>
    3d66:	1f 92       	push	r1
/Users/askn/Library/Arduino15/packages/MultiX-Zinnia/hardware/modernAVR/0.4.10/cores/modernAVR/api/cpp/btools.cpp:45
    3d68:	df 92       	push	r13
    3d6a:	1f 93       	push	r17
    3d6c:	0f 93       	push	r16
    3d6e:	9f 93       	push	r25
    3d70:	8f 93       	push	r24
    3d72:	87 eb       	ldi	r24, 0xB7	; 183
    3d74:	90 e0       	ldi	r25, 0x00	; 0
/Users/askn/Develop/UPDI4AVR-USB/src/isp.cpp:124
    size_t  _length = bswap16(packet.out.isp.wValue);
    uint8_t _type   = packet.out.isp.data[2];
    3d76:	9f 93       	push	r25
    3d78:	8f 93       	push	r24
/Users/askn/Develop/UPDI4AVR-USB/src/isp.cpp:125
    D1PRINTF(" M=$%04X, L=%d, T=$%02X\r\n", _addr, _length, _type);
    3d7a:	82 ed       	ldi	r24, 0xD2	; 210
    3d7c:	90 e6       	ldi	r25, 0x60	; 96
    3d7e:	9f 93       	push	r25
    3d80:	8f 93       	push	r24
    3d82:	0e 94 3e 0e 	call	0x1c7c	; 0x1c7c <Print::printf(PGM_t const*, ...) [clone .constprop.16]>
    3d86:	cd bf       	out	0x3d, r28	; 61
    3d88:	de bf       	out	0x3e, r29	; 62
    3d8a:	87 e0       	ldi	r24, 0x07	; 7
    3d8c:	e8 2e       	mov	r14, r24
    3d8e:	81 e6       	ldi	r24, 0x61	; 97
    3d90:	f8 2e       	mov	r15, r24
    3d92:	c7 01       	movw	r24, r14
    3d94:	87 50       	subi	r24, 0x07	; 7
    3d96:	91 46       	sbci	r25, 0x61	; 97
    3d98:	80 17       	cp	r24, r16
    3d9a:	91 07       	cpc	r25, r17
    3d9c:	d8 f4       	brcc	.+54     	; 0x3dd4 <ISP::read_memories()+0xa0>
    3d9e:	d0 92 da 60 	sts	0x60DA, r13	; 0x8060da <ISP::_ser>
    3da2:	8a 81       	ldd	r24, Y+2	; 0x02
    3da4:	80 93 db 60 	sts	0x60DB, r24	; 0x8060db <ISP::_ser+0x1>
/Users/askn/Develop/UPDI4AVR-USB/src/isp.cpp:126
    for (size_t _index = 0; _index < _length; _index++) {
    3da8:	89 81       	ldd	r24, Y+1	; 0x01
    3daa:	80 93 dc 60 	sts	0x60DC, r24	; 0x8060dc <ISP::_ser+0x2>
    3dae:	10 92 dd 60 	sts	0x60DD, r1	; 0x8060dd <ISP::_ser+0x3>
/Users/askn/Develop/UPDI4AVR-USB/src/isp.cpp:127
      _ser[0] = _type;
    3db2:	8a ed       	ldi	r24, 0xDA	; 218
    3db4:	90 e6       	ldi	r25, 0x60	; 96
/Users/askn/Develop/UPDI4AVR-USB/src/isp.cpp:128
      _ser[1] = _CAPS16(_addr)->bytes[1];
    3db6:	0e 94 c0 11 	call	0x2380	; 0x2380 <ISP::spi_transaction(unsigned char const*)>
    3dba:	80 91 e1 60 	lds	r24, 0x60E1	; 0x8060e1 <ISP::_res+0x3>
/Users/askn/Develop/UPDI4AVR-USB/src/isp.cpp:129
      _ser[2] = _CAPS16(_addr)->bytes[0];
    3dbe:	f7 01       	movw	r30, r14
    3dc0:	87 83       	std	Z+7, r24	; 0x07
/Users/askn/Develop/UPDI4AVR-USB/src/isp.cpp:130
      _ser[3] = 0;
    3dc2:	89 81       	ldd	r24, Y+1	; 0x01
    3dc4:	9a 81       	ldd	r25, Y+2	; 0x02
/Users/askn/Develop/UPDI4AVR-USB/src/isp.cpp:131
      spi_transaction(_ser);
    3dc6:	01 96       	adiw	r24, 0x01	; 1
    3dc8:	89 83       	std	Y+1, r24	; 0x01
    3dca:	9a 83       	std	Y+2, r25	; 0x02
    3dcc:	ff ef       	ldi	r31, 0xFF	; 255
/Users/askn/Develop/UPDI4AVR-USB/src/isp.cpp:132
      packet.in.isp.data[_index] = _res[3];
    3dce:	ef 1a       	sub	r14, r31
    3dd0:	ff 0a       	sbc	r15, r31
    3dd2:	df cf       	rjmp	.-66     	; 0x3d92 <ISP::read_memories()+0x5e>
    3dd4:	f8 01       	movw	r30, r16
/Users/askn/Develop/UPDI4AVR-USB/src/isp.cpp:133
      _addr += 1;
    3dd6:	e9 5f       	subi	r30, 0xF9	; 249
    3dd8:	fe 49       	sbci	r31, 0x9E	; 158
    3dda:	17 82       	std	Z+7, r1	; 0x07
    3ddc:	c8 01       	movw	r24, r16
    3dde:	01 96       	adiw	r24, 0x01	; 1
    3de0:	0f 90       	pop	r0
    3de2:	0f 90       	pop	r0
    3de4:	df 91       	pop	r29
    3de6:	cf 91       	pop	r28
/Users/askn/Develop/UPDI4AVR-USB/src/isp.cpp:135
    }
    packet.in.isp.data[_length++] = 0;
    3de8:	1f 91       	pop	r17
    3dea:	0f 91       	pop	r16
    3dec:	ff 90       	pop	r15
    3dee:	ef 90       	pop	r14
/Users/askn/Develop/UPDI4AVR-USB/src/isp.cpp:137
    return _length;
  }
    3df0:	df 90       	pop	r13
    3df2:	08 95       	ret

00003df4 <Timeout::delay_rtc_millis(unsigned int)>:
delay_rtc_millis():
    3df4:	20 91 41 01 	lds	r18, 0x0141	; 0x800141 <__TEXT_REGION_LENGTH__+0x7f0141>
    3df8:	21 11       	cpse	r18, r1
    3dfa:	fc cf       	rjmp	.-8      	; 0x3df4 <Timeout::delay_rtc_millis(unsigned int)>
    3dfc:	20 91 48 01 	lds	r18, 0x0148	; 0x800148 <__TEXT_REGION_LENGTH__+0x7f0148>
    3e00:	30 91 49 01 	lds	r19, 0x0149	; 0x800149 <__TEXT_REGION_LENGTH__+0x7f0149>
    3e04:	82 0f       	add	r24, r18
    3e06:	93 1f       	adc	r25, r19
/Users/askn/Develop/UPDI4AVR-USB/src/timeout.cpp:58

  /*
   * Timeout delay.
   */
  void delay_rtc_millis (uint16_t _ms) {
    while (RTC_STATUS);
    3e08:	20 91 48 01 	lds	r18, 0x0148	; 0x800148 <__TEXT_REGION_LENGTH__+0x7f0148>
    3e0c:	30 91 49 01 	lds	r19, 0x0149	; 0x800149 <__TEXT_REGION_LENGTH__+0x7f0149>
/Users/askn/Develop/UPDI4AVR-USB/src/timeout.cpp:59
    _ms += RTC_CNT;
    3e10:	28 17       	cp	r18, r24
    3e12:	39 07       	cpc	r19, r25
    3e14:	11 f0       	breq	.+4      	; 0x3e1a <Timeout::delay_rtc_millis(unsigned int)+0x26>
    3e16:	a8 95       	wdr
    3e18:	f7 cf       	rjmp	.-18     	; 0x3e08 <Timeout::delay_rtc_millis(unsigned int)+0x14>
    3e1a:	08 95       	ret

00003e1c <ISP::chip_erase()>:
chip_erase():
/Users/askn/Develop/UPDI4AVR-USB/src/timeout.cpp:60
    while (RTC_CNT != _ms) {
    3e1c:	8f e0       	ldi	r24, 0x0F	; 15
    3e1e:	91 e6       	ldi	r25, 0x61	; 97
    3e20:	0e 94 c0 11 	call	0x2380	; 0x2380 <ISP::spi_transaction(unsigned char const*)>
    3e24:	80 91 0e 61 	lds	r24, 0x610E	; 0x80610e <packet+0x7>
    3e28:	90 e0       	ldi	r25, 0x00	; 0
/Users/askn/Develop/UPDI4AVR-USB/src/timeout.cpp:61
      wdt_reset();
    3e2a:	89 30       	cpi	r24, 0x09	; 9
    3e2c:	91 05       	cpc	r25, r1
/Users/askn/Develop/UPDI4AVR-USB/src/timeout.cpp:63
    }
  }
    3e2e:	10 f4       	brcc	.+4      	; 0x3e34 <ISP::chip_erase()+0x18>
/Users/askn/Develop/UPDI4AVR-USB/src/isp.cpp:162
    return _length;
  }

  size_t chip_erase (void) {
    /* Send chip erase command. */
    spi_transaction(&packet.out.isp.data[2]);
    3e30:	89 e0       	ldi	r24, 0x09	; 9
    3e32:	90 e0       	ldi	r25, 0x00	; 0
    3e34:	df df       	rcall	.-66     	; 0x3df4 <Timeout::delay_rtc_millis(unsigned int)>
    3e36:	81 e0       	ldi	r24, 0x01	; 1
/Users/askn/Develop/UPDI4AVR-USB/src/isp.cpp:163
    uint16_t _delay = packet.out.isp.data[1];
    3e38:	90 e0       	ldi	r25, 0x00	; 0
    3e3a:	08 95       	ret

00003e3c <ISP::write_busy(unsigned char, unsigned char, unsigned char)>:
write_busy():
/Users/askn/Develop/UPDI4AVR-USB/src/isp.cpp:165
    if (_delay < 9) _delay = 9;
    Timeout::delay_rtc_millis(_delay);
    3e3c:	cf 93       	push	r28
    3e3e:	df 93       	push	r29
    3e40:	c4 2f       	mov	r28, r20
    3e42:	86 ff       	sbrs	r24, 6
    3e44:	12 c0       	rjmp	.+36     	; 0x3e6a <ISP::write_busy(unsigned char, unsigned char, unsigned char)+0x2e>
    3e46:	80 ef       	ldi	r24, 0xF0	; 240
    3e48:	80 93 da 60 	sts	0x60DA, r24	; 0x8060da <ISP::_ser>
/Users/askn/Develop/UPDI4AVR-USB/src/isp.cpp:167
    return 1;
  }
    3e4c:	10 92 db 60 	sts	0x60DB, r1	; 0x8060db <ISP::_ser+0x1>
/Users/askn/Develop/UPDI4AVR-USB/src/isp.cpp:169

  void write_busy (uint8_t _type, uint8_t _delay, uint8_t _verify) {
    3e50:	10 92 dc 60 	sts	0x60DC, r1	; 0x8060dc <ISP::_ser+0x2>
    3e54:	8a ed       	ldi	r24, 0xDA	; 218
/Users/askn/Develop/UPDI4AVR-USB/src/isp.cpp:171
    uint8_t _read   = packet.out.isp.data[6];  /* RR */
    if (bit_is_set(_type, 6)) {
    3e56:	90 e6       	ldi	r25, 0x60	; 96
    3e58:	0e 94 c0 11 	call	0x2380	; 0x2380 <ISP::spi_transaction(unsigned char const*)>
/Users/askn/Develop/UPDI4AVR-USB/src/isp.cpp:173
      /* BSY/RDY poling */
      _ser[0] = 0xF0;
    3e5c:	80 91 dd 60 	lds	r24, 0x60DD	; 0x8060dd <ISP::_ser+0x3>
/Users/askn/Develop/UPDI4AVR-USB/src/isp.cpp:174
      _ser[1] = 0;
    3e60:	80 fd       	sbrc	r24, 0
    3e62:	f8 cf       	rjmp	.-16     	; 0x3e54 <ISP::write_busy(unsigned char, unsigned char, unsigned char)+0x18>
/Users/askn/Develop/UPDI4AVR-USB/src/isp.cpp:175
      _ser[2] = 0;
    3e64:	df 91       	pop	r29
    3e66:	cf 91       	pop	r28
/Users/askn/Develop/UPDI4AVR-USB/src/isp.cpp:177
      do {
        spi_transaction(_ser);
    3e68:	08 95       	ret
    3e6a:	85 ff       	sbrs	r24, 5
    3e6c:	47 c0       	rjmp	.+142    	; 0x3efc <ISP::write_busy(unsigned char, unsigned char, unsigned char)+0xc0>
    3e6e:	80 91 dd 60 	lds	r24, 0x60DD	; 0x8060dd <ISP::_ser+0x3>
/Users/askn/Develop/UPDI4AVR-USB/src/isp.cpp:178
      } while (_ser[3] & 1);
    3e72:	8f 3f       	cpi	r24, 0xFF	; 255
    3e74:	09 f4       	brne	.+2      	; 0x3e78 <ISP::write_busy(unsigned char, unsigned char, unsigned char)+0x3c>
    3e76:	42 c0       	rjmp	.+132    	; 0x3efc <ISP::write_busy(unsigned char, unsigned char, unsigned char)+0xc0>
/Users/askn/Develop/UPDI4AVR-USB/src/isp.cpp:193
    }
    else {
      /* delay wait */
      Timeout::delay_rtc_millis(_delay);
    }
  }
    3e78:	d0 91 13 61 	lds	r29, 0x6113	; 0x806113 <packet+0xc>
    3e7c:	8f ee       	ldi	r24, 0xEF	; 239
/Users/askn/Develop/UPDI4AVR-USB/src/isp.cpp:180
      _ser[2] = 0;
      do {
        spi_transaction(_ser);
      } while (_ser[3] & 1);
    }
    else if (bit_is_set(_type, 5) && _ser[3] != 0xFF) {
    3e7e:	90 e0       	ldi	r25, 0x00	; 0
    3e80:	9f 93       	push	r25
    3e82:	8f 93       	push	r24
    3e84:	82 ed       	ldi	r24, 0xD2	; 210
    3e86:	90 e6       	ldi	r25, 0x60	; 96
    3e88:	9f 93       	push	r25
    3e8a:	8f 93       	push	r24
/Users/askn/Develop/UPDI4AVR-USB/src/isp.cpp:170
    Timeout::delay_rtc_millis(_delay);
    return 1;
  }

  void write_busy (uint8_t _type, uint8_t _delay, uint8_t _verify) {
    uint8_t _read   = packet.out.isp.data[6];  /* RR */
    3e8c:	0e 94 3e 0e 	call	0x1c7c	; 0x1c7c <Print::printf(PGM_t const*, ...) [clone .constprop.16]>
/Users/askn/Develop/UPDI4AVR-USB/src/isp.cpp:182
        spi_transaction(_ser);
      } while (_ser[3] & 1);
    }
    else if (bit_is_set(_type, 5) && _ser[3] != 0xFF) {
      /* value poling */
      D1PRINTF(" S/"); D1PRINTHEX(_ser, 4, ':');
    3e90:	26 ea       	ldi	r18, 0xA6	; 166
    3e92:	30 e6       	ldi	r19, 0x60	; 96
    3e94:	50 e0       	ldi	r21, 0x00	; 0
    3e96:	40 e0       	ldi	r20, 0x00	; 0
    3e98:	64 e0       	ldi	r22, 0x04	; 4
    3e9a:	70 e0       	ldi	r23, 0x00	; 0
    3e9c:	8a ed       	ldi	r24, 0xDA	; 218
    3e9e:	90 e6       	ldi	r25, 0x60	; 96
    3ea0:	0e 94 d4 0d 	call	0x1ba8	; 0x1ba8 <Print::printHex(void const*, unsigned int, char, unsigned int, char const*) [clone .constprop.12]>
    3ea4:	0e 94 32 0e 	call	0x1c64	; 0x1c64 <Print::ln()>
    3ea8:	0f 90       	pop	r0
    3eaa:	0f 90       	pop	r0
    3eac:	0f 90       	pop	r0
    3eae:	0f 90       	pop	r0
    3eb0:	d0 93 da 60 	sts	0x60DA, r29	; 0x8060da <ISP::_ser>
    3eb4:	8a ed       	ldi	r24, 0xDA	; 218
    3eb6:	90 e6       	ldi	r25, 0x60	; 96
    3eb8:	0e 94 c0 11 	call	0x2380	; 0x2380 <ISP::spi_transaction(unsigned char const*)>
    3ebc:	80 91 e1 60 	lds	r24, 0x60E1	; 0x8060e1 <ISP::_res+0x3>
    3ec0:	8c 17       	cp	r24, r28
    3ec2:	b1 f3       	breq	.-20     	; 0x3eb0 <ISP::write_busy(unsigned char, unsigned char, unsigned char)+0x74>
/Users/askn/Develop/UPDI4AVR-USB/src/isp.cpp:184
      do {
        _ser[0] = _read;
    3ec4:	8b ee       	ldi	r24, 0xEB	; 235
    3ec6:	90 e0       	ldi	r25, 0x00	; 0
/Users/askn/Develop/UPDI4AVR-USB/src/isp.cpp:185
        spi_transaction(_ser);
    3ec8:	9f 93       	push	r25
    3eca:	8f 93       	push	r24
    3ecc:	82 ed       	ldi	r24, 0xD2	; 210
    3ece:	90 e6       	ldi	r25, 0x60	; 96
/Users/askn/Develop/UPDI4AVR-USB/src/isp.cpp:186
      } while (_verify == _res[3]);
    3ed0:	9f 93       	push	r25
    3ed2:	8f 93       	push	r24
    3ed4:	0e 94 3e 0e 	call	0x1c7c	; 0x1c7c <Print::printf(PGM_t const*, ...) [clone .constprop.16]>
/Users/askn/Develop/UPDI4AVR-USB/src/isp.cpp:187
      D1PRINTF(" R/"); D1PRINTHEX(_res, 4, ':');
    3ed8:	26 ea       	ldi	r18, 0xA6	; 166
    3eda:	30 e6       	ldi	r19, 0x60	; 96
    3edc:	50 e0       	ldi	r21, 0x00	; 0
    3ede:	40 e0       	ldi	r20, 0x00	; 0
    3ee0:	64 e0       	ldi	r22, 0x04	; 4
    3ee2:	70 e0       	ldi	r23, 0x00	; 0
    3ee4:	8e ed       	ldi	r24, 0xDE	; 222
    3ee6:	90 e6       	ldi	r25, 0x60	; 96
    3ee8:	0e 94 d4 0d 	call	0x1ba8	; 0x1ba8 <Print::printHex(void const*, unsigned int, char, unsigned int, char const*) [clone .constprop.12]>
    3eec:	0f 90       	pop	r0
    3eee:	0f 90       	pop	r0
    3ef0:	0f 90       	pop	r0
    3ef2:	0f 90       	pop	r0
    3ef4:	df 91       	pop	r29
    3ef6:	cf 91       	pop	r28
    3ef8:	0c 94 32 0e 	jmp	0x1c64	; 0x1c64 <Print::ln()>
    3efc:	86 2f       	mov	r24, r22
    3efe:	90 e0       	ldi	r25, 0x00	; 0
    3f00:	df 91       	pop	r29
    3f02:	cf 91       	pop	r28
    3f04:	77 cf       	rjmp	.-274    	; 0x3df4 <Timeout::delay_rtc_millis(unsigned int)>

00003f06 <ISP::write_flash()>:
write_flash():
    3f06:	2f 92       	push	r2
/Users/askn/Develop/UPDI4AVR-USB/src/isp.cpp:193
    }
    else {
      /* delay wait */
      Timeout::delay_rtc_millis(_delay);
    }
  }
    3f08:	3f 92       	push	r3
    3f0a:	4f 92       	push	r4
/Users/askn/Develop/UPDI4AVR-USB/src/isp.cpp:187
      D1PRINTF(" S/"); D1PRINTHEX(_ser, 4, ':');
      do {
        _ser[0] = _read;
        spi_transaction(_ser);
      } while (_verify == _res[3]);
      D1PRINTF(" R/"); D1PRINTHEX(_res, 4, ':');
    3f0c:	5f 92       	push	r5
    3f0e:	6f 92       	push	r6
/Users/askn/Develop/UPDI4AVR-USB/src/isp.cpp:191
    }
    else {
      /* delay wait */
      Timeout::delay_rtc_millis(_delay);
    3f10:	7f 92       	push	r7
    3f12:	8f 92       	push	r8
/Users/askn/Develop/UPDI4AVR-USB/src/isp.cpp:193
    }
  }
    3f14:	9f 92       	push	r9
    3f16:	af 92       	push	r10
/Users/askn/Develop/UPDI4AVR-USB/src/isp.cpp:191
      } while (_verify == _res[3]);
      D1PRINTF(" R/"); D1PRINTHEX(_res, 4, ':');
    }
    else {
      /* delay wait */
      Timeout::delay_rtc_millis(_delay);
    3f18:	bf 92       	push	r11
    3f1a:	cf 92       	push	r12
/Users/askn/Develop/UPDI4AVR-USB/src/isp.cpp:195
    }
  }

  size_t write_flash (void) {
    3f1c:	df 92       	push	r13
    3f1e:	ef 92       	push	r14
    3f20:	ff 92       	push	r15
    3f22:	0f 93       	push	r16
    3f24:	1f 93       	push	r17
    3f26:	cf 93       	push	r28
    3f28:	df 93       	push	r29
    3f2a:	00 d0       	rcall	.+0      	; 0x3f2c <ISP::write_flash()+0x26>
    3f2c:	cd b7       	in	r28, 0x3d	; 61
    3f2e:	de b7       	in	r29, 0x3e	; 62
    3f30:	80 91 e2 60 	lds	r24, 0x60E2	; 0x8060e2 <ISP::_base_addr>
    3f34:	90 91 e3 60 	lds	r25, 0x60E3	; 0x8060e3 <ISP::_base_addr+0x1>
    3f38:	89 83       	std	Y+1, r24	; 0x01
    3f3a:	9a 83       	std	Y+2, r25	; 0x02
bswap16():
    3f3c:	00 91 0d 61 	lds	r16, 0x610D	; 0x80610d <packet+0x6>
    3f40:	10 91 0e 61 	lds	r17, 0x610E	; 0x80610e <packet+0x7>
    3f44:	10 27       	eor	r17, r16
/Users/askn/Develop/UPDI4AVR-USB/src/isp.cpp:201
    /* _length must be a power of 2 (not verified). */
    /* The lower bits of _addr must be zero-filled accordingly. */
    /* Ex) addr=$0000(word)                   */
    /* 00:20:C1:0A:40:4C:20:00:00:01:02:03:04 */
    /* lenBE|tp|ms|WW|FF|RR|     |words...    */
    size_t  _addr     = _base_addr;
    3f46:	01 27       	eor	r16, r17
    3f48:	10 27       	eor	r17, r16
write_flash():
    3f4a:	70 90 0f 61 	lds	r7, 0x610F	; 0x80610f <packet+0x8>
    3f4e:	a0 90 11 61 	lds	r10, 0x6111	; 0x806111 <packet+0xa>
/Users/askn/Library/Arduino15/packages/MultiX-Zinnia/hardware/modernAVR/0.4.10/cores/modernAVR/api/cpp/btools.cpp:45
    3f52:	50 90 12 61 	lds	r5, 0x6112	; 0x806112 <packet+0xb>
    3f56:	60 90 15 61 	lds	r6, 0x6115	; 0x806115 <packet+0xe>
    3f5a:	78 01       	movw	r14, r16
    3f5c:	f6 94       	lsr	r15
    3f5e:	e7 94       	ror	r14
/Users/askn/Develop/UPDI4AVR-USB/src/isp.cpp:203
    size_t  _length   = bswap16(packet.out.isp.wValue);
    uint8_t _type     = packet.out.isp.data[2]; /* tp */
    3f60:	44 24       	eor	r4, r4
    3f62:	4a 94       	dec	r4
/Users/askn/Develop/UPDI4AVR-USB/src/isp.cpp:205
    uint8_t _delay    = packet.out.isp.data[3]; /* ms */
    uint8_t _page_set = packet.out.isp.data[4]; /* WW */
    3f64:	4e 0c       	add	r4, r14
/Users/askn/Develop/UPDI4AVR-USB/src/isp.cpp:206
    uint8_t _commit   = packet.out.isp.data[5]; /* FF */
    3f66:	b0 90 10 61 	lds	r11, 0x6110	; 0x806110 <packet+0x9>
/Users/askn/Develop/UPDI4AVR-USB/src/isp.cpp:207
    uint8_t _verify   = packet.out.isp.data[8]; /* P2 */
    3f6a:	25 e0       	ldi	r18, 0x05	; 5
    3f6c:	b2 16       	cp	r11, r18
/Users/askn/Develop/UPDI4AVR-USB/src/isp.cpp:208
    uint8_t _mask     = (_length >> 1) - 1;
    3f6e:	10 f4       	brcc	.+4      	; 0x3f74 <ISP::write_flash()+0x6e>
    3f70:	25 e0       	ldi	r18, 0x05	; 5
    3f72:	b2 2e       	mov	r11, r18
    3f74:	1f 93       	push	r17
    3f76:	0f 93       	push	r16
    3f78:	9f 93       	push	r25
    3f7a:	8f 93       	push	r24
    3f7c:	83 ef       	ldi	r24, 0xF3	; 243
    3f7e:	90 e0       	ldi	r25, 0x00	; 0
    3f80:	9f 93       	push	r25
    3f82:	8f 93       	push	r24
    3f84:	82 ed       	ldi	r24, 0xD2	; 210
    3f86:	90 e6       	ldi	r25, 0x60	; 96
/Users/askn/Develop/UPDI4AVR-USB/src/isp.cpp:210
    if (_delay < 5) _delay = 5;
    D1PRINTF(" M=$%04X, L=%d\r\n", _addr, _length);
    3f88:	9f 93       	push	r25
    3f8a:	8f 93       	push	r24
    3f8c:	0e 94 3e 0e 	call	0x1c7c	; 0x1c7c <Print::printf(PGM_t const*, ...) [clone .constprop.16]>
    3f90:	87 e0       	ldi	r24, 0x07	; 7
    3f92:	c8 2e       	mov	r12, r24
    3f94:	81 e6       	ldi	r24, 0x61	; 97
    3f96:	d8 2e       	mov	r13, r24
    3f98:	cd bf       	out	0x3d, r28	; 61
    3f9a:	de bf       	out	0x3e, r29	; 62
    3f9c:	99 e0       	ldi	r25, 0x09	; 9
    3f9e:	89 2e       	mov	r8, r25
    3fa0:	91 2c       	mov	r9, r1
    3fa2:	07 5f       	subi	r16, 0xF7	; 247
    3fa4:	1f 4f       	sbci	r17, 0xFF	; 255
    3fa6:	2a 2c       	mov	r2, r10
    3fa8:	68 94       	set
    3faa:	23 f8       	bld	r2, 3
    3fac:	92 e0       	ldi	r25, 0x02	; 2
    3fae:	c9 0e       	add	r12, r25
/Users/askn/Develop/UPDI4AVR-USB/src/isp.cpp:211
    for (size_t _index = 9; _index < _length + 9;) {
    3fb0:	d1 1c       	adc	r13, r1
    3fb2:	80 16       	cp	r8, r16
    3fb4:	91 06       	cpc	r9, r17
    3fb6:	40 f5       	brcc	.+80     	; 0x4008 <ISP::write_flash()+0x102>
    3fb8:	a0 92 da 60 	sts	0x60DA, r10	; 0x8060da <ISP::_ser>
/Users/askn/Develop/UPDI4AVR-USB/src/isp.cpp:217
      _ser[0] = _page_set;
      _ser[1] = 0;
      _ser[2] = _CAPS16(_addr)->bytes[0] & _mask;
      _ser[3] = packet.out.isp.data[_index++];
      spi_transaction(_ser);
      _ser[0] = _page_set | 0x08;
    3fbc:	10 92 db 60 	sts	0x60DB, r1	; 0x8060db <ISP::_ser+0x1>
    3fc0:	39 80       	ldd	r3, Y+1	; 0x01
    3fc2:	34 20       	and	r3, r4
    3fc4:	30 92 dc 60 	sts	0x60DC, r3	; 0x8060dc <ISP::_ser+0x2>
/Users/askn/Develop/UPDI4AVR-USB/src/isp.cpp:211
    uint8_t _commit   = packet.out.isp.data[5]; /* FF */
    uint8_t _verify   = packet.out.isp.data[8]; /* P2 */
    uint8_t _mask     = (_length >> 1) - 1;
    if (_delay < 5) _delay = 5;
    D1PRINTF(" M=$%04X, L=%d\r\n", _addr, _length);
    for (size_t _index = 9; _index < _length + 9;) {
    3fc8:	f6 01       	movw	r30, r12
    3fca:	85 85       	ldd	r24, Z+13	; 0x0d
/Users/askn/Develop/UPDI4AVR-USB/src/isp.cpp:212
      _ser[0] = _page_set;
    3fcc:	80 93 dd 60 	sts	0x60DD, r24	; 0x8060dd <ISP::_ser+0x3>
/Users/askn/Develop/UPDI4AVR-USB/src/isp.cpp:213
      _ser[1] = 0;
    3fd0:	8a ed       	ldi	r24, 0xDA	; 218
    3fd2:	90 e6       	ldi	r25, 0x60	; 96
/Users/askn/Develop/UPDI4AVR-USB/src/isp.cpp:214
      _ser[2] = _CAPS16(_addr)->bytes[0] & _mask;
    3fd4:	0e 94 c0 11 	call	0x2380	; 0x2380 <ISP::spi_transaction(unsigned char const*)>
    3fd8:	20 92 da 60 	sts	0x60DA, r2	; 0x8060da <ISP::_ser>
/Users/askn/Develop/UPDI4AVR-USB/src/isp.cpp:215
      _ser[3] = packet.out.isp.data[_index++];
    3fdc:	8a 81       	ldd	r24, Y+2	; 0x02
    3fde:	80 93 db 60 	sts	0x60DB, r24	; 0x8060db <ISP::_ser+0x1>
    3fe2:	30 92 dc 60 	sts	0x60DC, r3	; 0x8060dc <ISP::_ser+0x2>
/Users/askn/Develop/UPDI4AVR-USB/src/isp.cpp:216
      spi_transaction(_ser);
    3fe6:	f2 e0       	ldi	r31, 0x02	; 2
    3fe8:	8f 0e       	add	r8, r31
/Users/askn/Develop/UPDI4AVR-USB/src/isp.cpp:217
      _ser[0] = _page_set | 0x08;
    3fea:	91 1c       	adc	r9, r1
    3fec:	f6 01       	movw	r30, r12
/Users/askn/Develop/UPDI4AVR-USB/src/isp.cpp:218
      _ser[1] = _CAPS16(_addr)->bytes[1];
    3fee:	86 85       	ldd	r24, Z+14	; 0x0e
    3ff0:	80 93 dd 60 	sts	0x60DD, r24	; 0x8060dd <ISP::_ser+0x3>
/Users/askn/Develop/UPDI4AVR-USB/src/isp.cpp:219
      _ser[2] = _CAPS16(_addr)->bytes[0] & _mask;
    3ff4:	8a ed       	ldi	r24, 0xDA	; 218
    3ff6:	90 e6       	ldi	r25, 0x60	; 96
/Users/askn/Develop/UPDI4AVR-USB/src/isp.cpp:220
      _ser[3] = packet.out.isp.data[_index++];
    3ff8:	0e 94 c0 11 	call	0x2380	; 0x2380 <ISP::spi_transaction(unsigned char const*)>
    3ffc:	89 81       	ldd	r24, Y+1	; 0x01
    3ffe:	9a 81       	ldd	r25, Y+2	; 0x02
    4000:	01 96       	adiw	r24, 0x01	; 1
    4002:	89 83       	std	Y+1, r24	; 0x01
    4004:	9a 83       	std	Y+2, r25	; 0x02
/Users/askn/Develop/UPDI4AVR-USB/src/isp.cpp:221
      spi_transaction(_ser);
    4006:	d2 cf       	rjmp	.-92     	; 0x3fac <ISP::write_flash()+0xa6>
    4008:	50 92 da 60 	sts	0x60DA, r5	; 0x8060da <ISP::_ser>
    400c:	80 91 e3 60 	lds	r24, 0x60E3	; 0x8060e3 <ISP::_base_addr+0x1>
/Users/askn/Develop/UPDI4AVR-USB/src/isp.cpp:222
      _addr += 1;
    4010:	80 93 db 60 	sts	0x60DB, r24	; 0x8060db <ISP::_ser+0x1>
    4014:	e1 94       	neg	r14
    4016:	80 91 e2 60 	lds	r24, 0x60E2	; 0x8060e2 <ISP::_base_addr>
/Users/askn/Develop/UPDI4AVR-USB/src/isp.cpp:224
    }
    _ser[0] = _commit;
    401a:	e8 22       	and	r14, r24
    401c:	e0 92 dc 60 	sts	0x60DC, r14	; 0x8060dc <ISP::_ser+0x2>
/Users/askn/Develop/UPDI4AVR-USB/src/isp.cpp:225
    _ser[1] = _CAPS16(_base_addr)->bytes[1];
    4020:	10 92 dd 60 	sts	0x60DD, r1	; 0x8060dd <ISP::_ser+0x3>
    4024:	8a ed       	ldi	r24, 0xDA	; 218
/Users/askn/Develop/UPDI4AVR-USB/src/isp.cpp:226
    _ser[2] = _CAPS16(_base_addr)->bytes[0] & ~_mask;
    4026:	90 e6       	ldi	r25, 0x60	; 96
    4028:	0e 94 c0 11 	call	0x2380	; 0x2380 <ISP::spi_transaction(unsigned char const*)>
    402c:	46 2d       	mov	r20, r6
    402e:	6b 2d       	mov	r22, r11
    4030:	87 2d       	mov	r24, r7
/Users/askn/Develop/UPDI4AVR-USB/src/isp.cpp:227
    _ser[3] = 0;
    4032:	04 df       	rcall	.-504    	; 0x3e3c <ISP::write_busy(unsigned char, unsigned char, unsigned char)>
    4034:	81 e0       	ldi	r24, 0x01	; 1
/Users/askn/Develop/UPDI4AVR-USB/src/isp.cpp:228
    spi_transaction(_ser);
    4036:	90 e0       	ldi	r25, 0x00	; 0
    4038:	0f 90       	pop	r0
    403a:	0f 90       	pop	r0
    403c:	df 91       	pop	r29
/Users/askn/Develop/UPDI4AVR-USB/src/isp.cpp:229
    write_busy(_type, _delay, _verify);
    403e:	cf 91       	pop	r28
    4040:	1f 91       	pop	r17
    4042:	0f 91       	pop	r16
    4044:	ff 90       	pop	r15
    4046:	ef 90       	pop	r14
/Users/askn/Develop/UPDI4AVR-USB/src/isp.cpp:231
    return 1;
  }
    4048:	df 90       	pop	r13
    404a:	cf 90       	pop	r12
    404c:	bf 90       	pop	r11
    404e:	af 90       	pop	r10
    4050:	9f 90       	pop	r9
    4052:	8f 90       	pop	r8
    4054:	7f 90       	pop	r7
    4056:	6f 90       	pop	r6
    4058:	5f 90       	pop	r5
    405a:	4f 90       	pop	r4
    405c:	3f 90       	pop	r3
    405e:	2f 90       	pop	r2
    4060:	08 95       	ret

00004062 <ISP::write_eeprom()>:
write_eeprom():
    4062:	4f 92       	push	r4
    4064:	5f 92       	push	r5
    4066:	6f 92       	push	r6
    4068:	7f 92       	push	r7
    406a:	8f 92       	push	r8
    406c:	9f 92       	push	r9
    406e:	af 92       	push	r10
    4070:	bf 92       	push	r11
    4072:	cf 92       	push	r12
    4074:	df 92       	push	r13
/Users/askn/Develop/UPDI4AVR-USB/src/isp.cpp:233

  size_t write_eeprom (void) {
    4076:	ef 92       	push	r14
    4078:	ff 92       	push	r15
    407a:	0f 93       	push	r16
    407c:	1f 93       	push	r17
    407e:	cf 93       	push	r28
    4080:	df 93       	push	r29
    4082:	00 d0       	rcall	.+0      	; 0x4084 <ISP::write_eeprom()+0x22>
    4084:	cd b7       	in	r28, 0x3d	; 61
    4086:	de b7       	in	r29, 0x3e	; 62
    4088:	80 91 e2 60 	lds	r24, 0x60E2	; 0x8060e2 <ISP::_base_addr>
    408c:	90 91 e3 60 	lds	r25, 0x60E3	; 0x8060e3 <ISP::_base_addr+0x1>
    4090:	89 83       	std	Y+1, r24	; 0x01
    4092:	9a 83       	std	Y+2, r25	; 0x02
bswap16():
    4094:	00 91 0d 61 	lds	r16, 0x610D	; 0x80610d <packet+0x6>
    4098:	10 91 0e 61 	lds	r17, 0x610E	; 0x80610e <packet+0x7>
/Users/askn/Develop/UPDI4AVR-USB/src/isp.cpp:240
    /* The lower bits of _addr must be zero-filled accordingly. */
    /* Ex) addr=$0000(byte)                   */
    /* 00:04:C1:14:C1:C2:A0:00:00:01:02:03:04 (page type; m328p) */
    /* 00:04:84:14:C0:00:A0:FF:FF:FF:FF:50:41 (byte type; m8) */
    /* lenBE|tp|ms|WW|FF|RR|P1|P2|bytes...    */
    size_t  _addr     = _base_addr;
    409c:	10 27       	eor	r17, r16
    409e:	01 27       	eor	r16, r17
    40a0:	10 27       	eor	r17, r16
write_eeprom():
    40a2:	e0 90 0f 61 	lds	r14, 0x610F	; 0x80610f <packet+0x8>
    40a6:	f0 90 10 61 	lds	r15, 0x6110	; 0x806110 <packet+0x9>
/Users/askn/Library/Arduino15/packages/MultiX-Zinnia/hardware/modernAVR/0.4.10/cores/modernAVR/api/cpp/btools.cpp:45
    40aa:	60 90 11 61 	lds	r6, 0x6111	; 0x806111 <packet+0xa>
    40ae:	50 90 12 61 	lds	r5, 0x6112	; 0x806112 <packet+0xb>
    40b2:	70 90 15 61 	lds	r7, 0x6115	; 0x806115 <packet+0xe>
/Users/askn/Develop/UPDI4AVR-USB/src/isp.cpp:242
    size_t  _length   = bswap16(packet.out.isp.wValue);
    uint8_t _type     = packet.out.isp.data[2]; /* tp */
    40b6:	1f 93       	push	r17
    40b8:	0f 93       	push	r16
/Users/askn/Develop/UPDI4AVR-USB/src/isp.cpp:243
    uint8_t _delay    = packet.out.isp.data[3]; /* ms */
    40ba:	9f 93       	push	r25
    40bc:	8f 93       	push	r24
/Users/askn/Develop/UPDI4AVR-USB/src/isp.cpp:244
    uint8_t _page_set = packet.out.isp.data[4]; /* WW */
    40be:	84 e0       	ldi	r24, 0x04	; 4
    40c0:	91 e0       	ldi	r25, 0x01	; 1
/Users/askn/Develop/UPDI4AVR-USB/src/isp.cpp:245
    uint8_t _commit   = packet.out.isp.data[5]; /* FF */
    40c2:	9f 93       	push	r25
    40c4:	8f 93       	push	r24
/Users/askn/Develop/UPDI4AVR-USB/src/isp.cpp:246
    uint8_t _verify   = packet.out.isp.data[8]; /* P2 */
    40c6:	82 ed       	ldi	r24, 0xD2	; 210
    40c8:	90 e6       	ldi	r25, 0x60	; 96
/Users/askn/Develop/UPDI4AVR-USB/src/isp.cpp:248
    uint8_t _mask     = _length - 1;
    D1PRINTF(" M=$%04X, L=%d\r\n", _addr, _length);
    40ca:	9f 93       	push	r25
    40cc:	8f 93       	push	r24
    40ce:	0e 94 3e 0e 	call	0x1c7c	; 0x1c7c <Print::printf(PGM_t const*, ...) [clone .constprop.16]>
    40d2:	cd bf       	out	0x3d, r28	; 61
    40d4:	de bf       	out	0x3e, r29	; 62
    40d6:	f8 01       	movw	r30, r16
    40d8:	39 96       	adiw	r30, 0x09	; 9
    40da:	6f 01       	movw	r12, r30
    40dc:	e0 fe       	sbrs	r14, 0
    40de:	56 c0       	rjmp	.+172    	; 0x418c <ISP::write_eeprom()+0x12a>
    40e0:	40 2e       	mov	r4, r16
    40e2:	f4 e0       	ldi	r31, 0x04	; 4
    40e4:	ff 16       	cp	r15, r31
/Users/askn/Develop/UPDI4AVR-USB/src/isp.cpp:249
    if (bit_is_set(_type, 0)) {
    40e6:	10 f4       	brcc	.+4      	; 0x40ec <ISP::write_eeprom()+0x8a>
    40e8:	44 e0       	ldi	r20, 0x04	; 4
    40ea:	f4 2e       	mov	r15, r20
    40ec:	26 e1       	ldi	r18, 0x16	; 22
    40ee:	82 2e       	mov	r8, r18
    40f0:	21 e6       	ldi	r18, 0x61	; 97
    40f2:	92 2e       	mov	r9, r18
/Users/askn/Develop/UPDI4AVR-USB/src/isp.cpp:247
    uint8_t _type     = packet.out.isp.data[2]; /* tp */
    uint8_t _delay    = packet.out.isp.data[3]; /* ms */
    uint8_t _page_set = packet.out.isp.data[4]; /* WW */
    uint8_t _commit   = packet.out.isp.data[5]; /* FF */
    uint8_t _verify   = packet.out.isp.data[8]; /* P2 */
    uint8_t _mask     = _length - 1;
    40f4:	39 e0       	ldi	r19, 0x09	; 9
    40f6:	a3 2e       	mov	r10, r19
    40f8:	b1 2c       	mov	r11, r1
    40fa:	4a 94       	dec	r4
    40fc:	ac 14       	cp	r10, r12
    40fe:	bd 04       	cpc	r11, r13
    4100:	d0 f4       	brcc	.+52     	; 0x4136 <ISP::write_eeprom()+0xd4>
    4102:	60 92 da 60 	sts	0x60DA, r6	; 0x8060da <ISP::_ser>
    4106:	10 92 db 60 	sts	0x60DB, r1	; 0x8060db <ISP::_ser+0x1>
/Users/askn/Develop/UPDI4AVR-USB/src/isp.cpp:252
    D1PRINTF(" M=$%04X, L=%d\r\n", _addr, _length);
    if (bit_is_set(_type, 0)) {
      /* page type */
      if (_delay < 4) _delay = 4;
      for (size_t _index = 9; _index < _length + 9;) {
    410a:	89 81       	ldd	r24, Y+1	; 0x01
    410c:	84 21       	and	r24, r4
/Users/askn/Develop/UPDI4AVR-USB/src/isp.cpp:247
    uint8_t _type     = packet.out.isp.data[2]; /* tp */
    uint8_t _delay    = packet.out.isp.data[3]; /* ms */
    uint8_t _page_set = packet.out.isp.data[4]; /* WW */
    uint8_t _commit   = packet.out.isp.data[5]; /* FF */
    uint8_t _verify   = packet.out.isp.data[8]; /* P2 */
    uint8_t _mask     = _length - 1;
    410e:	80 93 dc 60 	sts	0x60DC, r24	; 0x8060dc <ISP::_ser+0x2>
/Users/askn/Develop/UPDI4AVR-USB/src/isp.cpp:252
    D1PRINTF(" M=$%04X, L=%d\r\n", _addr, _length);
    if (bit_is_set(_type, 0)) {
      /* page type */
      if (_delay < 4) _delay = 4;
      for (size_t _index = 9; _index < _length + 9;) {
    4112:	8f ef       	ldi	r24, 0xFF	; 255
    4114:	a8 1a       	sub	r10, r24
/Users/askn/Develop/UPDI4AVR-USB/src/isp.cpp:253
        _ser[0] = _page_set;
    4116:	b8 0a       	sbc	r11, r24
    4118:	f4 01       	movw	r30, r8
/Users/askn/Develop/UPDI4AVR-USB/src/isp.cpp:254
        _ser[1] = 0;
    411a:	81 91       	ld	r24, Z+
    411c:	4f 01       	movw	r8, r30
/Users/askn/Develop/UPDI4AVR-USB/src/isp.cpp:255
        _ser[2] = _CAPS16(_addr)->bytes[0] & _mask;
    411e:	80 93 dd 60 	sts	0x60DD, r24	; 0x8060dd <ISP::_ser+0x3>
    4122:	8a ed       	ldi	r24, 0xDA	; 218
    4124:	90 e6       	ldi	r25, 0x60	; 96
/Users/askn/Develop/UPDI4AVR-USB/src/isp.cpp:256
        _ser[3] = packet.out.isp.data[_index++];
    4126:	0e 94 c0 11 	call	0x2380	; 0x2380 <ISP::spi_transaction(unsigned char const*)>
    412a:	89 81       	ldd	r24, Y+1	; 0x01
    412c:	9a 81       	ldd	r25, Y+2	; 0x02
    412e:	01 96       	adiw	r24, 0x01	; 1
    4130:	89 83       	std	Y+1, r24	; 0x01
    4132:	9a 83       	std	Y+2, r25	; 0x02
    4134:	e3 cf       	rjmp	.-58     	; 0x40fc <ISP::write_eeprom()+0x9a>
/Users/askn/Develop/UPDI4AVR-USB/src/isp.cpp:257
        spi_transaction(_ser);
    4136:	50 92 da 60 	sts	0x60DA, r5	; 0x8060da <ISP::_ser>
    413a:	80 91 e3 60 	lds	r24, 0x60E3	; 0x8060e3 <ISP::_base_addr+0x1>
/Users/askn/Develop/UPDI4AVR-USB/src/isp.cpp:258
        _addr += 1;
    413e:	80 93 db 60 	sts	0x60DB, r24	; 0x8060db <ISP::_ser+0x1>
    4142:	01 95       	neg	r16
    4144:	80 91 e2 60 	lds	r24, 0x60E2	; 0x8060e2 <ISP::_base_addr>
    4148:	08 23       	and	r16, r24
/Users/askn/Develop/UPDI4AVR-USB/src/isp.cpp:260
      }
      _ser[0] = _commit;
    414a:	00 93 dc 60 	sts	0x60DC, r16	; 0x8060dc <ISP::_ser+0x2>
/Users/askn/Develop/UPDI4AVR-USB/src/isp.cpp:261
      _ser[1] = _CAPS16(_base_addr)->bytes[1];
    414e:	10 92 dd 60 	sts	0x60DD, r1	; 0x8060dd <ISP::_ser+0x3>
    4152:	8a ed       	ldi	r24, 0xDA	; 218
    4154:	90 e6       	ldi	r25, 0x60	; 96
/Users/askn/Develop/UPDI4AVR-USB/src/isp.cpp:262
      _ser[2] = _CAPS16(_base_addr)->bytes[0] & ~_mask;
    4156:	0e 94 c0 11 	call	0x2380	; 0x2380 <ISP::spi_transaction(unsigned char const*)>
    415a:	47 2d       	mov	r20, r7
    415c:	6f 2d       	mov	r22, r15
    415e:	8e 2d       	mov	r24, r14
    4160:	6d de       	rcall	.-806    	; 0x3e3c <ISP::write_busy(unsigned char, unsigned char, unsigned char)>
/Users/askn/Develop/UPDI4AVR-USB/src/isp.cpp:263
      _ser[3] = 0;
    4162:	81 e0       	ldi	r24, 0x01	; 1
    4164:	90 e0       	ldi	r25, 0x00	; 0
/Users/askn/Develop/UPDI4AVR-USB/src/isp.cpp:264
      spi_transaction(_ser);
    4166:	0f 90       	pop	r0
    4168:	0f 90       	pop	r0
    416a:	df 91       	pop	r29
    416c:	cf 91       	pop	r28
/Users/askn/Develop/UPDI4AVR-USB/src/isp.cpp:265
      write_busy(_type, _delay, _verify);
    416e:	1f 91       	pop	r17
    4170:	0f 91       	pop	r16
    4172:	ff 90       	pop	r15
    4174:	ef 90       	pop	r14
    4176:	df 90       	pop	r13
/Users/askn/Develop/UPDI4AVR-USB/src/isp.cpp:282
        _addr += 1;
        write_busy(_type, _delay, _verify);
      }
    }
    return 1;
  }
    4178:	cf 90       	pop	r12
    417a:	bf 90       	pop	r11
    417c:	af 90       	pop	r10
    417e:	9f 90       	pop	r9
    4180:	8f 90       	pop	r8
    4182:	7f 90       	pop	r7
    4184:	6f 90       	pop	r6
    4186:	5f 90       	pop	r5
    4188:	4f 90       	pop	r4
    418a:	08 95       	ret
    418c:	ee 0c       	add	r14, r14
    418e:	ee 0c       	add	r14, r14
    4190:	ee 0c       	add	r14, r14
    4192:	f3 e0       	ldi	r31, 0x03	; 3
    4194:	ff 15       	cp	r31, r15
    4196:	10 f0       	brcs	.+4      	; 0x419c <ISP::write_eeprom()+0x13a>
    4198:	99 e0       	ldi	r25, 0x09	; 9
    419a:	f9 2e       	mov	r15, r25
    419c:	86 e1       	ldi	r24, 0x16	; 22
    419e:	a8 2e       	mov	r10, r24
    41a0:	81 e6       	ldi	r24, 0x61	; 97
/Users/askn/Develop/UPDI4AVR-USB/src/isp.cpp:269
      spi_transaction(_ser);
      write_busy(_type, _delay, _verify);
    }
    else {
      /* byte type */
      _type <<= 3;
    41a2:	b8 2e       	mov	r11, r24
    41a4:	09 e0       	ldi	r16, 0x09	; 9
    41a6:	10 e0       	ldi	r17, 0x00	; 0
/Users/askn/Develop/UPDI4AVR-USB/src/isp.cpp:270
      if (_delay < 4) _delay = 9;
    41a8:	0c 15       	cp	r16, r12
    41aa:	1d 05       	cpc	r17, r13
    41ac:	d0 f6       	brcc	.-76     	; 0x4162 <ISP::write_eeprom()+0x100>
    41ae:	60 92 da 60 	sts	0x60DA, r6	; 0x8060da <ISP::_ser>
    41b2:	8a 81       	ldd	r24, Y+2	; 0x02
    41b4:	80 93 db 60 	sts	0x60DB, r24	; 0x8060db <ISP::_ser+0x1>
    41b8:	89 81       	ldd	r24, Y+1	; 0x01
/Users/askn/Develop/UPDI4AVR-USB/src/isp.cpp:271
      for (size_t _index = 9; _index < _length + 9;) {
    41ba:	80 93 dc 60 	sts	0x60DC, r24	; 0x8060dc <ISP::_ser+0x2>
    41be:	0f 5f       	subi	r16, 0xFF	; 255
    41c0:	1f 4f       	sbci	r17, 0xFF	; 255
    41c2:	f5 01       	movw	r30, r10
/Users/askn/Develop/UPDI4AVR-USB/src/isp.cpp:272
        _ser[0] = _page_set;
    41c4:	81 91       	ld	r24, Z+
    41c6:	5f 01       	movw	r10, r30
/Users/askn/Develop/UPDI4AVR-USB/src/isp.cpp:273
        _ser[1] = _CAPS16(_addr)->bytes[1];
    41c8:	80 93 dd 60 	sts	0x60DD, r24	; 0x8060dd <ISP::_ser+0x3>
    41cc:	8a ed       	ldi	r24, 0xDA	; 218
/Users/askn/Develop/UPDI4AVR-USB/src/isp.cpp:274
        _ser[2] = _CAPS16(_addr)->bytes[0];
    41ce:	90 e6       	ldi	r25, 0x60	; 96
    41d0:	0e 94 c0 11 	call	0x2380	; 0x2380 <ISP::spi_transaction(unsigned char const*)>
/Users/askn/Develop/UPDI4AVR-USB/src/isp.cpp:275
        _ser[3] = packet.out.isp.data[_index++];
    41d4:	89 81       	ldd	r24, Y+1	; 0x01
    41d6:	9a 81       	ldd	r25, Y+2	; 0x02
    41d8:	01 96       	adiw	r24, 0x01	; 1
    41da:	89 83       	std	Y+1, r24	; 0x01
    41dc:	9a 83       	std	Y+2, r25	; 0x02
    41de:	47 2d       	mov	r20, r7
    41e0:	6f 2d       	mov	r22, r15
/Users/askn/Develop/UPDI4AVR-USB/src/isp.cpp:276
        spi_transaction(_ser);
    41e2:	8e 2d       	mov	r24, r14
    41e4:	2b de       	rcall	.-938    	; 0x3e3c <ISP::write_busy(unsigned char, unsigned char, unsigned char)>
    41e6:	e0 cf       	rjmp	.-64     	; 0x41a8 <ISP::write_eeprom()+0x146>

000041e8 <ISP::timeout_fallback()>:
timeout_fallback():
    41e8:	a8 95       	wdr
/Users/askn/Develop/UPDI4AVR-USB/src/isp.cpp:277
        _addr += 1;
    41ea:	81 e3       	ldi	r24, 0x31	; 49
    41ec:	91 e0       	ldi	r25, 0x01	; 1
    41ee:	9f 93       	push	r25
    41f0:	8f 93       	push	r24
/Users/askn/Develop/UPDI4AVR-USB/src/isp.cpp:278
        write_busy(_type, _delay, _verify);
    41f2:	82 ed       	ldi	r24, 0xD2	; 210
    41f4:	90 e6       	ldi	r25, 0x60	; 96
    41f6:	9f 93       	push	r25
    41f8:	8f 93       	push	r24
    41fa:	0e 94 3e 0e 	call	0x1c7c	; 0x1c7c <Print::printf(PGM_t const*, ...) [clone .constprop.16]>
/Users/askn/Develop/UPDI4AVR-USB/src/isp.cpp:348
    /* Time out on failure. */
    for (;;);
  }

  size_t timeout_fallback (void) {
    wdt_reset();
    41fe:	80 91 e4 60 	lds	r24, 0x60E4	; 0x8060e4 <ISP::_pgm_retry>
/Users/askn/Develop/UPDI4AVR-USB/src/isp.cpp:349
    D1PRINTF(" Fail\r\n");
    4202:	81 50       	subi	r24, 0x01	; 1
    4204:	80 93 e4 60 	sts	0x60E4, r24	; 0x8060e4 <ISP::_pgm_retry>
    4208:	0f 90       	pop	r0
    420a:	0f 90       	pop	r0
    420c:	0f 90       	pop	r0
    420e:	0f 90       	pop	r0
    4210:	88 23       	and	r24, r24
/Users/askn/Develop/UPDI4AVR-USB/src/isp.cpp:350
    if (--_pgm_retry == 0) return 0;
    4212:	91 f0       	breq	.+36     	; 0x4238 <ISP::timeout_fallback()+0x50>
    4214:	80 91 84 63 	lds	r24, 0x6384	; 0x806384 <_xclk>
    4218:	90 91 85 63 	lds	r25, 0x6385	; 0x806385 <_xclk+0x1>
    421c:	9c 01       	movw	r18, r24
    421e:	36 95       	lsr	r19
    4220:	27 95       	ror	r18
    4222:	36 95       	lsr	r19
    4224:	27 95       	ror	r18
    4226:	82 1b       	sub	r24, r18
/Users/askn/Develop/UPDI4AVR-USB/src/isp.cpp:352
    /* If a timeout occurs, the communication speed will be reduced. */
    _xclk -= _xclk >> 2;  /* next 75 % */
    4228:	93 0b       	sbc	r25, r19
    422a:	80 93 84 63 	sts	0x6384, r24	; 0x806384 <_xclk>
    422e:	90 93 85 63 	sts	0x6385, r25	; 0x806385 <_xclk+0x1>
    4232:	81 e0       	ldi	r24, 0x01	; 1
    4234:	90 e0       	ldi	r25, 0x00	; 0
    4236:	08 95       	ret
    4238:	90 e0       	ldi	r25, 0x00	; 0
    423a:	80 e0       	ldi	r24, 0x00	; 0
    423c:	08 95       	ret

0000423e <__vector_19>:
__vector_19():
    423e:	1f 92       	push	r1
    4240:	0f 92       	push	r0
    4242:	0f b6       	in	r0, 0x3f	; 63
    4244:	0f 92       	push	r0
    4246:	11 24       	eor	r1, r1
    4248:	2f 93       	push	r18
    424a:	3f 93       	push	r19
/Users/askn/Develop/UPDI4AVR-USB/src/isp.cpp:350
  }

  size_t timeout_fallback (void) {
    wdt_reset();
    D1PRINTF(" Fail\r\n");
    if (--_pgm_retry == 0) return 0;
    424c:	4f 93       	push	r20
    424e:	5f 93       	push	r21
/Users/askn/Develop/UPDI4AVR-USB/src/isp.cpp:354
    /* If a timeout occurs, the communication speed will be reduced. */
    _xclk -= _xclk >> 2;  /* next 75 % */
    return 1;
  }
    4250:	6f 93       	push	r22
/Users/askn/Develop/UPDI4AVR-USB/src/usart.cpp:247
  }

};

/*** CMSIS-DAP VCOM,VCP transceiver ***/
ISR(USART0_RXC_vect) {
    4252:	7f 93       	push	r23
    4254:	8f 93       	push	r24
    4256:	9f 93       	push	r25
    4258:	af 93       	push	r26
    425a:	bf 93       	push	r27
    425c:	cf 93       	push	r28
    425e:	ef 93       	push	r30
    4260:	ff 93       	push	r31
vcp_receiver():
    4262:	c0 91 01 08 	lds	r28, 0x0801	; 0x800801 <__TEXT_REGION_LENGTH__+0x7f0801>
    4266:	20 91 00 08 	lds	r18, 0x0800	; 0x800800 <__TEXT_REGION_LENGTH__+0x7f0800>
    426a:	8c 2f       	mov	r24, r28
    426c:	86 74       	andi	r24, 0x46	; 70
    426e:	b1 f4       	brne	.+44     	; 0x429c <__vector_19+0x5e>
write_byte():
    4270:	f2 99       	sbic	0x1e, 2	; 30
    4272:	77 c0       	rjmp	.+238    	; 0x4362 <__vector_19+0x124>
__vector_19():
    4274:	8e e1       	ldi	r24, 0x1E	; 30
/Users/askn/Develop/UPDI4AVR-USB/src/usb.cpp:455
  void read_drop (void) {
    if (bit_is_set(EP_CDO.STATUS, USB_BUSNAK_bp)) ep_cdo_listen();
  }

  void vcp_receiver (void) {
    uint8_t _d = USART0_RXDATAH;
    4276:	94 e6       	ldi	r25, 0x64	; 100
write_byte():
    4278:	e0 91 a2 64 	lds	r30, 0x64A2	; 0x8064a2 <_send_count>
/Users/askn/Develop/UPDI4AVR-USB/src/usb.cpp:456
    uint8_t _c = USART0_RXDATAL;
    427c:	31 e0       	ldi	r19, 0x01	; 1
/Users/askn/Develop/UPDI4AVR-USB/src/usb.cpp:457
    if (!(_d & (USART_BUFOVF_bm | USART_FERR_bm | USART_PERR_bm))) {
    427e:	3e 0f       	add	r19, r30
    4280:	30 93 a2 64 	sts	0x64A2, r19	; 0x8064a2 <_send_count>
/Users/askn/Develop/UPDI4AVR-USB/src/usb.cpp:419
  // MARK: VCP

  void write_byte (const uint8_t _c) {
    /* The double buffer consists of two blocks. */
    uint8_t* _buf = bit_is_set(GPCONF, GPCONF_DBL_bp)
      ? &EP_MEM.cdi_data[64]
    4284:	e8 0f       	add	r30, r24
    4286:	f9 2f       	mov	r31, r25
    4288:	f1 1d       	adc	r31, r1
    428a:	20 83       	st	Z, r18
/Users/askn/Develop/UPDI4AVR-USB/src/usb.cpp:421
      : &EP_MEM.cdi_data[0];
    _buf[_send_count++] = _c;
    428c:	80 91 a2 64 	lds	r24, 0x64A2	; 0x8064a2 <_send_count>
    4290:	80 34       	cpi	r24, 0x40	; 64
    4292:	08 f0       	brcs	.+2      	; 0x4296 <__vector_19+0x58>
    4294:	69 c0       	rjmp	.+210    	; 0x4368 <__vector_19+0x12a>
    4296:	8e e1       	ldi	r24, 0x1E	; 30
    4298:	80 93 9f 64 	sts	0x649F, r24	; 0x80649f <_sof_count>
vcp_receiver():
    429c:	8c b3       	in	r24, 0x1c	; 28
    429e:	c8 2b       	or	r28, r24
/Users/askn/Develop/UPDI4AVR-USB/src/usb.cpp:422
    if (_send_count < 64) _sof_count = 30;
    42a0:	cc bb       	out	0x1c, r28	; 28
    42a2:	80 91 d6 64 	lds	r24, 0x64D6	; 0x8064d6 <EP_TABLE+0x30>
    42a6:	81 ff       	sbrs	r24, 1
    42a8:	4a c0       	rjmp	.+148    	; 0x433e <__vector_19+0x100>
cci_interrupt():
    42aa:	80 e0       	ldi	r24, 0x00	; 0
    42ac:	e2 99       	sbic	0x1c, 2	; 28
    42ae:	80 e1       	ldi	r24, 0x10	; 16
/Users/askn/Develop/UPDI4AVR-USB/src/usb.cpp:460
    uint8_t _d = USART0_RXDATAH;
    uint8_t _c = USART0_RXDATAL;
    if (!(_d & (USART_BUFOVF_bm | USART_FERR_bm | USART_PERR_bm))) {
      write_byte(_c);
    }
    RXSTAT |= _d;
    42b0:	e1 99       	sbic	0x1c, 1	; 28
    42b2:	80 62       	ori	r24, 0x20	; 32
    42b4:	e6 99       	sbic	0x1c, 6	; 28
/Users/askn/Develop/UPDI4AVR-USB/src/usb.cpp:462
  #if defined(CONFIG_VCP_INTERRUPT_SUPPRT)
    if (bit_is_set(EP_CCI.STATUS, USB_BUSNAK_bp)) cci_interrupt();
    42b6:	80 64       	ori	r24, 0x40	; 64
    42b8:	1c ba       	out	0x1c, r1	; 28
    42ba:	f4 9b       	sbis	0x1e, 4	; 30
    42bc:	40 c0       	rjmp	.+128    	; 0x433e <__vector_19+0x100>
/Users/askn/Develop/UPDI4AVR-USB/src/usb.cpp:396
    }
  }

  void cci_interrupt (void) {
  #if defined(CONFIG_VCP_INTERRUPT_SUPPRT)
    SerialState_t _value = {};
    42be:	90 91 9e 64 	lds	r25, 0x649E	; 0x80649e <_set_serial_state>
/Users/askn/Develop/UPDI4AVR-USB/src/usb.cpp:401
    #if defined(CONFIG_VCP_RS232C_ENABLE)
    uint8_t _c = VPORTD_IN;
    _value.bValue = (_c ^ 0x0B) & 0x0B;
    #endif
    if (bit_is_set(RXSTAT, USART_FERR_bp))   _value.bFraming = true;
    42c2:	89 17       	cp	r24, r25
/Users/askn/Develop/UPDI4AVR-USB/src/usb.cpp:402
    if (bit_is_set(RXSTAT, USART_PERR_bp))   _value.bParity  = true;
    42c4:	e1 f1       	breq	.+120    	; 0x433e <__vector_19+0x100>
set_cci_data():
    42c6:	80 93 9e 64 	sts	0x649E, r24	; 0x80649e <_set_serial_state>
/Users/askn/Develop/UPDI4AVR-USB/src/usb.cpp:403
    if (bit_is_set(RXSTAT, USART_BUFOVF_bp)) _value.bOverRun = true;
    42ca:	91 ea       	ldi	r25, 0xA1	; 161
/Users/askn/Develop/UPDI4AVR-USB/src/usb.cpp:404
    RXSTAT = 0;
    42cc:	90 93 8e 63 	sts	0x638E, r25	; 0x80638e <EP_MEM+0x8>
/Users/askn/Develop/UPDI4AVR-USB/src/usb.cpp:405
    if (bit_is_set(GPCONF, GPCONF_OPN_bp) && _set_serial_state != _value.bValue) {
    42d0:	90 e2       	ldi	r25, 0x20	; 32
    42d2:	90 93 8f 63 	sts	0x638F, r25	; 0x80638f <EP_MEM+0x9>
    42d6:	10 92 90 63 	sts	0x6390, r1	; 0x806390 <EP_MEM+0xa>
/Users/askn/Develop/UPDI4AVR-USB/src/usb.cpp:227
    if (_size) memcpy_P(_buffer, _pgmem, _size);
    return _size;
  }

  void set_cci_data (uint16_t _state) {
    _set_serial_state = _state;
    42da:	10 92 91 63 	sts	0x6391, r1	; 0x806391 <EP_MEM+0xb>
/Users/askn/Develop/UPDI4AVR-USB/src/usb.cpp:228
    EP_MEM.cci_header.bmRequestType = 0xA1; /* REQTYPE_DIRECTION | REQTYPE_CLASS | RECIPIENT_INTERFACE */
    42de:	21 e0       	ldi	r18, 0x01	; 1
    42e0:	30 e0       	ldi	r19, 0x00	; 0
    42e2:	20 93 92 63 	sts	0x6392, r18	; 0x806392 <EP_MEM+0xc>
/Users/askn/Develop/UPDI4AVR-USB/src/usb.cpp:229
    EP_MEM.cci_header.bRequest      = 0x20; /* CDC_REQ_SerialState */
    42e6:	30 93 93 63 	sts	0x6393, r19	; 0x806393 <EP_MEM+0xd>
/Users/askn/Develop/UPDI4AVR-USB/src/usb.cpp:230
    EP_MEM.cci_header.wValue        = 0;
    42ea:	22 e0       	ldi	r18, 0x02	; 2
    42ec:	30 e0       	ldi	r19, 0x00	; 0
    42ee:	20 93 94 63 	sts	0x6394, r18	; 0x806394 <EP_MEM+0xe>
/Users/askn/Develop/UPDI4AVR-USB/src/usb.cpp:231
    EP_MEM.cci_header.wIndex        = 1;    /* Interface#1 */
    42f2:	30 93 95 63 	sts	0x6395, r19	; 0x806395 <EP_MEM+0xf>
cci_interrupt():
    42f6:	90 e0       	ldi	r25, 0x00	; 0
    42f8:	80 93 96 63 	sts	0x6396, r24	; 0x806396 <EP_MEM+0x10>
    42fc:	90 93 97 63 	sts	0x6397, r25	; 0x806397 <EP_MEM+0x11>
/Users/askn/Develop/UPDI4AVR-USB/src/usb.cpp:232
    EP_MEM.cci_header.wLength       = 2;
    4300:	86 ec       	ldi	r24, 0xC6	; 198
    4302:	9c e0       	ldi	r25, 0x0C	; 12
    4304:	9f 93       	push	r25
    4306:	8f 93       	push	r24
    4308:	82 ed       	ldi	r24, 0xD2	; 210
/Users/askn/Develop/UPDI4AVR-USB/src/usb.cpp:406
    if (bit_is_set(RXSTAT, USART_FERR_bp))   _value.bFraming = true;
    if (bit_is_set(RXSTAT, USART_PERR_bp))   _value.bParity  = true;
    if (bit_is_set(RXSTAT, USART_BUFOVF_bp)) _value.bOverRun = true;
    RXSTAT = 0;
    if (bit_is_set(GPCONF, GPCONF_OPN_bp) && _set_serial_state != _value.bValue) {
      set_cci_data(_value.bValue);
    430a:	90 e6       	ldi	r25, 0x60	; 96
    430c:	9f 93       	push	r25
    430e:	8f 93       	push	r24
    4310:	0e 94 3e 0e 	call	0x1c7c	; 0x1c7c <Print::printf(PGM_t const*, ...) [clone .constprop.16]>
/Users/askn/Develop/UPDI4AVR-USB/src/usb.cpp:407
      D1PRINTF(" CCI=");
    4314:	26 ea       	ldi	r18, 0xA6	; 166
    4316:	30 e6       	ldi	r19, 0x60	; 96
    4318:	50 e0       	ldi	r21, 0x00	; 0
    431a:	40 e0       	ldi	r20, 0x00	; 0
    431c:	6a e0       	ldi	r22, 0x0A	; 10
    431e:	70 e0       	ldi	r23, 0x00	; 0
    4320:	8e e8       	ldi	r24, 0x8E	; 142
    4322:	93 e6       	ldi	r25, 0x63	; 99
    4324:	0e 94 d4 0d 	call	0x1ba8	; 0x1ba8 <Print::printHex(void const*, unsigned int, char, unsigned int, char const*) [clone .constprop.12]>
/Users/askn/Develop/UPDI4AVR-USB/src/usb.cpp:408
      D1PRINTHEX(&EP_MEM.cci_data, 10, ':');
    4328:	0e 94 32 0e 	call	0x1c64	; 0x1c64 <Print::ln()>
    432c:	80 91 d6 64 	lds	r24, 0x64D6	; 0x8064d6 <EP_TABLE+0x30>
    4330:	0f 90       	pop	r0
    4332:	0f 90       	pop	r0
    4334:	0f 90       	pop	r0
    4336:	0f 90       	pop	r0
    4338:	81 fd       	sbrc	r24, 1
    433a:	0e 94 86 07 	call	0xf0c	; 0xf0c <USB::ep_cci_listen()>
__vector_19():
    433e:	ff 91       	pop	r31
/Users/askn/Develop/UPDI4AVR-USB/src/usb.cpp:409
      if (bit_is_set(EP_CCI.STATUS, USB_BUSNAK_bp)) ep_cci_listen();
    4340:	ef 91       	pop	r30
    4342:	cf 91       	pop	r28
    4344:	bf 91       	pop	r27
    4346:	af 91       	pop	r26
    4348:	9f 91       	pop	r25
    434a:	8f 91       	pop	r24
    434c:	7f 91       	pop	r23
    434e:	6f 91       	pop	r22
    4350:	5f 91       	pop	r21
/Users/askn/Develop/UPDI4AVR-USB/src/usart.cpp:253
#if defined(CONFIG_VCP_9BIT_SUPPORT)
  usart_receiver();
#else
  USB::vcp_receiver();
#endif
}
    4352:	4f 91       	pop	r20
    4354:	3f 91       	pop	r19
    4356:	2f 91       	pop	r18
    4358:	0f 90       	pop	r0
    435a:	0f be       	out	0x3f, r0	; 63
    435c:	0f 90       	pop	r0
    435e:	1f 90       	pop	r1
    4360:	18 95       	reti
    4362:	8e e5       	ldi	r24, 0x5E	; 94
    4364:	94 e6       	ldi	r25, 0x64	; 100
    4366:	88 cf       	rjmp	.-240    	; 0x4278 <__vector_19+0x3a>
write_byte():
    4368:	0e 94 52 07 	call	0xea4	; 0xea4 <USB::ep_cdi_listen()>
    436c:	97 cf       	rjmp	.-210    	; 0x429c <__vector_19+0x5e>

0000436e <__vector_4>:
__vector_4():
    436e:	11 24       	eor	r1, r1
    4370:	62 e0       	ldi	r22, 0x02	; 2
    4372:	70 e0       	ldi	r23, 0x00	; 0
    4374:	8e ee       	ldi	r24, 0xEE	; 238
/Users/askn/Develop/UPDI4AVR-USB/src/usb.cpp:419
  // MARK: VCP

  void write_byte (const uint8_t _c) {
    /* The double buffer consists of two blocks. */
    uint8_t* _buf = bit_is_set(GPCONF, GPCONF_DBL_bp)
      ? &EP_MEM.cdi_data[64]
    4376:	90 e6       	ldi	r25, 0x60	; 96
    4378:	0e 94 5e 32 	call	0x64bc	; 0x64bc <longjmp>

0000437c <Timeout::stop()>:
_ZN7Timeout4stopEv():
/Users/askn/Develop/UPDI4AVR-USB/src/usb.cpp:423
      : &EP_MEM.cdi_data[0];
    _buf[_send_count++] = _c;
    if (_send_count < 64) _sof_count = 30;
    else ep_cdi_listen();
    437c:	10 92 42 01 	sts	0x0142, r1	; 0x800142 <__TEXT_REGION_LENGTH__+0x7f0142>
    4380:	82 e0       	ldi	r24, 0x02	; 2
/Users/askn/Develop/UPDI4AVR-USB/src/timeout.cpp:98
ISR(RTC_CNT_vect, ISR_NAKED) {
  /***
    This interrupt is a global escape due to timeout.
    There is no return to the source of the interrupt.
  ***/
  __asm__ __volatile__ ("EOR R1,R1");
    4382:	80 93 43 01 	sts	0x0143, r24	; 0x800143 <__TEXT_REGION_LENGTH__+0x7f0143>
/Users/askn/Develop/UPDI4AVR-USB/src/timeout.cpp:99
  longjmp(TIMEOUT_CONTEXT, 2);
    4386:	18 95       	reti

00004388 <Timeout::command(unsigned int (*)(), unsigned int (*)(), unsigned int)>:
command():
    4388:	cf 93       	push	r28
    438a:	df 93       	push	r29
    438c:	cd b7       	in	r28, 0x3d	; 61
    438e:	de b7       	in	r29, 0x3e	; 62
/Users/askn/Develop/UPDI4AVR-USB/src/timeout.cpp:41
   * Exit from the timeout block.
   * The last RETI is required.
   */
  __attribute__((used, naked, noinline))
  void stop (void) {
    RTC_INTCTRL  = 0;
    4390:	28 97       	sbiw	r28, 0x08	; 8
    4392:	cd bf       	out	0x3d, r28	; 61
/Users/askn/Develop/UPDI4AVR-USB/src/timeout.cpp:42
    RTC_INTFLAGS = RTC_CMP_bm;
    4394:	de bf       	out	0x3e, r29	; 62
    4396:	8d 83       	std	Y+5, r24	; 0x05
    4398:	9e 83       	std	Y+6, r25	; 0x06
/Users/askn/Develop/UPDI4AVR-USB/src/timeout.cpp:43
    reti();
    439a:	6b 83       	std	Y+3, r22	; 0x03
/Users/askn/Develop/UPDI4AVR-USB/src/timeout.cpp:70
  /*
   * Timeout block.
   * Does not work with interrupts disabled.
   * RETI must be called after the interrupt is suspended.
   */
  size_t command (size_t (*func_p)(void), size_t (*fail_p)(void), uint16_t _ms) {
    439c:	7c 83       	std	Y+4, r23	; 0x04
    439e:	4f 83       	std	Y+7, r20	; 0x07
    43a0:	58 87       	std	Y+8, r21	; 0x08
    43a2:	19 82       	std	Y+1, r1	; 0x01
    43a4:	1a 82       	std	Y+2, r1	; 0x02
    43a6:	89 81       	ldd	r24, Y+1	; 0x01
    43a8:	9a 81       	ldd	r25, Y+2	; 0x02
    43aa:	89 2b       	or	r24, r25
    43ac:	11 f5       	brne	.+68     	; 0x43f2 <Timeout::command(unsigned int (*)(), unsigned int (*)(), unsigned int)+0x6a>
    43ae:	8e ee       	ldi	r24, 0xEE	; 238
    43b0:	90 e6       	ldi	r25, 0x60	; 96
    43b2:	0e 94 3e 32 	call	0x647c	; 0x647c <setjmp>
/Users/askn/Develop/UPDI4AVR-USB/src/timeout.cpp:71
    volatile size_t _result = 0;
    43b6:	89 2b       	or	r24, r25
/Users/askn/Develop/UPDI4AVR-USB/src/timeout.cpp:72
    while (_result == 0) {
    43b8:	21 f5       	brne	.+72     	; 0x4402 <Timeout::command(unsigned int (*)(), unsigned int (*)(), unsigned int)+0x7a>
start():
    43ba:	e1 e4       	ldi	r30, 0x41	; 65
    43bc:	f1 e0       	ldi	r31, 0x01	; 1
    43be:	80 81       	ld	r24, Z
/Users/askn/Develop/UPDI4AVR-USB/src/timeout.cpp:73
      if (setjmp(TIMEOUT_CONTEXT) == 0) {
    43c0:	81 11       	cpse	r24, r1
    43c2:	fd cf       	rjmp	.-6      	; 0x43be <Timeout::command(unsigned int (*)(), unsigned int (*)(), unsigned int)+0x36>
    43c4:	80 91 48 01 	lds	r24, 0x0148	; 0x800148 <__TEXT_REGION_LENGTH__+0x7f0148>
    43c8:	90 91 49 01 	lds	r25, 0x0149	; 0x800149 <__TEXT_REGION_LENGTH__+0x7f0149>
/Users/askn/Develop/UPDI4AVR-USB/src/timeout.cpp:29
  /*
   * Timeout after the specified time.
   * To be precise, in 1/1024 sec units.
   */
  void start (uint16_t _ms) {
    while (RTC_STATUS);
    43cc:	2f 81       	ldd	r18, Y+7	; 0x07
    43ce:	38 85       	ldd	r19, Y+8	; 0x08
    43d0:	82 0f       	add	r24, r18
    43d2:	93 1f       	adc	r25, r19
    43d4:	80 93 4c 01 	sts	0x014C, r24	; 0x80014c <__TEXT_REGION_LENGTH__+0x7f014c>
/Users/askn/Develop/UPDI4AVR-USB/src/timeout.cpp:30
    RTC_CMP = RTC_CNT + _ms;
    43d8:	90 93 4d 01 	sts	0x014D, r25	; 0x80014d <__TEXT_REGION_LENGTH__+0x7f014d>
    43dc:	82 e0       	ldi	r24, 0x02	; 2
    43de:	80 93 43 01 	sts	0x0143, r24	; 0x800143 <__TEXT_REGION_LENGTH__+0x7f0143>
    43e2:	80 93 42 01 	sts	0x0142, r24	; 0x800142 <__TEXT_REGION_LENGTH__+0x7f0142>
command():
    43e6:	ed 81       	ldd	r30, Y+5	; 0x05
    43e8:	fe 81       	ldd	r31, Y+6	; 0x06
    43ea:	09 95       	icall
    43ec:	89 83       	std	Y+1, r24	; 0x01
/Users/askn/Develop/UPDI4AVR-USB/src/timeout.cpp:31
    RTC_INTFLAGS = RTC_CMP_bm;
    43ee:	9a 83       	std	Y+2, r25	; 0x02
    43f0:	c5 df       	rcall	.-118    	; 0x437c <Timeout::stop()>
    43f2:	89 81       	ldd	r24, Y+1	; 0x01
/Users/askn/Develop/UPDI4AVR-USB/src/timeout.cpp:32
    RTC_INTCTRL  = RTC_CMP_bm;
    43f4:	9a 81       	ldd	r25, Y+2	; 0x02
    43f6:	28 96       	adiw	r28, 0x08	; 8
/Users/askn/Develop/UPDI4AVR-USB/src/timeout.cpp:75
  size_t command (size_t (*func_p)(void), size_t (*fail_p)(void), uint16_t _ms) {
    volatile size_t _result = 0;
    while (_result == 0) {
      if (setjmp(TIMEOUT_CONTEXT) == 0) {
        Timeout::start(_ms);
        _result = (*func_p)();
    43f8:	cd bf       	out	0x3d, r28	; 61
    43fa:	de bf       	out	0x3e, r29	; 62
    43fc:	df 91       	pop	r29
    43fe:	cf 91       	pop	r28
    4400:	08 95       	ret
/Users/askn/Develop/UPDI4AVR-USB/src/timeout.cpp:76
        Timeout::stop();
    4402:	bc df       	rcall	.-136    	; 0x437c <Timeout::stop()>
    4404:	27 ed       	ldi	r18, 0xD7	; 215
/Users/askn/Develop/UPDI4AVR-USB/src/timeout.cpp:84
      Timeout::stop();
      D1PRINTF("[TO]");
      if (!fail_p) break;
      if (!(*fail_p)()) break;
    }
    return _result;
    4406:	3a e0       	ldi	r19, 0x0A	; 10
    4408:	3f 93       	push	r19
/Users/askn/Develop/UPDI4AVR-USB/src/timeout.cpp:85
  }
    440a:	2f 93       	push	r18
    440c:	e2 ed       	ldi	r30, 0xD2	; 210
    440e:	f0 e6       	ldi	r31, 0x60	; 96
    4410:	ff 93       	push	r31
    4412:	ef 93       	push	r30
    4414:	0e 94 3e 0e 	call	0x1c7c	; 0x1c7c <Print::printf(PGM_t const*, ...) [clone .constprop.16]>
/Users/askn/Develop/UPDI4AVR-USB/src/timeout.cpp:79
        Timeout::start(_ms);
        _result = (*func_p)();
        Timeout::stop();
        break;
      }
      Timeout::stop();
    4418:	0f 90       	pop	r0
/Users/askn/Develop/UPDI4AVR-USB/src/timeout.cpp:80
      D1PRINTF("[TO]");
    441a:	0f 90       	pop	r0
    441c:	0f 90       	pop	r0
    441e:	0f 90       	pop	r0
    4420:	8b 81       	ldd	r24, Y+3	; 0x03
    4422:	9c 81       	ldd	r25, Y+4	; 0x04
    4424:	00 97       	sbiw	r24, 0x00	; 0
    4426:	29 f3       	breq	.-54     	; 0x43f2 <Timeout::command(unsigned int (*)(), unsigned int (*)(), unsigned int)+0x6a>
    4428:	fc 01       	movw	r30, r24
    442a:	09 95       	icall
    442c:	89 2b       	or	r24, r25
    442e:	09 f0       	breq	.+2      	; 0x4432 <Timeout::command(unsigned int (*)(), unsigned int (*)(), unsigned int)+0xaa>
    4430:	ba cf       	rjmp	.-140    	; 0x43a6 <Timeout::command(unsigned int (*)(), unsigned int (*)(), unsigned int)+0x1e>
    4432:	df cf       	rjmp	.-66     	; 0x43f2 <Timeout::command(unsigned int (*)(), unsigned int (*)(), unsigned int)+0x6a>

00004434 <ISP::jtag_scope_isp()>:
jtag_scope_isp():
    4434:	ef 92       	push	r14
/Users/askn/Develop/UPDI4AVR-USB/src/timeout.cpp:81
      if (!fail_p) break;
    4436:	ff 92       	push	r15
    4438:	0f 93       	push	r16
    443a:	1f 93       	push	r17
    443c:	cf 93       	push	r28
/Users/askn/Develop/UPDI4AVR-USB/src/timeout.cpp:82
      if (!(*fail_p)()) break;
    443e:	df 93       	push	r29
    4440:	d0 91 23 63 	lds	r29, 0x6323	; 0x806323 <_packet_length>
    4444:	d6 50       	subi	r29, 0x06	; 6
    4446:	c0 91 0c 61 	lds	r28, 0x610C	; 0x80610c <packet+0x5>
/Users/askn/Develop/UPDI4AVR-USB/src/isp.cpp:396
  /*** The ISP scope provides access to Low-Voltage SPI control AVR-8 chips. ***/
  /*
   * The packets within this scope are a subset of the STK500v2 protocol.
   * They also differ slightly from the AVRISPmkII (AVR069 document).
   */
  size_t jtag_scope_isp (void) {
    444a:	ed 2e       	mov	r14, r29
    444c:	f1 2c       	mov	r15, r1
    444e:	1f 92       	push	r1
    4450:	df 93       	push	r29
    4452:	8c ea       	ldi	r24, 0xAC	; 172
    4454:	92 e0       	ldi	r25, 0x02	; 2
/Users/askn/Develop/UPDI4AVR-USB/src/isp.cpp:398
    size_t  _rspsize = 0;
    uint8_t _length  = _packet_length - 6;
    4456:	9f 93       	push	r25
    4458:	8f 93       	push	r24
    445a:	02 ed       	ldi	r16, 0xD2	; 210
/Users/askn/Develop/UPDI4AVR-USB/src/isp.cpp:399
    uint8_t _cmd     = packet.out.cmd;
    445c:	10 e6       	ldi	r17, 0x60	; 96
    445e:	1f 93       	push	r17
/Users/askn/Develop/UPDI4AVR-USB/src/isp.cpp:401
  #if !defined(NDEBUG) && defined(DEBUG)
    D1PRINTF(" L=%d\r\n  ", _length);
    4460:	0f 93       	push	r16
    4462:	0e 94 3e 0e 	call	0x1c7c	; 0x1c7c <Print::printf(PGM_t const*, ...) [clone .constprop.16]>
    4466:	0f 90       	pop	r0
    4468:	0f 90       	pop	r0
    446a:	0f 90       	pop	r0
    446c:	0f 90       	pop	r0
    446e:	0f 90       	pop	r0
    4470:	0f 90       	pop	r0
    4472:	dd 23       	and	r29, r29
    4474:	09 f4       	brne	.+2      	; 0x4478 <ISP::jtag_scope_isp()+0x44>
    4476:	84 c0       	rjmp	.+264    	; 0x4580 <ISP::jtag_scope_isp()+0x14c>
    4478:	24 ec       	ldi	r18, 0xC4	; 196
    447a:	30 e6       	ldi	r19, 0x60	; 96
/Users/askn/Develop/UPDI4AVR-USB/src/isp.cpp:402
    if (_length)
    447c:	40 e1       	ldi	r20, 0x10	; 16
    447e:	50 e0       	ldi	r21, 0x00	; 0
    4480:	b7 01       	movw	r22, r14
    4482:	8d e0       	ldi	r24, 0x0D	; 13
    4484:	91 e6       	ldi	r25, 0x61	; 97
    4486:	0e 94 d4 0d 	call	0x1ba8	; 0x1ba8 <Print::printHex(void const*, unsigned int, char, unsigned int, char const*) [clone .constprop.12]>
    448a:	0e 94 32 0e 	call	0x1c64	; 0x1c64 <Print::ln()>
/Users/askn/Develop/UPDI4AVR-USB/src/isp.cpp:403
      D1PRINTHEX(&packet.out.isp.data, _length, ':', 16, "\r\n  ");
    448e:	c0 31       	cpi	r28, 0x10	; 16
    4490:	09 f0       	breq	.+2      	; 0x4494 <ISP::jtag_scope_isp()+0x60>
    4492:	9d c0       	rjmp	.+314    	; 0x45ce <ISP::jtag_scope_isp()+0x19a>
    4494:	8f e8       	ldi	r24, 0x8F	; 143
    4496:	92 e0       	ldi	r25, 0x02	; 2
    4498:	9f 93       	push	r25
    449a:	8f 93       	push	r24
    449c:	82 ed       	ldi	r24, 0xD2	; 210
    449e:	90 e6       	ldi	r25, 0x60	; 96
    44a0:	9f 93       	push	r25
    44a2:	8f 93       	push	r24
/Users/askn/Develop/UPDI4AVR-USB/src/isp.cpp:407
    else
      D1PRINTF("\r\n");
  #endif
    if (_cmd == 0x10) {         /* CMD_ENTER_PROGMODE_ISP */
    44a4:	0e 94 3e 0e 	call	0x1c7c	; 0x1c7c <Print::printf(PGM_t const*, ...) [clone .constprop.16]>
sign_on():
    44a8:	0f 90       	pop	r0
/Users/askn/Develop/UPDI4AVR-USB/src/isp.cpp:408
      D1PRINTF(" ISP_CMD_ENTER_PROGMODE\r\n");
    44aa:	0f 90       	pop	r0
    44ac:	0f 90       	pop	r0
    44ae:	0f 90       	pop	r0
    44b0:	ff 99       	sbic	0x1f, 7	; 31
    44b2:	3f c0       	rjmp	.+126    	; 0x4532 <ISP::jtag_scope_isp()+0xfe>
    44b4:	10 92 e2 60 	sts	0x60E2, r1	; 0x8060e2 <ISP::_base_addr>
    44b8:	10 92 e3 60 	sts	0x60E3, r1	; 0x8060e3 <ISP::_base_addr+0x1>
    44bc:	0e 94 88 12 	call	0x2510	; 0x2510 <USART::setup()>
extclk_enable():
/Users/askn/Develop/UPDI4AVR-USB/src/isp.cpp:357
    _xclk -= _xclk >> 2;  /* next 75 % */
    return 1;
  }

  void sign_on (void) {
    if (bit_is_clear(PGCONF, PGCONF_PGIF_bp)) {
    44c0:	10 92 82 63 	sts	0x6382, r1	; 0x806382 <_led_mode>
    44c4:	80 91 e1 05 	lds	r24, 0x05E1	; 0x8005e1 <__TEXT_REGION_LENGTH__+0x7f05e1>
    44c8:	81 60       	ori	r24, 0x01	; 1
/Users/askn/Develop/UPDI4AVR-USB/src/isp.cpp:358
      _base_addr = 0;
    44ca:	80 93 e1 05 	sts	0x05E1, r24	; 0x8005e1 <__TEXT_REGION_LENGTH__+0x7f05e1>
    44ce:	10 92 c0 01 	sts	0x01C0, r1	; 0x8001c0 <__TEXT_REGION_LENGTH__+0x7f01c0>
/Users/askn/Develop/UPDI4AVR-USB/src/isp.cpp:359
      USART::setup();
    44d2:	82 e0       	ldi	r24, 0x02	; 2
    44d4:	80 93 cb 01 	sts	0x01CB, r24	; 0x8001cb <__TEXT_REGION_LENGTH__+0x7f01cb>
/Users/askn/Develop/UPDI4AVR-USB/src/sys.cpp:227
  /*
   * 4 MHz output to PA6
   */
  void extclk_enable (void) {
  #ifdef CONFIG_PGM_EXCLK_ENABLE
    _led_mode = 0;
    44d8:	8a e0       	ldi	r24, 0x0A	; 10
/Users/askn/Develop/UPDI4AVR-USB/src/sys.cpp:228
    PORTMUX_CCLROUTEA |= PORTMUX_LUT0_ALT1_gc;      /* LUT0_OUT -> PA6 */
    44da:	80 93 c9 01 	sts	0x01C9, r24	; 0x8001c9 <__TEXT_REGION_LENGTH__+0x7f01c9>
    44de:	91 e4       	ldi	r25, 0x41	; 65
    44e0:	90 93 c8 01 	sts	0x01C8, r25	; 0x8001c8 <__TEXT_REGION_LENGTH__+0x7f01c8>
/Users/askn/Develop/UPDI4AVR-USB/src/sys.cpp:229
    CCL_CTRLA     = 0;
    44e4:	91 e0       	ldi	r25, 0x01	; 1
    44e6:	90 93 c0 01 	sts	0x01C0, r25	; 0x8001c0 <__TEXT_REGION_LENGTH__+0x7f01c0>
/Users/askn/Develop/UPDI4AVR-USB/src/sys.cpp:230
    CCL_TRUTH0    = CCL_TRUTH_1_bm;
    44ea:	10 92 00 0b 	sts	0x0B00, r1	; 0x800b00 <__TEXT_REGION_LENGTH__+0x7f0b00>
/Users/askn/Develop/UPDI4AVR-USB/src/sys.cpp:231
    CCL_LUT0CTRLB = CCL_INSEL0_TCB0_gc;             /* <- TCB0_WO */
    44ee:	10 92 0a 0b 	sts	0x0B0A, r1	; 0x800b0a <__TEXT_REGION_LENGTH__+0x7f0b0a>
    44f2:	10 92 0b 0b 	sts	0x0B0B, r1	; 0x800b0b <__TEXT_REGION_LENGTH__+0x7f0b0b>
/Users/askn/Develop/UPDI4AVR-USB/src/sys.cpp:232
    CCL_LUT0CTRLA = CCL_ENABLE_bm | CCL_OUTEN_bm;   /* -> PIN_PA6 */
    44f6:	29 e0       	ldi	r18, 0x09	; 9
    44f8:	20 93 0c 0b 	sts	0x0B0C, r18	; 0x800b0c <__TEXT_REGION_LENGTH__+0x7f0b0c>
/Users/askn/Develop/UPDI4AVR-USB/src/sys.cpp:233
    CCL_CTRLA     = CCL_ENABLE_bm;
    44fc:	24 e0       	ldi	r18, 0x04	; 4
    44fe:	20 93 0d 0b 	sts	0x0B0D, r18	; 0x800b0d <__TEXT_REGION_LENGTH__+0x7f0b0d>
/Users/askn/Develop/UPDI4AVR-USB/src/sys.cpp:234
    TCB0_CTRLA = 0;
    4502:	27 e0       	ldi	r18, 0x07	; 7
/Users/askn/Develop/UPDI4AVR-USB/src/sys.cpp:235
    TCB0_CNT   = 0;
    4504:	20 93 01 0b 	sts	0x0B01, r18	; 0x800b01 <__TEXT_REGION_LENGTH__+0x7f0b01>
    4508:	90 93 00 0b 	sts	0x0B00, r25	; 0x800b00 <__TEXT_REGION_LENGTH__+0x7f0b00>
delay_millis():
/Users/askn/Develop/UPDI4AVR-USB/src/sys.cpp:236
    TCB0_CCMPL = (CONFIG_PGM_EXCLK_ENABLE) - 1;
    450c:	2f e7       	ldi	r18, 0x7F	; 127
    450e:	38 e3       	ldi	r19, 0x38	; 56
    4510:	91 e0       	ldi	r25, 0x01	; 1
/Users/askn/Develop/UPDI4AVR-USB/src/sys.cpp:237
    TCB0_CCMPH = (CONFIG_PGM_EXCLK_ENABLE) / 2 - 1;
    4512:	21 50       	subi	r18, 0x01	; 1
    4514:	30 40       	sbci	r19, 0x00	; 0
    4516:	90 40       	sbci	r25, 0x00	; 0
/Users/askn/Develop/UPDI4AVR-USB/src/sys.cpp:238
    TCB0_CTRLB = TCB_CNTMODE_PWM8_gc;
    4518:	e1 f7       	brne	.-8      	; 0x4512 <ISP::jtag_scope_isp()+0xde>
    451a:	00 c0       	rjmp	.+0      	; 0x451c <ISP::jtag_scope_isp()+0xe8>
    451c:	00 00       	nop
sign_on():
/Users/askn/Develop/UPDI4AVR-USB/src/sys.cpp:239
    TCB0_CTRLA = TCB_ENABLE_bm | TCB_CLKSEL_DIV1_gc;
    451e:	80 93 02 04 	sts	0x0402, r24	; 0x800402 <__TEXT_REGION_LENGTH__+0x7f0402>
/Users/askn/Library/Arduino15/packages/MultiX-Zinnia/hardware/modernAVR/0.4.10/cores/modernAVR/api/delay_busywait.h:42
  }
}

void delay_millis (uint32_t _ms) {
  if (F_CPU >= 1000000L) {
    __builtin_avr_delay_cycles((F_CPU / 1000L) * _ms);
    4522:	8f e0       	ldi	r24, 0x0F	; 15
    4524:	80 93 06 04 	sts	0x0406, r24	; 0x800406 <__TEXT_REGION_LENGTH__+0x7f0406>
    4528:	85 e0       	ldi	r24, 0x05	; 5
    452a:	80 93 01 04 	sts	0x0401, r24	; 0x800401 <__TEXT_REGION_LENGTH__+0x7f0401>
    452e:	80 e8       	ldi	r24, 0x80	; 128
    4530:	8f bb       	out	0x1f, r24	; 31
jtag_scope_isp():
    4532:	db 30       	cpi	r29, 0x0B	; 11
/Users/askn/Develop/UPDI4AVR-USB/src/isp.cpp:363
      SYS::extclk_enable();

      /* Change the necessary port settings. */
      portRegister(PIN_PGM_MRST).DIRCLR = SPI_INPUT;
    4534:	90 f5       	brcc	.+100    	; 0x459a <ISP::jtag_scope_isp()+0x166>
    4536:	80 e8       	ldi	r24, 0x80	; 128
/Users/askn/Develop/UPDI4AVR-USB/src/isp.cpp:364
      portRegister(PIN_PGM_MRST).OUTCLR = SPI_OUTPUT | SPI_INPUT;
    4538:	80 93 0d 61 	sts	0x610D, r24	; 0x80610d <packet+0x6>
    453c:	c1 e0       	ldi	r28, 0x01	; 1
/Users/askn/Develop/UPDI4AVR-USB/src/isp.cpp:365
      portRegister(PIN_PGM_MRST).DIRSET = SPI_OUTPUT;
    453e:	d0 e0       	ldi	r29, 0x00	; 0
    4540:	df 93       	push	r29
    4542:	cf 93       	push	r28
/Users/askn/Develop/UPDI4AVR-USB/src/isp.cpp:367

      PGCONF = PGCONF_PGIF_bm;
    4544:	89 e3       	ldi	r24, 0x39	; 57
    4546:	91 e0       	ldi	r25, 0x01	; 1
/Users/askn/Develop/UPDI4AVR-USB/src/isp.cpp:410
      D1PRINTF("\r\n");
  #endif
    if (_cmd == 0x10) {         /* CMD_ENTER_PROGMODE_ISP */
      D1PRINTF(" ISP_CMD_ENTER_PROGMODE\r\n");
      sign_on();
      if (_length >= 11) {
    4548:	9f 93       	push	r25
    454a:	8f 93       	push	r24
/Users/askn/Develop/UPDI4AVR-USB/src/isp.cpp:501
      packet.in.isp.res = 0xC9; /* STATUS_CMD_UNKNOWN */
      return 1;
    }

    if (_rspsize == 0) {
      packet.in.isp.res = 0x80; /* STATUS_CMD_TOUT */
    454c:	82 ed       	ldi	r24, 0xD2	; 210
    454e:	90 e6       	ldi	r25, 0x60	; 96
    4550:	9f 93       	push	r25
/Users/askn/Develop/UPDI4AVR-USB/src/isp.cpp:502
      _rspsize = 1;
    4552:	8f 93       	push	r24
    4554:	0e 94 3e 0e 	call	0x1c7c	; 0x1c7c <Print::printf(PGM_t const*, ...) [clone .constprop.16]>
/Users/askn/Develop/UPDI4AVR-USB/src/isp.cpp:511
      if (_rspsize > 1) _rspsize += 1;
      packet.in.isp.res = 0x00; /* STATUS_CMD_OK */
    }

  #if !defined(NDEBUG) && defined(DEBUG)
    D1PRINTF(" ISP_RES L=%d\r\n  ", _rspsize);
    4558:	24 ec       	ldi	r18, 0xC4	; 196
    455a:	30 e6       	ldi	r19, 0x60	; 96
    455c:	40 e1       	ldi	r20, 0x10	; 16
    455e:	50 e0       	ldi	r21, 0x00	; 0
    4560:	be 01       	movw	r22, r28
    4562:	6f 5f       	subi	r22, 0xFF	; 255
    4564:	7f 4f       	sbci	r23, 0xFF	; 255
    4566:	8c e0       	ldi	r24, 0x0C	; 12
    4568:	91 e6       	ldi	r25, 0x61	; 97
    456a:	0e 94 d4 0d 	call	0x1ba8	; 0x1ba8 <Print::printHex(void const*, unsigned int, char, unsigned int, char const*) [clone .constprop.12]>
/Users/askn/Develop/UPDI4AVR-USB/src/isp.cpp:512
    D1PRINTHEX(&packet.in.isp.cmd, _rspsize + 1, ':', 16, "\r\n  ");
    456e:	0e 94 32 0e 	call	0x1c64	; 0x1c64 <Print::ln()>
    4572:	0f 90       	pop	r0
    4574:	0f 90       	pop	r0
    4576:	0f 90       	pop	r0
    4578:	0f 90       	pop	r0
    457a:	0f 90       	pop	r0
    457c:	0f 90       	pop	r0
    457e:	d5 c0       	rjmp	.+426    	; 0x472a <ISP::jtag_scope_isp()+0x2f6>
    4580:	89 ea       	ldi	r24, 0xA9	; 169
    4582:	92 e0       	ldi	r25, 0x02	; 2
    4584:	9f 93       	push	r25
    4586:	8f 93       	push	r24
    4588:	1f 93       	push	r17
    458a:	0f 93       	push	r16
    458c:	0e 94 3e 0e 	call	0x1c7c	; 0x1c7c <Print::printf(PGM_t const*, ...) [clone .constprop.16]>
    4590:	0f 90       	pop	r0
    4592:	0f 90       	pop	r0
/Users/askn/Develop/UPDI4AVR-USB/src/isp.cpp:405
  #if !defined(NDEBUG) && defined(DEBUG)
    D1PRINTF(" L=%d\r\n  ", _length);
    if (_length)
      D1PRINTHEX(&packet.out.isp.data, _length, ':', 16, "\r\n  ");
    else
      D1PRINTF("\r\n");
    4594:	0f 90       	pop	r0
    4596:	0f 90       	pop	r0
    4598:	7a cf       	rjmp	.-268    	; 0x448e <ISP::jtag_scope_isp()+0x5a>
    459a:	84 e0       	ldi	r24, 0x04	; 4
    459c:	80 93 e4 60 	sts	0x60E4, r24	; 0x8060e4 <ISP::_pgm_retry>
    45a0:	40 91 0d 61 	lds	r20, 0x610D	; 0x80610d <packet+0x6>
    45a4:	50 e0       	ldi	r21, 0x00	; 0
    45a6:	64 ef       	ldi	r22, 0xF4	; 244
    45a8:	70 e2       	ldi	r23, 0x20	; 32
    45aa:	8c ec       	ldi	r24, 0xCC	; 204
    45ac:	99 e1       	ldi	r25, 0x19	; 25
/Users/askn/Develop/UPDI4AVR-USB/src/isp.cpp:411
  #endif
    if (_cmd == 0x10) {         /* CMD_ENTER_PROGMODE_ISP */
      D1PRINTF(" ISP_CMD_ENTER_PROGMODE\r\n");
      sign_on();
      if (_length >= 11) {
        _pgm_retry = 4;
    45ae:	ec de       	rcall	.-552    	; 0x4388 <Timeout::command(unsigned int (*)(), unsigned int (*)(), unsigned int)>
    45b0:	00 97       	sbiw	r24, 0x00	; 0
    45b2:	09 f4       	brne	.+2      	; 0x45b6 <ISP::jtag_scope_isp()+0x182>
/Users/askn/Develop/UPDI4AVR-USB/src/isp.cpp:412
        _rspsize = Timeout::command(&connect, &timeout_fallback, packet.out.isp.data[0]);
    45b4:	c0 cf       	rjmp	.-128    	; 0x4536 <ISP::jtag_scope_isp()+0x102>
    45b6:	fc 01       	movw	r30, r24
    45b8:	e9 5f       	subi	r30, 0xF9	; 249
    45ba:	fe 49       	sbci	r31, 0x9E	; 158
    45bc:	17 82       	std	Z+7, r1	; 0x07
    45be:	ec 01       	movw	r28, r24
    45c0:	21 96       	adiw	r28, 0x01	; 1
    45c2:	02 97       	sbiw	r24, 0x02	; 2
    45c4:	08 f4       	brcc	.+2      	; 0x45c8 <ISP::jtag_scope_isp()+0x194>
/Users/askn/Develop/UPDI4AVR-USB/src/isp.cpp:500
      D1PRINTF(" ISP_CMD_?[%02X]\r\n", _cmd);
      packet.in.isp.res = 0xC9; /* STATUS_CMD_UNKNOWN */
      return 1;
    }

    if (_rspsize == 0) {
    45c6:	79 c0       	rjmp	.+242    	; 0x46ba <ISP::jtag_scope_isp()+0x286>
    45c8:	10 92 0d 61 	sts	0x610D, r1	; 0x80610d <packet+0x6>
/Users/askn/Develop/UPDI4AVR-USB/src/isp.cpp:505
      packet.in.isp.res = 0x80; /* STATUS_CMD_TOUT */
      _rspsize = 1;
    }
    else {
      packet.in.data[_rspsize] = 0;
    45cc:	b9 cf       	rjmp	.-142    	; 0x4540 <ISP::jtag_scope_isp()+0x10c>
    45ce:	c1 31       	cpi	r28, 0x11	; 17
    45d0:	c9 f5       	brne	.+114    	; 0x4644 <ISP::jtag_scope_isp()+0x210>
    45d2:	85 e7       	ldi	r24, 0x75	; 117
/Users/askn/Develop/UPDI4AVR-USB/src/isp.cpp:506
      if (_rspsize > 1) _rspsize += 1;
    45d4:	92 e0       	ldi	r25, 0x02	; 2
    45d6:	9f 93       	push	r25
    45d8:	8f 93       	push	r24
    45da:	82 ed       	ldi	r24, 0xD2	; 210
    45dc:	90 e6       	ldi	r25, 0x60	; 96
/Users/askn/Develop/UPDI4AVR-USB/src/isp.cpp:507
      packet.in.isp.res = 0x00; /* STATUS_CMD_OK */
    45de:	9f 93       	push	r25
    45e0:	8f 93       	push	r24
    45e2:	0e 94 3e 0e 	call	0x1c7c	; 0x1c7c <Print::printf(PGM_t const*, ...) [clone .constprop.16]>
sign_off():
/Users/askn/Develop/UPDI4AVR-USB/src/isp.cpp:417
        _rspsize = Timeout::command(&connect, &timeout_fallback, packet.out.isp.data[0]);
        /* If STATUS_CMD_FAILED is returned here,
           CMD3_START_DW_DEBUG will be sent next. */
      }
    }
    else if (_cmd == 0x11) {    /* CMD_LEAVE_PROGMODE_ISP */
    45e6:	8f b3       	in	r24, 0x1f	; 31
/Users/askn/Develop/UPDI4AVR-USB/src/isp.cpp:418
      D1PRINTF(" ISP_CMD_LEAVE_PROGMODE\r\n");
    45e8:	0f 90       	pop	r0
    45ea:	0f 90       	pop	r0
    45ec:	0f 90       	pop	r0
    45ee:	0f 90       	pop	r0
    45f0:	88 23       	and	r24, r24
    45f2:	29 f1       	breq	.+74     	; 0x463e <ISP::jtag_scope_isp()+0x20a>
    45f4:	10 92 00 0a 	sts	0x0A00, r1	; 0x800a00 <__TEXT_REGION_LENGTH__+0x7f0a00>
    45f8:	8f e0       	ldi	r24, 0x0F	; 15
    45fa:	80 93 00 0a 	sts	0x0A00, r24	; 0x800a00 <__TEXT_REGION_LENGTH__+0x7f0a00>
/Users/askn/Develop/UPDI4AVR-USB/src/isp.cpp:372
      PGCONF = PGCONF_PGIF_bm;
    }
  }

  size_t sign_off (void) {
    if (PGCONF) {
    45fe:	80 93 06 04 	sts	0x0406, r24	; 0x800406 <__TEXT_REGION_LENGTH__+0x7f0406>
    4602:	80 93 02 04 	sts	0x0402, r24	; 0x800402 <__TEXT_REGION_LENGTH__+0x7f0402>
extclk_disable():
    4606:	10 92 82 63 	sts	0x6382, r1	; 0x806382 <_led_mode>
/Users/askn/Develop/UPDI4AVR-USB/src/isp.cpp:374
      /* TCA0_WO0 reset */
      TCA0_SPLIT_CTRLA = 0;
    460a:	80 91 e1 05 	lds	r24, 0x05E1	; 0x8005e1 <__TEXT_REGION_LENGTH__+0x7f05e1>
/Users/askn/Develop/UPDI4AVR-USB/src/isp.cpp:375
      TCA0_SPLIT_CTRLA = TCA_SPLIT_ENABLE_bm | TCA_SPLIT_CLKSEL_DIV1024_gc;
    460e:	8e 7f       	andi	r24, 0xFE	; 254
    4610:	80 93 e1 05 	sts	0x05E1, r24	; 0x8005e1 <__TEXT_REGION_LENGTH__+0x7f05e1>
/Users/askn/Develop/UPDI4AVR-USB/src/isp.cpp:377

      portRegister(PIN_PGM_TRST).OUTCLR = SPI_OUTPUT | SPI_INPUT;
    4614:	10 92 c0 01 	sts	0x01C0, r1	; 0x8001c0 <__TEXT_REGION_LENGTH__+0x7f01c0>
/Users/askn/Develop/UPDI4AVR-USB/src/isp.cpp:378
      portRegister(PIN_PGM_TRST).DIRCLR = SPI_OUTPUT | SPI_INPUT;
    4618:	10 92 cb 01 	sts	0x01CB, r1	; 0x8001cb <__TEXT_REGION_LENGTH__+0x7f01cb>
/Users/askn/Develop/UPDI4AVR-USB/src/sys.cpp:246
  #endif
  }

  void extclk_disable (void) {
  #ifdef CONFIG_PGM_EXCLK_ENABLE
    _led_mode = 0;
    461c:	10 92 c9 01 	sts	0x01C9, r1	; 0x8001c9 <__TEXT_REGION_LENGTH__+0x7f01c9>
/Users/askn/Develop/UPDI4AVR-USB/src/sys.cpp:247
    PORTMUX_CCLROUTEA &= ~PORTMUX_LUT0_ALT1_gc;
    4620:	10 92 c8 01 	sts	0x01C8, r1	; 0x8001c8 <__TEXT_REGION_LENGTH__+0x7f01c8>
    4624:	81 e0       	ldi	r24, 0x01	; 1
    4626:	80 93 c0 01 	sts	0x01C0, r24	; 0x8001c0 <__TEXT_REGION_LENGTH__+0x7f01c0>
/Users/askn/Develop/UPDI4AVR-USB/src/sys.cpp:248
    CCL_CTRLA     = 0;
    462a:	10 92 00 0b 	sts	0x0B00, r1	; 0x800b00 <__TEXT_REGION_LENGTH__+0x7f0b00>
sign_off():
/Users/askn/Develop/UPDI4AVR-USB/src/sys.cpp:249
    CCL_TRUTH0    = 0;
    462e:	61 e0       	ldi	r22, 0x01	; 1
    4630:	0e 94 4e 18 	call	0x309c	; 0x309c <SYS::power_reset(bool, bool)>
/Users/askn/Develop/UPDI4AVR-USB/src/sys.cpp:250
    CCL_LUT0CTRLB = 0;
    4634:	1f ba       	out	0x1f, r1	; 31
/Users/askn/Develop/UPDI4AVR-USB/src/sys.cpp:251
    CCL_LUT0CTRLA = 0;
    4636:	0e 94 88 12 	call	0x2510	; 0x2510 <USART::setup()>
/Users/askn/Develop/UPDI4AVR-USB/src/sys.cpp:252
    CCL_CTRLA     = CCL_ENABLE_bm;
    463a:	0e 94 26 0f 	call	0x1e4c	; 0x1e4c <USART::change_vcp()>
jtag_scope_isp():
    463e:	10 92 0f 61 	sts	0x610F, r1	; 0x80610f <packet+0x8>
/Users/askn/Develop/UPDI4AVR-USB/src/sys.cpp:253
    TCB0_CTRLA = 0;
    4642:	3b c0       	rjmp	.+118    	; 0x46ba <ISP::jtag_scope_isp()+0x286>
/Users/askn/Develop/UPDI4AVR-USB/src/isp.cpp:381

      SYS::extclk_disable();
      SYS::power_reset();
    4644:	cd 31       	cpi	r28, 0x1D	; 29
    4646:	e1 f5       	brne	.+120    	; 0x46c0 <ISP::jtag_scope_isp()+0x28c>
    4648:	c0 91 0d 61 	lds	r28, 0x610D	; 0x80610d <packet+0x6>
/Users/askn/Develop/UPDI4AVR-USB/src/isp.cpp:383
      PGCONF = 0;
      USART::setup();
    464c:	d0 91 0e 61 	lds	r29, 0x610E	; 0x80610e <packet+0x7>
/Users/askn/Develop/UPDI4AVR-USB/src/isp.cpp:384
      USART::change_vcp();
    4650:	df 93       	push	r29
    4652:	cf 93       	push	r28
/Users/askn/Develop/UPDI4AVR-USB/src/isp.cpp:505
    if (_rspsize == 0) {
      packet.in.isp.res = 0x80; /* STATUS_CMD_TOUT */
      _rspsize = 1;
    }
    else {
      packet.in.data[_rspsize] = 0;
    4654:	8f e5       	ldi	r24, 0x5F	; 95
    4656:	92 e0       	ldi	r25, 0x02	; 2
    4658:	9f 93       	push	r25
/Users/askn/Develop/UPDI4AVR-USB/src/isp.cpp:421
    }
    else if (_cmd == 0x11) {    /* CMD_LEAVE_PROGMODE_ISP */
      D1PRINTF(" ISP_CMD_LEAVE_PROGMODE\r\n");
      _rspsize = sign_off();
    }
    else if (_cmd == 0x1D) {    /* CMD_SET_SCK */
    465a:	8f 93       	push	r24
    465c:	82 ed       	ldi	r24, 0xD2	; 210
/Users/askn/Develop/UPDI4AVR-USB/src/isp.cpp:422
      uint16_t _data = packet.out.isp.wValue;
    465e:	90 e6       	ldi	r25, 0x60	; 96
    4660:	9f 93       	push	r25
    4662:	8f 93       	push	r24
    4664:	0e 94 3e 0e 	call	0x1c7c	; 0x1c7c <Print::printf(PGM_t const*, ...) [clone .constprop.16]>
/Users/askn/Develop/UPDI4AVR-USB/src/isp.cpp:423
      D1PRINTF(" PIC_CMD_SET_SCK=%d\r\n", _data);
    4668:	0f 90       	pop	r0
    466a:	0f 90       	pop	r0
    466c:	0f 90       	pop	r0
    466e:	0f 90       	pop	r0
    4670:	0f 90       	pop	r0
    4672:	0f 90       	pop	r0
    4674:	20 97       	sbiw	r28, 0x00	; 0
    4676:	49 f0       	breq	.+18     	; 0x468a <ISP::jtag_scope_isp()+0x256>
    4678:	88 ee       	ldi	r24, 0xE8	; 232
    467a:	93 e0       	ldi	r25, 0x03	; 3
    467c:	be 01       	movw	r22, r28
/Users/askn/Develop/UPDI4AVR-USB/src/isp.cpp:425
      /* This command sends microseconds. */
      if (_data > 0) _xclk = 1000 / _data;  /* convert us to kbps */
    467e:	0e 94 35 35 	call	0x6a6a	; 0x6a6a <__udivmodhi4>
    4682:	60 93 84 63 	sts	0x6384, r22	; 0x806384 <_xclk>
    4686:	70 93 85 63 	sts	0x6385, r23	; 0x806385 <_xclk+0x1>
    468a:	80 91 85 63 	lds	r24, 0x6385	; 0x806385 <_xclk+0x1>
    468e:	8f 93       	push	r24
    4690:	80 91 84 63 	lds	r24, 0x6384	; 0x806384 <_xclk>
    4694:	8f 93       	push	r24
    4696:	84 e5       	ldi	r24, 0x54	; 84
    4698:	92 e0       	ldi	r25, 0x02	; 2
    469a:	9f 93       	push	r25
    469c:	8f 93       	push	r24
    469e:	82 ed       	ldi	r24, 0xD2	; 210
/Users/askn/Develop/UPDI4AVR-USB/src/isp.cpp:426
      D1PRINTF(" XCLK=%d\r\n", _xclk);
    46a0:	90 e6       	ldi	r25, 0x60	; 96
    46a2:	9f 93       	push	r25
    46a4:	8f 93       	push	r24
    46a6:	0e 94 3e 0e 	call	0x1c7c	; 0x1c7c <Print::printf(PGM_t const*, ...) [clone .constprop.16]>
    46aa:	10 92 0f 61 	sts	0x610F, r1	; 0x80610f <packet+0x8>
    46ae:	0f 90       	pop	r0
/Users/askn/Develop/UPDI4AVR-USB/src/isp.cpp:445
      packet.in.isp.res = 0xC0; /* STATUS_CMD_FAILED */
      return 1;
    }
    else if (_cmd == 0x06) {    /* CMD_LOAD_ADDRESS */
      _base_addr = bswap32(packet.out.isp.dwValue);
      D1PRINTF(" ISP_CMD_LOAD_ADDRESS=$%04X\r\n", _base_addr);
    46b0:	0f 90       	pop	r0
    46b2:	0f 90       	pop	r0
    46b4:	0f 90       	pop	r0
    46b6:	0f 90       	pop	r0
    46b8:	0f 90       	pop	r0
    46ba:	c1 e0       	ldi	r28, 0x01	; 1
    46bc:	d0 e0       	ldi	r29, 0x00	; 0
/Users/askn/Develop/UPDI4AVR-USB/src/isp.cpp:505
    if (_rspsize == 0) {
      packet.in.isp.res = 0x80; /* STATUS_CMD_TOUT */
      _rspsize = 1;
    }
    else {
      packet.in.data[_rspsize] = 0;
    46be:	84 cf       	rjmp	.-248    	; 0x45c8 <ISP::jtag_scope_isp()+0x194>
    46c0:	ce 31       	cpi	r28, 0x1E	; 30
    46c2:	d9 f5       	brne	.+118    	; 0x473a <ISP::jtag_scope_isp()+0x306>
    46c4:	80 91 85 63 	lds	r24, 0x6385	; 0x806385 <_xclk+0x1>
    46c8:	8f 93       	push	r24
    46ca:	80 91 84 63 	lds	r24, 0x6384	; 0x806384 <_xclk>
/Users/askn/Develop/UPDI4AVR-USB/src/isp.cpp:506
      if (_rspsize > 1) _rspsize += 1;
    46ce:	8f 93       	push	r24
    46d0:	8e e3       	ldi	r24, 0x3E	; 62
    46d2:	92 e0       	ldi	r25, 0x02	; 2
/Users/askn/Develop/UPDI4AVR-USB/src/isp.cpp:429
      /* This command sends microseconds. */
      if (_data > 0) _xclk = 1000 / _data;  /* convert us to kbps */
      D1PRINTF(" XCLK=%d\r\n", _xclk);
      _rspsize = 1;
    }
    else if (_cmd == 0x1E) {    /* CMD_GET_SCK */
    46d4:	9f 93       	push	r25
    46d6:	8f 93       	push	r24
/Users/askn/Develop/UPDI4AVR-USB/src/isp.cpp:430
      D1PRINTF(" PIC_CMD_GET_SCK=%d\r\n", _xclk);
    46d8:	c2 ed       	ldi	r28, 0xD2	; 210
    46da:	d0 e6       	ldi	r29, 0x60	; 96
    46dc:	df 93       	push	r29
    46de:	cf 93       	push	r28
    46e0:	0e 94 3e 0e 	call	0x1c7c	; 0x1c7c <Print::printf(PGM_t const*, ...) [clone .constprop.16]>
    46e4:	80 91 84 63 	lds	r24, 0x6384	; 0x806384 <_xclk>
    46e8:	90 91 85 63 	lds	r25, 0x6385	; 0x806385 <_xclk+0x1>
    46ec:	80 93 0d 61 	sts	0x610D, r24	; 0x80610d <packet+0x6>
    46f0:	90 93 0e 61 	sts	0x610E, r25	; 0x80610e <packet+0x7>
    46f4:	8d e2       	ldi	r24, 0x2D	; 45
    46f6:	92 e0       	ldi	r25, 0x02	; 2
/Users/askn/Develop/UPDI4AVR-USB/src/isp.cpp:432
      /* This command gives a non-standard response. */
      packet.in.stk500v2.wValue = _xclk; /* kbps */
    46f8:	9f 93       	push	r25
    46fa:	8f 93       	push	r24
    46fc:	df 93       	push	r29
    46fe:	cf 93       	push	r28
    4700:	0e 94 3e 0e 	call	0x1c7c	; 0x1c7c <Print::printf(PGM_t const*, ...) [clone .constprop.16]>
    4704:	26 ea       	ldi	r18, 0xA6	; 166
    4706:	30 e6       	ldi	r19, 0x60	; 96
/Users/askn/Develop/UPDI4AVR-USB/src/isp.cpp:433
      D1PRINTF(" PIC_RES L=2\r\n  ");
    4708:	50 e0       	ldi	r21, 0x00	; 0
    470a:	40 e0       	ldi	r20, 0x00	; 0
    470c:	63 e0       	ldi	r22, 0x03	; 3
    470e:	70 e0       	ldi	r23, 0x00	; 0
    4710:	8d e0       	ldi	r24, 0x0D	; 13
    4712:	91 e6       	ldi	r25, 0x61	; 97
    4714:	0e 94 d4 0d 	call	0x1ba8	; 0x1ba8 <Print::printHex(void const*, unsigned int, char, unsigned int, char const*) [clone .constprop.12]>
/Users/askn/Develop/UPDI4AVR-USB/src/isp.cpp:434
      D1PRINTHEX(&packet.in.stk500v2.data, 3, ':');
    4718:	0e 94 32 0e 	call	0x1c64	; 0x1c64 <Print::ln()>
    471c:	8d b7       	in	r24, 0x3d	; 61
    471e:	9e b7       	in	r25, 0x3e	; 62
    4720:	0a 96       	adiw	r24, 0x0a	; 10
    4722:	8d bf       	out	0x3d, r24	; 61
    4724:	9e bf       	out	0x3e, r25	; 62
    4726:	c2 e0       	ldi	r28, 0x02	; 2
    4728:	d0 e0       	ldi	r29, 0x00	; 0
    472a:	ce 01       	movw	r24, r28
    472c:	df 91       	pop	r29
    472e:	cf 91       	pop	r28
    4730:	1f 91       	pop	r17
    4732:	0f 91       	pop	r16
    4734:	ff 90       	pop	r15
    4736:	ef 90       	pop	r14
/Users/askn/Develop/UPDI4AVR-USB/src/isp.cpp:481
      packet.in.isp.res = _rspsize ? 0x00 : 0x80;
  #if !defined(NDEBUG) && defined(DEBUG)
      D1PRINTF(" ISP_RES L=%d\r\n  ", 2);
      D1PRINTHEX(&packet.in.isp.cmd, 3, ':', 16, "\r\n  ");
  #endif
      return 2;
    4738:	08 95       	ret
    473a:	f9 99       	sbic	0x1f, 1	; 31
/Users/askn/Develop/UPDI4AVR-USB/src/isp.cpp:515
  #if !defined(NDEBUG) && defined(DEBUG)
    D1PRINTF(" ISP_RES L=%d\r\n  ", _rspsize);
    D1PRINTHEX(&packet.in.isp.cmd, _rspsize + 1, ':', 16, "\r\n  ");
  #endif
    return _rspsize;
  }
    473c:	06 c0       	rjmp	.+12     	; 0x474a <ISP::jtag_scope_isp()+0x316>
    473e:	80 ec       	ldi	r24, 0xC0	; 192
    4740:	80 93 0d 61 	sts	0x610D, r24	; 0x80610d <packet+0x6>
    4744:	c1 e0       	ldi	r28, 0x01	; 1
    4746:	d0 e0       	ldi	r29, 0x00	; 0
    4748:	f0 cf       	rjmp	.-32     	; 0x472a <ISP::jtag_scope_isp()+0x2f6>
    474a:	c6 30       	cpi	r28, 0x06	; 6
/Users/askn/Develop/UPDI4AVR-USB/src/isp.cpp:437
      packet.in.stk500v2.wValue = _xclk; /* kbps */
      D1PRINTF(" PIC_RES L=2\r\n  ");
      D1PRINTHEX(&packet.in.stk500v2.data, 3, ':');
      return 2;
    }
    else if (bit_is_clear(PGCONF, PGCONF_PROG_bp)) {
    474c:	99 f4       	brne	.+38     	; 0x4774 <ISP::jtag_scope_isp()+0x340>
bswap32():
    474e:	60 91 0d 61 	lds	r22, 0x610D	; 0x80610d <packet+0x6>
/Users/askn/Develop/UPDI4AVR-USB/src/isp.cpp:440
      /* The steps below will not be executed unless
         program mode has been successfully entered. */
      packet.in.isp.res = 0xC0; /* STATUS_CMD_FAILED */
    4752:	70 91 0e 61 	lds	r23, 0x610E	; 0x80610e <packet+0x7>
/Users/askn/Develop/UPDI4AVR-USB/src/isp.cpp:497
      _rspsize = Timeout::command(&read_fuse_byte);
    }
    else {
      D1PRINTF(" ISP_CMD_?[%02X]\r\n", _cmd);
      packet.in.isp.res = 0xC9; /* STATUS_CMD_UNKNOWN */
      return 1;
    4756:	80 91 0f 61 	lds	r24, 0x610F	; 0x80610f <packet+0x8>
    475a:	90 91 10 61 	lds	r25, 0x6110	; 0x806110 <packet+0x9>
/Users/askn/Develop/UPDI4AVR-USB/src/isp.cpp:443
      /* The steps below will not be executed unless
         program mode has been successfully entered. */
      packet.in.isp.res = 0xC0; /* STATUS_CMD_FAILED */
      return 1;
    }
    else if (_cmd == 0x06) {    /* CMD_LOAD_ADDRESS */
    475e:	0e 94 87 35 	call	0x6b0e	; 0x6b0e <__bswapsi2>
jtag_scope_isp():
/Users/askn/Library/Arduino15/packages/MultiX-Zinnia/hardware/modernAVR/0.4.10/cores/modernAVR/api/cpp/btools.cpp:49
}

uint32_t bswap32 (uint32_t _dword) {
  return __builtin_bswap32(_dword);
    4762:	60 93 e2 60 	sts	0x60E2, r22	; 0x8060e2 <ISP::_base_addr>
    4766:	70 93 e3 60 	sts	0x60E3, r23	; 0x8060e3 <ISP::_base_addr+0x1>
    476a:	7f 93       	push	r23
    476c:	6f 93       	push	r22
    476e:	8f e0       	ldi	r24, 0x0F	; 15
    4770:	92 e0       	ldi	r25, 0x02	; 2
    4772:	93 cf       	rjmp	.-218    	; 0x469a <ISP::jtag_scope_isp()+0x266>
/Users/askn/Develop/UPDI4AVR-USB/src/isp.cpp:444
      _base_addr = bswap32(packet.out.isp.dwValue);
    4774:	c2 31       	cpi	r28, 0x12	; 18
    4776:	b1 f4       	brne	.+44     	; 0x47a4 <ISP::jtag_scope_isp()+0x370>
    4778:	89 ef       	ldi	r24, 0xF9	; 249
    477a:	91 e0       	ldi	r25, 0x01	; 1
/Users/askn/Develop/UPDI4AVR-USB/src/isp.cpp:445
      D1PRINTF(" ISP_CMD_LOAD_ADDRESS=$%04X\r\n", _base_addr);
    477c:	9f 93       	push	r25
    477e:	8f 93       	push	r24
    4780:	82 ed       	ldi	r24, 0xD2	; 210
    4782:	90 e6       	ldi	r25, 0x60	; 96
    4784:	9f 93       	push	r25
/Users/askn/Develop/UPDI4AVR-USB/src/isp.cpp:448
      _rspsize = 1;
    }
    else if (_cmd == 0x12) {    /* CMD_CHIP_ERASE_ISP */
    4786:	8f 93       	push	r24
    4788:	0e 94 3e 0e 	call	0x1c7c	; 0x1c7c <Print::printf(PGM_t const*, ...) [clone .constprop.16]>
/Users/askn/Develop/UPDI4AVR-USB/src/isp.cpp:449
      D1PRINTF(" ISP_CMD_CHIP_ERASE\r\n");
    478c:	40 e2       	ldi	r20, 0x20	; 32
    478e:	53 e0       	ldi	r21, 0x03	; 3
    4790:	70 e0       	ldi	r23, 0x00	; 0
    4792:	60 e0       	ldi	r22, 0x00	; 0
    4794:	8e e0       	ldi	r24, 0x0E	; 14
    4796:	9f e1       	ldi	r25, 0x1F	; 31
    4798:	f7 dd       	rcall	.-1042   	; 0x4388 <Timeout::command(unsigned int (*)(), unsigned int (*)(), unsigned int)>
    479a:	0f 90       	pop	r0
    479c:	0f 90       	pop	r0
/Users/askn/Develop/UPDI4AVR-USB/src/isp.cpp:450
      _rspsize = Timeout::command(&chip_erase);
    479e:	0f 90       	pop	r0
    47a0:	0f 90       	pop	r0
    47a2:	06 cf       	rjmp	.-500    	; 0x45b0 <ISP::jtag_scope_isp()+0x17c>
    47a4:	c3 31       	cpi	r28, 0x13	; 19
    47a6:	89 f4       	brne	.+34     	; 0x47ca <ISP::jtag_scope_isp()+0x396>
    47a8:	80 ee       	ldi	r24, 0xE0	; 224
/Users/askn/Develop/UPDI4AVR-USB/src/isp.cpp:466
      D1PRINTF(" ISP_CMD_PROGRAM_EEPROM\r\n");
      _rspsize = Timeout::command(&write_eeprom);
    }
    else if (_cmd == 0x16) {    /* CMD_READ_EEPROM_ISP */
      D1PRINTF(" ISP_CMD_READ_EEPROM\r\n");
      _rspsize = Timeout::command(&read_memories);
    47aa:	91 e0       	ldi	r25, 0x01	; 1
    47ac:	9f 93       	push	r25
    47ae:	8f 93       	push	r24
    47b0:	82 ed       	ldi	r24, 0xD2	; 210
    47b2:	90 e6       	ldi	r25, 0x60	; 96
    47b4:	9f 93       	push	r25
    47b6:	8f 93       	push	r24
/Users/askn/Develop/UPDI4AVR-USB/src/isp.cpp:452
    }
    else if (_cmd == 0x12) {    /* CMD_CHIP_ERASE_ISP */
      D1PRINTF(" ISP_CMD_CHIP_ERASE\r\n");
      _rspsize = Timeout::command(&chip_erase);
    }
    else if (_cmd == 0x13) {    /* CMD_PROGRAM_FLASH_ISP */
    47b8:	0e 94 3e 0e 	call	0x1c7c	; 0x1c7c <Print::printf(PGM_t const*, ...) [clone .constprop.16]>
/Users/askn/Develop/UPDI4AVR-USB/src/isp.cpp:453
      D1PRINTF(" ISP_CMD_PROGRAM_FLASH\r\n");
    47bc:	40 e2       	ldi	r20, 0x20	; 32
    47be:	53 e0       	ldi	r21, 0x03	; 3
    47c0:	70 e0       	ldi	r23, 0x00	; 0
    47c2:	60 e0       	ldi	r22, 0x00	; 0
    47c4:	83 e8       	ldi	r24, 0x83	; 131
    47c6:	9f e1       	ldi	r25, 0x1F	; 31
    47c8:	e7 cf       	rjmp	.-50     	; 0x4798 <ISP::jtag_scope_isp()+0x364>
    47ca:	c4 31       	cpi	r28, 0x14	; 20
    47cc:	89 f4       	brne	.+34     	; 0x47f0 <ISP::jtag_scope_isp()+0x3bc>
    47ce:	8a ec       	ldi	r24, 0xCA	; 202
/Users/askn/Develop/UPDI4AVR-USB/src/isp.cpp:454
      _rspsize = Timeout::command(&write_flash);
    47d0:	91 e0       	ldi	r25, 0x01	; 1
    47d2:	9f 93       	push	r25
    47d4:	8f 93       	push	r24
    47d6:	82 ed       	ldi	r24, 0xD2	; 210
    47d8:	90 e6       	ldi	r25, 0x60	; 96
    47da:	9f 93       	push	r25
    47dc:	8f 93       	push	r24
/Users/askn/Develop/UPDI4AVR-USB/src/isp.cpp:456
    }
    else if (_cmd == 0x14) {    /* CMD_READ_FLASH_ISP */
    47de:	0e 94 3e 0e 	call	0x1c7c	; 0x1c7c <Print::printf(PGM_t const*, ...) [clone .constprop.16]>
/Users/askn/Develop/UPDI4AVR-USB/src/isp.cpp:457
      D1PRINTF(" ISP_CMD_READ_FLASH\r\n");
    47e2:	40 e2       	ldi	r20, 0x20	; 32
    47e4:	53 e0       	ldi	r21, 0x03	; 3
    47e6:	70 e0       	ldi	r23, 0x00	; 0
    47e8:	60 e0       	ldi	r22, 0x00	; 0
    47ea:	81 e4       	ldi	r24, 0x41	; 65
    47ec:	9c e1       	ldi	r25, 0x1C	; 28
    47ee:	d4 cf       	rjmp	.-88     	; 0x4798 <ISP::jtag_scope_isp()+0x364>
    47f0:	c5 31       	cpi	r28, 0x15	; 21
    47f2:	89 f4       	brne	.+34     	; 0x4816 <ISP::jtag_scope_isp()+0x3e2>
    47f4:	80 eb       	ldi	r24, 0xB0	; 176
/Users/askn/Develop/UPDI4AVR-USB/src/isp.cpp:458
      _rspsize = Timeout::command(&read_flash);
    47f6:	91 e0       	ldi	r25, 0x01	; 1
    47f8:	9f 93       	push	r25
    47fa:	8f 93       	push	r24
    47fc:	82 ed       	ldi	r24, 0xD2	; 210
    47fe:	90 e6       	ldi	r25, 0x60	; 96
    4800:	9f 93       	push	r25
    4802:	8f 93       	push	r24
/Users/askn/Develop/UPDI4AVR-USB/src/isp.cpp:460
    }
    else if (_cmd == 0x15) {    /* CMD_PROGRAM_EEPROM_ISP */
    4804:	0e 94 3e 0e 	call	0x1c7c	; 0x1c7c <Print::printf(PGM_t const*, ...) [clone .constprop.16]>
/Users/askn/Develop/UPDI4AVR-USB/src/isp.cpp:461
      D1PRINTF(" ISP_CMD_PROGRAM_EEPROM\r\n");
    4808:	40 e2       	ldi	r20, 0x20	; 32
    480a:	53 e0       	ldi	r21, 0x03	; 3
    480c:	70 e0       	ldi	r23, 0x00	; 0
    480e:	60 e0       	ldi	r22, 0x00	; 0
    4810:	81 e3       	ldi	r24, 0x31	; 49
    4812:	90 e2       	ldi	r25, 0x20	; 32
    4814:	c1 cf       	rjmp	.-126    	; 0x4798 <ISP::jtag_scope_isp()+0x364>
    4816:	c6 31       	cpi	r28, 0x16	; 22
    4818:	89 f4       	brne	.+34     	; 0x483c <ISP::jtag_scope_isp()+0x408>
    481a:	89 e9       	ldi	r24, 0x99	; 153
/Users/askn/Develop/UPDI4AVR-USB/src/isp.cpp:462
      _rspsize = Timeout::command(&write_eeprom);
    481c:	91 e0       	ldi	r25, 0x01	; 1
    481e:	9f 93       	push	r25
    4820:	8f 93       	push	r24
    4822:	82 ed       	ldi	r24, 0xD2	; 210
    4824:	90 e6       	ldi	r25, 0x60	; 96
    4826:	9f 93       	push	r25
    4828:	8f 93       	push	r24
/Users/askn/Develop/UPDI4AVR-USB/src/isp.cpp:464
    }
    else if (_cmd == 0x16) {    /* CMD_READ_EEPROM_ISP */
    482a:	0e 94 3e 0e 	call	0x1c7c	; 0x1c7c <Print::printf(PGM_t const*, ...) [clone .constprop.16]>
/Users/askn/Develop/UPDI4AVR-USB/src/isp.cpp:465
      D1PRINTF(" ISP_CMD_READ_EEPROM\r\n");
    482e:	40 e2       	ldi	r20, 0x20	; 32
    4830:	53 e0       	ldi	r21, 0x03	; 3
    4832:	70 e0       	ldi	r23, 0x00	; 0
    4834:	60 e0       	ldi	r22, 0x00	; 0
    4836:	8a e9       	ldi	r24, 0x9A	; 154
    4838:	9e e1       	ldi	r25, 0x1E	; 30
    483a:	ae cf       	rjmp	.-164    	; 0x4798 <ISP::jtag_scope_isp()+0x364>
    483c:	c7 31       	cpi	r28, 0x17	; 23
    483e:	41 f1       	breq	.+80     	; 0x4890 <ISP::jtag_scope_isp()+0x45c>
    4840:	89 ea       	ldi	r24, 0xA9	; 169
/Users/askn/Develop/UPDI4AVR-USB/src/isp.cpp:466
      _rspsize = Timeout::command(&read_memories);
    4842:	90 e6       	ldi	r25, 0x60	; 96
    4844:	c9 31       	cpi	r28, 0x19	; 25
    4846:	31 f1       	breq	.+76     	; 0x4894 <ISP::jtag_scope_isp()+0x460>
    4848:	c8 31       	cpi	r28, 0x18	; 24
    484a:	09 f4       	brne	.+2      	; 0x484e <ISP::jtag_scope_isp()+0x41a>
    484c:	65 c0       	rjmp	.+202    	; 0x4918 <ISP::jtag_scope_isp()+0x4e4>
    484e:	ca 31       	cpi	r28, 0x1A	; 26
/Users/askn/Develop/UPDI4AVR-USB/src/isp.cpp:468
    }
    else if (_cmd == 0x17       /* CMD_PROGRAM_FUSE_ISP */
    4850:	09 f4       	brne	.+2      	; 0x4854 <ISP::jtag_scope_isp()+0x420>
    4852:	7e c0       	rjmp	.+252    	; 0x4950 <ISP::jtag_scope_isp()+0x51c>
/Users/askn/Develop/UPDI4AVR-USB/src/isp.cpp:470
          || _cmd == 0x19) {    /* CMD_PROGRAM_LOCK_ISP */
      D1PRINTF(" ISP_CMD_PROGRAM_%s\r\n",
    4854:	cb 31       	cpi	r28, 0x1B	; 27
    4856:	09 f4       	brne	.+2      	; 0x485a <ISP::jtag_scope_isp()+0x426>
/Users/askn/Develop/UPDI4AVR-USB/src/isp.cpp:469
    else if (_cmd == 0x16) {    /* CMD_READ_EEPROM_ISP */
      D1PRINTF(" ISP_CMD_READ_EEPROM\r\n");
      _rspsize = Timeout::command(&read_memories);
    }
    else if (_cmd == 0x17       /* CMD_PROGRAM_FUSE_ISP */
          || _cmd == 0x19) {    /* CMD_PROGRAM_LOCK_ISP */
    4858:	7e c0       	rjmp	.+252    	; 0x4956 <ISP::jtag_scope_isp()+0x522>
    485a:	83 eb       	ldi	r24, 0xB3	; 179
/Users/askn/Develop/UPDI4AVR-USB/src/isp.cpp:483
      D1PRINTF(" ISP_RES L=%d\r\n  ", 2);
      D1PRINTHEX(&packet.in.isp.cmd, 3, ':', 16, "\r\n  ");
  #endif
      return 2;
    }
    else if (_cmd == 0x18       /* CMD_READ_FUSE_ISP */
    485c:	90 e6       	ldi	r25, 0x60	; 96
    485e:	cc 31       	cpi	r28, 0x1C	; 28
    4860:	09 f4       	brne	.+2      	; 0x4864 <ISP::jtag_scope_isp()+0x430>
/Users/askn/Develop/UPDI4AVR-USB/src/isp.cpp:484
          || _cmd == 0x1A       /* CMD_READ_LOCK_ISP */
    4862:	5c c0       	rjmp	.+184    	; 0x491c <ISP::jtag_scope_isp()+0x4e8>
    4864:	1f 92       	push	r1
    4866:	cf 93       	push	r28
/Users/askn/Develop/UPDI4AVR-USB/src/isp.cpp:485
          || _cmd == 0x1B       /* CMD_READ_SIGNATURE_ISP */
    4868:	8b e4       	ldi	r24, 0x4B	; 75
    486a:	91 e0       	ldi	r25, 0x01	; 1
    486c:	9f 93       	push	r25
/Users/askn/Develop/UPDI4AVR-USB/src/isp.cpp:487
          || _cmd == 0x1C) {    /* CMD_READ_OSCCAL_ISP */
      D1PRINTF(" ISP_CMD_READ_%s\r\n",
    486e:	8f 93       	push	r24
    4870:	82 ed       	ldi	r24, 0xD2	; 210
/Users/askn/Develop/UPDI4AVR-USB/src/isp.cpp:486
      return 2;
    }
    else if (_cmd == 0x18       /* CMD_READ_FUSE_ISP */
          || _cmd == 0x1A       /* CMD_READ_LOCK_ISP */
          || _cmd == 0x1B       /* CMD_READ_SIGNATURE_ISP */
          || _cmd == 0x1C) {    /* CMD_READ_OSCCAL_ISP */
    4872:	90 e6       	ldi	r25, 0x60	; 96
    4874:	9f 93       	push	r25
    4876:	8f 93       	push	r24
/Users/askn/Develop/UPDI4AVR-USB/src/isp.cpp:495
        _cmd == 0x1B ? "SIGNATURE" : "OSCCAL"
      );
      _rspsize = Timeout::command(&read_fuse_byte);
    }
    else {
      D1PRINTF(" ISP_CMD_?[%02X]\r\n", _cmd);
    4878:	0e 94 3e 0e 	call	0x1c7c	; 0x1c7c <Print::printf(PGM_t const*, ...) [clone .constprop.16]>
    487c:	89 ec       	ldi	r24, 0xC9	; 201
    487e:	80 93 0d 61 	sts	0x610D, r24	; 0x80610d <packet+0x6>
    4882:	0f 90       	pop	r0
    4884:	0f 90       	pop	r0
    4886:	0f 90       	pop	r0
    4888:	0f 90       	pop	r0
    488a:	0f 90       	pop	r0
    488c:	0f 90       	pop	r0
    488e:	5a cf       	rjmp	.-332    	; 0x4744 <ISP::jtag_scope_isp()+0x310>
/Users/askn/Develop/UPDI4AVR-USB/src/isp.cpp:496
      packet.in.isp.res = 0xC9; /* STATUS_CMD_UNKNOWN */
    4890:	8e ea       	ldi	r24, 0xAE	; 174
    4892:	90 e6       	ldi	r25, 0x60	; 96
    4894:	9f 93       	push	r25
    4896:	8f 93       	push	r24
    4898:	83 e8       	ldi	r24, 0x83	; 131
    489a:	91 e0       	ldi	r25, 0x01	; 1
    489c:	9f 93       	push	r25
    489e:	8f 93       	push	r24
    48a0:	82 ed       	ldi	r24, 0xD2	; 210
    48a2:	90 e6       	ldi	r25, 0x60	; 96
/Users/askn/Develop/UPDI4AVR-USB/src/isp.cpp:470
      D1PRINTF(" ISP_CMD_READ_EEPROM\r\n");
      _rspsize = Timeout::command(&read_memories);
    }
    else if (_cmd == 0x17       /* CMD_PROGRAM_FUSE_ISP */
          || _cmd == 0x19) {    /* CMD_PROGRAM_LOCK_ISP */
      D1PRINTF(" ISP_CMD_PROGRAM_%s\r\n",
    48a4:	9f 93       	push	r25
    48a6:	8f 93       	push	r24
    48a8:	0e 94 3e 0e 	call	0x1c7c	; 0x1c7c <Print::printf(PGM_t const*, ...) [clone .constprop.16]>
    48ac:	40 e2       	ldi	r20, 0x20	; 32
    48ae:	53 e0       	ldi	r21, 0x03	; 3
    48b0:	70 e0       	ldi	r23, 0x00	; 0
    48b2:	60 e0       	ldi	r22, 0x00	; 0
    48b4:	85 e1       	ldi	r24, 0x15	; 21
    48b6:	92 e1       	ldi	r25, 0x12	; 18
    48b8:	67 dd       	rcall	.-1330   	; 0x4388 <Timeout::command(unsigned int (*)(), unsigned int (*)(), unsigned int)>
    48ba:	10 92 0e 61 	sts	0x610E, r1	; 0x80610e <packet+0x7>
    48be:	0f 90       	pop	r0
/Users/askn/Develop/UPDI4AVR-USB/src/isp.cpp:473
        _cmd == 0x17 ? "FUSE" : "LOCK"
      );
      _rspsize = Timeout::command(&write_fuse_byte);
    48c0:	0f 90       	pop	r0
    48c2:	0f 90       	pop	r0
    48c4:	0f 90       	pop	r0
    48c6:	0f 90       	pop	r0
    48c8:	0f 90       	pop	r0
    48ca:	89 2b       	or	r24, r25
    48cc:	19 f5       	brne	.+70     	; 0x4914 <ISP::jtag_scope_isp()+0x4e0>
    48ce:	80 e8       	ldi	r24, 0x80	; 128
/Users/askn/Develop/UPDI4AVR-USB/src/isp.cpp:475
      /* This command returns one extra byte in the response. */
      packet.in.isp.data[0] = 0;
    48d0:	80 93 0d 61 	sts	0x610D, r24	; 0x80610d <packet+0x6>
/Users/askn/Develop/UPDI4AVR-USB/src/isp.cpp:476
      packet.in.isp.res = _rspsize ? 0x00 : 0x80;
    48d4:	1f 92       	push	r1
    48d6:	82 e0       	ldi	r24, 0x02	; 2
    48d8:	8f 93       	push	r24
    48da:	81 e7       	ldi	r24, 0x71	; 113
    48dc:	91 e0       	ldi	r25, 0x01	; 1
    48de:	9f 93       	push	r25
    48e0:	8f 93       	push	r24
    48e2:	82 ed       	ldi	r24, 0xD2	; 210
    48e4:	90 e6       	ldi	r25, 0x60	; 96
    48e6:	9f 93       	push	r25
    48e8:	8f 93       	push	r24
/Users/askn/Develop/UPDI4AVR-USB/src/isp.cpp:478
  #if !defined(NDEBUG) && defined(DEBUG)
      D1PRINTF(" ISP_RES L=%d\r\n  ", 2);
    48ea:	0e 94 3e 0e 	call	0x1c7c	; 0x1c7c <Print::printf(PGM_t const*, ...) [clone .constprop.16]>
    48ee:	24 ec       	ldi	r18, 0xC4	; 196
    48f0:	30 e6       	ldi	r19, 0x60	; 96
    48f2:	40 e1       	ldi	r20, 0x10	; 16
    48f4:	50 e0       	ldi	r21, 0x00	; 0
    48f6:	63 e0       	ldi	r22, 0x03	; 3
    48f8:	70 e0       	ldi	r23, 0x00	; 0
    48fa:	8c e0       	ldi	r24, 0x0C	; 12
    48fc:	91 e6       	ldi	r25, 0x61	; 97
    48fe:	0e 94 d4 0d 	call	0x1ba8	; 0x1ba8 <Print::printHex(void const*, unsigned int, char, unsigned int, char const*) [clone .constprop.12]>
    4902:	0e 94 32 0e 	call	0x1c64	; 0x1c64 <Print::ln()>
/Users/askn/Develop/UPDI4AVR-USB/src/isp.cpp:479
      D1PRINTHEX(&packet.in.isp.cmd, 3, ':', 16, "\r\n  ");
    4906:	0f 90       	pop	r0
    4908:	0f 90       	pop	r0
    490a:	0f 90       	pop	r0
    490c:	0f 90       	pop	r0
    490e:	0f 90       	pop	r0
    4910:	0f 90       	pop	r0
    4912:	09 cf       	rjmp	.-494    	; 0x4726 <ISP::jtag_scope_isp()+0x2f2>
    4914:	80 e0       	ldi	r24, 0x00	; 0
    4916:	dc cf       	rjmp	.-72     	; 0x48d0 <ISP::jtag_scope_isp()+0x49c>
    4918:	8e ea       	ldi	r24, 0xAE	; 174
    491a:	90 e6       	ldi	r25, 0x60	; 96
    491c:	9f 93       	push	r25
    491e:	8f 93       	push	r24
    4920:	8e e5       	ldi	r24, 0x5E	; 94
    4922:	91 e0       	ldi	r25, 0x01	; 1
    4924:	9f 93       	push	r25
    4926:	8f 93       	push	r24
    4928:	82 ed       	ldi	r24, 0xD2	; 210
/Users/askn/Develop/UPDI4AVR-USB/src/isp.cpp:476
        _cmd == 0x17 ? "FUSE" : "LOCK"
      );
      _rspsize = Timeout::command(&write_fuse_byte);
      /* This command returns one extra byte in the response. */
      packet.in.isp.data[0] = 0;
      packet.in.isp.res = _rspsize ? 0x00 : 0x80;
    492a:	90 e6       	ldi	r25, 0x60	; 96
    492c:	9f 93       	push	r25
/Users/askn/Develop/UPDI4AVR-USB/src/isp.cpp:487
    }
    else if (_cmd == 0x18       /* CMD_READ_FUSE_ISP */
          || _cmd == 0x1A       /* CMD_READ_LOCK_ISP */
          || _cmd == 0x1B       /* CMD_READ_SIGNATURE_ISP */
          || _cmd == 0x1C) {    /* CMD_READ_OSCCAL_ISP */
      D1PRINTF(" ISP_CMD_READ_%s\r\n",
    492e:	8f 93       	push	r24
    4930:	0e 94 3e 0e 	call	0x1c7c	; 0x1c7c <Print::printf(PGM_t const*, ...) [clone .constprop.16]>
    4934:	40 e2       	ldi	r20, 0x20	; 32
    4936:	53 e0       	ldi	r21, 0x03	; 3
    4938:	70 e0       	ldi	r23, 0x00	; 0
    493a:	60 e0       	ldi	r22, 0x00	; 0
    493c:	8b e1       	ldi	r24, 0x1B	; 27
    493e:	92 e1       	ldi	r25, 0x12	; 18
    4940:	23 dd       	rcall	.-1466   	; 0x4388 <Timeout::command(unsigned int (*)(), unsigned int (*)(), unsigned int)>
    4942:	0f 90       	pop	r0
    4944:	0f 90       	pop	r0
    4946:	0f 90       	pop	r0
    4948:	0f 90       	pop	r0
/Users/askn/Develop/UPDI4AVR-USB/src/isp.cpp:492
        _cmd == 0x18 ? "FUSE" :
        _cmd == 0x1A ? "LOCK" :
        _cmd == 0x1B ? "SIGNATURE" : "OSCCAL"
      );
      _rspsize = Timeout::command(&read_fuse_byte);
    494a:	0f 90       	pop	r0
    494c:	0f 90       	pop	r0
    494e:	30 ce       	rjmp	.-928    	; 0x45b0 <ISP::jtag_scope_isp()+0x17c>
    4950:	89 ea       	ldi	r24, 0xA9	; 169
    4952:	90 e6       	ldi	r25, 0x60	; 96
    4954:	e3 cf       	rjmp	.-58     	; 0x491c <ISP::jtag_scope_isp()+0x4e8>
    4956:	8a eb       	ldi	r24, 0xBA	; 186
    4958:	90 e6       	ldi	r25, 0x60	; 96
    495a:	e0 cf       	rjmp	.-64     	; 0x491c <ISP::jtag_scope_isp()+0x4e8>

0000495c <__vector_24>:
__vector_24():
    495c:	1f 92       	push	r1
    495e:	0f 92       	push	r0
    4960:	0f b6       	in	r0, 0x3f	; 63
    4962:	0f 92       	push	r0
    4964:	11 24       	eor	r1, r1
    4966:	f7 9a       	sbi	0x1e, 7	; 30
/Users/askn/Develop/UPDI4AVR-USB/src/isp.cpp:487
    }
    else if (_cmd == 0x18       /* CMD_READ_FUSE_ISP */
          || _cmd == 0x1A       /* CMD_READ_LOCK_ISP */
          || _cmd == 0x1B       /* CMD_READ_SIGNATURE_ISP */
          || _cmd == 0x1C) {    /* CMD_READ_OSCCAL_ISP */
      D1PRINTF(" ISP_CMD_READ_%s\r\n",
    4968:	0f 90       	pop	r0
    496a:	0f be       	out	0x3f, r0	; 63
    496c:	0f 90       	pop	r0
    496e:	1f 90       	pop	r1
    4970:	18 95       	reti

00004972 <_GLOBAL__sub_I_Serial0A>:
_ZN14UsartBaseClassC2EP12USART_struct():
    4972:	e2 ed       	ldi	r30, 0xD2	; 210
/Users/askn/Develop/UPDI4AVR-USB/src/sys.cpp:492
};  /* SYS */

/*
 * SW0 Interrupt Vector
 */
ISR(portIntrruptVector(PIN_SYS_SW0)) {
    4974:	f0 e6       	ldi	r31, 0x60	; 96
    4976:	80 e2       	ldi	r24, 0x20	; 32
    4978:	98 e0       	ldi	r25, 0x08	; 8
    497a:	82 83       	std	Z+2, r24	; 0x02
    497c:	93 83       	std	Z+3, r25	; 0x03
_ZN14HarfUART_ClassC2EP12USART_structPK14UART_portmux_t():
/Users/askn/Develop/UPDI4AVR-USB/src/sys.cpp:493
  bit_set(GPCONF, GPCONF_FAL_bp);
    497e:	84 ea       	ldi	r24, 0xA4	; 164
/Users/askn/Develop/UPDI4AVR-USB/src/sys.cpp:494
}
    4980:	90 e6       	ldi	r25, 0x60	; 96
    4982:	80 83       	st	Z, r24
    4984:	91 83       	std	Z+1, r25	; 0x01
    4986:	86 e1       	ldi	r24, 0x16	; 22
    4988:	9d e0       	ldi	r25, 0x0D	; 13
/Users/askn/Library/Arduino15/packages/MultiX-Zinnia/hardware/modernAVR/0.4.10/cores/modernAVR/api/HarfUART.h:28
private:
  const UART_portmux_t* portmux;

public:
  inline HarfUART_Class (USART_t* _usart, const UART_portmux_t* _portmux) :
    UsartBaseClass(_usart), portmux(_portmux) {}
    498a:	85 83       	std	Z+5, r24	; 0x05
    498c:	96 83       	std	Z+6, r25	; 0x06
_GLOBAL__sub_I_Serial0A():
/Users/askn/Library/Arduino15/packages/MultiX-Zinnia/hardware/modernAVR/0.4.10/cores/modernAVR/api/cpp/Portmux_USART.cpp:69
HarfUART_Class Serial1B {&USART1, &_portmux_usart1b};
#endif

#ifdef _PORTMUX_USART1C
const UART_portmux_t PROGMEM _portmux_usart1c = _PORTMUX_USART1C;
HarfUART_Class Serial1C {&USART1, &_portmux_usart1c};
    498e:	08 95       	ret

00004990 <main>:
main():
/Users/askn/Develop/UPDI4AVR-USB/src/main.cpp:95
}

int main (void) {
    4990:	cf 93       	push	r28
    4992:	df 93       	push	r29
    4994:	cd b7       	in	r28, 0x3d	; 61
    4996:	de b7       	in	r29, 0x3e	; 62
    4998:	25 97       	sbiw	r28, 0x05	; 5
    499a:	cd bf       	out	0x3d, r28	; 61
    499c:	de bf       	out	0x3e, r29	; 62
setup():
/Users/askn/Develop/UPDI4AVR-USB/src/HAL/AVRDU_CNANO.cpp:43
     *
     * V-Target power control: output negative logic.
     */

    /* Output GPIO */
    VPORTD_DIR = 0b00110111;    /* 5:HVCP2 4:HVCP1 2:HVSL3 1:HVSL2 0:HVSL1 */
    499e:	67 e3       	ldi	r22, 0x37	; 55
    49a0:	6c b9       	out	0x0c, r22	; 12
/Users/askn/Develop/UPDI4AVR-USB/src/HAL/AVRDU_CNANO.cpp:46

  #ifdef CONFIG_PGM_VPOWER_ENABLE
    vportRegister(PIN_PGM_VPOWER).DIR |= pinBitmask(PIN_PGM_VPOWER);
    49a2:	63 9a       	sbi	0x0c, 3	; 12
/Users/askn/Develop/UPDI4AVR-USB/src/HAL/AVRDU_CNANO.cpp:51
  #endif

    /* Pull-Up GPIO */
    /* Grouping consecutive lines that assign the same value results in shorter code. */
    pinControlRegister(PIN_VCP_TXD)      = PORT_PULLUPEN_bm;
    49a4:	88 e0       	ldi	r24, 0x08	; 8
    49a6:	80 93 12 04 	sts	0x0412, r24	; 0x800412 <__TEXT_REGION_LENGTH__+0x7f0412>
/Users/askn/Develop/UPDI4AVR-USB/src/HAL/AVRDU_CNANO.cpp:52
    pinControlRegister(PIN_VCP_RXD)      = PORT_PULLUPEN_bm;
    49aa:	80 93 13 04 	sts	0x0413, r24	; 0x800413 <__TEXT_REGION_LENGTH__+0x7f0413>
/Users/askn/Develop/UPDI4AVR-USB/src/HAL/AVRDU_CNANO.cpp:53
    pinControlRegister(PIN_PGM_TDAT)     = PORT_PULLUPEN_bm;
    49ae:	80 93 10 04 	sts	0x0410, r24	; 0x800410 <__TEXT_REGION_LENGTH__+0x7f0410>
/Users/askn/Develop/UPDI4AVR-USB/src/HAL/AVRDU_CNANO.cpp:54
    pinControlRegister(PIN_PGM_TRST)     = PORT_PULLUPEN_bm | PORT_ISC_INPUT_DISABLE_gc;
    49b2:	8c e0       	ldi	r24, 0x0C	; 12
    49b4:	80 93 11 04 	sts	0x0411, r24	; 0x800411 <__TEXT_REGION_LENGTH__+0x7f0411>
/Users/askn/Develop/UPDI4AVR-USB/src/HAL/AVRDU_CNANO.cpp:55
    pinControlRegister(PIN_SYS_SW0)      = PORT_PULLUPEN_bm | PORT_ISC_FALLING_gc;
    49b8:	8b e0       	ldi	r24, 0x0B	; 11
    49ba:	80 93 b6 04 	sts	0x04B6, r24	; 0x8004b6 <__TEXT_REGION_LENGTH__+0x7f04b6>
/Users/askn/Develop/UPDI4AVR-USB/src/HAL/AVRDU_CNANO.cpp:56
    pinControlRegister(PIN_SYS_LED0)     = PORT_INVEN_bm    | PORT_ISC_INPUT_DISABLE_gc;
    49be:	84 e8       	ldi	r24, 0x84	; 132
    49c0:	80 93 b2 04 	sts	0x04B2, r24	; 0x8004b2 <__TEXT_REGION_LENGTH__+0x7f04b2>
/Users/askn/Develop/UPDI4AVR-USB/src/HAL/AVRDU_CNANO.cpp:57
    pinControlRegister(PIN_HVC_CHGPUMP1) = PORT_INVEN_bm    | PORT_ISC_INPUT_DISABLE_gc;
    49c4:	80 93 74 04 	sts	0x0474, r24	; 0x800474 <__TEXT_REGION_LENGTH__+0x7f0474>
/Users/askn/Develop/UPDI4AVR-USB/src/HAL/AVRDU_CNANO.cpp:62
    /* LED0=PF2 on the Curiosity Nano board uses negative logic. */
    /* Assume that LED1=PF3 is positive logic. */

    /* PORTx event generator */
    portRegister(PIN_VCP_RXD).EVGENCTRLA = pinPosition(PIN_VCP_RXD)         /* EVG0 */
    49c8:	83 e2       	ldi	r24, 0x23	; 35
    49ca:	80 93 18 04 	sts	0x0418, r24	; 0x800418 <__TEXT_REGION_LENGTH__+0x7f0418>
/Users/askn/Develop/UPDI4AVR-USB/src/HAL/AVRDU_CNANO.cpp:66
                                         | pinPosition(PIN_VCP_TXD) << 4;   /* EVG1 */

    /*** Port Multiplexer ***/
    PORTMUX_TCAROUTEA     = PORTMUX_TCA0_PORTD_gc;          /* TCA0_WOn_ALT3 -> PORTD */
    49ce:	93 e0       	ldi	r25, 0x03	; 3
    49d0:	90 93 e7 05 	sts	0x05E7, r25	; 0x8005e7 <__TEXT_REGION_LENGTH__+0x7f05e7>
/Users/askn/Develop/UPDI4AVR-USB/src/HAL/AVRDU_CNANO.cpp:69

    /*** Event System ***/
    EVSYS_CHANNEL1        = EVSYS_CHANNEL_RTC_EVGEN1_gc;    /* 128Hz periodic. */
    49d4:	89 e0       	ldi	r24, 0x09	; 9
    49d6:	80 93 11 02 	sts	0x0211, r24	; 0x800211 <__TEXT_REGION_LENGTH__+0x7f0211>
/Users/askn/Develop/UPDI4AVR-USB/src/HAL/AVRDU_CNANO.cpp:70
    EVSYS_CHANNEL2        = EVSYS_CHANNEL_CCL_LUT1_gc;      /* <- Indicator */
    49da:	81 e1       	ldi	r24, 0x11	; 17
    49dc:	80 93 12 02 	sts	0x0212, r24	; 0x800212 <__TEXT_REGION_LENGTH__+0x7f0212>
/Users/askn/Develop/UPDI4AVR-USB/src/HAL/AVRDU_CNANO.cpp:71
    EVSYS_CHANNEL3        = EVSYS_CHANNEL_CCL_LUT2_gc;      /* <- LED0 */
    49e0:	82 e1       	ldi	r24, 0x12	; 18
    49e2:	80 93 13 02 	sts	0x0213, r24	; 0x800213 <__TEXT_REGION_LENGTH__+0x7f0213>
/Users/askn/Develop/UPDI4AVR-USB/src/HAL/AVRDU_CNANO.cpp:72
    EVSYS_CHANNEL4        = EVSYS_CHANNEL_PORTX_EVGEN0(PIN_VCP_RXD);  /* <- VRxD */
    49e6:	80 e4       	ldi	r24, 0x40	; 64
    49e8:	80 93 14 02 	sts	0x0214, r24	; 0x800214 <__TEXT_REGION_LENGTH__+0x7f0214>
/Users/askn/Develop/UPDI4AVR-USB/src/HAL/AVRDU_CNANO.cpp:73
    EVSYS_CHANNEL5        = EVSYS_CHANNEL_PORTX_EVGEN1(PIN_VCP_TXD);  /* <- VTxD */
    49ec:	71 e4       	ldi	r23, 0x41	; 65
    49ee:	70 93 15 02 	sts	0x0215, r23	; 0x800215 <__TEXT_REGION_LENGTH__+0x7f0215>
/Users/askn/Develop/UPDI4AVR-USB/src/HAL/AVRDU_CNANO.cpp:75

    EVSYS_USEREVSYSEVOUTF = EVSYS_USER_CHANNEL3_gc;         /* LED0 -> EVOUTF:PIN_PF2 */
    49f2:	54 e0       	ldi	r21, 0x04	; 4
    49f4:	50 93 2b 02 	sts	0x022B, r21	; 0x80022b <__TEXT_REGION_LENGTH__+0x7f022b>
/Users/askn/Develop/UPDI4AVR-USB/src/HAL/AVRDU_CNANO.cpp:77

    EVSYS_USERCCLLUT1A    = EVSYS_USER_CHANNEL4_gc;         /* <- VRxD */
    49f8:	25 e0       	ldi	r18, 0x05	; 5
    49fa:	20 93 22 02 	sts	0x0222, r18	; 0x800222 <__TEXT_REGION_LENGTH__+0x7f0222>
/Users/askn/Develop/UPDI4AVR-USB/src/HAL/AVRDU_CNANO.cpp:78
    EVSYS_USERCCLLUT3A    = EVSYS_USER_CHANNEL4_gc;         /* <- VRxD */
    49fe:	20 93 26 02 	sts	0x0226, r18	; 0x800226 <__TEXT_REGION_LENGTH__+0x7f0226>
/Users/askn/Develop/UPDI4AVR-USB/src/HAL/AVRDU_CNANO.cpp:79
    EVSYS_USERCCLLUT3B    = EVSYS_USER_CHANNEL5_gc;         /* <- VTxD */
    4a02:	36 e0       	ldi	r19, 0x06	; 6
    4a04:	30 93 27 02 	sts	0x0227, r19	; 0x800227 <__TEXT_REGION_LENGTH__+0x7f0227>
/Users/askn/Develop/UPDI4AVR-USB/src/HAL/AVRDU_CNANO.cpp:81

    EVSYS_USERTCB1CAPT    = EVSYS_USER_CHANNEL2_gc;         /* TCB1_CAPT <- Strobe */
    4a08:	90 93 32 02 	sts	0x0232, r25	; 0x800232 <__TEXT_REGION_LENGTH__+0x7f0232>
/Users/askn/Develop/UPDI4AVR-USB/src/HAL/AVRDU_CNANO.cpp:82
    EVSYS_USERTCB0COUNT   = EVSYS_USER_CHANNEL1_gc;         /* <- 128Hz */
    4a0c:	42 e0       	ldi	r20, 0x02	; 2
    4a0e:	40 93 31 02 	sts	0x0231, r20	; 0x800231 <__TEXT_REGION_LENGTH__+0x7f0231>
/Users/askn/Develop/UPDI4AVR-USB/src/HAL/AVRDU_CNANO.cpp:85

    /*** CCL1 : VCP Indicator ***/
    CCL_TRUTH1    = CCL_TRUTH_0_bm | CCL_TRUTH_1_bm;
    4a12:	90 93 cf 01 	sts	0x01CF, r25	; 0x8001cf <__TEXT_REGION_LENGTH__+0x7f01cf>
/Users/askn/Develop/UPDI4AVR-USB/src/HAL/AVRDU_CNANO.cpp:86
    CCL_LUT1CTRLB = CCL_INSEL0_USART0_gc                    /* <- UART_TX */
    4a16:	60 93 cd 01 	sts	0x01CD, r22	; 0x8001cd <__TEXT_REGION_LENGTH__+0x7f01cd>
/Users/askn/Develop/UPDI4AVR-USB/src/HAL/AVRDU_CNANO.cpp:88
                  | CCL_INSEL1_EVENTA_gc;                   /* <- EVS_CH4 : VRxD */
    CCL_LUT1CTRLA = CCL_ENABLE_bm;
    4a1a:	81 e0       	ldi	r24, 0x01	; 1
    4a1c:	80 93 cc 01 	sts	0x01CC, r24	; 0x8001cc <__TEXT_REGION_LENGTH__+0x7f01cc>
/Users/askn/Develop/UPDI4AVR-USB/src/HAL/AVRDU_CNANO.cpp:92

    /*** CCL3 : LED1 (PF3) generator ***/
    /* Do not turn on; 0, 3 */
    CCL_TRUTH3    = ~(CCL_TRUTH_0_bm | CCL_TRUTH_3_bm);
    4a20:	66 ef       	ldi	r22, 0xF6	; 246
    4a22:	60 93 d7 01 	sts	0x01D7, r22	; 0x8001d7 <__TEXT_REGION_LENGTH__+0x7f01d7>
/Users/askn/Develop/UPDI4AVR-USB/src/HAL/AVRDU_CNANO.cpp:93
    CCL_LUT3CTRLC = CCL_INSEL2_TCB1_gc;                     /* <- TCB1_WO */
    4a26:	6a e0       	ldi	r22, 0x0A	; 10
    4a28:	60 93 d6 01 	sts	0x01D6, r22	; 0x8001d6 <__TEXT_REGION_LENGTH__+0x7f01d6>
/Users/askn/Develop/UPDI4AVR-USB/src/HAL/AVRDU_CNANO.cpp:94
    CCL_LUT3CTRLB = CCL_INSEL1_EVENTB_gc                    /* <- EVS_CH5 : VTxD */
    4a2c:	e3 e4       	ldi	r30, 0x43	; 67
    4a2e:	e0 93 d5 01 	sts	0x01D5, r30	; 0x8001d5 <__TEXT_REGION_LENGTH__+0x7f01d5>
/Users/askn/Develop/UPDI4AVR-USB/src/HAL/AVRDU_CNANO.cpp:96
                  | CCL_INSEL0_EVENTA_gc;                   /* <- EVS_CH4 : VRxD */
    CCL_LUT3CTRLA = CCL_ENABLE_bm | CCL_OUTEN_bm;           /* -> PIN_PF3 */
    4a32:	70 93 d4 01 	sts	0x01D4, r23	; 0x8001d4 <__TEXT_REGION_LENGTH__+0x7f01d4>
/Users/askn/Develop/UPDI4AVR-USB/src/HAL/AVRDU_CNANO.cpp:99

    /*** CCL2 : LED0 (PF2:ORANGE) Heart-Beat generator ***/
    CCL_TRUTH2    = CCL_TRUTH_1_bm | CCL_TRUTH_2_bm;
    4a36:	30 93 d3 01 	sts	0x01D3, r19	; 0x8001d3 <__TEXT_REGION_LENGTH__+0x7f01d3>
/Users/askn/Develop/UPDI4AVR-USB/src/HAL/AVRDU_CNANO.cpp:100
    CCL_LUT2CTRLC = CCL_INSEL2_TCB1_gc;                     /* <- TCB1_WO */
    4a3a:	60 93 d2 01 	sts	0x01D2, r22	; 0x8001d2 <__TEXT_REGION_LENGTH__+0x7f01d2>
/Users/askn/Develop/UPDI4AVR-USB/src/HAL/AVRDU_CNANO.cpp:101
    CCL_LUT2CTRLB = CCL_INSEL1_TCA0_gc                      /* <- TCA0_WO1 */
    4a3e:	6a e9       	ldi	r22, 0x9A	; 154
    4a40:	60 93 d1 01 	sts	0x01D1, r22	; 0x8001d1 <__TEXT_REGION_LENGTH__+0x7f01d1>
/Users/askn/Develop/UPDI4AVR-USB/src/HAL/AVRDU_CNANO.cpp:103
                  | CCL_INSEL0_TCB0_gc;                     /* <- TCB0_WO */
    CCL_LUT2CTRLA = CCL_ENABLE_bm;                          /* -> EVS_CH3 */
    4a44:	80 93 d0 01 	sts	0x01D0, r24	; 0x8001d0 <__TEXT_REGION_LENGTH__+0x7f01d0>
/Users/askn/Develop/UPDI4AVR-USB/src/HAL/AVRDU_CNANO.cpp:107

    /*** CCL enable ***/
    /* One of the CCL's is the LED output control. */
    CCL_CTRLA = CCL_ENABLE_bm;
    4a48:	80 93 c0 01 	sts	0x01C0, r24	; 0x8001c0 <__TEXT_REGION_LENGTH__+0x7f01c0>
/Users/askn/Develop/UPDI4AVR-USB/src/HAL/AVRDU_CNANO.cpp:120
     * WO2 : UPDI Bit-banging
     * WO3 : reserved
     * WO4 : Charge-pump output-1 (negative)
     * WO5 : Charge-pump output-2 (positive)
     */
    TCA0_SPLIT_CTRLD = TCA_SPLIT_SPLITM_bm;
    4a4c:	80 93 03 0a 	sts	0x0A03, r24	; 0x800a03 <__TEXT_REGION_LENGTH__+0x7f0a03>
/Users/askn/Develop/UPDI4AVR-USB/src/HAL/AVRDU_CNANO.cpp:121
    TCA0_SPLIT_LCMP2 = F_CPU / 125000  / 2; /* TCA0_WO2 */
    4a50:	60 e5       	ldi	r22, 0x50	; 80
    4a52:	60 93 2c 0a 	sts	0x0A2C, r22	; 0x800a2c <__TEXT_REGION_LENGTH__+0x7f0a2c>
/Users/askn/Develop/UPDI4AVR-USB/src/HAL/AVRDU_CNANO.cpp:122
    TCA0_SPLIT_HCMP1 = F_CPU / HVC_CLK / 2; /* TCA0_WO4 */
    4a56:	40 93 2b 0a 	sts	0x0A2B, r20	; 0x800a2b <__TEXT_REGION_LENGTH__+0x7f0a2b>
/Users/askn/Develop/UPDI4AVR-USB/src/HAL/AVRDU_CNANO.cpp:123
    TCA0_SPLIT_HCMP2 = F_CPU / HVC_CLK / 2; /* TCA0_WO5 */
    4a5a:	40 93 2d 0a 	sts	0x0A2D, r20	; 0x800a2d <__TEXT_REGION_LENGTH__+0x7f0a2d>
/Users/askn/Develop/UPDI4AVR-USB/src/HAL/AVRDU_CNANO.cpp:124
    TCA0_SPLIT_HPER = (F_CPU / HVC_CLK) - 1;
    4a5e:	90 93 27 0a 	sts	0x0A27, r25	; 0x800a27 <__TEXT_REGION_LENGTH__+0x7f0a27>
/Users/askn/Develop/UPDI4AVR-USB/src/HAL/AVRDU_CNANO.cpp:127

    /*** TCB0 ***/
    TCB0_CTRLB = TCB_CNTMODE_PWM8_gc;
    4a62:	47 e0       	ldi	r20, 0x07	; 7
    4a64:	40 93 01 0b 	sts	0x0B01, r20	; 0x800b01 <__TEXT_REGION_LENGTH__+0x7f0b01>
/Users/askn/Develop/UPDI4AVR-USB/src/HAL/AVRDU_CNANO.cpp:131

    /*** TCB1 ***/
    /* TCB1 is used to control the LED1 blinking rate. */
    TCB1_CCMP   = TM_VCPBL;
    4a68:	63 ec       	ldi	r22, 0xC3	; 195
    4a6a:	74 e0       	ldi	r23, 0x04	; 4
    4a6c:	60 93 1c 0b 	sts	0x0B1C, r22	; 0x800b1c <__TEXT_REGION_LENGTH__+0x7f0b1c>
    4a70:	70 93 1d 0b 	sts	0x0B1D, r23	; 0x800b1d <__TEXT_REGION_LENGTH__+0x7f0b1d>
/Users/askn/Develop/UPDI4AVR-USB/src/HAL/AVRDU_CNANO.cpp:132
    TCB1_EVCTRL = TCB_CAPTEI_bm;
    4a74:	80 93 14 0b 	sts	0x0B14, r24	; 0x800b14 <__TEXT_REGION_LENGTH__+0x7f0b14>
/Users/askn/Develop/UPDI4AVR-USB/src/HAL/AVRDU_CNANO.cpp:133
    TCB1_CTRLB  = TCB_CNTMODE_SINGLE_gc;
    4a78:	30 93 11 0b 	sts	0x0B11, r19	; 0x800b11 <__TEXT_REGION_LENGTH__+0x7f0b11>
/Users/askn/Develop/UPDI4AVR-USB/src/HAL/AVRDU_CNANO.cpp:134
    TCB1_CTRLA  = TCB_ENABLE_bm | TCB_CLKSEL_TCA0_gc;
    4a7c:	20 93 10 0b 	sts	0x0B10, r18	; 0x800b10 <__TEXT_REGION_LENGTH__+0x7f0b10>
/Users/askn/Develop/UPDI4AVR-USB/src/HAL/AVRDU_CNANO.cpp:138

    /*** PIT and RTC ***/
    /* EVG0 <- 1024Hz (32768/32) : EVG1 <- 128Hz (32768/256) */
    RTC_PITEVGENCTRLA = RTC_EVGEN0SEL_DIV32_gc | RTC_EVGEN1SEL_DIV256_gc;
    4a80:	24 e7       	ldi	r18, 0x74	; 116
    4a82:	20 93 56 01 	sts	0x0156, r18	; 0x800156 <__TEXT_REGION_LENGTH__+0x7f0156>
/Users/askn/Develop/UPDI4AVR-USB/src/HAL/AVRDU_CNANO.cpp:139
    RTC_PITCTRLA = RTC_PITEN_bm;
    4a86:	80 93 50 01 	sts	0x0150, r24	; 0x800150 <__TEXT_REGION_LENGTH__+0x7f0150>
/Users/askn/Develop/UPDI4AVR-USB/src/HAL/AVRDU_CNANO.cpp:142

    /* Drive a 1024Hz counter for RTC_CNT */
    RTC_CTRLA = RTC_RTCEN_bm | RTC_PRESCALER_DIV32_gc;
    4a8a:	29 e2       	ldi	r18, 0x29	; 41
    4a8c:	20 93 40 01 	sts	0x0140, r18	; 0x800140 <__TEXT_REGION_LENGTH__+0x7f0140>
setup_adc():
/Users/askn/Develop/UPDI4AVR-USB/src/sys.cpp:423
   * A delay of 1250us is required for the voltage to stabilize.
   * The result is 10-bit, so multiply by 10.0 to convert to 1V * 0.0001.
   * The ADC0 peripheral is operational only during voltage measurements.
   */
  void setup_adc (void) {
    CLKCTRL_MCLKTIMEBASE = F_CPU / 1000000.0;
    4a90:	24 e1       	ldi	r18, 0x14	; 20
    4a92:	20 93 66 00 	sts	0x0066, r18	; 0x800066 <__TEXT_REGION_LENGTH__+0x7f0066>
/Users/askn/Develop/UPDI4AVR-USB/src/sys.cpp:424
    ADC0_CTRLA = ADC_ENABLE_bm;
    4a96:	80 93 00 06 	sts	0x0600, r24	; 0x800600 <__TEXT_REGION_LENGTH__+0x7f0600>
/Users/askn/Develop/UPDI4AVR-USB/src/sys.cpp:425
    ADC0_CTRLB = ADC_PRESC_DIV8_gc;
    4a9a:	90 93 01 06 	sts	0x0601, r25	; 0x800601 <__TEXT_REGION_LENGTH__+0x7f0601>
/Users/askn/Develop/UPDI4AVR-USB/src/sys.cpp:426
    ADC0_CTRLC = ADC_REFSEL_1V024_gc;
    4a9e:	50 93 02 06 	sts	0x0602, r21	; 0x800602 <__TEXT_REGION_LENGTH__+0x7f0602>
/Users/askn/Develop/UPDI4AVR-USB/src/sys.cpp:427
    ADC0_CTRLE = 250; /* (SAMPDUR + 0.5) * fCLK_ADC sample duration */
    4aa2:	8a ef       	ldi	r24, 0xFA	; 250
    4aa4:	80 93 04 06 	sts	0x0604, r24	; 0x800604 <__TEXT_REGION_LENGTH__+0x7f0604>
/Users/askn/Develop/UPDI4AVR-USB/src/sys.cpp:428
    ADC0_CTRLF = ADC_SAMPNUM_ACC8_gc;
    4aa8:	90 93 05 06 	sts	0x0605, r25	; 0x800605 <__TEXT_REGION_LENGTH__+0x7f0605>
/Users/askn/Develop/UPDI4AVR-USB/src/sys.cpp:429
    ADC0_MUXPOS = ADC_MUXPOS_VDDDIV10_gc; /* ADC channel VDD * 0.1 */
    4aac:	84 e4       	ldi	r24, 0x44	; 68
    4aae:	80 93 0b 06 	sts	0x060B, r24	; 0x80060b <__TEXT_REGION_LENGTH__+0x7f060b>
/Users/askn/Develop/UPDI4AVR-USB/src/sys.cpp:430
    loop_until_bit_is_clear(ADC0_STATUS, ADC_ADCBUSY_bp);
    4ab2:	80 91 08 06 	lds	r24, 0x0608	; 0x800608 <__TEXT_REGION_LENGTH__+0x7f0608>
    4ab6:	80 fd       	sbrc	r24, 0
    4ab8:	fc cf       	rjmp	.-8      	; 0x4ab2 <main+0x122>
/Users/askn/Develop/UPDI4AVR-USB/src/sys.cpp:431
    ADC0_COMMAND = ADC_MODE_BURST_gc;
    4aba:	80 e3       	ldi	r24, 0x30	; 48
    4abc:	80 93 0a 06 	sts	0x060A, r24	; 0x80060a <__TEXT_REGION_LENGTH__+0x7f060a>
/Users/askn/Develop/UPDI4AVR-USB/src/sys.cpp:432
    get_vdd();
    4ac0:	0e 94 a9 0a 	call	0x1552	; 0x1552 <SYS::get_vdd()>
main():
/Users/askn/Develop/UPDI4AVR-USB/src/main.cpp:98

  SYS::setup();
  SYS::LED_Flash();
    4ac4:	0e 94 f3 0e 	call	0x1de6	; 0x1de6 <SYS::LED_Flash()>
initiate():
/Users/askn/Library/Arduino15/packages/MultiX-Zinnia/hardware/modernAVR/0.4.10/cores/modernAVR/api/cpp/HarfUART.cpp:34
  if (_baudrate <= 63) {
    _baud2x = 1;
    _usart_ctrl_b = USART_RXEN_bm | USART_TXEN_bm | USART_RXMODE_CLK2X_gc;
  }
#endif
  const UART_portmux_t* _mux = portmux;
    4ac8:	02 ed       	ldi	r16, 0xD2	; 210
    4aca:	10 e6       	ldi	r17, 0x60	; 96
    4acc:	80 91 d7 60 	lds	r24, 0x60D7	; 0x8060d7 <Serial1C+0x5>
    4ad0:	90 91 d8 60 	lds	r25, 0x60D8	; 0x8060d8 <Serial1C+0x6>
/Users/askn/Library/Arduino15/packages/MultiX-Zinnia/hardware/modernAVR/0.4.10/cores/modernAVR/api/cpp/HarfUART.cpp:35
  register8_t *_portmux = (register8_t*)pgm_read_ptr(&_mux->portmux_reg);
    4ad4:	fc 01       	movw	r30, r24
    4ad6:	a5 91       	lpm	r26, Z+
    4ad8:	b4 91       	lpm	r27, Z
/Users/askn/Library/Arduino15/packages/MultiX-Zinnia/hardware/modernAVR/0.4.10/cores/modernAVR/api/cpp/HarfUART.cpp:36
  *_portmux = (*_portmux & pgm_read_byte(&_mux->portmux_mask))
    4ada:	2c 91       	ld	r18, X
    4adc:	fc 01       	movw	r30, r24
    4ade:	32 96       	adiw	r30, 0x02	; 2
    4ae0:	34 91       	lpm	r19, Z
/Users/askn/Library/Arduino15/packages/MultiX-Zinnia/hardware/modernAVR/0.4.10/cores/modernAVR/api/cpp/HarfUART.cpp:37
                         | pgm_read_byte(&_mux->portmux_set);
    4ae2:	31 96       	adiw	r30, 0x01	; 1
    4ae4:	e4 91       	lpm	r30, Z
/Users/askn/Library/Arduino15/packages/MultiX-Zinnia/hardware/modernAVR/0.4.10/cores/modernAVR/api/cpp/HarfUART.cpp:36
    _usart_ctrl_b = USART_RXEN_bm | USART_TXEN_bm | USART_RXMODE_CLK2X_gc;
  }
#endif
  const UART_portmux_t* _mux = portmux;
  register8_t *_portmux = (register8_t*)pgm_read_ptr(&_mux->portmux_reg);
  *_portmux = (*_portmux & pgm_read_byte(&_mux->portmux_mask))
    4ae6:	23 23       	and	r18, r19
/Users/askn/Library/Arduino15/packages/MultiX-Zinnia/hardware/modernAVR/0.4.10/cores/modernAVR/api/cpp/HarfUART.cpp:37
                         | pgm_read_byte(&_mux->portmux_set);
    4ae8:	2e 2b       	or	r18, r30
/Users/askn/Library/Arduino15/packages/MultiX-Zinnia/hardware/modernAVR/0.4.10/cores/modernAVR/api/cpp/HarfUART.cpp:36
    _usart_ctrl_b = USART_RXEN_bm | USART_TXEN_bm | USART_RXMODE_CLK2X_gc;
  }
#endif
  const UART_portmux_t* _mux = portmux;
  register8_t *_portmux = (register8_t*)pgm_read_ptr(&_mux->portmux_reg);
  *_portmux = (*_portmux & pgm_read_byte(&_mux->portmux_mask))
    4aea:	2c 93       	st	X, r18
/Users/askn/Library/Arduino15/packages/MultiX-Zinnia/hardware/modernAVR/0.4.10/cores/modernAVR/api/cpp/HarfUART.cpp:38
                         | pgm_read_byte(&_mux->portmux_set);
  PORT_t *_port = pgm_read_ptr(&_mux->port_reg);
    4aec:	fc 01       	movw	r30, r24
    4aee:	34 96       	adiw	r30, 0x04	; 4
    4af0:	a5 91       	lpm	r26, Z+
    4af2:	b4 91       	lpm	r27, Z
/Users/askn/Library/Arduino15/packages/MultiX-Zinnia/hardware/modernAVR/0.4.10/cores/modernAVR/api/cpp/HarfUART.cpp:39
  _port->DIRSET = pgm_read_byte(&_mux->tx_pin);
    4af4:	fc 01       	movw	r30, r24
    4af6:	36 96       	adiw	r30, 0x06	; 6
    4af8:	e4 91       	lpm	r30, Z
    4afa:	11 96       	adiw	r26, 0x01	; 1
    4afc:	ec 93       	st	X, r30
    4afe:	11 97       	sbiw	r26, 0x01	; 1
/Users/askn/Library/Arduino15/packages/MultiX-Zinnia/hardware/modernAVR/0.4.10/cores/modernAVR/api/cpp/HarfUART.cpp:40
  _port->DIRCLR = pgm_read_byte(&_mux->rx_pin);
    4b00:	fc 01       	movw	r30, r24
    4b02:	37 96       	adiw	r30, 0x07	; 7
    4b04:	e4 91       	lpm	r30, Z
    4b06:	12 96       	adiw	r26, 0x02	; 2
    4b08:	ec 93       	st	X, r30
/Users/askn/Library/Arduino15/packages/MultiX-Zinnia/hardware/modernAVR/0.4.10/cores/modernAVR/api/cpp/HarfUART.cpp:41
  (*(register8_t*)pgm_read_ptr(&_mux->rx_pin_ctrl)) = PORT_PULLUPEN_bm
    4b0a:	fc 01       	movw	r30, r24
    4b0c:	38 96       	adiw	r30, 0x08	; 8
    4b0e:	a5 91       	lpm	r26, Z+
    4b10:	b4 91       	lpm	r27, Z
    4b12:	98 e0       	ldi	r25, 0x08	; 8
    4b14:	f9 2e       	mov	r15, r25
    4b16:	fc 92       	st	X, r15
/Users/askn/Library/Arduino15/packages/MultiX-Zinnia/hardware/modernAVR/0.4.10/cores/modernAVR/api/cpp/HarfUART.cpp:43
                                                    | PORT_ISC_INTDISABLE_gc;
  USART_t* _usart = usart;
    4b18:	e0 91 d4 60 	lds	r30, 0x60D4	; 0x8060d4 <Serial1C+0x2>
    4b1c:	f0 91 d5 60 	lds	r31, 0x60D5	; 0x8060d5 <Serial1C+0x3>
/Users/askn/Library/Arduino15/packages/MultiX-Zinnia/hardware/modernAVR/0.4.10/cores/modernAVR/api/cpp/HarfUART.cpp:44
  _usart->BAUD = (_baudrate << _baud2x);
    4b20:	8f e9       	ldi	r24, 0x9F	; 159
    4b22:	90 e0       	ldi	r25, 0x00	; 0
    4b24:	80 87       	std	Z+8, r24	; 0x08
    4b26:	91 87       	std	Z+9, r25	; 0x09
/Users/askn/Library/Arduino15/packages/MultiX-Zinnia/hardware/modernAVR/0.4.10/cores/modernAVR/api/cpp/HarfUART.cpp:55
  _usart->CTRLB =  USART_RXEN_bm | USART_TXEN_bm;
  _usart->CTRLA =+ USART_CSIG_NORMAL_gc
                 | USART_CMODE_ASYNCHRONOUS_gc
                 | USART_ENABLE_bm;
#else
  _usart->CTRLA = 0;
    4b28:	15 82       	std	Z+5, r1	; 0x05
/Users/askn/Library/Arduino15/packages/MultiX-Zinnia/hardware/modernAVR/0.4.10/cores/modernAVR/api/cpp/HarfUART.cpp:56
  _usart->CTRLC =+ USART_CHSIZE_8BIT_gc
    4b2a:	83 e0       	ldi	r24, 0x03	; 3
    4b2c:	87 83       	std	Z+7, r24	; 0x07
/Users/askn/Library/Arduino15/packages/MultiX-Zinnia/hardware/modernAVR/0.4.10/cores/modernAVR/api/cpp/HarfUART.cpp:60
                 | USART_PMODE_DISABLED_gc
                 | USART_CMODE_ASYNCHRONOUS_gc
                 | USART_SBMODE_1BIT_gc;
  _usart->CTRLB = _usart_ctrl_b;
    4b2e:	80 ec       	ldi	r24, 0xC0	; 192
    4b30:	86 83       	std	Z+6, r24	; 0x06
delay_millis():
/Users/askn/Library/Arduino15/packages/MultiX-Zinnia/hardware/modernAVR/0.4.10/cores/modernAVR/api/delay_busywait.h:42
    4b32:	2f ef       	ldi	r18, 0xFF	; 255
    4b34:	3e e9       	ldi	r19, 0x9E	; 158
    4b36:	44 e2       	ldi	r20, 0x24	; 36
    4b38:	21 50       	subi	r18, 0x01	; 1
    4b3a:	30 40       	sbci	r19, 0x00	; 0
    4b3c:	40 40       	sbci	r20, 0x00	; 0
    4b3e:	e1 f7       	brne	.-8      	; 0x4b38 <main+0x1a8>
    4b40:	00 c0       	rjmp	.+0      	; 0x4b42 <main+0x1b2>
    4b42:	00 00       	nop
main():
/Users/askn/Develop/UPDI4AVR-USB/src/main.cpp:103

#if defined(DEBUG)
  Serial.begin(CONSOLE_BAUD);
  delay_millis(600);  /* VCP setup delay */
  D1PRINTF("\n<startup>\r\n");
    4b44:	88 e5       	ldi	r24, 0x58	; 88
    4b46:	9a e0       	ldi	r25, 0x0A	; 10
    4b48:	9f 93       	push	r25
    4b4a:	8f 93       	push	r24
    4b4c:	1f 93       	push	r17
    4b4e:	0f 93       	push	r16
    4b50:	0e 94 3e 0e 	call	0x1c7c	; 0x1c7c <Print::printf(PGM_t const*, ...) [clone .constprop.16]>
/Users/askn/Develop/UPDI4AVR-USB/src/main.cpp:104
  D1PRINTF("F_CPU=%ld\r\n", F_CPU);
    4b54:	81 e0       	ldi	r24, 0x01	; 1
    4b56:	8f 93       	push	r24
    4b58:	81 e3       	ldi	r24, 0x31	; 49
    4b5a:	8f 93       	push	r24
    4b5c:	8d e2       	ldi	r24, 0x2D	; 45
    4b5e:	8f 93       	push	r24
    4b60:	1f 92       	push	r1
    4b62:	8c e4       	ldi	r24, 0x4C	; 76
    4b64:	9a e0       	ldi	r25, 0x0A	; 10
    4b66:	9f 93       	push	r25
    4b68:	8f 93       	push	r24
    4b6a:	1f 93       	push	r17
    4b6c:	0f 93       	push	r16
    4b6e:	0e 94 3e 0e 	call	0x1c7c	; 0x1c7c <Print::printf(PGM_t const*, ...) [clone .constprop.16]>
/Users/askn/Develop/UPDI4AVR-USB/src/main.cpp:105
  D1PRINTF("_AVR_IOXXX_H_=" _AVR_IOXXX_H_ "\r\n");
    4b72:	8e e2       	ldi	r24, 0x2E	; 46
    4b74:	9a e0       	ldi	r25, 0x0A	; 10
    4b76:	9f 93       	push	r25
    4b78:	8f 93       	push	r24
    4b7a:	1f 93       	push	r17
    4b7c:	0f 93       	push	r16
    4b7e:	0e 94 3e 0e 	call	0x1c7c	; 0x1c7c <Print::printf(PGM_t const*, ...) [clone .constprop.16]>
/Users/askn/Develop/UPDI4AVR-USB/src/main.cpp:106
  D1PRINTF("__AVR_ARCH__=%d\r\n", __AVR_ARCH__);
    4b82:	1f 92       	push	r1
    4b84:	86 e6       	ldi	r24, 0x66	; 102
    4b86:	8f 93       	push	r24
    4b88:	8c e1       	ldi	r24, 0x1C	; 28
    4b8a:	9a e0       	ldi	r25, 0x0A	; 10
    4b8c:	9f 93       	push	r25
    4b8e:	8f 93       	push	r24
    4b90:	1f 93       	push	r17
    4b92:	0f 93       	push	r16
    4b94:	0e 94 3e 0e 	call	0x1c7c	; 0x1c7c <Print::printf(PGM_t const*, ...) [clone .constprop.16]>
/Users/askn/Develop/UPDI4AVR-USB/src/main.cpp:107
  D1PRINTF("HAL_PROFILE=" HAL_PROFILE "\r\n");
    4b98:	8c ef       	ldi	r24, 0xFC	; 252
    4b9a:	99 e0       	ldi	r25, 0x09	; 9
    4b9c:	9f 93       	push	r25
    4b9e:	8f 93       	push	r24
    4ba0:	1f 93       	push	r17
    4ba2:	0f 93       	push	r16
    4ba4:	0e 94 3e 0e 	call	0x1c7c	; 0x1c7c <Print::printf(PGM_t const*, ...) [clone .constprop.16]>
/Users/askn/Develop/UPDI4AVR-USB/src/main.cpp:108
  DFLUSH();
    4ba8:	80 91 d4 60 	lds	r24, 0x60D4	; 0x8060d4 <Serial1C+0x2>
    4bac:	90 91 d5 60 	lds	r25, 0x60D5	; 0x8060d5 <Serial1C+0x3>
    4bb0:	0e 94 bf 07 	call	0xf7e	; 0xf7e <UsartBaseClass::flush() [clone .isra.0] [clone .lto_priv.17]>
/Users/askn/Develop/UPDI4AVR-USB/src/main.cpp:111
#endif

  USART::setup();
    4bb4:	0e 94 88 12 	call	0x2510	; 0x2510 <USART::setup()>
/Users/askn/Develop/UPDI4AVR-USB/src/main.cpp:113

  _PROTECTED_WRITE(WDT_CTRLA, WDT_PERIOD_1KCLK_gc);
    4bb8:	88 ed       	ldi	r24, 0xD8	; 216
    4bba:	84 bf       	out	0x34, r24	; 52
    4bbc:	f0 92 00 01 	sts	0x0100, r15	; 0x800100 <__TEXT_REGION_LENGTH__+0x7f0100>
/Users/askn/Develop/UPDI4AVR-USB/src/main.cpp:117

#if defined(PIN_SYS_SW0)
  /* Clear the dirty flag before enabling interrupts. */
  vportRegister(PIN_SYS_SW0).INTFLAGS = ~0;
    4bc0:	8f ef       	ldi	r24, 0xFF	; 255
    4bc2:	87 bb       	out	0x17, r24	; 23
/Users/askn/Develop/UPDI4AVR-USB/src/main.cpp:118
  CCL_INTFLAGS = ~0;
    4bc4:	80 93 c7 01 	sts	0x01C7, r24	; 0x8001c7 <__TEXT_REGION_LENGTH__+0x7f01c7>
/Users/askn/Develop/UPDI4AVR-USB/src/main.cpp:121
#endif

  interrupts();
    4bc8:	78 94       	sei
/Users/askn/Develop/UPDI4AVR-USB/src/main.cpp:125

#if !defined(PIN_SYS_VDETECT)
  /* If you do not use VBD, insert the shortest possible delay instead. */
  Timeout::delay_rtc_millis(250);
    4bca:	8a ef       	ldi	r24, 0xFA	; 250
    4bcc:	90 e0       	ldi	r25, 0x00	; 0
    4bce:	12 d9       	rcall	.-3548   	; 0x3df4 <Timeout::delay_rtc_millis(unsigned int)>
setup_device():
/Users/askn/Develop/UPDI4AVR-USB/src/usb.cpp:237
    EP_MEM.cci_header.wLength       = 2;
    EP_MEM.cci_wValue               = _state;
  }

  void setup_device (bool _force) {
    if (_led_mode != 3) SYS::LED_Flash();
    4bd0:	cd bf       	out	0x3d, r28	; 61
    4bd2:	de bf       	out	0x3e, r29	; 62
    4bd4:	80 91 82 63 	lds	r24, 0x6382	; 0x806382 <_led_mode>
    4bd8:	83 30       	cpi	r24, 0x03	; 3
    4bda:	11 f0       	breq	.+4      	; 0x4be0 <main+0x250>
    4bdc:	0e 94 f3 0e 	call	0x1de6	; 0x1de6 <SYS::LED_Flash()>
/Users/askn/Develop/UPDI4AVR-USB/src/usb.cpp:238
    USB0_ADDR = 0;
    4be0:	10 92 03 0c 	sts	0x0C03, r1	; 0x800c03 <__TEXT_REGION_LENGTH__+0x7f0c03>
/Users/askn/Develop/UPDI4AVR-USB/src/usb.cpp:239
    if (USB0_CTRLA || _force) {
    4be4:	80 91 00 0c 	lds	r24, 0x0C00	; 0x800c00 <__TEXT_REGION_LENGTH__+0x7f0c00>
    4be8:	0e 94 2f 12 	call	0x245e	; 0x245e <USB::setup_device(bool) [clone .part.2]>
main():
/Users/askn/Develop/UPDI4AVR-USB/src/main.cpp:130
  USB::setup_device(true);
#endif

  /* From here on, it's an endless loop. */
  D1PRINTF("<WAITING>\r\n");
    4bec:	80 ef       	ldi	r24, 0xF0	; 240
    4bee:	99 e0       	ldi	r25, 0x09	; 9
    4bf0:	9f 93       	push	r25
    4bf2:	8f 93       	push	r24
    4bf4:	82 ed       	ldi	r24, 0xD2	; 210
    4bf6:	90 e6       	ldi	r25, 0x60	; 96
    4bf8:	9f 93       	push	r25
    4bfa:	8f 93       	push	r24
    4bfc:	0e 94 3e 0e 	call	0x1c7c	; 0x1c7c <Print::printf(PGM_t const*, ...) [clone .constprop.16]>
    4c00:	0f 90       	pop	r0
    4c02:	0f 90       	pop	r0
    4c04:	0f 90       	pop	r0
    4c06:	0f 90       	pop	r0
/Users/askn/Develop/UPDI4AVR-USB/src/main.cpp:131
  bool _wdt = true;
    4c08:	dd 24       	eor	r13, r13
    4c0a:	d3 94       	inc	r13
handling_control_transactions():
/Users/askn/Develop/UPDI4AVR-USB/src/usb.cpp:646
  /* The reason for using polling is to prioritize VCP performance. */
  void handling_control_transactions (void) {
    bool _listen = false;
    uint8_t bmRequestType = EP_MEM.req_data.bmRequestType;
    EVSYS_SWEVENTA = EVSYS_SWEVENTA_CH2_gc;
    D1PRINTF("RQ=%02X:%04X:%02X:%02X:%04X:%04X:%04X\r\n",
    4c0c:	02 ed       	ldi	r16, 0xD2	; 210
    4c0e:	10 e6       	ldi	r17, 0x60	; 96
request_class():
/Users/askn/Develop/UPDI4AVR-USB/src/usb.cpp:611
    else if (bRequest == 0x21) {  /* GET_LINE_ENCODING */
      memcpy(&EP_MEM.res_encoding, &_set_line_encoding, sizeof(LineEncoding_t));
      if (EP_MEM.res_encoding.dwDTERate == 0) {
        /* Parameters that, if incorrectly accepted,           */
        /* would result in division by zero must be corrected. */
        EP_MEM.res_encoding.dwDTERate = 9600UL;
    4c10:	b0 e8       	ldi	r27, 0x80	; 128
    4c12:	8b 2e       	mov	r8, r27
    4c14:	b5 e2       	ldi	r27, 0x25	; 37
    4c16:	9b 2e       	mov	r9, r27
    4c18:	a1 2c       	mov	r10, r1
    4c1a:	b1 2c       	mov	r11, r1
request_standard():
/Users/askn/Develop/UPDI4AVR-USB/src/usb.cpp:566
    }
    else if (bRequest == 0x0A) {  /* GET_INTREFACE */
      /* It seems not to be used. */
      D1PRINTF("<SI:0>\r\n");
      EP_MEM.res_data[0] = 0;
      EP_RES.CNT = 1;
    4c1c:	44 24       	eor	r4, r4
    4c1e:	43 94       	inc	r4
    4c20:	51 2c       	mov	r5, r1
    4c22:	1e 01       	movw	r2, r28
    4c24:	95 e0       	ldi	r25, 0x05	; 5
    4c26:	29 0e       	add	r2, r25
    4c28:	31 1c       	adc	r3, r1
main():
/Users/askn/Develop/UPDI4AVR-USB/src/main.cpp:133
  while (true) {
    if (_wdt) wdt_reset();
    4c2a:	dd 20       	and	r13, r13
    4c2c:	19 f0       	breq	.+6      	; 0x4c34 <main+0x2a4>
    4c2e:	a8 95       	wdr
    4c30:	dd 24       	eor	r13, r13
    4c32:	d3 94       	inc	r13
handling_bus_events():
/Users/askn/Develop/UPDI4AVR-USB/src/usb.cpp:674

  /*** This process is equivalent to a bus interrupt. ***/
  /* The reason for using polling is to prioritize VCP performance. */
  /* The trade-off is that power standby is not available. */
  void handling_bus_events (void) {
    uint8_t busstate = USB0_INTFLAGSA;
    4c34:	f0 90 0a 0c 	lds	r15, 0x0C0A	; 0x800c0a <__TEXT_REGION_LENGTH__+0x7f0c0a>
/Users/askn/Develop/UPDI4AVR-USB/src/usb.cpp:675
    USB0_INTFLAGSA = busstate;
    4c38:	f0 92 0a 0c 	sts	0x0C0A, r15	; 0x800c0a <__TEXT_REGION_LENGTH__+0x7f0c0a>
/Users/askn/Develop/UPDI4AVR-USB/src/usb.cpp:701
    }
    if (bit_is_set(busstate, USB_RESUME_bp)) {
      D1PRINTF("<RESUME:%04X>\r\n", USB0_ADDR);
    }
  #endif
    if (bit_is_set(busstate, USB_SOF_bp)) {
    4c3c:	f7 fe       	sbrs	r15, 7
    4c3e:	14 c0       	rjmp	.+40     	; 0x4c68 <main+0x2d8>
/Users/askn/Develop/UPDI4AVR-USB/src/usb.cpp:703
      /* If there is deferred data for a block transfer, it is sent here. */
      if (_sof_count > 0 && 0 == (--_sof_count)) {
    4c40:	80 91 9f 64 	lds	r24, 0x649F	; 0x80649f <_sof_count>
    4c44:	88 23       	and	r24, r24
    4c46:	81 f0       	breq	.+32     	; 0x4c68 <main+0x2d8>
    4c48:	80 91 9f 64 	lds	r24, 0x649F	; 0x80649f <_sof_count>
    4c4c:	81 50       	subi	r24, 0x01	; 1
    4c4e:	80 93 9f 64 	sts	0x649F, r24	; 0x80649f <_sof_count>
    4c52:	81 11       	cpse	r24, r1
    4c54:	09 c0       	rjmp	.+18     	; 0x4c68 <main+0x2d8>
/Users/askn/Develop/UPDI4AVR-USB/src/usb.cpp:704
        if (bit_is_set(EP_CDI.STATUS, USB_BUSNAK_bp) && _send_count > 0) {
    4c56:	80 91 e6 64 	lds	r24, 0x64E6	; 0x8064e6 <EP_TABLE+0x40>
    4c5a:	81 ff       	sbrs	r24, 1
    4c5c:	05 c0       	rjmp	.+10     	; 0x4c68 <main+0x2d8>
    4c5e:	80 91 a2 64 	lds	r24, 0x64A2	; 0x8064a2 <_send_count>
    4c62:	81 11       	cpse	r24, r1
/Users/askn/Develop/UPDI4AVR-USB/src/usb.cpp:705
          ep_cdi_listen();
    4c64:	0e 94 52 07 	call	0xea4	; 0xea4 <USB::ep_cdi_listen()>
/Users/askn/Develop/UPDI4AVR-USB/src/usb.cpp:710
        }
      }
    }
    if (bit_is_set(busstate, USB_SUSPEND_bp)
     || bit_is_set(busstate, USB_RESUME_bp)) {
    4c68:	8f 2d       	mov	r24, r15
    4c6a:	80 76       	andi	r24, 0x60	; 96
    4c6c:	81 f1       	breq	.+96     	; 0x4cce <main+0x33e>
/Users/askn/Develop/UPDI4AVR-USB/src/usb.cpp:713
      /* This implementation does not transition to power saving mode. */
      /* This is only passed when the USB cable is unplugged. */
      if (bit_is_set(GPCONF, GPCONF_USB_bp)) {
    4c6e:	f0 9b       	sbis	0x1e, 0	; 30
    4c70:	2c c0       	rjmp	.+88     	; 0x4cca <main+0x33a>
usb_detach():
/Users/askn/Develop/UPDI4AVR-USB/src/usb.cpp:259
      USB0_CTRLA = USB_ENABLE_bm | (USB_ENDPOINTS_MAX - 1);
    }
  }

  void usb_detach (void) {
    bit_clear(USB0_CTRLB, USB_ATTACH_bp);
    4c72:	80 91 01 0c 	lds	r24, 0x0C01	; 0x800c01 <__TEXT_REGION_LENGTH__+0x7f0c01>
    4c76:	8e 7f       	andi	r24, 0xFE	; 254
    4c78:	80 93 01 0c 	sts	0x0C01, r24	; 0x800c01 <__TEXT_REGION_LENGTH__+0x7f0c01>
/Users/askn/Develop/UPDI4AVR-USB/src/usb.cpp:260
    bit_clear(GPCONF, GPCONF_USB_bp);
    4c7c:	f0 98       	cbi	0x1e, 0	; 30
/Users/askn/Develop/UPDI4AVR-USB/src/usb.cpp:261
    wdt_reset();
    4c7e:	a8 95       	wdr
delay_millis():
/Users/askn/Library/Arduino15/packages/MultiX-Zinnia/hardware/modernAVR/0.4.10/cores/modernAVR/api/delay_busywait.h:42
    4c80:	ef e1       	ldi	r30, 0x1F	; 31
    4c82:	f1 ea       	ldi	r31, 0xA1	; 161
    4c84:	27 e0       	ldi	r18, 0x07	; 7
    4c86:	e1 50       	subi	r30, 0x01	; 1
    4c88:	f0 40       	sbci	r31, 0x00	; 0
    4c8a:	20 40       	sbci	r18, 0x00	; 0
    4c8c:	e1 f7       	brne	.-8      	; 0x4c86 <main+0x2f6>
    4c8e:	00 c0       	rjmp	.+0      	; 0x4c90 <main+0x300>
    4c90:	00 00       	nop
usb_detach():
/Users/askn/Develop/UPDI4AVR-USB/src/usb.cpp:263
    SYS::delay_125ms();
    USB0_CTRLA = 0;
    4c92:	10 92 00 0c 	sts	0x0C00, r1	; 0x800c00 <__TEXT_REGION_LENGTH__+0x7f0c00>
reboot():
/Users/askn/Develop/UPDI4AVR-USB/src/sys.cpp:393
   * System reboot
   *
   * Always run it after the USB has stopped.
   */
  void reboot (void) {
    D1PRINTF("<REBOOT>\r\n");
    4c96:	86 eb       	ldi	r24, 0xB6	; 182
    4c98:	92 e0       	ldi	r25, 0x02	; 2
    4c9a:	9f 93       	push	r25
    4c9c:	8f 93       	push	r24
    4c9e:	82 ed       	ldi	r24, 0xD2	; 210
    4ca0:	90 e6       	ldi	r25, 0x60	; 96
    4ca2:	9f 93       	push	r25
    4ca4:	8f 93       	push	r24
    4ca6:	0e 94 3e 0e 	call	0x1c7c	; 0x1c7c <Print::printf(PGM_t const*, ...) [clone .constprop.16]>
/Users/askn/Develop/UPDI4AVR-USB/src/sys.cpp:394
    DFLUSH();
    4caa:	80 91 d4 60 	lds	r24, 0x60D4	; 0x8060d4 <Serial1C+0x2>
    4cae:	90 91 d5 60 	lds	r25, 0x60D5	; 0x8060d5 <Serial1C+0x3>
    4cb2:	0e 94 bf 07 	call	0xf7e	; 0xf7e <UsartBaseClass::flush() [clone .isra.0] [clone .lto_priv.17]>
/Users/askn/Develop/UPDI4AVR-USB/src/sys.cpp:395
    _PROTECTED_WRITE(WDT_CTRLA, WDT_PERIOD_8CLK_gc);
    4cb6:	88 ed       	ldi	r24, 0xD8	; 216
    4cb8:	91 e0       	ldi	r25, 0x01	; 1
    4cba:	84 bf       	out	0x34, r24	; 52
    4cbc:	90 93 00 01 	sts	0x0100, r25	; 0x800100 <__TEXT_REGION_LENGTH__+0x7f0100>
    4cc0:	0f 90       	pop	r0
    4cc2:	0f 90       	pop	r0
    4cc4:	0f 90       	pop	r0
    4cc6:	0f 90       	pop	r0
    4cc8:	ff cf       	rjmp	.-2      	; 0x4cc8 <main+0x338>
handling_bus_events():
/Users/askn/Develop/UPDI4AVR-USB/src/usb.cpp:718
      if (bit_is_set(GPCONF, GPCONF_USB_bp)) {
        /* System reboot */
        usb_detach();
        SYS::reboot();
      }
      bit_set(busstate, USB_RESET_bp);
    4cca:	68 94       	set
    4ccc:	f4 f8       	bld	r15, 4
/Users/askn/Develop/UPDI4AVR-USB/src/usb.cpp:720
    }
    if (bit_is_set(busstate, USB_RESET_bp)) {
    4cce:	f4 fe       	sbrs	r15, 4
    4cd0:	0d c0       	rjmp	.+26     	; 0x4cec <main+0x35c>
setup_device():
/Users/askn/Develop/UPDI4AVR-USB/src/usb.cpp:237
    EP_MEM.cci_header.wLength       = 2;
    EP_MEM.cci_wValue               = _state;
  }

  void setup_device (bool _force) {
    if (_led_mode != 3) SYS::LED_Flash();
    4cd2:	80 91 82 63 	lds	r24, 0x6382	; 0x806382 <_led_mode>
    4cd6:	83 30       	cpi	r24, 0x03	; 3
    4cd8:	11 f0       	breq	.+4      	; 0x4cde <main+0x34e>
    4cda:	0e 94 f3 0e 	call	0x1de6	; 0x1de6 <SYS::LED_Flash()>
/Users/askn/Develop/UPDI4AVR-USB/src/usb.cpp:238
    USB0_ADDR = 0;
    4cde:	10 92 03 0c 	sts	0x0C03, r1	; 0x800c03 <__TEXT_REGION_LENGTH__+0x7f0c03>
/Users/askn/Develop/UPDI4AVR-USB/src/usb.cpp:239
    if (USB0_CTRLA || _force) {
    4ce2:	80 91 00 0c 	lds	r24, 0x0C00	; 0x800c00 <__TEXT_REGION_LENGTH__+0x7f0c00>
    4ce6:	81 11       	cpse	r24, r1
    4ce8:	0e 94 2f 12 	call	0x245e	; 0x245e <USB::setup_device(bool) [clone .part.2]>
is_ep_setup():
/Users/askn/Develop/UPDI4AVR-USB/src/usb.cpp:268
    USB0_CTRLA = 0;
  }

  // MARK: Endpoint

  bool is_ep_setup (void) { return bit_is_set(EP_REQ.STATUS, USB_EPSETUP_bp); }
    4cec:	80 91 ae 64 	lds	r24, 0x64AE	; 0x8064ae <EP_TABLE+0x8>
main():
/Users/askn/Develop/UPDI4AVR-USB/src/main.cpp:137

    /*** USB control handling ***/
    USB::handling_bus_events();
    if (USB::is_ep_setup()) USB::handling_control_transactions();
    4cf0:	84 ff       	sbrs	r24, 4
    4cf2:	12 c1       	rjmp	.+548    	; 0x4f18 <main+0x588>
handling_control_transactions():
/Users/askn/Develop/UPDI4AVR-USB/src/usb.cpp:644
  /*** Accept the EP0 setup packet. ***/
  /* This process is equivalent to a endpoint interrupt. */
  /* The reason for using polling is to prioritize VCP performance. */
  void handling_control_transactions (void) {
    bool _listen = false;
    uint8_t bmRequestType = EP_MEM.req_data.bmRequestType;
    4cf4:	f0 90 86 63 	lds	r15, 0x6386	; 0x806386 <EP_MEM>
/Users/askn/Develop/UPDI4AVR-USB/src/usb.cpp:645
    EVSYS_SWEVENTA = EVSYS_SWEVENTA_CH2_gc;
    4cf8:	84 e0       	ldi	r24, 0x04	; 4
    4cfa:	80 93 00 02 	sts	0x0200, r24	; 0x800200 <__TEXT_REGION_LENGTH__+0x7f0200>
/Users/askn/Develop/UPDI4AVR-USB/src/usb.cpp:646
    D1PRINTF("RQ=%02X:%04X:%02X:%02X:%04X:%04X:%04X\r\n",
    4cfe:	80 91 b0 64 	lds	r24, 0x64B0	; 0x8064b0 <EP_TABLE+0xa>
    4d02:	90 91 b1 64 	lds	r25, 0x64B1	; 0x8064b1 <EP_TABLE+0xb>
    4d06:	20 91 ae 64 	lds	r18, 0x64AE	; 0x8064ae <EP_TABLE+0x8>
    4d0a:	30 91 8d 63 	lds	r19, 0x638D	; 0x80638d <EP_MEM+0x7>
    4d0e:	3f 93       	push	r19
    4d10:	30 91 8c 63 	lds	r19, 0x638C	; 0x80638c <EP_MEM+0x6>
    4d14:	3f 93       	push	r19
    4d16:	30 91 8b 63 	lds	r19, 0x638B	; 0x80638b <EP_MEM+0x5>
    4d1a:	3f 93       	push	r19
    4d1c:	30 91 8a 63 	lds	r19, 0x638A	; 0x80638a <EP_MEM+0x4>
    4d20:	3f 93       	push	r19
    4d22:	30 91 89 63 	lds	r19, 0x6389	; 0x806389 <EP_MEM+0x3>
    4d26:	3f 93       	push	r19
    4d28:	30 91 88 63 	lds	r19, 0x6388	; 0x806388 <EP_MEM+0x2>
    4d2c:	3f 93       	push	r19
    4d2e:	30 91 87 63 	lds	r19, 0x6387	; 0x806387 <EP_MEM+0x1>
    4d32:	1f 92       	push	r1
    4d34:	3f 93       	push	r19
    4d36:	30 91 86 63 	lds	r19, 0x6386	; 0x806386 <EP_MEM>
    4d3a:	1f 92       	push	r1
    4d3c:	3f 93       	push	r19
    4d3e:	9f 93       	push	r25
    4d40:	8f 93       	push	r24
    4d42:	1f 92       	push	r1
    4d44:	2f 93       	push	r18
    4d46:	8e e9       	ldi	r24, 0x9E	; 158
    4d48:	94 e0       	ldi	r25, 0x04	; 4
    4d4a:	9f 93       	push	r25
    4d4c:	8f 93       	push	r24
    4d4e:	1f 93       	push	r17
    4d50:	0f 93       	push	r16
    4d52:	0e 94 3e 0e 	call	0x1c7c	; 0x1c7c <Print::printf(PGM_t const*, ...) [clone .constprop.16]>
/Users/askn/Develop/UPDI4AVR-USB/src/usb.cpp:650
      EP_REQ.STATUS, EP_REQ.CNT, EP_MEM.req_data.bmRequestType, EP_MEM.req_data.bRequest,
      EP_MEM.req_data.wValue, EP_MEM.req_data.wIndex, EP_MEM.req_data.wLength);
    /* Accepts subsequent EP0_DATA packets as needed. */
    if (bit_is_clear(bmRequestType, 7)) ep_req_listen();
    4d56:	cd bf       	out	0x3d, r28	; 61
    4d58:	de bf       	out	0x3e, r29	; 62
    4d5a:	f7 fe       	sbrs	r15, 7
    4d5c:	0e 94 b3 07 	call	0xf66	; 0xf66 <USB::ep_req_listen()>
/Users/askn/Develop/UPDI4AVR-USB/src/usb.cpp:651
    bmRequestType &= (3 << 5);
    4d60:	8f 2d       	mov	r24, r15
    4d62:	80 76       	andi	r24, 0x60	; 96
/Users/askn/Develop/UPDI4AVR-USB/src/usb.cpp:652
    if (bmRequestType == (0 << 5)) {
    4d64:	09 f0       	breq	.+2      	; 0x4d68 <main+0x3d8>
    4d66:	6b c2       	rjmp	.+1238   	; 0x523e <main+0x8ae>
request_standard():
/Users/askn/Develop/UPDI4AVR-USB/src/usb.cpp:513
  // MARK: USB Session

  /*** USB Standard Request Enumeration. ***/
  bool request_standard (void) {
    bool _listen = true;
    uint8_t bRequest = EP_MEM.req_data.bRequest;
    4d68:	80 91 87 63 	lds	r24, 0x6387	; 0x806387 <EP_MEM+0x1>
/Users/askn/Develop/UPDI4AVR-USB/src/usb.cpp:514
    if (bRequest == 0x00) {       /* GET_STATUS */
    4d6c:	81 11       	cpse	r24, r1
    4d6e:	0f c0       	rjmp	.+30     	; 0x4d8e <main+0x3fe>
/Users/askn/Develop/UPDI4AVR-USB/src/usb.cpp:515
      EP_MEM.res_data[0] = 0;
    4d70:	10 92 8e 63 	sts	0x638E, r1	; 0x80638e <EP_MEM+0x8>
/Users/askn/Develop/UPDI4AVR-USB/src/usb.cpp:516
      EP_MEM.res_data[1] = 0;
    4d74:	10 92 8f 63 	sts	0x638F, r1	; 0x80638f <EP_MEM+0x9>
/Users/askn/Develop/UPDI4AVR-USB/src/usb.cpp:517
      EP_RES.CNT = 2;
    4d78:	82 e0       	ldi	r24, 0x02	; 2
    4d7a:	90 e0       	ldi	r25, 0x00	; 0
    4d7c:	80 93 b8 64 	sts	0x64B8, r24	; 0x8064b8 <EP_TABLE+0x12>
    4d80:	90 93 b9 64 	sts	0x64B9, r25	; 0x8064b9 <EP_TABLE+0x13>
handling_control_transactions():
/Users/askn/Develop/UPDI4AVR-USB/src/usb.cpp:664
    else if (bmRequestType == (2 << 5)) {
      _listen = request_vendor();
    }
  #endif
    if (_listen) {
      ep_res_listen();
    4d84:	0e 94 a7 07 	call	0xf4e	; 0xf4e <USB::ep_res_listen()>
/Users/askn/Develop/UPDI4AVR-USB/src/usb.cpp:665
      ep_req_listen();
    4d88:	0e 94 b3 07 	call	0xf66	; 0xf66 <USB::ep_req_listen()>
    4d8c:	c0 c0       	rjmp	.+384    	; 0x4f0e <main+0x57e>
request_standard():
/Users/askn/Develop/UPDI4AVR-USB/src/usb.cpp:519
    if (bRequest == 0x00) {       /* GET_STATUS */
      EP_MEM.res_data[0] = 0;
      EP_MEM.res_data[1] = 0;
      EP_RES.CNT = 2;
    }
    else if (bRequest == 0x01) {  /* CLEAR_FEATURE */
    4d8e:	81 30       	cpi	r24, 0x01	; 1
    4d90:	79 f5       	brne	.+94     	; 0x4df0 <main+0x460>
/Users/askn/Develop/UPDI4AVR-USB/src/usb.cpp:520
      D1PRINTF(" CF=%02X:%02X\r\n", EP_MEM.req_data.wValue, EP_MEM.req_data.wIndex);
    4d92:	80 91 8b 63 	lds	r24, 0x638B	; 0x80638b <EP_MEM+0x5>
    4d96:	8f 93       	push	r24
    4d98:	80 91 8a 63 	lds	r24, 0x638A	; 0x80638a <EP_MEM+0x4>
    4d9c:	8f 93       	push	r24
    4d9e:	80 91 89 63 	lds	r24, 0x6389	; 0x806389 <EP_MEM+0x3>
    4da2:	8f 93       	push	r24
    4da4:	80 91 88 63 	lds	r24, 0x6388	; 0x806388 <EP_MEM+0x2>
    4da8:	8f 93       	push	r24
    4daa:	8f e5       	ldi	r24, 0x5F	; 95
    4dac:	94 e0       	ldi	r25, 0x04	; 4
    4dae:	9f 93       	push	r25
    4db0:	8f 93       	push	r24
    4db2:	1f 93       	push	r17
    4db4:	0f 93       	push	r16
    4db6:	0e 94 3e 0e 	call	0x1c7c	; 0x1c7c <Print::printf(PGM_t const*, ...) [clone .constprop.16]>
/Users/askn/Develop/UPDI4AVR-USB/src/usb.cpp:521
      if (0 == (uint8_t)EP_MEM.req_data.wValue) {
    4dba:	cd bf       	out	0x3d, r28	; 61
    4dbc:	de bf       	out	0x3e, r29	; 62
    4dbe:	80 91 88 63 	lds	r24, 0x6388	; 0x806388 <EP_MEM+0x2>
    4dc2:	81 11       	cpse	r24, r1
    4dc4:	10 c0       	rjmp	.+32     	; 0x4de6 <main+0x456>
/Users/askn/Develop/UPDI4AVR-USB/src/usb.cpp:524
        /* Expects an endpoint number to be passed in. Swaps the high and low */
        /* nibbles to make it a representation of the USB controller. */
        uint8_t _EP = USB_EP_ID_SWAP(EP_MEM.req_data.wIndex);
    4dc6:	e0 91 8a 63 	lds	r30, 0x638A	; 0x80638a <EP_MEM+0x4>
    4dca:	e2 95       	swap	r30
/Users/askn/Develop/UPDI4AVR-USB/src/usb.cpp:525
        loop_until_bit_is_clear(USB0_INTFLAGSB, USB_RMWBUSY_bp);
    4dcc:	80 91 0b 0c 	lds	r24, 0x0C0B	; 0x800c0b <__TEXT_REGION_LENGTH__+0x7f0c0b>
    4dd0:	82 fd       	sbrc	r24, 2
    4dd2:	fc cf       	rjmp	.-8      	; 0x4dcc <main+0x43c>
/Users/askn/Develop/UPDI4AVR-USB/src/usb.cpp:526
        USB_EP_STATUS_CLR(_EP) = USB_STALLED_bm | USB_BUSNAK_bm | USB_TOGGLE_bm;
    4dd4:	f0 e0       	ldi	r31, 0x00	; 0
    4dd6:	f5 95       	asr	r31
    4dd8:	e7 95       	ror	r30
    4dda:	f5 95       	asr	r31
    4ddc:	e7 95       	ror	r30
    4dde:	e0 5c       	subi	r30, 0xC0	; 192
    4de0:	f3 4f       	sbci	r31, 0xF3	; 243
    4de2:	8b e0       	ldi	r24, 0x0B	; 11
    4de4:	80 83       	st	Z, r24
request_class():
/Users/askn/Develop/UPDI4AVR-USB/src/usb.cpp:631
      /* Nothing else is used unless programmed by the application. */
      D1PRINTF(" SB=%04X\r\n", EP_MEM.req_data.wValue);
      _send_break = EP_MEM.req_data.wValue;
      if (_send_break) break_on();
      else break_off();
      EP_RES.CNT = 0;
    4de6:	10 92 b8 64 	sts	0x64B8, r1	; 0x8064b8 <EP_TABLE+0x12>
    4dea:	10 92 b9 64 	sts	0x64B9, r1	; 0x8064b9 <EP_TABLE+0x13>
    4dee:	ca cf       	rjmp	.-108    	; 0x4d84 <main+0x3f4>
request_standard():
/Users/askn/Develop/UPDI4AVR-USB/src/usb.cpp:530
        loop_until_bit_is_clear(USB0_INTFLAGSB, USB_RMWBUSY_bp);
        USB_EP_STATUS_CLR(_EP) = USB_STALLED_bm | USB_BUSNAK_bm | USB_TOGGLE_bm;
      }
      EP_RES.CNT = 0;
    }
    else if (bRequest == 0x04) {  /* SET_FEATURE */
    4df0:	84 30       	cpi	r24, 0x04	; 4
    4df2:	d9 f4       	brne	.+54     	; 0x4e2a <main+0x49a>
/Users/askn/Develop/UPDI4AVR-USB/src/usb.cpp:532
      /* If used, it will be ignored. */
      D1PRINTF(" SF=%02X:%02X\r\n", EP_MEM.req_data.wValue, EP_MEM.req_data.wIndex);
    4df4:	80 91 8b 63 	lds	r24, 0x638B	; 0x80638b <EP_MEM+0x5>
    4df8:	8f 93       	push	r24
    4dfa:	80 91 8a 63 	lds	r24, 0x638A	; 0x80638a <EP_MEM+0x4>
    4dfe:	8f 93       	push	r24
    4e00:	80 91 89 63 	lds	r24, 0x6389	; 0x806389 <EP_MEM+0x3>
    4e04:	8f 93       	push	r24
    4e06:	80 91 88 63 	lds	r24, 0x6388	; 0x806388 <EP_MEM+0x2>
    4e0a:	8f 93       	push	r24
    4e0c:	8f e4       	ldi	r24, 0x4F	; 79
    4e0e:	94 e0       	ldi	r25, 0x04	; 4
    4e10:	9f 93       	push	r25
    4e12:	8f 93       	push	r24
    4e14:	1f 93       	push	r17
    4e16:	0f 93       	push	r16
    4e18:	0e 94 3e 0e 	call	0x1c7c	; 0x1c7c <Print::printf(PGM_t const*, ...) [clone .constprop.16]>
/Users/askn/Develop/UPDI4AVR-USB/src/usb.cpp:533
      EP_RES.CNT = 0;
    4e1c:	10 92 b8 64 	sts	0x64B8, r1	; 0x8064b8 <EP_TABLE+0x12>
    4e20:	10 92 b9 64 	sts	0x64B9, r1	; 0x8064b9 <EP_TABLE+0x13>
    4e24:	cd bf       	out	0x3d, r28	; 61
    4e26:	de bf       	out	0x3e, r29	; 62
    4e28:	ad cf       	rjmp	.-166    	; 0x4d84 <main+0x3f4>
/Users/askn/Develop/UPDI4AVR-USB/src/usb.cpp:535
    }
    else if (bRequest == 0x05) {  /* SET_ADDRESS */
    4e2a:	85 30       	cpi	r24, 0x05	; 5
    4e2c:	e1 f4       	brne	.+56     	; 0x4e66 <main+0x4d6>
/Users/askn/Develop/UPDI4AVR-USB/src/usb.cpp:536
      uint8_t _addr = EP_MEM.req_data.wValue & 0x7F;
    4e2e:	80 91 88 63 	lds	r24, 0x6388	; 0x806388 <EP_MEM+0x2>
    4e32:	f8 2e       	mov	r15, r24
    4e34:	e8 94       	clt
    4e36:	f7 f8       	bld	r15, 7
/Users/askn/Develop/UPDI4AVR-USB/src/usb.cpp:537
      ep_res_listen();
    4e38:	0e 94 a7 07 	call	0xf4e	; 0xf4e <USB::ep_res_listen()>
ep_res_pending():
/Users/askn/Develop/UPDI4AVR-USB/src/usb.cpp:271
  // MARK: Endpoint

  bool is_ep_setup (void) { return bit_is_set(EP_REQ.STATUS, USB_EPSETUP_bp); }
  bool is_not_dap (void) { return bit_is_clear(EP_DPO.STATUS, USB_BUSNAK_bp); }
  void ep_req_pending (void) { loop_until_bit_is_set(EP_REQ.STATUS, USB_BUSNAK_bp); }
  void ep_res_pending (void) { loop_until_bit_is_set(EP_RES.STATUS, USB_BUSNAK_bp); }
    4e3c:	80 91 b6 64 	lds	r24, 0x64B6	; 0x8064b6 <EP_TABLE+0x10>
    4e40:	81 ff       	sbrs	r24, 1
    4e42:	fc cf       	rjmp	.-8      	; 0x4e3c <main+0x4ac>
request_standard():
/Users/askn/Develop/UPDI4AVR-USB/src/usb.cpp:539
    }
    else if (bRequest == 0x05) {  /* SET_ADDRESS */
      uint8_t _addr = EP_MEM.req_data.wValue & 0x7F;
      ep_res_listen();
      ep_res_pending();
      USB0_ADDR = _addr;
    4e44:	f0 92 03 0c 	sts	0x0C03, r15	; 0x800c03 <__TEXT_REGION_LENGTH__+0x7f0c03>
/Users/askn/Develop/UPDI4AVR-USB/src/usb.cpp:540
      D1PRINTF(" USB0_ADDR=%d\r\n", _addr);
    4e48:	1f 92       	push	r1
    4e4a:	ff 92       	push	r15
    4e4c:	8f e3       	ldi	r24, 0x3F	; 63
    4e4e:	94 e0       	ldi	r25, 0x04	; 4
    4e50:	9f 93       	push	r25
/Users/askn/Develop/UPDI4AVR-USB/src/usb.cpp:570
      EP_MEM.res_data[0] = 0;
      EP_RES.CNT = 1;
    }
    else if (bRequest == 0x0B) {  /* SET_INTREFACE */
      /* It seems not to be used. */
      D1PRINTF("<GI:%02X>\r\n", EP_MEM.req_data.wValue);
    4e52:	8f 93       	push	r24
    4e54:	1f 93       	push	r17
    4e56:	0f 93       	push	r16
    4e58:	0e 94 3e 0e 	call	0x1c7c	; 0x1c7c <Print::printf(PGM_t const*, ...) [clone .constprop.16]>
/Users/askn/Develop/UPDI4AVR-USB/src/usb.cpp:571
      EP_RES.CNT = 0;
    4e5c:	10 92 b8 64 	sts	0x64B8, r1	; 0x8064b8 <EP_TABLE+0x12>
    4e60:	10 92 b9 64 	sts	0x64B9, r1	; 0x8064b9 <EP_TABLE+0x13>
    4e64:	b3 c1       	rjmp	.+870    	; 0x51cc <main+0x83c>
/Users/askn/Develop/UPDI4AVR-USB/src/usb.cpp:543
      ep_res_pending();
      USB0_ADDR = _addr;
      D1PRINTF(" USB0_ADDR=%d\r\n", _addr);
      EP_RES.CNT = 0;
    }
    else if (bRequest == 0x06) {  /* GET_DESCRIPTOR */
    4e66:	86 30       	cpi	r24, 0x06	; 6
    4e68:	09 f0       	breq	.+2      	; 0x4e6c <main+0x4dc>
    4e6a:	9c c1       	rjmp	.+824    	; 0x51a4 <main+0x814>
/Users/askn/Develop/UPDI4AVR-USB/src/usb.cpp:544
      size_t _length = EP_MEM.req_data.wLength;
    4e6c:	70 90 8c 63 	lds	r7, 0x638C	; 0x80638c <EP_MEM+0x6>
    4e70:	c0 90 8d 63 	lds	r12, 0x638D	; 0x80638d <EP_MEM+0x7>
/Users/askn/Develop/UPDI4AVR-USB/src/usb.cpp:545
      size_t _size = get_descriptor((uint8_t*)&EP_MEM.res_data, EP_MEM.req_data.wValue);
    4e74:	80 91 88 63 	lds	r24, 0x6388	; 0x806388 <EP_MEM+0x2>
    4e78:	90 91 89 63 	lds	r25, 0x6389	; 0x806389 <EP_MEM+0x3>
get_descriptor():
/Users/askn/Develop/UPDI4AVR-USB/src/usb.cpp:156

  size_t get_descriptor (uint8_t* _buffer, uint16_t _index) {
    uint8_t* _pgmem = 0;
    size_t   _size = 0;
    uint8_t  _type = _index >> 8;
    if (_type == 0x01) {          /* DEVICE */
    4e7c:	91 30       	cpi	r25, 0x01	; 1
    4e7e:	09 f0       	breq	.+2      	; 0x4e82 <main+0x4f2>
    4e80:	ac c0       	rjmp	.+344    	; 0x4fda <main+0x64a>
/Users/askn/Develop/UPDI4AVR-USB/src/usb.cpp:159
      _pgmem = (uint8_t*)&device_descriptor;
      _size = sizeof(device_descriptor);
      memcpy_P(_buffer, _pgmem, _size);
    4e82:	42 e1       	ldi	r20, 0x12	; 18
    4e84:	50 e0       	ldi	r21, 0x00	; 0
    4e86:	60 e0       	ldi	r22, 0x00	; 0
    4e88:	74 e0       	ldi	r23, 0x04	; 4
    4e8a:	8e e8       	ldi	r24, 0x8E	; 142
    4e8c:	93 e6       	ldi	r25, 0x63	; 99
    4e8e:	0e 94 7e 32 	call	0x64fc	; 0x64fc <memcpy_P>
/Users/askn/Develop/UPDI4AVR-USB/src/usb.cpp:160
      uint32_t _vidpid = *((uint32_t*)EEPROM_START);
    4e92:	80 91 00 14 	lds	r24, 0x1400	; 0x801400 <__TEXT_REGION_LENGTH__+0x7f1400>
    4e96:	90 91 01 14 	lds	r25, 0x1401	; 0x801401 <__TEXT_REGION_LENGTH__+0x7f1401>
    4e9a:	a0 91 02 14 	lds	r26, 0x1402	; 0x801402 <__TEXT_REGION_LENGTH__+0x7f1402>
    4e9e:	b0 91 03 14 	lds	r27, 0x1403	; 0x801403 <__TEXT_REGION_LENGTH__+0x7f1403>
/Users/askn/Develop/UPDI4AVR-USB/src/usb.cpp:161
      if (_vidpid + 1) _CAPS32(_buffer[8])->dword = _vidpid;
    4ea2:	8f 3f       	cpi	r24, 0xFF	; 255
    4ea4:	ff ef       	ldi	r31, 0xFF	; 255
    4ea6:	9f 07       	cpc	r25, r31
    4ea8:	af 07       	cpc	r26, r31
    4eaa:	bf 07       	cpc	r27, r31
    4eac:	41 f0       	breq	.+16     	; 0x4ebe <main+0x52e>
    4eae:	80 93 96 63 	sts	0x6396, r24	; 0x806396 <EP_MEM+0x10>
    4eb2:	90 93 97 63 	sts	0x6397, r25	; 0x806397 <EP_MEM+0x11>
    4eb6:	a0 93 98 63 	sts	0x6398, r26	; 0x806398 <EP_MEM+0x12>
    4eba:	b0 93 99 63 	sts	0x6399, r27	; 0x806399 <EP_MEM+0x13>
/Users/askn/Develop/UPDI4AVR-USB/src/usb.cpp:162
      D1PRINTF(" VID:PID=%04X:%04X\r\n", _CAPS16(_buffer[8])->word, _CAPS16(_buffer[10])->word);
    4ebe:	80 91 99 63 	lds	r24, 0x6399	; 0x806399 <EP_MEM+0x13>
    4ec2:	8f 93       	push	r24
    4ec4:	80 91 98 63 	lds	r24, 0x6398	; 0x806398 <EP_MEM+0x12>
    4ec8:	8f 93       	push	r24
    4eca:	80 91 97 63 	lds	r24, 0x6397	; 0x806397 <EP_MEM+0x11>
    4ece:	8f 93       	push	r24
    4ed0:	80 91 96 63 	lds	r24, 0x6396	; 0x806396 <EP_MEM+0x10>
    4ed4:	8f 93       	push	r24
    4ed6:	8b ee       	ldi	r24, 0xEB	; 235
    4ed8:	93 e0       	ldi	r25, 0x03	; 3
    4eda:	9f 93       	push	r25
    4edc:	8f 93       	push	r24
    4ede:	1f 93       	push	r17
    4ee0:	0f 93       	push	r16
    4ee2:	0e 94 3e 0e 	call	0x1c7c	; 0x1c7c <Print::printf(PGM_t const*, ...) [clone .constprop.16]>
    4ee6:	cd bf       	out	0x3d, r28	; 61
    4ee8:	de bf       	out	0x3e, r29	; 62
main():
/Users/askn/Develop/UPDI4AVR-USB/src/usb.cpp:163
      return _size;
    4eea:	72 e1       	ldi	r23, 0x12	; 18
    4eec:	e7 2e       	mov	r14, r23
    4eee:	f1 2c       	mov	r15, r1
    4ef0:	87 2d       	mov	r24, r7
    4ef2:	9c 2d       	mov	r25, r12
    4ef4:	e8 16       	cp	r14, r24
    4ef6:	f9 06       	cpc	r15, r25
    4ef8:	08 f4       	brcc	.+2      	; 0x4efc <main+0x56c>
    4efa:	c7 01       	movw	r24, r14
/Users/askn/Develop/UPDI4AVR-USB/src/usb.cpp:187
      _size = 4;
      *_buffer++ = 4;
      *_buffer++ = 3;
      *_buffer++ = 0x09;
      *_buffer++ = 0x04;
      return _size;
    4efc:	97 01       	movw	r18, r14
    4efe:	7c 01       	movw	r14, r24
request_standard():
/Users/askn/Develop/UPDI4AVR-USB/src/usb.cpp:546
      EP_RES.CNT = 0;
    }
    else if (bRequest == 0x06) {  /* GET_DESCRIPTOR */
      size_t _length = EP_MEM.req_data.wLength;
      size_t _size = get_descriptor((uint8_t*)&EP_MEM.res_data, EP_MEM.req_data.wValue);
      EP_RES.CNT = (_size > _length) ? _length : _size;
    4f00:	e0 92 b8 64 	sts	0x64B8, r14	; 0x8064b8 <EP_TABLE+0x12>
    4f04:	f0 92 b9 64 	sts	0x64B9, r15	; 0x8064b9 <EP_TABLE+0x13>
handling_control_transactions():
/Users/askn/Develop/UPDI4AVR-USB/src/usb.cpp:663
  #ifdef _Not_being_used_STUB_
    else if (bmRequestType == (2 << 5)) {
      _listen = request_vendor();
    }
  #endif
    if (_listen) {
    4f08:	23 2b       	or	r18, r19
    4f0a:	09 f0       	breq	.+2      	; 0x4f0e <main+0x57e>
    4f0c:	3b cf       	rjmp	.-394    	; 0x4d84 <main+0x3f4>
/Users/askn/Develop/UPDI4AVR-USB/src/usb.cpp:667
      ep_res_listen();
      ep_req_listen();
    }
    USB0_INTFLAGSB |= USB_EPSETUP_bp;
    4f0e:	80 91 0b 0c 	lds	r24, 0x0C0B	; 0x800c0b <__TEXT_REGION_LENGTH__+0x7f0c0b>
    4f12:	84 60       	ori	r24, 0x04	; 4
    4f14:	80 93 0b 0c 	sts	0x0C0B, r24	; 0x800c0b <__TEXT_REGION_LENGTH__+0x7f0c0b>
main():
/Users/askn/Develop/UPDI4AVR-USB/src/main.cpp:140

    /* If SW0 was used, work here. */
    if ((PGCONF & (PGCONF_PGIA_bm | PGCONF_PROG_bm)) == 0) {
    4f18:	8f b3       	in	r24, 0x1f	; 31
    4f1a:	83 70       	andi	r24, 0x03	; 3
    4f1c:	21 f5       	brne	.+72     	; 0x4f66 <main+0x5d6>
/Users/askn/Develop/UPDI4AVR-USB/src/main.cpp:141
      if      (bit_is_set(GPCONF, GPCONF_HLD_bp)) SYS::reset_leave();
    4f1e:	f6 9b       	sbis	0x1e, 6	; 30
    4f20:	78 c2       	rjmp	.+1264   	; 0x5412 <main+0xa82>
reset_leave():
/Users/askn/Develop/UPDI4AVR-USB/src/sys.cpp:364
   * If the VCP is operating, it will return to normal operation,
   * but if the USB is stopped, it will reboot at the end.
   */
  void reset_leave (void) {
    /* bit_is_set(GPCONF, GPCONF_HLD_bp) */
    if (digitalReadMacro(PIN_SYS_SW0)) {
    4f22:	b6 9b       	sbis	0x16, 6	; 22
    4f24:	20 c0       	rjmp	.+64     	; 0x4f66 <main+0x5d6>
/Users/askn/Develop/UPDI4AVR-USB/src/sys.cpp:365
      pinLogicOpen(PIN_PGM_TRST);
    4f26:	01 98       	cbi	0x00, 1	; 0
/Users/askn/Develop/UPDI4AVR-USB/src/sys.cpp:366
      send_bitmap(_updi_bitmap_leave, sizeof(_updi_bitmap_leave) * 8);
    4f28:	8e e2       	ldi	r24, 0x2E	; 46
    4f2a:	90 e6       	ldi	r25, 0x60	; 96
    4f2c:	0e 94 e5 06 	call	0xdca	; 0xdca <SYS::send_bitmap(unsigned char const*, unsigned int) [clone .constprop.11]>
/Users/askn/Develop/UPDI4AVR-USB/src/sys.cpp:371
      // pinLogicOpen(PIN_PGM_TCLK);  /* for logic analyzer */

  #ifdef CONFIG_VCP_DTR_RESET
      /* A delay of 64ms or more between when the bootloader starts and when RxD opens. */
      Timeout::delay_rtc_millis(125);
    4f30:	8d e7       	ldi	r24, 0x7D	; 125
    4f32:	90 e0       	ldi	r25, 0x00	; 0
    4f34:	0e 94 fa 1e 	call	0x3df4	; 0x3df4 <Timeout::delay_rtc_millis(unsigned int)>
/Users/askn/Develop/UPDI4AVR-USB/src/sys.cpp:374
  #endif

      EVSYS_CHANNEL4 = _ch_save;
    4f38:	80 91 e5 60 	lds	r24, 0x60E5	; 0x8060e5 <SYS::_ch_save>
    4f3c:	80 93 14 02 	sts	0x0214, r24	; 0x800214 <__TEXT_REGION_LENGTH__+0x7f0214>
/Users/askn/Develop/UPDI4AVR-USB/src/sys.cpp:375
      if (bit_is_set(GPCONF, GPCONF_USB_bp)) {
    4f40:	f0 9b       	sbis	0x1e, 0	; 30
    4f42:	64 c2       	rjmp	.+1224   	; 0x540c <main+0xa7c>
/Users/askn/Develop/UPDI4AVR-USB/src/sys.cpp:376
        LED_HeartBeat();  /* The USB is ready. */
    4f44:	0e 94 fc 0e 	call	0x1df8	; 0x1df8 <SYS::LED_HeartBeat()>
/Users/askn/Develop/UPDI4AVR-USB/src/sys.cpp:381
      }
      else {
        LED_Flash();
      }
      D1PRINTF("<RST:OUT>\r\n");
    4f48:	86 ec       	ldi	r24, 0xC6	; 198
    4f4a:	94 e0       	ldi	r25, 0x04	; 4
    4f4c:	9f 93       	push	r25
    4f4e:	8f 93       	push	r24
    4f50:	1f 93       	push	r17
    4f52:	0f 93       	push	r16
    4f54:	0e 94 3e 0e 	call	0x1c7c	; 0x1c7c <Print::printf(PGM_t const*, ...) [clone .constprop.16]>
/Users/askn/Develop/UPDI4AVR-USB/src/sys.cpp:383

      GPCONF &= ~GPCONF_SW0_gm;
    4f58:	8e b3       	in	r24, 0x1e	; 30
    4f5a:	8f 73       	andi	r24, 0x3F	; 63
    4f5c:	8e bb       	out	0x1e, r24	; 30
    4f5e:	0f 90       	pop	r0
    4f60:	0f 90       	pop	r0
    4f62:	0f 90       	pop	r0
    4f64:	0f 90       	pop	r0
main():
/Users/askn/Develop/UPDI4AVR-USB/src/main.cpp:146
      else if (bit_is_set(GPCONF, GPCONF_FAL_bp)) SYS::reset_enter();
    }

    /* If the USB port is not open, go back to the loop beginning. */
    if (bit_is_clear(GPCONF, GPCONF_USB_bp)) {
    4f66:	f0 9b       	sbis	0x1e, 0	; 30
    4f68:	60 ce       	rjmp	.-832    	; 0x4c2a <main+0x29a>
/Users/askn/Develop/UPDI4AVR-USB/src/main.cpp:158
    /* character arrives every 400 clocks on a 20MHz reference. */
    /* So we avoid using interrupts here and use polling to gain speed. */
  #if defined(CONFIG_VCP_9BIT_SUPPORT)
    if (bit_is_set(GPCONF, GPCONF_VCP_bp)) usart_transmitter();
  #else
    if (bit_is_set(GPCONF, GPCONF_VCP_bp)) USB::vcp_transceiver();
    4f6a:	f1 9b       	sbis	0x1e, 1	; 30
    4f6c:	99 c2       	rjmp	.+1330   	; 0x54a0 <main+0xb10>
vcp_transceiver():
/Users/askn/Develop/UPDI4AVR-USB/src/usb.cpp:487
    if (bit_is_clear(GPCONF, GPCONF_BRK_bp)
  #if defined(CONFIG_VCP_CTS_ENABLE)
     && !digitalReadMacro(PIN_VCP_CTS)
  #endif
     && bit_is_set(USART0_STATUS, USART_DREIF_bp)
     && read_available()) {
    4f6e:	f3 99       	sbic	0x1e, 3	; 30
    4f70:	14 c0       	rjmp	.+40     	; 0x4f9a <main+0x60a>
/Users/askn/Develop/UPDI4AVR-USB/src/usb.cpp:486
  void vcp_transceiver (void) {
    if (bit_is_clear(GPCONF, GPCONF_BRK_bp)
  #if defined(CONFIG_VCP_CTS_ENABLE)
     && !digitalReadMacro(PIN_VCP_CTS)
  #endif
     && bit_is_set(USART0_STATUS, USART_DREIF_bp)
    4f72:	80 91 04 08 	lds	r24, 0x0804	; 0x800804 <__TEXT_REGION_LENGTH__+0x7f0804>
    4f76:	85 ff       	sbrs	r24, 5
    4f78:	10 c0       	rjmp	.+32     	; 0x4f9a <main+0x60a>
read_available():
/Users/askn/Develop/UPDI4AVR-USB/src/usb.cpp:443
    return _c;
  }

  bool read_available (void) {
    uint8_t _s = 0;
    if (bit_is_set(EP_CDO.STATUS, USB_BUSNAK_bp) && bit_is_set(GPCONF, GPCONF_VCP_bp)) {
    4f7a:	80 91 de 64 	lds	r24, 0x64DE	; 0x8064de <EP_TABLE+0x38>
    4f7e:	81 ff       	sbrs	r24, 1
    4f80:	0c c0       	rjmp	.+24     	; 0x4f9a <main+0x60a>
    4f82:	f1 9b       	sbis	0x1e, 1	; 30
    4f84:	0a c0       	rjmp	.+20     	; 0x4f9a <main+0x60a>
/Users/askn/Develop/UPDI4AVR-USB/src/usb.cpp:444
      _s = EP_CDO.CNT - _recv_count;
    4f86:	20 91 e0 64 	lds	r18, 0x64E0	; 0x8064e0 <EP_TABLE+0x3a>
    4f8a:	30 91 e1 64 	lds	r19, 0x64E1	; 0x8064e1 <EP_TABLE+0x3b>
    4f8e:	80 91 a1 64 	lds	r24, 0x64A1	; 0x8064a1 <_recv_count>
/Users/askn/Develop/UPDI4AVR-USB/src/usb.cpp:445
      if (_s == 0) ep_cdo_listen();
    4f92:	82 13       	cpse	r24, r18
    4f94:	66 c2       	rjmp	.+1228   	; 0x5462 <main+0xad2>
    4f96:	0e 94 41 07 	call	0xe82	; 0xe82 <USB::ep_cdo_listen()>
main():
/Users/askn/Develop/UPDI4AVR-USB/src/main.cpp:163
  #endif
    else USB::read_drop();

    /*** If the break value is between 1 and 65534, it will count down. ***/
    if (bit_is_set(GPCONF, GPCONF_BRK_bp)) USB::cci_break_count();
    4f9a:	f3 9b       	sbis	0x1e, 3	; 30
    4f9c:	12 c0       	rjmp	.+36     	; 0x4fc2 <main+0x632>
cci_break_count():
/Users/askn/Develop/UPDI4AVR-USB/src/usb.cpp:382
    bit_clear(GPCONF, GPCONF_BRK_bp);
  }

  void cci_break_count (void) {
    /* If the break value is between 1 and 65534, it will count down. */
    if ((_send_break + 1) > 1) {
    4f9e:	80 91 a3 64 	lds	r24, 0x64A3	; 0x8064a3 <_send_break>
    4fa2:	90 91 a4 64 	lds	r25, 0x64A4	; 0x8064a4 <_send_break+0x1>
    4fa6:	9c 01       	movw	r18, r24
    4fa8:	2f 5f       	subi	r18, 0xFF	; 255
    4faa:	3f 4f       	sbci	r19, 0xFF	; 255
    4fac:	22 30       	cpi	r18, 0x02	; 2
    4fae:	31 05       	cpc	r19, r1
    4fb0:	40 f0       	brcs	.+16     	; 0x4fc2 <main+0x632>
/Users/askn/Develop/UPDI4AVR-USB/src/usb.cpp:383
      if (_send_break > USB_CCI_INTERVAL) {
    4fb2:	05 97       	sbiw	r24, 0x05	; 5
    4fb4:	08 f4       	brcc	.+2      	; 0x4fb8 <main+0x628>
    4fb6:	79 c2       	rjmp	.+1266   	; 0x54aa <main+0xb1a>
/Users/askn/Develop/UPDI4AVR-USB/src/usb.cpp:384
        if (bit_is_set(EP_CCI.STATUS, USB_BUSNAK_bp)) ep_cci_listen();
    4fb8:	80 91 d6 64 	lds	r24, 0x64D6	; 0x8064d6 <EP_TABLE+0x30>
    4fbc:	81 fd       	sbrc	r24, 1
    4fbe:	0e 94 86 07 	call	0xf0c	; 0xf0c <USB::ep_cci_listen()>
is_not_dap():
/Users/askn/Develop/UPDI4AVR-USB/src/usb.cpp:269
  }

  // MARK: Endpoint

  bool is_ep_setup (void) { return bit_is_set(EP_REQ.STATUS, USB_EPSETUP_bp); }
  bool is_not_dap (void) { return bit_is_clear(EP_DPO.STATUS, USB_BUSNAK_bp); }
    4fc2:	80 91 ce 64 	lds	r24, 0x64CE	; 0x8064ce <EP_TABLE+0x28>
main():
/Users/askn/Develop/UPDI4AVR-USB/src/main.cpp:166

    /*** If CMSIS-DAP is not received, return to the top. ***/
    if (USB::is_not_dap()) {
    4fc6:	81 fd       	sbrc	r24, 1
    4fc8:	77 c2       	rjmp	.+1262   	; 0x54b8 <main+0xb28>
/Users/askn/Develop/UPDI4AVR-USB/src/main.cpp:168
      /* To force exit from a non-responsive terminal mode, press SW0. */
      if (bit_is_set(PGCONF, PGCONF_PROG_bp)) {
    4fca:	f9 9b       	sbis	0x1f, 1	; 31
    4fcc:	2e ce       	rjmp	.-932    	; 0x4c2a <main+0x29a>
/Users/askn/Develop/UPDI4AVR-USB/src/main.cpp:169
        if (bit_is_set(GPCONF, GPCONF_FAL_bp)) _wdt = false;
    4fce:	f7 99       	sbic	0x1e, 7	; 30
    4fd0:	d1 2c       	mov	r13, r1
/Users/askn/Develop/UPDI4AVR-USB/src/main.cpp:170
        GPCONF &= ~GPCONF_SW0_gm;
    4fd2:	8e b3       	in	r24, 0x1e	; 30
    4fd4:	8f 73       	andi	r24, 0x3F	; 63
    4fd6:	8e bb       	out	0x1e, r24	; 30
    4fd8:	28 ce       	rjmp	.-944    	; 0x4c2a <main+0x29a>
get_descriptor():
/Users/askn/Develop/UPDI4AVR-USB/src/usb.cpp:165
      uint32_t _vidpid = *((uint32_t*)EEPROM_START);
      if (_vidpid + 1) _CAPS32(_buffer[8])->dword = _vidpid;
      D1PRINTF(" VID:PID=%04X:%04X\r\n", _CAPS16(_buffer[8])->word, _CAPS16(_buffer[10])->word);
      return _size;
    }
    else if (_type == 0x02) {     /* CONFIGURATION */
    4fda:	92 30       	cpi	r25, 0x02	; 2
    4fdc:	09 f4       	brne	.+2      	; 0x4fe0 <main+0x650>
    4fde:	c5 c0       	rjmp	.+394    	; 0x516a <main+0x7da>
/Users/askn/Develop/UPDI4AVR-USB/src/usb.cpp:169
      _pgmem = (uint8_t*)&current_descriptor;
      _size = sizeof(current_descriptor);
    }
    else if (_type == 0x06) {     /* QUALIFIER */
    4fe0:	96 30       	cpi	r25, 0x06	; 6
    4fe2:	09 f4       	brne	.+2      	; 0x4fe6 <main+0x656>
    4fe4:	cd c0       	rjmp	.+410    	; 0x5180 <main+0x7f0>
/Users/askn/Develop/UPDI4AVR-USB/src/usb.cpp:173
      _pgmem = (uint8_t*)&qualifier_descriptor;
      _size = sizeof(qualifier_descriptor);
    }
    else if (_type == 0x21) {     /* HID */
    4fe6:	91 32       	cpi	r25, 0x21	; 33
    4fe8:	09 f4       	brne	.+2      	; 0x4fec <main+0x65c>
    4fea:	d0 c0       	rjmp	.+416    	; 0x518c <main+0x7fc>
/Users/askn/Develop/UPDI4AVR-USB/src/usb.cpp:177
      _pgmem = (uint8_t*)&current_descriptor + 18;
      _size = 9;
    }
    else if (_type == 0x22) {     /* REPORT */
    4fec:	92 32       	cpi	r25, 0x22	; 34
    4fee:	09 f4       	brne	.+2      	; 0x4ff2 <main+0x662>
    4ff0:	d3 c0       	rjmp	.+422    	; 0x5198 <main+0x808>
/Users/askn/Develop/UPDI4AVR-USB/src/usb.cpp:181
      _pgmem = (uint8_t*)&report_descriptor;
      _size = sizeof(report_descriptor);
    }
    else if (_index == 0x0300) {  /* LANGUAGE */
    4ff2:	81 15       	cp	r24, r1
    4ff4:	33 e0       	ldi	r19, 0x03	; 3
    4ff6:	93 07       	cpc	r25, r19
    4ff8:	79 f4       	brne	.+30     	; 0x5018 <main+0x688>
/Users/askn/Develop/UPDI4AVR-USB/src/usb.cpp:183
      _size = 4;
      *_buffer++ = 4;
    4ffa:	84 e0       	ldi	r24, 0x04	; 4
    4ffc:	80 93 8e 63 	sts	0x638E, r24	; 0x80638e <EP_MEM+0x8>
/Users/askn/Develop/UPDI4AVR-USB/src/usb.cpp:184
      *_buffer++ = 3;
    5000:	93 e0       	ldi	r25, 0x03	; 3
    5002:	90 93 8f 63 	sts	0x638F, r25	; 0x80638f <EP_MEM+0x9>
/Users/askn/Develop/UPDI4AVR-USB/src/usb.cpp:185
      *_buffer++ = 0x09;
    5006:	99 e0       	ldi	r25, 0x09	; 9
    5008:	90 93 90 63 	sts	0x6390, r25	; 0x806390 <EP_MEM+0xa>
/Users/askn/Develop/UPDI4AVR-USB/src/usb.cpp:186
      *_buffer++ = 0x04;
    500c:	80 93 91 63 	sts	0x6391, r24	; 0x806391 <EP_MEM+0xb>
main():
/Users/askn/Develop/UPDI4AVR-USB/src/usb.cpp:187
      return _size;
    5010:	64 e0       	ldi	r22, 0x04	; 4
    5012:	e6 2e       	mov	r14, r22
    5014:	f1 2c       	mov	r15, r1
    5016:	6c cf       	rjmp	.-296    	; 0x4ef0 <main+0x560>
get_descriptor():
/Users/askn/Develop/UPDI4AVR-USB/src/usb.cpp:190
    }
    else {
      switch (_index) {
    5018:	82 30       	cpi	r24, 0x02	; 2
    501a:	43 e0       	ldi	r20, 0x03	; 3
    501c:	94 07       	cpc	r25, r20
    501e:	51 f1       	breq	.+84     	; 0x5074 <main+0x6e4>
    5020:	68 f4       	brcc	.+26     	; 0x503c <main+0x6ac>
main():
/Users/askn/Develop/UPDI4AVR-USB/src/usb.cpp:191
        case 0x0301: _pgmem = (uint8_t*)&vstring; _size = sizeof(vstring); break;
    5022:	74 e3       	ldi	r23, 0x34	; 52
    5024:	e7 2e       	mov	r14, r23
    5026:	f1 2c       	mov	r15, r1
    5028:	6f e1       	ldi	r22, 0x1F	; 31
    502a:	73 e0       	ldi	r23, 0x03	; 3
get_descriptor():
/Users/askn/Develop/UPDI4AVR-USB/src/usb.cpp:190
      *_buffer++ = 0x09;
      *_buffer++ = 0x04;
      return _size;
    }
    else {
      switch (_index) {
    502c:	81 30       	cpi	r24, 0x01	; 1
    502e:	93 40       	sbci	r25, 0x03	; 3
    5030:	81 f0       	breq	.+32     	; 0x5052 <main+0x6c2>
main():
/Users/askn/Develop/UPDI4AVR-USB/src/usb.cpp:154
    { /* FRAMENUM */ }
  };

  size_t get_descriptor (uint8_t* _buffer, uint16_t _index) {
    uint8_t* _pgmem = 0;
    size_t   _size = 0;
    5032:	f1 2c       	mov	r15, r1
    5034:	e1 2c       	mov	r14, r1
/Users/askn/Develop/UPDI4AVR-USB/src/usb.cpp:153
    },
    { /* FRAMENUM */ }
  };

  size_t get_descriptor (uint8_t* _buffer, uint16_t _index) {
    uint8_t* _pgmem = 0;
    5036:	70 e0       	ldi	r23, 0x00	; 0
    5038:	60 e0       	ldi	r22, 0x00	; 0
    503a:	0b c0       	rjmp	.+22     	; 0x5052 <main+0x6c2>
get_descriptor():
/Users/askn/Develop/UPDI4AVR-USB/src/usb.cpp:190
      *_buffer++ = 0x09;
      *_buffer++ = 0x04;
      return _size;
    }
    else {
      switch (_index) {
    503c:	83 30       	cpi	r24, 0x03	; 3
    503e:	98 07       	cpc	r25, r24
    5040:	f9 f0       	breq	.+62     	; 0x5080 <main+0x6f0>
main():
/Users/askn/Develop/UPDI4AVR-USB/src/usb.cpp:193
        case 0x0301: _pgmem = (uint8_t*)&vstring; _size = sizeof(vstring); break;
        case 0x0302: _pgmem = (uint8_t*)&mstring; _size = sizeof(mstring); break;
        case 0x0304: _pgmem = (uint8_t*)&istring; _size = sizeof(istring); break;
    5042:	48 e1       	ldi	r20, 0x18	; 24
    5044:	e4 2e       	mov	r14, r20
    5046:	f1 2c       	mov	r15, r1
    5048:	61 ec       	ldi	r22, 0xC1	; 193
    504a:	72 e0       	ldi	r23, 0x02	; 2
get_descriptor():
/Users/askn/Develop/UPDI4AVR-USB/src/usb.cpp:190
      *_buffer++ = 0x09;
      *_buffer++ = 0x04;
      return _size;
    }
    else {
      switch (_index) {
    504c:	84 30       	cpi	r24, 0x04	; 4
    504e:	93 40       	sbci	r25, 0x03	; 3
    5050:	81 f7       	brne	.-32     	; 0x5032 <main+0x6a2>
/Users/askn/Develop/UPDI4AVR-USB/src/usb.cpp:217
            *_buffer++ = btoh(_c     ); *_buffer++ = 0;
          }
          return 22;
        }
      }
      *_buffer++ = (uint8_t)_size;
    5052:	e0 92 8e 63 	sts	0x638E, r14	; 0x80638e <EP_MEM+0x8>
/Users/askn/Develop/UPDI4AVR-USB/src/usb.cpp:218
      *_buffer++ = 3;
    5056:	83 e0       	ldi	r24, 0x03	; 3
    5058:	80 93 8f 63 	sts	0x638F, r24	; 0x80638f <EP_MEM+0x9>
/Users/askn/Develop/UPDI4AVR-USB/src/usb.cpp:219
      if (_size) memcpy_P(_buffer, _pgmem, _size - 2);
    505c:	a7 01       	movw	r20, r14
    505e:	42 50       	subi	r20, 0x02	; 2
    5060:	51 09       	sbc	r21, r1
    5062:	80 e9       	ldi	r24, 0x90	; 144
    5064:	93 e6       	ldi	r25, 0x63	; 99
    5066:	e1 14       	cp	r14, r1
    5068:	f1 04       	cpc	r15, r1
    506a:	09 f0       	breq	.+2      	; 0x506e <main+0x6de>
    506c:	86 c0       	rjmp	.+268    	; 0x517a <main+0x7ea>
    506e:	30 e0       	ldi	r19, 0x00	; 0
    5070:	20 e0       	ldi	r18, 0x00	; 0
    5072:	46 cf       	rjmp	.-372    	; 0x4f00 <main+0x570>
main():
/Users/askn/Develop/UPDI4AVR-USB/src/usb.cpp:192
      return _size;
    }
    else {
      switch (_index) {
        case 0x0301: _pgmem = (uint8_t*)&vstring; _size = sizeof(vstring); break;
        case 0x0302: _pgmem = (uint8_t*)&mstring; _size = sizeof(mstring); break;
    5074:	56 e4       	ldi	r21, 0x46	; 70
    5076:	e5 2e       	mov	r14, r21
    5078:	f1 2c       	mov	r15, r1
    507a:	69 ed       	ldi	r22, 0xD9	; 217
    507c:	72 e0       	ldi	r23, 0x02	; 2
    507e:	e9 cf       	rjmp	.-46     	; 0x5052 <main+0x6c2>
get_descriptor():
/Users/askn/Develop/UPDI4AVR-USB/src/usb.cpp:203
           *
           * If the 4 bytes from offset 4 of the EEPROM are anything other
           * than 0xFFFF:FFFF, use them, otherwise generate a 32-bit random
           * serial number using CRC32 from the factory information.
           */
          uint32_t _sn = ((User_EEP_t*)EEPROM_START)->dwSerialNumber;
    5080:	40 91 04 14 	lds	r20, 0x1404	; 0x801404 <__TEXT_REGION_LENGTH__+0x7f1404>
    5084:	50 91 05 14 	lds	r21, 0x1405	; 0x801405 <__TEXT_REGION_LENGTH__+0x7f1405>
    5088:	60 91 06 14 	lds	r22, 0x1406	; 0x801406 <__TEXT_REGION_LENGTH__+0x7f1406>
    508c:	70 91 07 14 	lds	r23, 0x1407	; 0x801407 <__TEXT_REGION_LENGTH__+0x7f1407>
    5090:	49 83       	std	Y+1, r20	; 0x01
    5092:	5a 83       	std	Y+2, r21	; 0x02
    5094:	6b 83       	std	Y+3, r22	; 0x03
    5096:	7c 83       	std	Y+4, r23	; 0x04
/Users/askn/Develop/UPDI4AVR-USB/src/usb.cpp:204
          if (!(_sn + 1)) _sn = crc32((uint8_t*)SIGNATURES_START, 32);
    5098:	4f 3f       	cpi	r20, 0xFF	; 255
    509a:	8f ef       	ldi	r24, 0xFF	; 255
    509c:	58 07       	cpc	r21, r24
    509e:	68 07       	cpc	r22, r24
    50a0:	78 07       	cpc	r23, r24
    50a2:	71 f5       	brne	.+92     	; 0x5100 <main+0x770>
main():
/Users/askn/Library/Arduino15/packages/MultiX-Zinnia/hardware/modernAVR/0.4.10/cores/modernAVR/api/cpp/btools.cpp:214
  return _crc;
}

uint32_t crc32 (void* _data, size_t _len) {
  uint32_t _crc = ~0;
  uint8_t* _p = (uint8_t*)_data;
    50a4:	e0 e8       	ldi	r30, 0x80	; 128
    50a6:	f0 e1       	ldi	r31, 0x10	; 16
crc32():
/Users/askn/Library/Arduino15/packages/MultiX-Zinnia/hardware/modernAVR/0.4.10/cores/modernAVR/api/cpp/btools.cpp:215
  while (_len--) _crc = _crc32_update(_crc, *_p++);
    50a8:	7f 01       	movw	r14, r30
    50aa:	9f ef       	ldi	r25, 0xFF	; 255
    50ac:	e9 1a       	sub	r14, r25
    50ae:	f9 0a       	sbc	r15, r25
_crc32_update():
/Users/askn/Library/Arduino15/packages/MultiX-Zinnia/hardware/modernAVR/0.4.10/cores/modernAVR/api/cpp/btools.cpp:205
}

/* x32 + x26 + x23 + x22 + x16 + x12 + x11 + x10 + x8 + x7 + x5 + x4 + x2 + x + 1 */
/* (0xEDB88320 rev) init -1 */
uint32_t _crc32_update (uint32_t _crc, uint8_t _data) {
  _crc ^= _data;
    50b0:	20 81       	ld	r18, Z
    50b2:	42 27       	eor	r20, r18
    50b4:	28 e0       	ldi	r18, 0x08	; 8
/Users/askn/Library/Arduino15/packages/MultiX-Zinnia/hardware/modernAVR/0.4.10/cores/modernAVR/api/cpp/btools.cpp:207
  for (uint8_t j = 0; j < 8; j++) {
    _crc = (_crc >> 1) ^ (0xEDB88320UL & -(_crc & 1));
    50b6:	db 01       	movw	r26, r22
    50b8:	ca 01       	movw	r24, r20
    50ba:	b6 95       	lsr	r27
    50bc:	a7 95       	ror	r26
    50be:	97 95       	ror	r25
    50c0:	87 95       	ror	r24
    50c2:	41 70       	andi	r20, 0x01	; 1
    50c4:	55 27       	eor	r21, r21
    50c6:	66 27       	eor	r22, r22
    50c8:	77 27       	eor	r23, r23
    50ca:	70 95       	com	r23
    50cc:	60 95       	com	r22
    50ce:	50 95       	com	r21
    50d0:	41 95       	neg	r20
    50d2:	5f 4f       	sbci	r21, 0xFF	; 255
    50d4:	6f 4f       	sbci	r22, 0xFF	; 255
    50d6:	7f 4f       	sbci	r23, 0xFF	; 255
    50d8:	40 72       	andi	r20, 0x20	; 32
    50da:	53 78       	andi	r21, 0x83	; 131
    50dc:	68 7b       	andi	r22, 0xB8	; 184
    50de:	7d 7e       	andi	r23, 0xED	; 237
    50e0:	48 27       	eor	r20, r24
    50e2:	59 27       	eor	r21, r25
    50e4:	6a 27       	eor	r22, r26
    50e6:	7b 27       	eor	r23, r27
    50e8:	21 50       	subi	r18, 0x01	; 1
/Users/askn/Library/Arduino15/packages/MultiX-Zinnia/hardware/modernAVR/0.4.10/cores/modernAVR/api/cpp/btools.cpp:206

/* x32 + x26 + x23 + x22 + x16 + x12 + x11 + x10 + x8 + x7 + x5 + x4 + x2 + x + 1 */
/* (0xEDB88320 rev) init -1 */
uint32_t _crc32_update (uint32_t _crc, uint8_t _data) {
  _crc ^= _data;
  for (uint8_t j = 0; j < 8; j++) {
    50ea:	29 f7       	brne	.-54     	; 0x50b6 <main+0x726>
    50ec:	f7 01       	movw	r30, r14
crc32():
/Users/askn/Library/Arduino15/packages/MultiX-Zinnia/hardware/modernAVR/0.4.10/cores/modernAVR/api/cpp/btools.cpp:215
}

uint32_t crc32 (void* _data, size_t _len) {
  uint32_t _crc = ~0;
  uint8_t* _p = (uint8_t*)_data;
  while (_len--) _crc = _crc32_update(_crc, *_p++);
    50ee:	20 ea       	ldi	r18, 0xA0	; 160
    50f0:	e2 16       	cp	r14, r18
    50f2:	20 e1       	ldi	r18, 0x10	; 16
    50f4:	f2 06       	cpc	r15, r18
    50f6:	c1 f6       	brne	.-80     	; 0x50a8 <main+0x718>
get_descriptor():
/Users/askn/Develop/UPDI4AVR-USB/src/usb.cpp:204
    50f8:	49 83       	std	Y+1, r20	; 0x01
    50fa:	5a 83       	std	Y+2, r21	; 0x02
    50fc:	6b 83       	std	Y+3, r22	; 0x03
    50fe:	7c 83       	std	Y+4, r23	; 0x04
/Users/askn/Develop/UPDI4AVR-USB/src/usb.cpp:206
          uint8_t* _p = (uint8_t*)&_sn;
          *_buffer++ = 22;  *_buffer++ = 3;
    5100:	86 e1       	ldi	r24, 0x16	; 22
    5102:	80 93 8e 63 	sts	0x638E, r24	; 0x80638e <EP_MEM+0x8>
    5106:	83 e0       	ldi	r24, 0x03	; 3
    5108:	80 93 8f 63 	sts	0x638F, r24	; 0x80638f <EP_MEM+0x9>
/Users/askn/Develop/UPDI4AVR-USB/src/usb.cpp:207
          *_buffer++ = 'M'; *_buffer++ = 0;
    510c:	8d e4       	ldi	r24, 0x4D	; 77
    510e:	80 93 90 63 	sts	0x6390, r24	; 0x806390 <EP_MEM+0xa>
    5112:	10 92 91 63 	sts	0x6391, r1	; 0x806391 <EP_MEM+0xb>
/Users/askn/Develop/UPDI4AVR-USB/src/usb.cpp:208
          *_buffer++ = 'X'; *_buffer++ = 0;
    5116:	88 e5       	ldi	r24, 0x58	; 88
    5118:	80 93 92 63 	sts	0x6392, r24	; 0x806392 <EP_MEM+0xc>
    511c:	10 92 93 63 	sts	0x6393, r1	; 0x806393 <EP_MEM+0xd>
    5120:	e4 e9       	ldi	r30, 0x94	; 148
    5122:	f3 e6       	ldi	r31, 0x63	; 99
    5124:	de 01       	movw	r26, r28
    5126:	11 96       	adiw	r26, 0x01	; 1
/Users/askn/Develop/UPDI4AVR-USB/src/usb.cpp:210
          for (uint8_t _i = 0; _i < 4; _i++) {
            uint8_t _c = *_p++;
    5128:	8d 91       	ld	r24, X+
/Users/askn/Develop/UPDI4AVR-USB/src/usb.cpp:211
            *_buffer++ = btoh(_c >> 4); *_buffer++ = 0;
    512a:	28 2f       	mov	r18, r24
    512c:	30 e0       	ldi	r19, 0x00	; 0
    512e:	94 e0       	ldi	r25, 0x04	; 4
    5130:	35 95       	asr	r19
    5132:	27 95       	ror	r18
    5134:	9a 95       	dec	r25
    5136:	e1 f7       	brne	.-8      	; 0x5130 <main+0x7a0>
btoh():
/Users/askn/Library/Arduino15/packages/MultiX-Zinnia/hardware/modernAVR/0.4.10/cores/modernAVR/api/cpp/btools.cpp:69
    _p++; _r--;
  }
}

char btoh (uint8_t _x) {
  _x = (_x & 15) + '0';
    5138:	90 e3       	ldi	r25, 0x30	; 48
    513a:	92 0f       	add	r25, r18
/Users/askn/Library/Arduino15/packages/MultiX-Zinnia/hardware/modernAVR/0.4.10/cores/modernAVR/api/cpp/btools.cpp:70
  if (_x > '9') _x += 7;
    513c:	9a 33       	cpi	r25, 0x3A	; 58
    513e:	10 f0       	brcs	.+4      	; 0x5144 <main+0x7b4>
    5140:	97 e3       	ldi	r25, 0x37	; 55
    5142:	92 0f       	add	r25, r18
get_descriptor():
/Users/askn/Develop/UPDI4AVR-USB/src/usb.cpp:211
    5144:	90 83       	st	Z, r25
    5146:	11 82       	std	Z+1, r1	; 0x01
btoh():
/Users/askn/Library/Arduino15/packages/MultiX-Zinnia/hardware/modernAVR/0.4.10/cores/modernAVR/api/cpp/btools.cpp:69
    _p++; _r--;
  }
}

char btoh (uint8_t _x) {
  _x = (_x & 15) + '0';
    5148:	8f 70       	andi	r24, 0x0F	; 15
    514a:	90 e3       	ldi	r25, 0x30	; 48
    514c:	98 0f       	add	r25, r24
/Users/askn/Library/Arduino15/packages/MultiX-Zinnia/hardware/modernAVR/0.4.10/cores/modernAVR/api/cpp/btools.cpp:70
  if (_x > '9') _x += 7;
    514e:	9a 33       	cpi	r25, 0x3A	; 58
    5150:	10 f0       	brcs	.+4      	; 0x5156 <main+0x7c6>
    5152:	97 e3       	ldi	r25, 0x37	; 55
    5154:	98 0f       	add	r25, r24
get_descriptor():
/Users/askn/Develop/UPDI4AVR-USB/src/usb.cpp:212
            *_buffer++ = btoh(_c     ); *_buffer++ = 0;
    5156:	92 83       	std	Z+2, r25	; 0x02
    5158:	13 82       	std	Z+3, r1	; 0x03
    515a:	34 96       	adiw	r30, 0x04	; 4
/Users/askn/Develop/UPDI4AVR-USB/src/usb.cpp:209
          if (!(_sn + 1)) _sn = crc32((uint8_t*)SIGNATURES_START, 32);
          uint8_t* _p = (uint8_t*)&_sn;
          *_buffer++ = 22;  *_buffer++ = 3;
          *_buffer++ = 'M'; *_buffer++ = 0;
          *_buffer++ = 'X'; *_buffer++ = 0;
          for (uint8_t _i = 0; _i < 4; _i++) {
    515c:	2a 16       	cp	r2, r26
    515e:	3b 06       	cpc	r3, r27
    5160:	19 f7       	brne	.-58     	; 0x5128 <main+0x798>
main():
/Users/askn/Develop/UPDI4AVR-USB/src/usb.cpp:214
            uint8_t _c = *_p++;
            *_buffer++ = btoh(_c >> 4); *_buffer++ = 0;
            *_buffer++ = btoh(_c     ); *_buffer++ = 0;
          }
          return 22;
    5162:	e6 e1       	ldi	r30, 0x16	; 22
    5164:	ee 2e       	mov	r14, r30
    5166:	f1 2c       	mov	r15, r1
    5168:	c3 ce       	rjmp	.-634    	; 0x4ef0 <main+0x560>
/Users/askn/Develop/UPDI4AVR-USB/src/usb.cpp:167
      D1PRINTF(" VID:PID=%04X:%04X\r\n", _CAPS16(_buffer[8])->word, _CAPS16(_buffer[10])->word);
      return _size;
    }
    else if (_type == 0x02) {     /* CONFIGURATION */
      _pgmem = (uint8_t*)&current_descriptor;
      _size = sizeof(current_descriptor);
    516a:	6b e6       	ldi	r22, 0x6B	; 107
    516c:	e6 2e       	mov	r14, r22
    516e:	f1 2c       	mov	r15, r1
/Users/askn/Develop/UPDI4AVR-USB/src/usb.cpp:166
      if (_vidpid + 1) _CAPS32(_buffer[8])->dword = _vidpid;
      D1PRINTF(" VID:PID=%04X:%04X\r\n", _CAPS16(_buffer[8])->word, _CAPS16(_buffer[10])->word);
      return _size;
    }
    else if (_type == 0x02) {     /* CONFIGURATION */
      _pgmem = (uint8_t*)&current_descriptor;
    5170:	66 e7       	ldi	r22, 0x76	; 118
    5172:	73 e0       	ldi	r23, 0x03	; 3
get_descriptor():
/Users/askn/Develop/UPDI4AVR-USB/src/usb.cpp:222
      *_buffer++ = (uint8_t)_size;
      *_buffer++ = 3;
      if (_size) memcpy_P(_buffer, _pgmem, _size - 2);
      return _size;
    }
    if (_size) memcpy_P(_buffer, _pgmem, _size);
    5174:	a7 01       	movw	r20, r14
    5176:	8e e8       	ldi	r24, 0x8E	; 142
    5178:	93 e6       	ldi	r25, 0x63	; 99
    517a:	0e 94 7e 32 	call	0x64fc	; 0x64fc <memcpy_P>
    517e:	b8 ce       	rjmp	.-656    	; 0x4ef0 <main+0x560>
main():
/Users/askn/Develop/UPDI4AVR-USB/src/usb.cpp:171
      _pgmem = (uint8_t*)&current_descriptor;
      _size = sizeof(current_descriptor);
    }
    else if (_type == 0x06) {     /* QUALIFIER */
      _pgmem = (uint8_t*)&qualifier_descriptor;
      _size = sizeof(qualifier_descriptor);
    5180:	5a e0       	ldi	r21, 0x0A	; 10
    5182:	e5 2e       	mov	r14, r21
    5184:	f1 2c       	mov	r15, r1
/Users/askn/Develop/UPDI4AVR-USB/src/usb.cpp:170
    else if (_type == 0x02) {     /* CONFIGURATION */
      _pgmem = (uint8_t*)&current_descriptor;
      _size = sizeof(current_descriptor);
    }
    else if (_type == 0x06) {     /* QUALIFIER */
      _pgmem = (uint8_t*)&qualifier_descriptor;
    5186:	61 ee       	ldi	r22, 0xE1	; 225
    5188:	73 e0       	ldi	r23, 0x03	; 3
    518a:	f4 cf       	rjmp	.-24     	; 0x5174 <main+0x7e4>
/Users/askn/Develop/UPDI4AVR-USB/src/usb.cpp:175
      _size = sizeof(qualifier_descriptor);
    }
    else if (_type == 0x21) {     /* HID */
      _pgmem = (uint8_t*)&current_descriptor + 18;
      _size = 9;
    518c:	49 e0       	ldi	r20, 0x09	; 9
    518e:	e4 2e       	mov	r14, r20
    5190:	f1 2c       	mov	r15, r1
/Users/askn/Develop/UPDI4AVR-USB/src/usb.cpp:174
    else if (_type == 0x06) {     /* QUALIFIER */
      _pgmem = (uint8_t*)&qualifier_descriptor;
      _size = sizeof(qualifier_descriptor);
    }
    else if (_type == 0x21) {     /* HID */
      _pgmem = (uint8_t*)&current_descriptor + 18;
    5192:	68 e8       	ldi	r22, 0x88	; 136
    5194:	73 e0       	ldi	r23, 0x03	; 3
    5196:	ee cf       	rjmp	.-36     	; 0x5174 <main+0x7e4>
/Users/askn/Develop/UPDI4AVR-USB/src/usb.cpp:179
      _size = 9;
    }
    else if (_type == 0x22) {     /* REPORT */
      _pgmem = (uint8_t*)&report_descriptor;
      _size = sizeof(report_descriptor);
    5198:	33 e2       	ldi	r19, 0x23	; 35
    519a:	e3 2e       	mov	r14, r19
    519c:	f1 2c       	mov	r15, r1
/Users/askn/Develop/UPDI4AVR-USB/src/usb.cpp:178
    else if (_type == 0x21) {     /* HID */
      _pgmem = (uint8_t*)&current_descriptor + 18;
      _size = 9;
    }
    else if (_type == 0x22) {     /* REPORT */
      _pgmem = (uint8_t*)&report_descriptor;
    519e:	63 e5       	ldi	r22, 0x53	; 83
    51a0:	73 e0       	ldi	r23, 0x03	; 3
    51a2:	e8 cf       	rjmp	.-48     	; 0x5174 <main+0x7e4>
request_standard():
/Users/askn/Develop/UPDI4AVR-USB/src/usb.cpp:549
      size_t _length = EP_MEM.req_data.wLength;
      size_t _size = get_descriptor((uint8_t*)&EP_MEM.res_data, EP_MEM.req_data.wValue);
      EP_RES.CNT = (_size > _length) ? _length : _size;
      _listen = !!_size;
    }
    else if (bRequest == 0x08) {  /* GET_CONFIGURATION */
    51a4:	88 30       	cpi	r24, 0x08	; 8
    51a6:	c9 f4       	brne	.+50     	; 0x51da <main+0x84a>
/Users/askn/Develop/UPDI4AVR-USB/src/usb.cpp:550
      EP_MEM.res_data[0] = _set_config;
    51a8:	80 91 a0 64 	lds	r24, 0x64A0	; 0x8064a0 <_set_config>
    51ac:	80 93 8e 63 	sts	0x638E, r24	; 0x80638e <EP_MEM+0x8>
/Users/askn/Develop/UPDI4AVR-USB/src/usb.cpp:551
      D1PRINTF("<GC:%02X>\r\n", _set_config);
    51b0:	1f 92       	push	r1
    51b2:	8f 93       	push	r24
    51b4:	83 e3       	ldi	r24, 0x33	; 51
    51b6:	94 e0       	ldi	r25, 0x04	; 4
    51b8:	9f 93       	push	r25
    51ba:	8f 93       	push	r24
    51bc:	1f 93       	push	r17
    51be:	0f 93       	push	r16
    51c0:	0e 94 3e 0e 	call	0x1c7c	; 0x1c7c <Print::printf(PGM_t const*, ...) [clone .constprop.16]>
/Users/askn/Develop/UPDI4AVR-USB/src/usb.cpp:552
      EP_RES.CNT = 1;
    51c4:	40 92 b8 64 	sts	0x64B8, r4	; 0x8064b8 <EP_TABLE+0x12>
    51c8:	50 92 b9 64 	sts	0x64B9, r5	; 0x8064b9 <EP_TABLE+0x13>
    51cc:	0f 90       	pop	r0
    51ce:	0f 90       	pop	r0
    51d0:	0f 90       	pop	r0
    51d2:	0f 90       	pop	r0
    51d4:	0f 90       	pop	r0
    51d6:	0f 90       	pop	r0
    51d8:	d5 cd       	rjmp	.-1110   	; 0x4d84 <main+0x3f4>
/Users/askn/Develop/UPDI4AVR-USB/src/usb.cpp:554
    }
    else if (bRequest == 0x09) {  /* SET_CONFIGURATION */
    51da:	89 30       	cpi	r24, 0x09	; 9
    51dc:	79 f4       	brne	.+30     	; 0x51fc <main+0x86c>
/Users/askn/Develop/UPDI4AVR-USB/src/usb.cpp:556
      /* Once the USB connection is fully initiated, it will go through here. */
      _set_config = (uint8_t)EP_MEM.req_data.wValue;
    51de:	80 91 88 63 	lds	r24, 0x6388	; 0x806388 <EP_MEM+0x2>
    51e2:	80 93 a0 64 	sts	0x64A0, r24	; 0x8064a0 <_set_config>
/Users/askn/Develop/UPDI4AVR-USB/src/usb.cpp:557
      bit_set(GPCONF, GPCONF_USB_bp);
    51e6:	f0 9a       	sbi	0x1e, 0	; 30
/Users/askn/Develop/UPDI4AVR-USB/src/usb.cpp:558
      SYS::LED_HeartBeat();
    51e8:	0e 94 fc 0e 	call	0x1df8	; 0x1df8 <SYS::LED_HeartBeat()>
/Users/askn/Develop/UPDI4AVR-USB/src/usb.cpp:559
      D1PRINTF("<SC:%02X>\r\n", _set_config);
    51ec:	80 91 a0 64 	lds	r24, 0x64A0	; 0x8064a0 <_set_config>
    51f0:	1f 92       	push	r1
    51f2:	8f 93       	push	r24
    51f4:	87 e2       	ldi	r24, 0x27	; 39
    51f6:	94 e0       	ldi	r25, 0x04	; 4
/Users/askn/Develop/UPDI4AVR-USB/src/usb.cpp:570
      EP_MEM.res_data[0] = 0;
      EP_RES.CNT = 1;
    }
    else if (bRequest == 0x0B) {  /* SET_INTREFACE */
      /* It seems not to be used. */
      D1PRINTF("<GI:%02X>\r\n", EP_MEM.req_data.wValue);
    51f8:	9f 93       	push	r25
    51fa:	2b ce       	rjmp	.-938    	; 0x4e52 <main+0x4c2>
/Users/askn/Develop/UPDI4AVR-USB/src/usb.cpp:562
      bit_set(GPCONF, GPCONF_USB_bp);
      SYS::LED_HeartBeat();
      D1PRINTF("<SC:%02X>\r\n", _set_config);
      EP_RES.CNT = 0;
    }
    else if (bRequest == 0x0A) {  /* GET_INTREFACE */
    51fc:	8a 30       	cpi	r24, 0x0A	; 10
    51fe:	99 f4       	brne	.+38     	; 0x5226 <main+0x896>
/Users/askn/Develop/UPDI4AVR-USB/src/usb.cpp:564
      /* It seems not to be used. */
      D1PRINTF("<SI:0>\r\n");
    5200:	2e e1       	ldi	r18, 0x1E	; 30
    5202:	34 e0       	ldi	r19, 0x04	; 4
    5204:	3f 93       	push	r19
    5206:	2f 93       	push	r18
    5208:	1f 93       	push	r17
    520a:	0f 93       	push	r16
    520c:	0e 94 3e 0e 	call	0x1c7c	; 0x1c7c <Print::printf(PGM_t const*, ...) [clone .constprop.16]>
/Users/askn/Develop/UPDI4AVR-USB/src/usb.cpp:565
      EP_MEM.res_data[0] = 0;
    5210:	10 92 8e 63 	sts	0x638E, r1	; 0x80638e <EP_MEM+0x8>
/Users/askn/Develop/UPDI4AVR-USB/src/usb.cpp:566
      EP_RES.CNT = 1;
    5214:	40 92 b8 64 	sts	0x64B8, r4	; 0x8064b8 <EP_TABLE+0x12>
    5218:	50 92 b9 64 	sts	0x64B9, r5	; 0x8064b9 <EP_TABLE+0x13>
request_class():
/Users/askn/Develop/UPDI4AVR-USB/src/usb.cpp:616
        EP_MEM.res_encoding.dwDTERate = 9600UL;
        EP_MEM.res_encoding.bDataBits = 8;
      }
      D1PRINTF(" GLE=");
      D1PRINTHEX(&EP_MEM.res_encoding, sizeof(LineEncoding_t), ':');
      EP_RES.CNT = sizeof(LineEncoding_t);
    521c:	0f 90       	pop	r0
    521e:	0f 90       	pop	r0
    5220:	0f 90       	pop	r0
    5222:	0f 90       	pop	r0
    5224:	af cd       	rjmp	.-1186   	; 0x4d84 <main+0x3f4>
request_standard():
/Users/askn/Develop/UPDI4AVR-USB/src/usb.cpp:568
      /* It seems not to be used. */
      D1PRINTF("<SI:0>\r\n");
      EP_MEM.res_data[0] = 0;
      EP_RES.CNT = 1;
    }
    else if (bRequest == 0x0B) {  /* SET_INTREFACE */
    5226:	8b 30       	cpi	r24, 0x0B	; 11
    5228:	09 f0       	breq	.+2      	; 0x522c <main+0x89c>
    522a:	71 ce       	rjmp	.-798    	; 0x4f0e <main+0x57e>
/Users/askn/Develop/UPDI4AVR-USB/src/usb.cpp:570
      /* It seems not to be used. */
      D1PRINTF("<GI:%02X>\r\n", EP_MEM.req_data.wValue);
    522c:	80 91 89 63 	lds	r24, 0x6389	; 0x806389 <EP_MEM+0x3>
    5230:	8f 93       	push	r24
    5232:	80 91 88 63 	lds	r24, 0x6388	; 0x806388 <EP_MEM+0x2>
    5236:	8f 93       	push	r24
    5238:	82 e1       	ldi	r24, 0x12	; 18
    523a:	94 e0       	ldi	r25, 0x04	; 4
    523c:	dd cf       	rjmp	.-70     	; 0x51f8 <main+0x868>
handling_control_transactions():
/Users/askn/Develop/UPDI4AVR-USB/src/usb.cpp:655
    if (bit_is_clear(bmRequestType, 7)) ep_req_listen();
    bmRequestType &= (3 << 5);
    if (bmRequestType == (0 << 5)) {
      _listen = request_standard();
    }
    else if (bmRequestType == (1 << 5)) {
    523e:	80 32       	cpi	r24, 0x20	; 32
    5240:	09 f0       	breq	.+2      	; 0x5244 <main+0x8b4>
    5242:	65 ce       	rjmp	.-822    	; 0x4f0e <main+0x57e>
request_class():
/Users/askn/Develop/UPDI4AVR-USB/src/usb.cpp:582
  }

  /*** CDC-ACM request processing. ***/
  bool request_class (void) {
    bool _listen = true;
    uint8_t bRequest = EP_MEM.req_data.bRequest;
    5244:	80 91 87 63 	lds	r24, 0x6387	; 0x806387 <EP_MEM+0x1>
/Users/askn/Develop/UPDI4AVR-USB/src/usb.cpp:583
    if (bRequest == 0x0A) {       /* SET_IDLE */
    5248:	8a 30       	cpi	r24, 0x0A	; 10
    524a:	61 f4       	brne	.+24     	; 0x5264 <main+0x8d4>
/Users/askn/Develop/UPDI4AVR-USB/src/usb.cpp:586
      /* This is a HID Compliance Class Request. */
      /* It is called but not used. */
      D1PRINTF(" IDL=%02X\r\n", (uint8_t)EP_MEM.req_data.wValue);
    524c:	80 91 88 63 	lds	r24, 0x6388	; 0x806388 <EP_MEM+0x2>
    5250:	90 91 89 63 	lds	r25, 0x6389	; 0x806389 <EP_MEM+0x3>
    5254:	99 27       	eor	r25, r25
    5256:	9f 93       	push	r25
    5258:	8f 93       	push	r24
    525a:	22 e9       	ldi	r18, 0x92	; 146
    525c:	34 e0       	ldi	r19, 0x04	; 4
    525e:	3f 93       	push	r19
    5260:	2f 93       	push	r18
    5262:	f8 cd       	rjmp	.-1040   	; 0x4e54 <main+0x4c4>
/Users/askn/Develop/UPDI4AVR-USB/src/usb.cpp:589
      EP_RES.CNT = 0;
    }
    else if (bRequest == 0x20) {  /* SET_LINE_ENCODING */
    5264:	80 32       	cpi	r24, 0x20	; 32
    5266:	09 f0       	breq	.+2      	; 0x526a <main+0x8da>
    5268:	40 c0       	rjmp	.+128    	; 0x52ea <main+0x95a>
ep_req_pending():
/Users/askn/Develop/UPDI4AVR-USB/src/usb.cpp:270

  // MARK: Endpoint

  bool is_ep_setup (void) { return bit_is_set(EP_REQ.STATUS, USB_EPSETUP_bp); }
  bool is_not_dap (void) { return bit_is_clear(EP_DPO.STATUS, USB_BUSNAK_bp); }
  void ep_req_pending (void) { loop_until_bit_is_set(EP_REQ.STATUS, USB_BUSNAK_bp); }
    526a:	80 91 ae 64 	lds	r24, 0x64AE	; 0x8064ae <EP_TABLE+0x8>
    526e:	81 ff       	sbrs	r24, 1
    5270:	fc cf       	rjmp	.-8      	; 0x526a <main+0x8da>
set_line_encoding():
/Users/askn/Develop/UPDI4AVR-USB/src/usart.cpp:201
      SYS::LED_Flash();
  }

  void set_line_encoding (LineEncoding_t* _buff) {
    /* The USART will not change unless a different setting is given. */
    if (0 == memcmp(&_set_line_encoding, _buff, sizeof(LineEncoding_t))) return;
    5272:	47 e0       	ldi	r20, 0x07	; 7
    5274:	50 e0       	ldi	r21, 0x00	; 0
    5276:	6e e8       	ldi	r22, 0x8E	; 142
    5278:	73 e6       	ldi	r23, 0x63	; 99
    527a:	8b ec       	ldi	r24, 0xCB	; 203
    527c:	90 e6       	ldi	r25, 0x60	; 96
    527e:	0e 94 94 35 	call	0x6b28	; 0x6b28 <memcmp>
    5282:	89 2b       	or	r24, r25
    5284:	91 f0       	breq	.+36     	; 0x52aa <main+0x91a>
read_drop():
/Users/askn/Develop/UPDI4AVR-USB/src/usb.cpp:451
    }
    return _s != 0;
  }

  void read_drop (void) {
    if (bit_is_set(EP_CDO.STATUS, USB_BUSNAK_bp)) ep_cdo_listen();
    5286:	80 91 de 64 	lds	r24, 0x64DE	; 0x8064de <EP_TABLE+0x38>
    528a:	81 fd       	sbrc	r24, 1
    528c:	0e 94 41 07 	call	0xe82	; 0xe82 <USB::ep_cdo_listen()>
set_line_encoding():
/Users/askn/Develop/UPDI4AVR-USB/src/usart.cpp:203
    USB::read_drop();
    USART::setup();
    5290:	0e 94 88 12 	call	0x2510	; 0x2510 <USART::setup()>
/Users/askn/Develop/UPDI4AVR-USB/src/usart.cpp:204
    memcpy(&_set_line_encoding, _buff, sizeof(LineEncoding_t));
    5294:	87 e0       	ldi	r24, 0x07	; 7
    5296:	ee e8       	ldi	r30, 0x8E	; 142
    5298:	f3 e6       	ldi	r31, 0x63	; 99
    529a:	ab ec       	ldi	r26, 0xCB	; 203
    529c:	b0 e6       	ldi	r27, 0x60	; 96
    529e:	01 90       	ld	r0, Z+
    52a0:	0d 92       	st	X+, r0
    52a2:	8a 95       	dec	r24
    52a4:	e1 f7       	brne	.-8      	; 0x529e <main+0x90e>
/Users/askn/Develop/UPDI4AVR-USB/src/usart.cpp:205
    change_vcp();
    52a6:	0e 94 26 0f 	call	0x1e4c	; 0x1e4c <USART::change_vcp()>
request_class():
/Users/askn/Develop/UPDI4AVR-USB/src/usb.cpp:598
      /* In any case, this isn't a one-off thing. */
      /* If the same parameter settings persist,  */
      /* it's probably best to do nothing.        */
      ep_req_pending();
      USART::set_line_encoding(&EP_MEM.res_encoding);
      D1PRINTF(" SLE=");
    52aa:	8c e8       	ldi	r24, 0x8C	; 140
    52ac:	94 e0       	ldi	r25, 0x04	; 4
    52ae:	9f 93       	push	r25
    52b0:	8f 93       	push	r24
    52b2:	1f 93       	push	r17
    52b4:	0f 93       	push	r16
    52b6:	0e 94 3e 0e 	call	0x1c7c	; 0x1c7c <Print::printf(PGM_t const*, ...) [clone .constprop.16]>
/Users/askn/Develop/UPDI4AVR-USB/src/usb.cpp:599
      D1PRINTHEX(&_set_line_encoding, sizeof(LineEncoding_t), ':');
    52ba:	26 ea       	ldi	r18, 0xA6	; 166
    52bc:	30 e6       	ldi	r19, 0x60	; 96
    52be:	50 e0       	ldi	r21, 0x00	; 0
    52c0:	40 e0       	ldi	r20, 0x00	; 0
    52c2:	67 e0       	ldi	r22, 0x07	; 7
    52c4:	70 e0       	ldi	r23, 0x00	; 0
    52c6:	8b ec       	ldi	r24, 0xCB	; 203
    52c8:	90 e6       	ldi	r25, 0x60	; 96
    52ca:	0e 94 d4 0d 	call	0x1ba8	; 0x1ba8 <Print::printHex(void const*, unsigned int, char, unsigned int, char const*) [clone .constprop.12]>
    52ce:	0e 94 32 0e 	call	0x1c64	; 0x1c64 <Print::ln()>
/Users/askn/Develop/UPDI4AVR-USB/src/usb.cpp:600
      bit_set(GPCONF, GPCONF_OPN_bp);
    52d2:	f4 9a       	sbi	0x1e, 4	; 30
/Users/askn/Develop/UPDI4AVR-USB/src/usb.cpp:601
      _send_count = 0;
    52d4:	10 92 a2 64 	sts	0x64A2, r1	; 0x8064a2 <_send_count>
/Users/askn/Develop/UPDI4AVR-USB/src/usb.cpp:602
      _recv_count = 0;
    52d8:	10 92 a1 64 	sts	0x64A1, r1	; 0x8064a1 <_recv_count>
/Users/askn/Develop/UPDI4AVR-USB/src/usb.cpp:603
      _sof_count = 0;
    52dc:	10 92 9f 64 	sts	0x649F, r1	; 0x80649f <_sof_count>
/Users/askn/Develop/UPDI4AVR-USB/src/usb.cpp:604
      EP_RES.CNT = 0;
    52e0:	10 92 b8 64 	sts	0x64B8, r1	; 0x8064b8 <EP_TABLE+0x12>
    52e4:	10 92 b9 64 	sts	0x64B9, r1	; 0x8064b9 <EP_TABLE+0x13>
    52e8:	99 cf       	rjmp	.-206    	; 0x521c <main+0x88c>
/Users/askn/Develop/UPDI4AVR-USB/src/usb.cpp:606
    }
    else if (bRequest == 0x21) {  /* GET_LINE_ENCODING */
    52ea:	81 32       	cpi	r24, 0x21	; 33
    52ec:	d9 f5       	brne	.+118    	; 0x5364 <main+0x9d4>
/Users/askn/Develop/UPDI4AVR-USB/src/usb.cpp:607
      memcpy(&EP_MEM.res_encoding, &_set_line_encoding, sizeof(LineEncoding_t));
    52ee:	87 e0       	ldi	r24, 0x07	; 7
    52f0:	eb ec       	ldi	r30, 0xCB	; 203
    52f2:	f0 e6       	ldi	r31, 0x60	; 96
    52f4:	ae e8       	ldi	r26, 0x8E	; 142
    52f6:	b3 e6       	ldi	r27, 0x63	; 99
    52f8:	01 90       	ld	r0, Z+
    52fa:	0d 92       	st	X+, r0
    52fc:	8a 95       	dec	r24
    52fe:	e1 f7       	brne	.-8      	; 0x52f8 <main+0x968>
/Users/askn/Develop/UPDI4AVR-USB/src/usb.cpp:608
      if (EP_MEM.res_encoding.dwDTERate == 0) {
    5300:	80 91 8e 63 	lds	r24, 0x638E	; 0x80638e <EP_MEM+0x8>
    5304:	90 91 8f 63 	lds	r25, 0x638F	; 0x80638f <EP_MEM+0x9>
    5308:	a0 91 90 63 	lds	r26, 0x6390	; 0x806390 <EP_MEM+0xa>
    530c:	b0 91 91 63 	lds	r27, 0x6391	; 0x806391 <EP_MEM+0xb>
    5310:	89 2b       	or	r24, r25
    5312:	8a 2b       	or	r24, r26
    5314:	8b 2b       	or	r24, r27
    5316:	59 f4       	brne	.+22     	; 0x532e <main+0x99e>
/Users/askn/Develop/UPDI4AVR-USB/src/usb.cpp:611
        /* Parameters that, if incorrectly accepted,           */
        /* would result in division by zero must be corrected. */
        EP_MEM.res_encoding.dwDTERate = 9600UL;
    5318:	80 92 8e 63 	sts	0x638E, r8	; 0x80638e <EP_MEM+0x8>
    531c:	90 92 8f 63 	sts	0x638F, r9	; 0x80638f <EP_MEM+0x9>
    5320:	a0 92 90 63 	sts	0x6390, r10	; 0x806390 <EP_MEM+0xa>
    5324:	b0 92 91 63 	sts	0x6391, r11	; 0x806391 <EP_MEM+0xb>
/Users/askn/Develop/UPDI4AVR-USB/src/usb.cpp:612
        EP_MEM.res_encoding.bDataBits = 8;
    5328:	88 e0       	ldi	r24, 0x08	; 8
    532a:	80 93 94 63 	sts	0x6394, r24	; 0x806394 <EP_MEM+0xe>
/Users/askn/Develop/UPDI4AVR-USB/src/usb.cpp:614
      }
      D1PRINTF(" GLE=");
    532e:	26 e8       	ldi	r18, 0x86	; 134
    5330:	34 e0       	ldi	r19, 0x04	; 4
    5332:	3f 93       	push	r19
    5334:	2f 93       	push	r18
    5336:	1f 93       	push	r17
    5338:	0f 93       	push	r16
    533a:	0e 94 3e 0e 	call	0x1c7c	; 0x1c7c <Print::printf(PGM_t const*, ...) [clone .constprop.16]>
/Users/askn/Develop/UPDI4AVR-USB/src/usb.cpp:615
      D1PRINTHEX(&EP_MEM.res_encoding, sizeof(LineEncoding_t), ':');
    533e:	26 ea       	ldi	r18, 0xA6	; 166
    5340:	30 e6       	ldi	r19, 0x60	; 96
    5342:	50 e0       	ldi	r21, 0x00	; 0
    5344:	40 e0       	ldi	r20, 0x00	; 0
    5346:	67 e0       	ldi	r22, 0x07	; 7
    5348:	70 e0       	ldi	r23, 0x00	; 0
    534a:	8e e8       	ldi	r24, 0x8E	; 142
    534c:	93 e6       	ldi	r25, 0x63	; 99
    534e:	0e 94 d4 0d 	call	0x1ba8	; 0x1ba8 <Print::printHex(void const*, unsigned int, char, unsigned int, char const*) [clone .constprop.12]>
    5352:	0e 94 32 0e 	call	0x1c64	; 0x1c64 <Print::ln()>
/Users/askn/Develop/UPDI4AVR-USB/src/usb.cpp:616
      EP_RES.CNT = sizeof(LineEncoding_t);
    5356:	87 e0       	ldi	r24, 0x07	; 7
    5358:	90 e0       	ldi	r25, 0x00	; 0
    535a:	80 93 b8 64 	sts	0x64B8, r24	; 0x8064b8 <EP_TABLE+0x12>
    535e:	90 93 b9 64 	sts	0x64B9, r25	; 0x8064b9 <EP_TABLE+0x13>
    5362:	5c cf       	rjmp	.-328    	; 0x521c <main+0x88c>
/Users/askn/Develop/UPDI4AVR-USB/src/usb.cpp:618
    }
    else if (bRequest == 0x22) {  /* SET_LINE_STATE */
    5364:	82 32       	cpi	r24, 0x22	; 34
    5366:	01 f5       	brne	.+64     	; 0x53a8 <main+0xa18>
/Users/askn/Develop/UPDI4AVR-USB/src/usb.cpp:620
      /* This includes the DTR and RTS settings. */
      D1PRINTF(" SLS=%02X\r\n", (uint8_t)EP_MEM.req_data.wValue);
    5368:	80 91 88 63 	lds	r24, 0x6388	; 0x806388 <EP_MEM+0x2>
    536c:	90 91 89 63 	lds	r25, 0x6389	; 0x806389 <EP_MEM+0x3>
    5370:	99 27       	eor	r25, r25
    5372:	9f 93       	push	r25
    5374:	8f 93       	push	r24
    5376:	8a e7       	ldi	r24, 0x7A	; 122
    5378:	94 e0       	ldi	r25, 0x04	; 4
    537a:	9f 93       	push	r25
    537c:	8f 93       	push	r24
    537e:	1f 93       	push	r17
    5380:	0f 93       	push	r16
    5382:	0e 94 3e 0e 	call	0x1c7c	; 0x1c7c <Print::printf(PGM_t const*, ...) [clone .constprop.16]>
/Users/askn/Develop/UPDI4AVR-USB/src/usb.cpp:621
      USART::set_line_state((uint8_t)EP_MEM.req_data.wValue);
    5386:	80 91 88 63 	lds	r24, 0x6388	; 0x806388 <EP_MEM+0x2>
set_line_state():
/Users/askn/Develop/UPDI4AVR-USB/src/usart.cpp:232
      digitalWriteMacro(PIN_VCP_RTS, HIGH);
  #endif

  #if defined(CONFIG_VCP_DTR_RESET)
    /* If DTR is set, the device will reboot assuming the host has opened the port. */
    if (!_set_line_state.bStateDTR && bit_is_set(_line_state, 0)) {
    538a:	90 91 ca 60 	lds	r25, 0x60CA	; 0x8060ca <__data_end>
    538e:	0f 90       	pop	r0
    5390:	0f 90       	pop	r0
    5392:	0f 90       	pop	r0
    5394:	0f 90       	pop	r0
    5396:	0f 90       	pop	r0
    5398:	0f 90       	pop	r0
    539a:	90 fd       	sbrc	r25, 0
    539c:	02 c0       	rjmp	.+4      	; 0x53a2 <main+0xa12>
    539e:	80 fd       	sbrc	r24, 0
/Users/askn/Develop/UPDI4AVR-USB/src/usart.cpp:233
      bit_set(GPCONF, GPCONF_FAL_bp);
    53a0:	f7 9a       	sbi	0x1e, 7	; 30
/Users/askn/Develop/UPDI4AVR-USB/src/usart.cpp:237
    }
  #endif

    _set_line_state.bValue = _line_state;
    53a2:	80 93 ca 60 	sts	0x60CA, r24	; 0x8060ca <__data_end>
    53a6:	1f cd       	rjmp	.-1474   	; 0x4de6 <main+0x456>
request_class():
/Users/askn/Develop/UPDI4AVR-USB/src/usb.cpp:624
      EP_RES.CNT = 0;
    }
    else if (bRequest == 0x23) {  /* SET_SEND_BREAK */
    53a8:	83 32       	cpi	r24, 0x23	; 35
    53aa:	09 f0       	breq	.+2      	; 0x53ae <main+0xa1e>
    53ac:	b0 cd       	rjmp	.-1184   	; 0x4f0e <main+0x57e>
/Users/askn/Develop/UPDI4AVR-USB/src/usb.cpp:627
      /* When the host application closes the port, it may send a BREAK=0. */
      /* Nothing else is used unless programmed by the application. */
      D1PRINTF(" SB=%04X\r\n", EP_MEM.req_data.wValue);
    53ae:	80 91 89 63 	lds	r24, 0x6389	; 0x806389 <EP_MEM+0x3>
    53b2:	8f 93       	push	r24
    53b4:	80 91 88 63 	lds	r24, 0x6388	; 0x806388 <EP_MEM+0x2>
    53b8:	8f 93       	push	r24
    53ba:	2f e6       	ldi	r18, 0x6F	; 111
    53bc:	34 e0       	ldi	r19, 0x04	; 4
    53be:	3f 93       	push	r19
    53c0:	2f 93       	push	r18
    53c2:	1f 93       	push	r17
    53c4:	0f 93       	push	r16
    53c6:	0e 94 3e 0e 	call	0x1c7c	; 0x1c7c <Print::printf(PGM_t const*, ...) [clone .constprop.16]>
/Users/askn/Develop/UPDI4AVR-USB/src/usb.cpp:628
      _send_break = EP_MEM.req_data.wValue;
    53ca:	80 91 88 63 	lds	r24, 0x6388	; 0x806388 <EP_MEM+0x2>
    53ce:	90 91 89 63 	lds	r25, 0x6389	; 0x806389 <EP_MEM+0x3>
    53d2:	80 93 a3 64 	sts	0x64A3, r24	; 0x8064a3 <_send_break>
    53d6:	90 93 a4 64 	sts	0x64A4, r25	; 0x8064a4 <_send_break+0x1>
/Users/askn/Develop/UPDI4AVR-USB/src/usb.cpp:629
      if (_send_break) break_on();
    53da:	0f 90       	pop	r0
    53dc:	0f 90       	pop	r0
    53de:	0f 90       	pop	r0
    53e0:	0f 90       	pop	r0
    53e2:	0f 90       	pop	r0
    53e4:	0f 90       	pop	r0
    53e6:	89 2b       	or	r24, r25
    53e8:	71 f0       	breq	.+28     	; 0x5406 <main+0xa76>
break_on():
/Users/askn/Develop/UPDI4AVR-USB/src/usb.cpp:358
    ep_dpo_listen();  /* continue transaction */
  }

  void break_on (void) {
    if (bit_is_set(GPCONF, GPCONF_VCP_bp)
     && bit_is_clear(GPCONF, GPCONF_BRK_bp)) {
    53ea:	f1 9b       	sbis	0x1e, 1	; 30
    53ec:	0a c0       	rjmp	.+20     	; 0x5402 <main+0xa72>
    53ee:	f3 99       	sbic	0x1e, 3	; 30
    53f0:	08 c0       	rjmp	.+16     	; 0x5402 <main+0xa72>
/Users/askn/Develop/UPDI4AVR-USB/src/usb.cpp:360
      /* SET_SEND_BREAK is called when the port is closed successfully. */
      bit_clear(GPCONF, GPCONF_OPN_bp);
    53f2:	f4 98       	cbi	0x1e, 4	; 30
/Users/askn/Develop/UPDI4AVR-USB/src/usb.cpp:361
      _sof_count = 0;
    53f4:	10 92 9f 64 	sts	0x649F, r1	; 0x80649f <_sof_count>
disable_vcp():
/Users/askn/Develop/UPDI4AVR-USB/src/usart.cpp:70
    } while (--_delay);
  }

  /*** Stop the VCP and release the ports in use. ***/
  void disable_vcp (void) {
    if (USART0_CTRLB) {
    53f8:	80 91 06 08 	lds	r24, 0x0806	; 0x800806 <__TEXT_REGION_LENGTH__+0x7f0806>
    53fc:	81 11       	cpse	r24, r1
    53fe:	0e 94 71 12 	call	0x24e2	; 0x24e2 <USART::disable_vcp() [clone .part.1]>
break_on():
/Users/askn/Develop/UPDI4AVR-USB/src/usb.cpp:368
  #ifdef CONFIG_VCP_TXD_ODM
      /* During Break, VCP-TxD is pulled LOW. */
      pinModeMacro(PIN_VCP_TXD, OUTPUT);
  #endif
    }
    bit_set(GPCONF, GPCONF_BRK_bp);
    5402:	f3 9a       	sbi	0x1e, 3	; 30
    5404:	f0 cc       	rjmp	.-1568   	; 0x4de6 <main+0x456>
request_class():
/Users/askn/Develop/UPDI4AVR-USB/src/usb.cpp:630
      /* When the host application closes the port, it may send a BREAK=0. */
      /* Nothing else is used unless programmed by the application. */
      D1PRINTF(" SB=%04X\r\n", EP_MEM.req_data.wValue);
      _send_break = EP_MEM.req_data.wValue;
      if (_send_break) break_on();
      else break_off();
    5406:	0e 94 00 10 	call	0x2000	; 0x2000 <USB::break_off()>
    540a:	ed cc       	rjmp	.-1574   	; 0x4de6 <main+0x456>
reset_leave():
/Users/askn/Develop/UPDI4AVR-USB/src/sys.cpp:379
      EVSYS_CHANNEL4 = _ch_save;
      if (bit_is_set(GPCONF, GPCONF_USB_bp)) {
        LED_HeartBeat();  /* The USB is ready. */
      }
      else {
        LED_Flash();
    540c:	0e 94 f3 0e 	call	0x1de6	; 0x1de6 <SYS::LED_Flash()>
    5410:	9b cd       	rjmp	.-1226   	; 0x4f48 <main+0x5b8>
main():
/Users/askn/Develop/UPDI4AVR-USB/src/main.cpp:142
    if (USB::is_ep_setup()) USB::handling_control_transactions();

    /* If SW0 was used, work here. */
    if ((PGCONF & (PGCONF_PGIA_bm | PGCONF_PROG_bm)) == 0) {
      if      (bit_is_set(GPCONF, GPCONF_HLD_bp)) SYS::reset_leave();
      else if (bit_is_set(GPCONF, GPCONF_FAL_bp)) SYS::reset_enter();
    5412:	f7 9b       	sbis	0x1e, 7	; 30
    5414:	a8 cd       	rjmp	.-1200   	; 0x4f66 <main+0x5d6>
reset_enter():
/Users/askn/Develop/UPDI4AVR-USB/src/sys.cpp:336
  /*
   * Executed when SW0 is detected as being pressed.
   * May be called multiple times due to chattering.
   */
  void reset_enter (void) {
    if (bit_is_clear(GPCONF, GPCONF_HLD_bp)) {
    5416:	f6 99       	sbic	0x1e, 6	; 30
    5418:	a6 cd       	rjmp	.-1204   	; 0x4f66 <main+0x5d6>
/Users/askn/Develop/UPDI4AVR-USB/src/sys.cpp:337
      D1PRINTF("<RST:IN>\r\n");
    541a:	82 ed       	ldi	r24, 0xD2	; 210
    541c:	94 e0       	ldi	r25, 0x04	; 4
    541e:	9f 93       	push	r25
    5420:	8f 93       	push	r24
    5422:	1f 93       	push	r17
    5424:	0f 93       	push	r16
    5426:	0e 94 3e 0e 	call	0x1c7c	; 0x1c7c <Print::printf(PGM_t const*, ...) [clone .constprop.16]>
/Users/askn/Develop/UPDI4AVR-USB/src/sys.cpp:339

      _ch_save = EVSYS_CHANNEL4;
    542a:	80 91 14 02 	lds	r24, 0x0214	; 0x800214 <__TEXT_REGION_LENGTH__+0x7f0214>
    542e:	80 93 e5 60 	sts	0x60E5, r24	; 0x8060e5 <SYS::_ch_save>
/Users/askn/Develop/UPDI4AVR-USB/src/sys.cpp:340
      EVSYS_CHANNEL4 = EVSYS_CHANNEL_CCL_LUT2_gc;
    5432:	82 e1       	ldi	r24, 0x12	; 18
    5434:	80 93 14 02 	sts	0x0214, r24	; 0x800214 <__TEXT_REGION_LENGTH__+0x7f0214>
LED_TM():
/Users/askn/Develop/UPDI4AVR-USB/src/sys.cpp:195
      _led_mode = 1;
    }
  }

  WEAK void LED_TM (uint8_t _mode, uint16_t _ccmp) {
    if (_led_mode != _mode) {
    5438:	0f 90       	pop	r0
    543a:	0f 90       	pop	r0
    543c:	0f 90       	pop	r0
    543e:	0f 90       	pop	r0
    5440:	80 91 82 63 	lds	r24, 0x6382	; 0x806382 <_led_mode>
    5444:	83 30       	cpi	r24, 0x03	; 3
    5446:	29 f0       	breq	.+10     	; 0x5452 <main+0xac2>
    5448:	60 e4       	ldi	r22, 0x40	; 64
    544a:	70 e0       	ldi	r23, 0x00	; 0
    544c:	83 e0       	ldi	r24, 0x03	; 3
    544e:	0e 94 c2 0e 	call	0x1d84	; 0x1d84 <SYS::LED_TM(unsigned char, unsigned int) [clone .part.3]>
reset_enter():
/Users/askn/Develop/UPDI4AVR-USB/src/sys.cpp:348
      /*
       * Puts a tinyAVR-0/1/2 which does not have a reset pad into reset state.
       * This applies to all chips which have an enabled UPDI pad.
       * Does not affect chips with an active reset pad or TPI/PDI/ISP type chips.
       */
      pinLogicPull(PIN_PGM_TRST);
    5452:	01 9a       	sbi	0x00, 1	; 0
/Users/askn/Develop/UPDI4AVR-USB/src/sys.cpp:350
      // pinLogicPull(PIN_PGM_TCLK);  /* for logic analyzer */
      send_bitmap(_updi_bitmap_reset, sizeof(_updi_bitmap_reset) * 8);
    5454:	8c e3       	ldi	r24, 0x3C	; 60
    5456:	90 e6       	ldi	r25, 0x60	; 96
    5458:	0e 94 e5 06 	call	0xdca	; 0xdca <SYS::send_bitmap(unsigned char const*, unsigned int) [clone .constprop.11]>
/Users/askn/Develop/UPDI4AVR-USB/src/sys.cpp:352

      bit_set(GPCONF, GPCONF_HLD_bp);
    545c:	f6 9a       	sbi	0x1e, 6	; 30
/Users/askn/Develop/UPDI4AVR-USB/src/sys.cpp:353
      bit_clear(vportRegister(PIN_SYS_SW0).INTFLAGS, pinPosition(PIN_SYS_SW0));
    545e:	be 98       	cbi	0x17, 6	; 23
    5460:	82 cd       	rjmp	.-1276   	; 0x4f66 <main+0x5d6>
read_byte():
/Users/askn/Develop/UPDI4AVR-USB/src/usb.cpp:428
    else ep_cdi_listen();
  }

  uint8_t read_byte (void) {
    uint8_t _c = 0;
    if (EP_CDO.CNT != _recv_count) {
    5462:	40 91 e0 64 	lds	r20, 0x64E0	; 0x8064e0 <EP_TABLE+0x3a>
    5466:	50 91 e1 64 	lds	r21, 0x64E1	; 0x8064e1 <EP_TABLE+0x3b>
    546a:	28 2f       	mov	r18, r24
    546c:	30 e0       	ldi	r19, 0x00	; 0
main():
/Users/askn/Develop/UPDI4AVR-USB/src/usb.cpp:427
    if (_send_count < 64) _sof_count = 30;
    else ep_cdi_listen();
  }

  uint8_t read_byte (void) {
    uint8_t _c = 0;
    546e:	f1 2c       	mov	r15, r1
read_byte():
/Users/askn/Develop/UPDI4AVR-USB/src/usb.cpp:428
    if (EP_CDO.CNT != _recv_count) {
    5470:	42 17       	cp	r20, r18
    5472:	53 07       	cpc	r21, r19
    5474:	39 f0       	breq	.+14     	; 0x5484 <main+0xaf4>
/Users/askn/Develop/UPDI4AVR-USB/src/usb.cpp:435
      if (_recv_count == 0) {
        D2PRINTF(" VO=%02X:", EP_CDO.CNT);
        D2PRINTHEX(&EP_MEM.cdo_data, EP_CDO.CNT, ':');
      }
  #endif
      _c = EP_MEM.cdo_data[_recv_count++];
    5476:	8f 5f       	subi	r24, 0xFF	; 255
    5478:	80 93 a1 64 	sts	0x64A1, r24	; 0x8064a1 <_recv_count>
    547c:	22 52       	subi	r18, 0x22	; 34
    547e:	3c 49       	sbci	r19, 0x9C	; 156
    5480:	f9 01       	movw	r30, r18
    5482:	f0 80       	ld	r15, Z
/Users/askn/Develop/UPDI4AVR-USB/src/usb.cpp:437
    }
    if (EP_CDO.CNT == _recv_count) ep_cdo_listen();
    5484:	80 91 e0 64 	lds	r24, 0x64E0	; 0x8064e0 <EP_TABLE+0x3a>
    5488:	90 91 e1 64 	lds	r25, 0x64E1	; 0x8064e1 <EP_TABLE+0x3b>
    548c:	20 91 a1 64 	lds	r18, 0x64A1	; 0x8064a1 <_recv_count>
    5490:	28 17       	cp	r18, r24
    5492:	19 06       	cpc	r1, r25
    5494:	11 f4       	brne	.+4      	; 0x549a <main+0xb0a>
    5496:	0e 94 41 07 	call	0xe82	; 0xe82 <USB::ep_cdo_listen()>
vcp_transceiver():
/Users/askn/Develop/UPDI4AVR-USB/src/usb.cpp:488
  #if defined(CONFIG_VCP_CTS_ENABLE)
     && !digitalReadMacro(PIN_VCP_CTS)
  #endif
     && bit_is_set(USART0_STATUS, USART_DREIF_bp)
     && read_available()) {
      USART0_TXDATAL = read_byte();
    549a:	f0 92 02 08 	sts	0x0802, r15	; 0x800802 <__TEXT_REGION_LENGTH__+0x7f0802>
    549e:	7d cd       	rjmp	.-1286   	; 0x4f9a <main+0x60a>
read_drop():
/Users/askn/Develop/UPDI4AVR-USB/src/usb.cpp:451
    }
    return _s != 0;
  }

  void read_drop (void) {
    if (bit_is_set(EP_CDO.STATUS, USB_BUSNAK_bp)) ep_cdo_listen();
    54a0:	80 91 de 64 	lds	r24, 0x64DE	; 0x8064de <EP_TABLE+0x38>
    54a4:	81 ff       	sbrs	r24, 1
    54a6:	79 cd       	rjmp	.-1294   	; 0x4f9a <main+0x60a>
    54a8:	76 cd       	rjmp	.-1300   	; 0x4f96 <main+0x606>
cci_break_count():
/Users/askn/Develop/UPDI4AVR-USB/src/usb.cpp:387
    if ((_send_break + 1) > 1) {
      if (_send_break > USB_CCI_INTERVAL) {
        if (bit_is_set(EP_CCI.STATUS, USB_BUSNAK_bp)) ep_cci_listen();
      }
      else {
        _send_break = 0;
    54aa:	10 92 a3 64 	sts	0x64A3, r1	; 0x8064a3 <_send_break>
    54ae:	10 92 a4 64 	sts	0x64A4, r1	; 0x8064a4 <_send_break+0x1>
/Users/askn/Develop/UPDI4AVR-USB/src/usb.cpp:388
        break_off();
    54b2:	0e 94 00 10 	call	0x2000	; 0x2000 <USB::break_off()>
    54b6:	85 cd       	rjmp	.-1270   	; 0x4fc2 <main+0x632>
dap_command_check():
/Users/askn/Develop/UPDI4AVR-USB/src/jtag.cpp:56
   * Command numbers 0x80 and above are vendor extensions, EDBG Payload uses 0x80 and x81.
   * Additionally, 0x82 is reserved for device event notification.
   */
  bool dap_command_check (void) {
    bool _result = false;
    uint8_t _cmd = EP_MEM.dap_data[0];
    54b8:	90 91 9e 63 	lds	r25, 0x639E	; 0x80639e <EP_MEM+0x18>
/Users/askn/Develop/UPDI4AVR-USB/src/jtag.cpp:57
    uint8_t _sub = EP_MEM.dap_data[1];
    54bc:	80 91 9f 63 	lds	r24, 0x639F	; 0x80639f <EP_MEM+0x19>
/Users/askn/Develop/UPDI4AVR-USB/src/jtag.cpp:58
    EVSYS_SWEVENTA = EVSYS_SWEVENTA_CH2_gc;
    54c0:	24 e0       	ldi	r18, 0x04	; 4
    54c2:	20 93 00 02 	sts	0x0200, r18	; 0x800200 <__TEXT_REGION_LENGTH__+0x7f0200>
ep_dpi_pending():
/Users/askn/Develop/UPDI4AVR-USB/src/usb.cpp:272

  bool is_ep_setup (void) { return bit_is_set(EP_REQ.STATUS, USB_EPSETUP_bp); }
  bool is_not_dap (void) { return bit_is_clear(EP_DPO.STATUS, USB_BUSNAK_bp); }
  void ep_req_pending (void) { loop_until_bit_is_set(EP_REQ.STATUS, USB_BUSNAK_bp); }
  void ep_res_pending (void) { loop_until_bit_is_set(EP_RES.STATUS, USB_BUSNAK_bp); }
  void ep_dpi_pending (void) { loop_until_bit_is_set(EP_DPI.STATUS, USB_BUSNAK_bp); }
    54c6:	20 91 c6 64 	lds	r18, 0x64C6	; 0x8064c6 <EP_TABLE+0x20>
    54ca:	21 ff       	sbrs	r18, 1
    54cc:	fc cf       	rjmp	.-8      	; 0x54c6 <main+0xb36>
dap_command_check():
/Users/askn/Develop/UPDI4AVR-USB/src/jtag.cpp:70
     * and the data is sent and received with a fixed length of 64 bytes,
     * determined by the value specified in the HID Report.
     * A maximum of 15 chunks is possible,
     * resulting in a maximum payload length of 900 bytes.
     */
    if (_cmd == 0x80) {             /* DAP_EDBG_VENDOR_AVR_CMD */
    54ce:	90 38       	cpi	r25, 0x80	; 128
    54d0:	09 f0       	breq	.+2      	; 0x54d4 <main+0xb44>
    54d2:	df c0       	rjmp	.+446    	; 0x5692 <main+0xd02>
/Users/askn/Develop/UPDI4AVR-USB/src/jtag.cpp:71
      uint8_t _endf = _sub & 0x0F;
    54d4:	f8 2f       	mov	r31, r24
    54d6:	ff 70       	andi	r31, 0x0F	; 15
    54d8:	6f 2e       	mov	r6, r31
/Users/askn/Develop/UPDI4AVR-USB/src/jtag.cpp:72
      uint8_t _frag = _sub >> 4;
    54da:	90 e0       	ldi	r25, 0x00	; 0
    54dc:	24 e0       	ldi	r18, 0x04	; 4
    54de:	95 95       	asr	r25
    54e0:	87 95       	ror	r24
    54e2:	2a 95       	dec	r18
    54e4:	e1 f7       	brne	.-8      	; 0x54de <main+0xb4e>
    54e6:	8d 83       	std	Y+5, r24	; 0x05
/Users/askn/Develop/UPDI4AVR-USB/src/jtag.cpp:73
      uint8_t _size = EP_MEM.dap_data[3];
    54e8:	c0 90 a1 63 	lds	r12, 0x63A1	; 0x8063a1 <EP_MEM+0x1b>
/Users/askn/Develop/UPDI4AVR-USB/src/jtag.cpp:74
      size_t  _ofst = (_frag - 1) * 60;
    54ec:	01 97       	sbiw	r24, 0x01	; 1
    54ee:	2c e3       	ldi	r18, 0x3C	; 60
    54f0:	28 9f       	mul	r18, r24
    54f2:	70 01       	movw	r14, r0
    54f4:	29 9f       	mul	r18, r25
    54f6:	f0 0c       	add	r15, r0
    54f8:	11 24       	eor	r1, r1
/Users/askn/Develop/UPDI4AVR-USB/src/jtag.cpp:75
      if (_endf >= 10) {
    54fa:	29 e0       	ldi	r18, 0x09	; 9
/Users/askn/Develop/UPDI4AVR-USB/src/jtag.cpp:77
        /* Only a maximum of 540 bytes : 9 fragment records is accepted. */
        D1PRINTF("<EDBG_FAIL>\r\n");
    54fc:	8a ef       	ldi	r24, 0xFA	; 250
    54fe:	94 e0       	ldi	r25, 0x04	; 4
/Users/askn/Develop/UPDI4AVR-USB/src/jtag.cpp:75
    if (_cmd == 0x80) {             /* DAP_EDBG_VENDOR_AVR_CMD */
      uint8_t _endf = _sub & 0x0F;
      uint8_t _frag = _sub >> 4;
      uint8_t _size = EP_MEM.dap_data[3];
      size_t  _ofst = (_frag - 1) * 60;
      if (_endf >= 10) {
    5500:	2f 17       	cp	r18, r31
    5502:	08 f4       	brcc	.+2      	; 0x5506 <main+0xb76>
    5504:	b9 c0       	rjmp	.+370    	; 0x5678 <main+0xce8>
/Users/askn/Develop/UPDI4AVR-USB/src/jtag.cpp:82
        D1PRINTF("<EDBG_FAIL>\r\n");
        EP_MEM.dap_data[1] = 0x00;  /* EDBG_RSP_FAIL */
      }
      else {
        /* Detect the first chunk. */
        if (_frag == 1) _packet_chunks = 0;
    5506:	3d 81       	ldd	r19, Y+5	; 0x05
    5508:	31 30       	cpi	r19, 0x01	; 1
    550a:	11 f4       	brne	.+4      	; 0x5510 <main+0xb80>
    550c:	10 92 e6 60 	sts	0x60E6, r1	; 0x8060e6 <_packet_chunks>
/Users/askn/Develop/UPDI4AVR-USB/src/jtag.cpp:83
        ++_packet_chunks;
    5510:	70 90 e6 60 	lds	r7, 0x60E6	; 0x8060e6 <_packet_chunks>
    5514:	73 94       	inc	r7
    5516:	70 92 e6 60 	sts	0x60E6, r7	; 0x8060e6 <_packet_chunks>
/Users/askn/Develop/UPDI4AVR-USB/src/jtag.cpp:84
        memcpy(&packet.rawData[_ofst], &EP_MEM.dap_data[4], _size);
    551a:	d1 2c       	mov	r13, r1
    551c:	a6 01       	movw	r20, r12
    551e:	62 ea       	ldi	r22, 0xA2	; 162
    5520:	73 e6       	ldi	r23, 0x63	; 99
    5522:	c7 01       	movw	r24, r14
    5524:	89 5f       	subi	r24, 0xF9	; 249
    5526:	9e 49       	sbci	r25, 0x9E	; 158
    5528:	0e 94 a1 35 	call	0x6b42	; 0x6b42 <memcpy>
/Users/askn/Develop/UPDI4AVR-USB/src/jtag.cpp:85
        EP_MEM.dap_data[1] = 0x01;  /* EDBG_RSP_OK */
    552c:	81 e0       	ldi	r24, 0x01	; 1
    552e:	80 93 9f 63 	sts	0x639F, r24	; 0x80639f <EP_MEM+0x19>
/Users/askn/Develop/UPDI4AVR-USB/src/jtag.cpp:87
        D3PRINTHEX(&EP_MEM.dap_data, _size + 4, ':');
        if (_endf == _frag) {       /* end of defragment */
    5532:	4d 81       	ldd	r20, Y+5	; 0x05
    5534:	64 16       	cp	r6, r20
    5536:	11 f0       	breq	.+4      	; 0x553c <main+0xbac>
main():
/Users/askn/Develop/UPDI4AVR-USB/src/jtag.cpp:55
  /*
   * Command numbers 0x80 and above are vendor extensions, EDBG Payload uses 0x80 and x81.
   * Additionally, 0x82 is reserved for device event notification.
   */
  bool dap_command_check (void) {
    bool _result = false;
    5538:	e1 2c       	mov	r14, r1
    553a:	0c c0       	rjmp	.+24     	; 0x5554 <main+0xbc4>
dap_command_check():
/Users/askn/Develop/UPDI4AVR-USB/src/jtag.cpp:88
        ++_packet_chunks;
        memcpy(&packet.rawData[_ofst], &EP_MEM.dap_data[4], _size);
        EP_MEM.dap_data[1] = 0x01;  /* EDBG_RSP_OK */
        D3PRINTHEX(&EP_MEM.dap_data, _size + 4, ':');
        if (_endf == _frag) {       /* end of defragment */
          _packet_length = _ofst + _size;
    553c:	ec 0c       	add	r14, r12
    553e:	fd 1c       	adc	r15, r13
    5540:	e0 92 23 63 	sts	0x6323, r14	; 0x806323 <_packet_length>
    5544:	f0 92 24 63 	sts	0x6324, r15	; 0x806324 <_packet_length+0x1>
/Users/askn/Develop/UPDI4AVR-USB/src/jtag.cpp:91
          D2PRINTF(" SQ=%03X:%03X<", packet.out.sequence, _packet_length);
          D2PRINTHEX(&packet, _packet_length, ':');
          if (_packet_chunks == _endf) {
    5548:	67 10       	cpse	r6, r7
    554a:	94 c0       	rjmp	.+296    	; 0x5674 <main+0xce4>
/Users/askn/Develop/UPDI4AVR-USB/src/jtag.cpp:94
            /* True if an EDBG Payload is received. */
            D2PRINTF("<EDBG_OK>\r\n");
            _packet_endfrag = 0;
    554c:	10 92 ec 60 	sts	0x60EC, r1	; 0x8060ec <_packet_endfrag>
main():
/Users/askn/Develop/UPDI4AVR-USB/src/jtag.cpp:95
            _result = true;
    5550:	ee 24       	eor	r14, r14
    5552:	e3 94       	inc	r14
ep_dpi_listen():
/Users/askn/Develop/UPDI4AVR-USB/src/usb.cpp:291
    loop_until_bit_is_clear(USB0_INTFLAGSB, USB_RMWBUSY_bp);
    USB_EP_STATUS_CLR(USB_EP_RES) = ~USB_TOGGLE_bm;
  }

  void ep_dpi_listen (void) {
    EP_DPI.CNT = 64;
    5554:	80 e4       	ldi	r24, 0x40	; 64
    5556:	90 e0       	ldi	r25, 0x00	; 0
    5558:	80 93 c8 64 	sts	0x64C8, r24	; 0x8064c8 <EP_TABLE+0x22>
    555c:	90 93 c9 64 	sts	0x64C9, r25	; 0x8064c9 <EP_TABLE+0x23>
/Users/askn/Develop/UPDI4AVR-USB/src/usb.cpp:292
    EP_DPI.MCNT = 0;
    5560:	10 92 cc 64 	sts	0x64CC, r1	; 0x8064cc <EP_TABLE+0x26>
    5564:	10 92 cd 64 	sts	0x64CD, r1	; 0x8064cd <EP_TABLE+0x27>
/Users/askn/Develop/UPDI4AVR-USB/src/usb.cpp:293
    loop_until_bit_is_clear(USB0_INTFLAGSB, USB_RMWBUSY_bp);
    5568:	80 91 0b 0c 	lds	r24, 0x0C0B	; 0x800c0b <__TEXT_REGION_LENGTH__+0x7f0c0b>
    556c:	82 fd       	sbrc	r24, 2
    556e:	fc cf       	rjmp	.-8      	; 0x5568 <main+0xbd8>
/Users/askn/Develop/UPDI4AVR-USB/src/usb.cpp:294
    USB_EP_STATUS_CLR(USB_EP_DPI) = ~USB_TOGGLE_bm;
    5570:	8e ef       	ldi	r24, 0xFE	; 254
    5572:	80 93 46 0c 	sts	0x0C46, r24	; 0x800c46 <__TEXT_REGION_LENGTH__+0x7f0c46>
ep_dpo_listen():
/Users/askn/Develop/UPDI4AVR-USB/src/usb.cpp:298
  }

  void ep_dpo_listen (void) {
    EP_DPO.CNT = 0;
    5576:	10 92 d0 64 	sts	0x64D0, r1	; 0x8064d0 <EP_TABLE+0x2a>
    557a:	10 92 d1 64 	sts	0x64D1, r1	; 0x8064d1 <EP_TABLE+0x2b>
/Users/askn/Develop/UPDI4AVR-USB/src/usb.cpp:299
    loop_until_bit_is_clear(USB0_INTFLAGSB, USB_RMWBUSY_bp);
    557e:	80 91 0b 0c 	lds	r24, 0x0C0B	; 0x800c0b <__TEXT_REGION_LENGTH__+0x7f0c0b>
    5582:	82 fd       	sbrc	r24, 2
    5584:	fc cf       	rjmp	.-8      	; 0x557e <main+0xbee>
/Users/askn/Develop/UPDI4AVR-USB/src/usb.cpp:300
    USB_EP_STATUS_CLR(USB_EP_DPO) = ~USB_TOGGLE_bm;
    5586:	8e ef       	ldi	r24, 0xFE	; 254
    5588:	80 93 48 0c 	sts	0x0C48, r24	; 0x800c48 <__TEXT_REGION_LENGTH__+0x7f0c48>
main():
/Users/askn/Develop/UPDI4AVR-USB/src/main.cpp:178
      continue;
    }
    _wdt = true;

    /*** CMSIS-DAP and JTAG3 packet receiver ***/
    if (JTAG::dap_command_check()) JTAG::jtag_scope_branch();
    558c:	ee 20       	and	r14, r14
    558e:	09 f4       	brne	.+2      	; 0x5592 <main+0xc02>
    5590:	4e cb       	rjmp	.-2404   	; 0x4c2e <main+0x29e>
jtag_scope_branch():
/Users/askn/Develop/UPDI4AVR-USB/src/jtag.cpp:463

  /* Processing branches depending on the scope specifier. */
  /* Currently, four types of scope are known: */
  void jtag_scope_branch (void) {
    size_t _rspsize = 0;
    uint8_t _scope  = packet.out.scope;
    5592:	f0 90 0b 61 	lds	r15, 0x610B	; 0x80610b <packet+0x4>
/Users/askn/Develop/UPDI4AVR-USB/src/jtag.cpp:464
    D1PRINTF("SQ=%d:%d>SCOPE=%02X,C=%02X",
    5596:	80 91 0c 61 	lds	r24, 0x610C	; 0x80610c <packet+0x5>
    559a:	1f 92       	push	r1
    559c:	8f 93       	push	r24
    559e:	1f 92       	push	r1
    55a0:	ff 92       	push	r15
    55a2:	80 91 24 63 	lds	r24, 0x6324	; 0x806324 <_packet_length+0x1>
    55a6:	8f 93       	push	r24
    55a8:	80 91 23 63 	lds	r24, 0x6323	; 0x806323 <_packet_length>
    55ac:	8f 93       	push	r24
    55ae:	80 91 0a 61 	lds	r24, 0x610A	; 0x80610a <packet+0x3>
    55b2:	8f 93       	push	r24
    55b4:	80 91 09 61 	lds	r24, 0x6109	; 0x806109 <packet+0x2>
    55b8:	8f 93       	push	r24
    55ba:	85 ed       	ldi	r24, 0xD5	; 213
    55bc:	99 e0       	ldi	r25, 0x09	; 9
    55be:	9f 93       	push	r25
    55c0:	8f 93       	push	r24
    55c2:	1f 93       	push	r17
    55c4:	0f 93       	push	r16
    55c6:	0e 94 3e 0e 	call	0x1c7c	; 0x1c7c <Print::printf(PGM_t const*, ...) [clone .constprop.16]>
/Users/askn/Develop/UPDI4AVR-USB/src/jtag.cpp:469
      packet.out.sequence,  /* dw */
      _packet_length,       /* dw */
      _scope,               /* b */
      packet.out.cmd);      /* b */
    if      (_scope == 0x01) _rspsize = jtag_scope_general();       /* SCOPE_GENERAL */
    55ca:	cd bf       	out	0x3d, r28	; 61
    55cc:	de bf       	out	0x3e, r29	; 62
    55ce:	31 e0       	ldi	r19, 0x01	; 1
    55d0:	f3 12       	cpse	r15, r19
    55d2:	73 c1       	rjmp	.+742    	; 0x58ba <main+0xf2a>
jtag_scope_general():
/Users/askn/Develop/UPDI4AVR-USB/src/jtag.cpp:184
  // MARK: JTAG

  /*** Only a subset of JTAGICE3 commands are implemented. ***/
  size_t jtag_scope_general (void) {
    size_t  _rspsize = 0;
    uint8_t _cmd     = packet.out.cmd;
    55d4:	90 91 0c 61 	lds	r25, 0x610C	; 0x80610c <packet+0x5>
/Users/askn/Develop/UPDI4AVR-USB/src/jtag.cpp:185
    uint8_t _section = packet.out.section;
    55d8:	60 90 0e 61 	lds	r6, 0x610E	; 0x80610e <packet+0x7>
/Users/askn/Develop/UPDI4AVR-USB/src/jtag.cpp:186
    uint8_t _index   = packet.out.index;
    55dc:	70 90 0f 61 	lds	r7, 0x610F	; 0x80610f <packet+0x8>
/Users/askn/Develop/UPDI4AVR-USB/src/jtag.cpp:187
    uint8_t _length  = packet.out.length;
    55e0:	80 91 10 61 	lds	r24, 0x6110	; 0x806110 <packet+0x9>
/Users/askn/Develop/UPDI4AVR-USB/src/jtag.cpp:188
    if (_cmd == 0x02) {             /* CMD3_GET_PARAMETER */
    55e4:	92 30       	cpi	r25, 0x02	; 2
    55e6:	09 f0       	breq	.+2      	; 0x55ea <main+0xc5a>
    55e8:	f6 c0       	rjmp	.+492    	; 0x57d6 <main+0xe46>
/Users/askn/Develop/UPDI4AVR-USB/src/jtag.cpp:189
      D1PRINTF(",S=%02X,I=%02X,L=%02X\r\n", _section, _index, _length);
    55ea:	e8 2e       	mov	r14, r24
    55ec:	f1 2c       	mov	r15, r1
    55ee:	1f 92       	push	r1
    55f0:	8f 93       	push	r24
    55f2:	c7 2c       	mov	r12, r7
    55f4:	d1 2c       	mov	r13, r1
    55f6:	1f 92       	push	r1
    55f8:	7f 92       	push	r7
    55fa:	1f 92       	push	r1
    55fc:	6f 92       	push	r6
    55fe:	8a e8       	ldi	r24, 0x8A	; 138
    5600:	95 e0       	ldi	r25, 0x05	; 5
    5602:	9f 93       	push	r25
    5604:	8f 93       	push	r24
    5606:	1f 93       	push	r17
    5608:	0f 93       	push	r16
    560a:	0e 94 3e 0e 	call	0x1c7c	; 0x1c7c <Print::printf(PGM_t const*, ...) [clone .constprop.16]>
/Users/askn/Develop/UPDI4AVR-USB/src/jtag.cpp:190
      D1PRINTF(" GEN_GET_PARAM\r\n");
    560e:	89 e7       	ldi	r24, 0x79	; 121
    5610:	95 e0       	ldi	r25, 0x05	; 5
    5612:	9f 93       	push	r25
    5614:	8f 93       	push	r24
    5616:	1f 93       	push	r17
    5618:	0f 93       	push	r16
    561a:	0e 94 3e 0e 	call	0x1c7c	; 0x1c7c <Print::printf(PGM_t const*, ...) [clone .constprop.16]>
/Users/askn/Develop/UPDI4AVR-USB/src/jtag.cpp:191
      if (_section == 0) {          /* SET_GET_CTXT_CONFIG */
    561e:	cd bf       	out	0x3d, r28	; 61
    5620:	de bf       	out	0x3e, r29	; 62
    5622:	61 10       	cpse	r6, r1
    5624:	a1 c0       	rjmp	.+322    	; 0x5768 <main+0xdd8>
/Users/askn/Develop/UPDI4AVR-USB/src/jtag.cpp:193
        /* _index == 0-5 */
        memcpy_P(&packet.in.data[0], &jtag_version[_index], _length);
    5626:	b6 01       	movw	r22, r12
    5628:	6c 58       	subi	r22, 0x8C	; 140
    562a:	7a 4f       	sbci	r23, 0xFA	; 250
    562c:	a7 01       	movw	r20, r14
    562e:	8e e0       	ldi	r24, 0x0E	; 14
    5630:	91 e6       	ldi	r25, 0x61	; 97
    5632:	64 d7       	rcall	.+3784   	; 0x64fc <memcpy_P>
/Users/askn/Develop/UPDI4AVR-USB/src/jtag.cpp:194
        D1PRINTF(" VESRION=");
    5634:	8a e6       	ldi	r24, 0x6A	; 106
    5636:	95 e0       	ldi	r25, 0x05	; 5
    5638:	9f 93       	push	r25
    563a:	8f 93       	push	r24
    563c:	1f 93       	push	r17
    563e:	0f 93       	push	r16
    5640:	0e 94 3e 0e 	call	0x1c7c	; 0x1c7c <Print::printf(PGM_t const*, ...) [clone .constprop.16]>
/Users/askn/Develop/UPDI4AVR-USB/src/jtag.cpp:195
        D1PRINTHEX(&packet.in.data[0], _length, ':');
    5644:	26 ea       	ldi	r18, 0xA6	; 166
    5646:	30 e6       	ldi	r19, 0x60	; 96
    5648:	50 e0       	ldi	r21, 0x00	; 0
    564a:	40 e0       	ldi	r20, 0x00	; 0
    564c:	b7 01       	movw	r22, r14
    564e:	8e e0       	ldi	r24, 0x0E	; 14
    5650:	91 e6       	ldi	r25, 0x61	; 97
    5652:	0e 94 d4 0d 	call	0x1ba8	; 0x1ba8 <Print::printHex(void const*, unsigned int, char, unsigned int, char const*) [clone .constprop.12]>
    5656:	0e 94 32 0e 	call	0x1c64	; 0x1c64 <Print::ln()>
/Users/askn/Develop/UPDI4AVR-USB/src/jtag.cpp:207
          packet.in.wValue = _vtarget;
        }
        else {                      /* PARM3_ANALOG_XXXX */
          /* Called with PowerDebugger HAS_VTARG_ADJ */
          D1PRINTF(" PHYSICAL\r\n");
          memcpy_P(&packet.in.data[0], &jtag_physical[_index & 7], _length);
    565a:	0f 90       	pop	r0
    565c:	0f 90       	pop	r0
    565e:	0f 90       	pop	r0
    5660:	0f 90       	pop	r0
jtag_scope_edbg():
/Users/askn/Develop/UPDI4AVR-USB/src/jtag.cpp:275
          /* Called with `-xvtarget_switch` HAS_VTARG_SWITCH */
          D1PRINTF(" TARGET_POWER=%02X\r\n", _jtag_vpow);
          packet.in.data[0] = _jtag_vpow;
        }
      }
      packet.in.res = 0x184;        /* RSP3_DATA */
    5662:	84 e8       	ldi	r24, 0x84	; 132
    5664:	91 e0       	ldi	r25, 0x01	; 1
    5666:	80 93 0c 61 	sts	0x610C, r24	; 0x80610c <packet+0x5>
    566a:	90 93 0d 61 	sts	0x610D, r25	; 0x80610d <packet+0x6>
/Users/askn/Develop/UPDI4AVR-USB/src/jtag.cpp:276
      _rspsize = _length + 1;
    566e:	c7 01       	movw	r24, r14
    5670:	01 96       	adiw	r24, 0x01	; 1
    5672:	dc c0       	rjmp	.+440    	; 0x582c <main+0xe9c>
dap_command_check():
/Users/askn/Develop/UPDI4AVR-USB/src/jtag.cpp:99
            _packet_endfrag = 0;
            _result = true;
          }
          else {
            /* A missing chunk is detected, so an error is returned. */
            D1PRINTF("<EDBG_FAIL>\r\n");
    5674:	8c ee       	ldi	r24, 0xEC	; 236
    5676:	94 e0       	ldi	r25, 0x04	; 4
    5678:	9f 93       	push	r25
    567a:	8f 93       	push	r24
    567c:	1f 93       	push	r17
    567e:	0f 93       	push	r16
    5680:	0e 94 3e 0e 	call	0x1c7c	; 0x1c7c <Print::printf(PGM_t const*, ...) [clone .constprop.16]>
/Users/askn/Develop/UPDI4AVR-USB/src/jtag.cpp:100
            EP_MEM.dap_data[1] = 0x00;  /* EDBG_RSP_FAIL */
    5684:	10 92 9f 63 	sts	0x639F, r1	; 0x80639f <EP_MEM+0x19>
/Users/askn/Develop/UPDI4AVR-USB/src/jtag.cpp:110
    else if (_cmd == 0x81) {        /* DAP_EDBG_VENDOR_AVR_RSP */
      EP_MEM.dap_data[2] = 0;       /* Always zero */
      if (_packet_endfrag == 0) {
        D1PRINTF("<EDBG_EMPTY>\r\n");
        EP_MEM.dap_data[1] = 0;
        EP_MEM.dap_data[3] = 0;
    5688:	0f 90       	pop	r0
    568a:	0f 90       	pop	r0
    568c:	0f 90       	pop	r0
    568e:	0f 90       	pop	r0
    5690:	53 cf       	rjmp	.-346    	; 0x5538 <main+0xba8>
/Users/askn/Develop/UPDI4AVR-USB/src/jtag.cpp:105
            EP_MEM.dap_data[1] = 0x00;  /* EDBG_RSP_FAIL */
          }
        }
      }
    }
    else if (_cmd == 0x81) {        /* DAP_EDBG_VENDOR_AVR_RSP */
    5692:	91 38       	cpi	r25, 0x81	; 129
    5694:	e9 f5       	brne	.+122    	; 0x5710 <main+0xd80>
/Users/askn/Develop/UPDI4AVR-USB/src/jtag.cpp:106
      EP_MEM.dap_data[2] = 0;       /* Always zero */
    5696:	10 92 a0 63 	sts	0x63A0, r1	; 0x8063a0 <EP_MEM+0x1a>
/Users/askn/Develop/UPDI4AVR-USB/src/jtag.cpp:107
      if (_packet_endfrag == 0) {
    569a:	90 91 ec 60 	lds	r25, 0x60EC	; 0x8060ec <_packet_endfrag>
    569e:	91 11       	cpse	r25, r1
    56a0:	0d c0       	rjmp	.+26     	; 0x56bc <main+0xd2c>
/Users/askn/Develop/UPDI4AVR-USB/src/jtag.cpp:108
        D1PRINTF("<EDBG_EMPTY>\r\n");
    56a2:	8d ed       	ldi	r24, 0xDD	; 221
    56a4:	94 e0       	ldi	r25, 0x04	; 4
    56a6:	9f 93       	push	r25
    56a8:	8f 93       	push	r24
    56aa:	1f 93       	push	r17
    56ac:	0f 93       	push	r16
    56ae:	0e 94 3e 0e 	call	0x1c7c	; 0x1c7c <Print::printf(PGM_t const*, ...) [clone .constprop.16]>
/Users/askn/Develop/UPDI4AVR-USB/src/jtag.cpp:109
        EP_MEM.dap_data[1] = 0;
    56b2:	10 92 9f 63 	sts	0x639F, r1	; 0x80639f <EP_MEM+0x19>
/Users/askn/Develop/UPDI4AVR-USB/src/jtag.cpp:110
        EP_MEM.dap_data[3] = 0;
    56b6:	10 92 a1 63 	sts	0x63A1, r1	; 0x8063a1 <EP_MEM+0x1b>
    56ba:	e6 cf       	rjmp	.-52     	; 0x5688 <main+0xcf8>
/Users/askn/Develop/UPDI4AVR-USB/src/jtag.cpp:113
      }
      else {
        memcpy(&EP_MEM.dap_data[4], &packet.in.token + (_packet_fragment * 60), 60);
    56bc:	80 91 ed 60 	lds	r24, 0x60ED	; 0x8060ed <_packet_fragment>
    56c0:	2c e3       	ldi	r18, 0x3C	; 60
    56c2:	82 9f       	mul	r24, r18
    56c4:	f0 01       	movw	r30, r0
    56c6:	11 24       	eor	r1, r1
    56c8:	e8 5f       	subi	r30, 0xF8	; 248
    56ca:	fe 49       	sbci	r31, 0x9E	; 158
    56cc:	a2 ea       	ldi	r26, 0xA2	; 162
    56ce:	b3 e6       	ldi	r27, 0x63	; 99
    56d0:	01 90       	ld	r0, Z+
    56d2:	0d 92       	st	X+, r0
    56d4:	2a 95       	dec	r18
    56d6:	e1 f7       	brne	.-8      	; 0x56d0 <main+0xd40>
/Users/askn/Develop/UPDI4AVR-USB/src/jtag.cpp:114
        EP_MEM.dap_data[1] = ((++_packet_fragment) << 4) | _packet_endfrag;
    56d8:	8f 5f       	subi	r24, 0xFF	; 255
    56da:	80 93 ed 60 	sts	0x60ED, r24	; 0x8060ed <_packet_fragment>
    56de:	e0 e1       	ldi	r30, 0x10	; 16
    56e0:	8e 9f       	mul	r24, r30
    56e2:	90 01       	movw	r18, r0
    56e4:	11 24       	eor	r1, r1
    56e6:	29 2b       	or	r18, r25
    56e8:	20 93 9f 63 	sts	0x639F, r18	; 0x80639f <EP_MEM+0x19>
    56ec:	20 91 23 63 	lds	r18, 0x6323	; 0x806323 <_packet_length>
    56f0:	30 91 24 63 	lds	r19, 0x6324	; 0x806324 <_packet_length+0x1>
/Users/askn/Develop/UPDI4AVR-USB/src/jtag.cpp:115
        EP_MEM.dap_data[3] = _packet_fragment == _packet_endfrag ? _packet_length : 60;
    56f4:	98 17       	cp	r25, r24
    56f6:	51 f0       	breq	.+20     	; 0x570c <main+0xd7c>
    56f8:	8c e3       	ldi	r24, 0x3C	; 60
    56fa:	80 93 a1 63 	sts	0x63A1, r24	; 0x8063a1 <EP_MEM+0x1b>
/Users/askn/Develop/UPDI4AVR-USB/src/jtag.cpp:116
        _packet_length -= 60;
    56fe:	2c 53       	subi	r18, 0x3C	; 60
    5700:	31 09       	sbc	r19, r1
    5702:	20 93 23 63 	sts	0x6323, r18	; 0x806323 <_packet_length>
    5706:	30 93 24 63 	sts	0x6324, r19	; 0x806324 <_packet_length+0x1>
    570a:	16 cf       	rjmp	.-468    	; 0x5538 <main+0xba8>
/Users/askn/Develop/UPDI4AVR-USB/src/jtag.cpp:115
        EP_MEM.dap_data[3] = 0;
      }
      else {
        memcpy(&EP_MEM.dap_data[4], &packet.in.token + (_packet_fragment * 60), 60);
        EP_MEM.dap_data[1] = ((++_packet_fragment) << 4) | _packet_endfrag;
        EP_MEM.dap_data[3] = _packet_fragment == _packet_endfrag ? _packet_length : 60;
    570c:	82 2f       	mov	r24, r18
    570e:	f5 cf       	rjmp	.-22     	; 0x56fa <main+0xd6a>
/Users/askn/Develop/UPDI4AVR-USB/src/jtag.cpp:123
        D3PRINTHEX(&EP_MEM.dap_data, EP_MEM.dap_data[3] + 4, ':');
      }
    }

    /*** DAP Standard ***/
    else if (_cmd == 0x00) {        /* DAP_CMD_INFO */
    5710:	91 11       	cpse	r25, r1
    5712:	1c c0       	rjmp	.+56     	; 0x574c <main+0xdbc>
/Users/askn/Develop/UPDI4AVR-USB/src/jtag.cpp:124
      if (_sub == 0xFF              /* DAP_INFO_PACKET_SIZE      */
    5714:	8f 3f       	cpi	r24, 0xFF	; 255
    5716:	21 f0       	breq	.+8      	; 0x5720 <main+0xd90>
/Users/askn/Develop/UPDI4AVR-USB/src/jtag.cpp:125
       || _sub == 0xFB              /* UART Receive Buffer Size  */
    5718:	95 e0       	ldi	r25, 0x05	; 5
    571a:	98 0f       	add	r25, r24
    571c:	92 30       	cpi	r25, 0x02	; 2
    571e:	48 f4       	brcc	.+18     	; 0x5732 <main+0xda2>
/Users/askn/Develop/UPDI4AVR-USB/src/jtag.cpp:127
       || _sub == 0xFC) {           /* UART Transmit Buffer Size */
        EP_MEM.dap_data[1] = 0x02;  /* length=2 */
    5720:	82 e0       	ldi	r24, 0x02	; 2
    5722:	80 93 9f 63 	sts	0x639F, r24	; 0x80639f <EP_MEM+0x19>
/Users/askn/Develop/UPDI4AVR-USB/src/jtag.cpp:128
        EP_MEM.dap_data[2] = 0x40;  /* MaxPacketSize = 64 */
    5726:	80 e4       	ldi	r24, 0x40	; 64
    5728:	80 93 a0 63 	sts	0x63A0, r24	; 0x8063a0 <EP_MEM+0x1a>
/Users/askn/Develop/UPDI4AVR-USB/src/jtag.cpp:129
        EP_MEM.dap_data[3] = 0x00;
    572c:	10 92 a1 63 	sts	0x63A1, r1	; 0x8063a1 <EP_MEM+0x1b>
    5730:	03 cf       	rjmp	.-506    	; 0x5538 <main+0xba8>
/Users/askn/Develop/UPDI4AVR-USB/src/jtag.cpp:133
        D3PRINTF(" PI=");
        D3PRINTHEX(&EP_MEM.dap_data, 4, ':');
      }
      else if (_sub == 0xF1) {      /* DAP_INFO_Capabilities */
    5732:	81 3f       	cpi	r24, 0xF1	; 241
    5734:	09 f0       	breq	.+2      	; 0x5738 <main+0xda8>
    5736:	00 cf       	rjmp	.-512    	; 0x5538 <main+0xba8>
/Users/askn/Develop/UPDI4AVR-USB/src/jtag.cpp:134
        EP_MEM.dap_data[1] = 0x02;  /* length=2 */
    5738:	82 e0       	ldi	r24, 0x02	; 2
    573a:	80 93 9f 63 	sts	0x639F, r24	; 0x80639f <EP_MEM+0x19>
/Users/askn/Develop/UPDI4AVR-USB/src/jtag.cpp:135
        EP_MEM.dap_data[2] = 0x80;  /* 7:UART Communication Port */
    573e:	80 e8       	ldi	r24, 0x80	; 128
    5740:	80 93 a0 63 	sts	0x63A0, r24	; 0x8063a0 <EP_MEM+0x1a>
/Users/askn/Develop/UPDI4AVR-USB/src/jtag.cpp:136
        EP_MEM.dap_data[3] = 0x01;  /* 1:USB COM Port */
    5744:	81 e0       	ldi	r24, 0x01	; 1
    5746:	80 93 a1 63 	sts	0x63A1, r24	; 0x8063a1 <EP_MEM+0x1b>
    574a:	f6 ce       	rjmp	.-532    	; 0x5538 <main+0xba8>
/Users/askn/Develop/UPDI4AVR-USB/src/jtag.cpp:141
        D3PRINTF(" PI=");
        D3PRINTHEX(&EP_MEM.dap_data, 4, ':');
      }
    }
    else if (_cmd == 0x02) {        /* DAP_CMD_CONNECT */
    574c:	92 30       	cpi	r25, 0x02	; 2
    574e:	09 f4       	brne	.+2      	; 0x5752 <main+0xdc2>
    5750:	f3 ce       	rjmp	.-538    	; 0x5538 <main+0xba8>
/Users/askn/Develop/UPDI4AVR-USB/src/jtag.cpp:147
      /* EP_MEM.dap_data[1] == CONN_TYPE */
      /* Here, the response is returned without processing. */
      D3PRINTF(" PI=");
      D3PRINTHEX(&EP_MEM.dap_data, 2, ':');
    }
    else if (_cmd == 0x01           /* DAP_CMD_HOSTSTATUS */
    5752:	91 30       	cpi	r25, 0x01	; 1
    5754:	31 f4       	brne	.+12     	; 0x5762 <main+0xdd2>
/Users/askn/Develop/UPDI4AVR-USB/src/jtag.cpp:148
          && _sub == 0x00) {        /* DAP_LED_CONNECT */
    5756:	88 23       	and	r24, r24
    5758:	09 f4       	brne	.+2      	; 0x575c <main+0xdcc>
    575a:	ee ce       	rjmp	.-548    	; 0x5538 <main+0xba8>
/Users/askn/Develop/UPDI4AVR-USB/src/jtag.cpp:160
      /* Here, the response is returned without processing. */
      D3PRINTF(" PI=");
      D3PRINTHEX(&EP_MEM.dap_data, 2, ':');
    }
    else {
      EP_MEM.dap_data[1] = 0x00;    /* other 0 length result */
    575c:	10 92 9f 63 	sts	0x639F, r1	; 0x80639f <EP_MEM+0x19>
    5760:	eb ce       	rjmp	.-554    	; 0x5538 <main+0xba8>
/Users/askn/Develop/UPDI4AVR-USB/src/jtag.cpp:154
      /* EP_MEM.dap_data[2] == LED_ON/OFF */
      /* Here, the response is returned without processing. */
      D3PRINTF(" PI=");
      D3PRINTHEX(&EP_MEM.dap_data, 3, ':');
    }
    else if (_cmd == 0x03) {        /* DAP_CMD_DISCONNECT */
    5762:	93 30       	cpi	r25, 0x03	; 3
    5764:	d9 f7       	brne	.-10     	; 0x575c <main+0xdcc>
    5766:	e8 ce       	rjmp	.-560    	; 0x5538 <main+0xba8>
jtag_scope_general():
/Users/askn/Develop/UPDI4AVR-USB/src/jtag.cpp:197
        /* _index == 0-5 */
        memcpy_P(&packet.in.data[0], &jtag_version[_index], _length);
        D1PRINTF(" VESRION=");
        D1PRINTHEX(&packet.in.data[0], _length, ':');
      }
      else if (_section == 1) {     /* SET_GET_CTXT_PHYSICAL */
    5768:	91 e0       	ldi	r25, 0x01	; 1
    576a:	69 12       	cpse	r6, r25
    576c:	7a cf       	rjmp	.-268    	; 0x5662 <main+0xcd2>
/Users/askn/Develop/UPDI4AVR-USB/src/jtag.cpp:198
        if (_index == 0 || _index == 0x20) {  /* PARM3_VTARGET */
    576e:	87 2d       	mov	r24, r7
    5770:	8f 7d       	andi	r24, 0xDF	; 223
    5772:	f9 f4       	brne	.+62     	; 0x57b2 <main+0xe22>
/Users/askn/Develop/UPDI4AVR-USB/src/jtag.cpp:200
          /* Called with `-xvtarget` HAS_VTARG_READ */
          _vtarget = SYS::get_vdd();
    5774:	0e 94 a9 0a 	call	0x1552	; 0x1552 <SYS::get_vdd()>
    5778:	80 93 ea 60 	sts	0x60EA, r24	; 0x8060ea <_vtarget>
    577c:	90 93 eb 60 	sts	0x60EB, r25	; 0x8060eb <_vtarget+0x1>
/Users/askn/Develop/UPDI4AVR-USB/src/jtag.cpp:201
          D1PRINTF(" VTARGET=%d\r\n", _vtarget);
    5780:	9f 93       	push	r25
    5782:	8f 93       	push	r24
    5784:	8c e5       	ldi	r24, 0x5C	; 92
    5786:	95 e0       	ldi	r25, 0x05	; 5
    5788:	9f 93       	push	r25
    578a:	8f 93       	push	r24
    578c:	1f 93       	push	r17
    578e:	0f 93       	push	r16
    5790:	0e 94 3e 0e 	call	0x1c7c	; 0x1c7c <Print::printf(PGM_t const*, ...) [clone .constprop.16]>
/Users/askn/Develop/UPDI4AVR-USB/src/jtag.cpp:202
          packet.in.wValue = _vtarget;
    5794:	80 91 ea 60 	lds	r24, 0x60EA	; 0x8060ea <_vtarget>
    5798:	90 91 eb 60 	lds	r25, 0x60EB	; 0x8060eb <_vtarget+0x1>
jtag_scope_avr_core():
/Users/askn/Develop/UPDI4AVR-USB/src/jtag.cpp:420
          packet.in.data[0] = _jtag_conn;
        }
        else if (_index == 0x31) {  /* PARM3_CLK_XMEGA_PDI */
          /* `-B <num>khz` : "khz" units are required. */
          D1PRINTF(" XCLK=%d\r\n", _xclk);
          packet.in.wValue = _xclk;
    579c:	80 93 0e 61 	sts	0x610E, r24	; 0x80610e <packet+0x7>
    57a0:	90 93 0f 61 	sts	0x610F, r25	; 0x80610f <packet+0x8>
jtag_scope_edbg():
/Users/askn/Develop/UPDI4AVR-USB/src/jtag.cpp:272
      D1PRINTF(" AVR_GET_PARAM\r\n");
      if (_section == 0) {          /* SET_GET_CTXT_CONFIG */
        if (_index == 0x10) {       /* EDBG_CONTROL_TARGET_POWER */
          /* Called with `-xvtarget_switch` HAS_VTARG_SWITCH */
          D1PRINTF(" TARGET_POWER=%02X\r\n", _jtag_vpow);
          packet.in.data[0] = _jtag_vpow;
    57a4:	0f 90       	pop	r0
    57a6:	0f 90       	pop	r0
    57a8:	0f 90       	pop	r0
    57aa:	0f 90       	pop	r0
    57ac:	0f 90       	pop	r0
    57ae:	0f 90       	pop	r0
    57b0:	58 cf       	rjmp	.-336    	; 0x5662 <main+0xcd2>
jtag_scope_general():
/Users/askn/Develop/UPDI4AVR-USB/src/jtag.cpp:206
          D1PRINTF(" VTARGET=%d\r\n", _vtarget);
          packet.in.wValue = _vtarget;
        }
        else {                      /* PARM3_ANALOG_XXXX */
          /* Called with PowerDebugger HAS_VTARG_ADJ */
          D1PRINTF(" PHYSICAL\r\n");
    57b2:	80 e5       	ldi	r24, 0x50	; 80
    57b4:	95 e0       	ldi	r25, 0x05	; 5
    57b6:	9f 93       	push	r25
    57b8:	8f 93       	push	r24
    57ba:	1f 93       	push	r17
    57bc:	0f 93       	push	r16
    57be:	0e 94 3e 0e 	call	0x1c7c	; 0x1c7c <Print::printf(PGM_t const*, ...) [clone .constprop.16]>
/Users/askn/Develop/UPDI4AVR-USB/src/jtag.cpp:207
          memcpy_P(&packet.in.data[0], &jtag_physical[_index & 7], _length);
    57c2:	67 2d       	mov	r22, r7
    57c4:	67 70       	andi	r22, 0x07	; 7
    57c6:	70 e0       	ldi	r23, 0x00	; 0
    57c8:	68 5b       	subi	r22, 0xB8	; 184
    57ca:	7a 4f       	sbci	r23, 0xFA	; 250
    57cc:	a7 01       	movw	r20, r14
    57ce:	8e e0       	ldi	r24, 0x0E	; 14
    57d0:	91 e6       	ldi	r25, 0x61	; 97
    57d2:	94 d6       	rcall	.+3368   	; 0x64fc <memcpy_P>
    57d4:	42 cf       	rjmp	.-380    	; 0x565a <main+0xcca>
/Users/askn/Develop/UPDI4AVR-USB/src/jtag.cpp:213
        }
      }
      packet.in.res = 0x184;        /* RSP3_DATA */
      _rspsize = _length + 1;
    }
    else if (_cmd == 0x10) {        /* CMD3_SIGN_ON */
    57d6:	90 31       	cpi	r25, 0x10	; 16
    57d8:	09 f0       	breq	.+2      	; 0x57dc <main+0xe4c>
    57da:	41 c0       	rjmp	.+130    	; 0x585e <main+0xece>
/Users/askn/Develop/UPDI4AVR-USB/src/jtag.cpp:214
      D1PRINTF(" GEN_SIGN_ON\r\n");
    57dc:	89 e3       	ldi	r24, 0x39	; 57
    57de:	95 e0       	ldi	r25, 0x05	; 5
    57e0:	9f 93       	push	r25
    57e2:	8f 93       	push	r24
    57e4:	1f 93       	push	r17
    57e6:	0f 93       	push	r16
    57e8:	0e 94 3e 0e 	call	0x1c7c	; 0x1c7c <Print::printf(PGM_t const*, ...) [clone .constprop.16]>
/Users/askn/Develop/UPDI4AVR-USB/src/jtag.cpp:215
      PGCONF = 0;
    57ec:	1f ba       	out	0x1f, r1	; 31
/Users/askn/Develop/UPDI4AVR-USB/src/jtag.cpp:216
      _jtag_hvctrl = 0;
    57ee:	10 92 06 61 	sts	0x6106, r1	; 0x806106 <_jtag_hvctrl>
/Users/askn/Develop/UPDI4AVR-USB/src/jtag.cpp:218
      _jtag_unlock = 0;   /* This is not used. */
      _jtag_arch = 0;
    57f2:	10 92 83 63 	sts	0x6383, r1	; 0x806383 <_jtag_arch>
/Users/askn/Develop/UPDI4AVR-USB/src/jtag.cpp:219
      _jtag_vpow = 1;
    57f6:	f0 92 55 63 	sts	0x6355, r15	; 0x806355 <_jtag_vpow>
/Users/askn/Develop/UPDI4AVR-USB/src/jtag.cpp:220
      _xclk = ISP_CLK;
    57fa:	88 ec       	ldi	r24, 0xC8	; 200
    57fc:	90 e0       	ldi	r25, 0x00	; 0
    57fe:	80 93 84 63 	sts	0x6384, r24	; 0x806384 <_xclk>
    5802:	90 93 85 63 	sts	0x6385, r25	; 0x806385 <_xclk+0x1>
/Users/askn/Develop/UPDI4AVR-USB/src/jtag.cpp:221
      packet.in.res = 0x80;         /* RSP3_OK */
    5806:	80 e8       	ldi	r24, 0x80	; 128
    5808:	90 e0       	ldi	r25, 0x00	; 0
    580a:	80 93 0c 61 	sts	0x610C, r24	; 0x80610c <packet+0x5>
    580e:	90 93 0d 61 	sts	0x610D, r25	; 0x80610d <packet+0x6>
/Users/askn/Develop/UPDI4AVR-USB/src/jtag.cpp:222
      memcpy_P(&packet.in.data, jtag_sign_on, sizeof(jtag_sign_on));
    5812:	4a e0       	ldi	r20, 0x0A	; 10
    5814:	50 e0       	ldi	r21, 0x00	; 0
    5816:	6f e2       	ldi	r22, 0x2F	; 47
    5818:	75 e0       	ldi	r23, 0x05	; 5
    581a:	8e e0       	ldi	r24, 0x0E	; 14
    581c:	91 e6       	ldi	r25, 0x61	; 97
    581e:	6e d6       	rcall	.+3292   	; 0x64fc <memcpy_P>
    5820:	0f 90       	pop	r0
    5822:	0f 90       	pop	r0
    5824:	0f 90       	pop	r0
    5826:	0f 90       	pop	r0
main():
/Users/askn/Develop/UPDI4AVR-USB/src/jtag.cpp:223
      _rspsize = sizeof(jtag_sign_on);
    5828:	8a e0       	ldi	r24, 0x0A	; 10
    582a:	90 e0       	ldi	r25, 0x00	; 0
complete_jtag_transactions():
/Users/askn/Develop/UPDI4AVR-USB/src/jtag.cpp:168
    return _result; /* True if an EDBG Payload is received. */
  }

  /*** Prepare for EDBG payload request from device to host ***/
  void complete_jtag_transactions (size_t _length) {
    _packet_length = _length + 6; /* TOKEN + SEQ[2] + EOT + PAD */
    582c:	9c 01       	movw	r18, r24
    582e:	2a 5f       	subi	r18, 0xFA	; 250
    5830:	3f 4f       	sbci	r19, 0xFF	; 255
    5832:	20 93 23 63 	sts	0x6323, r18	; 0x806323 <_packet_length>
    5836:	30 93 24 63 	sts	0x6324, r19	; 0x806324 <_packet_length+0x1>
/Users/askn/Develop/UPDI4AVR-USB/src/jtag.cpp:169
    _packet_fragment = 0;
    583a:	10 92 ed 60 	sts	0x60ED, r1	; 0x8060ed <_packet_fragment>
/Users/askn/Develop/UPDI4AVR-USB/src/jtag.cpp:170
    _packet_endfrag = (_length + 65) / 60;  /* 1 to 15 */
    583e:	8f 5b       	subi	r24, 0xBF	; 191
    5840:	9f 4f       	sbci	r25, 0xFF	; 255
    5842:	6c e3       	ldi	r22, 0x3C	; 60
    5844:	70 e0       	ldi	r23, 0x00	; 0
    5846:	0e 94 35 35 	call	0x6a6a	; 0x6a6a <__udivmodhi4>
    584a:	60 93 ec 60 	sts	0x60EC, r22	; 0x8060ec <_packet_endfrag>
/Users/askn/Develop/UPDI4AVR-USB/src/jtag.cpp:171
    packet.in.token = 0x0E;                 /* TOKEN */
    584e:	8e e0       	ldi	r24, 0x0E	; 14
    5850:	80 93 08 61 	sts	0x6108, r24	; 0x806108 <packet+0x1>
/Users/askn/Develop/UPDI4AVR-USB/src/jtag.cpp:172
    packet.rawData[_packet_length] = 0;     /* EOT */
    5854:	29 5f       	subi	r18, 0xF9	; 249
    5856:	3e 49       	sbci	r19, 0x9E	; 158
    5858:	f9 01       	movw	r30, r18
    585a:	10 82       	st	Z, r1
    585c:	e8 c9       	rjmp	.-3120   	; 0x4c2e <main+0x29e>
jtag_scope_general():
/Users/askn/Develop/UPDI4AVR-USB/src/jtag.cpp:225
      _xclk = ISP_CLK;
      packet.in.res = 0x80;         /* RSP3_OK */
      memcpy_P(&packet.in.data, jtag_sign_on, sizeof(jtag_sign_on));
      _rspsize = sizeof(jtag_sign_on);
    }
    else if (_cmd == 0x11) {        /* CMD3_SIGN_OFF */
    585e:	91 31       	cpi	r25, 0x11	; 17
    5860:	d9 f4       	brne	.+54     	; 0x5898 <main+0xf08>
/Users/askn/Develop/UPDI4AVR-USB/src/jtag.cpp:226
      D1PRINTF(" GEN_SIGN_OFF\r\n");
    5862:	8f e1       	ldi	r24, 0x1F	; 31
    5864:	95 e0       	ldi	r25, 0x05	; 5
    5866:	9f 93       	push	r25
    5868:	8f 93       	push	r24
    586a:	1f 93       	push	r17
    586c:	0f 93       	push	r16
    586e:	0e 94 3e 0e 	call	0x1c7c	; 0x1c7c <Print::printf(PGM_t const*, ...) [clone .constprop.16]>
/Users/askn/Develop/UPDI4AVR-USB/src/jtag.cpp:227
      if (bit_is_clear(GPCONF, GPCONF_VCP_bp)) {
    5872:	0f 90       	pop	r0
    5874:	0f 90       	pop	r0
    5876:	0f 90       	pop	r0
    5878:	0f 90       	pop	r0
    587a:	f1 99       	sbic	0x1e, 1	; 30
    587c:	04 c0       	rjmp	.+8      	; 0x5886 <main+0xef6>
/Users/askn/Develop/UPDI4AVR-USB/src/jtag.cpp:228
        USART::setup();
    587e:	0e 94 88 12 	call	0x2510	; 0x2510 <USART::setup()>
/Users/askn/Develop/UPDI4AVR-USB/src/jtag.cpp:229
        USART::change_vcp();
    5882:	0e 94 26 0f 	call	0x1e4c	; 0x1e4c <USART::change_vcp()>
/Users/askn/Develop/UPDI4AVR-USB/src/jtag.cpp:231
      }
      packet.in.res = 0x80;         /* RSP3_OK */
    5886:	80 e8       	ldi	r24, 0x80	; 128
    5888:	90 e0       	ldi	r25, 0x00	; 0
    588a:	80 93 0c 61 	sts	0x610C, r24	; 0x80610c <packet+0x5>
    588e:	90 93 0d 61 	sts	0x610D, r25	; 0x80610d <packet+0x6>
main():
/Users/askn/Develop/UPDI4AVR-USB/src/jtag.cpp:244
  // MARK: EDBG

  /*** The EDBG scope provides access to the writer's hardware specifications. ***/
  /* There is no impact on operation if it is not called at all. */
  size_t jtag_scope_edbg (void) {
    size_t  _rspsize = 0;
    5892:	90 e0       	ldi	r25, 0x00	; 0
    5894:	80 e0       	ldi	r24, 0x00	; 0
    5896:	ca cf       	rjmp	.-108    	; 0x582c <main+0xe9c>
jtag_scope_general():
/Users/askn/Develop/UPDI4AVR-USB/src/jtag.cpp:234
        USART::change_vcp();
      }
      packet.in.res = 0x80;         /* RSP3_OK */
    }
    else {
      D1PRINTF(" ?GEN=%02X:%02X:%02X\r\n", _section, _index, _length);
    5898:	1f 92       	push	r1
    589a:	8f 93       	push	r24
    589c:	1f 92       	push	r1
    589e:	7f 92       	push	r7
    58a0:	1f 92       	push	r1
    58a2:	6f 92       	push	r6
    58a4:	88 e0       	ldi	r24, 0x08	; 8
    58a6:	95 e0       	ldi	r25, 0x05	; 5
    58a8:	9f 93       	push	r25
    58aa:	8f 93       	push	r24
    58ac:	1f 93       	push	r17
    58ae:	0f 93       	push	r16
    58b0:	0e 94 3e 0e 	call	0x1c7c	; 0x1c7c <Print::printf(PGM_t const*, ...) [clone .constprop.16]>
jtag_scope_avr_core():
/Users/askn/Develop/UPDI4AVR-USB/src/jtag.cpp:452
      D1PRINTF(" AVR_START_DW_DEBUG:ARCH=%d:FAILED\r\n", _jtag_arch);
      /* Not yet supported. */
    }
    else {
      D1PRINTF(" AVR_CMD?[%02X] ARCH=%d\r\n", _cmd, _jtag_arch);
      packet.in.res = 0xA0;         /* RSP3_FAILED */
    58b4:	cd bf       	out	0x3d, r28	; 61
    58b6:	de bf       	out	0x3e, r29	; 62
    58b8:	ec cf       	rjmp	.-40     	; 0x5892 <main+0xf02>
jtag_scope_branch():
/Users/askn/Develop/UPDI4AVR-USB/src/jtag.cpp:476
    else if (_scope == 0x00) _rspsize = jtag_scope_info();          /* SCOPE_INFO */ /* Not used with EDBG/CMSIS-DAP type */
    else if (_scope == 0x13) _rspsize = AVR32::jtag_scope_avr32();  /* SCOPE_AVR32 */
  #endif
  #ifdef CONFIG_PGM_ISP_ENABLE
    /* This scope complies with the JTAG2 standard. */
    else if (_scope == 0x11) _rspsize = ISP::jtag_scope_isp();      /* SCOPE_AVR_ISP */
    58ba:	f1 e1       	ldi	r31, 0x11	; 17
    58bc:	ff 12       	cpse	r15, r31
    58be:	03 c0       	rjmp	.+6      	; 0x58c6 <main+0xf36>
    58c0:	0e 94 1a 22 	call	0x4434	; 0x4434 <ISP::jtag_scope_isp()>
    58c4:	b3 cf       	rjmp	.-154    	; 0x582c <main+0xe9c>
/Users/askn/Develop/UPDI4AVR-USB/src/jtag.cpp:478
  #endif
    else if (_scope == 0x12) _rspsize = jtag_scope_avr_core();      /* SCOPE_AVR */
    58c6:	22 e1       	ldi	r18, 0x12	; 18
    58c8:	f2 12       	cpse	r15, r18
    58ca:	23 c4       	rjmp	.+2118   	; 0x6112 <main+0x1782>
jtag_scope_avr_core():
/Users/askn/Develop/UPDI4AVR-USB/src/jtag.cpp:286
  // MARK: SCOPE

  /* The AVR scope is further branched by the ARCH designator. */
  size_t jtag_scope_avr_core (void) {
    size_t  _rspsize = 0;
    uint8_t _cmd     = packet.out.cmd;
    58cc:	80 91 0c 61 	lds	r24, 0x610C	; 0x80610c <packet+0x5>
/Users/askn/Develop/UPDI4AVR-USB/src/jtag.cpp:287
    uint8_t _section = packet.out.section;
    58d0:	d0 90 0e 61 	lds	r13, 0x610E	; 0x80610e <packet+0x7>
/Users/askn/Develop/UPDI4AVR-USB/src/jtag.cpp:288
    uint8_t _index   = packet.out.index;
    58d4:	c0 90 0f 61 	lds	r12, 0x610F	; 0x80610f <packet+0x8>
/Users/askn/Develop/UPDI4AVR-USB/src/jtag.cpp:289
    uint8_t _length  = packet.out.length;
    58d8:	70 90 10 61 	lds	r7, 0x6110	; 0x806110 <packet+0x9>
/Users/askn/Develop/UPDI4AVR-USB/src/jtag.cpp:290
    if (_cmd == 0x01) {             /* CMD3_SET_PARAMETER */
    58dc:	81 30       	cpi	r24, 0x01	; 1
    58de:	09 f0       	breq	.+2      	; 0x58e2 <main+0xf52>
    58e0:	04 c1       	rjmp	.+520    	; 0x5aea <main+0x115a>
/Users/askn/Develop/UPDI4AVR-USB/src/jtag.cpp:291
      D1PRINTF(",S=%02X,I=%02X,L=%02X\r\n", _section, _index, _length);
    58e2:	e7 2c       	mov	r14, r7
    58e4:	f1 2c       	mov	r15, r1
    58e6:	1f 92       	push	r1
    58e8:	7f 92       	push	r7
    58ea:	1f 92       	push	r1
    58ec:	cf 92       	push	r12
    58ee:	1f 92       	push	r1
    58f0:	df 92       	push	r13
    58f2:	80 e8       	ldi	r24, 0x80	; 128
    58f4:	98 e0       	ldi	r25, 0x08	; 8
    58f6:	9f 93       	push	r25
    58f8:	8f 93       	push	r24
    58fa:	1f 93       	push	r17
    58fc:	0f 93       	push	r16
    58fe:	0e 94 3e 0e 	call	0x1c7c	; 0x1c7c <Print::printf(PGM_t const*, ...) [clone .constprop.16]>
/Users/askn/Develop/UPDI4AVR-USB/src/jtag.cpp:292
      packet.out.setData[_length] = 0;
    5902:	f7 01       	movw	r30, r14
    5904:	e9 5f       	subi	r30, 0xF9	; 249
    5906:	fe 49       	sbci	r31, 0x9E	; 158
    5908:	12 86       	std	Z+10, r1	; 0x0a
/Users/askn/Develop/UPDI4AVR-USB/src/jtag.cpp:293
      uint16_t _data = packet.out.wValue;
    590a:	e0 90 11 61 	lds	r14, 0x6111	; 0x806111 <packet+0xa>
    590e:	f0 90 12 61 	lds	r15, 0x6112	; 0x806112 <packet+0xb>
/Users/askn/Develop/UPDI4AVR-USB/src/jtag.cpp:295
  #if defined(DEBUG) && (DEBUG >= 1)
      if (_length == 9) {
    5912:	cd bf       	out	0x3d, r28	; 61
    5914:	de bf       	out	0x3e, r29	; 62
    5916:	99 e0       	ldi	r25, 0x09	; 9
    5918:	79 12       	cpse	r7, r25
    591a:	2b c0       	rjmp	.+86     	; 0x5972 <main+0xfe2>
/Users/askn/Develop/UPDI4AVR-USB/src/jtag.cpp:296
        D1PRINTF(" AVR_SET_PARAM\r\n");
    591c:	8f e6       	ldi	r24, 0x6F	; 111
    591e:	98 e0       	ldi	r25, 0x08	; 8
    5920:	9f 93       	push	r25
    5922:	8f 93       	push	r24
    5924:	1f 93       	push	r17
    5926:	0f 93       	push	r16
    5928:	0e 94 3e 0e 	call	0x1c7c	; 0x1c7c <Print::printf(PGM_t const*, ...) [clone .constprop.16]>
    592c:	0f 90       	pop	r0
    592e:	0f 90       	pop	r0
    5930:	0f 90       	pop	r0
    5932:	0f 90       	pop	r0
/Users/askn/Develop/UPDI4AVR-USB/src/jtag.cpp:306
      }
      else {
        D1PRINTF(" AVR_SET_PARAM=%04X\r\n", _data);
      }
  #endif
      if (_section == 0) {          /* SET_GET_CTXT_CONFIG */
    5934:	d1 10       	cpse	r13, r1
    5936:	5e c0       	rjmp	.+188    	; 0x59f4 <main+0x1064>
/Users/askn/Develop/UPDI4AVR-USB/src/jtag.cpp:307
        if (_index == 0) {          /* PARM3_ARCH */
    5938:	c1 10       	cpse	r12, r1
    593a:	54 c0       	rjmp	.+168    	; 0x59e4 <main+0x1054>
/Users/askn/Develop/UPDI4AVR-USB/src/jtag.cpp:309
          uint8_t _d = _data;
          D1PRINTF(" SET_ARCH=%02X\r\n", _d);
    593c:	c7 01       	movw	r24, r14
    593e:	99 27       	eor	r25, r25
    5940:	9f 93       	push	r25
    5942:	8f 93       	push	r24
    5944:	82 e3       	ldi	r24, 0x32	; 50
    5946:	98 e0       	ldi	r25, 0x08	; 8
    5948:	9f 93       	push	r25
    594a:	8f 93       	push	r24
    594c:	1f 93       	push	r17
    594e:	0f 93       	push	r16
    5950:	0e 94 3e 0e 	call	0x1c7c	; 0x1c7c <Print::printf(PGM_t const*, ...) [clone .constprop.16]>
/Users/askn/Develop/UPDI4AVR-USB/src/jtag.cpp:310
          _jtag_arch = _d;          /* 5:UPDI 3:PDI 2,1:ISP */
    5954:	e0 92 83 63 	sts	0x6383, r14	; 0x806383 <_jtag_arch>
/Users/askn/Develop/UPDI4AVR-USB/src/jtag.cpp:312
  #ifdef CONFIG_PGM_PDI_ENABLE
          if (_d == 3) {
    5958:	0f 90       	pop	r0
    595a:	0f 90       	pop	r0
    595c:	0f 90       	pop	r0
    595e:	0f 90       	pop	r0
    5960:	0f 90       	pop	r0
    5962:	0f 90       	pop	r0
    5964:	f3 e0       	ldi	r31, 0x03	; 3
    5966:	ef 12       	cpse	r14, r31
    5968:	1e c0       	rjmp	.+60     	; 0x59a6 <main+0x1016>
/Users/askn/Develop/UPDI4AVR-USB/src/jtag.cpp:313
            pinLogicPull(PIN_PGM_PDAT);
    596a:	04 9a       	sbi	0x00, 4	; 0
main():
/Users/askn/Develop/UPDI4AVR-USB/src/jtag.cpp:317
          }
  #endif
          if (_d > 2) {
            _xclk = _d == 5 ? UPDI_CLK : PDI_CLK;
    596c:	84 ec       	ldi	r24, 0xC4	; 196
    596e:	99 e0       	ldi	r25, 0x09	; 9
    5970:	22 c0       	rjmp	.+68     	; 0x59b6 <main+0x1026>
jtag_scope_avr_core():
/Users/askn/Develop/UPDI4AVR-USB/src/jtag.cpp:298
      uint16_t _data = packet.out.wValue;
  #if defined(DEBUG) && (DEBUG >= 1)
      if (_length == 9) {
        D1PRINTF(" AVR_SET_PARAM\r\n");
      }
      else if (_length == 10) {
    5972:	ea e0       	ldi	r30, 0x0A	; 10
    5974:	7e 12       	cpse	r7, r30
    5976:	12 c0       	rjmp	.+36     	; 0x599c <main+0x100c>
/Users/askn/Develop/UPDI4AVR-USB/src/jtag.cpp:299
        _data &= 0xFF;
    5978:	ff 24       	eor	r15, r15
/Users/askn/Develop/UPDI4AVR-USB/src/jtag.cpp:300
        D1PRINTF(" AVR_SET_PARAM=%02X\r\n", _data);
    597a:	ff 92       	push	r15
    597c:	ef 92       	push	r14
    597e:	89 e5       	ldi	r24, 0x59	; 89
    5980:	98 e0       	ldi	r25, 0x08	; 8
/Users/askn/Develop/UPDI4AVR-USB/src/jtag.cpp:303
      }
      else {
        D1PRINTF(" AVR_SET_PARAM=%04X\r\n", _data);
    5982:	9f 93       	push	r25
    5984:	8f 93       	push	r24
    5986:	1f 93       	push	r17
    5988:	0f 93       	push	r16
    598a:	0e 94 3e 0e 	call	0x1c7c	; 0x1c7c <Print::printf(PGM_t const*, ...) [clone .constprop.16]>
    598e:	0f 90       	pop	r0
    5990:	0f 90       	pop	r0
    5992:	0f 90       	pop	r0
    5994:	0f 90       	pop	r0
    5996:	0f 90       	pop	r0
    5998:	0f 90       	pop	r0
    599a:	cc cf       	rjmp	.-104    	; 0x5934 <main+0xfa4>
    599c:	ff 92       	push	r15
    599e:	ef 92       	push	r14
    59a0:	83 e4       	ldi	r24, 0x43	; 67
    59a2:	98 e0       	ldi	r25, 0x08	; 8
    59a4:	ee cf       	rjmp	.-36     	; 0x5982 <main+0xff2>
/Users/askn/Develop/UPDI4AVR-USB/src/jtag.cpp:316
  #ifdef CONFIG_PGM_PDI_ENABLE
          if (_d == 3) {
            pinLogicPull(PIN_PGM_PDAT);
          }
  #endif
          if (_d > 2) {
    59a6:	22 e0       	ldi	r18, 0x02	; 2
    59a8:	2e 15       	cp	r18, r14
    59aa:	68 f4       	brcc	.+26     	; 0x59c6 <main+0x1036>
/Users/askn/Develop/UPDI4AVR-USB/src/jtag.cpp:317
            _xclk = _d == 5 ? UPDI_CLK : PDI_CLK;
    59ac:	35 e0       	ldi	r19, 0x05	; 5
main():
    59ae:	81 ee       	ldi	r24, 0xE1	; 225
    59b0:	90 e0       	ldi	r25, 0x00	; 0
jtag_scope_avr_core():
    59b2:	e3 12       	cpse	r14, r19
    59b4:	db cf       	rjmp	.-74     	; 0x596c <main+0xfdc>
    59b6:	80 93 84 63 	sts	0x6384, r24	; 0x806384 <_xclk>
    59ba:	90 93 85 63 	sts	0x6385, r25	; 0x806385 <_xclk+0x1>
/Users/askn/Develop/UPDI4AVR-USB/src/jtag.cpp:318
            _xclk_bak = _xclk;
    59be:	80 93 e8 60 	sts	0x60E8, r24	; 0x8060e8 <_xclk_bak>
    59c2:	90 93 e9 60 	sts	0x60E9, r25	; 0x8060e9 <_xclk_bak+0x1>
/Users/askn/Develop/UPDI4AVR-USB/src/jtag.cpp:320
          }
          D1PRINTF(" XCLK=%d\r\n", _xclk);
    59c6:	80 91 85 63 	lds	r24, 0x6385	; 0x806385 <_xclk+0x1>
    59ca:	8f 93       	push	r24
    59cc:	80 91 84 63 	lds	r24, 0x6384	; 0x806384 <_xclk>
    59d0:	8f 93       	push	r24
    59d2:	87 e2       	ldi	r24, 0x27	; 39
    59d4:	98 e0       	ldi	r25, 0x08	; 8
/Users/askn/Develop/UPDI4AVR-USB/src/jtag.cpp:396
        }
        else if (_index == 7) {     /* PARM3_OPT_CHIP_ERASE_TO_ENTER */
          /* This is a stub that shows no signs of being used. */
          /* force unlock chip-erase */
          /* This might be called having no `-e` or `-D`, but having `-F`. */
          D1PRINTF(" UNLOCKEN=%02X\r\n", _data);
    59d6:	9f 93       	push	r25
    59d8:	8f 93       	push	r24
    59da:	1f 93       	push	r17
    59dc:	0f 93       	push	r16
    59de:	0e 94 3e 0e 	call	0x1c7c	; 0x1c7c <Print::printf(PGM_t const*, ...) [clone .constprop.16]>
    59e2:	19 c0       	rjmp	.+50     	; 0x5a16 <main+0x1086>
/Users/askn/Develop/UPDI4AVR-USB/src/jtag.cpp:322
            _xclk = _d == 5 ? UPDI_CLK : PDI_CLK;
            _xclk_bak = _xclk;
          }
          D1PRINTF(" XCLK=%d\r\n", _xclk);
        }
        else if (_index == 1) {     /* PARM3_SESS_PURPOSE */
    59e4:	41 e0       	ldi	r20, 0x01	; 1
    59e6:	c4 12       	cpse	r12, r20
    59e8:	4e cf       	rjmp	.-356    	; 0x5886 <main+0xef6>
/Users/askn/Develop/UPDI4AVR-USB/src/jtag.cpp:323
          D1PRINTF(" SESS_PURPOSE=%02X\r\n", _data);
    59ea:	ff 92       	push	r15
    59ec:	ef 92       	push	r14
    59ee:	82 e1       	ldi	r24, 0x12	; 18
    59f0:	98 e0       	ldi	r25, 0x08	; 8
    59f2:	f1 cf       	rjmp	.-30     	; 0x59d6 <main+0x1046>
/Users/askn/Develop/UPDI4AVR-USB/src/jtag.cpp:327
          _jtag_sess = _data;
        }
      }
      else if (_section == 1) {     /* SET_GET_CTXT_PHYSICAL */
    59f4:	81 e0       	ldi	r24, 0x01	; 1
    59f6:	d8 12       	cpse	r13, r24
    59f8:	44 c0       	rjmp	.+136    	; 0x5a82 <main+0x10f2>
/Users/askn/Develop/UPDI4AVR-USB/src/jtag.cpp:328
        if (_index == 0) {          /* PARM3_CONNECTION */
    59fa:	c1 10       	cpse	r12, r1
    59fc:	13 c0       	rjmp	.+38     	; 0x5a24 <main+0x1094>
/Users/askn/Develop/UPDI4AVR-USB/src/jtag.cpp:329
          D1PRINTF(" CONNECTION=%02X\r\n", _data);
    59fe:	ff 92       	push	r15
    5a00:	ef 92       	push	r14
    5a02:	8f ef       	ldi	r24, 0xFF	; 255
    5a04:	97 e0       	ldi	r25, 0x07	; 7
    5a06:	9f 93       	push	r25
    5a08:	8f 93       	push	r24
    5a0a:	1f 93       	push	r17
    5a0c:	0f 93       	push	r16
    5a0e:	0e 94 3e 0e 	call	0x1c7c	; 0x1c7c <Print::printf(PGM_t const*, ...) [clone .constprop.16]>
/Users/askn/Develop/UPDI4AVR-USB/src/jtag.cpp:330
          _jtag_conn = _data;       /* 8:PARM3_CONN_UPDI */
    5a12:	e0 92 e7 60 	sts	0x60E7, r14	; 0x8060e7 <_jtag_conn>
/Users/askn/Develop/UPDI4AVR-USB/src/jtag.cpp:390
      }
      else if (_section == 3) {     /* SET_GET_CTXT_OPTIONS */
        if (_index == 6) {          /* PARM3_OPT_12V_UPDI_ENABLE */
          /* Called with `-xhvupdi` hvupdi_support */
          D1PRINTF(" HVCTRLEN=%02X\r\n", _data);
          _jtag_hvctrl = _data;     /* 1:ENABLE */
    5a16:	0f 90       	pop	r0
    5a18:	0f 90       	pop	r0
    5a1a:	0f 90       	pop	r0
    5a1c:	0f 90       	pop	r0
    5a1e:	0f 90       	pop	r0
    5a20:	0f 90       	pop	r0
    5a22:	31 cf       	rjmp	.-414    	; 0x5886 <main+0xef6>
/Users/askn/Develop/UPDI4AVR-USB/src/jtag.cpp:332
      else if (_section == 1) {     /* SET_GET_CTXT_PHYSICAL */
        if (_index == 0) {          /* PARM3_CONNECTION */
          D1PRINTF(" CONNECTION=%02X\r\n", _data);
          _jtag_conn = _data;       /* 8:PARM3_CONN_UPDI */
        }
        else if (_index == 0x31) {  /* PARM3_CLK_XMEGA_PDI */
    5a24:	91 e3       	ldi	r25, 0x31	; 49
    5a26:	c9 12       	cpse	r12, r25
    5a28:	2e cf       	rjmp	.-420    	; 0x5886 <main+0xef6>
/Users/askn/Develop/UPDI4AVR-USB/src/jtag.cpp:335
          /* Called with `-B xclk[unit]`. */
          /* XCLK Range Limitation : LSB=kHz */
          if (_data == 0) _data = 1;
    5a2a:	e1 14       	cp	r14, r1
    5a2c:	f1 04       	cpc	r15, r1
    5a2e:	19 f4       	brne	.+6      	; 0x5a36 <main+0x10a6>
main():
    5a30:	ee 24       	eor	r14, r14
    5a32:	e3 94       	inc	r14
    5a34:	f1 2c       	mov	r15, r1
jtag_scope_avr_core():
/Users/askn/Develop/UPDI4AVR-USB/src/jtag.cpp:336
          _data = 1000 / _data;
    5a36:	88 ee       	ldi	r24, 0xE8	; 232
    5a38:	93 e0       	ldi	r25, 0x03	; 3
    5a3a:	b7 01       	movw	r22, r14
    5a3c:	0e 94 35 35 	call	0x6a6a	; 0x6a6a <__udivmodhi4>
    5a40:	7b 01       	movw	r14, r22
/Users/askn/Develop/UPDI4AVR-USB/src/jtag.cpp:338
  #if defined(DEBUG) && (DEBUG >= 1)
          if (_xclk != _data) D1PRINTF(" FIX_XCLK=%d\r\n", _data);
    5a42:	80 91 84 63 	lds	r24, 0x6384	; 0x806384 <_xclk>
    5a46:	90 91 85 63 	lds	r25, 0x6385	; 0x806385 <_xclk+0x1>
    5a4a:	68 17       	cp	r22, r24
    5a4c:	79 07       	cpc	r23, r25
    5a4e:	81 f0       	breq	.+32     	; 0x5a70 <main+0x10e0>
    5a50:	ff 92       	push	r15
    5a52:	6f 93       	push	r22
    5a54:	80 ef       	ldi	r24, 0xF0	; 240
    5a56:	97 e0       	ldi	r25, 0x07	; 7
    5a58:	9f 93       	push	r25
    5a5a:	8f 93       	push	r24
    5a5c:	1f 93       	push	r17
    5a5e:	0f 93       	push	r16
    5a60:	0e 94 3e 0e 	call	0x1c7c	; 0x1c7c <Print::printf(PGM_t const*, ...) [clone .constprop.16]>
    5a64:	0f 90       	pop	r0
    5a66:	0f 90       	pop	r0
    5a68:	0f 90       	pop	r0
    5a6a:	0f 90       	pop	r0
    5a6c:	0f 90       	pop	r0
    5a6e:	0f 90       	pop	r0
/Users/askn/Develop/UPDI4AVR-USB/src/jtag.cpp:340
  #endif
          _xclk = _xclk_bak = _data;
    5a70:	e0 92 e8 60 	sts	0x60E8, r14	; 0x8060e8 <_xclk_bak>
    5a74:	f0 92 e9 60 	sts	0x60E9, r15	; 0x8060e9 <_xclk_bak+0x1>
    5a78:	e0 92 84 63 	sts	0x6384, r14	; 0x806384 <_xclk>
    5a7c:	f0 92 85 63 	sts	0x6385, r15	; 0x806385 <_xclk+0x1>
    5a80:	02 cf       	rjmp	.-508    	; 0x5886 <main+0xef6>
/Users/askn/Develop/UPDI4AVR-USB/src/jtag.cpp:343
        }
      }
      else if (_section == 2) {     /* SET_GET_CTXT_DEVICE */
    5a82:	e2 e0       	ldi	r30, 0x02	; 2
    5a84:	de 12       	cpse	r13, r30
    5a86:	16 c0       	rjmp	.+44     	; 0x5ab4 <main+0x1124>
/Users/askn/Develop/UPDI4AVR-USB/src/jtag.cpp:344
        if (_index == 0) {          /* PARM3_DEVICEDESC */
    5a88:	c1 10       	cpse	r12, r1
    5a8a:	fd ce       	rjmp	.-518    	; 0x5886 <main+0xef6>
/Users/askn/Develop/UPDI4AVR-USB/src/jtag.cpp:345
          D1PRINTF(" DEVICEDESC=%X\r\n", _length);
    5a8c:	1f 92       	push	r1
    5a8e:	7f 92       	push	r7
    5a90:	8f ed       	ldi	r24, 0xDF	; 223
    5a92:	97 e0       	ldi	r25, 0x07	; 7
    5a94:	9f 93       	push	r25
    5a96:	8f 93       	push	r24
    5a98:	1f 93       	push	r17
    5a9a:	0f 93       	push	r16
    5a9c:	0e 94 3e 0e 	call	0x1c7c	; 0x1c7c <Print::printf(PGM_t const*, ...) [clone .constprop.16]>
/Users/askn/Develop/UPDI4AVR-USB/src/jtag.cpp:346
          memcpy(&Device_Descriptor, &packet.out.setData[0], _length & 63);
    5aa0:	47 2d       	mov	r20, r7
    5aa2:	4f 73       	andi	r20, 0x3F	; 63
    5aa4:	50 e0       	ldi	r21, 0x00	; 0
    5aa6:	61 e1       	ldi	r22, 0x11	; 17
    5aa8:	71 e6       	ldi	r23, 0x61	; 97
    5aaa:	85 e2       	ldi	r24, 0x25	; 37
    5aac:	93 e6       	ldi	r25, 0x63	; 99
    5aae:	0e 94 a1 35 	call	0x6b42	; 0x6b42 <memcpy>
    5ab2:	b1 cf       	rjmp	.-158    	; 0x5a16 <main+0x1086>
/Users/askn/Develop/UPDI4AVR-USB/src/jtag.cpp:386
          }
          /* STUB: And other descriptors. */
  #endif
        }
      }
      else if (_section == 3) {     /* SET_GET_CTXT_OPTIONS */
    5ab4:	f3 e0       	ldi	r31, 0x03	; 3
    5ab6:	df 12       	cpse	r13, r31
    5ab8:	e6 ce       	rjmp	.-564    	; 0x5886 <main+0xef6>
/Users/askn/Develop/UPDI4AVR-USB/src/jtag.cpp:387
        if (_index == 6) {          /* PARM3_OPT_12V_UPDI_ENABLE */
    5aba:	26 e0       	ldi	r18, 0x06	; 6
    5abc:	c2 12       	cpse	r12, r18
    5abe:	0d c0       	rjmp	.+26     	; 0x5ada <main+0x114a>
/Users/askn/Develop/UPDI4AVR-USB/src/jtag.cpp:389
          /* Called with `-xhvupdi` hvupdi_support */
          D1PRINTF(" HVCTRLEN=%02X\r\n", _data);
    5ac0:	ff 92       	push	r15
    5ac2:	ef 92       	push	r14
    5ac4:	8e ec       	ldi	r24, 0xCE	; 206
    5ac6:	97 e0       	ldi	r25, 0x07	; 7
    5ac8:	9f 93       	push	r25
    5aca:	8f 93       	push	r24
    5acc:	1f 93       	push	r17
    5ace:	0f 93       	push	r16
    5ad0:	0e 94 3e 0e 	call	0x1c7c	; 0x1c7c <Print::printf(PGM_t const*, ...) [clone .constprop.16]>
/Users/askn/Develop/UPDI4AVR-USB/src/jtag.cpp:390
          _jtag_hvctrl = _data;     /* 1:ENABLE */
    5ad4:	e0 92 06 61 	sts	0x6106, r14	; 0x806106 <_jtag_hvctrl>
    5ad8:	9e cf       	rjmp	.-196    	; 0x5a16 <main+0x1086>
/Users/askn/Develop/UPDI4AVR-USB/src/jtag.cpp:392
        }
        else if (_index == 7) {     /* PARM3_OPT_CHIP_ERASE_TO_ENTER */
    5ada:	37 e0       	ldi	r19, 0x07	; 7
    5adc:	c3 12       	cpse	r12, r19
    5ade:	d3 ce       	rjmp	.-602    	; 0x5886 <main+0xef6>
/Users/askn/Develop/UPDI4AVR-USB/src/jtag.cpp:396
          /* This is a stub that shows no signs of being used. */
          /* force unlock chip-erase */
          /* This might be called having no `-e` or `-D`, but having `-F`. */
          D1PRINTF(" UNLOCKEN=%02X\r\n", _data);
    5ae0:	ff 92       	push	r15
    5ae2:	ef 92       	push	r14
    5ae4:	8d eb       	ldi	r24, 0xBD	; 189
    5ae6:	97 e0       	ldi	r25, 0x07	; 7
    5ae8:	76 cf       	rjmp	.-276    	; 0x59d6 <main+0x1046>
/Users/askn/Develop/UPDI4AVR-USB/src/jtag.cpp:402
          _jtag_unlock = _data;     /* 1:ENABLE */
        }
      }
      packet.in.res = 0x80;         /* RSP3_OK */
    }
    else if (_cmd == 0x02) {        /* CMD3_GET_PARAMETER */
    5aea:	82 30       	cpi	r24, 0x02	; 2
    5aec:	09 f0       	breq	.+2      	; 0x5af0 <main+0x1160>
    5aee:	59 c0       	rjmp	.+178    	; 0x5ba2 <main+0x1212>
/Users/askn/Develop/UPDI4AVR-USB/src/jtag.cpp:403
      D1PRINTF(",S=%02X,I=%02X,L=%02X\r\n", _section, _index, _length);
    5af0:	e7 2c       	mov	r14, r7
    5af2:	f1 2c       	mov	r15, r1
    5af4:	1f 92       	push	r1
    5af6:	7f 92       	push	r7
    5af8:	1f 92       	push	r1
    5afa:	cf 92       	push	r12
    5afc:	1f 92       	push	r1
    5afe:	df 92       	push	r13
    5b00:	85 ea       	ldi	r24, 0xA5	; 165
    5b02:	97 e0       	ldi	r25, 0x07	; 7
    5b04:	9f 93       	push	r25
    5b06:	8f 93       	push	r24
    5b08:	1f 93       	push	r17
    5b0a:	0f 93       	push	r16
    5b0c:	0e 94 3e 0e 	call	0x1c7c	; 0x1c7c <Print::printf(PGM_t const*, ...) [clone .constprop.16]>
/Users/askn/Develop/UPDI4AVR-USB/src/jtag.cpp:404
      D1PRINTF(" AVR_GET_PARAMETER\r\n");
    5b10:	80 e9       	ldi	r24, 0x90	; 144
    5b12:	97 e0       	ldi	r25, 0x07	; 7
    5b14:	9f 93       	push	r25
    5b16:	8f 93       	push	r24
    5b18:	1f 93       	push	r17
    5b1a:	0f 93       	push	r16
    5b1c:	0e 94 3e 0e 	call	0x1c7c	; 0x1c7c <Print::printf(PGM_t const*, ...) [clone .constprop.16]>
/Users/askn/Develop/UPDI4AVR-USB/src/jtag.cpp:405
      if (_section == 0) {          /* SET_GET_CTXT_CONFIG */
    5b20:	cd bf       	out	0x3d, r28	; 61
    5b22:	de bf       	out	0x3e, r29	; 62
    5b24:	d1 10       	cpse	r13, r1
    5b26:	13 c0       	rjmp	.+38     	; 0x5b4e <main+0x11be>
/Users/askn/Develop/UPDI4AVR-USB/src/jtag.cpp:406
        if (_index == 0) {          /* PARM3_ARCH */
    5b28:	c1 10       	cpse	r12, r1
    5b2a:	9b cd       	rjmp	.-1226   	; 0x5662 <main+0xcd2>
/Users/askn/Develop/UPDI4AVR-USB/src/jtag.cpp:407
          D1PRINTF(" GET_ARCH=%02X\r\n", _jtag_arch);
    5b2c:	80 91 83 63 	lds	r24, 0x6383	; 0x806383 <_jtag_arch>
    5b30:	1f 92       	push	r1
    5b32:	8f 93       	push	r24
    5b34:	8f e7       	ldi	r24, 0x7F	; 127
    5b36:	97 e0       	ldi	r25, 0x07	; 7
    5b38:	9f 93       	push	r25
    5b3a:	8f 93       	push	r24
    5b3c:	1f 93       	push	r17
    5b3e:	0f 93       	push	r16
    5b40:	0e 94 3e 0e 	call	0x1c7c	; 0x1c7c <Print::printf(PGM_t const*, ...) [clone .constprop.16]>
/Users/askn/Develop/UPDI4AVR-USB/src/jtag.cpp:408
          packet.in.data[0] = _jtag_arch;
    5b44:	80 91 83 63 	lds	r24, 0x6383	; 0x806383 <_jtag_arch>
jtag_scope_edbg():
/Users/askn/Develop/UPDI4AVR-USB/src/jtag.cpp:272
      D1PRINTF(" AVR_GET_PARAM\r\n");
      if (_section == 0) {          /* SET_GET_CTXT_CONFIG */
        if (_index == 0x10) {       /* EDBG_CONTROL_TARGET_POWER */
          /* Called with `-xvtarget_switch` HAS_VTARG_SWITCH */
          D1PRINTF(" TARGET_POWER=%02X\r\n", _jtag_vpow);
          packet.in.data[0] = _jtag_vpow;
    5b48:	80 93 0e 61 	sts	0x610E, r24	; 0x80610e <packet+0x7>
    5b4c:	2b ce       	rjmp	.-938    	; 0x57a4 <main+0xe14>
jtag_scope_avr_core():
/Users/askn/Develop/UPDI4AVR-USB/src/jtag.cpp:411
        if (_index == 0) {          /* PARM3_ARCH */
          D1PRINTF(" GET_ARCH=%02X\r\n", _jtag_arch);
          packet.in.data[0] = _jtag_arch;
        }
      }
      else if (_section == 1) {     /* SET_GET_CTXT_PHYSICAL */
    5b4e:	91 e0       	ldi	r25, 0x01	; 1
    5b50:	d9 12       	cpse	r13, r25
    5b52:	87 cd       	rjmp	.-1266   	; 0x5662 <main+0xcd2>
/Users/askn/Develop/UPDI4AVR-USB/src/jtag.cpp:412
        if (_index == 0) {          /* PARM3_CONNECTION */
    5b54:	c1 10       	cpse	r12, r1
    5b56:	0f c0       	rjmp	.+30     	; 0x5b76 <main+0x11e6>
/Users/askn/Develop/UPDI4AVR-USB/src/jtag.cpp:414
          /* This is a stub that is called but not used. */
          D1PRINTF(" CONNECTION=%02X\r\n", _jtag_conn);
    5b58:	80 91 e7 60 	lds	r24, 0x60E7	; 0x8060e7 <_jtag_conn>
    5b5c:	1f 92       	push	r1
    5b5e:	8f 93       	push	r24
    5b60:	8c e6       	ldi	r24, 0x6C	; 108
    5b62:	97 e0       	ldi	r25, 0x07	; 7
    5b64:	9f 93       	push	r25
    5b66:	8f 93       	push	r24
    5b68:	1f 93       	push	r17
    5b6a:	0f 93       	push	r16
    5b6c:	0e 94 3e 0e 	call	0x1c7c	; 0x1c7c <Print::printf(PGM_t const*, ...) [clone .constprop.16]>
/Users/askn/Develop/UPDI4AVR-USB/src/jtag.cpp:415
          packet.in.data[0] = _jtag_conn;
    5b70:	80 91 e7 60 	lds	r24, 0x60E7	; 0x8060e7 <_jtag_conn>
    5b74:	e9 cf       	rjmp	.-46     	; 0x5b48 <main+0x11b8>
/Users/askn/Develop/UPDI4AVR-USB/src/jtag.cpp:417
        }
        else if (_index == 0x31) {  /* PARM3_CLK_XMEGA_PDI */
    5b76:	e1 e3       	ldi	r30, 0x31	; 49
    5b78:	ce 12       	cpse	r12, r30
    5b7a:	73 cd       	rjmp	.-1306   	; 0x5662 <main+0xcd2>
/Users/askn/Develop/UPDI4AVR-USB/src/jtag.cpp:419
          /* `-B <num>khz` : "khz" units are required. */
          D1PRINTF(" XCLK=%d\r\n", _xclk);
    5b7c:	80 91 85 63 	lds	r24, 0x6385	; 0x806385 <_xclk+0x1>
    5b80:	8f 93       	push	r24
    5b82:	80 91 84 63 	lds	r24, 0x6384	; 0x806384 <_xclk>
    5b86:	8f 93       	push	r24
    5b88:	81 e6       	ldi	r24, 0x61	; 97
    5b8a:	97 e0       	ldi	r25, 0x07	; 7
    5b8c:	9f 93       	push	r25
    5b8e:	8f 93       	push	r24
    5b90:	1f 93       	push	r17
    5b92:	0f 93       	push	r16
    5b94:	0e 94 3e 0e 	call	0x1c7c	; 0x1c7c <Print::printf(PGM_t const*, ...) [clone .constprop.16]>
/Users/askn/Develop/UPDI4AVR-USB/src/jtag.cpp:420
          packet.in.wValue = _xclk;
    5b98:	80 91 84 63 	lds	r24, 0x6384	; 0x806384 <_xclk>
    5b9c:	90 91 85 63 	lds	r25, 0x6385	; 0x806385 <_xclk+0x1>
    5ba0:	fd cd       	rjmp	.-1030   	; 0x579c <main+0xe0c>
/Users/askn/Develop/UPDI4AVR-USB/src/jtag.cpp:426
        }
      }
      packet.in.res = 0x184;        /* RSP3_DATA */
      _rspsize = _length + 1;
    }
    else if (_jtag_arch == 0x05) _rspsize = UPDI::jtag_scope_updi();    /* UPDI support */
    5ba2:	90 91 83 63 	lds	r25, 0x6383	; 0x806383 <_jtag_arch>
    5ba6:	95 30       	cpi	r25, 0x05	; 5
    5ba8:	09 f0       	breq	.+2      	; 0x5bac <main+0x121c>
    5baa:	7c c1       	rjmp	.+760    	; 0x5ea4 <main+0x1514>
jtag_scope_updi():
/Users/askn/Develop/UPDI4AVR-USB/src/updi.cpp:509
  /* ARCH=UPDI scope Provides functionality. */
  size_t jtag_scope_updi (void) {
    size_t _rspsize = 0;
    uint8_t _cmd = packet.out.cmd;
    uint8_t _step = 25;
    if (_cmd == 0x10) {             /* CMD3_SIGN_ON */
    5bac:	80 31       	cpi	r24, 0x10	; 16
    5bae:	09 f0       	breq	.+2      	; 0x5bb2 <main+0x1222>
    5bb0:	44 c0       	rjmp	.+136    	; 0x5c3a <main+0x12aa>
/Users/askn/Develop/UPDI4AVR-USB/src/updi.cpp:510
      D1PRINTF(" UPDI_SIGN_ON=EXT:%02X\r\n", packet.out.bMType);
    5bb2:	1f 92       	push	r1
    5bb4:	df 92       	push	r13
    5bb6:	8d e3       	ldi	r24, 0x3D	; 61
    5bb8:	96 e0       	ldi	r25, 0x06	; 6
    5bba:	9f 93       	push	r25
    5bbc:	8f 93       	push	r24
    5bbe:	1f 93       	push	r17
    5bc0:	0f 93       	push	r16
    5bc2:	0e 94 3e 0e 	call	0x1c7c	; 0x1c7c <Print::printf(PGM_t const*, ...) [clone .constprop.16]>
/Users/askn/Develop/UPDI4AVR-USB/src/updi.cpp:511
      if ((bit_is_set(GPCONF, GPCONF_HLD_bp) || _jtag_hvctrl) && _xclk_bak > 125) {
    5bc6:	0f 90       	pop	r0
    5bc8:	0f 90       	pop	r0
    5bca:	0f 90       	pop	r0
    5bcc:	0f 90       	pop	r0
    5bce:	0f 90       	pop	r0
    5bd0:	0f 90       	pop	r0
    5bd2:	f6 99       	sbic	0x1e, 6	; 30
    5bd4:	04 c0       	rjmp	.+8      	; 0x5bde <main+0x124e>
    5bd6:	80 91 06 61 	lds	r24, 0x6106	; 0x806106 <_jtag_hvctrl>
    5bda:	88 23       	and	r24, r24
    5bdc:	69 f0       	breq	.+26     	; 0x5bf8 <main+0x1268>
    5bde:	80 91 e8 60 	lds	r24, 0x60E8	; 0x8060e8 <_xclk_bak>
    5be2:	90 91 e9 60 	lds	r25, 0x60E9	; 0x8060e9 <_xclk_bak+0x1>
    5be6:	8e 37       	cpi	r24, 0x7E	; 126
    5be8:	91 05       	cpc	r25, r1
    5bea:	30 f0       	brcs	.+12     	; 0x5bf8 <main+0x1268>
/Users/askn/Develop/UPDI4AVR-USB/src/updi.cpp:513
        /* The maximum speed is limited during HV control. */
        _xclk_bak = 125;
    5bec:	8d e7       	ldi	r24, 0x7D	; 125
    5bee:	90 e0       	ldi	r25, 0x00	; 0
    5bf0:	80 93 e8 60 	sts	0x60E8, r24	; 0x8060e8 <_xclk_bak>
    5bf4:	90 93 e9 60 	sts	0x60E9, r25	; 0x8060e9 <_xclk_bak+0x1>
/Users/askn/Develop/UPDI4AVR-USB/src/updi.cpp:515
      }
      _xclk = _xclk_bak; // + _step;
    5bf8:	80 91 e8 60 	lds	r24, 0x60E8	; 0x8060e8 <_xclk_bak>
    5bfc:	90 91 e9 60 	lds	r25, 0x60E9	; 0x8060e9 <_xclk_bak+0x1>
    5c00:	80 93 84 63 	sts	0x6384, r24	; 0x806384 <_xclk>
    5c04:	90 93 85 63 	sts	0x6385, r25	; 0x806385 <_xclk+0x1>
/Users/askn/Develop/UPDI4AVR-USB/src/updi.cpp:516
      while (_xclk >= 100 && !(_rspsize = Timeout::command(&connect, nullptr, 70))) {
    5c08:	80 91 84 63 	lds	r24, 0x6384	; 0x806384 <_xclk>
    5c0c:	90 91 85 63 	lds	r25, 0x6385	; 0x806385 <_xclk+0x1>
    5c10:	84 36       	cpi	r24, 0x64	; 100
    5c12:	91 05       	cpc	r25, r1
    5c14:	08 f4       	brcc	.+2      	; 0x5c18 <main+0x1288>
    5c16:	37 c2       	rjmp	.+1134   	; 0x6086 <main+0x16f6>
    5c18:	46 e4       	ldi	r20, 0x46	; 70
    5c1a:	50 e0       	ldi	r21, 0x00	; 0
    5c1c:	70 e0       	ldi	r23, 0x00	; 0
    5c1e:	60 e0       	ldi	r22, 0x00	; 0
    5c20:	89 e6       	ldi	r24, 0x69	; 105
    5c22:	9a e1       	ldi	r25, 0x1A	; 26
    5c24:	0e 94 c4 21 	call	0x4388	; 0x4388 <Timeout::command(unsigned int (*)(), unsigned int (*)(), unsigned int)>
    5c28:	00 97       	sbiw	r24, 0x00	; 0
    5c2a:	09 f0       	breq	.+2      	; 0x5c2e <main+0x129e>
    5c2c:	5b c1       	rjmp	.+694    	; 0x5ee4 <main+0x1554>
/Users/askn/Develop/UPDI4AVR-USB/src/updi.cpp:517
        _xclk -= _step;
    5c2e:	80 91 84 63 	lds	r24, 0x6384	; 0x806384 <_xclk>
    5c32:	90 91 85 63 	lds	r25, 0x6385	; 0x806385 <_xclk+0x1>
    5c36:	49 97       	sbiw	r24, 0x19	; 25
    5c38:	e3 cf       	rjmp	.-58     	; 0x5c00 <main+0x1270>
/Users/askn/Develop/UPDI4AVR-USB/src/updi.cpp:523
      }
      /* If it fails here, it is expected to try again, giving it a chance at HV control. */
      packet.in.res = _rspsize ? 0x84 : 0xA0; /* RSP3_DATA : RSP3_FAILED */
      return _rspsize;
    }
    else if (_cmd == 0x11) {        /* CMD3_SIGN_OFF */
    5c3a:	81 31       	cpi	r24, 0x11	; 17
    5c3c:	09 f0       	breq	.+2      	; 0x5c40 <main+0x12b0>
    5c3e:	3d c0       	rjmp	.+122    	; 0x5cba <main+0x132a>
/Users/askn/Develop/UPDI4AVR-USB/src/updi.cpp:524
      D1PRINTF(" UPDI_SIGN_OFF\r\n");
    5c40:	8c e2       	ldi	r24, 0x2C	; 44
    5c42:	96 e0       	ldi	r25, 0x06	; 6
    5c44:	9f 93       	push	r25
    5c46:	8f 93       	push	r24
    5c48:	1f 93       	push	r17
    5c4a:	0f 93       	push	r16
    5c4c:	0e 94 3e 0e 	call	0x1c7c	; 0x1c7c <Print::printf(PGM_t const*, ...) [clone .constprop.16]>
sign_off():
/Users/askn/Develop/UPDI4AVR-USB/src/updi.cpp:487
    return 1;
  }

  uint8_t sign_off (void) {
    uint8_t _rsp = 1;
    if (PGCONF) {
    5c50:	8f b3       	in	r24, 0x1f	; 31
    5c52:	0f 90       	pop	r0
    5c54:	0f 90       	pop	r0
    5c56:	0f 90       	pop	r0
    5c58:	0f 90       	pop	r0
    5c5a:	88 23       	and	r24, r24
    5c5c:	09 f4       	brne	.+2      	; 0x5c60 <main+0x12d0>
    5c5e:	81 c1       	rjmp	.+770    	; 0x5f62 <main+0x15d2>
/Users/askn/Develop/UPDI4AVR-USB/src/updi.cpp:488
      _rsp = bit_is_set(PGCONF, PGCONF_PGIA_bp) ? Timeout::command(&disconnect) : 1;
    5c60:	f8 9b       	sbis	0x1f, 0	; 31
    5c62:	28 c0       	rjmp	.+80     	; 0x5cb4 <main+0x1324>
    5c64:	40 e2       	ldi	r20, 0x20	; 32
    5c66:	53 e0       	ldi	r21, 0x03	; 3
    5c68:	70 e0       	ldi	r23, 0x00	; 0
    5c6a:	60 e0       	ldi	r22, 0x00	; 0
    5c6c:	8d ef       	ldi	r24, 0xFD	; 253
    5c6e:	97 e0       	ldi	r25, 0x07	; 7
    5c70:	0e 94 c4 21 	call	0x4388	; 0x4388 <Timeout::command(unsigned int (*)(), unsigned int (*)(), unsigned int)>
    5c74:	e8 2e       	mov	r14, r24
/Users/askn/Develop/UPDI4AVR-USB/src/updi.cpp:489
      send_break();
    5c76:	0e 94 04 0a 	call	0x1408	; 0x1408 <UPDI::send_break()>
delay_micros():
/Users/askn/Library/Arduino15/packages/MultiX-Zinnia/hardware/modernAVR/0.4.10/cores/modernAVR/api/delay_busywait.h:33
static __inline__ __attribute__((__always_inline__)) void delay_micros (uint32_t _us);
static __inline__ __attribute__((__always_inline__)) void delay_millis (uint32_t _ms);

void delay_micros (uint32_t _us) {
  if (F_CPU >= 1000000L) {
    __builtin_avr_delay_cycles((F_CPU / 1000000L) * _us);
    5c7a:	83 ef       	ldi	r24, 0xF3	; 243
    5c7c:	91 e0       	ldi	r25, 0x01	; 1
    5c7e:	01 97       	sbiw	r24, 0x01	; 1
    5c80:	f1 f7       	brne	.-4      	; 0x5c7e <main+0x12ee>
    5c82:	00 c0       	rjmp	.+0      	; 0x5c84 <main+0x12f4>
    5c84:	00 00       	nop
sign_off():
/Users/askn/Develop/UPDI4AVR-USB/src/updi.cpp:491
      SYS::delay_100us();
      USART::setup();
    5c86:	0e 94 88 12 	call	0x2510	; 0x2510 <USART::setup()>
/Users/askn/Develop/UPDI4AVR-USB/src/updi.cpp:492
      pinLogicPull(PIN_PGM_TRST);
    5c8a:	01 9a       	sbi	0x00, 1	; 0
/Users/askn/Develop/UPDI4AVR-USB/src/updi.cpp:493
      SYS::power_reset();
    5c8c:	61 e0       	ldi	r22, 0x01	; 1
    5c8e:	81 e0       	ldi	r24, 0x01	; 1
    5c90:	0e 94 4e 18 	call	0x309c	; 0x309c <SYS::power_reset(bool, bool)>
delay_micros():
/Users/askn/Library/Arduino15/packages/MultiX-Zinnia/hardware/modernAVR/0.4.10/cores/modernAVR/api/delay_busywait.h:33
    5c94:	e3 ed       	ldi	r30, 0xD3	; 211
    5c96:	f0 e3       	ldi	r31, 0x30	; 48
    5c98:	31 97       	sbiw	r30, 0x01	; 1
    5c9a:	f1 f7       	brne	.-4      	; 0x5c98 <main+0x1308>
    5c9c:	00 c0       	rjmp	.+0      	; 0x5c9e <main+0x130e>
    5c9e:	00 00       	nop
sign_off():
/Users/askn/Develop/UPDI4AVR-USB/src/updi.cpp:495
      SYS::delay_2500us();
      pinLogicOpen(PIN_PGM_TRST);
    5ca0:	01 98       	cbi	0x00, 1	; 0
/Users/askn/Develop/UPDI4AVR-USB/src/pdi.cpp:399
        SYS::power_reset();
        SYS::delay_2500us();
      }
      pinLogicOpen(PIN_PGM_PCLK);
      pinControlRegister(PIN_PGM_PDAT) = PORT_ISC_INPUT_DISABLE_gc;
      PGCONF = 0;
    5ca2:	1f ba       	out	0x1f, r1	; 31
/Users/askn/Develop/UPDI4AVR-USB/src/pdi.cpp:400
      USART::change_vcp();
    5ca4:	0e 94 26 0f 	call	0x1e4c	; 0x1e4c <USART::change_vcp()>
jtag_scope_xmega():
/Users/askn/Develop/UPDI4AVR-USB/src/pdi.cpp:422
      _rspsize = sign_off();
    }
    else if (_cmd == 0x15) {        /* CMD3_ENTER_PROGMODE */
      D1PRINTF(" PDI_ENTER_PROG\r\n");
      /* On failure, RSP3_OK is returned if a PDI connection is available. */
      _rspsize = Timeout::command(&enter_progmode, &timeout_fallback) || bit_is_set(PGCONF, PGCONF_PGIA_bp);
    5ca8:	8e 2d       	mov	r24, r14
    5caa:	90 e0       	ldi	r25, 0x00	; 0
/Users/askn/Develop/UPDI4AVR-USB/src/pdi.cpp:448
    else if (_cmd == 0x23) {        /* CMD3_WRITE_MEMORY */
      D1PRINTF(" PDI_WRITE=%02X:%08lX:%04X\r\n", packet.out.bMType,
        packet.out.dwAddr, (size_t)packet.out.dwLength);
      _rspsize = Timeout::command(&write_memory, &timeout_fallback);
    }
    packet.in.res = _rspsize ? 0x80 : 0xA0;     /* RSP3_OK : RSP3_FAILED */
    5cac:	00 97       	sbiw	r24, 0x00	; 0
    5cae:	09 f4       	brne	.+2      	; 0x5cb2 <main+0x1322>
    5cb0:	b4 c0       	rjmp	.+360    	; 0x5e1a <main+0x148a>
    5cb2:	3c c0       	rjmp	.+120    	; 0x5d2c <main+0x139c>
main():
/Users/askn/Develop/UPDI4AVR-USB/src/updi.cpp:488
  }

  uint8_t sign_off (void) {
    uint8_t _rsp = 1;
    if (PGCONF) {
      _rsp = bit_is_set(PGCONF, PGCONF_PGIA_bp) ? Timeout::command(&disconnect) : 1;
    5cb4:	ee 24       	eor	r14, r14
    5cb6:	e3 94       	inc	r14
    5cb8:	de cf       	rjmp	.-68     	; 0x5c76 <main+0x12e6>
jtag_scope_updi():
/Users/askn/Develop/UPDI4AVR-USB/src/updi.cpp:528
    else if (_cmd == 0x11) {        /* CMD3_SIGN_OFF */
      D1PRINTF(" UPDI_SIGN_OFF\r\n");
      /* If UPDI control has failed, RSP3_OK is always returned. */
      _rspsize = sign_off();
    }
    else if (_cmd == 0x15) {        /* CMD3_ENTER_PROGMODE */
    5cba:	85 31       	cpi	r24, 0x15	; 21
    5cbc:	d9 f4       	brne	.+54     	; 0x5cf4 <main+0x1364>
/Users/askn/Develop/UPDI4AVR-USB/src/updi.cpp:529
      D1PRINTF(" UPDI_ENTER_PROG\r\n");
    5cbe:	89 e1       	ldi	r24, 0x19	; 25
    5cc0:	96 e0       	ldi	r25, 0x06	; 6
    5cc2:	9f 93       	push	r25
    5cc4:	8f 93       	push	r24
    5cc6:	1f 93       	push	r17
    5cc8:	0f 93       	push	r16
    5cca:	0e 94 3e 0e 	call	0x1c7c	; 0x1c7c <Print::printf(PGM_t const*, ...) [clone .constprop.16]>
/Users/askn/Develop/UPDI4AVR-USB/src/updi.cpp:532
      /* On failure, RSP3_OK is returned if a UPDI connection is available. */
      /* Locked devices are given the opportunity to write to USERROW and erase the chip. */
      _rspsize = Timeout::command(&enter_progmode, &timeout_fallback, 250)
    5cce:	4a ef       	ldi	r20, 0xFA	; 250
    5cd0:	50 e0       	ldi	r21, 0x00	; 0
    5cd2:	6e e3       	ldi	r22, 0x3E	; 62
    5cd4:	7a e0       	ldi	r23, 0x0A	; 10
    5cd6:	88 e1       	ldi	r24, 0x18	; 24
    5cd8:	93 e1       	ldi	r25, 0x13	; 19
jtag_scope_xmega():
/Users/askn/Develop/UPDI4AVR-USB/src/pdi.cpp:422
      _rspsize = sign_off();
    }
    else if (_cmd == 0x15) {        /* CMD3_ENTER_PROGMODE */
      D1PRINTF(" PDI_ENTER_PROG\r\n");
      /* On failure, RSP3_OK is returned if a PDI connection is available. */
      _rspsize = Timeout::command(&enter_progmode, &timeout_fallback) || bit_is_set(PGCONF, PGCONF_PGIA_bp);
    5cda:	0e 94 c4 21 	call	0x4388	; 0x4388 <Timeout::command(unsigned int (*)(), unsigned int (*)(), unsigned int)>
    5cde:	0f 90       	pop	r0
    5ce0:	0f 90       	pop	r0
    5ce2:	0f 90       	pop	r0
    5ce4:	0f 90       	pop	r0
    5ce6:	89 2b       	or	r24, r25
    5ce8:	f9 f6       	brne	.-66     	; 0x5ca8 <main+0x1318>
    5cea:	ef b2       	in	r14, 0x1f	; 31
    5cec:	fe 2d       	mov	r31, r14
    5cee:	f1 70       	andi	r31, 0x01	; 1
    5cf0:	ef 2e       	mov	r14, r31
    5cf2:	da cf       	rjmp	.-76     	; 0x5ca8 <main+0x1318>
jtag_scope_updi():
/Users/askn/Develop/UPDI4AVR-USB/src/updi.cpp:535
              || bit_is_set(PGCONF, PGCONF_PGIA_bp);
    }
    else if (_cmd == 0x16) {        /* CMD3_LEAVE_PROGMODE */
    5cf4:	86 31       	cpi	r24, 0x16	; 22
    5cf6:	e9 f4       	brne	.+58     	; 0x5d32 <main+0x13a2>
/Users/askn/Develop/UPDI4AVR-USB/src/updi.cpp:536
      D1PRINTF(" UPDI_LEAVE_PROG\r\n");
    5cf8:	86 e0       	ldi	r24, 0x06	; 6
    5cfa:	96 e0       	ldi	r25, 0x06	; 6
    5cfc:	9f 93       	push	r25
    5cfe:	8f 93       	push	r24
    5d00:	1f 93       	push	r17
    5d02:	0f 93       	push	r16
    5d04:	0e 94 3e 0e 	call	0x1c7c	; 0x1c7c <Print::printf(PGM_t const*, ...) [clone .constprop.16]>
/Users/askn/Develop/UPDI4AVR-USB/src/updi.cpp:537
      D1PRINTF(" LAST_XCLK=%d\r\n", _xclk);
    5d08:	80 91 85 63 	lds	r24, 0x6385	; 0x806385 <_xclk+0x1>
    5d0c:	8f 93       	push	r24
    5d0e:	80 91 84 63 	lds	r24, 0x6384	; 0x806384 <_xclk>
    5d12:	8f 93       	push	r24
    5d14:	86 ef       	ldi	r24, 0xF6	; 246
    5d16:	95 e0       	ldi	r25, 0x05	; 5
    5d18:	9f 93       	push	r25
    5d1a:	8f 93       	push	r24
    5d1c:	1f 93       	push	r17
    5d1e:	0f 93       	push	r16
    5d20:	0e 94 3e 0e 	call	0x1c7c	; 0x1c7c <Print::printf(PGM_t const*, ...) [clone .constprop.16]>
    5d24:	cd bf       	out	0x3d, r28	; 61
    5d26:	de bf       	out	0x3e, r29	; 62
main():
/Users/askn/Develop/UPDI4AVR-USB/src/pdi.cpp:428
    }
    else if (_cmd == 0x16) {        /* CMD3_LEAVE_PROGMODE */
      D1PRINTF(" PDI_LEAVE_PROG\r\n");
      /* There is nothing to do. */
      /* The actual termination process is delayed until CMD3_SIGN_OFF. */
      _rspsize = 1;
    5d28:	81 e0       	ldi	r24, 0x01	; 1
    5d2a:	90 e0       	ldi	r25, 0x00	; 0
/Users/askn/Develop/UPDI4AVR-USB/src/pdi.cpp:448
    else if (_cmd == 0x23) {        /* CMD3_WRITE_MEMORY */
      D1PRINTF(" PDI_WRITE=%02X:%08lX:%04X\r\n", packet.out.bMType,
        packet.out.dwAddr, (size_t)packet.out.dwLength);
      _rspsize = Timeout::command(&write_memory, &timeout_fallback);
    }
    packet.in.res = _rspsize ? 0x80 : 0xA0;     /* RSP3_OK : RSP3_FAILED */
    5d2c:	20 e8       	ldi	r18, 0x80	; 128
    5d2e:	30 e0       	ldi	r19, 0x00	; 0
    5d30:	db c0       	rjmp	.+438    	; 0x5ee8 <main+0x1558>
jtag_scope_updi():
/Users/askn/Develop/UPDI4AVR-USB/src/updi.cpp:542
      /* There is nothing to do. */
      /* The actual termination process is delayed until CMD3_SIGN_OFF. */
      _rspsize = 1;
    }
    else if (_cmd == 0x20) {        /* CMD3_ERASE_MEMORY */
    5d32:	80 32       	cpi	r24, 0x20	; 32
    5d34:	19 f5       	brne	.+70     	; 0x5d7c <main+0x13ec>
/Users/askn/Develop/UPDI4AVR-USB/src/updi.cpp:543
      D1PRINTF(" UPDI_ERASE=%02X:%06lX\r\n",
    5d36:	80 91 12 61 	lds	r24, 0x6112	; 0x806112 <packet+0xb>
    5d3a:	8f 93       	push	r24
    5d3c:	80 91 11 61 	lds	r24, 0x6111	; 0x806111 <packet+0xa>
    5d40:	8f 93       	push	r24
    5d42:	80 91 10 61 	lds	r24, 0x6110	; 0x806110 <packet+0x9>
    5d46:	8f 93       	push	r24
    5d48:	80 91 0f 61 	lds	r24, 0x610F	; 0x80610f <packet+0x8>
    5d4c:	8f 93       	push	r24
    5d4e:	1f 92       	push	r1
    5d50:	df 92       	push	r13
    5d52:	8d ed       	ldi	r24, 0xDD	; 221
    5d54:	95 e0       	ldi	r25, 0x05	; 5
    5d56:	9f 93       	push	r25
    5d58:	8f 93       	push	r24
    5d5a:	1f 93       	push	r17
    5d5c:	0f 93       	push	r16
    5d5e:	0e 94 3e 0e 	call	0x1c7c	; 0x1c7c <Print::printf(PGM_t const*, ...) [clone .constprop.16]>
/Users/askn/Develop/UPDI4AVR-USB/src/updi.cpp:545
        packet.out.bEType, packet.out.dwPageAddr);
      _rspsize = Timeout::command(Command_Table.erase_memory, &timeout_fallback);
    5d62:	40 e2       	ldi	r20, 0x20	; 32
    5d64:	53 e0       	ldi	r21, 0x03	; 3
    5d66:	6e e3       	ldi	r22, 0x3E	; 62
    5d68:	7a e0       	ldi	r23, 0x0A	; 10
    5d6a:	80 91 7e 63 	lds	r24, 0x637E	; 0x80637e <Command_Table+0x4>
    5d6e:	90 91 7f 63 	lds	r25, 0x637F	; 0x80637f <Command_Table+0x5>
jtag_scope_xmega():
/Users/askn/Develop/UPDI4AVR-USB/src/pdi.cpp:446
      return _rspsize;
    }
    else if (_cmd == 0x23) {        /* CMD3_WRITE_MEMORY */
      D1PRINTF(" PDI_WRITE=%02X:%08lX:%04X\r\n", packet.out.bMType,
        packet.out.dwAddr, (size_t)packet.out.dwLength);
      _rspsize = Timeout::command(&write_memory, &timeout_fallback);
    5d72:	0e 94 c4 21 	call	0x4388	; 0x4388 <Timeout::command(unsigned int (*)(), unsigned int (*)(), unsigned int)>
    5d76:	cd bf       	out	0x3d, r28	; 61
    5d78:	de bf       	out	0x3e, r29	; 62
    5d7a:	98 cf       	rjmp	.-208    	; 0x5cac <main+0x131c>
jtag_scope_updi():
/Users/askn/Develop/UPDI4AVR-USB/src/updi.cpp:547
    }
    else if (bit_is_clear(PGCONF, PGCONF_PGIA_bp)) { /* empty */ }
    5d7c:	f8 9b       	sbis	0x1f, 0	; 31
    5d7e:	83 c1       	rjmp	.+774    	; 0x6086 <main+0x16f6>
/Users/askn/Develop/UPDI4AVR-USB/src/updi.cpp:548
    else if (_cmd == 0x21) {        /* CMD3_READ_MEMORY */
    5d80:	81 32       	cpi	r24, 0x21	; 33
    5d82:	09 f0       	breq	.+2      	; 0x5d86 <main+0x13f6>
    5d84:	67 c0       	rjmp	.+206    	; 0x5e54 <main+0x14c4>
/Users/askn/Develop/UPDI4AVR-USB/src/updi.cpp:549
      D1PRINTF(" UPDI_READ=%02X:%06lX:%04X\r\n", packet.out.bMType,
    5d86:	80 91 14 61 	lds	r24, 0x6114	; 0x806114 <packet+0xd>
    5d8a:	8f 93       	push	r24
    5d8c:	80 91 13 61 	lds	r24, 0x6113	; 0x806113 <packet+0xc>
    5d90:	8f 93       	push	r24
    5d92:	80 91 12 61 	lds	r24, 0x6112	; 0x806112 <packet+0xb>
    5d96:	8f 93       	push	r24
    5d98:	80 91 11 61 	lds	r24, 0x6111	; 0x806111 <packet+0xa>
    5d9c:	8f 93       	push	r24
    5d9e:	80 91 10 61 	lds	r24, 0x6110	; 0x806110 <packet+0x9>
    5da2:	8f 93       	push	r24
    5da4:	80 91 0f 61 	lds	r24, 0x610F	; 0x80610f <packet+0x8>
    5da8:	8f 93       	push	r24
    5daa:	1f 92       	push	r1
    5dac:	df 92       	push	r13
    5dae:	80 ec       	ldi	r24, 0xC0	; 192
    5db0:	95 e0       	ldi	r25, 0x05	; 5
    5db2:	9f 93       	push	r25
    5db4:	8f 93       	push	r24
    5db6:	1f 93       	push	r17
    5db8:	0f 93       	push	r16
    5dba:	0e 94 3e 0e 	call	0x1c7c	; 0x1c7c <Print::printf(PGM_t const*, ...) [clone .constprop.16]>
/Users/askn/Develop/UPDI4AVR-USB/src/updi.cpp:551
        packet.out.dwAddr, (size_t)packet.out.dwLength);
      uint8_t m_type = packet.out.bMType;
    5dbe:	80 91 0e 61 	lds	r24, 0x610E	; 0x80610e <packet+0x7>
/Users/askn/Develop/UPDI4AVR-USB/src/updi.cpp:552
      size_t _wLength = packet.out.dwLength;
    5dc2:	e0 90 13 61 	lds	r14, 0x6113	; 0x806113 <packet+0xc>
    5dc6:	f0 90 14 61 	lds	r15, 0x6114	; 0x806114 <packet+0xd>
/Users/askn/Develop/UPDI4AVR-USB/src/updi.cpp:553
      if (m_type == 0xD3) {         /* MTYPE_SIB */
    5dca:	cd bf       	out	0x3d, r28	; 61
    5dcc:	de bf       	out	0x3e, r29	; 62
    5dce:	83 3d       	cpi	r24, 0xD3	; 211
    5dd0:	99 f4       	brne	.+38     	; 0x5df8 <main+0x1468>
/Users/askn/Develop/UPDI4AVR-USB/src/updi.cpp:555
        /* The SIB request occurs before ENTER_PROGMODE. */
        memcpy(&packet.in.data[(uint8_t)packet.out.dwAddr & 31], &_sib, ((_wLength - 1) & 31) + 1);
    5dd2:	80 91 0f 61 	lds	r24, 0x610F	; 0x80610f <packet+0x8>
    5dd6:	8f 71       	andi	r24, 0x1F	; 31
    5dd8:	90 e0       	ldi	r25, 0x00	; 0
    5dda:	a7 01       	movw	r20, r14
    5ddc:	41 50       	subi	r20, 0x01	; 1
    5dde:	51 09       	sbc	r21, r1
    5de0:	4f 71       	andi	r20, 0x1F	; 31
    5de2:	55 27       	eor	r21, r21
    5de4:	4f 5f       	subi	r20, 0xFF	; 255
    5de6:	5f 4f       	sbci	r21, 0xFF	; 255
    5de8:	6a e5       	ldi	r22, 0x5A	; 90
    5dea:	73 e6       	ldi	r23, 0x63	; 99
    5dec:	82 5f       	subi	r24, 0xF2	; 242
    5dee:	9e 49       	sbci	r25, 0x9E	; 158
    5df0:	a8 d6       	rcall	.+3408   	; 0x6b42 <memcpy>
read_dummy():
/Users/askn/Develop/UPDI4AVR-USB/src/updi.cpp:355
      packet.in.data[0] = 0x1E;
      packet.in.data[1] = _sib[0] == ' ' ? 'A' : _sib[0];
      packet.in.data[2] = _sib[10];
    }
    else memset(&packet.in.data[0], 0xFF, _wLength);
    return _wLength + 1;
    5df2:	c7 01       	movw	r24, r14
    5df4:	01 96       	adiw	r24, 0x01	; 1
    5df6:	0c c0       	rjmp	.+24     	; 0x5e10 <main+0x1480>
jtag_scope_updi():
/Users/askn/Develop/UPDI4AVR-USB/src/updi.cpp:558
      if (m_type == 0xD3) {         /* MTYPE_SIB */
        /* The SIB request occurs before ENTER_PROGMODE. */
        memcpy(&packet.in.data[(uint8_t)packet.out.dwAddr & 31], &_sib, ((_wLength - 1) & 31) + 1);
        _rspsize = _wLength + 1;
      }
      else if (bit_is_set(PGCONF, PGCONF_PROG_bp)) {
    5df8:	f9 9b       	sbis	0x1f, 1	; 31
    5dfa:	12 c0       	rjmp	.+36     	; 0x5e20 <main+0x1490>
/Users/askn/Develop/UPDI4AVR-USB/src/updi.cpp:559
        _rspsize = Timeout::command(Command_Table.read_memory, &timeout_fallback, 400);
    5dfc:	40 e9       	ldi	r20, 0x90	; 144
    5dfe:	51 e0       	ldi	r21, 0x01	; 1
    5e00:	6e e3       	ldi	r22, 0x3E	; 62
    5e02:	7a e0       	ldi	r23, 0x0A	; 10
    5e04:	80 91 7c 63 	lds	r24, 0x637C	; 0x80637c <Command_Table+0x2>
    5e08:	90 91 7d 63 	lds	r25, 0x637D	; 0x80637d <Command_Table+0x3>
    5e0c:	0e 94 c4 21 	call	0x4388	; 0x4388 <Timeout::command(unsigned int (*)(), unsigned int (*)(), unsigned int)>
main():
/Users/askn/Develop/UPDI4AVR-USB/src/pdi.cpp:440
    }
    else if (_cmd == 0x21) {        /* CMD3_READ_MEMORY */
      D1PRINTF(" PDI_READ=%02X:%08lX:%04X\r\n", packet.out.bMType,
        packet.out.dwAddr, (size_t)packet.out.dwLength);
      _rspsize = Timeout::command(&read_memory, &timeout_fallback);
      packet.in.res = _rspsize ? 0x184 : 0xA0;  /* RSP3_DATA : RSP3_FAILED */
    5e10:	24 e8       	ldi	r18, 0x84	; 132
    5e12:	31 e0       	ldi	r19, 0x01	; 1
jtag_scope_xmega():
    5e14:	00 97       	sbiw	r24, 0x00	; 0
    5e16:	09 f0       	breq	.+2      	; 0x5e1a <main+0x148a>
    5e18:	67 c0       	rjmp	.+206    	; 0x5ee8 <main+0x1558>
main():
/Users/askn/Develop/UPDI4AVR-USB/src/pdi.cpp:448
    else if (_cmd == 0x23) {        /* CMD3_WRITE_MEMORY */
      D1PRINTF(" PDI_WRITE=%02X:%08lX:%04X\r\n", packet.out.bMType,
        packet.out.dwAddr, (size_t)packet.out.dwLength);
      _rspsize = Timeout::command(&write_memory, &timeout_fallback);
    }
    packet.in.res = _rspsize ? 0x80 : 0xA0;     /* RSP3_OK : RSP3_FAILED */
    5e1a:	20 ea       	ldi	r18, 0xA0	; 160
    5e1c:	30 e0       	ldi	r19, 0x00	; 0
    5e1e:	64 c0       	rjmp	.+200    	; 0x5ee8 <main+0x1558>
read_dummy():
/Users/askn/Develop/UPDI4AVR-USB/src/updi.cpp:347
   * Read dummy memory if necessary.
   */
  size_t read_dummy (void) {
    uint8_t  m_type = packet.out.bMType;
    size_t _wLength = packet.out.dwLength;
    if (m_type == 0xB4 && _sib[0]) {
    5e20:	84 3b       	cpi	r24, 0xB4	; 180
    5e22:	89 f4       	brne	.+34     	; 0x5e46 <main+0x14b6>
    5e24:	80 91 5a 63 	lds	r24, 0x635A	; 0x80635a <_sib>
    5e28:	88 23       	and	r24, r24
    5e2a:	69 f0       	breq	.+26     	; 0x5e46 <main+0x14b6>
/Users/askn/Develop/UPDI4AVR-USB/src/updi.cpp:350
      /* The SIGNATURE of a locked device cannot be read.            */
      /* But, the SIB can be read, so a Dummy SIGNATURE is returned. */
      packet.in.data[0] = 0x1E;
    5e2c:	9e e1       	ldi	r25, 0x1E	; 30
    5e2e:	90 93 0e 61 	sts	0x610E, r25	; 0x80610e <packet+0x7>
/Users/askn/Develop/UPDI4AVR-USB/src/updi.cpp:351
      packet.in.data[1] = _sib[0] == ' ' ? 'A' : _sib[0];
    5e32:	80 32       	cpi	r24, 0x20	; 32
    5e34:	09 f4       	brne	.+2      	; 0x5e38 <main+0x14a8>
main():
    5e36:	81 e4       	ldi	r24, 0x41	; 65
read_dummy():
    5e38:	80 93 0f 61 	sts	0x610F, r24	; 0x80610f <packet+0x8>
/Users/askn/Develop/UPDI4AVR-USB/src/updi.cpp:352
      packet.in.data[2] = _sib[10];
    5e3c:	80 91 64 63 	lds	r24, 0x6364	; 0x806364 <_sib+0xa>
    5e40:	80 93 10 61 	sts	0x6110, r24	; 0x806110 <packet+0x9>
    5e44:	d6 cf       	rjmp	.-84     	; 0x5df2 <main+0x1462>
/Users/askn/Develop/UPDI4AVR-USB/src/updi.cpp:354
    }
    else memset(&packet.in.data[0], 0xFF, _wLength);
    5e46:	a7 01       	movw	r20, r14
    5e48:	6f ef       	ldi	r22, 0xFF	; 255
    5e4a:	70 e0       	ldi	r23, 0x00	; 0
    5e4c:	8e e0       	ldi	r24, 0x0E	; 14
    5e4e:	91 e6       	ldi	r25, 0x61	; 97
    5e50:	81 d6       	rcall	.+3330   	; 0x6b54 <memset>
    5e52:	cf cf       	rjmp	.-98     	; 0x5df2 <main+0x1462>
jtag_scope_updi():
/Users/askn/Develop/UPDI4AVR-USB/src/updi.cpp:568
      /* This will prevent AVRDUDE from displaying annoying errors. */
      else _rspsize = read_dummy();
      packet.in.res = _rspsize ? 0x184 : 0xA0;  /* RSP3_DATA : RSP3_FAILED */
      return _rspsize;
    }
    else if (_cmd == 0x23) {        /* CMD3_WRITE_MEMORY */
    5e54:	83 32       	cpi	r24, 0x23	; 35
    5e56:	09 f0       	breq	.+2      	; 0x5e5a <main+0x14ca>
    5e58:	16 c1       	rjmp	.+556    	; 0x6086 <main+0x16f6>
/Users/askn/Develop/UPDI4AVR-USB/src/updi.cpp:569
      D1PRINTF(" UPDI_WRITE=%02X:%06lX:%04X\r\n", packet.out.bMType,
    5e5a:	80 91 14 61 	lds	r24, 0x6114	; 0x806114 <packet+0xd>
    5e5e:	8f 93       	push	r24
    5e60:	80 91 13 61 	lds	r24, 0x6113	; 0x806113 <packet+0xc>
    5e64:	8f 93       	push	r24
    5e66:	80 91 12 61 	lds	r24, 0x6112	; 0x806112 <packet+0xb>
    5e6a:	8f 93       	push	r24
    5e6c:	80 91 11 61 	lds	r24, 0x6111	; 0x806111 <packet+0xa>
    5e70:	8f 93       	push	r24
    5e72:	80 91 10 61 	lds	r24, 0x6110	; 0x806110 <packet+0x9>
    5e76:	8f 93       	push	r24
    5e78:	80 91 0f 61 	lds	r24, 0x610F	; 0x80610f <packet+0x8>
    5e7c:	8f 93       	push	r24
    5e7e:	1f 92       	push	r1
    5e80:	df 92       	push	r13
    5e82:	82 ea       	ldi	r24, 0xA2	; 162
    5e84:	95 e0       	ldi	r25, 0x05	; 5
    5e86:	9f 93       	push	r25
    5e88:	8f 93       	push	r24
    5e8a:	1f 93       	push	r17
    5e8c:	0f 93       	push	r16
    5e8e:	0e 94 3e 0e 	call	0x1c7c	; 0x1c7c <Print::printf(PGM_t const*, ...) [clone .constprop.16]>
/Users/askn/Develop/UPDI4AVR-USB/src/updi.cpp:571
        packet.out.dwAddr, (size_t)packet.out.dwLength);
      _rspsize = Timeout::command(Command_Table.write_memory, &timeout_fallback);
    5e92:	40 e2       	ldi	r20, 0x20	; 32
    5e94:	53 e0       	ldi	r21, 0x03	; 3
    5e96:	6e e3       	ldi	r22, 0x3E	; 62
    5e98:	7a e0       	ldi	r23, 0x0A	; 10
    5e9a:	80 91 80 63 	lds	r24, 0x6380	; 0x806380 <Command_Table+0x6>
    5e9e:	90 91 81 63 	lds	r25, 0x6381	; 0x806381 <Command_Table+0x7>
    5ea2:	67 cf       	rjmp	.-306    	; 0x5d72 <main+0x13e2>
jtag_scope_avr_core():
/Users/askn/Develop/UPDI4AVR-USB/src/jtag.cpp:428
  #ifdef CONFIG_PGM_PDI_ENABLE
    else if (_jtag_arch == 0x03) _rspsize = PDI::jtag_scope_xmega();    /* XMEGA support */
    5ea4:	93 30       	cpi	r25, 0x03	; 3
    5ea6:	09 f0       	breq	.+2      	; 0x5eaa <main+0x151a>
    5ea8:	f1 c0       	rjmp	.+482    	; 0x608c <main+0x16fc>
jtag_scope_xmega():
/Users/askn/Develop/UPDI4AVR-USB/src/pdi.cpp:408
  }

  size_t jtag_scope_xmega (void) {
    size_t _rspsize = 0;
    uint8_t _cmd = packet.out.cmd;
    if (_cmd == 0x10) {             /* CMD3_SIGN_ON */
    5eaa:	80 31       	cpi	r24, 0x10	; 16
    5eac:	11 f5       	brne	.+68     	; 0x5ef2 <main+0x1562>
/Users/askn/Develop/UPDI4AVR-USB/src/pdi.cpp:409
      D1PRINTF(" PDI_SIGN_ON=EXT:%02X\r\n", packet.out.bMType);
    5eae:	1f 92       	push	r1
    5eb0:	df 92       	push	r13
    5eb2:	8b ed       	ldi	r24, 0xDB	; 219
    5eb4:	96 e0       	ldi	r25, 0x06	; 6
    5eb6:	9f 93       	push	r25
    5eb8:	8f 93       	push	r24
    5eba:	1f 93       	push	r17
    5ebc:	0f 93       	push	r16
    5ebe:	0e 94 3e 0e 	call	0x1c7c	; 0x1c7c <Print::printf(PGM_t const*, ...) [clone .constprop.16]>
/Users/askn/Develop/UPDI4AVR-USB/src/pdi.cpp:410
      _rspsize = Timeout::command(&connect, &timeout_fallback);
    5ec2:	40 e2       	ldi	r20, 0x20	; 32
    5ec4:	53 e0       	ldi	r21, 0x03	; 3
    5ec6:	6f e3       	ldi	r22, 0x3F	; 63
    5ec8:	70 e1       	ldi	r23, 0x10	; 16
    5eca:	83 e8       	ldi	r24, 0x83	; 131
    5ecc:	99 e1       	ldi	r25, 0x19	; 25
    5ece:	0e 94 c4 21 	call	0x4388	; 0x4388 <Timeout::command(unsigned int (*)(), unsigned int (*)(), unsigned int)>
/Users/askn/Develop/UPDI4AVR-USB/src/pdi.cpp:411
      packet.in.res = _rspsize ? 0x84 : 0xA0; /* RSP3_DATA : RSP3_FAILED */
    5ed2:	0f 90       	pop	r0
    5ed4:	0f 90       	pop	r0
    5ed6:	0f 90       	pop	r0
    5ed8:	0f 90       	pop	r0
    5eda:	0f 90       	pop	r0
    5edc:	0f 90       	pop	r0
    5ede:	00 97       	sbiw	r24, 0x00	; 0
    5ee0:	09 f4       	brne	.+2      	; 0x5ee4 <main+0x1554>
    5ee2:	9b cf       	rjmp	.-202    	; 0x5e1a <main+0x148a>
main():
    5ee4:	24 e8       	ldi	r18, 0x84	; 132
    5ee6:	30 e0       	ldi	r19, 0x00	; 0
jtag_scope_xmega():
/Users/askn/Develop/UPDI4AVR-USB/src/pdi.cpp:448
    else if (_cmd == 0x23) {        /* CMD3_WRITE_MEMORY */
      D1PRINTF(" PDI_WRITE=%02X:%08lX:%04X\r\n", packet.out.bMType,
        packet.out.dwAddr, (size_t)packet.out.dwLength);
      _rspsize = Timeout::command(&write_memory, &timeout_fallback);
    }
    packet.in.res = _rspsize ? 0x80 : 0xA0;     /* RSP3_OK : RSP3_FAILED */
    5ee8:	20 93 0c 61 	sts	0x610C, r18	; 0x80610c <packet+0x5>
    5eec:	30 93 0d 61 	sts	0x610D, r19	; 0x80610d <packet+0x6>
    5ef0:	9d cc       	rjmp	.-1734   	; 0x582c <main+0xe9c>
/Users/askn/Develop/UPDI4AVR-USB/src/pdi.cpp:414
      D1PRINTF(" PDI_SIGN_ON=EXT:%02X\r\n", packet.out.bMType);
      _rspsize = Timeout::command(&connect, &timeout_fallback);
      packet.in.res = _rspsize ? 0x84 : 0xA0; /* RSP3_DATA : RSP3_FAILED */
      return _rspsize;
    }
    else if (_cmd == 0x11) {        /* CMD3_SIGN_OFF */
    5ef2:	81 31       	cpi	r24, 0x11	; 17
    5ef4:	c9 f5       	brne	.+114    	; 0x5f68 <main+0x15d8>
/Users/askn/Develop/UPDI4AVR-USB/src/pdi.cpp:415
      D1PRINTF(" PDI_SIGN_OFF\r\n");
    5ef6:	8b ec       	ldi	r24, 0xCB	; 203
    5ef8:	96 e0       	ldi	r25, 0x06	; 6
    5efa:	9f 93       	push	r25
    5efc:	8f 93       	push	r24
    5efe:	1f 93       	push	r17
    5f00:	0f 93       	push	r16
    5f02:	0e 94 3e 0e 	call	0x1c7c	; 0x1c7c <Print::printf(PGM_t const*, ...) [clone .constprop.16]>
sign_off():
/Users/askn/Develop/UPDI4AVR-USB/src/pdi.cpp:385
    return 0;
  }

  uint8_t sign_off (void) {
    uint8_t _rsp = 1;
    if (PGCONF) {
    5f06:	8f b3       	in	r24, 0x1f	; 31
    5f08:	0f 90       	pop	r0
    5f0a:	0f 90       	pop	r0
    5f0c:	0f 90       	pop	r0
    5f0e:	0f 90       	pop	r0
    5f10:	88 23       	and	r24, r24
    5f12:	39 f1       	breq	.+78     	; 0x5f62 <main+0x15d2>
/Users/askn/Develop/UPDI4AVR-USB/src/pdi.cpp:386
      _rsp = Timeout::command(&disconnect);
    5f14:	40 e2       	ldi	r20, 0x20	; 32
    5f16:	53 e0       	ldi	r21, 0x03	; 3
    5f18:	70 e0       	ldi	r23, 0x00	; 0
    5f1a:	60 e0       	ldi	r22, 0x00	; 0
    5f1c:	8f eb       	ldi	r24, 0xBF	; 191
    5f1e:	9b e0       	ldi	r25, 0x0B	; 11
    5f20:	0e 94 c4 21 	call	0x4388	; 0x4388 <Timeout::command(unsigned int (*)(), unsigned int (*)(), unsigned int)>
    5f24:	e8 2e       	mov	r14, r24
delay_micros():
/Users/askn/Library/Arduino15/packages/MultiX-Zinnia/hardware/modernAVR/0.4.10/cores/modernAVR/api/delay_busywait.h:33
    5f26:	83 ef       	ldi	r24, 0xF3	; 243
    5f28:	91 e0       	ldi	r25, 0x01	; 1
    5f2a:	01 97       	sbiw	r24, 0x01	; 1
    5f2c:	f1 f7       	brne	.-4      	; 0x5f2a <main+0x159a>
    5f2e:	00 c0       	rjmp	.+0      	; 0x5f30 <main+0x15a0>
    5f30:	00 00       	nop
sign_off():
/Users/askn/Develop/UPDI4AVR-USB/src/pdi.cpp:388
      SYS::delay_100us();
      USART::setup();
    5f32:	0e 94 88 12 	call	0x2510	; 0x2510 <USART::setup()>
/Users/askn/Develop/UPDI4AVR-USB/src/pdi.cpp:389
      pinLogicOpen(PIN_PGM_PDAT);
    5f36:	04 98       	cbi	0x00, 4	; 0
/Users/askn/Develop/UPDI4AVR-USB/src/pdi.cpp:390
      pinControlRegister(PIN_PGM_PCLK) = 0;
    5f38:	10 92 16 04 	sts	0x0416, r1	; 0x800416 <__TEXT_REGION_LENGTH__+0x7f0416>
/Users/askn/Develop/UPDI4AVR-USB/src/pdi.cpp:391
      digitalWriteMacro(PIN_PGM_PCLK, LOW);
    5f3c:	0e 98       	cbi	0x01, 6	; 1
/Users/askn/Develop/UPDI4AVR-USB/src/pdi.cpp:392
      pinLogicPull(PIN_PGM_PCLK);
    5f3e:	06 9a       	sbi	0x00, 6	; 0
/Users/askn/Develop/UPDI4AVR-USB/src/pdi.cpp:393
      if (bit_is_set(PGCONF, PGCONF_PROG_bp)) {
    5f40:	f9 9b       	sbis	0x1f, 1	; 31
    5f42:	0a c0       	rjmp	.+20     	; 0x5f58 <main+0x15c8>
/Users/askn/Develop/UPDI4AVR-USB/src/pdi.cpp:394
        SYS::power_reset();
    5f44:	61 e0       	ldi	r22, 0x01	; 1
    5f46:	81 e0       	ldi	r24, 0x01	; 1
    5f48:	0e 94 4e 18 	call	0x309c	; 0x309c <SYS::power_reset(bool, bool)>
delay_micros():
/Users/askn/Library/Arduino15/packages/MultiX-Zinnia/hardware/modernAVR/0.4.10/cores/modernAVR/api/delay_busywait.h:33
    5f4c:	e3 ed       	ldi	r30, 0xD3	; 211
    5f4e:	f0 e3       	ldi	r31, 0x30	; 48
    5f50:	31 97       	sbiw	r30, 0x01	; 1
    5f52:	f1 f7       	brne	.-4      	; 0x5f50 <main+0x15c0>
    5f54:	00 c0       	rjmp	.+0      	; 0x5f56 <main+0x15c6>
    5f56:	00 00       	nop
sign_off():
/Users/askn/Develop/UPDI4AVR-USB/src/pdi.cpp:397
        SYS::delay_2500us();
      }
      pinLogicOpen(PIN_PGM_PCLK);
    5f58:	06 98       	cbi	0x00, 6	; 0
/Users/askn/Develop/UPDI4AVR-USB/src/pdi.cpp:398
      pinControlRegister(PIN_PGM_PDAT) = PORT_ISC_INPUT_DISABLE_gc;
    5f5a:	84 e0       	ldi	r24, 0x04	; 4
    5f5c:	80 93 14 04 	sts	0x0414, r24	; 0x800414 <__TEXT_REGION_LENGTH__+0x7f0414>
    5f60:	a0 ce       	rjmp	.-704    	; 0x5ca2 <main+0x1312>
main():
/Users/askn/Develop/UPDI4AVR-USB/src/pdi.cpp:384
    D1PRINTF("  Fail:%02X\r\n", RXDATA);
    return 0;
  }

  uint8_t sign_off (void) {
    uint8_t _rsp = 1;
    5f62:	ee 24       	eor	r14, r14
    5f64:	e3 94       	inc	r14
    5f66:	a0 ce       	rjmp	.-704    	; 0x5ca8 <main+0x1318>
jtag_scope_xmega():
/Users/askn/Develop/UPDI4AVR-USB/src/pdi.cpp:419
    else if (_cmd == 0x11) {        /* CMD3_SIGN_OFF */
      D1PRINTF(" PDI_SIGN_OFF\r\n");
      /* If UPDI control has failed, RSP3_OK is always returned. */
      _rspsize = sign_off();
    }
    else if (_cmd == 0x15) {        /* CMD3_ENTER_PROGMODE */
    5f68:	85 31       	cpi	r24, 0x15	; 21
    5f6a:	79 f4       	brne	.+30     	; 0x5f8a <main+0x15fa>
/Users/askn/Develop/UPDI4AVR-USB/src/pdi.cpp:420
      D1PRINTF(" PDI_ENTER_PROG\r\n");
    5f6c:	89 eb       	ldi	r24, 0xB9	; 185
    5f6e:	96 e0       	ldi	r25, 0x06	; 6
    5f70:	9f 93       	push	r25
    5f72:	8f 93       	push	r24
    5f74:	1f 93       	push	r17
    5f76:	0f 93       	push	r16
    5f78:	0e 94 3e 0e 	call	0x1c7c	; 0x1c7c <Print::printf(PGM_t const*, ...) [clone .constprop.16]>
/Users/askn/Develop/UPDI4AVR-USB/src/pdi.cpp:422
      /* On failure, RSP3_OK is returned if a PDI connection is available. */
      _rspsize = Timeout::command(&enter_progmode, &timeout_fallback) || bit_is_set(PGCONF, PGCONF_PGIA_bp);
    5f7c:	40 e2       	ldi	r20, 0x20	; 32
    5f7e:	53 e0       	ldi	r21, 0x03	; 3
    5f80:	6f e3       	ldi	r22, 0x3F	; 63
    5f82:	70 e1       	ldi	r23, 0x10	; 16
    5f84:	88 e0       	ldi	r24, 0x08	; 8
    5f86:	90 e1       	ldi	r25, 0x10	; 16
    5f88:	a8 ce       	rjmp	.-688    	; 0x5cda <main+0x134a>
/Users/askn/Develop/UPDI4AVR-USB/src/pdi.cpp:424
    }
    else if (_cmd == 0x16) {        /* CMD3_LEAVE_PROGMODE */
    5f8a:	86 31       	cpi	r24, 0x16	; 22
    5f8c:	69 f4       	brne	.+26     	; 0x5fa8 <main+0x1618>
/Users/askn/Develop/UPDI4AVR-USB/src/pdi.cpp:425
      D1PRINTF(" PDI_LEAVE_PROG\r\n");
    5f8e:	87 ea       	ldi	r24, 0xA7	; 167
    5f90:	96 e0       	ldi	r25, 0x06	; 6
    5f92:	9f 93       	push	r25
    5f94:	8f 93       	push	r24
    5f96:	1f 93       	push	r17
    5f98:	0f 93       	push	r16
    5f9a:	0e 94 3e 0e 	call	0x1c7c	; 0x1c7c <Print::printf(PGM_t const*, ...) [clone .constprop.16]>
    5f9e:	0f 90       	pop	r0
    5fa0:	0f 90       	pop	r0
    5fa2:	0f 90       	pop	r0
    5fa4:	0f 90       	pop	r0
    5fa6:	c0 ce       	rjmp	.-640    	; 0x5d28 <main+0x1398>
/Users/askn/Develop/UPDI4AVR-USB/src/pdi.cpp:430
      /* There is nothing to do. */
      /* The actual termination process is delayed until CMD3_SIGN_OFF. */
      _rspsize = 1;
    }
    else if (bit_is_clear(PGCONF, PGCONF_PROG_bp)) { /* empty */ }
    5fa8:	f9 9b       	sbis	0x1f, 1	; 31
    5faa:	6d c0       	rjmp	.+218    	; 0x6086 <main+0x16f6>
/Users/askn/Develop/UPDI4AVR-USB/src/pdi.cpp:431
    else if (_cmd == 0x20) {        /* CMD3_ERASE_MEMORY */
    5fac:	80 32       	cpi	r24, 0x20	; 32
    5fae:	e9 f4       	brne	.+58     	; 0x5fea <main+0x165a>
/Users/askn/Develop/UPDI4AVR-USB/src/pdi.cpp:432
      D1PRINTF(" PDI_ERASE=%02X:%08lX\r\n",
    5fb0:	80 91 12 61 	lds	r24, 0x6112	; 0x806112 <packet+0xb>
    5fb4:	8f 93       	push	r24
    5fb6:	80 91 11 61 	lds	r24, 0x6111	; 0x806111 <packet+0xa>
    5fba:	8f 93       	push	r24
    5fbc:	80 91 10 61 	lds	r24, 0x6110	; 0x806110 <packet+0x9>
    5fc0:	8f 93       	push	r24
    5fc2:	80 91 0f 61 	lds	r24, 0x610F	; 0x80610f <packet+0x8>
    5fc6:	8f 93       	push	r24
    5fc8:	1f 92       	push	r1
    5fca:	df 92       	push	r13
    5fcc:	8f e8       	ldi	r24, 0x8F	; 143
    5fce:	96 e0       	ldi	r25, 0x06	; 6
    5fd0:	9f 93       	push	r25
    5fd2:	8f 93       	push	r24
    5fd4:	1f 93       	push	r17
    5fd6:	0f 93       	push	r16
    5fd8:	0e 94 3e 0e 	call	0x1c7c	; 0x1c7c <Print::printf(PGM_t const*, ...) [clone .constprop.16]>
/Users/askn/Develop/UPDI4AVR-USB/src/pdi.cpp:434
        packet.out.bEType, packet.out.dwPageAddr);
      _rspsize = Timeout::command(&erase_memory, &timeout_fallback);
    5fdc:	40 e2       	ldi	r20, 0x20	; 32
    5fde:	53 e0       	ldi	r21, 0x03	; 3
    5fe0:	6f e3       	ldi	r22, 0x3F	; 63
    5fe2:	70 e1       	ldi	r23, 0x10	; 16
    5fe4:	8f e1       	ldi	r24, 0x1F	; 31
    5fe6:	9c e0       	ldi	r25, 0x0C	; 12
    5fe8:	c4 ce       	rjmp	.-632    	; 0x5d72 <main+0x13e2>
/Users/askn/Develop/UPDI4AVR-USB/src/pdi.cpp:436
    }
    else if (_cmd == 0x21) {        /* CMD3_READ_MEMORY */
    5fea:	81 32       	cpi	r24, 0x21	; 33
    5fec:	39 f5       	brne	.+78     	; 0x603c <main+0x16ac>
/Users/askn/Develop/UPDI4AVR-USB/src/pdi.cpp:437
      D1PRINTF(" PDI_READ=%02X:%08lX:%04X\r\n", packet.out.bMType,
    5fee:	80 91 14 61 	lds	r24, 0x6114	; 0x806114 <packet+0xd>
    5ff2:	8f 93       	push	r24
    5ff4:	80 91 13 61 	lds	r24, 0x6113	; 0x806113 <packet+0xc>
    5ff8:	8f 93       	push	r24
    5ffa:	80 91 12 61 	lds	r24, 0x6112	; 0x806112 <packet+0xb>
    5ffe:	8f 93       	push	r24
    6000:	80 91 11 61 	lds	r24, 0x6111	; 0x806111 <packet+0xa>
    6004:	8f 93       	push	r24
    6006:	80 91 10 61 	lds	r24, 0x6110	; 0x806110 <packet+0x9>
    600a:	8f 93       	push	r24
    600c:	80 91 0f 61 	lds	r24, 0x610F	; 0x80610f <packet+0x8>
    6010:	8f 93       	push	r24
    6012:	1f 92       	push	r1
    6014:	df 92       	push	r13
    6016:	83 e7       	ldi	r24, 0x73	; 115
    6018:	96 e0       	ldi	r25, 0x06	; 6
    601a:	9f 93       	push	r25
    601c:	8f 93       	push	r24
    601e:	1f 93       	push	r17
    6020:	0f 93       	push	r16
    6022:	0e 94 3e 0e 	call	0x1c7c	; 0x1c7c <Print::printf(PGM_t const*, ...) [clone .constprop.16]>
/Users/askn/Develop/UPDI4AVR-USB/src/pdi.cpp:439
        packet.out.dwAddr, (size_t)packet.out.dwLength);
      _rspsize = Timeout::command(&read_memory, &timeout_fallback);
    6026:	40 e2       	ldi	r20, 0x20	; 32
    6028:	53 e0       	ldi	r21, 0x03	; 3
    602a:	6f e3       	ldi	r22, 0x3F	; 63
    602c:	70 e1       	ldi	r23, 0x10	; 16
    602e:	8f e2       	ldi	r24, 0x2F	; 47
    6030:	91 e1       	ldi	r25, 0x11	; 17
    6032:	0e 94 c4 21 	call	0x4388	; 0x4388 <Timeout::command(unsigned int (*)(), unsigned int (*)(), unsigned int)>
/Users/askn/Develop/UPDI4AVR-USB/src/pdi.cpp:440
      packet.in.res = _rspsize ? 0x184 : 0xA0;  /* RSP3_DATA : RSP3_FAILED */
    6036:	cd bf       	out	0x3d, r28	; 61
    6038:	de bf       	out	0x3e, r29	; 62
    603a:	ea ce       	rjmp	.-556    	; 0x5e10 <main+0x1480>
/Users/askn/Develop/UPDI4AVR-USB/src/pdi.cpp:443
      return _rspsize;
    }
    else if (_cmd == 0x23) {        /* CMD3_WRITE_MEMORY */
    603c:	83 32       	cpi	r24, 0x23	; 35
    603e:	19 f5       	brne	.+70     	; 0x6086 <main+0x16f6>
/Users/askn/Develop/UPDI4AVR-USB/src/pdi.cpp:444
      D1PRINTF(" PDI_WRITE=%02X:%08lX:%04X\r\n", packet.out.bMType,
    6040:	80 91 14 61 	lds	r24, 0x6114	; 0x806114 <packet+0xd>
    6044:	8f 93       	push	r24
    6046:	80 91 13 61 	lds	r24, 0x6113	; 0x806113 <packet+0xc>
    604a:	8f 93       	push	r24
    604c:	80 91 12 61 	lds	r24, 0x6112	; 0x806112 <packet+0xb>
    6050:	8f 93       	push	r24
    6052:	80 91 11 61 	lds	r24, 0x6111	; 0x806111 <packet+0xa>
    6056:	8f 93       	push	r24
    6058:	80 91 10 61 	lds	r24, 0x6110	; 0x806110 <packet+0x9>
    605c:	8f 93       	push	r24
    605e:	80 91 0f 61 	lds	r24, 0x610F	; 0x80610f <packet+0x8>
    6062:	8f 93       	push	r24
    6064:	1f 92       	push	r1
    6066:	df 92       	push	r13
    6068:	86 e5       	ldi	r24, 0x56	; 86
    606a:	96 e0       	ldi	r25, 0x06	; 6
    606c:	9f 93       	push	r25
    606e:	8f 93       	push	r24
    6070:	1f 93       	push	r17
    6072:	0f 93       	push	r16
    6074:	0e 94 3e 0e 	call	0x1c7c	; 0x1c7c <Print::printf(PGM_t const*, ...) [clone .constprop.16]>
/Users/askn/Develop/UPDI4AVR-USB/src/pdi.cpp:446
        packet.out.dwAddr, (size_t)packet.out.dwLength);
      _rspsize = Timeout::command(&write_memory, &timeout_fallback);
    6078:	40 e2       	ldi	r20, 0x20	; 32
    607a:	53 e0       	ldi	r21, 0x03	; 3
    607c:	6f e3       	ldi	r22, 0x3F	; 63
    607e:	70 e1       	ldi	r23, 0x10	; 16
    6080:	80 e6       	ldi	r24, 0x60	; 96
    6082:	90 e1       	ldi	r25, 0x10	; 16
    6084:	76 ce       	rjmp	.-788    	; 0x5d72 <main+0x13e2>
main():
/Users/askn/Develop/UPDI4AVR-USB/src/pdi.cpp:406
    }
    return _rsp;
  }

  size_t jtag_scope_xmega (void) {
    size_t _rspsize = 0;
    6086:	90 e0       	ldi	r25, 0x00	; 0
    6088:	80 e0       	ldi	r24, 0x00	; 0
    608a:	c7 ce       	rjmp	.-626    	; 0x5e1a <main+0x148a>
jtag_scope_avr_core():
/Users/askn/Develop/UPDI4AVR-USB/src/jtag.cpp:430
  #endif
    else if (_cmd == 0x11) {        /* CMD3_SIGN_OFF */
    608c:	81 31       	cpi	r24, 0x11	; 17
    608e:	b9 f4       	brne	.+46     	; 0x60be <main+0x172e>
/Users/askn/Develop/UPDI4AVR-USB/src/jtag.cpp:431
      D1PRINTF(" AVR_SIGN_OFF:ARCH=%d\r\n", _jtag_arch);
    6090:	1f 92       	push	r1
    6092:	9f 93       	push	r25
    6094:	89 e4       	ldi	r24, 0x49	; 73
    6096:	97 e0       	ldi	r25, 0x07	; 7
/Users/askn/Develop/UPDI4AVR-USB/src/jtag.cpp:443
  #endif
  #ifdef CONFIG_PGM_ISP_ENABLE
    else if (_jtag_arch == 0x02) _rspsize = ISP::jtag_scope_isp();      /* ISP/MEGA */
  #endif
    else if (_cmd == 0x10) {        /* CMD3_SIGN_ON */
      D1PRINTF(" AVR_SIGN_ON:ARCH=%d\r\n", _jtag_arch);
    6098:	9f 93       	push	r25
    609a:	8f 93       	push	r24
    609c:	1f 93       	push	r17
    609e:	0f 93       	push	r16
    60a0:	0e 94 3e 0e 	call	0x1c7c	; 0x1c7c <Print::printf(PGM_t const*, ...) [clone .constprop.16]>
/Users/askn/Develop/UPDI4AVR-USB/src/jtag.cpp:444
      packet.in.res = 0x80;         /* RSP3_OK */
    60a4:	80 e8       	ldi	r24, 0x80	; 128
    60a6:	90 e0       	ldi	r25, 0x00	; 0
    60a8:	80 93 0c 61 	sts	0x610C, r24	; 0x80610c <packet+0x5>
    60ac:	90 93 0d 61 	sts	0x610D, r25	; 0x80610d <packet+0x6>
jtag_scope_branch():
/Users/askn/Develop/UPDI4AVR-USB/src/jtag.cpp:481
    else if (_scope == 0x11) _rspsize = ISP::jtag_scope_isp();      /* SCOPE_AVR_ISP */
  #endif
    else if (_scope == 0x12) _rspsize = jtag_scope_avr_core();      /* SCOPE_AVR */
    else if (_scope == 0x14) _rspsize = TPI::jtag_scope_tpi();      /* SCOPE_AVR_TPI */
    else if (_scope == 0x20) _rspsize = jtag_scope_edbg();          /* SCOPE_EDBG */
    else    { D1PRINTF(" ?:SCOPE=%02X\r\n", _scope); }
    60b0:	0f 90       	pop	r0
    60b2:	0f 90       	pop	r0
    60b4:	0f 90       	pop	r0
    60b6:	0f 90       	pop	r0
    60b8:	0f 90       	pop	r0
    60ba:	0f 90       	pop	r0
    60bc:	ea cb       	rjmp	.-2092   	; 0x5892 <main+0xf02>
jtag_scope_avr_core():
/Users/askn/Develop/UPDI4AVR-USB/src/jtag.cpp:440
    /* The following details the JTAG2 specifications. */
  #ifdef _Not_yet_implemented_stub_
    else if (_jtag_arch == 0x01) _rspsize = DWI::jtag_scope_dwire();     /* dWire? */
  #endif
  #ifdef CONFIG_PGM_ISP_ENABLE
    else if (_jtag_arch == 0x02) _rspsize = ISP::jtag_scope_isp();      /* ISP/MEGA */
    60be:	92 30       	cpi	r25, 0x02	; 2
    60c0:	09 f4       	brne	.+2      	; 0x60c4 <main+0x1734>
    60c2:	fe cb       	rjmp	.-2052   	; 0x58c0 <main+0xf30>
/Users/askn/Develop/UPDI4AVR-USB/src/jtag.cpp:442
  #endif
    else if (_cmd == 0x10) {        /* CMD3_SIGN_ON */
    60c4:	80 31       	cpi	r24, 0x10	; 16
    60c6:	29 f4       	brne	.+10     	; 0x60d2 <main+0x1742>
/Users/askn/Develop/UPDI4AVR-USB/src/jtag.cpp:443
      D1PRINTF(" AVR_SIGN_ON:ARCH=%d\r\n", _jtag_arch);
    60c8:	1f 92       	push	r1
    60ca:	9f 93       	push	r25
    60cc:	82 e3       	ldi	r24, 0x32	; 50
    60ce:	97 e0       	ldi	r25, 0x07	; 7
    60d0:	e3 cf       	rjmp	.-58     	; 0x6098 <main+0x1708>
/Users/askn/Develop/UPDI4AVR-USB/src/jtag.cpp:446
      packet.in.res = 0x80;         /* RSP3_OK */
    }
    else if (_cmd == 0x13) {        /* CMD3_START_DW_DEBUG */
    60d2:	83 31       	cpi	r24, 0x13	; 19
    60d4:	59 f4       	brne	.+22     	; 0x60ec <main+0x175c>
/Users/askn/Develop/UPDI4AVR-USB/src/jtag.cpp:447
      D1PRINTF(" AVR_START_DW_DEBUG:ARCH=%d:FAILED\r\n", _jtag_arch);
    60d6:	1f 92       	push	r1
    60d8:	9f 93       	push	r25
    60da:	8d e0       	ldi	r24, 0x0D	; 13
    60dc:	97 e0       	ldi	r25, 0x07	; 7
jtag_scope_branch():
/Users/askn/Develop/UPDI4AVR-USB/src/jtag.cpp:481
    else if (_scope == 0x11) _rspsize = ISP::jtag_scope_isp();      /* SCOPE_AVR_ISP */
  #endif
    else if (_scope == 0x12) _rspsize = jtag_scope_avr_core();      /* SCOPE_AVR */
    else if (_scope == 0x14) _rspsize = TPI::jtag_scope_tpi();      /* SCOPE_AVR_TPI */
    else if (_scope == 0x20) _rspsize = jtag_scope_edbg();          /* SCOPE_EDBG */
    else    { D1PRINTF(" ?:SCOPE=%02X\r\n", _scope); }
    60de:	9f 93       	push	r25
    60e0:	8f 93       	push	r24
    60e2:	1f 93       	push	r17
    60e4:	0f 93       	push	r16
    60e6:	0e 94 3e 0e 	call	0x1c7c	; 0x1c7c <Print::printf(PGM_t const*, ...) [clone .constprop.16]>
    60ea:	e2 cf       	rjmp	.-60     	; 0x60b0 <main+0x1720>
jtag_scope_avr_core():
/Users/askn/Develop/UPDI4AVR-USB/src/jtag.cpp:451
    else if (_cmd == 0x13) {        /* CMD3_START_DW_DEBUG */
      D1PRINTF(" AVR_START_DW_DEBUG:ARCH=%d:FAILED\r\n", _jtag_arch);
      /* Not yet supported. */
    }
    else {
      D1PRINTF(" AVR_CMD?[%02X] ARCH=%d\r\n", _cmd, _jtag_arch);
    60ec:	1f 92       	push	r1
    60ee:	9f 93       	push	r25
    60f0:	1f 92       	push	r1
    60f2:	8f 93       	push	r24
    60f4:	83 ef       	ldi	r24, 0xF3	; 243
    60f6:	96 e0       	ldi	r25, 0x06	; 6
    60f8:	9f 93       	push	r25
    60fa:	8f 93       	push	r24
    60fc:	1f 93       	push	r17
    60fe:	0f 93       	push	r16
    6100:	0e 94 3e 0e 	call	0x1c7c	; 0x1c7c <Print::printf(PGM_t const*, ...) [clone .constprop.16]>
/Users/askn/Develop/UPDI4AVR-USB/src/jtag.cpp:452
      packet.in.res = 0xA0;         /* RSP3_FAILED */
    6104:	80 ea       	ldi	r24, 0xA0	; 160
    6106:	90 e0       	ldi	r25, 0x00	; 0
    6108:	80 93 0c 61 	sts	0x610C, r24	; 0x80610c <packet+0x5>
    610c:	90 93 0d 61 	sts	0x610D, r25	; 0x80610d <packet+0x6>
    6110:	d1 cb       	rjmp	.-2142   	; 0x58b4 <main+0xf24>
jtag_scope_branch():
/Users/askn/Develop/UPDI4AVR-USB/src/jtag.cpp:479
  #ifdef CONFIG_PGM_ISP_ENABLE
    /* This scope complies with the JTAG2 standard. */
    else if (_scope == 0x11) _rspsize = ISP::jtag_scope_isp();      /* SCOPE_AVR_ISP */
  #endif
    else if (_scope == 0x12) _rspsize = jtag_scope_avr_core();      /* SCOPE_AVR */
    else if (_scope == 0x14) _rspsize = TPI::jtag_scope_tpi();      /* SCOPE_AVR_TPI */
    6112:	94 e1       	ldi	r25, 0x14	; 20
    6114:	f9 12       	cpse	r15, r25
    6116:	34 c1       	rjmp	.+616    	; 0x6380 <main+0x19f0>
jtag_scope_tpi():
/Users/askn/Develop/UPDI4AVR-USB/src/tpi.cpp:351
   * It doesn't seem to be implemented in the "mEDBG".
   * which means it will start immediately with XPRG_CMD_ENTER_PROGMODE.
   */
  size_t jtag_scope_tpi (void) {
    size_t _rspsize = 0;  /* Make final adjustments. */
    uint8_t _cmd    = packet.out.cmd;
    6118:	80 91 0c 61 	lds	r24, 0x610C	; 0x80610c <packet+0x5>
/Users/askn/Develop/UPDI4AVR-USB/src/tpi.cpp:352
    if (_cmd == 0x01) {             /* XPRG_CMD_ENTER_PROGMODE */
    611c:	81 30       	cpi	r24, 0x01	; 1
    611e:	31 f5       	brne	.+76     	; 0x616c <main+0x17dc>
/Users/askn/Develop/UPDI4AVR-USB/src/tpi.cpp:353
      D1PRINTF(" TPI_ENTER_PROGMODE\r\n");
    6120:	87 e4       	ldi	r24, 0x47	; 71
    6122:	99 e0       	ldi	r25, 0x09	; 9
    6124:	9f 93       	push	r25
    6126:	8f 93       	push	r24
    6128:	1f 93       	push	r17
    612a:	0f 93       	push	r16
    612c:	0e 94 3e 0e 	call	0x1c7c	; 0x1c7c <Print::printf(PGM_t const*, ...) [clone .constprop.16]>
/Users/askn/Develop/UPDI4AVR-USB/src/tpi.cpp:354
      _vtarget = SYS::get_vdd();
    6130:	0e 94 a9 0a 	call	0x1552	; 0x1552 <SYS::get_vdd()>
    6134:	80 93 ea 60 	sts	0x60EA, r24	; 0x8060ea <_vtarget>
    6138:	90 93 eb 60 	sts	0x60EB, r25	; 0x8060eb <_vtarget+0x1>
/Users/askn/Develop/UPDI4AVR-USB/src/tpi.cpp:355
      D1PRINTF(" VTARGET=%d\r\n", _vtarget);
    613c:	9f 93       	push	r25
    613e:	8f 93       	push	r24
    6140:	89 e3       	ldi	r24, 0x39	; 57
    6142:	99 e0       	ldi	r25, 0x09	; 9
    6144:	9f 93       	push	r25
    6146:	8f 93       	push	r24
    6148:	1f 93       	push	r17
    614a:	0f 93       	push	r16
    614c:	0e 94 3e 0e 	call	0x1c7c	; 0x1c7c <Print::printf(PGM_t const*, ...) [clone .constprop.16]>
/Users/askn/Develop/UPDI4AVR-USB/src/tpi.cpp:356
      _jtag_arch = 0;
    6150:	10 92 83 63 	sts	0x6383, r1	; 0x806383 <_jtag_arch>
/Users/askn/Develop/UPDI4AVR-USB/src/tpi.cpp:357
      _rspsize = Timeout::command(&connect);
    6154:	40 e2       	ldi	r20, 0x20	; 32
    6156:	53 e0       	ldi	r21, 0x03	; 3
    6158:	70 e0       	ldi	r23, 0x00	; 0
    615a:	60 e0       	ldi	r22, 0x00	; 0
    615c:	88 e6       	ldi	r24, 0x68	; 104
    615e:	98 e1       	ldi	r25, 0x18	; 24
/Users/askn/Develop/UPDI4AVR-USB/src/tpi.cpp:409
      D1PRINTF(" TPI_WRITE=%02X:%08lX:%d\r\n",
        packet.out.tpi.write.bMType,
        bswap32(packet.out.tpi.write.dwAddr),
        bswap16(packet.out.tpi.write.wLength)
      );
      _rspsize = Timeout::command(&write_memory);
    6160:	0e 94 c4 21 	call	0x4388	; 0x4388 <Timeout::command(unsigned int (*)(), unsigned int (*)(), unsigned int)>
    6164:	7c 01       	movw	r14, r24
    6166:	cd bf       	out	0x3d, r28	; 61
    6168:	de bf       	out	0x3e, r29	; 62
    616a:	15 c0       	rjmp	.+42     	; 0x6196 <main+0x1806>
/Users/askn/Develop/UPDI4AVR-USB/src/tpi.cpp:359
      _vtarget = SYS::get_vdd();
      D1PRINTF(" VTARGET=%d\r\n", _vtarget);
      _jtag_arch = 0;
      _rspsize = Timeout::command(&connect);
    }
    else if (_cmd == 0x02) {        /* XPRG_CMD_LEAVE_PROGMODE */
    616c:	82 30       	cpi	r24, 0x02	; 2
    616e:	09 f0       	breq	.+2      	; 0x6172 <main+0x17e2>
    6170:	61 c0       	rjmp	.+194    	; 0x6234 <main+0x18a4>
/Users/askn/Develop/UPDI4AVR-USB/src/tpi.cpp:360
      D1PRINTF(" TPI_LEAVE_PROGMODE\r\n");
    6172:	83 e2       	ldi	r24, 0x23	; 35
    6174:	99 e0       	ldi	r25, 0x09	; 9
    6176:	9f 93       	push	r25
    6178:	8f 93       	push	r24
    617a:	1f 93       	push	r17
    617c:	0f 93       	push	r16
    617e:	0e 94 3e 0e 	call	0x1c7c	; 0x1c7c <Print::printf(PGM_t const*, ...) [clone .constprop.16]>
sign_off():
/Users/askn/Develop/UPDI4AVR-USB/src/tpi.cpp:325
    return 1;
  }

  uint8_t sign_off (void) {
    uint8_t _rsp = 1;
    if (PGCONF) {
    6182:	8f b3       	in	r24, 0x1f	; 31
    6184:	0f 90       	pop	r0
    6186:	0f 90       	pop	r0
    6188:	0f 90       	pop	r0
    618a:	0f 90       	pop	r0
    618c:	81 11       	cpse	r24, r1
    618e:	1d c0       	rjmp	.+58     	; 0x61ca <main+0x183a>
main():
/Users/askn/Develop/UPDI4AVR-USB/src/tpi.cpp:361
      _jtag_arch = 0;
      _rspsize = Timeout::command(&connect);
    }
    else if (_cmd == 0x02) {        /* XPRG_CMD_LEAVE_PROGMODE */
      D1PRINTF(" TPI_LEAVE_PROGMODE\r\n");
      _rspsize = sign_off();
    6190:	ee 24       	eor	r14, r14
    6192:	e3 94       	inc	r14
    6194:	f1 2c       	mov	r15, r1
jtag_scope_tpi():
/Users/askn/Develop/UPDI4AVR-USB/src/tpi.cpp:411
        bswap32(packet.out.tpi.write.dwAddr),
        bswap16(packet.out.tpi.write.wLength)
      );
      _rspsize = Timeout::command(&write_memory);
    }
    packet.in.tpi.res = _rspsize ? 0x00 : 0x01; /* XPRG_ERR_OK : XPRG_ERR_FAILED */
    6196:	81 e0       	ldi	r24, 0x01	; 1
    6198:	e1 14       	cp	r14, r1
    619a:	f1 04       	cpc	r15, r1
    619c:	09 f0       	breq	.+2      	; 0x61a0 <main+0x1810>
    619e:	80 e0       	ldi	r24, 0x00	; 0
    61a0:	80 93 0d 61 	sts	0x610D, r24	; 0x80610d <packet+0x6>
/Users/askn/Develop/UPDI4AVR-USB/src/tpi.cpp:412
    D1PRINTF(" <RES:%02X>\r\n", _rspsize);
    61a4:	ff 92       	push	r15
    61a6:	ef 92       	push	r14
    61a8:	84 ea       	ldi	r24, 0xA4	; 164
    61aa:	98 e0       	ldi	r25, 0x08	; 8
    61ac:	9f 93       	push	r25
    61ae:	8f 93       	push	r24
    61b0:	1f 93       	push	r17
    61b2:	0f 93       	push	r16
    61b4:	0e 94 3e 0e 	call	0x1c7c	; 0x1c7c <Print::printf(PGM_t const*, ...) [clone .constprop.16]>
/Users/askn/Develop/UPDI4AVR-USB/src/tpi.cpp:415

    /* Adds padding to XPRG responses to adjust the length of the payload. */
    return _rspsize + 1;
    61b8:	c7 01       	movw	r24, r14
    61ba:	01 96       	adiw	r24, 0x01	; 1
    61bc:	0f 90       	pop	r0
    61be:	0f 90       	pop	r0
    61c0:	0f 90       	pop	r0
    61c2:	0f 90       	pop	r0
    61c4:	0f 90       	pop	r0
    61c6:	0f 90       	pop	r0
    61c8:	31 cb       	rjmp	.-2462   	; 0x582c <main+0xe9c>
sign_off():
/Users/askn/Develop/UPDI4AVR-USB/src/tpi.cpp:326
  }

  uint8_t sign_off (void) {
    uint8_t _rsp = 1;
    if (PGCONF) {
      _rsp = bit_is_set(PGCONF, PGCONF_PGIA_bp) ? disconnect() : 1;
    61ca:	f8 9b       	sbis	0x1f, 0	; 31
    61cc:	21 c0       	rjmp	.+66     	; 0x6210 <main+0x1880>
set_sstcs():
/Users/askn/Develop/UPDI4AVR-USB/src/tpi.cpp:74
    return send(0x80 | _addr) && recv();
  }

  bool set_sstcs (const uint8_t _addr, const uint8_t _data) {
    D2PRINTF("[SSTCS:%02X:%02X]\r\n", _addr, _data);
    return send(0xC0 | _addr) && send(_data);
    61ce:	80 ec       	ldi	r24, 0xC0	; 192
    61d0:	0e 94 d9 07 	call	0xfb2	; 0xfb2 <PDI::send(unsigned char)>
    61d4:	88 23       	and	r24, r24
    61d6:	19 f0       	breq	.+6      	; 0x61de <main+0x184e>
    61d8:	80 e0       	ldi	r24, 0x00	; 0
    61da:	0e 94 56 0a 	call	0x14ac	; 0x14ac <PDI::send_byte(unsigned char) [clone .part.4]>
disconnect():
/Users/askn/Develop/UPDI4AVR-USB/src/tpi.cpp:311

  size_t disconnect (void) {
    /*** leave RESET (normal programing) ***/
    set_sstcs(0x00, 0x00);
    /* Send the NVM exit command, wait a short while and release RESET. */
    idle_clock(28);
    61de:	8c e1       	ldi	r24, 0x1C	; 28
    61e0:	90 e0       	ldi	r25, 0x00	; 0
    61e2:	0e 94 99 0a 	call	0x1532	; 0x1532 <TPI::idle_clock(unsigned int)>
/Users/askn/Develop/UPDI4AVR-USB/src/tpi.cpp:313
  #ifdef CONFIG_HVC_ENABLE
    if (bit_is_set(PGCONF, PGCONF_HVEN_bp)) {
    61e6:	fc 9b       	sbis	0x1f, 4	; 31
    61e8:	13 c0       	rjmp	.+38     	; 0x6210 <main+0x1880>
hvc_leave():
/Users/askn/Develop/UPDI4AVR-USB/src/sys.cpp:454
  #endif
  }

  void hvc_leave (void) {
  #ifdef CONFIG_HVC_ENABLE
    TCA0_SPLIT_CTRLB = 0;
    61ea:	10 92 01 0a 	sts	0x0A01, r1	; 0x800a01 <__TEXT_REGION_LENGTH__+0x7f0a01>
/Users/askn/Develop/UPDI4AVR-USB/src/sys.cpp:455
    TCA0_SPLIT_CTRLA = TCA_SPLIT_ENABLE_bm | TCA_SPLIT_CLKSEL_DIV1024_gc;
    61ee:	8f e0       	ldi	r24, 0x0F	; 15
    61f0:	80 93 00 0a 	sts	0x0A00, r24	; 0x800a00 <__TEXT_REGION_LENGTH__+0x7f0a00>
disconnect():
/Users/askn/Develop/UPDI4AVR-USB/src/tpi.cpp:315
      SYS::hvc_leave();
      digitalWriteMacro(PIN_HVC_SELECT2, LOW);
    61f4:	69 98       	cbi	0x0d, 1	; 13
/Users/askn/Develop/UPDI4AVR-USB/src/tpi.cpp:316
      bit_clear(PGCONF, PGCONF_HVEN_bp);
    61f6:	fc 98       	cbi	0x1f, 4	; 31
/Users/askn/Develop/UPDI4AVR-USB/src/tpi.cpp:317
      D1PRINTF("<HVC:OFF>\r\n");
    61f8:	88 e9       	ldi	r24, 0x98	; 152
    61fa:	98 e0       	ldi	r25, 0x08	; 8
    61fc:	9f 93       	push	r25
    61fe:	8f 93       	push	r24
    6200:	1f 93       	push	r17
    6202:	0f 93       	push	r16
    6204:	0e 94 3e 0e 	call	0x1c7c	; 0x1c7c <Print::printf(PGM_t const*, ...) [clone .constprop.16]>
    6208:	0f 90       	pop	r0
    620a:	0f 90       	pop	r0
    620c:	0f 90       	pop	r0
    620e:	0f 90       	pop	r0
sign_off():
/Users/askn/Develop/UPDI4AVR-USB/src/tpi.cpp:327

  uint8_t sign_off (void) {
    uint8_t _rsp = 1;
    if (PGCONF) {
      _rsp = bit_is_set(PGCONF, PGCONF_PGIA_bp) ? disconnect() : 1;
      pinLogicOpen(PIN_PGM_TCLK);
    6210:	02 98       	cbi	0x00, 2	; 0
/Users/askn/Develop/UPDI4AVR-USB/src/tpi.cpp:328
      pinLogicOpen(PIN_PGM_TRST);
    6212:	01 98       	cbi	0x00, 1	; 0
/Users/askn/Develop/UPDI4AVR-USB/src/tpi.cpp:329
      SYS::power_reset();
    6214:	61 e0       	ldi	r22, 0x01	; 1
    6216:	81 e0       	ldi	r24, 0x01	; 1
    6218:	0e 94 4e 18 	call	0x309c	; 0x309c <SYS::power_reset(bool, bool)>
delay_micros():
/Users/askn/Library/Arduino15/packages/MultiX-Zinnia/hardware/modernAVR/0.4.10/cores/modernAVR/api/delay_busywait.h:33
    621c:	83 ed       	ldi	r24, 0xD3	; 211
    621e:	90 e3       	ldi	r25, 0x30	; 48
    6220:	01 97       	sbiw	r24, 0x01	; 1
    6222:	f1 f7       	brne	.-4      	; 0x6220 <main+0x1890>
    6224:	00 c0       	rjmp	.+0      	; 0x6226 <main+0x1896>
    6226:	00 00       	nop
sign_off():
/Users/askn/Develop/UPDI4AVR-USB/src/tpi.cpp:331
      SYS::delay_2500us();
      PGCONF = 0;
    6228:	1f ba       	out	0x1f, r1	; 31
/Users/askn/Develop/UPDI4AVR-USB/src/tpi.cpp:332
      USART::setup();
    622a:	0e 94 88 12 	call	0x2510	; 0x2510 <USART::setup()>
/Users/askn/Develop/UPDI4AVR-USB/src/tpi.cpp:333
      USART::change_vcp();
    622e:	0e 94 26 0f 	call	0x1e4c	; 0x1e4c <USART::change_vcp()>
    6232:	ae cf       	rjmp	.-164    	; 0x6190 <main+0x1800>
jtag_scope_tpi():
/Users/askn/Develop/UPDI4AVR-USB/src/tpi.cpp:363
    }
    else if (_cmd == 0x02) {        /* XPRG_CMD_LEAVE_PROGMODE */
      D1PRINTF(" TPI_LEAVE_PROGMODE\r\n");
      _rspsize = sign_off();
    }
    else if (_cmd == 0x07) {        /* XPRG_CMD_SET_PARAM */
    6234:	87 30       	cpi	r24, 0x07	; 7
    6236:	09 f4       	brne	.+2      	; 0x623a <main+0x18aa>
    6238:	ab cf       	rjmp	.-170    	; 0x6190 <main+0x1800>
/Users/askn/Develop/UPDI4AVR-USB/src/tpi.cpp:381
        _tpi_csr_addr = _bValue;    /* XPRG_TPI_NVMCSR_ADDRESS */
      }
  #endif
      _rspsize = 1;
    }
    else if (_cmd == 0x06) {        /* XPRG_CMD_CRC */
    623a:	86 30       	cpi	r24, 0x06	; 6
    623c:	79 f4       	brne	.+30     	; 0x625c <main+0x18cc>
/Users/askn/Develop/UPDI4AVR-USB/src/tpi.cpp:382
      D1PRINTF(" TPI_CRC\r\n");     /* not used (Fail) */
    623e:	88 e1       	ldi	r24, 0x18	; 24
    6240:	99 e0       	ldi	r25, 0x09	; 9
    6242:	9f 93       	push	r25
    6244:	8f 93       	push	r24
    6246:	1f 93       	push	r17
    6248:	0f 93       	push	r16
    624a:	0e 94 3e 0e 	call	0x1c7c	; 0x1c7c <Print::printf(PGM_t const*, ...) [clone .constprop.16]>
    624e:	0f 90       	pop	r0
    6250:	0f 90       	pop	r0
    6252:	0f 90       	pop	r0
    6254:	0f 90       	pop	r0
main():
/Users/askn/Develop/UPDI4AVR-USB/src/tpi.cpp:350
   * When this scope is used, CMD3_SIGN_ON will not be called,
   * It doesn't seem to be implemented in the "mEDBG".
   * which means it will start immediately with XPRG_CMD_ENTER_PROGMODE.
   */
  size_t jtag_scope_tpi (void) {
    size_t _rspsize = 0;  /* Make final adjustments. */
    6256:	f1 2c       	mov	r15, r1
    6258:	e1 2c       	mov	r14, r1
    625a:	9d cf       	rjmp	.-198    	; 0x6196 <main+0x1806>
jtag_scope_tpi():
/Users/askn/Develop/UPDI4AVR-USB/src/tpi.cpp:384
      _rspsize = 1;
    }
    else if (_cmd == 0x06) {        /* XPRG_CMD_CRC */
      D1PRINTF(" TPI_CRC\r\n");     /* not used (Fail) */
    }
    else if (bit_is_clear(PGCONF, PGCONF_PGIA_bp)) { /* empty */ }
    625c:	f8 9b       	sbis	0x1f, 0	; 31
    625e:	fb cf       	rjmp	.-10     	; 0x6256 <main+0x18c6>
/Users/askn/Develop/UPDI4AVR-USB/src/tpi.cpp:385
    else if (_cmd == 0x05) {        /* XPRG_CMD_READ_MEM */
    6260:	85 30       	cpi	r24, 0x05	; 5
    6262:	49 f5       	brne	.+82     	; 0x62b6 <main+0x1926>
bswap16():
/Users/askn/Library/Arduino15/packages/MultiX-Zinnia/hardware/modernAVR/0.4.10/cores/modernAVR/api/cpp/btools.cpp:45
//
// Byte convert
//

uint16_t bswap16 (uint16_t _word) {
  return __builtin_bswap16(_word);
    6264:	20 91 12 61 	lds	r18, 0x6112	; 0x806112 <packet+0xb>
    6268:	30 91 13 61 	lds	r19, 0x6113	; 0x806113 <packet+0xc>
    626c:	32 27       	eor	r19, r18
    626e:	23 27       	eor	r18, r19
    6270:	32 27       	eor	r19, r18
bswap32():
/Users/askn/Library/Arduino15/packages/MultiX-Zinnia/hardware/modernAVR/0.4.10/cores/modernAVR/api/cpp/btools.cpp:49
}

uint32_t bswap32 (uint32_t _dword) {
  return __builtin_bswap32(_dword);
    6272:	60 91 0e 61 	lds	r22, 0x610E	; 0x80610e <packet+0x7>
    6276:	70 91 0f 61 	lds	r23, 0x610F	; 0x80610f <packet+0x8>
    627a:	80 91 10 61 	lds	r24, 0x6110	; 0x806110 <packet+0x9>
    627e:	90 91 11 61 	lds	r25, 0x6111	; 0x806111 <packet+0xa>
    6282:	45 d4       	rcall	.+2186   	; 0x6b0e <__bswapsi2>
jtag_scope_tpi():
/Users/askn/Develop/UPDI4AVR-USB/src/tpi.cpp:386
      D1PRINTF(" TPI_READ=%02X:%08lX:%d\r\n",
    6284:	3f 93       	push	r19
    6286:	2f 93       	push	r18
    6288:	9f 93       	push	r25
    628a:	8f 93       	push	r24
    628c:	7f 93       	push	r23
    628e:	6f 93       	push	r22
    6290:	80 91 0d 61 	lds	r24, 0x610D	; 0x80610d <packet+0x6>
    6294:	1f 92       	push	r1
    6296:	8f 93       	push	r24
    6298:	8e ef       	ldi	r24, 0xFE	; 254
    629a:	98 e0       	ldi	r25, 0x08	; 8
    629c:	9f 93       	push	r25
    629e:	8f 93       	push	r24
    62a0:	1f 93       	push	r17
    62a2:	0f 93       	push	r16
    62a4:	0e 94 3e 0e 	call	0x1c7c	; 0x1c7c <Print::printf(PGM_t const*, ...) [clone .constprop.16]>
/Users/askn/Develop/UPDI4AVR-USB/src/tpi.cpp:391
        packet.out.tpi.read.bMType,
        bswap32(packet.out.tpi.read.dwAddr),
        bswap16(packet.out.tpi.read.wLength)
      );
      _rspsize = Timeout::command(&read_memory);
    62a8:	40 e2       	ldi	r20, 0x20	; 32
    62aa:	53 e0       	ldi	r21, 0x03	; 3
    62ac:	70 e0       	ldi	r23, 0x00	; 0
    62ae:	60 e0       	ldi	r22, 0x00	; 0
    62b0:	82 ef       	ldi	r24, 0xF2	; 242
    62b2:	9d e1       	ldi	r25, 0x1D	; 29
    62b4:	55 cf       	rjmp	.-342    	; 0x6160 <main+0x17d0>
/Users/askn/Develop/UPDI4AVR-USB/src/tpi.cpp:393
    }
    else if (_vtarget < 4200) {
    62b6:	20 91 ea 60 	lds	r18, 0x60EA	; 0x8060ea <_vtarget>
    62ba:	30 91 eb 60 	lds	r19, 0x60EB	; 0x8060eb <_vtarget+0x1>
    62be:	28 36       	cpi	r18, 0x68	; 104
    62c0:	f0 e1       	ldi	r31, 0x10	; 16
    62c2:	3f 07       	cpc	r19, r31
    62c4:	78 f4       	brcc	.+30     	; 0x62e4 <main+0x1954>
/Users/askn/Develop/UPDI4AVR-USB/src/tpi.cpp:394
      D1PRINTF(" TPI_CMD=%d, VTGLOW=%d\r\n", _cmd, _vtarget);
    62c6:	3f 93       	push	r19
    62c8:	2f 93       	push	r18
    62ca:	1f 92       	push	r1
    62cc:	8f 93       	push	r24
    62ce:	85 ee       	ldi	r24, 0xE5	; 229
    62d0:	98 e0       	ldi	r25, 0x08	; 8
    62d2:	9f 93       	push	r25
    62d4:	8f 93       	push	r24
    62d6:	1f 93       	push	r17
    62d8:	0f 93       	push	r16
    62da:	0e 94 3e 0e 	call	0x1c7c	; 0x1c7c <Print::printf(PGM_t const*, ...) [clone .constprop.16]>
    62de:	cd bf       	out	0x3d, r28	; 61
    62e0:	de bf       	out	0x3e, r29	; 62
    62e2:	b9 cf       	rjmp	.-142    	; 0x6256 <main+0x18c6>
/Users/askn/Develop/UPDI4AVR-USB/src/tpi.cpp:396
    }
    else if (_cmd == 0x03) {        /* XPRG_CMD_ERASE */
    62e4:	83 30       	cpi	r24, 0x03	; 3
    62e6:	01 f5       	brne	.+64     	; 0x6328 <main+0x1998>
bswap32():
/Users/askn/Library/Arduino15/packages/MultiX-Zinnia/hardware/modernAVR/0.4.10/cores/modernAVR/api/cpp/btools.cpp:49
    62e8:	60 91 0e 61 	lds	r22, 0x610E	; 0x80610e <packet+0x7>
    62ec:	70 91 0f 61 	lds	r23, 0x610F	; 0x80610f <packet+0x8>
    62f0:	80 91 10 61 	lds	r24, 0x6110	; 0x806110 <packet+0x9>
    62f4:	90 91 11 61 	lds	r25, 0x6111	; 0x806111 <packet+0xa>
    62f8:	0a d4       	rcall	.+2068   	; 0x6b0e <__bswapsi2>
jtag_scope_tpi():
/Users/askn/Develop/UPDI4AVR-USB/src/tpi.cpp:397
      D1PRINTF(" TPI_ERASE=%02X:%08lX\r\n",
    62fa:	9f 93       	push	r25
    62fc:	8f 93       	push	r24
    62fe:	7f 93       	push	r23
    6300:	6f 93       	push	r22
    6302:	80 91 0d 61 	lds	r24, 0x610D	; 0x80610d <packet+0x6>
    6306:	1f 92       	push	r1
    6308:	8f 93       	push	r24
    630a:	8d ec       	ldi	r24, 0xCD	; 205
    630c:	98 e0       	ldi	r25, 0x08	; 8
    630e:	9f 93       	push	r25
    6310:	8f 93       	push	r24
    6312:	1f 93       	push	r17
    6314:	0f 93       	push	r16
    6316:	0e 94 3e 0e 	call	0x1c7c	; 0x1c7c <Print::printf(PGM_t const*, ...) [clone .constprop.16]>
/Users/askn/Develop/UPDI4AVR-USB/src/tpi.cpp:401
        packet.out.tpi.read.bMType,
        bswap32(packet.out.tpi.read.dwAddr)
      );
      _rspsize = Timeout::command(&erase_memory);
    631a:	40 e2       	ldi	r20, 0x20	; 32
    631c:	53 e0       	ldi	r21, 0x03	; 3
    631e:	70 e0       	ldi	r23, 0x00	; 0
    6320:	60 e0       	ldi	r22, 0x00	; 0
    6322:	80 e4       	ldi	r24, 0x40	; 64
    6324:	9e e1       	ldi	r25, 0x1E	; 30
    6326:	1c cf       	rjmp	.-456    	; 0x6160 <main+0x17d0>
/Users/askn/Develop/UPDI4AVR-USB/src/tpi.cpp:403
    }
    else if (_cmd == 0x04) {        /* XPRG_CMD_WRITE_MEM */
    6328:	84 30       	cpi	r24, 0x04	; 4
    632a:	09 f0       	breq	.+2      	; 0x632e <main+0x199e>
    632c:	94 cf       	rjmp	.-216    	; 0x6256 <main+0x18c6>
bswap16():
/Users/askn/Library/Arduino15/packages/MultiX-Zinnia/hardware/modernAVR/0.4.10/cores/modernAVR/api/cpp/btools.cpp:45
//
// Byte convert
//

uint16_t bswap16 (uint16_t _word) {
  return __builtin_bswap16(_word);
    632e:	20 91 13 61 	lds	r18, 0x6113	; 0x806113 <packet+0xc>
    6332:	30 91 14 61 	lds	r19, 0x6114	; 0x806114 <packet+0xd>
    6336:	32 27       	eor	r19, r18
    6338:	23 27       	eor	r18, r19
    633a:	32 27       	eor	r19, r18
bswap32():
/Users/askn/Library/Arduino15/packages/MultiX-Zinnia/hardware/modernAVR/0.4.10/cores/modernAVR/api/cpp/btools.cpp:49
}

uint32_t bswap32 (uint32_t _dword) {
  return __builtin_bswap32(_dword);
    633c:	60 91 0f 61 	lds	r22, 0x610F	; 0x80610f <packet+0x8>
    6340:	70 91 10 61 	lds	r23, 0x6110	; 0x806110 <packet+0x9>
    6344:	80 91 11 61 	lds	r24, 0x6111	; 0x806111 <packet+0xa>
    6348:	90 91 12 61 	lds	r25, 0x6112	; 0x806112 <packet+0xb>
    634c:	e0 d3       	rcall	.+1984   	; 0x6b0e <__bswapsi2>
jtag_scope_tpi():
/Users/askn/Develop/UPDI4AVR-USB/src/tpi.cpp:404
      D1PRINTF(" TPI_WRITE=%02X:%08lX:%d\r\n",
    634e:	3f 93       	push	r19
    6350:	2f 93       	push	r18
    6352:	9f 93       	push	r25
    6354:	8f 93       	push	r24
    6356:	7f 93       	push	r23
    6358:	6f 93       	push	r22
    635a:	80 91 0d 61 	lds	r24, 0x610D	; 0x80610d <packet+0x6>
    635e:	1f 92       	push	r1
    6360:	8f 93       	push	r24
    6362:	82 eb       	ldi	r24, 0xB2	; 178
    6364:	98 e0       	ldi	r25, 0x08	; 8
    6366:	9f 93       	push	r25
    6368:	8f 93       	push	r24
    636a:	1f 93       	push	r17
    636c:	0f 93       	push	r16
    636e:	0e 94 3e 0e 	call	0x1c7c	; 0x1c7c <Print::printf(PGM_t const*, ...) [clone .constprop.16]>
/Users/askn/Develop/UPDI4AVR-USB/src/tpi.cpp:409
        packet.out.tpi.write.bMType,
        bswap32(packet.out.tpi.write.dwAddr),
        bswap16(packet.out.tpi.write.wLength)
      );
      _rspsize = Timeout::command(&write_memory);
    6372:	40 e2       	ldi	r20, 0x20	; 32
    6374:	53 e0       	ldi	r21, 0x03	; 3
    6376:	70 e0       	ldi	r23, 0x00	; 0
    6378:	60 e0       	ldi	r22, 0x00	; 0
    637a:	82 eb       	ldi	r24, 0xB2	; 178
    637c:	9c e1       	ldi	r25, 0x1C	; 28
    637e:	f0 ce       	rjmp	.-544    	; 0x6160 <main+0x17d0>
jtag_scope_branch():
/Users/askn/Develop/UPDI4AVR-USB/src/jtag.cpp:480
    else if (_scope == 0x20) _rspsize = jtag_scope_edbg();          /* SCOPE_EDBG */
    6380:	f0 e2       	ldi	r31, 0x20	; 32
    6382:	ff 12       	cpse	r15, r31
    6384:	76 c0       	rjmp	.+236    	; 0x6472 <main+0x1ae2>
jtag_scope_edbg():
/Users/askn/Develop/UPDI4AVR-USB/src/jtag.cpp:245

  /*** The EDBG scope provides access to the writer's hardware specifications. ***/
  /* There is no impact on operation if it is not called at all. */
  size_t jtag_scope_edbg (void) {
    size_t  _rspsize = 0;
    uint8_t _cmd     = packet.out.cmd;
    6386:	70 90 0c 61 	lds	r7, 0x610C	; 0x80610c <packet+0x5>
/Users/askn/Develop/UPDI4AVR-USB/src/jtag.cpp:246
    uint8_t _section = packet.out.section;
    638a:	c0 90 0e 61 	lds	r12, 0x610E	; 0x80610e <packet+0x7>
/Users/askn/Develop/UPDI4AVR-USB/src/jtag.cpp:247
    uint8_t _index   = packet.out.index;
    638e:	d0 90 0f 61 	lds	r13, 0x610F	; 0x80610f <packet+0x8>
/Users/askn/Develop/UPDI4AVR-USB/src/jtag.cpp:249
    uint8_t _length  = packet.out.length;
    D1PRINTF(",S=%02,I=%02X,L=%02X\r\n", _section, _index, _length);
    6392:	80 91 10 61 	lds	r24, 0x6110	; 0x806110 <packet+0x9>
    6396:	e8 2e       	mov	r14, r24
    6398:	f1 2c       	mov	r15, r1
    639a:	1f 92       	push	r1
    639c:	8f 93       	push	r24
    639e:	1f 92       	push	r1
    63a0:	df 92       	push	r13
    63a2:	1f 92       	push	r1
    63a4:	cf 92       	push	r12
    63a6:	8e ea       	ldi	r24, 0xAE	; 174
    63a8:	99 e0       	ldi	r25, 0x09	; 9
    63aa:	9f 93       	push	r25
    63ac:	8f 93       	push	r24
    63ae:	1f 93       	push	r17
    63b0:	0f 93       	push	r16
    63b2:	0e 94 3e 0e 	call	0x1c7c	; 0x1c7c <Print::printf(PGM_t const*, ...) [clone .constprop.16]>
/Users/askn/Develop/UPDI4AVR-USB/src/jtag.cpp:250
    if (_cmd == 0x01) {             /* CMD3_SET_PARAMETER */
    63b6:	cd bf       	out	0x3d, r28	; 61
    63b8:	de bf       	out	0x3e, r29	; 62
    63ba:	31 e0       	ldi	r19, 0x01	; 1
    63bc:	73 12       	cpse	r7, r19
    63be:	36 c0       	rjmp	.+108    	; 0x642c <main+0x1a9c>
/Users/askn/Develop/UPDI4AVR-USB/src/jtag.cpp:251
      uint16_t _data = packet.out.wValue;
    63c0:	e0 90 11 61 	lds	r14, 0x6111	; 0x806111 <packet+0xa>
    63c4:	f0 90 12 61 	lds	r15, 0x6112	; 0x806112 <packet+0xb>
/Users/askn/Develop/UPDI4AVR-USB/src/jtag.cpp:252
      D1PRINTF(" AVR_SET_PARAM=%04X\r\n", _data);
    63c8:	ff 92       	push	r15
    63ca:	ef 92       	push	r14
    63cc:	88 e9       	ldi	r24, 0x98	; 152
    63ce:	99 e0       	ldi	r25, 0x09	; 9
    63d0:	9f 93       	push	r25
    63d2:	8f 93       	push	r24
    63d4:	1f 93       	push	r17
    63d6:	0f 93       	push	r16
    63d8:	0e 94 3e 0e 	call	0x1c7c	; 0x1c7c <Print::printf(PGM_t const*, ...) [clone .constprop.16]>
/Users/askn/Develop/UPDI4AVR-USB/src/jtag.cpp:253
      if (_section == 0) {          /* SET_GET_CTXT_CONFIG */
    63dc:	0f 90       	pop	r0
    63de:	0f 90       	pop	r0
    63e0:	0f 90       	pop	r0
    63e2:	0f 90       	pop	r0
    63e4:	0f 90       	pop	r0
    63e6:	0f 90       	pop	r0
    63e8:	c1 10       	cpse	r12, r1
    63ea:	4d ca       	rjmp	.-2918   	; 0x5886 <main+0xef6>
/Users/askn/Develop/UPDI4AVR-USB/src/jtag.cpp:254
        if (_index == 0x10) {       /* EDBG_CONTROL_TARGET_POWER */
    63ec:	40 e1       	ldi	r20, 0x10	; 16
    63ee:	d4 12       	cpse	r13, r20
    63f0:	4a ca       	rjmp	.-2924   	; 0x5886 <main+0xef6>
/Users/askn/Develop/UPDI4AVR-USB/src/jtag.cpp:256
          /* Called with `-xvtarget_switch=0,1` HAS_VTARG_SWITCH */
          D1PRINTF(" TARGET_POWER=%02X\r\n", _data);
    63f2:	ff 92       	push	r15
    63f4:	ef 92       	push	r14
    63f6:	83 e8       	ldi	r24, 0x83	; 131
    63f8:	99 e0       	ldi	r25, 0x09	; 9
    63fa:	9f 93       	push	r25
    63fc:	8f 93       	push	r24
    63fe:	1f 93       	push	r17
    6400:	0f 93       	push	r16
    6402:	0e 94 3e 0e 	call	0x1c7c	; 0x1c7c <Print::printf(PGM_t const*, ...) [clone .constprop.16]>
/Users/askn/Develop/UPDI4AVR-USB/src/jtag.cpp:257
          _jtag_vpow = _data;       /* 0,1 */
    6406:	e0 92 55 63 	sts	0x6355, r14	; 0x806355 <_jtag_vpow>
/Users/askn/Develop/UPDI4AVR-USB/src/jtag.cpp:259
  #ifdef CONFIG_PGM_VPOWER_ENABLE
          SYS::power_reset(true, false);              /* VPW off */
    640a:	60 e0       	ldi	r22, 0x00	; 0
    640c:	81 e0       	ldi	r24, 0x01	; 1
    640e:	0e 94 4e 18 	call	0x309c	; 0x309c <SYS::power_reset(bool, bool)>
/Users/askn/Develop/UPDI4AVR-USB/src/jtag.cpp:260
          if (_data) SYS::power_reset(false, true);   /* VPW on  */
    6412:	0f 90       	pop	r0
    6414:	0f 90       	pop	r0
    6416:	0f 90       	pop	r0
    6418:	0f 90       	pop	r0
    641a:	0f 90       	pop	r0
    641c:	0f 90       	pop	r0
    641e:	ef 28       	or	r14, r15
    6420:	09 f4       	brne	.+2      	; 0x6424 <main+0x1a94>
    6422:	31 ca       	rjmp	.-2974   	; 0x5886 <main+0xef6>
power_reset():
    6424:	80 e0       	ldi	r24, 0x00	; 0
    6426:	0e 94 2d 18 	call	0x305a	; 0x305a <SYS::power_reset(bool, bool) [clone .part.6]>
    642a:	2d ca       	rjmp	.-2982   	; 0x5886 <main+0xef6>
jtag_scope_edbg():
/Users/askn/Develop/UPDI4AVR-USB/src/jtag.cpp:266
  #endif
        }
      }
      packet.in.res = 0x80;         /* RSP3_OK */
    }
    else if (_cmd == 0x02) {        /* CMD3_GET_PARAMETER */
    642c:	82 e0       	ldi	r24, 0x02	; 2
    642e:	78 12       	cpse	r7, r24
    6430:	30 ca       	rjmp	.-2976   	; 0x5892 <main+0xf02>
/Users/askn/Develop/UPDI4AVR-USB/src/jtag.cpp:267
      D1PRINTF(" AVR_GET_PARAM\r\n");
    6432:	82 e7       	ldi	r24, 0x72	; 114
    6434:	99 e0       	ldi	r25, 0x09	; 9
    6436:	9f 93       	push	r25
    6438:	8f 93       	push	r24
    643a:	1f 93       	push	r17
    643c:	0f 93       	push	r16
    643e:	0e 94 3e 0e 	call	0x1c7c	; 0x1c7c <Print::printf(PGM_t const*, ...) [clone .constprop.16]>
/Users/askn/Develop/UPDI4AVR-USB/src/jtag.cpp:268
      if (_section == 0) {          /* SET_GET_CTXT_CONFIG */
    6442:	0f 90       	pop	r0
    6444:	0f 90       	pop	r0
    6446:	0f 90       	pop	r0
    6448:	0f 90       	pop	r0
    644a:	c1 10       	cpse	r12, r1
    644c:	0a c9       	rjmp	.-3564   	; 0x5662 <main+0xcd2>
/Users/askn/Develop/UPDI4AVR-USB/src/jtag.cpp:269
        if (_index == 0x10) {       /* EDBG_CONTROL_TARGET_POWER */
    644e:	90 e1       	ldi	r25, 0x10	; 16
    6450:	d9 12       	cpse	r13, r25
    6452:	07 c9       	rjmp	.-3570   	; 0x5662 <main+0xcd2>
/Users/askn/Develop/UPDI4AVR-USB/src/jtag.cpp:271
          /* Called with `-xvtarget_switch` HAS_VTARG_SWITCH */
          D1PRINTF(" TARGET_POWER=%02X\r\n", _jtag_vpow);
    6454:	80 91 55 63 	lds	r24, 0x6355	; 0x806355 <_jtag_vpow>
    6458:	1f 92       	push	r1
    645a:	8f 93       	push	r24
    645c:	8d e5       	ldi	r24, 0x5D	; 93
    645e:	99 e0       	ldi	r25, 0x09	; 9
    6460:	9f 93       	push	r25
    6462:	8f 93       	push	r24
    6464:	1f 93       	push	r17
    6466:	0f 93       	push	r16
    6468:	0e 94 3e 0e 	call	0x1c7c	; 0x1c7c <Print::printf(PGM_t const*, ...) [clone .constprop.16]>
/Users/askn/Develop/UPDI4AVR-USB/src/jtag.cpp:272
          packet.in.data[0] = _jtag_vpow;
    646c:	80 91 55 63 	lds	r24, 0x6355	; 0x806355 <_jtag_vpow>
    6470:	6b cb       	rjmp	.-2346   	; 0x5b48 <main+0x11b8>
jtag_scope_branch():
/Users/askn/Develop/UPDI4AVR-USB/src/jtag.cpp:481
    else if (_scope == 0x11) _rspsize = ISP::jtag_scope_isp();      /* SCOPE_AVR_ISP */
  #endif
    else if (_scope == 0x12) _rspsize = jtag_scope_avr_core();      /* SCOPE_AVR */
    else if (_scope == 0x14) _rspsize = TPI::jtag_scope_tpi();      /* SCOPE_AVR_TPI */
    else if (_scope == 0x20) _rspsize = jtag_scope_edbg();          /* SCOPE_EDBG */
    else    { D1PRINTF(" ?:SCOPE=%02X\r\n", _scope); }
    6472:	1f 92       	push	r1
    6474:	ff 92       	push	r15
    6476:	85 ec       	ldi	r24, 0xC5	; 197
    6478:	99 e0       	ldi	r25, 0x09	; 9
    647a:	31 ce       	rjmp	.-926    	; 0x60de <main+0x174e>

0000647c <setjmp>:
setjmp():
    647c:	dc 01       	movw	r26, r24
    647e:	2d 92       	st	X+, r2
    6480:	3d 92       	st	X+, r3
    6482:	4d 92       	st	X+, r4
    6484:	5d 92       	st	X+, r5
    6486:	6d 92       	st	X+, r6
    6488:	7d 92       	st	X+, r7
    648a:	8d 92       	st	X+, r8
    648c:	9d 92       	st	X+, r9
    648e:	ad 92       	st	X+, r10
    6490:	bd 92       	st	X+, r11
    6492:	cd 92       	st	X+, r12
    6494:	dd 92       	st	X+, r13
    6496:	ed 92       	st	X+, r14
    6498:	fd 92       	st	X+, r15
    649a:	0d 93       	st	X+, r16
    649c:	1d 93       	st	X+, r17
    649e:	cd 93       	st	X+, r28
    64a0:	dd 93       	st	X+, r29
    64a2:	ff 91       	pop	r31
    64a4:	ef 91       	pop	r30
    64a6:	8d b7       	in	r24, 0x3d	; 61
    64a8:	8d 93       	st	X+, r24
    64aa:	8e b7       	in	r24, 0x3e	; 62
    64ac:	8d 93       	st	X+, r24
    64ae:	8f b7       	in	r24, 0x3f	; 63
    64b0:	8d 93       	st	X+, r24
    64b2:	ed 93       	st	X+, r30
    64b4:	fd 93       	st	X+, r31
    64b6:	88 27       	eor	r24, r24
    64b8:	99 27       	eor	r25, r25
    64ba:	09 94       	ijmp

000064bc <longjmp>:
longjmp():
    64bc:	dc 01       	movw	r26, r24
    64be:	cb 01       	movw	r24, r22
    64c0:	81 30       	cpi	r24, 0x01	; 1
    64c2:	91 05       	cpc	r25, r1
    64c4:	81 1d       	adc	r24, r1
    64c6:	2d 90       	ld	r2, X+
    64c8:	3d 90       	ld	r3, X+
    64ca:	4d 90       	ld	r4, X+
    64cc:	5d 90       	ld	r5, X+
    64ce:	6d 90       	ld	r6, X+
    64d0:	7d 90       	ld	r7, X+
    64d2:	8d 90       	ld	r8, X+
    64d4:	9d 90       	ld	r9, X+
    64d6:	ad 90       	ld	r10, X+
    64d8:	bd 90       	ld	r11, X+
    64da:	cd 90       	ld	r12, X+
    64dc:	dd 90       	ld	r13, X+
    64de:	ed 90       	ld	r14, X+
    64e0:	fd 90       	ld	r15, X+
    64e2:	0d 91       	ld	r16, X+
    64e4:	1d 91       	ld	r17, X+
    64e6:	cd 91       	ld	r28, X+
    64e8:	dd 91       	ld	r29, X+
    64ea:	ed 91       	ld	r30, X+
    64ec:	fd 91       	ld	r31, X+
    64ee:	0d 90       	ld	r0, X+
    64f0:	0f be       	out	0x3f, r0	; 63
    64f2:	ed bf       	out	0x3d, r30	; 61
    64f4:	fe bf       	out	0x3e, r31	; 62
    64f6:	ed 91       	ld	r30, X+
    64f8:	fd 91       	ld	r31, X+
    64fa:	09 94       	ijmp

000064fc <memcpy_P>:
memcpy_P():
    64fc:	fb 01       	movw	r30, r22
    64fe:	dc 01       	movw	r26, r24
    6500:	02 c0       	rjmp	.+4      	; 0x6506 <memcpy_P+0xa>
    6502:	05 90       	lpm	r0, Z+
    6504:	0d 92       	st	X+, r0
    6506:	41 50       	subi	r20, 0x01	; 1
    6508:	50 40       	sbci	r21, 0x00	; 0
    650a:	d8 f7       	brcc	.-10     	; 0x6502 <memcpy_P+0x6>
    650c:	08 95       	ret

0000650e <vfprintf_P>:
vfprintf_P():
    650e:	cf 93       	push	r28
    6510:	df 93       	push	r29
    6512:	ec 01       	movw	r28, r24
    6514:	8b 81       	ldd	r24, Y+3	; 0x03
    6516:	88 60       	ori	r24, 0x08	; 8
    6518:	8b 83       	std	Y+3, r24	; 0x03
    651a:	ce 01       	movw	r24, r28
    651c:	06 d0       	rcall	.+12     	; 0x652a <vfprintf>
    651e:	2b 81       	ldd	r18, Y+3	; 0x03
    6520:	27 7f       	andi	r18, 0xF7	; 247
    6522:	2b 83       	std	Y+3, r18	; 0x03
    6524:	df 91       	pop	r29
    6526:	cf 91       	pop	r28
    6528:	08 95       	ret

0000652a <vfprintf>:
vfprintf():
    652a:	ab e0       	ldi	r26, 0x0B	; 11
    652c:	b0 e0       	ldi	r27, 0x00	; 0
    652e:	ea e9       	ldi	r30, 0x9A	; 154
    6530:	f2 e3       	ldi	r31, 0x32	; 50
    6532:	6a c2       	rjmp	.+1236   	; 0x6a08 <__prologue_saves__>
    6534:	7c 01       	movw	r14, r24
    6536:	3b 01       	movw	r6, r22
    6538:	8a 01       	movw	r16, r20
    653a:	fc 01       	movw	r30, r24
    653c:	16 82       	std	Z+6, r1	; 0x06
    653e:	17 82       	std	Z+7, r1	; 0x07
    6540:	83 81       	ldd	r24, Z+3	; 0x03
    6542:	81 ff       	sbrs	r24, 1
    6544:	ba c1       	rjmp	.+884    	; 0x68ba <vfprintf+0x390>
    6546:	ce 01       	movw	r24, r28
    6548:	01 96       	adiw	r24, 0x01	; 1
    654a:	5c 01       	movw	r10, r24
    654c:	f7 01       	movw	r30, r14
    654e:	93 81       	ldd	r25, Z+3	; 0x03
    6550:	f3 01       	movw	r30, r6
    6552:	93 fd       	sbrc	r25, 3
    6554:	85 91       	lpm	r24, Z+
    6556:	93 ff       	sbrs	r25, 3
    6558:	81 91       	ld	r24, Z+
    655a:	3f 01       	movw	r6, r30
    655c:	88 23       	and	r24, r24
    655e:	09 f4       	brne	.+2      	; 0x6562 <vfprintf+0x38>
    6560:	49 c1       	rjmp	.+658    	; 0x67f4 <vfprintf+0x2ca>
    6562:	85 32       	cpi	r24, 0x25	; 37
    6564:	39 f4       	brne	.+14     	; 0x6574 <vfprintf+0x4a>
    6566:	93 fd       	sbrc	r25, 3
    6568:	85 91       	lpm	r24, Z+
    656a:	93 ff       	sbrs	r25, 3
    656c:	81 91       	ld	r24, Z+
    656e:	3f 01       	movw	r6, r30
    6570:	85 32       	cpi	r24, 0x25	; 37
    6572:	21 f4       	brne	.+8      	; 0x657c <vfprintf+0x52>
    6574:	b7 01       	movw	r22, r14
    6576:	90 e0       	ldi	r25, 0x00	; 0
    6578:	b9 d1       	rcall	.+882    	; 0x68ec <fputc>
    657a:	e8 cf       	rjmp	.-48     	; 0x654c <vfprintf+0x22>
    657c:	91 2c       	mov	r9, r1
    657e:	21 2c       	mov	r2, r1
    6580:	31 2c       	mov	r3, r1
    6582:	ff e1       	ldi	r31, 0x1F	; 31
    6584:	f3 15       	cp	r31, r3
    6586:	38 f0       	brcs	.+14     	; 0x6596 <vfprintf+0x6c>
    6588:	8b 32       	cpi	r24, 0x2B	; 43
    658a:	11 f1       	breq	.+68     	; 0x65d0 <vfprintf+0xa6>
    658c:	90 f4       	brcc	.+36     	; 0x65b2 <vfprintf+0x88>
    658e:	80 32       	cpi	r24, 0x20	; 32
    6590:	09 f1       	breq	.+66     	; 0x65d4 <vfprintf+0xaa>
    6592:	83 32       	cpi	r24, 0x23	; 35
    6594:	29 f1       	breq	.+74     	; 0x65e0 <vfprintf+0xb6>
    6596:	37 fc       	sbrc	r3, 7
    6598:	3c c0       	rjmp	.+120    	; 0x6612 <vfprintf+0xe8>
    659a:	20 ed       	ldi	r18, 0xD0	; 208
    659c:	28 0f       	add	r18, r24
    659e:	2a 30       	cpi	r18, 0x0A	; 10
    65a0:	50 f5       	brcc	.+84     	; 0x65f6 <vfprintf+0xcc>
    65a2:	36 fe       	sbrs	r3, 6
    65a4:	20 c0       	rjmp	.+64     	; 0x65e6 <vfprintf+0xbc>
    65a6:	8a e0       	ldi	r24, 0x0A	; 10
    65a8:	98 9e       	mul	r9, r24
    65aa:	20 0d       	add	r18, r0
    65ac:	11 24       	eor	r1, r1
    65ae:	92 2e       	mov	r9, r18
    65b0:	06 c0       	rjmp	.+12     	; 0x65be <vfprintf+0x94>
    65b2:	8d 32       	cpi	r24, 0x2D	; 45
    65b4:	91 f0       	breq	.+36     	; 0x65da <vfprintf+0xb0>
    65b6:	80 33       	cpi	r24, 0x30	; 48
    65b8:	71 f7       	brne	.-36     	; 0x6596 <vfprintf+0x6c>
    65ba:	68 94       	set
    65bc:	30 f8       	bld	r3, 0
    65be:	f3 01       	movw	r30, r6
    65c0:	93 fd       	sbrc	r25, 3
    65c2:	85 91       	lpm	r24, Z+
    65c4:	93 ff       	sbrs	r25, 3
    65c6:	81 91       	ld	r24, Z+
    65c8:	3f 01       	movw	r6, r30
    65ca:	81 11       	cpse	r24, r1
    65cc:	da cf       	rjmp	.-76     	; 0x6582 <vfprintf+0x58>
    65ce:	21 c0       	rjmp	.+66     	; 0x6612 <vfprintf+0xe8>
    65d0:	68 94       	set
    65d2:	31 f8       	bld	r3, 1
    65d4:	68 94       	set
    65d6:	32 f8       	bld	r3, 2
    65d8:	f2 cf       	rjmp	.-28     	; 0x65be <vfprintf+0x94>
    65da:	68 94       	set
    65dc:	33 f8       	bld	r3, 3
    65de:	ef cf       	rjmp	.-34     	; 0x65be <vfprintf+0x94>
    65e0:	68 94       	set
    65e2:	34 f8       	bld	r3, 4
    65e4:	ec cf       	rjmp	.-40     	; 0x65be <vfprintf+0x94>
    65e6:	ea e0       	ldi	r30, 0x0A	; 10
    65e8:	2e 9e       	mul	r2, r30
    65ea:	20 0d       	add	r18, r0
    65ec:	11 24       	eor	r1, r1
    65ee:	22 2e       	mov	r2, r18
    65f0:	68 94       	set
    65f2:	35 f8       	bld	r3, 5
    65f4:	e4 cf       	rjmp	.-56     	; 0x65be <vfprintf+0x94>
    65f6:	8e 32       	cpi	r24, 0x2E	; 46
    65f8:	29 f4       	brne	.+10     	; 0x6604 <vfprintf+0xda>
    65fa:	36 fc       	sbrc	r3, 6
    65fc:	fb c0       	rjmp	.+502    	; 0x67f4 <vfprintf+0x2ca>
    65fe:	68 94       	set
    6600:	36 f8       	bld	r3, 6
    6602:	dd cf       	rjmp	.-70     	; 0x65be <vfprintf+0x94>
    6604:	8c 36       	cpi	r24, 0x6C	; 108
    6606:	19 f4       	brne	.+6      	; 0x660e <vfprintf+0xe4>
    6608:	68 94       	set
    660a:	37 f8       	bld	r3, 7
    660c:	d8 cf       	rjmp	.-80     	; 0x65be <vfprintf+0x94>
    660e:	88 36       	cpi	r24, 0x68	; 104
    6610:	b1 f2       	breq	.-84     	; 0x65be <vfprintf+0x94>
    6612:	98 2f       	mov	r25, r24
    6614:	9f 7d       	andi	r25, 0xDF	; 223
    6616:	95 54       	subi	r25, 0x45	; 69
    6618:	93 30       	cpi	r25, 0x03	; 3
    661a:	d8 f0       	brcs	.+54     	; 0x6652 <vfprintf+0x128>
    661c:	83 36       	cpi	r24, 0x63	; 99
    661e:	91 f1       	breq	.+100    	; 0x6684 <vfprintf+0x15a>
    6620:	83 37       	cpi	r24, 0x73	; 115
    6622:	b1 f1       	breq	.+108    	; 0x6690 <vfprintf+0x166>
    6624:	83 35       	cpi	r24, 0x53	; 83
    6626:	09 f0       	breq	.+2      	; 0x662a <vfprintf+0x100>
    6628:	5e c0       	rjmp	.+188    	; 0x66e6 <vfprintf+0x1bc>
    662a:	28 01       	movw	r4, r16
    662c:	f2 e0       	ldi	r31, 0x02	; 2
    662e:	4f 0e       	add	r4, r31
    6630:	51 1c       	adc	r5, r1
    6632:	f8 01       	movw	r30, r16
    6634:	c0 80       	ld	r12, Z
    6636:	d1 80       	ldd	r13, Z+1	; 0x01
    6638:	69 2d       	mov	r22, r9
    663a:	70 e0       	ldi	r23, 0x00	; 0
    663c:	36 fc       	sbrc	r3, 6
    663e:	02 c0       	rjmp	.+4      	; 0x6644 <vfprintf+0x11a>
    6640:	6f ef       	ldi	r22, 0xFF	; 255
    6642:	7f ef       	ldi	r23, 0xFF	; 255
    6644:	c6 01       	movw	r24, r12
    6646:	3c d1       	rcall	.+632    	; 0x68c0 <strnlen_P>
    6648:	4c 01       	movw	r8, r24
    664a:	68 94       	set
    664c:	37 f8       	bld	r3, 7
    664e:	82 01       	movw	r16, r4
    6650:	0a c0       	rjmp	.+20     	; 0x6666 <vfprintf+0x13c>
    6652:	0c 5f       	subi	r16, 0xFC	; 252
    6654:	1f 4f       	sbci	r17, 0xFF	; 255
    6656:	ff e3       	ldi	r31, 0x3F	; 63
    6658:	f9 83       	std	Y+1, r31	; 0x01
    665a:	88 24       	eor	r8, r8
    665c:	83 94       	inc	r8
    665e:	91 2c       	mov	r9, r1
    6660:	65 01       	movw	r12, r10
    6662:	e8 94       	clt
    6664:	37 f8       	bld	r3, 7
    6666:	33 fe       	sbrs	r3, 3
    6668:	2a c0       	rjmp	.+84     	; 0x66be <vfprintf+0x194>
    666a:	52 2c       	mov	r5, r2
    666c:	81 14       	cp	r8, r1
    666e:	91 04       	cpc	r9, r1
    6670:	59 f5       	brne	.+86     	; 0x66c8 <vfprintf+0x19e>
    6672:	55 20       	and	r5, r5
    6674:	09 f4       	brne	.+2      	; 0x6678 <vfprintf+0x14e>
    6676:	6a cf       	rjmp	.-300    	; 0x654c <vfprintf+0x22>
    6678:	b7 01       	movw	r22, r14
    667a:	80 e2       	ldi	r24, 0x20	; 32
    667c:	90 e0       	ldi	r25, 0x00	; 0
    667e:	36 d1       	rcall	.+620    	; 0x68ec <fputc>
    6680:	5a 94       	dec	r5
    6682:	f7 cf       	rjmp	.-18     	; 0x6672 <vfprintf+0x148>
    6684:	f8 01       	movw	r30, r16
    6686:	80 81       	ld	r24, Z
    6688:	89 83       	std	Y+1, r24	; 0x01
    668a:	0e 5f       	subi	r16, 0xFE	; 254
    668c:	1f 4f       	sbci	r17, 0xFF	; 255
    668e:	e5 cf       	rjmp	.-54     	; 0x665a <vfprintf+0x130>
    6690:	28 01       	movw	r4, r16
    6692:	f2 e0       	ldi	r31, 0x02	; 2
    6694:	4f 0e       	add	r4, r31
    6696:	51 1c       	adc	r5, r1
    6698:	f8 01       	movw	r30, r16
    669a:	c0 80       	ld	r12, Z
    669c:	d1 80       	ldd	r13, Z+1	; 0x01
    669e:	69 2d       	mov	r22, r9
    66a0:	70 e0       	ldi	r23, 0x00	; 0
    66a2:	36 fc       	sbrc	r3, 6
    66a4:	02 c0       	rjmp	.+4      	; 0x66aa <vfprintf+0x180>
    66a6:	6f ef       	ldi	r22, 0xFF	; 255
    66a8:	7f ef       	ldi	r23, 0xFF	; 255
    66aa:	c6 01       	movw	r24, r12
    66ac:	14 d1       	rcall	.+552    	; 0x68d6 <strnlen>
    66ae:	4c 01       	movw	r8, r24
    66b0:	82 01       	movw	r16, r4
    66b2:	d7 cf       	rjmp	.-82     	; 0x6662 <vfprintf+0x138>
    66b4:	b7 01       	movw	r22, r14
    66b6:	80 e2       	ldi	r24, 0x20	; 32
    66b8:	90 e0       	ldi	r25, 0x00	; 0
    66ba:	18 d1       	rcall	.+560    	; 0x68ec <fputc>
    66bc:	2a 94       	dec	r2
    66be:	28 14       	cp	r2, r8
    66c0:	19 04       	cpc	r1, r9
    66c2:	09 f0       	breq	.+2      	; 0x66c6 <vfprintf+0x19c>
    66c4:	b8 f7       	brcc	.-18     	; 0x66b4 <vfprintf+0x18a>
    66c6:	d1 cf       	rjmp	.-94     	; 0x666a <vfprintf+0x140>
    66c8:	f6 01       	movw	r30, r12
    66ca:	37 fc       	sbrc	r3, 7
    66cc:	85 91       	lpm	r24, Z+
    66ce:	37 fe       	sbrs	r3, 7
    66d0:	81 91       	ld	r24, Z+
    66d2:	6f 01       	movw	r12, r30
    66d4:	b7 01       	movw	r22, r14
    66d6:	90 e0       	ldi	r25, 0x00	; 0
    66d8:	09 d1       	rcall	.+530    	; 0x68ec <fputc>
    66da:	51 10       	cpse	r5, r1
    66dc:	5a 94       	dec	r5
    66de:	f1 e0       	ldi	r31, 0x01	; 1
    66e0:	8f 1a       	sub	r8, r31
    66e2:	91 08       	sbc	r9, r1
    66e4:	c3 cf       	rjmp	.-122    	; 0x666c <vfprintf+0x142>
    66e6:	84 36       	cpi	r24, 0x64	; 100
    66e8:	19 f0       	breq	.+6      	; 0x66f0 <vfprintf+0x1c6>
    66ea:	89 36       	cpi	r24, 0x69	; 105
    66ec:	09 f0       	breq	.+2      	; 0x66f0 <vfprintf+0x1c6>
    66ee:	73 c0       	rjmp	.+230    	; 0x67d6 <vfprintf+0x2ac>
    66f0:	f8 01       	movw	r30, r16
    66f2:	37 fe       	sbrs	r3, 7
    66f4:	67 c0       	rjmp	.+206    	; 0x67c4 <vfprintf+0x29a>
    66f6:	60 81       	ld	r22, Z
    66f8:	71 81       	ldd	r23, Z+1	; 0x01
    66fa:	82 81       	ldd	r24, Z+2	; 0x02
    66fc:	93 81       	ldd	r25, Z+3	; 0x03
    66fe:	0c 5f       	subi	r16, 0xFC	; 252
    6700:	1f 4f       	sbci	r17, 0xFF	; 255
    6702:	f3 2d       	mov	r31, r3
    6704:	ff 76       	andi	r31, 0x6F	; 111
    6706:	3f 2e       	mov	r3, r31
    6708:	97 ff       	sbrs	r25, 7
    670a:	09 c0       	rjmp	.+18     	; 0x671e <vfprintf+0x1f4>
    670c:	90 95       	com	r25
    670e:	80 95       	com	r24
    6710:	70 95       	com	r23
    6712:	61 95       	neg	r22
    6714:	7f 4f       	sbci	r23, 0xFF	; 255
    6716:	8f 4f       	sbci	r24, 0xFF	; 255
    6718:	9f 4f       	sbci	r25, 0xFF	; 255
    671a:	68 94       	set
    671c:	37 f8       	bld	r3, 7
    671e:	2a e0       	ldi	r18, 0x0A	; 10
    6720:	30 e0       	ldi	r19, 0x00	; 0
    6722:	a5 01       	movw	r20, r10
    6724:	13 d1       	rcall	.+550    	; 0x694c <__ultoa_invert>
    6726:	c8 2e       	mov	r12, r24
    6728:	ca 18       	sub	r12, r10
    672a:	8c 2c       	mov	r8, r12
    672c:	43 2c       	mov	r4, r3
    672e:	36 fe       	sbrs	r3, 6
    6730:	0c c0       	rjmp	.+24     	; 0x674a <vfprintf+0x220>
    6732:	e8 94       	clt
    6734:	40 f8       	bld	r4, 0
    6736:	c9 14       	cp	r12, r9
    6738:	40 f4       	brcc	.+16     	; 0x674a <vfprintf+0x220>
    673a:	34 fe       	sbrs	r3, 4
    673c:	05 c0       	rjmp	.+10     	; 0x6748 <vfprintf+0x21e>
    673e:	32 fc       	sbrc	r3, 2
    6740:	03 c0       	rjmp	.+6      	; 0x6748 <vfprintf+0x21e>
    6742:	f3 2d       	mov	r31, r3
    6744:	fe 7e       	andi	r31, 0xEE	; 238
    6746:	4f 2e       	mov	r4, r31
    6748:	89 2c       	mov	r8, r9
    674a:	44 fe       	sbrs	r4, 4
    674c:	90 c0       	rjmp	.+288    	; 0x686e <vfprintf+0x344>
    674e:	fe 01       	movw	r30, r28
    6750:	ec 0d       	add	r30, r12
    6752:	f1 1d       	adc	r31, r1
    6754:	80 81       	ld	r24, Z
    6756:	80 33       	cpi	r24, 0x30	; 48
    6758:	09 f0       	breq	.+2      	; 0x675c <vfprintf+0x232>
    675a:	82 c0       	rjmp	.+260    	; 0x6860 <vfprintf+0x336>
    675c:	24 2d       	mov	r18, r4
    675e:	29 7e       	andi	r18, 0xE9	; 233
    6760:	42 2e       	mov	r4, r18
    6762:	84 2d       	mov	r24, r4
    6764:	88 70       	andi	r24, 0x08	; 8
    6766:	58 2e       	mov	r5, r24
    6768:	43 fc       	sbrc	r4, 3
    676a:	8f c0       	rjmp	.+286    	; 0x688a <vfprintf+0x360>
    676c:	40 fe       	sbrs	r4, 0
    676e:	89 c0       	rjmp	.+274    	; 0x6882 <vfprintf+0x358>
    6770:	9c 2c       	mov	r9, r12
    6772:	82 14       	cp	r8, r2
    6774:	18 f4       	brcc	.+6      	; 0x677c <vfprintf+0x252>
    6776:	2c 0c       	add	r2, r12
    6778:	92 2c       	mov	r9, r2
    677a:	98 18       	sub	r9, r8
    677c:	44 fe       	sbrs	r4, 4
    677e:	8b c0       	rjmp	.+278    	; 0x6896 <vfprintf+0x36c>
    6780:	b7 01       	movw	r22, r14
    6782:	80 e3       	ldi	r24, 0x30	; 48
    6784:	90 e0       	ldi	r25, 0x00	; 0
    6786:	b2 d0       	rcall	.+356    	; 0x68ec <fputc>
    6788:	42 fe       	sbrs	r4, 2
    678a:	08 c0       	rjmp	.+16     	; 0x679c <vfprintf+0x272>
    678c:	88 e7       	ldi	r24, 0x78	; 120
    678e:	90 e0       	ldi	r25, 0x00	; 0
    6790:	41 fe       	sbrs	r4, 1
    6792:	02 c0       	rjmp	.+4      	; 0x6798 <vfprintf+0x26e>
    6794:	88 e5       	ldi	r24, 0x58	; 88
    6796:	90 e0       	ldi	r25, 0x00	; 0
    6798:	b7 01       	movw	r22, r14
    679a:	a8 d0       	rcall	.+336    	; 0x68ec <fputc>
    679c:	c9 14       	cp	r12, r9
    679e:	08 f4       	brcc	.+2      	; 0x67a2 <vfprintf+0x278>
    67a0:	86 c0       	rjmp	.+268    	; 0x68ae <vfprintf+0x384>
    67a2:	ca 94       	dec	r12
    67a4:	d1 2c       	mov	r13, r1
    67a6:	9f ef       	ldi	r25, 0xFF	; 255
    67a8:	c9 1a       	sub	r12, r25
    67aa:	d9 0a       	sbc	r13, r25
    67ac:	ca 0c       	add	r12, r10
    67ae:	db 1c       	adc	r13, r11
    67b0:	f6 01       	movw	r30, r12
    67b2:	82 91       	ld	r24, -Z
    67b4:	6f 01       	movw	r12, r30
    67b6:	b7 01       	movw	r22, r14
    67b8:	90 e0       	ldi	r25, 0x00	; 0
    67ba:	98 d0       	rcall	.+304    	; 0x68ec <fputc>
    67bc:	ac 14       	cp	r10, r12
    67be:	bd 04       	cpc	r11, r13
    67c0:	b9 f7       	brne	.-18     	; 0x67b0 <vfprintf+0x286>
    67c2:	57 cf       	rjmp	.-338    	; 0x6672 <vfprintf+0x148>
    67c4:	60 81       	ld	r22, Z
    67c6:	71 81       	ldd	r23, Z+1	; 0x01
    67c8:	07 2e       	mov	r0, r23
    67ca:	00 0c       	add	r0, r0
    67cc:	88 0b       	sbc	r24, r24
    67ce:	99 0b       	sbc	r25, r25
    67d0:	0e 5f       	subi	r16, 0xFE	; 254
    67d2:	1f 4f       	sbci	r17, 0xFF	; 255
    67d4:	96 cf       	rjmp	.-212    	; 0x6702 <vfprintf+0x1d8>
    67d6:	d3 2c       	mov	r13, r3
    67d8:	e8 94       	clt
    67da:	d4 f8       	bld	r13, 4
    67dc:	2a e0       	ldi	r18, 0x0A	; 10
    67de:	30 e0       	ldi	r19, 0x00	; 0
    67e0:	85 37       	cpi	r24, 0x75	; 117
    67e2:	31 f1       	breq	.+76     	; 0x6830 <vfprintf+0x306>
    67e4:	23 2d       	mov	r18, r3
    67e6:	29 7f       	andi	r18, 0xF9	; 249
    67e8:	d2 2e       	mov	r13, r18
    67ea:	8f 36       	cpi	r24, 0x6F	; 111
    67ec:	f9 f0       	breq	.+62     	; 0x682c <vfprintf+0x302>
    67ee:	40 f4       	brcc	.+16     	; 0x6800 <vfprintf+0x2d6>
    67f0:	88 35       	cpi	r24, 0x58	; 88
    67f2:	a1 f0       	breq	.+40     	; 0x681c <vfprintf+0x2f2>
    67f4:	f7 01       	movw	r30, r14
    67f6:	86 81       	ldd	r24, Z+6	; 0x06
    67f8:	97 81       	ldd	r25, Z+7	; 0x07
    67fa:	2b 96       	adiw	r28, 0x0b	; 11
    67fc:	e2 e1       	ldi	r30, 0x12	; 18
    67fe:	1d c1       	rjmp	.+570    	; 0x6a3a <__epilogue_restores__>
    6800:	80 37       	cpi	r24, 0x70	; 112
    6802:	49 f0       	breq	.+18     	; 0x6816 <vfprintf+0x2ec>
    6804:	88 37       	cpi	r24, 0x78	; 120
    6806:	b1 f7       	brne	.-20     	; 0x67f4 <vfprintf+0x2ca>
    6808:	d4 fe       	sbrs	r13, 4
    680a:	02 c0       	rjmp	.+4      	; 0x6810 <vfprintf+0x2e6>
    680c:	68 94       	set
    680e:	d2 f8       	bld	r13, 2
    6810:	20 e1       	ldi	r18, 0x10	; 16
    6812:	30 e0       	ldi	r19, 0x00	; 0
    6814:	0d c0       	rjmp	.+26     	; 0x6830 <vfprintf+0x306>
    6816:	68 94       	set
    6818:	d4 f8       	bld	r13, 4
    681a:	f6 cf       	rjmp	.-20     	; 0x6808 <vfprintf+0x2de>
    681c:	34 fe       	sbrs	r3, 4
    681e:	03 c0       	rjmp	.+6      	; 0x6826 <vfprintf+0x2fc>
    6820:	82 2f       	mov	r24, r18
    6822:	86 60       	ori	r24, 0x06	; 6
    6824:	d8 2e       	mov	r13, r24
    6826:	20 e1       	ldi	r18, 0x10	; 16
    6828:	32 e0       	ldi	r19, 0x02	; 2
    682a:	02 c0       	rjmp	.+4      	; 0x6830 <vfprintf+0x306>
    682c:	28 e0       	ldi	r18, 0x08	; 8
    682e:	30 e0       	ldi	r19, 0x00	; 0
    6830:	f8 01       	movw	r30, r16
    6832:	d7 fe       	sbrs	r13, 7
    6834:	0e c0       	rjmp	.+28     	; 0x6852 <vfprintf+0x328>
    6836:	60 81       	ld	r22, Z
    6838:	71 81       	ldd	r23, Z+1	; 0x01
    683a:	82 81       	ldd	r24, Z+2	; 0x02
    683c:	93 81       	ldd	r25, Z+3	; 0x03
    683e:	0c 5f       	subi	r16, 0xFC	; 252
    6840:	1f 4f       	sbci	r17, 0xFF	; 255
    6842:	a5 01       	movw	r20, r10
    6844:	83 d0       	rcall	.+262    	; 0x694c <__ultoa_invert>
    6846:	c8 2e       	mov	r12, r24
    6848:	ca 18       	sub	r12, r10
    684a:	3d 2c       	mov	r3, r13
    684c:	e8 94       	clt
    684e:	37 f8       	bld	r3, 7
    6850:	6c cf       	rjmp	.-296    	; 0x672a <vfprintf+0x200>
    6852:	60 81       	ld	r22, Z
    6854:	71 81       	ldd	r23, Z+1	; 0x01
    6856:	90 e0       	ldi	r25, 0x00	; 0
    6858:	80 e0       	ldi	r24, 0x00	; 0
    685a:	0e 5f       	subi	r16, 0xFE	; 254
    685c:	1f 4f       	sbci	r17, 0xFF	; 255
    685e:	f1 cf       	rjmp	.-30     	; 0x6842 <vfprintf+0x318>
    6860:	42 fc       	sbrc	r4, 2
    6862:	02 c0       	rjmp	.+4      	; 0x6868 <vfprintf+0x33e>
    6864:	83 94       	inc	r8
    6866:	7d cf       	rjmp	.-262    	; 0x6762 <vfprintf+0x238>
    6868:	83 94       	inc	r8
    686a:	83 94       	inc	r8
    686c:	7a cf       	rjmp	.-268    	; 0x6762 <vfprintf+0x238>
    686e:	84 2d       	mov	r24, r4
    6870:	86 78       	andi	r24, 0x86	; 134
    6872:	09 f4       	brne	.+2      	; 0x6876 <vfprintf+0x34c>
    6874:	76 cf       	rjmp	.-276    	; 0x6762 <vfprintf+0x238>
    6876:	f6 cf       	rjmp	.-20     	; 0x6864 <vfprintf+0x33a>
    6878:	b7 01       	movw	r22, r14
    687a:	80 e2       	ldi	r24, 0x20	; 32
    687c:	90 e0       	ldi	r25, 0x00	; 0
    687e:	36 d0       	rcall	.+108    	; 0x68ec <fputc>
    6880:	83 94       	inc	r8
    6882:	82 14       	cp	r8, r2
    6884:	c8 f3       	brcs	.-14     	; 0x6878 <vfprintf+0x34e>
    6886:	51 2c       	mov	r5, r1
    6888:	79 cf       	rjmp	.-270    	; 0x677c <vfprintf+0x252>
    688a:	52 2c       	mov	r5, r2
    688c:	58 18       	sub	r5, r8
    688e:	82 14       	cp	r8, r2
    6890:	08 f4       	brcc	.+2      	; 0x6894 <vfprintf+0x36a>
    6892:	74 cf       	rjmp	.-280    	; 0x677c <vfprintf+0x252>
    6894:	f8 cf       	rjmp	.-16     	; 0x6886 <vfprintf+0x35c>
    6896:	84 2d       	mov	r24, r4
    6898:	86 78       	andi	r24, 0x86	; 134
    689a:	09 f4       	brne	.+2      	; 0x689e <vfprintf+0x374>
    689c:	7f cf       	rjmp	.-258    	; 0x679c <vfprintf+0x272>
    689e:	8b e2       	ldi	r24, 0x2B	; 43
    68a0:	41 fe       	sbrs	r4, 1
    68a2:	80 e2       	ldi	r24, 0x20	; 32
    68a4:	47 fc       	sbrc	r4, 7
    68a6:	8d e2       	ldi	r24, 0x2D	; 45
    68a8:	b7 01       	movw	r22, r14
    68aa:	90 e0       	ldi	r25, 0x00	; 0
    68ac:	76 cf       	rjmp	.-276    	; 0x679a <vfprintf+0x270>
    68ae:	b7 01       	movw	r22, r14
    68b0:	80 e3       	ldi	r24, 0x30	; 48
    68b2:	90 e0       	ldi	r25, 0x00	; 0
    68b4:	1b d0       	rcall	.+54     	; 0x68ec <fputc>
    68b6:	9a 94       	dec	r9
    68b8:	71 cf       	rjmp	.-286    	; 0x679c <vfprintf+0x272>
    68ba:	8f ef       	ldi	r24, 0xFF	; 255
    68bc:	9f ef       	ldi	r25, 0xFF	; 255
    68be:	9d cf       	rjmp	.-198    	; 0x67fa <vfprintf+0x2d0>

000068c0 <strnlen_P>:
strnlen_P():
    68c0:	fc 01       	movw	r30, r24
    68c2:	05 90       	lpm	r0, Z+
    68c4:	61 50       	subi	r22, 0x01	; 1
    68c6:	70 40       	sbci	r23, 0x00	; 0
    68c8:	01 10       	cpse	r0, r1
    68ca:	d8 f7       	brcc	.-10     	; 0x68c2 <strnlen_P+0x2>
    68cc:	80 95       	com	r24
    68ce:	90 95       	com	r25
    68d0:	8e 0f       	add	r24, r30
    68d2:	9f 1f       	adc	r25, r31
    68d4:	08 95       	ret

000068d6 <strnlen>:
strnlen():
    68d6:	fc 01       	movw	r30, r24
    68d8:	61 50       	subi	r22, 0x01	; 1
    68da:	70 40       	sbci	r23, 0x00	; 0
    68dc:	01 90       	ld	r0, Z+
    68de:	01 10       	cpse	r0, r1
    68e0:	d8 f7       	brcc	.-10     	; 0x68d8 <strnlen+0x2>
    68e2:	80 95       	com	r24
    68e4:	90 95       	com	r25
    68e6:	8e 0f       	add	r24, r30
    68e8:	9f 1f       	adc	r25, r31
    68ea:	08 95       	ret

000068ec <fputc>:
fputc():
    68ec:	0f 93       	push	r16
    68ee:	1f 93       	push	r17
    68f0:	cf 93       	push	r28
    68f2:	df 93       	push	r29
    68f4:	18 2f       	mov	r17, r24
    68f6:	09 2f       	mov	r16, r25
    68f8:	eb 01       	movw	r28, r22
    68fa:	8b 81       	ldd	r24, Y+3	; 0x03
    68fc:	81 fd       	sbrc	r24, 1
    68fe:	09 c0       	rjmp	.+18     	; 0x6912 <fputc+0x26>
    6900:	1f ef       	ldi	r17, 0xFF	; 255
    6902:	0f ef       	ldi	r16, 0xFF	; 255
    6904:	81 2f       	mov	r24, r17
    6906:	90 2f       	mov	r25, r16
    6908:	df 91       	pop	r29
    690a:	cf 91       	pop	r28
    690c:	1f 91       	pop	r17
    690e:	0f 91       	pop	r16
    6910:	08 95       	ret
    6912:	82 ff       	sbrs	r24, 2
    6914:	14 c0       	rjmp	.+40     	; 0x693e <fputc+0x52>
    6916:	2e 81       	ldd	r18, Y+6	; 0x06
    6918:	3f 81       	ldd	r19, Y+7	; 0x07
    691a:	8c 81       	ldd	r24, Y+4	; 0x04
    691c:	9d 81       	ldd	r25, Y+5	; 0x05
    691e:	28 17       	cp	r18, r24
    6920:	39 07       	cpc	r19, r25
    6922:	3c f4       	brge	.+14     	; 0x6932 <fputc+0x46>
    6924:	e8 81       	ld	r30, Y
    6926:	f9 81       	ldd	r31, Y+1	; 0x01
    6928:	cf 01       	movw	r24, r30
    692a:	01 96       	adiw	r24, 0x01	; 1
    692c:	88 83       	st	Y, r24
    692e:	99 83       	std	Y+1, r25	; 0x01
    6930:	10 83       	st	Z, r17
    6932:	8e 81       	ldd	r24, Y+6	; 0x06
    6934:	9f 81       	ldd	r25, Y+7	; 0x07
    6936:	01 96       	adiw	r24, 0x01	; 1
    6938:	8e 83       	std	Y+6, r24	; 0x06
    693a:	9f 83       	std	Y+7, r25	; 0x07
    693c:	e3 cf       	rjmp	.-58     	; 0x6904 <fputc+0x18>
    693e:	e8 85       	ldd	r30, Y+8	; 0x08
    6940:	f9 85       	ldd	r31, Y+9	; 0x09
    6942:	81 2f       	mov	r24, r17
    6944:	09 95       	icall
    6946:	89 2b       	or	r24, r25
    6948:	a1 f3       	breq	.-24     	; 0x6932 <fputc+0x46>
    694a:	da cf       	rjmp	.-76     	; 0x6900 <fputc+0x14>

0000694c <__ultoa_invert>:
__ultoa_invert():
    694c:	fa 01       	movw	r30, r20
    694e:	aa 27       	eor	r26, r26
    6950:	28 30       	cpi	r18, 0x08	; 8
    6952:	51 f1       	breq	.+84     	; 0x69a8 <__ultoa_invert+0x5c>
    6954:	20 31       	cpi	r18, 0x10	; 16
    6956:	81 f1       	breq	.+96     	; 0x69b8 <__ultoa_invert+0x6c>
    6958:	e8 94       	clt
    695a:	6f 93       	push	r22
    695c:	6e 7f       	andi	r22, 0xFE	; 254
    695e:	6e 5f       	subi	r22, 0xFE	; 254
    6960:	7f 4f       	sbci	r23, 0xFF	; 255
    6962:	8f 4f       	sbci	r24, 0xFF	; 255
    6964:	9f 4f       	sbci	r25, 0xFF	; 255
    6966:	af 4f       	sbci	r26, 0xFF	; 255
    6968:	b1 e0       	ldi	r27, 0x01	; 1
    696a:	3e d0       	rcall	.+124    	; 0x69e8 <__ultoa_invert+0x9c>
    696c:	b4 e0       	ldi	r27, 0x04	; 4
    696e:	3c d0       	rcall	.+120    	; 0x69e8 <__ultoa_invert+0x9c>
    6970:	67 0f       	add	r22, r23
    6972:	78 1f       	adc	r23, r24
    6974:	89 1f       	adc	r24, r25
    6976:	9a 1f       	adc	r25, r26
    6978:	a1 1d       	adc	r26, r1
    697a:	68 0f       	add	r22, r24
    697c:	79 1f       	adc	r23, r25
    697e:	8a 1f       	adc	r24, r26
    6980:	91 1d       	adc	r25, r1
    6982:	a1 1d       	adc	r26, r1
    6984:	6a 0f       	add	r22, r26
    6986:	71 1d       	adc	r23, r1
    6988:	81 1d       	adc	r24, r1
    698a:	91 1d       	adc	r25, r1
    698c:	a1 1d       	adc	r26, r1
    698e:	20 d0       	rcall	.+64     	; 0x69d0 <__ultoa_invert+0x84>
    6990:	09 f4       	brne	.+2      	; 0x6994 <__ultoa_invert+0x48>
    6992:	68 94       	set
    6994:	3f 91       	pop	r19
    6996:	2a e0       	ldi	r18, 0x0A	; 10
    6998:	26 9f       	mul	r18, r22
    699a:	11 24       	eor	r1, r1
    699c:	30 19       	sub	r19, r0
    699e:	30 5d       	subi	r19, 0xD0	; 208
    69a0:	31 93       	st	Z+, r19
    69a2:	de f6       	brtc	.-74     	; 0x695a <__ultoa_invert+0xe>
    69a4:	cf 01       	movw	r24, r30
    69a6:	08 95       	ret
    69a8:	46 2f       	mov	r20, r22
    69aa:	47 70       	andi	r20, 0x07	; 7
    69ac:	40 5d       	subi	r20, 0xD0	; 208
    69ae:	41 93       	st	Z+, r20
    69b0:	b3 e0       	ldi	r27, 0x03	; 3
    69b2:	0f d0       	rcall	.+30     	; 0x69d2 <__ultoa_invert+0x86>
    69b4:	c9 f7       	brne	.-14     	; 0x69a8 <__ultoa_invert+0x5c>
    69b6:	f6 cf       	rjmp	.-20     	; 0x69a4 <__ultoa_invert+0x58>
    69b8:	46 2f       	mov	r20, r22
    69ba:	4f 70       	andi	r20, 0x0F	; 15
    69bc:	40 5d       	subi	r20, 0xD0	; 208
    69be:	4a 33       	cpi	r20, 0x3A	; 58
    69c0:	18 f0       	brcs	.+6      	; 0x69c8 <__ultoa_invert+0x7c>
    69c2:	49 5d       	subi	r20, 0xD9	; 217
    69c4:	31 fd       	sbrc	r19, 1
    69c6:	40 52       	subi	r20, 0x20	; 32
    69c8:	41 93       	st	Z+, r20
    69ca:	02 d0       	rcall	.+4      	; 0x69d0 <__ultoa_invert+0x84>
    69cc:	a9 f7       	brne	.-22     	; 0x69b8 <__ultoa_invert+0x6c>
    69ce:	ea cf       	rjmp	.-44     	; 0x69a4 <__ultoa_invert+0x58>
    69d0:	b4 e0       	ldi	r27, 0x04	; 4
    69d2:	a6 95       	lsr	r26
    69d4:	97 95       	ror	r25
    69d6:	87 95       	ror	r24
    69d8:	77 95       	ror	r23
    69da:	67 95       	ror	r22
    69dc:	ba 95       	dec	r27
    69de:	c9 f7       	brne	.-14     	; 0x69d2 <__ultoa_invert+0x86>
    69e0:	00 97       	sbiw	r24, 0x00	; 0
    69e2:	61 05       	cpc	r22, r1
    69e4:	71 05       	cpc	r23, r1
    69e6:	08 95       	ret
    69e8:	9b 01       	movw	r18, r22
    69ea:	ac 01       	movw	r20, r24
    69ec:	0a 2e       	mov	r0, r26
    69ee:	06 94       	lsr	r0
    69f0:	57 95       	ror	r21
    69f2:	47 95       	ror	r20
    69f4:	37 95       	ror	r19
    69f6:	27 95       	ror	r18
    69f8:	ba 95       	dec	r27
    69fa:	c9 f7       	brne	.-14     	; 0x69ee <__ultoa_invert+0xa2>
    69fc:	62 0f       	add	r22, r18
    69fe:	73 1f       	adc	r23, r19
    6a00:	84 1f       	adc	r24, r20
    6a02:	95 1f       	adc	r25, r21
    6a04:	a0 1d       	adc	r26, r0
    6a06:	08 95       	ret

00006a08 <__prologue_saves__>:
__prologue_saves__():
    6a08:	2f 92       	push	r2
    6a0a:	3f 92       	push	r3
    6a0c:	4f 92       	push	r4
    6a0e:	5f 92       	push	r5
    6a10:	6f 92       	push	r6
    6a12:	7f 92       	push	r7
    6a14:	8f 92       	push	r8
    6a16:	9f 92       	push	r9
    6a18:	af 92       	push	r10
    6a1a:	bf 92       	push	r11
    6a1c:	cf 92       	push	r12
    6a1e:	df 92       	push	r13
    6a20:	ef 92       	push	r14
    6a22:	ff 92       	push	r15
    6a24:	0f 93       	push	r16
    6a26:	1f 93       	push	r17
    6a28:	cf 93       	push	r28
    6a2a:	df 93       	push	r29
    6a2c:	cd b7       	in	r28, 0x3d	; 61
    6a2e:	de b7       	in	r29, 0x3e	; 62
    6a30:	ca 1b       	sub	r28, r26
    6a32:	db 0b       	sbc	r29, r27
    6a34:	cd bf       	out	0x3d, r28	; 61
    6a36:	de bf       	out	0x3e, r29	; 62
    6a38:	09 94       	ijmp

00006a3a <__epilogue_restores__>:
__epilogue_restores__():
    6a3a:	2a 88       	ldd	r2, Y+18	; 0x12
    6a3c:	39 88       	ldd	r3, Y+17	; 0x11
    6a3e:	48 88       	ldd	r4, Y+16	; 0x10
    6a40:	5f 84       	ldd	r5, Y+15	; 0x0f
    6a42:	6e 84       	ldd	r6, Y+14	; 0x0e
    6a44:	7d 84       	ldd	r7, Y+13	; 0x0d
    6a46:	8c 84       	ldd	r8, Y+12	; 0x0c
    6a48:	9b 84       	ldd	r9, Y+11	; 0x0b
    6a4a:	aa 84       	ldd	r10, Y+10	; 0x0a
    6a4c:	b9 84       	ldd	r11, Y+9	; 0x09
    6a4e:	c8 84       	ldd	r12, Y+8	; 0x08
    6a50:	df 80       	ldd	r13, Y+7	; 0x07
    6a52:	ee 80       	ldd	r14, Y+6	; 0x06
    6a54:	fd 80       	ldd	r15, Y+5	; 0x05
    6a56:	0c 81       	ldd	r16, Y+4	; 0x04
    6a58:	1b 81       	ldd	r17, Y+3	; 0x03
    6a5a:	aa 81       	ldd	r26, Y+2	; 0x02
    6a5c:	b9 81       	ldd	r27, Y+1	; 0x01
    6a5e:	ce 0f       	add	r28, r30
    6a60:	d1 1d       	adc	r29, r1
    6a62:	cd bf       	out	0x3d, r28	; 61
    6a64:	de bf       	out	0x3e, r29	; 62
    6a66:	ed 01       	movw	r28, r26
    6a68:	08 95       	ret

00006a6a <__udivmodhi4>:
__udivmodhi4():
    6a6a:	aa 1b       	sub	r26, r26
    6a6c:	bb 1b       	sub	r27, r27
    6a6e:	51 e1       	ldi	r21, 0x11	; 17
    6a70:	07 c0       	rjmp	.+14     	; 0x6a80 <__udivmodhi4_ep>

00006a72 <__udivmodhi4_loop>:
    6a72:	aa 1f       	adc	r26, r26
    6a74:	bb 1f       	adc	r27, r27
    6a76:	a6 17       	cp	r26, r22
    6a78:	b7 07       	cpc	r27, r23
    6a7a:	10 f0       	brcs	.+4      	; 0x6a80 <__udivmodhi4_ep>
    6a7c:	a6 1b       	sub	r26, r22
    6a7e:	b7 0b       	sbc	r27, r23

00006a80 <__udivmodhi4_ep>:
    6a80:	88 1f       	adc	r24, r24
    6a82:	99 1f       	adc	r25, r25
    6a84:	5a 95       	dec	r21
    6a86:	a9 f7       	brne	.-22     	; 0x6a72 <__udivmodhi4_loop>
    6a88:	80 95       	com	r24
    6a8a:	90 95       	com	r25
    6a8c:	bc 01       	movw	r22, r24
    6a8e:	cd 01       	movw	r24, r26
    6a90:	08 95       	ret

00006a92 <__udivmodsi4>:
__udivmodsi4():
    6a92:	a1 e2       	ldi	r26, 0x21	; 33
    6a94:	1a 2e       	mov	r1, r26
    6a96:	aa 1b       	sub	r26, r26
    6a98:	bb 1b       	sub	r27, r27
    6a9a:	fd 01       	movw	r30, r26
    6a9c:	0d c0       	rjmp	.+26     	; 0x6ab8 <__udivmodsi4_ep>

00006a9e <__udivmodsi4_loop>:
    6a9e:	aa 1f       	adc	r26, r26
    6aa0:	bb 1f       	adc	r27, r27
    6aa2:	ee 1f       	adc	r30, r30
    6aa4:	ff 1f       	adc	r31, r31
    6aa6:	a2 17       	cp	r26, r18
    6aa8:	b3 07       	cpc	r27, r19
    6aaa:	e4 07       	cpc	r30, r20
    6aac:	f5 07       	cpc	r31, r21
    6aae:	20 f0       	brcs	.+8      	; 0x6ab8 <__udivmodsi4_ep>
    6ab0:	a2 1b       	sub	r26, r18
    6ab2:	b3 0b       	sbc	r27, r19
    6ab4:	e4 0b       	sbc	r30, r20
    6ab6:	f5 0b       	sbc	r31, r21

00006ab8 <__udivmodsi4_ep>:
    6ab8:	66 1f       	adc	r22, r22
    6aba:	77 1f       	adc	r23, r23
    6abc:	88 1f       	adc	r24, r24
    6abe:	99 1f       	adc	r25, r25
    6ac0:	1a 94       	dec	r1
    6ac2:	69 f7       	brne	.-38     	; 0x6a9e <__udivmodsi4_loop>
    6ac4:	60 95       	com	r22
    6ac6:	70 95       	com	r23
    6ac8:	80 95       	com	r24
    6aca:	90 95       	com	r25
    6acc:	9b 01       	movw	r18, r22
    6ace:	ac 01       	movw	r20, r24
    6ad0:	bd 01       	movw	r22, r26
    6ad2:	cf 01       	movw	r24, r30
    6ad4:	08 95       	ret

00006ad6 <__divmodsi4>:
__divmodsi4():
    6ad6:	05 2e       	mov	r0, r21
    6ad8:	97 fb       	bst	r25, 7
    6ada:	16 f4       	brtc	.+4      	; 0x6ae0 <__divmodsi4+0xa>
    6adc:	00 94       	com	r0
    6ade:	0f d0       	rcall	.+30     	; 0x6afe <__negsi2>
    6ae0:	57 fd       	sbrc	r21, 7
    6ae2:	05 d0       	rcall	.+10     	; 0x6aee <__divmodsi4_neg2>
    6ae4:	d6 df       	rcall	.-84     	; 0x6a92 <__udivmodsi4>
    6ae6:	07 fc       	sbrc	r0, 7
    6ae8:	02 d0       	rcall	.+4      	; 0x6aee <__divmodsi4_neg2>
    6aea:	46 f4       	brtc	.+16     	; 0x6afc <__divmodsi4_exit>
    6aec:	08 c0       	rjmp	.+16     	; 0x6afe <__negsi2>

00006aee <__divmodsi4_neg2>:
    6aee:	50 95       	com	r21
    6af0:	40 95       	com	r20
    6af2:	30 95       	com	r19
    6af4:	21 95       	neg	r18
    6af6:	3f 4f       	sbci	r19, 0xFF	; 255
    6af8:	4f 4f       	sbci	r20, 0xFF	; 255
    6afa:	5f 4f       	sbci	r21, 0xFF	; 255

00006afc <__divmodsi4_exit>:
    6afc:	08 95       	ret

00006afe <__negsi2>:
__negsi2():
    6afe:	90 95       	com	r25
    6b00:	80 95       	com	r24
    6b02:	70 95       	com	r23
    6b04:	61 95       	neg	r22
    6b06:	7f 4f       	sbci	r23, 0xFF	; 255
    6b08:	8f 4f       	sbci	r24, 0xFF	; 255
    6b0a:	9f 4f       	sbci	r25, 0xFF	; 255
    6b0c:	08 95       	ret

00006b0e <__bswapsi2>:
__bswapsi2():
    6b0e:	69 27       	eor	r22, r25
    6b10:	96 27       	eor	r25, r22
    6b12:	69 27       	eor	r22, r25
    6b14:	78 27       	eor	r23, r24
    6b16:	87 27       	eor	r24, r23
    6b18:	78 27       	eor	r23, r24
    6b1a:	08 95       	ret

00006b1c <__tablejump2__>:
__tablejump2__():
    6b1c:	ee 0f       	add	r30, r30
    6b1e:	ff 1f       	adc	r31, r31
    6b20:	05 90       	lpm	r0, Z+
    6b22:	f4 91       	lpm	r31, Z
    6b24:	e0 2d       	mov	r30, r0
    6b26:	09 94       	ijmp

00006b28 <memcmp>:
memcmp():
    6b28:	fb 01       	movw	r30, r22
    6b2a:	dc 01       	movw	r26, r24
    6b2c:	04 c0       	rjmp	.+8      	; 0x6b36 <memcmp+0xe>
    6b2e:	8d 91       	ld	r24, X+
    6b30:	01 90       	ld	r0, Z+
    6b32:	80 19       	sub	r24, r0
    6b34:	21 f4       	brne	.+8      	; 0x6b3e <memcmp+0x16>
    6b36:	41 50       	subi	r20, 0x01	; 1
    6b38:	50 40       	sbci	r21, 0x00	; 0
    6b3a:	c8 f7       	brcc	.-14     	; 0x6b2e <memcmp+0x6>
    6b3c:	88 1b       	sub	r24, r24
    6b3e:	99 0b       	sbc	r25, r25
    6b40:	08 95       	ret

00006b42 <memcpy>:
memcpy():
    6b42:	fb 01       	movw	r30, r22
    6b44:	dc 01       	movw	r26, r24
    6b46:	02 c0       	rjmp	.+4      	; 0x6b4c <memcpy+0xa>
    6b48:	01 90       	ld	r0, Z+
    6b4a:	0d 92       	st	X+, r0
    6b4c:	41 50       	subi	r20, 0x01	; 1
    6b4e:	50 40       	sbci	r21, 0x00	; 0
    6b50:	d8 f7       	brcc	.-10     	; 0x6b48 <memcpy+0x6>
    6b52:	08 95       	ret

00006b54 <memset>:
memset():
    6b54:	dc 01       	movw	r26, r24
    6b56:	01 c0       	rjmp	.+2      	; 0x6b5a <memset+0x6>
    6b58:	6d 93       	st	X+, r22
    6b5a:	41 50       	subi	r20, 0x01	; 1
    6b5c:	50 40       	sbci	r21, 0x00	; 0
    6b5e:	e0 f7       	brcc	.-8      	; 0x6b58 <memset+0x4>
    6b60:	08 95       	ret

00006b62 <_exit>:
exit():
    6b62:	f8 94       	cli

00006b64 <__stop_program>:
__stop_program():
    6b64:	ff cf       	rjmp	.-2      	; 0x6b64 <__stop_program>

Disassembly of section .nvmem:

00006c30 <.nvmem>:
	...

Disassembly of section .eeprom:

00810000 <_EEP>:
  810000:	ff ff ff ff ff ff ff ff                             ........

Disassembly of section .fuse:

00820000 <__fuse>:
  820000:	00 00 00 00 00 d1 08 00 00 00 03 00                 ............
