:02000004008179
:020000040000FA
:2000000090C60000C8C60000C6C60000C4C600000C94B721C0C60000BEC60000BCC60000E2 // 00000> .F..HF..FF..DF....7!@F..>F..<F.. flash
:20002000BAC60000B8C60000B6C60000B4C60000B2C60000B0C60000AEC60000ACC60000F8 // 00020> :F..8F..6F..4F..2F..0F...F..,F..
:20004000AAC60000A8C60000A6C600000C941F21A2C60000A0C600009EC600009CC60000E2 // 00040> *F..(F..&F.....!"F.. F...F...F..
:200060000C94AE2498C6000096C6000094C6000092C6000090C600008EC600008CC60000A6 // 00060> ...$.F...F...F...F...F...F...F..
:200080008AC6000088C6000055504449344156522D55534220312E33352E35342048414CE9 // 00080> .F...F..UPDI4AVR-USB 1.35.54 HAL
:2000A0002F41565244555F434E414E4F2E680020522F0020532F00204D3D24253034582C0D // 000a0> /AVRDU_CNANO.h. R/. S/. M=$%04X,
:2000C000204C3D25642C20543D24253032580D0A00204D3D24253034582C204C3D25642CBE // 000c0>  L=%d, T=$%02X... M=$%04X, L=%d,
:2000E00020543D24253032580D0A0020522F0020532F00204D3D24253034582C204C3D2549 // 000e0>  T=$%02X... R/. S/. M=$%04X, L=%
:20010000640D0A00204D3D24253034582C204C3D25640D0A002050474D204F4B0D0A00204B // 00100> d... M=$%04X, L=%d... PGM OK... 
:2001200058434B3D25643E25642C253032580D0A00204661696C0D0A00204953505F524575 // 00120> XCK=%d>%d,%02X... Fail... ISP_RE
:2001400053204C3D25640D0A202000204953505F434D445F3F5B253032585D0D0A002049CF // 00140> S L=%d..  . ISP_CMD_?[%02X]... I
:2001600053505F434D445F524541445F25730D0A00204953505F524553204C3D25640D0A82 // 00160> SP_CMD_READ_%s... ISP_RES L=%d..
:20018000202000204953505F434D445F50524F4752414D5F25730D0A00204953505F434D60 // 00180>   . ISP_CMD_PROGRAM_%s... ISP_CM
:2001A000445F524541445F454550524F4D0D0A00204953505F434D445F50524F4752414D8C // 001a0> D_READ_EEPROM... ISP_CMD_PROGRAM
:2001C0005F454550524F4D0D0A00204953505F434D445F524541445F464C4153480D0A0043 // 001c0> _EEPROM... ISP_CMD_READ_FLASH...
:2001E000204953505F434D445F50524F4752414D5F464C4153480D0A00204953505F434D6A // 001e0>  ISP_CMD_PROGRAM_FLASH... ISP_CM
:20020000445F434849505F45524153450D0A00204953505F434D445F4C4F41445F4144444B // 00200> D_CHIP_ERASE... ISP_CMD_LOAD_ADD
:20022000524553533D24253034580D0A00205049435F524553204C3D320D0A202000205041 // 00220> RESS=$%04X... PIC_RES L=2..  . P
:2002400049435F434D445F4745545F53434B3D25640D0A002058434C4B3D25640D0A002034 // 00240> IC_CMD_GET_SCK=%d... XCLK=%d... 
:200260005049435F434D445F5345545F53434B3D25640D0A00204953505F434D445F4C45D8 // 00260> PIC_CMD_SET_SCK=%d... ISP_CMD_LE
:200280004156455F50524F474D4F44450D0A00204953505F434D445F454E5445525F505292 // 00280> AVE_PROGMODE... ISP_CMD_ENTER_PR
:2002A0004F474D4F44450D0A000D0A00204C3D25640D0A2020003C5245424F4F543E0D0A70 // 002a0> OGMODE...... L=%d..  .<REBOOT>..
:2002C000004300440043002D00410043004D002F005600430050000000550050004400490C // 002c0> .C.D.C.-.A.C.M./.V.C.P...U.P.D.I
:2002E0000034004100560052002D005500530042003A004100560052002D00440055003AA7 // 002e0> .4.A.V.R.-.U.S.B.:.A.V.R.-.D.U.:
:200300000045004400420047002F0043004D005300490053002D0044004100500000004DCE // 00300> .E.D.B.G./.C.M.S.I.S.-.D.A.P...M
:200320000075006C007400690058002E006A00700020004F005300530057002F004F005362 // 00320> .u.l.t.i.X...j.p. .O.S.S.W./.O.S
:2003400000480057002000500072006F0064002E0000000600FF0901A101150026FF0075BB // 00340> .H.W. .P.r.o.d..........!...&..u
:2003600008964000090181029640000901910295040901B102C009026B0003010080320954 // 00360> ..@......@.........1.@..k.....2.
:200380000400000203000000092111010001222300070502034000010705810340000108A7 // 00380> .........!...."#.....@......@...
:2003A0000B010202020104090401000102020100052400100104240206052406010205244D // 003a0> .................$....$...$....$
:2003C0000103020705820310000409040200020A0000000705030240000007058302400035 // 003c0> .......................@......@.
:2003E000000A060002EF0201400000205649443A5049443D253034583A253034580D0A004F // 003e0> .....o..@.. VID:PID=%04X:%04X...
:2004000012010002EF020140D804150B0001010203013C47493A253032583E0D0A003C53C8 // 00400> ....o..@X.........<GI:%02X>...<S
:20042000493A303E0D0A003C53433A253032583E0D0A003C47433A253032583E0D0A002020 // 00420> I:0>...<SC:%02X>...<GC:%02X>... 
:20044000555342305F414444523D25640D0A002053463D253032583A253032580D0A002006 // 00440> USB0_ADDR=%d... SF=%02X:%02X... 
:2004600043463D253032583A253032580D0A002053423D253034580D0A0020534C533D2549 // 00460> CF=%02X:%02X... SB=%04X... SLS=%
:200480003032580D0A0020474C453D0020534C453D002049444C3D253032580D0A00525146 // 00480> 02X... GLE=. SLE=. IDL=%02X...RQ
:2004A0003D253032583A253034583A253032583A253032583A253034583A253034583A253E // 004a0> =%02X:%04X:%02X:%02X:%04X:%04X:%
:2004C0003034580D0A003C5253543A4F55543E0D0A003C5253543A494E3E0D0A003C45446D // 004c0> 04X...<RST:OUT>...<RST:IN>...<ED
:2004E00042475F454D5054593E0D0A003C454442475F4641494C3E0D0A003C454442475F65 // 004e0> BG_EMPTY>...<EDBG_FAIL>...<EDBG_
:200500004641494C3E0D0A00203F47454E3D253032583A253032583A253032580D0A0020AC // 00500> FAIL>... ?GEN=%02X:%02X:%02X... 
:2005200047454E5F5349474E5F4F46460D0A00085550444934415652002047454E5F5349B4 // 00520> GEN_SIGN_OFF....UPDI4AVR. GEN_SI
:20054000474E5F4F4E0D0A00902800183800000020504859534943414C0D0A00205654414C // 00540> GN_ON....(..8... PHYSICAL... VTA
:20056000524745543D25640D0A002056455352494F4E3D0000012336002047454E5F4745AA // 00560> RGET=%d... VESRION=...#6. GEN_GE
:20058000545F504152414D0D0A002C533D253032582C493D253032582C4C3D253032580D53 // 00580> T_PARAM...,S=%02X,I=%02X,L=%02X.
:2005A0000A0020555044495F57524954453D253032583A2530366C583A253034580D0A001E // 005a0> .. UPDI_WRITE=%02X:%06lX:%04X...
:2005C00020555044495F524541443D253032583A2530366C583A253034580D0A00205550B2 // 005c0>  UPDI_READ=%02X:%06lX:%04X... UP
:2005E00044495F45524153453D253032583A2530366C580D0A00204C4153545F58434C4BFE // 005e0> DI_ERASE=%02X:%06lX... LAST_XCLK
:200600003D25640D0A0020555044495F4C454156455F50524F470D0A0020555044495F453B // 00600> =%d... UPDI_LEAVE_PROG... UPDI_E
:200620004E5445525F50524F470D0A0020555044495F5349474E5F4F46460D0A00205550DB // 00620> NTER_PROG... UPDI_SIGN_OFF... UP
:2006400044495F5349474E5F4F4E3D4558543A253032580D0A00205044495F57524954453C // 00640> DI_SIGN_ON=EXT:%02X... PDI_WRITE
:200660003D253032583A2530386C583A253034580D0A00205044495F524541443D25303265 // 00660> =%02X:%08lX:%04X... PDI_READ=%02
:20068000583A2530386C583A253034580D0A00205044495F45524153453D253032583A25FE // 00680> X:%08lX:%04X... PDI_ERASE=%02X:%
:2006A00030386C580D0A00205044495F4C454156455F50524F470D0A00205044495F454E91 // 006a0> 08lX... PDI_LEAVE_PROG... PDI_EN
:2006C0005445525F50524F470D0A00205044495F5349474E5F4F46460D0A00205044495F47 // 006c0> TER_PROG... PDI_SIGN_OFF... PDI_
:2006E0005349474E5F4F4E3D4558543A253032580D0A00204156525F434D443F5B25303212 // 006e0> SIGN_ON=EXT:%02X... AVR_CMD?[%02
:20070000585D20415243483D25640D0A00204156525F53544152545F44575F444542554753 // 00700> X] ARCH=%d... AVR_START_DW_DEBUG
:200720003A415243483D25643A4641494C45440D0A00204156525F5349474E5F4F4E3A4195 // 00720> :ARCH=%d:FAILED... AVR_SIGN_ON:A
:200740005243483D25640D0A00204156525F5349474E5F4F46463A415243483D25640D0AD7 // 00740> RCH=%d... AVR_SIGN_OFF:ARCH=%d..
:20076000002058434C4B3D25640D0A0020434F4E4E454354494F4E3D253032580D0A0020E7 // 00760> . XCLK=%d... CONNECTION=%02X... 
:200780004745545F415243483D253032580D0A00204156525F4745545F504152414D455418 // 00780> GET_ARCH=%02X... AVR_GET_PARAMET
:2007A00045520D0A002C533D253032582C493D253032582C4C3D253032580D0A0020554EF1 // 007a0> ER...,S=%02X,I=%02X,L=%02X... UN
:2007C0004C4F434B454E3D253032580D0A002048564354524C454E3D253032580D0A002051 // 007c0> LOCKEN=%02X... HVCTRLEN=%02X... 
:2007E000444556494345444553433D25580D0A00204649585F58434C4B3D25640D0A0020C4 // 007e0> DEVICEDESC=%X... FIX_XCLK=%d... 
:20080000434F4E4E454354494F4E3D253032580D0A0020534553535F505552504F53453D8D // 00800> CONNECTION=%02X... SESS_PURPOSE=
:20082000253032580D0A002058434C4B3D25640D0A00205345545F415243483D25303258EE // 00820> %02X... XCLK=%d... SET_ARCH=%02X
:200840000D0A00204156525F5345545F504152414D3D253034580D0A00204156525F534528 // 00840> ... AVR_SET_PARAM=%04X... AVR_SE
:20086000545F504152414D3D253032580D0A00204156525F5345545F504152414D0D0A00E6 // 00860> T_PARAM=%02X... AVR_SET_PARAM...
:200880002C533D253032582C493D253032582C4C3D253032580D0A003C4856433A4F46464F // 00880> ,S=%02X,I=%02X,L=%02X...<HVC:OFF
:2008A0003E0D0A00203C5245533A253032583E0D0A00205450495F57524954453D25303274 // 008a0> >... <RES:%02X>... TPI_WRITE=%02
:2008C000583A2530386C583A25640D0A00205450495F45524153453D253032583A2530389C // 008c0> X:%08lX:%d... TPI_ERASE=%02X:%08
:2008E0006C580D0A00205450495F434D443D25642C205654474C4F573D25640D0A00205497 // 008e0> lX... TPI_CMD=%d, VTGLOW=%d... T
:2009000050495F524541443D253032583A2530386C583A25640D0A00205450495F435243FE // 00900> PI_READ=%02X:%08lX:%d... TPI_CRC
:200920000D0A00205450495F4C454156455F50524F474D4F44450D0A00205654415247450B // 00920> ... TPI_LEAVE_PROGMODE... VTARGE
:20094000543D25640D0A00205450495F454E5445525F50524F474D4F44450D0A00205441F4 // 00940> T=%d... TPI_ENTER_PROGMODE... TA
:20096000524745545F504F5745523D253032580D0A00204156525F4745545F504152414D0E // 00960> RGET_POWER=%02X... AVR_GET_PARAM
:200980000D0A00205441524745545F504F5745523D253032580D0A00204156525F534554E6 // 00980> ... TARGET_POWER=%02X... AVR_SET
:2009A0005F504152414D3D253034580D0A002C533D2530322C493D253032582C4C3D253054 // 009a0> _PARAM=%04X...,S=%02,I=%02X,L=%0
:2009C00032580D0A00203F3A53434F50453D253032580D0A0053513D25643A25643E53432F // 009c0> 2X... ?:SCOPE=%02X...SQ=%d:%d>SC
:2009E0004F50453D253032582C433D25303258003C57414954494E473E0D0A0048414C5F94 // 009e0> OPE=%02X,C=%02X.<WAITING>...HAL_
:200A000050524F46494C453D48414C2F41565244555F434E414E4F2E680D0A005F5F415632 // 00a00> PROFILE=HAL/AVRDU_CNANO.h...__AV
:200A2000525F415243485F5F3D25640D0A005F4156525F494F5858585F485F3D696F617613 // 00a20> R_ARCH__=%d..._AVR_IOXXX_H_=ioav
:200A4000723634647533322E680D0A00465F4350553D256C640D0A000A3C73746172747510 // 00a40> r64du32.h...F_CPU=%ld....<startu
:200A6000703E0D0A00204C3D253034582C413D2530386C582C00204C3D253034582C413DCC // 00a60> p>... L=%04X,A=%08lX,. L=%04X,A=
:200A80002530386C582C00204661696C0D0A0020205044495F4F4E3A4756414C3D253032E5 // 00a80> %08lX,. Fail...  PDI_ON:GVAL=%02
:200AA000580D0A0020204E564D505F4F4E3A253032580D0A0020204661696C3A2530325845 // 00aa0> X...  NVMP_ON:%02X...  Fail:%02X
:200AC0000D0A00204C45443D48420D0A00204C45443D25640D0A005B544F5D002053454304 // 00ac0> ... LED=HB... LED=%d...[TO]. SEC
:200AE00054494F4E5F45524153453D253034580D0A0020434849505F45524153453D253013 // 00ae0> TION_ERASE=%04X... CHIP_ERASE=%0
:200B000034580D0A0020524541443D253034583A2564200020434F44455F57524954453D93 // 00b00> 4X... READ=%04X:%d . CODE_WRITE=
:200B2000253034583A253032580D0A002053454354494F4E5F45524153453D253034580D75 // 00b20> %04X:%02X... SECTION_ERASE=%04X.
:200B40000A002057524954453D253034583A256420002055534152543D545049204241550E // 00b40> .. WRITE=%04X:%d . USART=TPI BAU
:200B6000443D253034580D0A00205349473E253034583A253032580D0A0020534B45590D41 // 00b60> D=%04X... SIG>%04X:%02X... SKEY.
:200B80000A003C4856454E3E002050524F475F4B45593D002045524153455F4B45593D00AE // 00b80> ..<HVEN>. PROG_KEY=. ERASE_KEY=.
:200BA0002050524F4753544152543D253032580D0A00203C5359533A253032583E0D0A0053 // 00ba0>  PROGSTART=%02X... <SYS:%02X>...
:200BC00020574149540020434849505F4552415345002055524F575F4B45593D0020524504 // 00bc0>  WAIT. CHIP_ERASE. UROW_KEY=. RE
:200BE0005F50524F4753544152543D253032580D0A003C5359533A253032583A25643E0D3B // 00be0> _PROGSTART=%02X...<SYS:%02X:%d>.
:200C00000A003C5359533A253032583A25643E0D0A0020454E5445525F55524F573D253082 // 00c00> ..<SYS:%02X:%d>... ENTER_UROW=%0
:200C2000346C583A253034580D0A002055534152543D555044492058434C4B3D25642042F2 // 00c20> 4lX:%04X... USART=UPDI XCLK=%d B
:200C40004155443D253034580D0A00204641494C3A253032582C253032580D0A00204E564A // 00c40> AUD=%04X... FAIL:%02X,%02X... NV
:200C60004D3A253032582C5349423D222573220D0A003C4856433A5625643E002530325881 // 00c60> M:%02X,SIB="%s"...<HVC:V%d>.%02X
:200C80000D0A002055534152543D50444920424155443D253034580D0A00205643503D4677 // 00c80> ... USART=PDI BAUD=%04X... VCP=F
:200CA00041494C0D0A002055534152543D5643500D0A002D3E253034580D0A002042415500 // 00ca0> AIL... USART=VCP...->%04X... BAU
:200CC000443D256C6400204343493D000000000000000000004B000086630000007B0000C3 // 00cc0> D=%ld. CCI=..........K...c...{..
:200CE0008E630000000000000000000000BB40009E630000008B00009E63400000B9000082 // 00ce0> .c...........;@..c.......c@..9..
:200D00008E630000008B0000DE63400002BB00001E6400000000E2051810600440807704E9 // 00d00> .c......^c@..;...d....b...`.@.w.
:200D2000B92411241FBECFEFCDBFDFE7DEBF88ED22E630E084BF20936800E0E0F4E084E034 // 00d20> 9$.$.>OoM?_g^?.m"f0`.? .h.``t`.`
:200D400083878FEF848780934C0480936C048093AC0410E6A0E0B0E6E6E6FBE602C0059047 // 00d40> ...o....L...l...,..f `0fff{f.@..
:200D60000D92AA3CB107D9F720E6AAECB0E601C01D92A93DB207E1F716E0C1E9D6E004C033 // 00d60> ..*<1.Yw f*l0f.@..)=2.aw.`AiV`.@
:200D80002197FE010E948E35C039D107C9F70E94C8240C94B13534C9FB01A485B585ED91B8 // 00d80> !.~....5@9Q.Iw..H$..154I{.$.5.m.
:200DA000FC9111970190F081E02D682FCD01099480E094E02091040827FF04C000900108D9 // 00da0> |.....p.`-h/M....`.` ...'..@....
:200DC000009000080197B1F70895DC018FB7F8941092000A90912C0A9093200A90912C0A48 // 00dc0> ......1w..\..7x.......,... ...,.
:200DE0009093260A91E09093000A90910B0A90FFFCCF90910B0A916090930B0A30E020E003 // 00de0> ..&..`..........|O.....`....0` `
:200E000064E0F90193E0F595E7959A95E1F7EA0FFB1F408150E0922F977002C055954795C0 // 00e00> d`y..`u.g...awj.{.@.P`./.p.@U.G.
:200E20009A95E2F790910B0A90FFFCCF40FF16C00098609303046093000290910B0A916057 // 00e20> ..bw......|O@..@..`...`........`
:200E400090930B0A2F5F3F4F20373105D1F61092000A9FE09093000A8FBF0895009AE9CF55 // 00e40> ..../_?O 71.Qv.....`.....?....iO
:200E6000DC011296ED91FC91248125FFFDCF20E42483DC011296ED91FC91628381E090E05C // 00e60> \...m.|.$.%.}O d$.\...m.|.b..`.`
:200E800008958FB7F8941092A1641092E0641092E1648FBF80910B0C82FDFCCF8EEF80931F // 00e80> ...7x...!d..`d..ad.?.....}|O.o..
:200EA0004C0C0895F49B0BC08091E66481FF07C02FB7F894F2990AC08EE194E609C08091B7 // 00ea0> L...t..@..fd...@/7x.r..@.a.f.@..
:200EC000A264803411F51092A26408958EE594E68093EA649093EB648091A26490E08093B3 // 00ec0> "d.4.u.."d...e.f..jd..kd.."d.`..
:200EE000E8649093E9641092EC641092ED641092A2648EB394E089278EBB2FBF80910B0CE5 // 00ee0> hd..id..ld..md.."d.3.`.'.;/?....
:200F000082FDFCCF8EEF80934E0C08958091A3649091A4649C01255031092A3F3F4F28F460 // 00f00> .}|O.o..N.....#d..$d..%P1.*??O(t
:200F200004978093A3649093A4648AE090E08093D8649093D9641092DC641092DD64809172 // 00f20> ....#d..$d.`.`..Xd..Yd..\d..]d..
:200F40000B0C82FDFCCF8EEF80934A0C08951092BC641092BD6480910B0C82FDFCCF8EEF39 // 00f40> ...}|O.o..J.....<d..=d.....}|O.o
:200F60008093420C08951092B0641092B16480910B0C82FDFCCF8EEF8093400C0895FC011E // 00f60> ..B.....0d..1d.....}|O.o..@...|.
:200F8000948196FFFDCF089590E080E00895809101088CBB8CB38823D1F3809100088DBB61 // 00f80> ....}O...`.`.......;.3.#Qs.....;
:200FA0008CB380588CBB9CB381E0911180E00895EECFCF93C82F8091040885FFFCCFC093AF // 00fa0> .3.X.;.3.`...`..nOO.H/......|O@.
:200FC0000208E5DF882321F09DB381E09C1380E0CF9108950F931F93CF93DF93EB018C0129 // 00fc0> ..e_.#!p.3.`...`O.......O._.k...
:200FE000F80181918F01E5DF882311F02197C1F7DF91CF911F910F91089569E070E087E9B0 // 00fe0> x.....e_.#.p!.Aw_.O.......i`p`.i
:2010000090E6E8DF90E0089562E070E081E690E6E1DF8111CDCF80E0089562E070E08FE526 // 01000> .fh_.`..b`p`.f.fa_..MO.`..b`p`.e
:2010200090E6D8DF8111C4CF80E008956093156070931660809317609093186065E070E0C6 // 01020> .fX_..DO.`..`..`p..`...`...`e`p`
:2010400083E190E6C7DF8111B3CF80E008959FDF882329F09DB381E0903409F080E0089552 // 01040> .a.fG_..3O.`..._.#)p.3.`.4.p.`..
:20106000CF93DF93EA0160932660709327608093286090932960CA01969587958150809371 // 01060> O._.j.`.&`p.'`..(`..)`J......P..
:20108000216085E68093236065E070E084E290E6A1DF8823F9F0DBDF8823E1F063E070E080 // 01080> !`.f..#`e`p`.b.f!_.#yp[_.#apc`p`
:2010A0008CE590E697DF8823A9F065E070E08FE190E690DF882371F0BE016E7F88E191E60D // 010a0> .e.f._.#)pe`p`.a.f._.#qp>.n..a.f
:2010C00089DF882339F063E070E087E890E6DF91CF9180CF80E0DF91CF910895CF93C42F1B // 010c0> ._.#9pc`p`.h.f_.O..O.`_.O...O.D/
:2010E00060931B6070931C6080931D6090931E6065E070E089E190E66DDF882349F0A7DFA7 // 010e0> `..`p..`...`...`e`p`.a.fm_.#Ip'_
:20110000882331F08C2F55DF882311F0CF919FCF80E0CF910895482F60E070E180E090E065 // 01100> .#1p./U_.#.pO..O.`O...H/``pa.`.`
:20112000DDCFCF92DF92EF92FF920F931F93CF93DF93C7E0D1E68A01095F1E49C017D10790 // 01120> ]OO._.o.......O._.G`Qf..._.I@.Q.
:20114000C1F06B017C012FEFC21AD20AE20AF20A4989C4DF2196811109C0DF91CF911F9130 // 01140> Apk.|./oB.R.b.r.I.D_!....@_.O...
:201160000F91FF90EF90DF90CF900895C701B601E5CF81E0F2CFCF93DF934130510529F449 // 01160> ....o._.O...G.6.eO.`rOO._.A0Q.)t
:2011800040911861DF91CF91A9CFEA0160932660709327608093286090932960842F815004 // 01180> @..a_.O.)Oj.`.&`p.'`..(`..)`./.P
:2011A0008093216084E68093236065E070E084E290E610DF8823F1F04ADF8823D9F063E0CF // 011a0> ..!`.f..#`e`p`.b.f._.#qpJ_.#Ypc`
:2011C00070E08CE590E606DF8823A1F065E070E08FE190E6FFDE882369F0BE0188E191E6BC // 011c0> p`.e.f._.#!pe`p`.a.f.^.#ip>..a.f
:2011E000F9DE882339F063E070E087E890E6DF91CF91F0CE80E0DF91CF9108950F931F931D // 011e0> y^.#9pc`p`.h.f_.O.pN.`_.O.......
:20120000CF93DF93EB018C01C2DE882331F09DB3F80191938F012197B9F7DF91CF911F9130 // 01200> O._.k...B^.#1p.3x.....!.9w_.O...
:201220000F910895CF93DF93EA0160932660709327608093286090932960CA019695879556 // 01220> ....O._.j.`.&`p.'`..(`..)`J.....
:2012400081508093216085E28093236065E070E084E290E6BFDE882389F0F9DE882371F017 // 01240> .P..!`.b..#`e`p`.b.f?^.#.py^.#qp
:2012600065E070E08FE190E6B5DE882339F0BE016E7F8EE091E6DF91CF91C0CF80E0DF91CC // 01260> e`p`.a.f5^.#9p>.n..`.f_.O.@O.`_.
:20128000CF910895CF93DF93EA014130510559F4CDDE811104C080E0DF91CF9108959DB360 // 01280> O...O._.j.A0Q.YtM^...@.`_.O....3
:2012A00090930E61F9CF60932660709327608093286090932960842F81508093216084E20C // 012a0> ...ayO`.&`p.'`..(`..)`./.P..!`.b
:2012C0008093236065E070E084E290E683DE882311F3BDDE8823F9F265E070E08FE190E64B // 012c0> ..#`e`p`.b.f.^.#.s=^.#yre`p`.a.f
:2012E00079DE8823C1F2BE018EE091E6DF91CF9185CFCF93DF9380910E6160910F613091FB // 012e0> y^.#Ar>..`.f_.O..OO._....a`..a0.
:201300001061843B51F46F7770E07F5EF9990FC090E080E0DF91CF910895732F803BB1F7A2 // 01300> .a.;Qtowp`.^y..@.`.`_.O...s/.;1w
:201320008091256390912663680F791FEFCFC0911361D091146190E080E0AE01A3DF882356 // 01320> ..%c..&ch.y.oO@..aP..a.`.`..#_.#
:2013400039F3CE010196E6CFCF93DF93F99905C090E080E0DF91CF91089520910E616091CD // 01340> 9sN...fOO._.y..@.`.`_.O... ..a`.
:201360000F61709110618091116190911261C0911361D0911461203B49F480589F4FAE01CC // 01360> .ap..a...a...a@..aP..a ;It.X.O..
:2013800051DF882329F3CE010196E4CF243B39F46F7770E07F5E072E000C880B990BAE0177 // 01380> Q_.#)sN...dO$;9towp`.^..........
:2013A00071DFEFCFD1CFCF93DF93F99905C090E080E0DF91CF91089520910E6160910F6196 // 013a0> q_oOQOO._.y..@.`.`_.O... ..a`..a
:2013C000709110618091116190911261C0911361D0911461203B49F480589F4FAE0122DFDB // 013c0> p..a...a...a@..aP..a ;It.X.O.."_
:2013E000882329F3CE010196E4CF243B41F46F7770E060587F4E072E000C880B990BAE0197 // 013e0> .#)sN...dO$;Atowp``X.N..........
:2014000041DFEECFD0CFCFCF8091080890910908880F991F809308089093090880E0C9DDB3 // 01400> A_nOPOOO.....................`I]
:20142000209184633091856350E040E060E071E782E090E00E946B35DA01C9010196A11D75 // 01420>  ..c0..cP`@```qg.`.`..k5Z.I...!.
:20144000B11DB595A7959795879580349105A105B1057CF0009721E0A207B10520F08FEF59 // 01440> 1.5.'......4..!.1.|p..!`".1. p.o
:201460009FEFA0E0B0E0809308089093090881E0089580E490E0A0E0B0E0F5CF80918463D9 // 01460> .o `0`.........`...d.` `0`uO...c
:2014800089518DBB8DB3883270F08DB390E08093846390938563B8DF63E070E087E890E60C // 01480> .Q.;.3.2pp.3.`...c...c8_c`p`.h.f
:2014A00099DD90E0089590E080E0089582CDCF93C82F83EF7EDD882319F08C2FCF91F6CF33 // 014a0> .].`...`.`...MO.H/.o~].#.p./O.vO
:2014C00080E0CF91089582E774DD882331F070DD882319F08DB38111F6CF81E00895CF9331 // 014c0> .`O....gt].#1pp].#.p.3..vO.`..O.
:2014E000C82F84E666DD882319F08C2FCF91DECF80E0CF91089584E25CDD811159CD80E0B8 // 014e0> H/.ff].#.p./O.^O.`O....b\]..YM.`
:201500000895CF93DF93D82FC92F88E652DD882361F08D2F4EDD882341F089E64ADD8823BE // 01500> ..O._.X/I/.fR].#ap./N].#Ap.fJ].#
:2015200021F08C2FDF91CF9144CD80E0DF91CF91089530E020E04091080442FFFCCF409167 // 01520> !p./_.O.DM.`_.O...0` `@...B.|O@.
:20154000080442FDFCCF2F5F3F4F8217930799F7089580910A06816080930A0680910706B6 // 01540> ..B}|O/_?O.....w.......`........
:2015600081FFFCCF80910C0690910D069C013695279536952795820F931F0895CF92DF926C // 01560> ..|O..........6.'.6.'.......O._.
:20158000EF92FF92AB01BC0180915263282F30E0322F222780912763820F932F911D919537 // 01580> o...+.<...Rc(/0`2/"'..'c.../....
:2015A00081959109B0E0A0E084239523A623B72321E0C0905663D0905763E0905863F0909A // 015a0> ....0` `.#.#&#7#!`@.VcP.Wc`.Xcp.
:2015C0005963C816D906EA06FB0609F420E08093566390935763A0935863B0935963822F5D // 015c0> YcH.Y.j.{..t `..Vc..Wc .Xc0.Yc./
:2015E000FF90EF90DF90CF900895823249F460912D6370912E6380912F639091306308957A // 015e0> ..o._.O....2It`.-cp..c../c..0c..
:20160000803B49F46091296370912A6380912B6390912C630895813B51F3823B49F46091F0 // 01600> .;It`.)cp.*c..+c..,c...;Qs.;It`.
:2016200031637091326380913363909134630895833B49F4609135637091366380913763BB // 01620> 1cp.2c..3c..4c...;It`.5cp.6c..7c
:20164000909138630895843B89F42091526330915363609141637091426380914363909105 // 01640> ..8c...;.t .Rc0.Sc`.Acp.Bc..Cc..
:201660004463620F731F811D911D0895803C49F46091256370912663809127639091286394 // 01660> Dcb.s........<It`.%cp.&c..'c..(c
:201680000895813C09F4BECF843C09F4B0CF853C49F46091396370913A6380913B63909131 // 01680> ...<.t>O.<.t0O.<It`.9cp.:c..;c..
:2016A0003C630895863C49F460913D6370913E6380913F6390914063089560914163709112 // 016a0> <c...<It`.=cp.>c..?c..@c..`.Acp.
:2016C00042638091436390914463089530E020E04091080446FFFCCF4091080446FDFCCF61 // 016c0> Bc..Cc..Dc..0` `@...F.|O@...F}|O
:2016E0002F5F3F4F8217930799F781E00895FB9B08C081E090E0EADF049888E880930608E8 // 016e0> /_?O.....w.`..{..@.`.`j_...h....
:20170000FB9881E00895F3DF811152CC80E00895FB9909C081E090E0D9DF0C9A049A80EC23 // 01700> {..`..s_..RL.`..{..@.`.`Y_.....l
:2017200080930608FB9A81E0089582E090E0CEDFEFDF811102C080E0089580E8B7DE8823AF // 01720> ....{..`...`.`N_o_...@.`...h7^.#
:20174000D1F3E1DF882389F3E99BEFCF0895EF92FF920F931F93CF93DF937C018B01D8DF05 // 01740> Qsa_.#.si.oO..o.......O._.|...X_
:20176000E701899126DC882319F001501109C9F7DF91CF911F910F91FF90EF900895F8992A // 01760> g...&\.#.p.P..Iw_.O.......o...x.
:2017800007C064E070E08FE490E6E1DF90E0089581E090E00895CF92DF92EF92FF928FEC6B // 01780> .@d`p`.d.fa_.`...`.`..O._.o....l
:2017A000C82EDD24D394E12CFD2CC0920660D0920760E0920860F092096065E070E085E055 // 017a0> H.]$S.a,},@..`P..``..`p..`e`p`.`
:2017C00090E6C5DF81119FDF8DB3807C71F781E0FF90EF90DF90CF9008958BEC91E0A0E0F9 // 017c0> .fE_..._.3.|qw.`..o._.O....l.` `
:2017E000B1E08093016090930260A0930360B093046065E070E080E090E6A9DF882311F083 // 017e0> 1`...`...` ..`0..`e`p`.`.f)_.#.p
:2018000081E054CE80E00895CF93C82F8AEC91E0A0E0B1E08093016090930260A093036068 // 01800> .`TN.`..O.H/.l.` `1`...`...` ..`
:20182000B093046065E070E080E090E690DF882319F08C2FCF913ACE80E0CF910895CF9391 // 01820> 0..`e`p`.`.f._.#.p./O.:N.`O...O.
:20184000C0910E6180910F6190911061A0911161B091126180930F6090931060A0931160A5 // 01840> @..a...a...a ..a0..a...`...` ..`
:20186000B093126098DFC11111C080E4CDDF811104C090E080E0CF910895AFDF8823C9F371 // 01860> 0..`._A..@.dM_...@.`.`O.../_.#Is
:2018800054DF8823B1F387DF90E0F5CF81E090E0C73089F788E1B8DF882359F365E070E058 // 01880> T_.#1s._.`uO.`.`G0.w.a8_.#Yse`p`
:2018A0008EE090E654DF882321F384E682DB882301F38FEF7EDBE5CF1ADF0C98049A80E1C5 // 018a0> .`.fT_.#!s.f.[.#.s.o~[eO._.....a
:2018C00090E004DF0C9A82E090E000DF0C9880E190E0FCDE1DCF67E070E180E090E0A6DB3A // 018c0> .`._...`.`._...a.`|^.Og`pa.`.`&[
:2018E0008DB38370C1F78DB30895CF93C82FF3DF60E070E180E090E099DB882331F08DB314 // 018e0> .3.pAw.3..O.H/s_``pa.`.`.[.#1p.3
:201900008C1303C081E0CF91089580E004DC8823D1F3CC23B9F38C2FCF91FDCB80E0E5DFB6 // 01900> ...@.`O....`.\.#QsL#9s./O.}K.`e_
:2019200090E0089580E0E1CFCF92DF92EF92FF926B017C0188E0D9DF882371F04FEFC7018B // 01920> .`...`aOO._.o...k.|..`Y_.#qpOoG.
:20194000B601CCDB882341F0C6DF837729F4FF90EF90DF90CF90E6CF80E0FF90EF90DF9023 // 01940> 6.L[.#ApF_.w)t..o._.O.fO.`..o._.
:20196000CF90089566E070E180E090E05FDB8DB38370C1F78DB30895F5DF982F937781E0FC // 01960> O...f`pa.`.`_[.3.pAw.3..u_./.w.`
:2019800009F080E00895CF93C82FECDF60E070E180E090E04BDB882331F08DB38C1303C038 // 01980> .p.`..O.H/l_``pa.`.`K[.#1p.3...@
:2019A00081E0CF91089580E0B6DB8823D1F3CC23B9F38C2FCF91AFCB80E0E5DF90E0089508 // 019a0> .`O....`6[.#QsL#9s./O./K.`e_.`..
:2019C00080E0E1CF8FE0DFDF8FE1DDDF80E0DBDF90E00895F7CFCF92DF92EF92FF92CF936B // 019c0> .`aO.`__.a]_.`[_.`..wOO._.o...O.
:2019E000DF936B017C01EA0180E0CDDF882389F0AE01C701B601BFDB882359F085E0C3DFAE // 019e0> _.k.|.j..`M_.#.p..G.6.?[.#Yp.`C_
:201A0000882339F0DF91CF91FF90EF90DF90CF90B3CF80E0DF91CF91FF90EF90DF90CF90B8 // 01a00> .#9p_.O...o._.O.3O.`_.O...o._.O.
:201A20000895CF92DF92EF92FF92CF93DF936B017C01EA0180E0A7DF882389F0AE01C701FC // 01a20> ..O._.o...O._.k.|.j..`'_.#.p..G.
:201A4000B6010EDB882359F085E09DDF882339F0DF91CF91FF90EF90DF90CF908DCF80E0D5 // 01a40> 6..[.#Yp.`._.#9p_.O...o._.O..O.`
:201A6000DF91CF91FF90EF90DF90CF900895CF92DF92EF92FF926B017C0188E084DF8823DA // 01a60> _.O...o._.O...O._.o...k.|..`._.#
:201A800071F04FEFC701B60129DB882341F06ADF837729F4FF90EF90DF90CF9091CF80E04C // 01a80> qpOoG.6.)[.#Apj_.w)t..o._.O..O.`
:201AA000FF90EF90DF90CF90089562E070E180E090E0BCDA8DB38370C1F78DB30895F5DF18 // 01aa0> ..o._.O...b`pa.`.`<Z.3.pAw.3..u_
:201AC00084E029DBF2DF80E026DB90E00895CF93C82FEBDF60E070E180E090E0A7DA8823AF // 01ac0> .`)[r_.`&[.`..O.H/k_``pa.`.`'Z.#
:201AE00031F08DB38C1303C081E0CF91089580E012DB8823D1F3CC23B9F38C2FCF910BCB7D // 01ae0> 1p.3...@.`O....`.[.#QsL#9s./O..K
:201B000080E0E5DF90E0089580E0E1CFCF92DF92EF92FF926B017C0188E0D9DF882371F08B // 01b00> .`e_.`...`aOO._.o...k.|..`Y_.#qp
:201B20004FEFC701B601DADA882341F0BEDF837729F4FF90EF90DF90CF90E6CF80E0FF9024 // 01b20> OoG.6.ZZ.#Ap>_.w)t..o._.O.fO.`..
:201B4000EF90DF90CF90089590E080E0089590E080E0089590E080E0089598E087FF1BC07B // 01b40> o._.O....`.`...`.`...`.`...`...@
:201B6000089A20910B0A20FFFCCF0A9A880F20910B0A216020930B0A1399816020910B0A76 // 01b60> .. ... .|O.... ...!` ......` ...
:201B800020FFFCCF0A9820910B0A216020930B0A915021F708950898E4CFDC01ED91FC91D9 // 01b80>  .|O.. ...!` ....P!w....dO\.m.|.
:201BA0000190F081E02D09948F929F92AF92BF92CF92DF92EF92FF920F931F93CF93DF9389 // 01ba0> ..p.`-....../.?.O._.o.......O._.
:201BC0005A01922E832E7C01D0E0C0E06B0181E0C81AD108672BB9F1F70111917F01812FDE // 01bc0> Z.....|.P`@`k..`H.Q.g+9qw....../
:201BE00082958F7060E3680F6A3310F067E3680F82ED90E6D2DF1F7060E3610F6A3310F042 // 01be0> ...p`ch.j3.pgch..m.fR_.p`ca.j3.p
:201C000067E3610F82ED90E6C8DFC114D104A1F02196AC16BD0691F4092D182DF80161911C // 01c00> gca..m.fH_A.Q.!p!.,.=..t.-.-x.a.
:201C20008F01662339F082ED90E6B7DFEC01892BA9F702C0D0E0C0E0B601C8CF6AE382ED8A // 01c20> ..f#9p.m.f7_l..+)w.@P`@`6.HOjc.m
:201C400090E6ABDFF9CF82ED90E6DF91CF911F910F91FF90EF90DF90CF90BF90AF909F901E // 01c40> .f+_yO.m.f_.O.......o._.O.?./...
:201C60008F900895CF93DF93EC016DE096DF6AE0CE0193DFCE01DF91CF910895CF93DF938A // 01c60> ....O._.l.m`._j`N.._N._.O...O._.
:201C8000CDB7DEB72E97CDBFDEBF8CEC96E089879A871B861C8682E08C8382ED90E68D8771 // 01c80> M7^7..M?^?.l.`.........`...m.f..
:201CA0009E87AE01495E5F4F6D897E89CE0101960E94873282ED90E62E96CDBFDEBFDF91FB // 01ca0> ....I^_Om.~.N......2.m.f..M?^?_.
:201CC000CF910895CF93CFB7F89481E18093E20580E880931604069A80E2809304082091D0 // 01cc0> O...O.O7x..a..b..h.......b.... .
:201CE00084633091856350E040E060E27EE480E090E00E946B35DA01C9010196A11DB11D86 // 01ce0> .c0..cP`@``b~d.`.`..k5Z.I...!.1.
:201D0000B595A7959795879536E0880F991FAA1FBB1F3A95D1F7009721E0A207B10520F04F // 01d00> 5.'.....6`....*.;.:.Qw..!`".1. p
:201D20008FEF9FEFA0E0B0E080349105A105B10520F480E490E0A0E0B0E0809308089093A3 // 01d20> .o.o `0`.4..!.1. t.d.` `0`......
:201D400009088BE6809307088AE08093050880E88093060880910808909109089F938F9325 // 01d40> ...f.....`.....h................
:201D600083E89CE09F938F9382ED90E69F938F9385DFCFBF0F900F900F900F900F900F9043 // 01d60> .h.`.....m.f....._O?............
:201D8000CF9108950F931F93CF93C82F8B011F928F938DEC9AE09F938F9382ED90E69F93DC // 01d80> O.......O.H/.......l.`.....m.f..
:201DA0008F936CDF10922A0A8FE08093000A980136952795A9014250510940930A0B5093D3 // 01da0> ..l_..*..`......6.'.).BPQ.@...P.
:201DC0000B0B00930C0B20930D0B8093000BC09382630F900F900F900F900F900F90CF9108 // 01dc0> ...... .......@..c............O.
:201DE0001F910F91089580918263823021F060E270E082E0C7CF089580918263813029F155 // 01de0> .........c.0!p`bp`.`GO.....c.0)q
:201E000083EC9AE09F938F9382ED90E69F938F9335DF84EC8093260A82E680932A0A9FE057 // 01e00> .l.`.....m.f....5_.l..&..f..*..`
:201E20009093000A10920A0B10920B0B95EC90930C0B80930D0B85E08093000B81E0809329 // 01e20> .............l.........`.....`..
:201E400082630F900F900F900F900895BF92CF92DF92EF92FF920F931F93CF93DF9300D057 // 01e40> .c..........?.O._.o.......O._..P
:201E600000D0CDB7DEB7C090CB60D090CC60E090CD60F090CE60FF92EF92DF92CF928CEBCC // 01e60> .PM7^7@.K`P.L``.M`p.N`..o._.O..k
:201E80009CE09F938F9382ED90E69F938F93F6DECDBFDEBFC114D104E104F10431F430E87B // 01e80> .`.....m.f....v^M?^?A.Q.a.q.1t0h
:201EA000C32E35E2D32EE12CF12C60E078E689E899E0A70196010E944935DA01C9010196CC // 01ea0> C.5bS.a,q,``xf.h.`'.....I5Z.I...
:201EC000A11DB11D6C017D01F694E794D794C79420E6C216D104E104F10408F077C06C0197 // 01ec0> !.1.l.}.v.g.W.G. fB.Q.a.q..pw@l.
:201EE0007D01E894C0F89AECB92EFF92EF92DF92CF9283EB9CE09F938F9302ED10E61F930A // 01ee0> }.h.@x.l9...o._.O..k.`.....m.f..
:201F00000F93BCDECDBFDEBFD701C60180549109A109B109803C9F4FA105B10508F05BC0D2 // 01f00> ..<^M?^?W.F..T..!.1..<.O!.1..p[@
:201F20009091D160955040912A6050912B6060912C6070912D6049835A836B837C83E09191 // 01f20> ..Q`.P@.*`P.+``.,`p.-`I.Z.k.|.`.
:201F4000D060E370EC0FFD2FF11D81812091CF60211128E0822B943008F03BC0890F9FB75B // 01f40> P`cpl.}/q... .O`!.(`.+.0.p;@...7
:201F6000F89422E12093E20520E220930408C0920808D09209088093070880E880930508F8 // 01f60> x."a .b. b ...@...P........h....
:201F8000B0920608F19A9FBF86EA9CE09F938F9382ED90E69F938F9371DE0E94D8060F9021 // 01f80> 0...q..?.j.`.....m.f....q^..X...
:201FA0000F900F900F908EB38F738EBBA698F09B1AC02496CDBFDEBFDF91CF911F910F9112 // 01fa0> .......3.s.;&.p..@$.M?^?_.O.....
:201FC000FF90EF90DF90CF90BF9016CF88ECB82E8CCF8D5FC4CF8AE99CE09F938F931F93C8 // 01fc0> ..o._.O.?..O.l8..O._DO.i.`......
:201FE0000F934CDEDCCF2496CDBFDEBFDF91CF911F910F91FF90EF90DF90CF90BF90F3CE7B // 01fe0> ..L^\O$.M?^?_.O.......o._.O.?.sN
:20200000F19B04C0F39B02C021DFF49AF3980895F9991DC069E070E083E590E698DB882366 // 02000> q..@s..@!_t.s...y..@i`p`.e.f.[.#
:20202000C9F083DB8823B1F0F99A8DB31F928F9384EA9AE09F938F9382ED90E69F938F9322 // 02020> Ip.[.#1py..3.....j.`.....m.f....
:202040001DDE0F900F900F900F900F900F9081E090E008958DB31F928F9385EB9AE09F932E // 02040> .^.............`.`...3.....k.`..
:202060008F9382ED90E69F938F9308DE0F900F900F900F900F900F9090E080E0089587E889 // 02060> ...m.f.....^.............`.`...h
:202080009AE09F938F9382ED90E69F938F93F6DD8091846390918563845F914080938463B7 // 02080> .`.....m.f....v]...c...c._.@...c
:2020A000909385630F900F900F900F90843F914020F008DE01DC90E0089590E080E00895B8 // 020a0> ...c.........?.@ p.^.\.`...`.`..
:2020C000CF92DF92EF92FF920F931F93CF93DF93C0910E61C0900F61D0901061E0901161C1 // 020c0> O._.o.......O._.@..a@..aP..a`..a
:2020E000F09012618C2F81DAC60ED71EE81EF91E0091136110911461C0920F60D092106043 // 020e0> p..a./.ZF.W.h.y....a...a@..`P..`
:20210000E0921160F092126098012150310920930B6030930C6024E620930D60FF92EF921B // 02100> `..`p..`..!P1. ..`0..`$f ..`..o.
:20212000DF92CF921F930F9386E79AE09F938F9382ED90E69F938F93A1DD2DDB8DB79EB7E6 // 02120> _.O......g.`.....m.f....!]-[.7.7
:202140000A968DBF9EBFC03C09F43FC0C03B09F47AC0C13C09F477C0C23209F478C0C13BB6 // 02140> ...?.?@<.t?@@;.tz@A<.tw@B2.tx@A;
:2021600009F475C0C43C09F472C0C53C09F473C0C23B31F088E0C33B21F090E080E006C0A2 // 02160> .tu@D<.tr@E<.ts@B;1p.`C;!p.`.`.@
:202180008CE442DB81110BC080E090E0DF91CF911F910F91FF90EF90DF90CF90089565E0A7 // 02180> .dB[...@.`.`_.O.......o._.O...e`
:2021A00070E08EE090E6D3DA882371F364E070E08AE090E6CCDA882339F3B80188E191E6A5 // 021a0> p`.`.fSZ.#qsd`p`.`.fLZ.#9s8..a.f
:2021C000C6DA882309F3E7DAE0CFD3E286E2C5E21BDB8823C9F201DB8823B1F2DCDA88239D // 021c0> FZ.#.sgZ`OSb.bEb.[.#Ir.[.#1r\Z.#
:2021E00099F28D2F11DB882379F265E070E08EE090E6ADDA882309F4C7CF64E070E08AE05A // 021e0> .r./.[.#yre`p`.`.f-Z.#.tGOd`p`.`
:2022000090E6A5DA882309F4BFCFB80188E191E69EDA882309F4B8CF8C2FF6DA882309F420 // 02200> .f%Z.#.t?O8..a.f.Z.#.t8O./vZ.#.t
:20222000B3CF65E070E08EE090E691DA882309F4ABCF84E60E94D907882309F4A5CF8FEF90 // 02220> 3Oe`p`.`.f.Z.#.t+O.f..Y..#.t%O.o
:202240000E94D907BECFD3E286E2CDE2C1CFD3E386E3C5E3BDCFD3E286E2CAE1B9CFCF920F // 02240> ..Y.>OSb.bMbAOSc.cEc=OSb.bJa9OO.
:20226000DF92EF92FF920F931F93CF93DF93C0900F61D0901061E0901161F090126180913C // 02260> _.o.......O._.@..aP..a`..ap..a..
:202280000E61B3D9C60ED71EE81EF91EC0911361D0911461FF92EF92DF92CF92DF93CF930A // 02280> .a3YF.W.h.y.@..aP..a..o._.O._.O.
:2022A00085E69AE09F938F9382ED90E69F938F93E5DC83E4A9DAEDB7FEB73A96EDBFFEBF6F // 022a0> .f.`.....m.f....e\.d)Zm7~7:.m?~?
:2022C000882309F45AC0C130D10511F5C0920660D0920760E0920860F092096065E070E094 // 022c0> .#.tZ@A0Q..u@..`P..``..`p..`e`p`
:2022E00085E090E634DA882309F447C00CDA882309F443C08DB380930E6182E090E0DF91B1 // 022e0> .`.f4Z.#.tG@.Z.#.tC@.3...a.`.`_.
:20230000CF911F910F91FF90EF90DF90CF900895C0920F60D0921060E0921160F09212602A // 02300> O.......o._.O...@..`P..``..`p..`
:20232000CE01019780930B6090930C6084E280930D6065E070E08EE090E609DA8823E9F063 // 02320> N......`...`.b...`e`p`.`.f.Z.#ip
:2023400064E070E08AE090E602DA8823B1F0CFD907E011E69E01295F3E4979010E94C707C3 // 02340> d`p`.`.f.Z.#1pOY.`.f..)_>Iy...G.
:20236000882359F08DB3F80187830F5F1F4F0E151F05A1F7CE010196C2CF90E080E0BFCF16 // 02360> .#Yp.3x...._.O....!wN...BO.`.`?O
:202380000F931F93CF93DF93EC0180910B0A80FFFCCF80910B0A816080930B0A1FB7F89427 // 02380> ....O._.l.......|O.....`.....7x.
:2023A0008881DBDB8093DE608981D7DB8093DF608A81D3DB8093E0608B81CFDB8093E160E9 // 023a0> ..[[..^`..W[.._`..S[..``..O[..a`
:2023C0001FBFF8992DC083EB90E09F938F9302ED10E61F930F9352DC26EA30E650E040E092 // 023c0> .?x.-@.k.`.....m.f....R\&j0fP`@`
:2023E00064E070E0CE01E0DB3DDC8FEA90E09F938F931F930F9342DC26EA30E650E040E081 // 023e0> d`p`N.`[=\.j.`........B\&j0fP`@`
:2024000064E070E08EED90E6CFDB2DB73EB7285F3F4F2DBF3EBFDF91CF911F910F9122CCA8 // 02400> d`p`.m.fO[-7>7(_?O-?>?_.O....."L
:20242000DF91CF911F910F9108958DE091E6A8DF81E090E008958EE091E6A2DFA7E0B1E682 // 02420> _.O........`.f(_.`.`...`.f"_'`1f
:202440001696EC911697F0E0E352FF49808117968C93179718961C9282E090E00895CF93B1 // 02440> ..l...p`cR.I.............`.`..O.
:20246000DF93C0E0DCE018821092040C8EEA94E68093060C9093070C81E08093010C8EB333 // 02460> _.@`\`.......j.f.........`.....3
:20248000807C8EBB1FBA1CBA1092A3641092A4641092A2641092A1641092A06410929F645B // 02480> .|.;.:.:..#d..$d.."d..!d.. d...d
:2024A0004AE450E06CEC7CE086EA94E60E947E3210929E64E6E8F3E681EA808780E28187A7 // 024a0> JdP`ll|`.j.f..~2...dfhsf.j...b..
:2024C0001286138681E090E08487958782E090E086879787108A118A83E88883DF91CF915B // 024c0> .....`.`.....`.`.........h.._.O.
:2024E00008958AE18A95F1F700C08FB7F89410920608109205081CBA1DBA95E19093E205AF // 024e0> ...a..qw.@.7x..........:.:.a..b.
:20250000F1988FBF88E08093120402980398089580918263843021F06CE070E084E032DCB8 // 02500> q..?.`.............c.0!pl`p`.`2\
:20252000809106088111DDDF00980198029880918363833019F4049A069808950498FCCF6C // 02520> ......]_.........c.0.t........|O
:20254000CF93DF93E2E1F1E03197F1F700C00000C1E0D0E002C0CC0FDD1F8A95E2F70E941F // 02540> O._.baq`1.qw.@..A`P`.@L.]...bw..
:2025600004088DB390E08C239D23892BC1F781E0DF91CF910895CF93DF93E2E1F1E03197C6 // 02560> ...3.`.#.#.+Aw.`_.O...O._.baq`1.
:20258000F1F700C00000C1E0D0E002C0CC0FDD1F8A95E2F70E9404088DB390E08C239D23E4 // 02580> qw.@..A`P`.@L.]...bw.....3.`.#.#
:2025A000892BC1F381E0DF91CF910895CF93DF93E2E1F1E03197F1F700C00000C1E0D0E0BC // 025a0> .+As.`_.O...O._.baq`1.qw.@..A`P`
:2025C00002C0CC0FDD1F8A95E2F70E940D088DB390E08C239D23892BC1F381E0DF91CF91FB // 025c0> .@L.]...bw.....3.`.#.#.+As.`_.O.
:2025E0000895CF93C82F89E89BE09F938F9382ED90E69F938F9342DB6AE070E083E690E6D6 // 025e0> ..O.H/.h.`.....m.f....B[j`p`.f.f
:202600000E94EA070F900F900F900F90811103C080E0CF91089584E0C9DF8823C9F3CC2397 // 02600> ..j............@.`O....`I_.#IsL#
:20262000C1F366E070E087E990E6CF910C94EA07F9992CC081E0D5DF882359F182E191E01D // 02620> Asf`p`.i.fO...j.y.,@.`U_.#Yq.a.`
:202640000197F1F700C000000E940D08EC99FCCF0E940408882341F0E89906C0F99AE0915E // 02640> ..qw.@......l.|O.....#Aph..@y.`.
:202660007A63F0917B6309958DB31F928F938CE79CE09F938F9382ED90E69F938F93FEDA19 // 02660> zcp.{c...3.....g.`.....m.f....~Z
:202680000F900F900F900F900F900F9081E090E0089590E080E00895BF92CF92DF92EF9201 // 02680> .............`.`...`.`..?.O._.o.
:2026A000FF920F931F93CF93DF93F8990CC010E0812FDF91CF911F910F91FF90EF90DF90C7 // 026a0> ......O._.x..@.`./_.O.......o._.
:2026C000CF90BF90089580910E61853C81F700913D6310913E638091136190911461081749 // 026c0> O.?......a.<.w..=c..>c...a...a..
:2026E000190729F7C0900F61D0901061E0901161F090126180914763909148638C159D056A // 026e0> ..)w@..aP..a`..ap..a..Gc..Hc....
:20270000B1F60E94D8061F930F93FF92EF92DF92CF9282E19CE09F938F93C2EDD0E6DF9350 // 02700> 1v..X.......o._.O..a.`....BmPf_.
:20272000CF93ACDA8091D4609091D5600E94BF0782ED9BE09F938F93DF93CF939FDA6AE0D9 // 02720> O.,Z..T`..U`..?..m.`...._.O..Zj`
:2027400070E087E790E60E94EA072DB73EB7225F3F4F2DBF3EBF882309F4A9CF85E026DF57 // 02740> p`.g.f..j.-7>7"_?O-?>?.#.t)O.`&_
:20276000882309F4A4CF66E070E087E990E60E94EA07882309F49BCF82E0FDDE8DB39DB350 // 02760> .#.t$Of`p`.i.f..j..#.t.O.`}^.3.3
:2027800086958695BB24B3948B2581701F928F931F929F9382E09CE09F938F93DF93CF9380 // 02780> ....;$3..%.p.........`.`...._.O.
:2027A0006DDA8091D4609091D5600E94BF07A801C701B6010E94300883EF91E00197F1F76A // 027a0> mZ..T`..U`..?.(.G.6...0..o.`..qw
:2027C00000C0000063E070E084E890E60E94EA0782E0B6DE8DB39DB3869586958B258170D4 // 027c0> .@..c`p`.h.f..j..`6^.3.3.....%.p
:2027E0001F928F931F929F9382EF9BE09F938F93DF93CF9343DA8091D4609091D5600E94B5 // 027e0> .........o.`...._.O.CZ..T`..U`..
:20280000BF0763E070E081E890E60E94EA078DB79EB740968DBF9EBFF9990FC066E070E0DE // 02800> ?.c`p`.h.f..j..7.7@..?.?y..@f`p`
:2028200087E990E6DF91CF911F910F91FF90EF90DF90CF90BF900C94EA0781E0D2DE182F7E // 02820> .i.f_.O.......o._.O.?...j..`R^./
:20284000882361F383E097DE8DB31F928F938DED9BE09F938F93DF93CF9310DA0F900F9049 // 02840> .#as.`.^.3.....m.`...._.O..Z....
:202860000F900F900F900F9023CF4F925F926F927F92AF92BF92CF92DF92EF92FF920F93EE // 02860> ........#OO._.o.../.?.O._.o.....
:202880001F93CF93DF9300D000D0CDB7DEB7F99914C002DF90E02496CDBFDEBFDF91CF918F // 02880> ..O._..P.PM7^7y..@._.`$.M?^?_.O.
:2028A0001F910F91FF90EF90DF90CF90BF90AF907F906F905F904F90089580910E61C09015 // 028a0> ......o._.O.?./...o._.O......a@.
:2028C0000F61D0901061E0901161F0901261960100911361109114619EE4980F923008F04D // 028c0> .aP..a`..ap..a.....a...a.d...0.p
:2028E00046C087E0E82E81E6F82EC901875091466C01C7018750914680179107B0F5F701A1 // 028e0> F@.`h..fx.I..P.Fl.G..P.F....0uw.
:20290000818990E089839A83C6018E0D9F1D8B839C83CBD8CE0101965C0166E070E180E06C // 02900> ...`....F.........KXN...\.f`pa.`
:2029200090E0F50141915F012B013C01FFEF4F1A5F0A6F0A7F0A0E946E08811102C080E008 // 02920> .`u.A._.+.<..oO._.o.....n....@.`
:20294000A9CFC301B2016A3020E172078105910541F787E00E948B08882389F3A6D89FEF51 // 02940> )OC.2.j0 ar.....Aw.`.....#.s&X.o
:20296000E91AF90A877029F2EACF81E093CF823221F09CE3980F923060F497D8C701B601D4 // 02960> i.y..p)rjO.`.O.2!p.c...0`t.XG.6.
:2029800088279927A8010E94BB0881111DC090E024C0803B11F0803C11F5609125637091FF // 02980> .'.'(...;....@.`$@.;.p.<.u`.%cp.
:2029A0002663C60ED71EF12CE12CC701B6010E94BE0A882321F079D884E00E948B0875D8BF // 029a0> &cF.W.q,a,G.6...>..#!pyX.`....uX
:2029C000A801C701B601DFCF83E00E948B088823F1F26BD8877091E0D1F6892F5BCFC701DF // 029c0> (.G.6._O.`.....#qrkX.p.`Qv./[OG.
:2029E000B60188279927A8010E94BB0853CFCF92DF92EF92FF92CF93DF93F99909C04CDE44 // 029e0> 6..'.'(...;.SOO._.o...O._.y..@L^
:202A000090E0DF91CF91FF90EF90DF90CF90089580910E61C0900F61D0901061E09011610A // 02a00> .`_.O...o._.O......a@..aP..a`..a
:202A2000F0901261C0911361D0911461823231F09EE4980F923010F0843C91F483E147D880 // 02a20> p..a@..aP..a.21p.d...0.p.<.t.aGX
:202A4000811102C080E0DCCFAE01C701B6010E9491088823B9F329D88377A1F755D8D0CFF8 // 02a40> ...@.`\O..G.6......#9s)X.w!wUXPO
:202A6000803C11F0853CC9F4C701B6010E94BE0A882319F0C701B60149D882E028D88823D1 // 02a60> .<.p.<ItG.6...>..#.pG.6.IX.`(X.#
:202A800009F3AE01C701B6010E9491088823D1F20CD88377B9F638D8B3CF803B11F580E81B // 02a80> .s..G.6......#Qr.X.w9v8X3O.;.u.h
:202AA000E80EF11CFA9909C0C701B6010E94BE0A882319F0C701B60129D882E008D88823AD // 02aa0> h.q.z..@G.6...>..#.pG.6.)X.`.X.#
:202AC00009F4C0CFAE01C701B6010E943008882309F4B8CF0E94550D837709F0B3CF14D8CE // 02ac0> .t@O..G.6...0..#.t8O..U..w.p3O.X
:202AE0008FCFAE01C701B6010E94BB0889CFCF92DF92EF92FF92CF93DF93F99909C0CCDDD1 // 02ae0> .O..G.6...;..OO._.o...O._.y..@L]
:202B000090E0DF91CF91FF90EF90DF90CF90089580910E61C0900F61D0901061E090116109 // 02b00> .`_.O...o._.O......a@..aP..a`..a
:202B2000F0901261C0911361D0911461823231F09EE4980F923010F0843CB1F480E10E94DF // 02b20> p..a@..aP..a.21p.d...0.p.<1t.a..
:202B4000C30C811102C080E0DBCFAE01C701B6010E94BB088823B9F385E10E94C30C8823DC // 02b40> C....@.`[O..G.6...;..#9s.a..C..#
:202B600091F30E94BC0CCCCF803C11F0853C31F4AE01C701B6010E94EB0CC2CF803B41F4E1 // 02b60> .s..<.LO.<.p.<1t..G.6...k.BO.;At
:202B8000C701B60180589F4FAE010E94110DB8CFAE01C701B6010E94BB08B2CFCF92DF9214 // 02b80> G.6..X.O......8O..G.6...;.2OO._.
:202BA000EF92FF92CF93DF93F99909C075DD90E0DF91CF91FF90EF90DF90CF9008958091B8 // 02ba0> o...O._.y..@u].`_.O...o._.O.....
:202BC0000E61C0900F61D0901061E0901161F0901261C0911361D0911461823231F09EE42E // 02bc0> .a@..aP..a`..ap..a@..aP..a.21p.d
:202BE000980F923010F0843CA9F483E10E94C30C811102C080E0DBCFAE01C701B6010E940C // 02be0> ...0.p.<)t.a..C....@.`[O..G.6...
:202C000091088823B9F30E94B20C837799F70E94E00CCDCF803C11F0853CE9F4C701B601D6 // 02c00> ...#9s..2..w.w..`.MO.<.p.<itG.6.
:202C20000E94BE0A882321F0C701B6010E94370D82E00E94C30C8823E9F2AE01C701B60182 // 02c20> ..>..#!pG.6...7..`..C..#ir..G.6.
:202C40000E9491088823B1F20E94B20C837791F60E94E00CACCF803B29F580E8E80EF11CBD // 02c40> .....#1r..2..w.v..`.,O.;)u.hh.q.
:202C6000FA990AC0C701B6010E94BE0A882321F0C701B6010E94370D82E00E94C30C88236F // 02c60> z..@G.6...>..#!pG.6...7..`..C..#
:202C800009F4B8CFAE01C701B6010E943008882309F4B0CF0E94B20C837709F0ABCF0E9412 // 02c80> .t8O..G.6...0..#.t0O..2..w.p+O..
:202CA000E00C85CFAE01C701B6010E94BB087FCFCF92DF92EF92FF92CF93DF93F99909C0E0 // 02ca0> `..O..G.6...;..OO._.o...O._.y..@
:202CC000EBDC90E0DF91CF91FF90EF90DF90CF90089580910E61C0900F61D0901061E090F3 // 02cc0> k\.`_.O...o._.O......a@..aP..a`.
:202CE0001161F0901261C0911361D0911461823231F09EE4980F923010F0843CB1F480E04F // 02ce0> .ap..a@..aP..a.21p.d...0.p.<1t.`
:202D00000E94C30C811102C080E0DBCFAE01C701B6010E94BB088823B9F385E10E94C30C23 // 02d00> ..C....@.`[O..G.6...;..#9s.a..C.
:202D2000882391F30E94BC0CCCCF803C11F0853C31F4AE01C701B6010E94EB0CC2CF803BA9 // 02d20> .#.s..<.LO.<.p.<1t..G.6...k.BO.;
:202D400041F4C701B60180589F4FAE010E94110DB8CFAE01C701B6010E94BB08B2CFCF928E // 02d40> AtG.6..X.O......8O..G.6...;.2OO.
:202D6000DF92EF92FF92CF93DF93F99909C094DC90E0DF91CF91FF90EF90DF90CF90089578 // 02d60> _.o...O._.y..@.\.`_.O...o._.O...
:202D800080910E61C0900F61D0901061E0901161F0901261C0911361D0911461823231F0DD // 02d80> ...a@..aP..a`..ap..a@..aP..a.21p
:202DA0009EE4980F923010F0843CA9F483E10E94750C811102C080E0DBCFAE01C701B601B8 // 02da0> .d...0.p.<)t.a..u....@.`[O..G.6.
:202DC0000E9491088823B9F30E946B0C837799F70E94920CCDCF803C11F0853CE9F4C701BF // 02dc0> .....#9s..k..w.w....MO.<.p.<itG.
:202DE000B6010E94BE0A882321F0C701B6010E94940C82E00E94750C8823E9F2AE01C701B3 // 02de0> 6...>..#!pG.6......`..u..#ir..G.
:202E0000B6010E9491088823B1F20E946B0C837791F60E94920CACCF803B29F580E8E80EE6 // 02e00> 6......#1r..k..w.v....,O.;)u.hh.
:202E2000F11CFA990AC0C701B6010E94BE0A882321F0C701B6010E94940C82E00E94750C3D // 02e20> q.z..@G.6...>..#!pG.6......`..u.
:202E4000882309F4B8CFAE01C701B6010E943008882309F4B0CF0E946B0C837709F0ABCF8E // 02e40> .#.t8O..G.6...0..#.t0O..k..w.p+O
:202E60000E94920C85CFAE01C701B6010E94BB087FCFCF93DF9386EC9BE09F938F9382ED59 // 02e60> .....O..G.6...;..OO._..l.`.....m
:202E800090E69F938F930E943E0E0E94D8060F900F900F900F90F99902C080E0A2DB84E9E0 // 02e80> .f......>...X.........y..@.`"[.i
:202EA0009BE09F938F93C2EDD0E6DF93CF930E943E0E6AE070E08DE690E60E94EA070F9067 // 02ea0> .`....BmPf_.O...>.j`p`.f.f..j...
:202EC0000F900F900F90811102C020E071C083E06DDB8823D1F366E070E087E990E60E9458 // 02ec0> .........@ `q@.`m[.#Qsf`p`.i.f..
:202EE000EA07882391F380EC9BE09F938F93DF93CF930E943E0E8FE191EA27E08150904022 // 02ee0> j..#.s.l.`...._.O...>..a.j'`.P.@
:202F00002040E1F700C000008FE191EA27E0815090402040E1F700C000000E94D80685E049 // 02f00>  @aw.@...a.j'`.P.@ @aw.@....X..`
:202F20000FDB80E00DDB8DB31F928F9382EB9BE09F938F93DF93CF930E943E0E82E191E07A // 02f20> .[.`.[.3.....k.`...._.O...>..a.`
:202F40000197F1F700C000008DB79EB70A968DBF9EBF0E940D08EB99FCCF0E9404088823F0 // 02f40> ..qw.@...7.7...?.?....k.|O.....#
:202F600049F0EB9907C081E03CDB882309F4ADCF83E001DB8DB31F928F9380EA9BE09F93C8 // 02f60> Ipk..@.`<[.#.t-O.`.[.3.....j.`..
:202F80008F9382ED90E69F938F930E943E0EFA9AF99AE0917A63F0917B63099521E00F90D6 // 02f80> ...m.f......>.z.y.`.zcp.{c..!`..
:202FA0000F900F900F900F900F90892B09F48DCF822FDF91CF91089580910E61811103C0F6 // 02fa0> ...........+.t.O./_.O......a...@
:202FC00058DF90E0089581E090E00895F5CFF4CF80910E61811103C04CDF90E008958730F4 // 02fc0> X_.`...`.`..uOtO...a...@L_.`...0
:202FE00059F460910F617091106180911161909112610E94860DF1CF81E090E00895809126 // 02fe0> Yt`..ap..a...a...a....qO.`.`....
:203000000E61811103C035DF90E00895873059F460910F61709110618091116190911261DD // 03000> .a...@5_.`...0Yt`..ap..a...a...a
:203020000E94370DF1CF81E090E0089580910E61811103C01EDF90E00895873059F46091A8 // 03020> ..7.qO.`.`.....a...@._.`...0Yt`.
:203040000F617091106180911161909112610E94940CF1CF81E090E00895882349F02FE70D // 03040> .ap..a...a...a....qO.`.`...#Ip/g
:2030600088E391E0215080409040E1F700C000006B98809112048860809312048091130478 // 03060> .c.`!P.@.@aw.@..k......`........
:20308000886080931304809110048860809310048091110488608093110408958823A9F0D3 // 03080> .`.........`.........`.......#)p
:2030A0006B9A90911104977F9093110490911004977F9093100490911204977F909312047F // 030a0> k...............................
:2030C00090911304977F909313046111C6CF0895CF92DF92EF92FF920F931F93CF93DF93B8 // 030c0> ..........a.FO..O._.o.......O._.
:2030E00000D0CDB7DEB71FBA13DAFF9A019A80915563811105C081E08093556380E0ADDFB5 // 030e0> .PM7^7.:.Z......Uc...@.`..Uc.`-_
:2031000083ED90E30197F1F700C000008091236390912463079720F080910D61811102C0CC // 03100> .m.c..qw.@....#c..$c.. p...a...@
:20312000F69B1FC0019880E68093010A1092210A81E08093000AE3EFF1E03197F1F700C0A4 // 03120> v..@...f......!..`....coq`1.qw.@
:203140000000699A82E89BE09F938F9382ED90E69F938F930E943E0EFC9A0F900F900F9099 // 03140> ..i..h.`.....m.f......>.|.......
:203160000F90FFE121EA87E0F15020408040E1F700C000001FB7F89480E18093E20580E840 // 03160> ...a!j.`qP @.@aw.@...7x..a..b..h
:2031800080931204029A80E28093040880E09AE080930808909309088BE6809307088AE0BB // 03180> .......b.....`.`.........f.....`
:2031A0008093050888EC8093060880910808909109089F938F9382E59BE09F938F9382ED0E // 031a0> .....l.................e.`.....m
:2031C00090E69F938F930E943E0E1FBF84E190E00E94990A82EC0E94D9070F900F900F9072 // 031c0> .f......>..?.a.`.....l..Y.......
:2031E0000F900F900F9081110DC090E080E00F900F90DF91CF911F910F91FF90EF90DF90E8 // 031e0> .........@.`.`...._.O.......o._.
:20320000CF90089585E00E94560A882371F38FE80E94D9078823D9F30E94D8078823B9F3F4 // 03200> O....`..V..#qs.h..Y..#Ys..X..#9s
:203220008DB38038A1F7F89AFF988AE7E82E8BE0F82E92EDC92E90E6D92EFF92EF92DF9247 // 03220> .3.8!wx....gh..`x..mI..fY...o._.
:20324000CF920E943E0E03E510E60F900F900F900F90F80181918F010E94D907882329F2E2 // 03240> O...>..e.f........x.......Y..#)r
:20326000F0E60C351F07A9F718E084E190E00E94990A80E80E94D907811103C01150A9F71F // 03260> pf.5..)w.`.a.`.....h..Y....@.P)w
:20328000DCCF0E94D8078823C9F38DB38230B1F719821A8281EC9FE30E94810A882381F191 // 03280> \O..X..#Is.3.01w.....l.c.....#.q
:2032A0000E947B0A882361F18DB38A830E947B0A882311F08DB3898329813A812E3082E950 // 032a0> ..{..#aq.3....{..#.p.3..).:..0.i
:2032C000380739F084E02F3091E9390719F082E001C088E0809305611F928F933F932F9395 // 032c0> 8.9p.`/0.i9..p.`.@.`...a....?./.
:2032E00089E69BE09F938F9382ED90E69F938F930E943E0EF99ACDBFDEBF81E090E077CF96 // 032e0> .f.`.....m.f......>.y.M?^?.`.`wO
:2033000029813A81E4CF04D9FF9A109214040C98049A069A80915563811105C081E08093EF // 03300> ).:.dO.Y..............Uc...@.`..
:20332000556380E09ADE0C9A82E191E00197F1F700C000000E94620E80E190E00E94660B4D // 03320> Uc.`.^...a.`..qw.@....b..a.`..f.
:2033400065E070E08AE490E60E94A70B811105C00E945C0C0E945C0CF3CF0E94830B882398 // 03340> e`p`.d.f..'....@..\...\.sO.....#
:20336000B9F38DB38530A1F78DB31F928F938FE89AE09F938F9382ED90E69F938F930E94E1 // 03360> 9s.3.0!w.3.....h.`.....m.f......
:203380003E0EF89AFF980F900F900F900F900F900F9081E090E0089520918463309185634F // 03380> >.x................`.`.. ..c0..c
:2033A00050E040E060E177E280E090E00E946B35822F632FE32FFF27E7FDFA9591E03097EB // 033a0> P`@``awb.`.`..k5./c/c/.'g}z..`0.
:2033C00091F0C90144E0959587954A95E1F720E13202212D330B1124692F99E0232B19F023 // 033c0> .pI.D`....J.aw a2.!-3..$i/.`#+.p
:2033E0008E2F6F2F9DE01092000A1092010A2FEF280F2093200A2093260A9093000A1F92A9 // 033e0> ./o/.`......../o(. . . .&.......
:203400009F936F938F93809185638F93809184638F938FE191E09F938F9382ED90E69F93D5 // 03400> ..o......c.....c...a.`.....m.f..
:203420008F930E943E0E01988FE99FE00197F1F700C00000019A9FE728E381E091502040DE // 03420> ....>....i.`..qw.@.....g(c.`.P @
:203440008040E1F700C0000084E191E60E94C011E0911361F0E0E352FF498DB79EB70A965A // 03440> .@aw.@...a.f..@.`..ap`cR.I.7.7..
:203460008DBF9EBF9081809112619817F9F001988FE99FE00197F1F700C00000019A9FE785 // 03460> .?.?.....a..yp...i.`..qw.@.....g
:2034800028E381E0915020408040E1F700C0000084E191E60E94C011E0911361F0E0E352EE // 03480> (c.`.P @.@aw.@...a.f..@.`..ap`cR
:2034A000FF499081809112619813FFCF83E08FBB85E191E09F938F9382ED90E69F938F93A5 // 034a0> .I.....a...O.`.;.a.`.....m.f....
:2034C0000E943E0E0F900F900F900F9081E090E00895CF9310925A638FEF9FEFDC01809357 // 034c0> ..>..........`.`..O...Zc.o.o\...
:2034E000566390935763A0935863B093596384EC97E080937A6390937B6387EA9DE0809370 // 034e0> Vc..Wc .Xc0.Yc.l.`..zc..{c.j.`..
:203500007C6390937D638AEA9DE080937E6390937F6384EA9DE080938063909381630E9455 // 03500> |c..}c.j.`..~c...c.j.`...c...c..
:203520008812FF9A0898099880915563811105C081E08093556380E090DD80912363909146 // 03520> ..........Uc...@.`..Uc.`.]..#c..
:203540002463079740F080910E61882321F080910661811102C0F69B34C0C0915463C13090 // 03540> $c..@p...a.#!p...a...@v.4@@.TcA0
:2035600081F11F92CF9382E79CE09F938F9382ED90E69F938F930E943E0E80E68093010AE2 // 03560> .q..O..g.`.....m.f......>..f....
:203580001092210A81E08093000A83EF91E00197F1F700C000000F900F900F900F900F90A2 // 03580> ..!..`.....o.`..qw.@............
:2035A0000F90C1119CC0689A8FE99FE00197F1F700C000001092010A8FE08093000A6898CC // 035a0> ..A..@h..i.`..qw.@.......`....h.
:2035C0006A98009A83ED90E30197F1F700C000000098109BFECFCFB7F89480E18093E205AF // 035c0> j....m.c..qw.@......~OO7x..a..b.
:2035E00080E280930408209184633091856350E040E060E071E782E090E00E946B35DA0132 // 035e0> .b.... ..c0..cP`@```qg.`.`..k5Z.
:20360000C9010196A11DB11DB595A7959795879580349105A105B1050CF466C0009721E08B // 03600> I...!.1.5.'......4..!.1..tf@..!`
:20362000A207B10520F08FEF9FEFA0E0B0E080930808909309088BE2809307088AE080939C // 03620> ".1. p.o.o `0`.........b.....`..
:20364000050888EC8093060880910808909109089F938F93809185638F93809184638F93EC // 03640> ...l...................c.....c..
:203660008BE29CE09F938F9382ED90E69F938F930E943E0ECFBF8DB79EB708968DBF9EBF78 // 03660> .b.`.....m.f......>.O?.7.7...?.?
:203680006BE070E08CE890E60E94EA07882389F10E94C707882369F18DB3853151F562E0FA // 03680> k`p`.h.f..j..#.q..G..#iq.3.1Qub`
:2036A00070E08AE890E60E94EA07811125C09DB38CB31F929F931F928F938BE49CE09F9366 // 036a0> p`.h.f..j...%@.3.3.........d.`..
:2036C0008F9382ED90E69F938F930E943E0E8DB79EB708968DBF9EBF90E080E05CC0C230E3 // 036c0> ...m.f......>..7.7...?.?.`.`\@B0
:2036E00009F062CF6A9A60CF80E490E0A0E0B0E09ECF0E94040AC4CF60E270E08AE593E65F // 036e0> .pbOj.`O.d.` `0`.O....DO`bp`.e.f
:203700000E94FE08882399F28AE593E69F938F93809164631F928F938DE59CE09F938F93A2 // 03700> ..~..#.r.e.f......dc.....e.`....
:2037200082ED90E69F938F930E943E0E809164632DB73EB7285F3F4F2DBF3EBF863369F59C // 03720> .m.f......>...dc-7>7(_?O-?>?.3iu
:203740008EE89CE080937A6390937B6383E09AE080937C6390937D6386E198E180937E63E0 // 03740> .h.`..zc..{c.`.`..|c..}c.a.a..~c
:2037600090937F638FEA96E1809380639093816380915A63EAE5F3E6803211F4EEE5F3E67E // 03760> ...c.j.a...c...c..Zcjesf.2.tnesf
:2037800084E0AEE0B1E601900D928A95E1F7F89AFF9885E090E0CF9108958533A9F48AEEB1 // 03780> .`.`1f......awx....`.`O....3)t.n
:2037A0009CE080937A6390937B6382E09AE080937C6390937D6387EE97E180937E639093C7 // 037a0> .`..zc..{c.`.`..|c..}c.n.a..~c..
:2037C0007F6388E596E1D0CF8433A9F48CED9CE080937A6390937B6383ED99E080937C636F // 037c0> .c.e.aPO.3)t.m.`..zc..{c.m.`..|c
:2037E00090937D638FEF97E180937E6390937F638EEC95E1B9CF8333A9F482EE9CE080930D // 037e0> ..}c.o.a..~c...c.l.a9O.3)t.n.`..
:203800007A6390937B6382ED99E080937C6390937D6386EE97E180937E6390937F6387E79A // 03800> zc..{c.m.`..|c..}c.n.a..~c...c.g
:2038200095E1A2CF8233A9F480E89DE080937A6390937B6384EA99E080937C6390937D639D // 03820> .a"O.3)t.h.`..zc..{c.j.`..|c..}c
:2038400088EE97E180937E6390937F6387EF94E18BCF803309F02BCF8FE59DE080937A63B5 // 03840> .n.a..~c...c.o.a.O.3.p+O.e.`..zc
:2038600090937B6389E799E080937C6390937D638CED97E180937E6390937F6385E394E1A2 // 03860> ..{c.g.`..|c..}c.m.a..~c...c.c.a
:2038800073CFCF92DF92EF92FF920F931F93CF93DF9300D0CDB7DEB78091E2609091E3603A // 03880> sOO._.o.......O._..PM7^7..b`..c`
:2038A00089839A8300910D6110910E61102701271027D0900F611F92DF921F930F93880F5D // 038a0> .......a...a.'.'.'P..a.._.......
:2038C000991F9F938F9381ED90E09F938F9382ED90E69F938F930E943E0ECDBFDEBF37E043 // 038c0> .......m.`.....m.f......>.M?^?7`
:2038E000E32E31E6F32ECD2C6894C3F8C701875091468017910728F5D092DA608A81809353 // 038e0> c.1fs.M,h.CxG..P.F....(uP.Z`....
:20390000DB6089818093DC601092DD608AED90E60E94C0118091E160F7018783C092DA60F4 // 03900> [`....\`..]`.m.f..@...a`w...@.Z`
:203920008AED90E60E94C0118091E160F701808789819A81019689839A83F2E0EF0EF11C15 // 03920> .m.f..@...a`w.............r`o.q.
:20394000D5CFF801E95FFE491782C80101960F900F90DF91CF911F910F91FF90EF90DF9067 // 03940> UOx.i_~I..H......._.O.......o._.
:20396000CF9008952F923F924F925F926F927F928F929F92AF92BF92CF92DF92EF92FF920D // 03960> O.../.?.O._.o......./.?.O._.o...
:203980000F931F93CF93DF93B0900D610091116110911261102701271027E0901361F09040 // 03980> ....O._.0..a...a...a.'.'.'`..ap.
:2039A0001461FE24EF24FE24809105618150990BC5E1D1E62FEFAC0140235123452B79F473 // 039a0> .a~$o$~$...a.P..EaQf/o,.@#Q#E+yt
:2039C0002FEF4C018E209F208114910479F0F801EE0DFF1D2083EFEFEE1AFE0AF2CF0150C9 // 039c0> /oL.. . ....ypx.n... .oon.~.rO.P
:2039E00011093FEFE31AF30A2A93E5CFFF92EF921F930F9382E49BE09F938F9322EDC22E7A // 039e0> ..?oc.s.*.eO..o......d.`...."mB.
:203A000020E6D22EDF92CF920E943E0E26EA30E650E040E0B701CE010E94D40D0E94320E7E // 03a00>  fR._.O...>.&j0fP`@`7.N...T...2.
:203A20008DB79EB708968DBF9EBF91E0B91271C0B12CA12C84E1482E8BE0582E92ED692EAD // 03a20> .7.7...?.?.`9.q@1,!,.aH..`X..mi.
:203A400090E6792EAE14BF0408F0C6C0809105611F928F931F930F935F924F927F926F92C4 // 03a40> .fy...?..pF@...a........_.O...o.
:203A60000E943E0E0E94630A382EEDB7FEB73896EDBFFEBF882399F0C8010E94810A382EC3 // 03a60> ..>...c.8.m7~78.m?~?.#.pH.....8.
:203A8000882369F08DE10E94570A382E882339F088810E946F0A382E81117EC021962090B6 // 03a80> .#ip.a..W.8..#9p....o.8...~@!. .
:203AA000056133E0321548F580E190E00E94990A88810E946F0A811179C02196382298E07B // 03aa0> .a3`2.Hu.a.`........o...y@!.8".`
:203AC00029121BC080E190E00E94990A88810E946F0A6E01811173C0EFEFCE1ADE0A38225A // 03ac0> )..@.a.`........o.n...s@ooN.^.8"
:203AE00080E190E00E94990AF60180810E946F0AE60181116BC0219638220E94630A332086 // 03ae0> .a.`....v.....o.f...k@!.8"..c.3 
:203B0000B9F18823A9F1312C020D131DA20CB31C99CF58016894A0F8BF92AF928CE29BE0CD // 03b00> 9q.#)q1,....".3..OX.h. x?./..b.`
:203B20009F938F93DF92CF920E943E0E0E94630A0F900F900F900F900F900F908823C1F04C // 03b20> ...._.O...>...c..............#Ap
:203B4000C5010E94810A882399F084E10E94570A882371F08FEF0E946F0A882349F00E94AB // 03b40> E......#.p.a..W..#qp.o..o..#Ip..
:203B6000630A882329F080E00E94570A811160CFC401DF91CF911F910F91FF90EF90DF908E // 03b60> c..#)p.`..W...`OD._.O.......o._.
:203B8000CF90BF90AF909F908F907F906F905F904F903F902F9008956E01F2E0CF0ED11CD8 // 03b80> O.?./.......o._.O.?./...n.r`O.Q.
:203BA00089810E946F0A382EE60179CF6E0182E0C80ED11C89810E946F0AE6017FCFF2E08B // 03ba0> ....o.8.f.yOn..`H.Q.....o.f..Or`
:203BC000CF0ED11C89810E946F0A89CF2296F60181810E946F0A90CF80E00E94570A882E5A // 03bc0> O.Q.....o..O".v.....o..O.`..W...
:203BE000912CC6CF0F931F93CF93DF930091106110911161102701271027C0911261D0917B // 03be0> .,FO....O._....a...a.'.'.'@..aP.
:203C00001361DC27CD27DC27DF93CF931F930F9385E09BE09F938F9382ED90E69F938F93A1 // 03c00> .a\'M'\'_.O......`.`.....m.f....
:203C20000E943E0EC8010E94810AEDB7FEB73896EDBFFEBF07E011E6C801875091468C1718 // 03c20> ..>.H.....m7~78.m?~?.`.fH..P.F..
:203C40009D0750F40E947B0A0F5F1F4F8823A9F08DB3F8018683F0CF26EA30E650E040E0BE // 03c40> ..Pt..{.._.O.#)p.3x...pO&j0fP`@`
:203C6000BE018EE091E60E94D40D0E94320ECE01DF91CF911F910F910895D0E0C0E0F7CF99 // 03c60> >..`.f..T...2.N._.O.......P`@`wO
:203C8000CF93DF93C0911061D0911161DC27CD27DC2780910D61813079F5DF93CF9382EFDE // 03c80> O._.@..aP..a\'M'\'...a.0yu_.O..o
:203CA0009AE09F938F9382ED90E69F938F930E943E0E0E94630A0F900F900F900F900F90E5 // 03ca0> .`.....m.f......>...c...........
:203CC0000F90811105C090E080E0DF91CF910895CE0181600E94810A8823A9F380E10E948A // 03cc0> .....@.`.`_.O...N..`.....#)s.a..
:203CE000570A882381F38FEF0E946F0A882359F30E94630A90E0E9CFDF93CF938CED9AE0B6 // 03ce0> W..#.s.o..o..#Ys..c..`iO_.O..m.`
:203D00009F938F9382ED90E69F938F930E943E0E0E94630A0F900F900F900F900F900F905F // 03d00> .....m.f......>...c.............
:203D2000882389F2CE0181600E94810A882359F284E1D5CFDF92EF92FF920F931F93CF9348 // 03d20> .#.rN..`.....#Yr.aUO_.o.......O.
:203D4000DF9300D0CDB7DEB78091E2609091E36089839A8300910D6110910E6110270127BA // 03d40> _..PM7^7..b`..c`.......a...a.'.'
:203D60001027D0900F611F92DF921F930F939F938F9387EB90E09F938F9382ED90E69F9325 // 03d60> .'P..a.._..........k.`.....m.f..
:203D80008F930E943E0ECDBFDEBF87E0E82E81E6F82EC7018750914680179107D8F4D0920D // 03d80> ....>.M?^?.`h..fx.G..P.F....XtP.
:203DA000DA608A818093DB6089818093DC601092DD608AED90E60E94C0118091E160F7018E // 03da0> Z`....[`....\`..]`.m.f..@...a`w.
:203DC000878389819A81019689839A83FFEFEF1AFF0ADFCFF801E95FFE491782C8010196C5 // 03dc0> .............oo..._Ox.i_~I..H...
:203DE0000F900F90DF91CF911F910F91FF90EF90DF900895209141012111FCCF2091480161 // 03de0> ...._.O.......o._... .A.!.|O .H.
:203E000030914901820F931F20914801309149012817390711F0A895F7CF08958FE091E649 // 03e00> 0.I..... .H.0.I.(.9..p(.wO...`.f
:203E20000E94C01180910E6190E08930910510F489E090E0DFDF81E090E00895CF93DF93F3 // 03e20> ..@....a.`.0...t.`.`__.`.`..O._.
:203E4000C42F86FF12C080EF8093DA601092DB601092DC608AED90E60E94C0118091DD60F3 // 03e40> D/...@.o..Z`..[`..\`.m.f..@...]`
:203E600080FDF8CFDF91CF91089585FF47C08091DD608F3F09F442C0D09113618FEE90E029 // 03e60> .}xO_.O.....G@..]`.?.tB@P..a.n.`
:203E80009F938F9382ED90E69F938F930E943E0E26EA30E650E040E064E070E08AED90E6B0 // 03e80> .....m.f......>.&j0fP`@`d`p`.m.f
:203EA0000E94D40D0E94320E0F900F900F900F90D093DA608AED90E60E94C0118091E160D2 // 03ea0> ..T...2.........P.Z`.m.f..@...a`
:203EC0008C17B1F38BEE90E09F938F9382ED90E69F938F930E943E0E26EA30E650E040E0C1 // 03ec0> ..1s.n.`.....m.f......>.&j0fP`@`
:203EE00064E070E08EED90E60E94D40D0F900F900F900F90DF91CF910C94320E862F90E069 // 03ee0> d`p`.m.f..T........._.O...2../.`
:203F0000DF91CF9177CF2F923F924F925F926F927F928F929F92AF92BF92CF92DF92EF92DE // 03f00> _.O.wO/.?.O._.o......./.?.O._.o.
:203F2000FF920F931F93CF93DF9300D0CDB7DEB78091E2609091E36089839A8300910D6100 // 03f20> ......O._..PM7^7..b`..c`.......a
:203F400010910E6110270127102770900F61A090116150901261609015617801F694E79472 // 03f40> ...a.'.'.'p..a ..aP..a`..ax.v.g.
:203F600044244A944E0CB090106125E0B21610F425E0B22E1F930F939F938F9383EF90E0B0 // 03f60> D$J.N.0..a%`2..t%`2..........o.`
:203F80009F938F9382ED90E69F938F930E943E0E87E0C82E81E6D82ECDBFDEBF99E0892E83 // 03f80> .....m.f......>..`H..fX.M?^?.`..
:203FA000912C075F1F4F2A2C689423F892E0C90ED11C8016910640F5A092DA601092DB6022 // 03fa0> .,._.O*,h.#x.`I.Q.....@u .Z`..[`
:203FC000398034203092DC60F60185858093DD608AED90E60E94C0112092DA608A8180931B // 03fc0> 9.4 0.\`v.....]`.m.f..@. .Z`....
:203FE000DB603092DC60F2E08F0E911CF60186858093DD608AED90E60E94C01189819A8195 // 03fe0> [`0.\`r`....v.....]`.m.f..@.....
:20400000019689839A83D2CF5092DA608091E3608093DB60E1948091E260E822E092DC6001 // 04000> ......ROP.Z`..c`..[`a...b`h"`.\`
:204020001092DD608AED90E60E94C011462D6B2D872D04DF81E090E00F900F90DF91CF91C0 // 04020> ..]`.m.f..@.F-k-.-._.`.`...._.O.
:204040001F910F91FF90EF90DF90CF90BF90AF909F908F907F906F905F904F903F902F90EE // 04040> ......o._.O.?./.......o._.O.?./.
:2040600008954F925F926F927F928F929F92AF92BF92CF92DF92EF92FF920F931F93CF9341 // 04060> ..O._.o......./.?.O._.o.......O.
:20408000DF9300D0CDB7DEB78091E2609091E36089839A8300910D6110910E611027012777 // 04080> _..PM7^7..b`..c`.......a...a.'.'
:2040A0001027E0900F61F09010616090116150901261709015611F930F939F938F9384E0C1 // 040a0> .'`..ap..a`..aP..ap..a.........`
:2040C00091E09F938F9382ED90E69F938F930E943E0ECDBFDEBFF80139966F01E0FE56C09F // 040c0> .`.....m.f......>.M?^?x.9.o.`~V@
:2040E000402EF4E0FF1610F444E0F42E26E1822E21E6922E39E0A32EB12C4A94AC14BD047B // 040e0> @.t`...tD`t.&a..!f..9`#.1,J.,.=.
:20410000D0F46092DA601092DB60898184218093DC608FEFA81AB80AF40181914F01809368 // 04100> Pt`.Z`..[`...!..\`.o(.8.t...O...
:20412000DD608AED90E60E94C01189819A81019689839A83E3CF5092DA608091E3608093C8 // 04120> ]`.m.f..@...........cOP.Z`..c`..
:20414000DB6001958091E26008230093DC601092DD608AED90E60E94C011472D6F2D8E2D37 // 04140> [`....b`.#..\`..]`.m.f..@.G-o-.-
:204160006DDE81E090E00F900F90DF91CF911F910F91FF90EF90DF90CF90BF90AF909F902C // 04160> m^.`.`...._.O.......o._.O.?./...
:204180008F907F906F905F904F900895EE0CEE0CEE0CF3E0FF1510F099E0F92E86E1A82ED5 // 04180> ....o._.O...n.n.n.s`...p.`y..a(.
:2041A00081E6B82E09E010E00C151D05D0F66092DA608A818093DB6089818093DC600F5F84 // 041a0> .f8..`.`....Pv`.Z`....[`....\`._
:2041C0001F4FF50181915F018093DD608AED90E60E94C01189819A81019689839A83472D00 // 041c0> .Ou..._...]`.m.f..@...........G-
:2041E0006F2D8E2D2BDEE0CFA89581E391E09F938F9382ED90E69F938F930E943E0E809112 // 041e0> o-.-+^`O(..c.`.....m.f......>...
:20420000E46081508093E4600F900F900F900F90882391F080918463909185639C01369521 // 04200> d`.P..d`.........#.p...c...c..6.
:20422000279536952795821B930B809384639093856381E090E0089590E080E008951F926F // 04220> '.6.'........c...c.`.`...`.`....
:204240000F920FB60F9211242F933F934F935F936F937F938F939F93AF93BF93CF93EF93DA // 04240> ...6...$/.?.O._.o......./.?.O.o.
:20426000FF93C0910108209100088C2F8674B1F4F29977C08EE194E6E091A26431E03E0FBF // 04260> ..@... ..../.t1tr.w@.a.f`."d1`>.
:204280003093A264E80FF92FF11D20838091A264803408F069C08EE180939F648CB3C82BE2 // 04280> 0."dh.y/q. ..."d.4.pi@.a...d.3H+
:2042A000CCBB8091D66481FF4AC080E0E29980E1E1998062E69980641CBAF49B40C0909121 // 042a0> L;..Vd..J@.`b..aa..bf..d.:t.@@..
:2042C0009E648917E1F180939E6491EA90938E6390E290938F63109290631092916321E013 // 042c0> .d..aq...d.j...c.b...c...c...c!`
:2042E00030E0209392633093936322E030E0209394633093956390E080939663909397633D // 042e0> 0` ..c0..c"`0` ..c0..c.`...c...c
:2043000086EC9CE09F938F9382ED90E69F938F930E943E0E26EA30E650E040E06AE070E024 // 04300> .l.`.....m.f......>.&j0fP`@`j`p`
:204320008EE893E60E94D40D0E94320E8091D6640F900F900F900F9081FD0E948607FF9125 // 04320> .h.f..T...2...Vd.........}......
:20434000EF91CF91BF91AF919F918F917F916F915F914F913F912F910F900FBE0F901F9073 // 04340> o.O.?./.......o._.O.?./....>....
:2043600018958EE594E688CF0E94520797CF112462E070E08EEE90E60E945E32109242011B // 04360> ...e.f.O..R..O.$b`p`.n.f..^2..B.
:2043800082E0809343011895CF93DF93CDB7DEB72897CDBFDEBF8D839E836B837C834F83F2 // 04380> .`..C...O._.M7^7(.M?^?....k.|.O.
:2043A000588719821A8289819A81892B11F58EEE90E60E943E32892B21F5E1E4F1E08081A3 // 043a0> X..........+.u.n.f..>2.+!uadq`..
:2043C0008111FDCF80914801909149012F813885820F931F80934C0190934D0182E08093C4 // 043c0> ..}O..H...I./.8.......L...M..`..
:2043E000430180934201ED81FE81099589839A83C5DF89819A812896CDBFDEBFDF91CF91EF // 043e0> C...B.m.~.......E_....(.M?^?_.O.
:204400000895BCDF27ED3AE03F932F93E2EDF0E6FF93EF930E943E0E0F900F900F900F907F // 04400> ..<_'m:`?./.bmpf..o...>.........
:204420008B819C81009729F3FC010995892B09F0BACFDFCFEF92FF920F931F93CF93DF93E7 // 04420> ......)s|....+.p:O_Oo.......O._.
:20444000D0912363D650C0910C61ED2EF12C1F92DF938CEA92E09F938F9302ED10E61F9363 // 04440> P.#cVP@..am.q,.._..j.`.....m.f..
:204460000F930E943E0E0F900F900F900F900F900F90DD2309F484C024EC30E640E150E03A // 04460> ....>.............]#.t.@$l0f@aP`
:20448000B7018DE091E60E94D40D0E94320EC03109F09DC08FE892E09F938F9382ED90E6B2 // 04480> 7..`.f..T...2.@1.p.@.h.`.....m.f
:2044A0009F938F930E943E0E0F900F900F900F90FF993FC01092E2601092E3600E948812A2 // 044a0> ......>...........?@..b`..c`....
:2044C000109282638091E10581608093E1051092C00182E08093CB018AE08093C90191E424 // 044c0> ...c..a..`..a...@..`..K..`..I..d
:2044E0009093C80191E09093C0011092000B10920A0B10920B0B29E020930C0B24E02093D5 // 044e0> ..H..`..@.............)` ...$` .
:204500000D0B27E02093010B9093000B2FE738E391E0215030409040E1F700C00000809391 // 04500> ..'` ......./g8c.`!P0@.@aw.@....
:2045200002048FE08093060485E08093010480E88FBBDB3090F580E880930D61C1E0D0E0F0 // 04520> ...`.....`.....h.;[0.u.h...aA`P`
:20454000DF93CF9389E391E09F938F9382ED90E69F938F930E943E0E24EC30E640E150E0B8 // 04540> _.O..c.`.....m.f......>.$l0f@aP`
:20456000BE016F5F7F4F8CE091E60E94D40D0E94320E0F900F900F900F900F900F90D5C049 // 04560> >.o_.O.`.f..T...2.............U@
:2045800089EA92E09F938F931F930F930E943E0E0F900F900F900F907ACF84E08093E46020 // 04580> .j.`..........>.........zO.`..d`
:2045A00040910D6150E064EF70E28CEC99E1ECDE009709F4C0CFFC01E95FFE491782EC01F6 // 045a0> @..aP`dopb.l.al^...t@O|.i_~I..l.
:2045C0002196029708F479C010920D61B9CFC131C9F585E792E09F938F9382ED90E69F93C5 // 045c0> !....ty@...a9OA1Iu.g.`.....m.f..
:2045E0008F930E943E0E8FB30F900F900F900F90882329F11092000A8FE08093000A8093DD // 045e0> ....>..3.........#)q.....`......
:20460000060480930204109282638091E1058E7F8093E1051092C0011092CB011092C901B6 // 04600> .........c..a.....a...@...K...I.
:204620001092C80181E08093C0011092000B61E00E944E181FBA0E9488120E94260F109256 // 04620> ..H..`..@.....a`..N..:......&...
:204640000F613BC0CD31E1F5C0910D61D0910E61DF93CF938FE592E09F938F9382ED90E699 // 04640> .a;@M1au@..aP..a_.O..e.`.....m.f
:204660009F938F930E943E0E0F900F900F900F900F900F90209749F088EE93E0BE010E9404 // 04660> ......>............. .Ip.n.`>...
:2046800035356093846370938563809185638F93809184638F9384E592E09F938F9382ED18 // 04680> 55`..cp..c...c.....c...e.`.....m
:2046A00090E69F938F930E943E0E10920F610F900F900F900F900F900F90C1E0D0E084CFD2 // 046a0> .f......>....a............A`P`.O
:2046C000CE31D9F5809185638F93809184638F938EE392E09F938F93C2EDD0E6DF93CF9368 // 046c0> N1Yu...c.....c...c.`....BmPf_.O.
:2046E0000E943E0E809184639091856380930D6190930E618DE292E09F938F93DF93CF93AF // 046e0> ..>....c...c...a...a.b.`...._.O.
:204700000E943E0E26EA30E650E040E063E070E08DE091E60E94D40D0E94320E8DB79EB7C0 // 04700> ..>.&j0fP`@`c`p`.`.f..T...2..7.7
:204720000A968DBF9EBFC2E0D0E0CE01DF91CF911F910F91FF90EF900895F99906C080EC80 // 04720> ...?.?B`P`N._.O.......o...y..@.l
:2047400080930D61C1E0D0E0F0CFC63099F460910D6170910E6180910F61909110610E94C1 // 04740> ...aA`P`pOF0.t`..ap..a...a...a..
:2047600087356093E2607093E3607F936F938FE092E093CFC231B1F489EF91E09F938F93D6 // 04760> .5`.b`p.c`..o..`.`.OB11t.o.`....
:2047800082ED90E69F938F930E943E0E40E253E070E060E08EE09FE1F7DD0F900F900F906E // 04780> .m.f......>.@bS`p```.`.aw]......
:2047A0000F9006CFC33189F480EE91E09F938F9382ED90E69F938F930E943E0E40E253E065 // 047a0> ...OC1.t.n.`.....m.f......>.@bS`
:2047C00070E060E083E89FE1E7CFC43189F48AEC91E09F938F9382ED90E69F938F930E9420 // 047c0> p```.h.agOD1.t.l.`.....m.f......
:2047E0003E0E40E253E070E060E081E49CE1D4CFC53189F480EB91E09F938F9382ED90E67B // 047e0> >.@bS`p```.d.aTOE1.t.k.`.....m.f
:204800009F938F930E943E0E40E253E070E060E081E390E2C1CFC63189F489E991E09F9382 // 04800> ......>.@bS`p```.c.bAOF1.t.i.`..
:204820008F9382ED90E69F938F930E943E0E40E253E070E060E08AE99EE1AECFC73141F1B1 // 04820> ...m.f......>.@bS`p```.i.a.OG1Aq
:2048400089EA90E6C93131F1C83109F465C0CA3109F47EC0CB3109F47EC083EB90E6CC31EA // 04840> .j.fI11qH1.te@J1.t~@K1.t~@.k.fL1
:2048600009F45CC01F92CF938BE491E09F938F9382ED90E69F938F930E943E0E89EC809329 // 04860> .t\@..O..d.`.....m.f......>..l..
:204880000D610F900F900F900F900F900F905ACF8EEA90E69F938F9383E891E09F938F9355 // 04880> .a............ZO.j.f.....h.`....
:2048A00082ED90E69F938F930E943E0E40E253E070E060E085E192E167DD10920E610F901F // 048a0> .m.f......>.@bS`p```.a.ag]...a..
:2048C0000F900F900F900F900F90892B19F580E880930D611F9282E08F9381E791E09F93D2 // 048c0> ...........+.u.h...a...`...g.`..
:2048E0008F9382ED90E69F938F930E943E0E24EC30E640E150E063E070E08CE091E60E94E0 // 048e0> ...m.f......>.$l0f@aP`c`p`.`.f..
:20490000D40D0E94320E0F900F900F900F900F900F9009CF80E0DCCF8EEA90E69F938F93F5 // 04900> T...2..............O.`\O.j.f....
:204920008EE591E09F938F9382ED90E69F938F930E943E0E40E253E070E060E08BE192E154 // 04920> .e.`.....m.f......>.@bS`p```.a.a
:2049400023DD0F900F900F900F900F900F9030CE89EA90E6E3CF8AEB90E6E0CF1F920F9218 // 04940> #]............0N.j.fcO.k.f`O....
:204960000FB60F921124F79A0F900FBE0F901F901895E2EDF0E680E298E08283938384EA9C // 04960> .6...$w....>......bmpf.b.`.....j
:2049800090E68083918386E19DE0858396830895CF93DF93CDB7DEB72597CDBFDEBF67E3CC // 04980> .f.....a.`......O._.M7^7%.M?^?gc
:2049A0006CB9639A88E08093120480931304809310048CE0809311048BE08093B60484E8BB // 049a0> l9c..`.............`.....`..6..h
:2049C0008093B2048093740483E28093180493E09093E70589E08093110281E18093120255 // 049c0> ..2...t..b.....`..g..`.....a....
:2049E00082E18093130280E48093140271E47093150254E050932B0225E02093220220935D // 049e0> .a.....d....qdp...T`P.+.%` .". .
:204A0000260236E0309327029093320242E0409331029093CF016093CD0181E08093CC01F8 // 04a00> &.6`0.'...2.B`@.1...O.`.M..`..L.
:204A200066EF6093D7016AE06093D601E3E4E093D5017093D4013093D3016093D2016AE9AA // 04a20> fo`.W.j``.V.cd`.U.p.T.0.S.`.R.ji
:204A40006093D1018093D0018093C0018093030A60E560932C0A40932B0A40932D0A909316 // 04a40> `.Q...P...@.....`e`.,.@.+.@.-...
:204A6000270A47E04093010B63EC74E060931C0B70931D0B8093140B3093110B2093100B38 // 04a60> '.G`@...clt``...p.......0... ...
:204A800024E7209356018093500129E22093400124E120936600809300069093010650935A // 04a80> $g .V...P.)b .@.$a .f.........P.
:204AA00002068AEF809304069093050684E480930B068091080680FDFCCF80E380930A06B1 // 04aa0> ...o.........d.........}|O.c....
:204AC0000E94A90A0E94F30E02ED10E68091D7609091D860FC01A591B4912C91FC0132965E // 04ac0> ..)...s..m.f..W`..X`|.%.4.,.|.2.
:204AE00034913196E49123232E2B2C93FC013496A591B491FC013696E4911196EC93119709 // 04ae0> 4.1.d.##.+,.|.4.%.4.|.6.d...l...
:204B0000FC013796E4911296EC93FC013896A591B49198E0F92EFC92E091D460F091D56061 // 04b00> |.7.d...l.|.8.%.4..`y.|.`.T`p.U`
:204B20008FE990E080879187158283E0878380EC86832FEF3EE944E2215030404040E1F751 // 04b20> .i.`.......`...l../o>iDb!P0@@@aw
:204B400000C0000088E59AE09F938F931F930F930E943E0E81E08F9381E38F938DE28F937E // 04b40> .@...e.`..........>..`...c...b..
:204B60001F928CE49AE09F938F931F930F930E943E0E8EE29AE09F938F931F930F930E94D0 // 04b60> ...d.`..........>..b.`..........
:204B80003E0E1F9286E68F938CE19AE09F938F931F930F930E943E0E8CEF99E09F938F93C5 // 04b80> >....f...a.`..........>..o.`....
:204BA0001F930F930E943E0E8091D4609091D5600E94BF070E94881288ED84BFF092000139 // 04ba0> ......>...T`..U`..?......m.?p...
:204BC0008FEF87BB8093C70178948AEF90E012D9CDBFDEBF80918263833011F00E94F30EE4 // 04bc0> .o.;..G.x..o.`.YM?^?...c.0.p..s.
:204BE0001092030C8091000C0E942F1280EF99E09F938F9382ED90E69F938F930E943E0EA1 // 04be0> ........../..o.`.....m.f......>.
:204C00000F900F900F900F90DD24D39402ED10E6B0E88B2EB5E29B2EA12CB12C4424439431 // 04c00> ........]$S..m.f0h..5b..!,1,D$C.
:204C2000512C1E0195E0290E311CDD2019F0A895DD24D394F0900A0CF0920A0CF7FE14C03D // 04c20> Q,...`).1.] .p(.]$S.p...p...w~.@
:204C400080919F64882381F080919F64815080939F64811109C08091E66481FF05C080911D // 04c40> ...d.#.p...d.P...d...@..fd...@..
:204C6000A26481110E9452078F2D807681F1F09B2CC08091010C8E7F8093010CF098A895F6 // 04c60> "d....R..-.v.qp.,@..........p.(.
:204C8000EFE1F1EA27E0E150F0402040E1F700C000001092000C86EB92E09F938F9382EDB5 // 04c80> oaqj'`aPp@ @aw.@.......k.`.....m
:204CA00090E69F938F930E943E0E8091D4609091D5600E94BF0788ED91E084BF90930001EC // 04ca0> .f......>...T`..U`..?..m.`.?....
:204CC0000F900F900F900F90FFCF6894F4F8F4FE0DC080918263833011F00E94F30E1092F4 // 04cc0> .........Oh.txt~.@...c.0.p..s...
:204CE000030C8091000C81110E942F128091AE6484FF12C1F090866384E0809300028091A7 // 04ce0> ........../....d...Ap..c.`......
:204D0000B0649091B1642091AE6430918D633F9330918C633F9330918B633F9330918A6352 // 04d00> 0d..1d ..d0..c?.0..c?.0..c?.0..c
:204D20003F93309189633F93309188633F93309187631F923F93309186631F923F939F9317 // 04d20> ?.0..c?.0..c?.0..c..?.0..c..?...
:204D40008F931F922F938EE994E09F938F931F930F930E943E0ECDBFDEBFF7FE0E94B307C3 // 04d40> ..../..i.`..........>.M?^?w~..3.
:204D60008F2D807609F06BC28091876381110FC010928E6310928F6382E090E08093B864D7 // 04d60> .-.v.pkB...c...@...c...c.`.`..8d
:204D80009093B9640E94A7070E94B307C0C0813079F580918B638F9380918A638F93809136 // 04d80> ..9d..'...3.@@.0yu...c.....c....
:204DA00089638F93809188638F938FE594E09F938F931F930F930E943E0ECDBFDEBF80910F // 04da0> .c.....c...e.`..........>.M?^?..
:204DC0008863811110C0E0918A63E29580910B0C82FDFCCFF0E0F595E795F595E795E05C27 // 04dc0> .c...@`..cb......}|Op`u.g.u.g.`\
:204DE000F34F8BE080831092B8641092B964CACF8430D9F480918B638F9380918A638F932B // 04de0> sO.`....8d..9dJO.0Yt...c.....c..
:204E0000809189638F93809188638F938FE494E09F938F931F930F930E943E0E1092B8641A // 04e00> ...c.....c...d.`..........>...8d
:204E20001092B964CDBFDEBFADCF8530E1F480918863F82EE894F7F80E94A7078091B6647C // 04e20> ..9dM?^?-O.0at...cx.h.wx..'...6d
:204E400081FFFCCFF092030C1F92FF928FE394E09F938F931F930F930E943E0E1092B864FA // 04e40> ..|Op........c.`..........>...8d
:204E60001092B964B3C1863009F09CC170908C63C0908D638091886390918963913009F001 // 04e60> ..9d3A.0.p.Ap..c@..c...c...c.0.p
:204E8000ACC042E150E060E074E08EE893E60E947E328091001490910114A0910214B0919B // 04e80> ,@BaP```t`.h.f..~2........ ...0.
:204EA00003148F3FFFEF9F07AF07BF0741F08093966390939763A0939863B0939963809125 // 04ea0> ...?.o../.?.Ap...c...c ..c0..c..
:204EC00099638F93809198638F93809197638F93809196638F938BEE93E09F938F931F933B // 04ec0> .c.....c.....c.....c...n.`......
:204EE0000F930E943E0ECDBFDEBF72E1E72EF12C872D9C2DE816F90608F4C70197017C0121 // 04ee0> ....>.M?^?rag.q,.-.-h.y..tG...|.
:204F0000E092B864F092B964232B09F03BCF80910B0C846080930B0C8FB3837021F5F69B01 // 04f00> `.8dp.9d#+.p;O.....`.....3.p!uv.
:204F200078C2B69B20C001988EE290E60E94E5068DE790E00E94FA1E8091E56080931402DD // 04f20> xB6. @...b.f..e..g.`..z...e`....
:204F4000F09B64C20E94FC0E86EC94E09F938F931F930F930E943E0E8EB38F738EBB0F904D // 04f40> p.dB..|..l.`..........>..3.s.;..
:204F60000F900F900F90F09B60CEF19B99C2F39914C08091040885FF10C08091DE6481FF10 // 04f60> ......p.`Nq..Bs..@.......@..^d..
:204F80000CC0F19B0AC02091E0643091E1648091A164821366C20E944107F39B12C08091C6 // 04f80> .@q..@ .`d0.ad..!d..fB..A.s..@..
:204FA000A3649091A4649C012F5F3F4F2230310540F0059708F479C28091D66481FD0E9412 // 04fa0> #d..$d../_?O"01.@p...tyB..Vd.}..
:204FC00086078091CE6481FD77C2F99B2ECEF799D12C8EB38F738EBB28CE923009F4C5C067 // 04fc0> ....Nd.}wBy..Nw.Q,.3.s.;(N.0.tE@
:204FE000963009F4CDC0913209F4D0C0923209F4D3C0811533E0930779F484E080938E63A5 // 04fe0> .0.tM@.2.tP@.2.tS@..3`..yt.`...c
:2050000093E090938F6399E0909390638093916364E0E62EF12C6CCF823043E0940751F110 // 05000> .`...c.`...c...cd`f.q,lO.0C`..Qq
:2050200068F474E3E72EF12C6FE173E08130934081F0F12CE12C70E060E00BC0833098071C // 05020> httcg.q,oas`.0.@.pq,a,p```.@.0..
:20504000F9F048E1E42EF12C61EC72E08430934081F7E0928E6383E080938F63A70142506C // 05040> ypHad.q,alr`.0.@.w`..c.`...c'.BP
:20506000510980E993E6E114F10409F086C030E020E046CF56E4E52EF12C69ED72E0E9CFDC // 05060> Q..i.fa.q..p.@0` `FOVde.q,imr`iO
:205080004091041450910514609106147091071449835A836B837C834F3F8FEF5807680796 // 05080> @...P...`...p...I.Z.k.|.O?.oX.h.
:2050A000780771F5E0E8F0E17F019FEFE91AF90A2081422728E0DB01CA01B695A7959795F2 // 050a0> x.qu`hpa...oi.y. .B'(`[.J.6.'...
:2050C0008795417055276627772770956095509541955F4F6F4F7F4F40725378687B7D7E12 // 050c0> ..ApU'f'w'p.`.P.A._OoO.O@rSxh{}~
:2050E000482759276A277B27215029F7F70120EAE21620E1F206C1F649835A836B837C83BD // 050e0> H'Y'j'{'!P)ww. jb. ar.AvI.Z.k.|.
:2051000086E180938E6383E080938F638DE4809390631092916388E58093926310929363A2 // 05100> .a...c.`...c.d...c...c.e...c...c
:20512000E4E9F3E6DE0111968D91282F30E094E0359527959A95E1F790E3920F9A3310F0DC // 05120> disf^.....(/0`.`5.'...aw.c...3.p
:2051400097E3920F908311828F7090E3980F9A3310F097E3980F9283138234962A163B0692 // 05140> .c.......p.c...3.p.c......4.*.;.
:2051600019F7E6E1EE2EF12CC3CE6BE6E62EF12C66E773E0A7018EE893E60E947E32B8CEFD // 05160> .wfan.q,CNkff.q,fgs`'..h.f..~28N
:205180005AE0E52EF12C61EE73E0F4CF49E0E42EF12C68E873E0EECF33E2E32EF12C63E5FD // 05180> Z`e.q,ans`tOI`d.q,hhs`nO3bc.q,ce
:2051A00073E0E8CF8830C9F48091A06480938E631F928F9383E394E09F938F931F930F9302 // 051a0> s`hO.0It.. d...c.....c.`........
:2051C0000E943E0E4092B8645092B9640F900F900F900F900F900F90D5CD893079F4809161 // 051c0> ..>.@.8dP.9d............UM.0yt..
:2051E00088638093A064F09A0E94FC0E8091A0641F928F9387E294E09F932BCE8A3099F440 // 051e0> .c.. dp...|... d.....b.`..+N.0.t
:205200002EE134E03F932F931F930F930E943E0E10928E634092B8645092B9640F900F90D7 // 05200> .a4`?./.......>....c@.8dP.9d....
:205220000F900F90AFCD8B3009F071CE809189638F93809188638F9382E194E0DDCF80324F // 05220> ..../M.0.pqN...c.....c...a.`]O.2
:2052400009F065CE809187638A3061F4809188639091896399279F938F9322E934E03F930A // 05240> .peN...c.0at...c...c.'...."i4`?.
:205260002F93F8CD803209F040C08091AE6481FFFCCF47E050E06EE873E68BEC90E60E94F9 // 05260> /.xM.2.p@@...d..|OG`P`nhsf.l.f..
:205280009435892B91F08091DE6481FD0E9441070E94881287E0EEE8F3E6ABECB0E6019045 // 05280> .5.+.p..^d.}..A......`nhsf+l0f..
:2052A0000D928A95E1F70E94260F8CE894E09F938F931F930F930E943E0E26EA30E650E0AD // 052a0> ....aw..&..h.`..........>.&j0fP`
:2052C00040E067E070E08BEC90E60E94D40D0E94320EF49A1092A2641092A16410929F6443 // 052c0> @`g`p`.l.f..T...2.t..."d..!d...d
:2052E0001092B8641092B96499CF8132D9F587E0EBECF0E6AEE8B3E601900D928A95E1F7DE // 052e0> ..8d..9d.O.2Yu.`klpf.h3f......aw
:2053000080918E6390918F63A0919063B0919163892B8A2B8B2B59F480928E6390928F639C // 05300> ...c...c ..c0..c.+.+.+Yt...c...c
:20532000A0929063B092916388E08093946326E834E03F932F931F930F930E943E0E26EA98 // 05320>  ..c0..c.`...c&h4`?./.......>.&j
:2053400030E650E040E067E070E08EE893E60E94D40D0E94320E87E090E08093B8649093D3 // 05340> 0fP`@`g`p`.h.f..T...2..`.`..8d..
:20536000B9645CCF823201F5809188639091896399279F938F938AE794E09F938F931F9333 // 05360> 9d\O.2.u...c...c.'.....g.`......
:205380000F930E943E0E809188639091CA600F900F900F900F900F900F9090FD02C080FDB0 // 05380> ....>....c..J`.............}.@.}
:2053A000F79A8093CA601FCD833209F0B0CD809189638F93809188638F932FE634E03F93D0 // 053a0> w...J`.M.2.p0M...c.....c../f4`?.
:2053C0002F931F930F930E943E0E80918863909189638093A3649093A4640F900F900F909E // 053c0> /.......>....c...c..#d..$d......
:2053E0000F900F900F90892B71F0F19B0AC0F39908C0F49810929F648091060881110E948D // 053e0> .......+qpq..@s..@t....d........
:205400007112F39AF0CC0E940010EDCC0E94F30E9BCDF79BA8CDF699A6CD82ED94E09F932C // 05400> q.s.pL....mL..s..Mw.(Mv.&M.m.`..
:205420008F931F930F930E943E0E809114028093E56082E1809314020F900F900F900F9081 // 05420> ........>.......e`.a............
:2054400080918263833029F060E470E083E00E94C20E019A8CE390E60E94E506F69ABE982E // 05440> ...c.0)p`dp`.`..B....c.f..e.v.>.
:2054600082CD4091E0645091E164282F30E0F12C4217530739F08F5F8093A16422523C4943 // 05460> .M@.`dP.ad(/0`q,B.S.9p._..!d"R<I
:20548000F901F0808091E0649091E1642091A1642817190611F40E944107F09202087DCD0E // 05480> y.p...`d..ad .!d(....t..A.p...}M
:2054A0008091DE6481FF79CD76CD1092A3641092A4640E94001085CD90919E6380919F6304 // 054a0> ..^d..yMvM..#d..$d.....M...c...c
:2054C00024E0209300022091C66421FFFCCF903809F0DFC0F82FFF706F2E90E024E095951C // 054c0> $` ... .Fd!.|O.8.p_@x/.po..`$`..
:2054E00087952A95E1F78D83C090A16301972CE3289F7001299FF00C112429E08AEF94E0C7 // 054e0> ..*.aw..@.!c..,c(.p.).p..$)`.o.`
:205500002F1708F4B9C03D81313011F41092E6607090E66073947092E660D12CA60162EA3F // 05500> /..t9@=.10.t..f`p.f`s.p.f`Q,&.bj
:2055200073E6C701895F9E490E94A13581E080939F634D81641611F0E12C0CC0EC0CFD1C5A // 05520> sfG.._.I..!5.`...cM.d..pa,.@l.}.
:20554000E0922363F0922463671094C01092EC60EE24E39480E490E08093C8649093C964A5 // 05540> `.#cp.$cg..@..l`n$c..d.`..Hd..Id
:205560001092CC641092CD6480910B0C82FDFCCF8EEF8093460C1092D0641092D164809174 // 05560> ..Ld..Md.....}|O.o..F...Pd..Qd..
:205580000B0C82FDFCCF8EEF8093480CEE2009F44ECBF0900B6180910C611F928F931F92B4 // 05580> ...}|O.o..H.n .tNKp..a...a......
:2055A000FF92809124638F93809123638F9380910A618F93809109618F9385ED99E09F938F // 055a0> ....$c....#c.....a.....a...m.`..
:2055C0008F931F930F930E943E0ECDBFDEBF31E0F31273C190910C6160900E6170900F6197 // 055c0> ........>.M?^?1`s.sA...a`..ap..a
:2055E00080911061923009F0F6C0E82EF12C1F928F93C72CD12C1F927F921F926F928AE8DC // 055e0> ...a.0.pv@h.q,....G,Q,......o..h
:2056000095E09F938F931F930F930E943E0E89E795E09F938F931F930F930E943E0ECDBF78 // 05600> .`..........>..g.`..........>.M?
:20562000DEBF6110A1C0B6016C587A4FA7018EE091E664D78AE695E09F938F931F930F9362 // 05620> ^?a.!@6.lXzO'..`.fdW.f.`........
:205640000E943E0E26EA30E650E040E0B7018EE091E60E94D40D0E94320E0F900F900F9007 // 05640> ..>.&j0fP`@`7..`.f..T...2.......
:205660000F9084E891E080930C6190930D61C7010196DCC08CEE94E09F938F931F930F930C // 05660> ...h.`...a...aG...\@.n.`........
:205680000E943E0E10929F630F900F900F900F9053CF9138E9F51092A0639091EC6091117F // 05680> ..>....c........SO.8iu.. c..l`..
:2056A0000DC08DED94E09F938F931F930F930E943E0E10929F631092A163E6CF8091ED603C // 056a0> .@.m.`..........>....c..!cfO..m`
:2056C0002CE3829FF0011124E85FFE49A2EAB3E601900D922A95E1F78F5F8093ED60E0E1EB // 056c0> ,c..p..$h_~I"j3f....*.aw._..m``a
:2056E0008E9F90011124292B20939F632091236330912463981751F08CE38093A1632C533A // 056e0> .....$)+ ..c .#c0.$c..Qp.c..!c,S
:205700003109209323633093246316CF822FF5CF91111CC08F3F21F095E0980F923048F4FB // 05700> 1. .#c0.$c.O./uO...@.?!p.`...0Ht
:2057200082E080939F6380E48093A0631092A16303CF813F09F000CF82E080939F6380E899 // 05720> .`...c.d.. c..!c.O.?.p.O.`...c.h
:205740008093A06381E08093A163F6CE923009F4F3CE913031F4882309F4EECE10929F6389 // 05740> .. c.`..!cvN.0.tsN.01t.#.tnN...c
:20576000EBCE9330D9F7E8CE91E069127ACF872D8F7DF9F40E94A90A8093EA609093EB6025 // 05760> kN.0YwhN.`i.zO.-.}yt..)...j`..k`
:205780009F938F938CE595E09F938F931F930F930E943E0E8091EA609091EB6080930E61F0 // 05780> .....e.`..........>...j`..k`...a
:2057A00090930F610F900F900F900F900F900F9058CF80E595E09F938F931F930F930E9451 // 057a0> ...a............XO.e.`..........
:2057C0003E0E672D677070E0685B7A4FA7018EE091E694D642CF903109F041C089E395E092 // 057c0> >.g-gpp`h[zO'..`.f.VBO.1.pA@.c.`
:2057E0009F938F931F930F930E943E0E1FBA1092066110928363F092556388EC90E0809378 // 057e0> ..........>..:...a...cp.Uc.l.`..
:2058000084639093856380E890E080930C6190930D614AE050E06FE275E08EE091E66ED684 // 05800> .c...c.h.`...a...aJ`P`obu`.`.fnV
:205820000F900F900F900F908AE090E09C012A5F3F4F20932363309324631092ED608F5B02 // 05820> .........`.`..*_?O .#c0.$c..m`.[
:205840009F4F6CE370E00E9435356093EC608EE080930861295F3E49F9011082E8C9913178 // 05840> .Olcp`..55`.l`.`...a)_>Iy...hI.1
:20586000D9F48FE195E09F938F931F930F930E943E0E0F900F900F900F90F19904C00E9474 // 05860> Yt.a.`..........>.........q..@..
:2058800088120E94260F80E890E080930C6190930D6190E080E0CACF1F928F931F927F92B0 // 05880> ....&..h.`...a...a.`.`JO........
:2058A0001F926F9288E095E09F938F931F930F930E943E0ECDBFDEBFECCFF1E1FF1203C039 // 058a0> ..o..`.`..........>.M?^?lOqa...@
:2058C0000E941A22B3CF22E1F21223C480910C61D0900E61C0900F6170901061813009F052 // 058c0> ..."3O"ar.#D...aP..a@..ap..a.0.p
:2058E00004C1E72CF12C1F927F921F92CF921F92DF9280E898E09F938F931F930F930E9493 // 058e0> .Ag,q,......O..._..h.`..........
:205900003E0EF701E95FFE491286E0901161F0901261CDBFDEBF99E079122BC08FE698E042 // 05900> >.w.i_~I..`..ap..aM?^?.`y.+@.f.`
:205920009F938F931F930F930E943E0E0F900F900F900F90D1105EC0C11054C0C7019927E9 // 05920> ..........>.........Q.^@A.T@G..'
:205940009F938F9382E398E09F938F931F930F930E943E0EE09283630F900F900F900F90AC // 05940> .....c.`..........>.`..c........
:205960000F900F90F3E0EF121EC0049A84EC99E022C0EAE07E1212C0FF24FF92EF9289E5FF // 05960> ....s`o..@...l.`"@j`~..@.$..o..e
:2059800098E09F938F931F930F930E943E0E0F900F900F900F900F900F90CCCFFF92EF9292 // 05980> .`..........>.............LO..o.
:2059A00083E498E0EECF22E02E1568F435E081EE90E0E312DBCF80938463909385638093FF // 059a0> .d.`nO"`..ht5`.n.`c.[O...c...c..
:2059C000E8609093E960809185638F93809184638F9387E298E09F938F931F930F930E94B3 // 059c0> h`..i`...c.....c...b.`..........
:2059E0003E0E19C041E0C4124ECFFF92EF9282E198E0F1CF81E0D81244C0C11013C0FF923D // 059e0> >..@A`D.NO..o..a.`qO.`X.D@A..@..
:205A0000EF928FEF97E09F938F931F930F930E943E0EE092E7600F900F900F900F900F90A6 // 05a00> o..o.`..........>.`.g`..........
:205A20000F9031CF91E3C9122ECFE114F10419F4EE24E394F12C88EE93E0B7010E94353531 // 05a20> ..1O.cI..Oa.q..tn$c.q,.n.`7...55
:205A40007B0180918463909185636817790781F0FF926F9380EF97E09F938F931F930F9338 // 05a40> {....c...ch.y..p..o..o.`........
:205A60000E943E0E0F900F900F900F900F900F90E092E860F092E960E0928463F092856336 // 05a60> ..>.............`.h`p.i``..cp..c
:205A800002CFE2E0DE1216C0C110FDCE1F927F928FED97E09F938F931F930F930E943E0EC6 // 05a80> .Ob`^..@A.}N.....m.`..........>.
:205AA000472D4F7350E061E171E685E293E60E94A135B1CFF3E0DF12E6CE26E0C2120DC0F0 // 05aa0> G-OsP`aaqf.b.f..!51Os`_.fN&`B..@
:205AC000FF92EF928EEC97E09F938F931F930F930E943E0EE09206619ECF37E0C312D3CE5A // 05ac0> ..o..l.`..........>.`..a.O7`C.SN
:205AE000FF92EF928DEB97E076CF823009F059C0E72CF12C1F927F921F92CF921F92DF9276 // 05ae0> ..o..k.`vO.0.pY@g,q,......O..._.
:205B000085EA97E09F938F931F930F930E943E0E80E997E09F938F931F930F930E943E0E93 // 05b00> .j.`..........>..i.`..........>.
:205B2000CDBFDEBFD11013C0C1109BCD809183631F928F938FE797E09F938F931F930F93F0 // 05b20> M?^?Q..@A..M...c.....g.`........
:205B40000E943E0E8091836380930E612BCE91E0D91287CDC1100FC08091E7601F928F936A // 05b40> ..>....c...a+N.`Y..MA..@..g`....
:205B60008CE697E09F938F931F930F930E943E0E8091E760E9CFE1E3CE1273CD80918563B9 // 05b60> .f.`..........>...g`iOacN.sM...c
:205B80008F93809184638F9381E697E09F938F931F930F930E943E0E809184639091856354 // 05b80> .....c...f.`..........>....c...c
:205BA000FDCD90918363953009F07CC1803109F044C01F92DF928DE396E09F938F931F935D // 05ba0> }M...c.0.p|A.1.pD@.._..c.`......
:205BC0000F930E943E0E0F900F900F900F900F900F90F69904C080910661882369F080919B // 05bc0> ....>.............v..@...a.#ip..
:205BE000E8609091E9608E37910530F08DE790E08093E8609093E9608091E8609091E9600A // 05be0> h`..i`.7..0p.g.`..h`..i`..h`..i`
:205C0000809384639093856380918463909185638436910508F437C246E450E070E060E04F // 05c00> ...c...c...c...c.6...t7BFdP`p```
:205C200089E69AE10E94C421009709F05BC180918463909185634997E3CF813109F03DC00C // 05c20> .f.a..D!...p[A...c...cI.cO.1.p=@
:205C40008CE296E09F938F931F930F930E943E0E8FB30F900F900F900F90882309F481C122 // 05c40> .b.`..........>..3.........#.t.A
:205C6000F89B28C040E253E070E060E08DEF97E00E94C421E82E0E94040A83EF91E0019709 // 05c60> x.(@@bS`p```.o.`..D!h......o.`..
:205C8000F1F700C000000E948812019A61E081E00E944E18E3EDF0E33197F1F700C00000C8 // 05c80> qw.@........a`.`..N.cmpc1.qw.@..
:205CA00001981FBA0E94260F8E2D90E0009709F4B4C03CC0EE24E394DECF8531D9F489E149 // 05ca0> ...:..&..-.`...t4@<@n$c.^O.1Yt.a
:205CC00096E09F938F931F930F930E943E0E4AEF50E06EE37AE088E193E10E94C4210F90A1 // 05cc0> .`..........>.JoP`ncz`.a.a..D!..
:205CE0000F900F900F90892BF9F6EFB2FE2DF170EF2EDACF8631E9F486E096E09F938F936D // 05ce0> .......+yvo2~-qpo.ZO.1it.`.`....
:205D00001F930F930E943E0E809185638F93809184638F9386EF95E09F938F931F930F937A // 05d00> ......>....c.....c...o.`........
:205D20000E943E0ECDBFDEBF81E090E020E830E0DBC0803219F5809112618F9380911161DF // 05d20> ..>.M?^?.`.` h0`[@.2.u...a.....a
:205D40008F93809110618F9380910F618F931F92DF928DED95E09F938F931F930F930E947F // 05d40> .....a.....a...._..m.`..........
:205D60003E0E40E253E06EE37AE080917E6390917F630E94C421CDBFDEBF98CFF89B83C1F4 // 05d60> >.@bS`ncz`..~c...c..D!M?^?.Ox..A
:205D8000813209F067C0809114618F93809113618F93809112618F93809111618F93809185 // 05d80> .2.pg@...a.....a.....a.....a....
:205DA00010618F9380910F618F931F92DF9280EC95E09F938F931F930F930E943E0E809103 // 05da0> .a.....a...._..l.`..........>...
:205DC0000E61E0901361F0901461CDBFDEBF833D99F480910F618F7190E0A7014150510981 // 05dc0> .a`..ap..aM?^?.=.t...a.q.`'.APQ.
:205DE0004F7155274F5F5F4F6AE573E6825F9E49A8D6C70101960CC0F99B12C040E951E032 // 05de0> OqU'O__Ojesf._.I(VG....@y..@@iQ`
:205E00006EE37AE080917C6390917D630E94C42124E831E0009709F067C020EA30E064C04D // 05e00> ncz`..|c..}c..D!$h1`...pg@ j0`d@
:205E2000843B89F480915A63882369F09EE190930E61803209F481E480930F6180916463D4 // 05e20> .;.t..Zc.#ip.a...a.2.t.d...a..dc
:205E400080931061D6CFA7016FEF70E08EE091E681D6CFCF833209F016C1809114618F93BC // 05e40> ...aVO'.oop`.`.f.VOO.2.p.A...a..
:205E6000809113618F93809112618F93809111618F93809110618F9380910F618F931F9238 // 05e60> ...a.....a.....a.....a.....a....
:205E8000DF9282EA95E09F938F931F930F930E943E0E40E253E06EE37AE080918063909105 // 05e80> _..j.`..........>.@bS`ncz`...c..
:205EA000816367CF933009F0F1C0803111F51F92DF928BED96E09F938F931F930F930E944A // 05ea0> .cgO.0.pq@.1.u.._..m.`..........
:205EC0003E0E40E253E06FE370E183E899E10E94C4210F900F900F900F900F900F900097C1 // 05ec0> >.@bS`ocpa.h.a..D!..............
:205EE00009F49BCF24E830E020930C6130930D619DCC8131C9F58BEC96E09F938F931F9302 // 05ee0> .t.O$h0` ..a0..a.L.1Iu.l.`......
:205F00000F930E943E0E8FB30F900F900F900F90882339F140E253E070E060E08FEB9BE084 // 05f00> ....>..3.........#9q@bS`p```.k.`
:205F20000E94C421E82E83EF91E00197F1F700C000000E9488120498109216040E98069AC7 // 05f20> ..D!h..o.`..qw.@................
:205F4000F99B0AC061E081E00E944E18E3EDF0E33197F1F700C00000069884E080931404F9 // 05f40> y..@a`.`..N.cmpc1.qw.@.....`....
:205F6000A0CEEE24E394A0CE853179F489EB96E09F938F931F930F930E943E0E40E253E0C4 // 05f60>  Nn$c. N.1yt.k.`..........>.@bS`
:205F80006FE370E188E090E1A8CE863169F487EA96E09F938F931F930F930E943E0E0F90DF // 05f80> ocpa.`.a(N.1it.j.`..........>...
:205FA0000F900F900F90C0CEF99B6DC08032E9F4809112618F93809111618F938091106159 // 05fa0> ......@Ny.m@.2it...a.....a.....a
:205FC0008F9380910F618F931F92DF928FE896E09F938F931F930F930E943E0E40E253E002 // 05fc0> .....a...._..h.`..........>.@bS`
:205FE0006FE370E18FE19CE0C4CE813239F5809114618F93809113618F93809112618F93AA // 05fe0> ocpa.a.`DN.29u...a.....a.....a..
:20600000809111618F93809110618F9380910F618F931F92DF9283E796E09F938F931F938C // 06000> ...a.....a.....a...._..g.`......
:206020000F930E943E0E40E253E06FE370E18FE291E10E94C421CDBFDEBFEACE833219F5CA // 06020> ....>.@bS`ocpa.b.a..D!M?^?jN.2.u
:20604000809114618F93809113618F93809112618F93809111618F93809110618F938091F1 // 06040> ...a.....a.....a.....a.....a....
:206060000F618F931F92DF9286E596E09F938F931F930F930E943E0E40E253E06FE370E1FD // 06060> .a...._..e.`..........>.@bS`ocpa
:2060800080E690E176CE90E080E0C7CE8131B9F41F929F9389E497E09F938F931F930F93B2 // 06080> .f.avN.`.`GN.19t.....d.`........
:2060A0000E943E0E80E890E080930C6190930D610F900F900F900F900F900F90EACB9230D8 // 060a0> ..>..h.`...a...a............jK.0
:2060C00009F4FECB803129F41F929F9382E397E0E3CF833159F41F929F938DE097E09F93C1 // 060c0> .t~K.1)t.....c.`cO.1Yt.....`.`..
:2060E0008F931F930F930E943E0EE2CF1F929F931F928F9383EF96E09F938F931F930F9345 // 060e0> ........>.bO.........o.`........
:206100000E943E0E80EA90E080930C6190930D61D1CB94E1F91234C180910C61813031F540 // 06100> ..>..j.`...a...aQK.ay.4A...a.01u
:2061200087E499E09F938F931F930F930E943E0E0E94A90A8093EA609093EB609F938F9371 // 06120> .d.`..........>...)...j`..k`....
:2061400089E399E09F938F931F930F930E943E0E1092836340E253E070E060E088E698E170 // 06140> .c.`..........>....c@bS`p```.f.a
:206160000E94C4217C01CDBFDEBF15C0823009F061C083E299E09F938F931F930F930E9429 // 06160> ..D!|.M?^?.@.0.pa@.b.`..........
:206180003E0E8FB30F900F900F900F9081111DC0EE24E394F12C81E0E114F10409F080E03C // 06180> >..3...........@n$c.q,.`a.q..p.`
:2061A00080930D61FF92EF9284EA98E09F938F931F930F930E943E0EC70101960F900F9033 // 061a0> ...a..o..j.`..........>.G.......
:2061C0000F900F900F900F9031CBF89B21C080EC0E94D907882319F080E00E94560A8CE162 // 061c0> ........1Kx.!@.l..Y..#.p.`..V..a
:2061E00090E00E94990AFC9B13C01092010A8FE08093000A6998FC9888E998E09F938F9375 // 061e0> .`....|..@.....`....i.|..i.`....
:206200001F930F930E943E0E0F900F900F900F900298019861E081E00E944E1883ED90E300 // 06200> ......>.............a`.`..N..m.c
:206220000197F1F700C000001FBA0E9488120E94260FAECF873009F4ABCF863079F488E1FB // 06220> ..qw.@...:......&..O.0.t+O.0yt.a
:2062400099E09F938F931F930F930E943E0E0F900F900F900F90F12CE12C9DCFF89BFBCFC0 // 06240> .`..........>.........q,a,.Ox.{O
:20626000853049F5209112613091136132272327322760910E6170910F6180911061909162 // 06260> .0Iu ..a0..a2'#'2'`..ap..a...a..
:20628000116145D43F932F939F938F937F936F9380910D611F928F938EEF98E09F938F93DC // 06280> .aET?./.......o....a.....o.`....
:2062A0001F930F930E943E0E40E253E070E060E082EF9DE155CF2091EA603091EB6028363F // 062a0> ......>.@bS`p```.o.aUO .j`0.k`(6
:2062C000F0E13F0778F43F932F931F928F9385EE98E09F938F931F930F930E943E0ECDBFC7 // 062c0> pa?.xt?./......n.`..........>.M?
:2062E000DEBFB9CF833001F560910E6170910F6180911061909111610AD49F938F937F93A6 // 062e0> ^?9O.0.u`..ap..a...a...a.T......
:206300006F9380910D611F928F938DEC98E09F938F931F930F930E943E0E40E253E070E0FD // 06300> o....a.....l.`..........>.@bS`p`
:2063200060E080E49EE11CCF843009F094CF209113613091146132272327322760910F6187 // 06320> ``.d.a.O.0.p.O ..a0..a2'#'2'`..a
:20634000709110618091116190911261E0D33F932F939F938F937F936F9380910D611F92D5 // 06340> p..a...a...a`S?./.......o....a..
:206360008F9382EB98E09F938F931F930F930E943E0E40E253E070E060E082EB9CE1F0CEF3 // 06360> ...k.`..........>.@bS`p```.k.apN
:20638000F0E2FF1276C070900C61C0900E61D0900F6180911061E82EF12C1F928F931F92AF // 06380> pb..v@p..a@..aP..a...ah.q,......
:2063A000DF921F92CF928EEA99E09F938F931F930F930E943E0ECDBFDEBF31E0731236C01E // 063a0> _...O..j.`..........>.M?^?1`s.6@
:2063C000E0901161F0901261FF92EF9288E999E09F938F931F930F930E943E0E0F900F9018 // 063c0> `..ap..a..o..i.`..........>.....
:2063E0000F900F900F900F90C1104DCA40E1D4124ACAFF92EF9283E899E09F938F931F9322 // 063e0> ........A.MJ@aT.JJ..o..h.`......
:206400000F930E943E0EE092556360E081E00E944E180F900F900F900F900F900F90EF2848 // 06400> ....>.`.Uc``.`..N.............o(
:2064200009F431CA80E00E942D182DCA82E0781230CA82E799E09F938F931F930F930E9414 // 06420> .t1J.`..-.-J.`x.0J.g.`..........
:206440003E0E0F900F900F900F90C1100AC990E1D91207C9809155631F928F938DE599E01D // 06440> >.........A..I.aY..I..Uc.....e.`
:206460009F938F931F930F930E943E0E809155636BCB1F92FF9285EC99E031CEDC012D92C0 // 06460> ..........>...UckK.....l.`1N\.-.
:206480003D924D925D926D927D928D929D92AD92BD92CD92DD92ED92FD920D931D93CD93E9 // 06480> =.M.].m.}.....-.=.M.].m.}.....M.
:2064A000DD93FF91EF918DB78D938EB78D938FB78D93ED93FD93882799270994DC01CB0168 // 064a0> ]...o..7...7...7..m.}..'.'..\.K.
:2064C00081309105811D2D903D904D905D906D907D908D909D90AD90BD90CD90DD90ED905E // 064c0> .0....-.=.M.].m.}.....-.=.M.].m.
:2064E000FD900D911D91CD91DD91ED91FD910D900FBEEDBFFEBFED91FD910994FB01DC0196 // 064e0> }.....M.].m.}....>m?~?m.}...{.\.
:2065000002C005900D9241505040D8F70895CF93DF93EC018B8188608B83CE0106D02B81E4 // 06500> .@....APP@Xw..O._.l....`..N..P+.
:20652000277F2B83DF91CF910895ABE0B0E0EAE9F2E36AC27C013B018A01FC011682178239 // 06520> '.+._.O...+`0`jircjB|.;...|.....
:20654000838181FFBAC1CE0101965C01F7019381F30193FD859193FF81913F01882309F447 // 06540> ....:AN...\.w...s..}......?..#.t
:2065600049C1853239F493FD859193FF81913F01853221F4B70190E0B9D1E8CF912C212C64 // 06560> IA.29t.}......?..2!t7..`9QhO.,!,
:20658000312CFFE1F31538F08B3211F190F4803209F1833229F137FC3CC020ED280F2A3003 // 06580> 1,.as.8p.2.q.t.2.q.2)q7|<@ m(.*0
:2065A00050F536FE20C08AE0989E200D1124922E06C08D3291F0803371F7689430F8F30187 // 065a0> Pu6~ @.`.. ..$...@.2.p.3qwh.0xs.
:2065C00093FD859193FF81913F018111DACF21C0689431F8689432F8F2CF689433F8EFCF24 // 065c0> .}......?...ZO!@h.1xh.2xrOh.3xoO
:2065E000689434F8ECCFEAE02E9E200D1124222E689435F8E4CF8E3229F436FCFBC06894CE // 065e0> h.4xlOj`.. ..$".h.5xdO.2)t6|{@h.
:2066000036F8DDCF8C3619F4689437F8D8CF8836B1F2982F9F7D95549330D8F0833691F10C // 06600> 6x]O.6.th.7xXO.61r./.}.T.0Xp.6.q
:206620008337B1F1833509F05EC02801F2E04F0E511CF801C080D180692D70E036FC02C006 // 06620> .71q.5.p^@(.r`O.Q.x.@.Q.i-p`6|.@
:206640006FEF7FEFC6013CD14C01689437F882010AC00C5F1F4FFFE3F98388248394912C1E // 06640> oo.oF.<QL.h.7x...@._.O.cy..$...,
:206660006501E89437F833FE2AC0522C8114910459F5552009F46ACFB70180E290E036D1BC // 06660> e.h.7x3~*@R,....YuU .tjO7..b.`6Q
:206680005A94F7CFF801808189830E5F1F4FE5CF2801F2E04F0E511CF801C080D180692DCC // 06680> Z.wOx......_.OeO(.r`O.Q.x.@.Q.i-
:2066A00070E036FC02C06FEF7FEFC60114D14C018201D7CFB70180E290E018D12A9428143B // 066a0> p`6|.@oo.oF..QL...WO7..b.`.Q*.(.
:2066C000190409F0B8F7D1CFF60137FC859137FE81916F01B70190E009D151105A94F1E03C // 066c0> ...p8wQOv.7|..7~..o.7..`.QQ.Z.q`
:2066E0008F1A9108C3CF843619F0893609F073C0F80137FE67C060817181828193810C5F6E // 066e0> ....CO.6.p.6.ps@x.7~g@`.q......_
:206700001F4FF32DFF763F2E97FF09C090958095709561957F4F8F4F9F4F689437F82AE0A6 // 06700> .Os-.v?....@....p.a..O.O.Oh.7x*`
:2067200030E0A50113D1C82ECA188C2C432C36FE0CC0E89440F8C91440F434FE05C032FCD6 // 06720> 0`%..QH.J..,C,6~.@h.@xI.@t4~.@2|
:2067400003C0F32DFE7E4F2E892C44FE90C0FE01EC0DF11D8081803309F082C0242D297E29 // 06740> .@s-~~O..,D~.@~.l.q....3.p.@$-)~
:20676000422E842D8870582E43FC8FC040FE89C09C2C821418F42C0C922C981844FE8BC0C8 // 06760> B..-.pX.C|.@@~.@.,...t,..,..D~.@
:20678000B70180E390E0B2D042FE08C088E790E041FE02C088E590E0B701A8D0C91408F41E // 06780> 7..c.`2PB~.@.g.`A~.@.e.`7.(PI..t
:2067A00086C0CA94D12C9FEFC91AD90ACA0CDB1CF60182916F01B70190E098D0AC14BD048C // 067a0> .@J.Q,.oI.Y.J.[.v...o.7..`.P,.=.
:2067C000B9F757CF60817181072E000C880B990B0E5F1F4F96CFD32CE894D4F82AE030E0F7 // 067c0> 9wWO`.q.........._.O.OS,h.Tx*`0`
:2067E000853731F1232D297FD22E8F36F9F040F48835A1F0F701868197812B96E2E11DC11A // 067e0> .71q#-).R..6yp@t.5!pw.....+.ba.A
:20680000803749F08837B1F7D4FE02C06894D2F820E130E00DC06894D4F8F6CF34FE03C067 // 06800> .7Ip.71wT~.@h.Rx a0`.@h.TxvO4~.@
:20682000822F8660D82E20E132E002C028E030E0F801D7FE0EC060817181828193810C5FDD // 06820> ./.`X. a2`.@(`0`x.W~.@`.q......_
:206840001F4FA50183D0C82ECA183D2CE89437F86CCF6081718190E080E00E5F1F4FF1CF6C // 06840> .O%..PH.J.=,h.7xlO`.q..`.`._.OqO
:2068600042FC02C083947DCF839483947ACF842D867809F476CFF6CFB70180E290E036D0F8 // 06860> B|.@..}O....zO.-.x.tvOvO7..b.`6P
:2068800083948214C8F3512C79CF522C5818821408F474CFF8CF842D867809F47FCF8BE2DA // 06880> ....HsQ,yOR,X....ttOxO.-.x.t.O.b
:2068A00041FE80E247FC8DE2B70190E076CFB70180E390E01BD09A9471CF8FEF9FEF9DCFBC // 068a0> A~.bG|.b7..`vO7..c.`.P..qO.o.o.O
:2068C000FC010590615070400110D8F7809590958E0F9F1F0895FC016150704001900110B3 // 068c0> |...aPp@..Xw..........|.aPp@....
:2068E000D8F7809590958E0F9F1F08950F931F93CF93DF93182F092FEB018B8181FD09C0B1 // 068e0> Xw..............O._.././k....}.@
:206900001FEF0FEF812F902FDF91CF911F910F91089582FF14C02E813F818C819D81281711 // 06900> .o.o././_.O..........@..?.....(.
:2069200039073CF4E881F981CF0101968883998310838E819F8101968E839F83E3CFE885CB // 06920> 9.<th.y.O...................cOh.
:20694000F985812F0995892BA1F3DACFFA01AA27283051F1203181F1E8946F936E7F6E5F19 // 06940> y../...+!sZOz.*'(0Qq 1.qh.o.n.n_
:206960007F4F8F4F9F4FAF4FB1E03ED0B4E03CD0670F781F891F9A1FA11D680F791F8A1F5C // 06960> .O.O.O/O1`>P4`<Pg.x.....!.h.y...
:20698000911DA11D6A0F711D811D911DA11D20D009F468943F912AE0269F11243019305DE7 // 06980> ..!.j.q.....!. P.th.?.*`&..$0.0]
:2069A0003193DEF6CF010895462F4770405D4193B3E00FD0C9F7F6CF462F4F70405D4A33F0 // 069a0> 1.^vO...F/Gp@]A.3`.PIwvOF/Op@]J3
:2069C00018F0495D31FD4052419302D0A9F7EACFB4E0A6959795879577956795BA95C9F71C // 069c0> .pI]1}@RA..P)wjO4`&.....w.g.:.Iw
:2069E00000976105710508959B01AC010A2E06945795479537952795BA95C9F7620F731F0A // 069e0> ..a.q.....,.....W.G.7.'.:.Iwb.s.
:206A0000841F951FA01D08952F923F924F925F926F927F928F929F92AF92BF92CF92DF9299 // 06a00> .... .../.?.O._.o......./.?.O._.
:206A2000EF92FF920F931F93CF93DF93CDB7DEB7CA1BDB0BCDBFDEBF09942A88398848882F // 06a20> o.......O._.M7^7J.[.M?^?..*.9.H.
:206A40005F846E847D848C849B84AA84B984C884DF80EE80FD800C811B81AA81B981CE0FC5 // 06a40> _.n.}.....*.9.H._.n.}.....*.9.N.
:206A6000D11DCDBFDEBFED010895AA1BBB1B51E107C0AA1FBB1FA617B70710F0A61BB70B3F // 06a60> Q.M?^?m...*.;.Qa.@*.;.&.7..p&.7.
:206A8000881F991F5A95A9F780959095BC01CD010895A1E21A2EAA1BBB1BFD010DC0AA1FAC // 06a80> ....Z.)w....<.M...!b..*.;.}..@*.
:206AA000BB1FEE1FFF1FA217B307E407F50720F0A21BB30BE40BF50B661F771F881F991F83 // 06aa0> ;.n...".3.d.u. p".3.d.u.f.w.....
:206AC0001A9469F760957095809590959B01AC01BD01CF010895052E97FB16F400940FD0BE // 06ac0> ..iw`.p.......,.=.O......{.t...P
:206AE00057FD05D0D6DF07FC02D046F408C050954095309521953F4F4F4F5F4F0895909510 // 06ae0> W}.PV_.|.PFt.@P.@.0.!.?OOO_O....
:206B00008095709561957F4F8F4F9F4F08956927962769277827872778270895EE0FFF1FAD // 06b00> ..p.a..O.O.O..i'.'i'x'.'x'..n...
:206B20000590F491E02D0994FB01DC0104C08D910190801921F441505040C8F7881B990B70 // 06b20> ..t.`-..{.\..@......!tAPP@Hw....
:206B40000895FB01DC0102C001900D9241505040D8F70895DC0101C06D9341505040E0F7AA // 06b40> ..{.\..@....APP@Xw..\..@m.APP@`w
:206B60000895F894FFCF4C000000000C00000000A10000006B000000005508000000005508 // 06b60> ..x..OL.........!...k....U.....U
:206B8000480000000055A0005504556A00000000003020007F557EC87F00FE7F557EC37E26 // 06b80> H....U .U.Uj.....0 ..U~H..~.U~C~
:206BA00004FF00000000FFFF7F557EC87F59FEFFC205C15982C002C100E0FF88D8CD45AB03 // 06ba0> .........U~H.Y~.B.AY.@.A.`..XME+
:206BC000891255C21D5587558B55E020676F72504D564E55E065736172454D564E55E0659C // 06bc0> ..UB.U.U.U` gorPMVNU`esarEMVNU`e
:206BE000742673554D564E55C72055CA0355C21555E655C85955C30855C215558255C8596E // 06be0> t&sUMVNUG UJ.UB.UfUHYUC.UB.U.UHY
:206C000055C80055C3040000000030070D0A004C4F434B0046555345004F534343414C00DC // 06c00> UH.UC.....0....LOCK.FUSE.OSCCAL.
:02000004008278
:100000000000000000D1080000000300FFFFFFFF18                                 // 820000> .....Q.......... fuses
:02000004008377
:02000004008476
:02000004008674
:02000004008575
:02000004008476
:00000001FF
