
/Users/askn/Develop/UPDI4AVR-USB/build/UPDI4AVR-USB.ino.elf:     file format elf32-avr


Disassembly of section .data:

00806000 <__data_start>:
__data_start():
  806000:	4c 00       	.word	0x004c	; ????
  806002:	00 00       	nop
	...

00806005 <PDI::recv_byte(unsigned long)::_set_ptr>:
  806005:	0c 00 00 00 00                                      .....

0080600a <PDI::_set_repeat>:
  80600a:	a1 00 00 00                                         ....

0080600e <PDI::_set_ptr32>:
  80600e:	6b 00 00 00 00                                      k....

00806013 <UPDI::recv_byte(unsigned long)::_set_ptr>:
  806013:	55 08 00 00 00 00                                   U.....

00806019 <UPDI::send_byte(unsigned long, unsigned char)::_set_ptr>:
  806019:	55 48 00 00 00 00                                   UH....

0080601f <UPDI::_set_repeat>:
  80601f:	55 a0 00 55 04                                      U..U.

00806024 <UPDI::_set_ptr24>:
  806024:	55 6a 00 00 00 00 00 30 20 00                       Uj.....0 .

0080602e <SYS::_updi_bitmap_leave>:
  80602e:	7f 55 7e c8 7f 00 fe 7f 55 7e c3 7e 04 ff           .U~.....U~.~..

0080603c <SYS::_updi_bitmap_reset>:
  80603c:	00 00 00 00 ff ff 7f 55 7e c8 7f 59 fe ff           .......U~..Y..

0080604a <PDI::connect()::_init>:
  80604a:	c2 05 c1 59 82                                      ...Y.

0080604f <PDI::disconnect()::_leave>:
  80604f:	c0 02 c1 00                                         ....

00806053 <PDI::nvmprog_key>:
  806053:	e0 ff 88 d8 cd 45 ab 89 12                          .....E...

0080605c <UPDI::set_rsd()::_set_rsd>:
  80605c:	55 c2 1d                                            U..

0080605f <UPDI::key_status()::_key_stat>:
  80605f:	55 87                                               U.

00806061 <UPDI::sys_status()::_sys_stat>:
  806061:	55 8b                                               U.

00806063 <UPDI::nvmprog_key>:
  806063:	55 e0 20 67 6f 72 50 4d 56 4e                       U. gorPMVN

0080606d <UPDI::erase_key>:
  80606d:	55 e0 65 73 61 72 45 4d 56 4e                       U.esarEMVN

00806077 <UPDI::urowwrite_key>:
  806077:	55 e0 65 74 26 73 55 4d 56 4e                       U.et&sUMVN

00806081 <UPDI::write_userrow()::_urowstop>:
  806081:	55 c7 20                                            U. 

00806084 <UPDI::write_userrow()::_urowdone>:
  806084:	55 ca 03                                            U..

00806087 <UPDI::clear_rsd()::_clear_rsd>:
  806087:	55 c2 15                                            U..

0080608a <UPDI::connect()::_sib256>:
  80608a:	55 e6                                               U.

0080608c <UPDI::connect()::_init>:
  80608c:	55 c8 59 55 c3 08 55 c2 15 55 82                    U.YU..U..U.

00806097 <UPDI::sys_reset(bool)::_reset>:
  806097:	55 c8 59 55 c8 00 55 c3 04                          U.YU..U..

Disassembly of section .text:

00000000 <__vectors>:
__vectors():
../../../../crt1/gcrt1.S:61
       0:	25 c1       	rjmp	.+586    	; 0x24c <__ctors_end>
       2:	00 00       	nop
../../../../crt1/gcrt1.S:67
       4:	52 c1       	rjmp	.+676    	; 0x2aa <__bad_interrupt>
       6:	00 00       	nop
../../../../crt1/gcrt1.S:68
       8:	50 c1       	rjmp	.+672    	; 0x2aa <__bad_interrupt>
       a:	00 00       	nop
../../../../crt1/gcrt1.S:69
       c:	4e c1       	rjmp	.+668    	; 0x2aa <__bad_interrupt>
       e:	00 00       	nop
../../../../crt1/gcrt1.S:70
      10:	0c 94 73 17 	jmp	0x2ee6	; 0x2ee6 <__vector_4>
../../../../crt1/gcrt1.S:71
      14:	4a c1       	rjmp	.+660    	; 0x2aa <__bad_interrupt>
      16:	00 00       	nop
../../../../crt1/gcrt1.S:72
      18:	48 c1       	rjmp	.+656    	; 0x2aa <__bad_interrupt>
      1a:	00 00       	nop
../../../../crt1/gcrt1.S:73
      1c:	46 c1       	rjmp	.+652    	; 0x2aa <__bad_interrupt>
      1e:	00 00       	nop
../../../../crt1/gcrt1.S:74
      20:	44 c1       	rjmp	.+648    	; 0x2aa <__bad_interrupt>
      22:	00 00       	nop
../../../../crt1/gcrt1.S:75
      24:	42 c1       	rjmp	.+644    	; 0x2aa <__bad_interrupt>
      26:	00 00       	nop
../../../../crt1/gcrt1.S:76
      28:	40 c1       	rjmp	.+640    	; 0x2aa <__bad_interrupt>
      2a:	00 00       	nop
../../../../crt1/gcrt1.S:77
      2c:	3e c1       	rjmp	.+636    	; 0x2aa <__bad_interrupt>
      2e:	00 00       	nop
../../../../crt1/gcrt1.S:78
      30:	3c c1       	rjmp	.+632    	; 0x2aa <__bad_interrupt>
      32:	00 00       	nop
../../../../crt1/gcrt1.S:79
      34:	3a c1       	rjmp	.+628    	; 0x2aa <__bad_interrupt>
      36:	00 00       	nop
../../../../crt1/gcrt1.S:80
      38:	38 c1       	rjmp	.+624    	; 0x2aa <__bad_interrupt>
      3a:	00 00       	nop
../../../../crt1/gcrt1.S:81
      3c:	36 c1       	rjmp	.+620    	; 0x2aa <__bad_interrupt>
      3e:	00 00       	nop
../../../../crt1/gcrt1.S:82
      40:	34 c1       	rjmp	.+616    	; 0x2aa <__bad_interrupt>
      42:	00 00       	nop
../../../../crt1/gcrt1.S:83
      44:	32 c1       	rjmp	.+612    	; 0x2aa <__bad_interrupt>
      46:	00 00       	nop
../../../../crt1/gcrt1.S:84
      48:	30 c1       	rjmp	.+608    	; 0x2aa <__bad_interrupt>
      4a:	00 00       	nop
../../../../crt1/gcrt1.S:85
      4c:	0c 94 f5 16 	jmp	0x2dea	; 0x2dea <__vector_19>
../../../../crt1/gcrt1.S:86
      50:	2c c1       	rjmp	.+600    	; 0x2aa <__bad_interrupt>
      52:	00 00       	nop
../../../../crt1/gcrt1.S:87
      54:	2a c1       	rjmp	.+596    	; 0x2aa <__bad_interrupt>
      56:	00 00       	nop
../../../../crt1/gcrt1.S:88
      58:	28 c1       	rjmp	.+592    	; 0x2aa <__bad_interrupt>
      5a:	00 00       	nop
../../../../crt1/gcrt1.S:89
      5c:	26 c1       	rjmp	.+588    	; 0x2aa <__bad_interrupt>
      5e:	00 00       	nop
../../../../crt1/gcrt1.S:90
      60:	0c 94 e6 18 	jmp	0x31cc	; 0x31cc <__vector_24>
../../../../crt1/gcrt1.S:91
      64:	22 c1       	rjmp	.+580    	; 0x2aa <__bad_interrupt>
      66:	00 00       	nop
../../../../crt1/gcrt1.S:92
      68:	20 c1       	rjmp	.+576    	; 0x2aa <__bad_interrupt>
      6a:	00 00       	nop
../../../../crt1/gcrt1.S:93
      6c:	1e c1       	rjmp	.+572    	; 0x2aa <__bad_interrupt>
      6e:	00 00       	nop
../../../../crt1/gcrt1.S:94
      70:	1c c1       	rjmp	.+568    	; 0x2aa <__bad_interrupt>
      72:	00 00       	nop
../../../../crt1/gcrt1.S:95
      74:	1a c1       	rjmp	.+564    	; 0x2aa <__bad_interrupt>
      76:	00 00       	nop
../../../../crt1/gcrt1.S:96
      78:	18 c1       	rjmp	.+560    	; 0x2aa <__bad_interrupt>
      7a:	00 00       	nop
../../../../crt1/gcrt1.S:97
      7c:	16 c1       	rjmp	.+556    	; 0x2aa <__bad_interrupt>
      7e:	00 00       	nop
../../../../crt1/gcrt1.S:98
      80:	14 c1       	rjmp	.+552    	; 0x2aa <__bad_interrupt>
      82:	00 00       	nop
../../../../crt1/gcrt1.S:99
      84:	12 c1       	rjmp	.+548    	; 0x2aa <__bad_interrupt>
	...

00000088 <__trampolines_end>:
__trampolines_start():
      88:	55 50       	subi	r21, 0x05	; 5
      8a:	44 49       	sbci	r20, 0x94	; 148
      8c:	34 41       	sbci	r19, 0x14	; 20
      8e:	56 52       	subi	r21, 0x26	; 38
      90:	2d 55       	subi	r18, 0x5D	; 93
      92:	53 42       	sbci	r21, 0x23	; 35
      94:	20 31       	cpi	r18, 0x10	; 16
      96:	2e 33       	cpi	r18, 0x3E	; 62
      98:	35 2e       	mov	r3, r21
      9a:	35 34       	cpi	r19, 0x45	; 69
      9c:	20 48       	sbci	r18, 0x80	; 128
      9e:	41 4c       	sbci	r20, 0xC1	; 193
      a0:	2f 41       	sbci	r18, 0x1F	; 31
      a2:	56 52       	subi	r21, 0x26	; 38
      a4:	44 55       	subi	r20, 0x54	; 84
      a6:	5f 43       	sbci	r21, 0x3F	; 63
      a8:	4e 41       	sbci	r20, 0x1E	; 30
      aa:	4e 4f       	sbci	r20, 0xFE	; 254
      ac:	2e 68       	ori	r18, 0x8E	; 142
	...

000000af <USB::istring>:
      af:	43 00 44 00 43 00 2d 00 41 00 43 00 4d 00 2f 00     C.D.C.-.A.C.M./.
      bf:	56 00 43 00 50 00 00 00                             V.C.P...

000000c7 <USB::mstring>:
      c7:	55 00 50 00 44 00 49 00 34 00 41 00 56 00 52 00     U.P.D.I.4.A.V.R.
      d7:	2d 00 55 00 53 00 42 00 3a 00 41 00 56 00 52 00     -.U.S.B.:.A.V.R.
      e7:	2d 00 44 00 55 00 3a 00 45 00 44 00 42 00 47 00     -.D.U.:.E.D.B.G.
      f7:	2f 00 43 00 4d 00 53 00 49 00 53 00 2d 00 44 00     /.C.M.S.I.S.-.D.
     107:	41 00 50 00 00 00                                   A.P...

0000010d <USB::vstring>:
     10d:	4d 00 75 00 6c 00 74 00 69 00 58 00 2e 00 6a 00     M.u.l.t.i.X...j.
     11d:	70 00 20 00 4f 00 53 00 53 00 57 00 2f 00 4f 00     p. .O.S.S.W./.O.
     12d:	53 00 48 00 57 00 20 00 50 00 72 00 6f 00 64 00     S.H.W. .P.r.o.d.
     13d:	2e 00 00 00                                         ....

00000141 <USB::report_descriptor>:
     141:	06 00 ff 09 01 a1 01 15 00 26 ff 00 75 08 96 40     .........&..u..@
     151:	00 09 01 81 02 96 40 00 09 01 91 02 95 04 09 01     ......@.........
     161:	b1 02 c0                                            ...

00000164 <USB::current_descriptor>:
     164:	09 02 6b 00 03 01 00 80 32 09 04 00 00 02 03 00     ..k.....2.......
     174:	00 00 09 21 11 01 00 01 22 23 00 07 05 02 03 40     ...!...."#.....@
     184:	00 01 07 05 81 03 40 00 01 08 0b 01 02 02 02 01     ......@.........
     194:	04 09 04 01 00 01 02 02 01 00 05 24 00 10 01 04     ...........$....
     1a4:	24 02 06 05 24 06 01 02 05 24 01 03 02 07 05 82     $...$....$......
     1b4:	03 10 00 04 09 04 02 00 02 0a 00 00 00 07 05 03     ................
     1c4:	02 40 00 00 07 05 83 02 40 00 00                    .@......@..

000001cf <USB::qualifier_descriptor>:
     1cf:	0a 06 00 02 ef 02 01 40 00 00                       .......@..

000001d9 <USB::device_descriptor>:
     1d9:	12 01 00 02 ef 02 01 40 d8 04 15 0b 00 01 01 02     .......@........
     1e9:	03 01                                               ..

000001eb <JTAG::jtag_sign_on>:
     1eb:	08 55 50 44 49 34 41 56 52 00                       .UPDI4AVR.

000001f5 <JTAG::jtag_physical>:
     1f5:	90 28 00 18 38 00 00 00                             .(..8...

000001fd <JTAG::jtag_version>:
     1fd:	00 01 23 36 00                                      ..#6.

00000202 <USB::ep_init>:
	...
     20a:	00 4b 00 00 54 63 00 00 00 7b 00 00 5c 63 00 00     .K..Tc...{..\c..
	...
     222:	00 bb 40 00 6c 63 00 00 00 8b 00 00 6c 63 40 00     ..@.lc......lc@.
     232:	00 b9 00 00 5c 63 00 00 00 8b 00 00 ac 63 40 00     ....\c.......c@.
     242:	02 bb 00 00 ec 63 00 00 00 00                       .....c....

0000024c <__ctors_end>:
__dtors_end():
../../../../crt1/gcrt1.S:230
     24c:	11 24       	eor	r1, r1
../../../../crt1/gcrt1.S:231
     24e:	1f be       	out	0x3f, r1	; 63
../../../../crt1/gcrt1.S:232
     250:	cf ef       	ldi	r28, 0xFF	; 255
../../../../crt1/gcrt1.S:234
     252:	cd bf       	out	0x3d, r28	; 61
../../../../crt1/gcrt1.S:236
     254:	df e7       	ldi	r29, 0x7F	; 127
../../../../crt1/gcrt1.S:237
     256:	de bf       	out	0x3e, r29	; 62

00000258 <setup_mcu()>:
_Z9setup_mcuv():
/Users/askn/Library/Arduino15/packages/MultiX-Zinnia/hardware/modernAVR/0.4.10/cores/modernAVR/api/CLKCTRL_modernAVR.h:311
#else
#assert This internal CPU clock is not supported
#endif

#if defined(_CLKCTRL_FREQSEL_)
  _PROTECTED_WRITE(CLKCTRL_OSCHFCTRLA, _CLKCTRL_FREQSEL_ | _oschf_gm);
     258:	88 ed       	ldi	r24, 0xD8	; 216
     25a:	22 e6       	ldi	r18, 0x62	; 98
     25c:	30 e0       	ldi	r19, 0x00	; 0
     25e:	84 bf       	out	0x34, r24	; 52
     260:	20 93 68 00 	sts	0x0068, r18	; 0x800068 <__TEXT_REGION_LENGTH__+0x7f0068>
/Users/askn/Develop/UPDI4AVR-USB/src/main.cpp:88
void setup_mcu (void) {
  SYS::check_firmwaremode();

  /* Enables automatic adjustment of the OSCHF synchronized to the USB SOF. */
  _CLKCTRL_SETUP(CLKCTRL_ALGSEL_bm | CLKCTRL_AUTOTUNE_SOF_gc);
  PORTA.PINCONFIG = PORT_ISC_INPUT_DISABLE_gc;
     264:	e0 e0       	ldi	r30, 0x00	; 0
     266:	f4 e0       	ldi	r31, 0x04	; 4
     268:	84 e0       	ldi	r24, 0x04	; 4
     26a:	83 87       	std	Z+11, r24	; 0x0b
/Users/askn/Develop/UPDI4AVR-USB/src/main.cpp:89
  PORTA.PINCTRLUPD = ~0;
     26c:	8f ef       	ldi	r24, 0xFF	; 255
     26e:	84 87       	std	Z+12, r24	; 0x0c
/Users/askn/Develop/UPDI4AVR-USB/src/main.cpp:90
  PORTC.PINCTRLUPD = ~0;
     270:	80 93 4c 04 	sts	0x044C, r24	; 0x80044c <__TEXT_REGION_LENGTH__+0x7f044c>
/Users/askn/Develop/UPDI4AVR-USB/src/main.cpp:91
  PORTD.PINCTRLUPD = ~0;
     274:	80 93 6c 04 	sts	0x046C, r24	; 0x80046c <__TEXT_REGION_LENGTH__+0x7f046c>
/Users/askn/Develop/UPDI4AVR-USB/src/main.cpp:92
  PORTF.PINCTRLUPD = ~0;
     278:	80 93 ac 04 	sts	0x04AC, r24	; 0x8004ac <__TEXT_REGION_LENGTH__+0x7f04ac>

0000027c <__do_copy_data>:
__do_copy_data():
     27c:	10 e6       	ldi	r17, 0x60	; 96
     27e:	a0 e0       	ldi	r26, 0x00	; 0
     280:	b0 e6       	ldi	r27, 0x60	; 96
     282:	e6 ec       	ldi	r30, 0xC6	; 198
     284:	f2 e4       	ldi	r31, 0x42	; 66
     286:	02 c0       	rjmp	.+4      	; 0x28c <__do_copy_data+0x10>
     288:	05 90       	lpm	r0, Z+
     28a:	0d 92       	st	X+, r0
     28c:	a0 3a       	cpi	r26, 0xA0	; 160
     28e:	b1 07       	cpc	r27, r17
     290:	d9 f7       	brne	.-10     	; 0x288 <__do_copy_data+0xc>

00000292 <__do_clear_bss>:
__do_clear_bss():
     292:	20 e6       	ldi	r18, 0x60	; 96
     294:	a0 ea       	ldi	r26, 0xA0	; 160
     296:	b0 e6       	ldi	r27, 0x60	; 96
     298:	01 c0       	rjmp	.+2      	; 0x29c <.do_clear_bss_start>

0000029a <.do_clear_bss_loop>:
     29a:	1d 92       	st	X+, r1

0000029c <.do_clear_bss_start>:
     29c:	a8 3a       	cpi	r26, 0xA8	; 168
     29e:	b2 07       	cpc	r27, r18
     2a0:	e1 f7       	brne	.-8      	; 0x29a <.do_clear_bss_loop>
.do_clear_bss_start():
../../../../crt1/gcrt1.S:314
     2a2:	0e 94 f1 18 	call	0x31e2	; 0x31e2 <main>
../../../../crt1/gcrt1.S:315
     2a6:	0c 94 61 21 	jmp	0x42c2	; 0x42c2 <_exit>

000002aa <__bad_interrupt>:
__vector_22():
../../../../crt1/gcrt1.S:209
     2aa:	aa ce       	rjmp	.-684    	; 0x0 <__vectors>

000002ac <USART::drain(unsigned int) [clone .constprop.10]>:
_ZN5USART5drainEj.constprop.10():
/Users/askn/Develop/UPDI4AVR-USB/src/usart.cpp:57
    if (_baud < 64) _baud = 64;
    else if (_baud > 0xFFFFU) _baud = 0xFFFF;
    return _baud;
  }

  void drain (size_t _delay) {
     2ac:	80 e0       	ldi	r24, 0x00	; 0
     2ae:	94 e0       	ldi	r25, 0x04	; 4
/Users/askn/Develop/UPDI4AVR-USB/src/usart.cpp:59
    do {
      if (bit_is_set(USART0_STATUS, USART_RXCIF_bp)) {
     2b0:	20 91 04 08 	lds	r18, 0x0804	; 0x800804 <__TEXT_REGION_LENGTH__+0x7f0804>
     2b4:	27 ff       	sbrs	r18, 7
     2b6:	04 c0       	rjmp	.+8      	; 0x2c0 <USART::drain(unsigned int) [clone .constprop.10]+0x14>
/Users/askn/Develop/UPDI4AVR-USB/src/usart.cpp:63
        __asm__ __volatile__ (
          "LDS R0, 0x0801\n"  /* drop USART0_RXDATAH */
          "LDS R0, 0x0800\n"  /* drop USART0_RXDATAL */
        );
     2b8:	00 90 01 08 	lds	r0, 0x0801	; 0x800801 <__TEXT_REGION_LENGTH__+0x7f0801>
     2bc:	00 90 00 08 	lds	r0, 0x0800	; 0x800800 <__TEXT_REGION_LENGTH__+0x7f0800>
     2c0:	01 97       	sbiw	r24, 0x01	; 1
/Users/askn/Develop/UPDI4AVR-USB/src/usart.cpp:65
      }
    } while (--_delay);
     2c2:	b1 f7       	brne	.-20     	; 0x2b0 <USART::drain(unsigned int) [clone .constprop.10]+0x4>
/Users/askn/Develop/UPDI4AVR-USB/src/usart.cpp:66
  }
     2c4:	08 95       	ret

000002c6 <SYS::send_bitmap(unsigned char const*, unsigned int) [clone .constprop.9]>:
_ZN3SYS11send_bitmapEPKhj.constprop.9():
/Users/askn/Develop/UPDI4AVR-USB/src/sys.cpp:309
  }

  /*** Low level TDAT stream manipulation ***/
  /* UPDI commands are sent from TDAT using only TCAB
     and bit manipulation, without switching USART. */
  void send_bitmap (const uint8_t _bitmap[], const size_t _length) {
     2c6:	dc 01       	movw	r26, r24
/Users/askn/Develop/UPDI4AVR-USB/src/sys.cpp:310
    ATOMIC_BLOCK(ATOMIC_RESTORESTATE) {
     2c8:	8f b7       	in	r24, 0x3f	; 63
__iCliRetVal():
/Users/askn/Library/Arduino15/packages/MultiX-Zinnia/tools/avr8-gcc/7.3.0-avr8-gnu-toolchain/avr/include/util/atomic.h:50
    return 1;
}

static __inline__ uint8_t __iCliRetVal(void)
{
    cli();
     2ca:	f8 94       	cli
_ZN3SYS11send_bitmapEPKhj.constprop.9():
/Users/askn/Develop/UPDI4AVR-USB/src/sys.cpp:311
      TCA0_SPLIT_CTRLA = 0;
     2cc:	10 92 00 0a 	sts	0x0A00, r1	; 0x800a00 <__TEXT_REGION_LENGTH__+0x7f0a00>
/Users/askn/Develop/UPDI4AVR-USB/src/sys.cpp:312
      TCA0_SPLIT_LCNT  = TCA0_SPLIT_LCMP2;
     2d0:	90 91 2c 0a 	lds	r25, 0x0A2C	; 0x800a2c <__TEXT_REGION_LENGTH__+0x7f0a2c>
     2d4:	90 93 20 0a 	sts	0x0A20, r25	; 0x800a20 <__TEXT_REGION_LENGTH__+0x7f0a20>
/Users/askn/Develop/UPDI4AVR-USB/src/sys.cpp:313
      TCA0_SPLIT_LPER  = TCA0_SPLIT_LCMP2;
     2d8:	90 91 2c 0a 	lds	r25, 0x0A2C	; 0x800a2c <__TEXT_REGION_LENGTH__+0x7f0a2c>
     2dc:	90 93 26 0a 	sts	0x0A26, r25	; 0x800a26 <__TEXT_REGION_LENGTH__+0x7f0a26>
/Users/askn/Develop/UPDI4AVR-USB/src/sys.cpp:314
      TCA0_SPLIT_CTRLA = TCA_SPLIT_ENABLE_bm | TCA_SPLIT_CLKSEL_DIV1_gc;
     2e0:	91 e0       	ldi	r25, 0x01	; 1
     2e2:	90 93 00 0a 	sts	0x0A00, r25	; 0x800a00 <__TEXT_REGION_LENGTH__+0x7f0a00>
/Users/askn/Develop/UPDI4AVR-USB/src/sys.cpp:315
      loop_until_bit_is_set(TCA0_SPLIT_INTFLAGS, TCA_SPLIT_LUNF_bp);
     2e6:	90 91 0b 0a 	lds	r25, 0x0A0B	; 0x800a0b <__TEXT_REGION_LENGTH__+0x7f0a0b>
     2ea:	90 ff       	sbrs	r25, 0
     2ec:	fc cf       	rjmp	.-8      	; 0x2e6 <SYS::send_bitmap(unsigned char const*, unsigned int) [clone .constprop.9]+0x20>
/Users/askn/Develop/UPDI4AVR-USB/src/sys.cpp:316
      bit_set(TCA0_SPLIT_INTFLAGS, TCA_SPLIT_LUNF_bp);
     2ee:	90 91 0b 0a 	lds	r25, 0x0A0B	; 0x800a0b <__TEXT_REGION_LENGTH__+0x7f0a0b>
     2f2:	91 60       	ori	r25, 0x01	; 1
     2f4:	90 93 0b 0a 	sts	0x0A0B, r25	; 0x800a0b <__TEXT_REGION_LENGTH__+0x7f0a0b>
     2f8:	30 e0       	ldi	r19, 0x00	; 0
     2fa:	20 e0       	ldi	r18, 0x00	; 0
/Users/askn/Develop/UPDI4AVR-USB/src/sys.cpp:322
      for (uint8_t i = 0; i < _length; i++) {
        uint8_t _d = (_bitmap[i >> 3]) >> (i & 7);
        loop_until_bit_is_set(TCA0_SPLIT_INTFLAGS, TCA_SPLIT_LUNF_bp);
        if (bit_is_set(_d, 0)) pinLogicOpen(PIN_PGM_TDAT);
        else                   pinLogicPull(PIN_PGM_TDAT);
        openDrainWriteMacro(PIN_PGM_TCLK, TOGGLE);
     2fc:	64 e0       	ldi	r22, 0x04	; 4
/Users/askn/Develop/UPDI4AVR-USB/src/sys.cpp:318
      TCA0_SPLIT_LPER  = TCA0_SPLIT_LCMP2;
      TCA0_SPLIT_CTRLA = TCA_SPLIT_ENABLE_bm | TCA_SPLIT_CLKSEL_DIV1_gc;
      loop_until_bit_is_set(TCA0_SPLIT_INTFLAGS, TCA_SPLIT_LUNF_bp);
      bit_set(TCA0_SPLIT_INTFLAGS, TCA_SPLIT_LUNF_bp);
      for (uint8_t i = 0; i < _length; i++) {
        uint8_t _d = (_bitmap[i >> 3]) >> (i & 7);
     2fe:	f9 01       	movw	r30, r18
     300:	93 e0       	ldi	r25, 0x03	; 3
     302:	f5 95       	asr	r31
     304:	e7 95       	ror	r30
     306:	9a 95       	dec	r25
     308:	e1 f7       	brne	.-8      	; 0x302 <SYS::send_bitmap(unsigned char const*, unsigned int) [clone .constprop.9]+0x3c>
     30a:	ea 0f       	add	r30, r26
     30c:	fb 1f       	adc	r31, r27
     30e:	40 81       	ld	r20, Z
     310:	50 e0       	ldi	r21, 0x00	; 0
     312:	92 2f       	mov	r25, r18
     314:	97 70       	andi	r25, 0x07	; 7
     316:	02 c0       	rjmp	.+4      	; 0x31c <SYS::send_bitmap(unsigned char const*, unsigned int) [clone .constprop.9]+0x56>
     318:	55 95       	asr	r21
     31a:	47 95       	ror	r20
     31c:	9a 95       	dec	r25
     31e:	e2 f7       	brpl	.-8      	; 0x318 <SYS::send_bitmap(unsigned char const*, unsigned int) [clone .constprop.9]+0x52>
/Users/askn/Develop/UPDI4AVR-USB/src/sys.cpp:319
        loop_until_bit_is_set(TCA0_SPLIT_INTFLAGS, TCA_SPLIT_LUNF_bp);
     320:	90 91 0b 0a 	lds	r25, 0x0A0B	; 0x800a0b <__TEXT_REGION_LENGTH__+0x7f0a0b>
     324:	90 ff       	sbrs	r25, 0
     326:	fc cf       	rjmp	.-8      	; 0x320 <SYS::send_bitmap(unsigned char const*, unsigned int) [clone .constprop.9]+0x5a>
/Users/askn/Develop/UPDI4AVR-USB/src/sys.cpp:320
        if (bit_is_set(_d, 0)) pinLogicOpen(PIN_PGM_TDAT);
     328:	40 ff       	sbrs	r20, 0
     32a:	16 c0       	rjmp	.+44     	; 0x358 <SYS::send_bitmap(unsigned char const*, unsigned int) [clone .constprop.9]+0x92>
     32c:	00 98       	cbi	0x00, 0	; 0
/Users/askn/Develop/UPDI4AVR-USB/src/sys.cpp:322
        else                   pinLogicPull(PIN_PGM_TDAT);
        openDrainWriteMacro(PIN_PGM_TCLK, TOGGLE);
     32e:	60 93 03 04 	sts	0x0403, r22	; 0x800403 <__TEXT_REGION_LENGTH__+0x7f0403>
/Users/askn/Develop/UPDI4AVR-USB/src/sys.cpp:323
        EVSYS_SWEVENTA = EVSYS_SWEVENTA_CH2_gc;
     332:	60 93 00 02 	sts	0x0200, r22	; 0x800200 <__TEXT_REGION_LENGTH__+0x7f0200>
/Users/askn/Develop/UPDI4AVR-USB/src/sys.cpp:324
        bit_set(TCA0_SPLIT_INTFLAGS, TCA_SPLIT_LUNF_bp);
     336:	90 91 0b 0a 	lds	r25, 0x0A0B	; 0x800a0b <__TEXT_REGION_LENGTH__+0x7f0a0b>
     33a:	91 60       	ori	r25, 0x01	; 1
     33c:	90 93 0b 0a 	sts	0x0A0B, r25	; 0x800a0b <__TEXT_REGION_LENGTH__+0x7f0a0b>
     340:	2f 5f       	subi	r18, 0xFF	; 255
     342:	3f 4f       	sbci	r19, 0xFF	; 255
/Users/askn/Develop/UPDI4AVR-USB/src/sys.cpp:317
      TCA0_SPLIT_LCNT  = TCA0_SPLIT_LCMP2;
      TCA0_SPLIT_LPER  = TCA0_SPLIT_LCMP2;
      TCA0_SPLIT_CTRLA = TCA_SPLIT_ENABLE_bm | TCA_SPLIT_CLKSEL_DIV1_gc;
      loop_until_bit_is_set(TCA0_SPLIT_INTFLAGS, TCA_SPLIT_LUNF_bp);
      bit_set(TCA0_SPLIT_INTFLAGS, TCA_SPLIT_LUNF_bp);
      for (uint8_t i = 0; i < _length; i++) {
     344:	20 37       	cpi	r18, 0x70	; 112
     346:	31 05       	cpc	r19, r1
     348:	d1 f6       	brne	.-76     	; 0x2fe <SYS::send_bitmap(unsigned char const*, unsigned int) [clone .constprop.9]+0x38>
/Users/askn/Develop/UPDI4AVR-USB/src/sys.cpp:326
        else                   pinLogicPull(PIN_PGM_TDAT);
        openDrainWriteMacro(PIN_PGM_TCLK, TOGGLE);
        EVSYS_SWEVENTA = EVSYS_SWEVENTA_CH2_gc;
        bit_set(TCA0_SPLIT_INTFLAGS, TCA_SPLIT_LUNF_bp);
      }
      TCA0_SPLIT_CTRLA = 0;
     34a:	10 92 00 0a 	sts	0x0A00, r1	; 0x800a00 <__TEXT_REGION_LENGTH__+0x7f0a00>
/Users/askn/Develop/UPDI4AVR-USB/src/sys.cpp:327
      TCA0_SPLIT_CTRLA = TCA_SPLIT_ENABLE_bm | TCA_SPLIT_CLKSEL_DIV1024_gc;
     34e:	9f e0       	ldi	r25, 0x0F	; 15
     350:	90 93 00 0a 	sts	0x0A00, r25	; 0x800a00 <__TEXT_REGION_LENGTH__+0x7f0a00>
__iRestore():
/Users/askn/Library/Arduino15/packages/MultiX-Zinnia/tools/avr8-gcc/7.3.0-avr8-gnu-toolchain/avr/include/util/atomic.h:70
    (void)__s;
}

static __inline__ void __iRestore(const  uint8_t *__s)
{
    SREG = *__s;
     354:	8f bf       	out	0x3f, r24	; 63
_ZN3SYS11send_bitmapEPKhj.constprop.9():
/Users/askn/Develop/UPDI4AVR-USB/src/sys.cpp:329
    }
  }
     356:	08 95       	ret
/Users/askn/Develop/UPDI4AVR-USB/src/sys.cpp:321
      bit_set(TCA0_SPLIT_INTFLAGS, TCA_SPLIT_LUNF_bp);
      for (uint8_t i = 0; i < _length; i++) {
        uint8_t _d = (_bitmap[i >> 3]) >> (i & 7);
        loop_until_bit_is_set(TCA0_SPLIT_INTFLAGS, TCA_SPLIT_LUNF_bp);
        if (bit_is_set(_d, 0)) pinLogicOpen(PIN_PGM_TDAT);
        else                   pinLogicPull(PIN_PGM_TDAT);
     358:	00 9a       	sbi	0x00, 0	; 0
     35a:	e9 cf       	rjmp	.-46     	; 0x32e <SYS::send_bitmap(unsigned char const*, unsigned int) [clone .constprop.9]+0x68>

0000035c <USB::ep_cdo_listen()>:
_ZN3USB13ep_cdo_listenEv():
/Users/askn/Develop/UPDI4AVR-USB/src/usb.cpp:343
    loop_until_bit_is_clear(USB0_INTFLAGSB, USB_RMWBUSY_bp);
    USB_EP_STATUS_CLR(USB_EP_CDI) = ~USB_TOGGLE_bm;
  }

  void ep_cdo_listen (void) {
    ATOMIC_BLOCK(ATOMIC_RESTORESTATE) {
     35c:	8f b7       	in	r24, 0x3f	; 63
__iCliRetVal():
/Users/askn/Library/Arduino15/packages/MultiX-Zinnia/tools/avr8-gcc/7.3.0-avr8-gnu-toolchain/avr/include/util/atomic.h:50
    return 1;
}

static __inline__ uint8_t __iCliRetVal(void)
{
    cli();
     35e:	f8 94       	cli
_ZN3USB13ep_cdo_listenEv():
/Users/askn/Develop/UPDI4AVR-USB/src/usb.cpp:344
      _recv_count = 0;
     360:	10 92 6f 64 	sts	0x646F, r1	; 0x80646f <_recv_count>
/Users/askn/Develop/UPDI4AVR-USB/src/usb.cpp:345
      EP_CDO.CNT  = 0;
     364:	10 92 ae 64 	sts	0x64AE, r1	; 0x8064ae <EP_TABLE+0x3a>
     368:	10 92 af 64 	sts	0x64AF, r1	; 0x8064af <EP_TABLE+0x3b>
__iRestore():
/Users/askn/Library/Arduino15/packages/MultiX-Zinnia/tools/avr8-gcc/7.3.0-avr8-gnu-toolchain/avr/include/util/atomic.h:70
    (void)__s;
}

static __inline__ void __iRestore(const  uint8_t *__s)
{
    SREG = *__s;
     36c:	8f bf       	out	0x3f, r24	; 63
_ZN3USB13ep_cdo_listenEv():
/Users/askn/Develop/UPDI4AVR-USB/src/usb.cpp:347
    }
    loop_until_bit_is_clear(USB0_INTFLAGSB, USB_RMWBUSY_bp);
     36e:	80 91 0b 0c 	lds	r24, 0x0C0B	; 0x800c0b <__TEXT_REGION_LENGTH__+0x7f0c0b>
     372:	82 fd       	sbrc	r24, 2
     374:	fc cf       	rjmp	.-8      	; 0x36e <USB::ep_cdo_listen()+0x12>
/Users/askn/Develop/UPDI4AVR-USB/src/usb.cpp:348
    USB_EP_STATUS_CLR(USB_EP_CDO) = ~USB_TOGGLE_bm;
     376:	8e ef       	ldi	r24, 0xFE	; 254
     378:	80 93 4c 0c 	sts	0x0C4C, r24	; 0x800c4c <__TEXT_REGION_LENGTH__+0x7f0c4c>
/Users/askn/Develop/UPDI4AVR-USB/src/usb.cpp:349
  }
     37c:	08 95       	ret

0000037e <USB::ep_cdi_listen()>:
_ZN3USB13ep_cdi_listenEv():
/Users/askn/Develop/UPDI4AVR-USB/src/usb.cpp:319
    /* Send the VCP-RxD buffer to the host. */
    /* If our math is correct, then if each side of the double */
    /* buffer can complete the transmission of 64 characters   */
    /* in 1 ms, then it can support 640 kbps. */
    if (bit_is_clear(GPCONF, GPCONF_OPN_bp)
     || bit_is_clear(EP_CDI.STATUS, USB_BUSNAK_bp)) {
     37e:	f4 9b       	sbis	0x1e, 4	; 30
     380:	0b c0       	rjmp	.+22     	; 0x398 <USB::ep_cdi_listen()+0x1a>
     382:	80 91 b4 64 	lds	r24, 0x64B4	; 0x8064b4 <EP_TABLE+0x40>
     386:	81 ff       	sbrs	r24, 1
     388:	07 c0       	rjmp	.+14     	; 0x398 <USB::ep_cdi_listen()+0x1a>
/Users/askn/Develop/UPDI4AVR-USB/src/usb.cpp:329
    }
    D2PRINTF(" VI=%02X:", _send_count);
    D2PRINTHEX(bit_is_set(GPCONF, GPCONF_DBL_bp)
      ? &EP_MEM.cdi_data[64]
      : &EP_MEM.cdi_data[0], _send_count, ':');
    ATOMIC_BLOCK(ATOMIC_RESTORESTATE) {
     38a:	2f b7       	in	r18, 0x3f	; 63
__iCliRetVal():
/Users/askn/Library/Arduino15/packages/MultiX-Zinnia/tools/avr8-gcc/7.3.0-avr8-gnu-toolchain/avr/include/util/atomic.h:50
    return 1;
}

static __inline__ uint8_t __iCliRetVal(void)
{
    cli();
     38c:	f8 94       	cli
_ZN3USB13ep_cdi_listenEv():
/Users/askn/Develop/UPDI4AVR-USB/src/usb.cpp:331
      EP_CDI.DATAPTR = bit_is_set(GPCONF, GPCONF_DBL_bp)
        ? (register16_t)&EP_MEM.cdi_data[64]
     38e:	f2 99       	sbic	0x1e, 2	; 30
     390:	0a c0       	rjmp	.+20     	; 0x3a6 <USB::ep_cdi_listen()+0x28>
     392:	8c ee       	ldi	r24, 0xEC	; 236
     394:	93 e6       	ldi	r25, 0x63	; 99
     396:	09 c0       	rjmp	.+18     	; 0x3aa <USB::ep_cdi_listen()+0x2c>
/Users/askn/Develop/UPDI4AVR-USB/src/usb.cpp:322
    /* in 1 ms, then it can support 640 kbps. */
    if (bit_is_clear(GPCONF, GPCONF_OPN_bp)
     || bit_is_clear(EP_CDI.STATUS, USB_BUSNAK_bp)) {
      /* No sending allowed while port is closed.  */
      /* If the buffer overflows, it is discarded. */
      if (_send_count == 64) _send_count = 0;
     398:	80 91 70 64 	lds	r24, 0x6470	; 0x806470 <_send_count>
     39c:	80 34       	cpi	r24, 0x40	; 64
     39e:	11 f5       	brne	.+68     	; 0x3e4 <USB::ep_cdi_listen()+0x66>
     3a0:	10 92 70 64 	sts	0x6470, r1	; 0x806470 <_send_count>
     3a4:	08 95       	ret
/Users/askn/Develop/UPDI4AVR-USB/src/usb.cpp:331
    D2PRINTHEX(bit_is_set(GPCONF, GPCONF_DBL_bp)
      ? &EP_MEM.cdi_data[64]
      : &EP_MEM.cdi_data[0], _send_count, ':');
    ATOMIC_BLOCK(ATOMIC_RESTORESTATE) {
      EP_CDI.DATAPTR = bit_is_set(GPCONF, GPCONF_DBL_bp)
        ? (register16_t)&EP_MEM.cdi_data[64]
     3a6:	8c e2       	ldi	r24, 0x2C	; 44
     3a8:	94 e6       	ldi	r25, 0x64	; 100
/Users/askn/Develop/UPDI4AVR-USB/src/usb.cpp:330
    D2PRINTF(" VI=%02X:", _send_count);
    D2PRINTHEX(bit_is_set(GPCONF, GPCONF_DBL_bp)
      ? &EP_MEM.cdi_data[64]
      : &EP_MEM.cdi_data[0], _send_count, ':');
    ATOMIC_BLOCK(ATOMIC_RESTORESTATE) {
      EP_CDI.DATAPTR = bit_is_set(GPCONF, GPCONF_DBL_bp)
     3aa:	80 93 b8 64 	sts	0x64B8, r24	; 0x8064b8 <EP_TABLE+0x44>
     3ae:	90 93 b9 64 	sts	0x64B9, r25	; 0x8064b9 <EP_TABLE+0x45>
/Users/askn/Develop/UPDI4AVR-USB/src/usb.cpp:333
        ? (register16_t)&EP_MEM.cdi_data[64]
        : (register16_t)&EP_MEM.cdi_data[0];
      EP_CDI.CNT = _send_count;
     3b2:	80 91 70 64 	lds	r24, 0x6470	; 0x806470 <_send_count>
     3b6:	90 e0       	ldi	r25, 0x00	; 0
     3b8:	80 93 b6 64 	sts	0x64B6, r24	; 0x8064b6 <EP_TABLE+0x42>
     3bc:	90 93 b7 64 	sts	0x64B7, r25	; 0x8064b7 <EP_TABLE+0x43>
/Users/askn/Develop/UPDI4AVR-USB/src/usb.cpp:334
      EP_CDI.MCNT = 0;
     3c0:	10 92 ba 64 	sts	0x64BA, r1	; 0x8064ba <EP_TABLE+0x46>
     3c4:	10 92 bb 64 	sts	0x64BB, r1	; 0x8064bb <EP_TABLE+0x47>
/Users/askn/Develop/UPDI4AVR-USB/src/usb.cpp:335
      _send_count = 0;
     3c8:	10 92 70 64 	sts	0x6470, r1	; 0x806470 <_send_count>
/Users/askn/Develop/UPDI4AVR-USB/src/usb.cpp:336
      GPCONF ^= GPCONF_DBL_bm;
     3cc:	8e b3       	in	r24, 0x1e	; 30
     3ce:	94 e0       	ldi	r25, 0x04	; 4
     3d0:	89 27       	eor	r24, r25
     3d2:	8e bb       	out	0x1e, r24	; 30
__iRestore():
/Users/askn/Library/Arduino15/packages/MultiX-Zinnia/tools/avr8-gcc/7.3.0-avr8-gnu-toolchain/avr/include/util/atomic.h:70
    (void)__s;
}

static __inline__ void __iRestore(const  uint8_t *__s)
{
    SREG = *__s;
     3d4:	2f bf       	out	0x3f, r18	; 63
_ZN3USB13ep_cdi_listenEv():
/Users/askn/Develop/UPDI4AVR-USB/src/usb.cpp:338
    }
    loop_until_bit_is_clear(USB0_INTFLAGSB, USB_RMWBUSY_bp);
     3d6:	80 91 0b 0c 	lds	r24, 0x0C0B	; 0x800c0b <__TEXT_REGION_LENGTH__+0x7f0c0b>
     3da:	82 fd       	sbrc	r24, 2
     3dc:	fc cf       	rjmp	.-8      	; 0x3d6 <USB::ep_cdi_listen()+0x58>
/Users/askn/Develop/UPDI4AVR-USB/src/usb.cpp:339
    USB_EP_STATUS_CLR(USB_EP_CDI) = ~USB_TOGGLE_bm;
     3de:	8e ef       	ldi	r24, 0xFE	; 254
     3e0:	80 93 4e 0c 	sts	0x0C4E, r24	; 0x800c4e <__TEXT_REGION_LENGTH__+0x7f0c4e>
/Users/askn/Develop/UPDI4AVR-USB/src/usb.cpp:340
  }
     3e4:	08 95       	ret

000003e6 <USB::ep_cci_listen()>:
_ZN3USB13ep_cci_listenEv():
/Users/askn/Develop/UPDI4AVR-USB/src/usb.cpp:304
    loop_until_bit_is_clear(USB0_INTFLAGSB, USB_RMWBUSY_bp);
    USB_EP_STATUS_CLR(USB_EP_DPO) = ~USB_TOGGLE_bm;
  }

  void ep_cci_listen (void) {
    if ((_send_break + 1) > 1 && _send_break > USB_CCI_INTERVAL) {
     3e6:	80 91 71 64 	lds	r24, 0x6471	; 0x806471 <_send_break>
     3ea:	90 91 72 64 	lds	r25, 0x6472	; 0x806472 <_send_break+0x1>
     3ee:	9c 01       	movw	r18, r24
     3f0:	25 50       	subi	r18, 0x05	; 5
     3f2:	31 09       	sbc	r19, r1
     3f4:	2a 3f       	cpi	r18, 0xFA	; 250
     3f6:	3f 4f       	sbci	r19, 0xFF	; 255
     3f8:	28 f4       	brcc	.+10     	; 0x404 <__BOOT_SIGNATURE_REGION_LENGTH__+0x4>
/Users/askn/Develop/UPDI4AVR-USB/src/usb.cpp:305
      _send_break -= USB_CCI_INTERVAL;
     3fa:	04 97       	sbiw	r24, 0x04	; 4
     3fc:	80 93 71 64 	sts	0x6471, r24	; 0x806471 <_send_break>
     400:	90 93 72 64 	sts	0x6472, r25	; 0x806472 <_send_break+0x1>
/Users/askn/Develop/UPDI4AVR-USB/src/usb.cpp:307
    }
    EP_CCI.CNT = 10;
     404:	8a e0       	ldi	r24, 0x0A	; 10
     406:	90 e0       	ldi	r25, 0x00	; 0
     408:	80 93 a6 64 	sts	0x64A6, r24	; 0x8064a6 <EP_TABLE+0x32>
     40c:	90 93 a7 64 	sts	0x64A7, r25	; 0x8064a7 <EP_TABLE+0x33>
/Users/askn/Develop/UPDI4AVR-USB/src/usb.cpp:308
    EP_CCI.MCNT = 0;
     410:	10 92 aa 64 	sts	0x64AA, r1	; 0x8064aa <EP_TABLE+0x36>
     414:	10 92 ab 64 	sts	0x64AB, r1	; 0x8064ab <EP_TABLE+0x37>
/Users/askn/Develop/UPDI4AVR-USB/src/usb.cpp:309
    loop_until_bit_is_clear(USB0_INTFLAGSB, USB_RMWBUSY_bp);
     418:	80 91 0b 0c 	lds	r24, 0x0C0B	; 0x800c0b <__TEXT_REGION_LENGTH__+0x7f0c0b>
     41c:	82 fd       	sbrc	r24, 2
     41e:	fc cf       	rjmp	.-8      	; 0x418 <__BOOT_SIGNATURE_REGION_LENGTH__+0x18>
/Users/askn/Develop/UPDI4AVR-USB/src/usb.cpp:310
    USB_EP_STATUS_CLR(USB_EP_CCI) = ~USB_TOGGLE_bm;
     420:	8e ef       	ldi	r24, 0xFE	; 254
     422:	80 93 4a 0c 	sts	0x0C4A, r24	; 0x800c4a <__TEXT_REGION_LENGTH__+0x7f0c4a>
/Users/askn/Develop/UPDI4AVR-USB/src/usb.cpp:311
  }
     426:	08 95       	ret

00000428 <USB::ep_res_listen()>:
_ZN3USB13ep_res_listenEv():
/Users/askn/Develop/UPDI4AVR-USB/src/usb.cpp:285
    loop_until_bit_is_clear(USB0_INTFLAGSB, USB_RMWBUSY_bp);
    USB_EP_STATUS_CLR(USB_EP_REQ) = ~USB_TOGGLE_bm;
  }

  void ep_res_listen (void) {
    EP_RES.MCNT = 0;
     428:	10 92 8a 64 	sts	0x648A, r1	; 0x80648a <EP_TABLE+0x16>
     42c:	10 92 8b 64 	sts	0x648B, r1	; 0x80648b <EP_TABLE+0x17>
/Users/askn/Develop/UPDI4AVR-USB/src/usb.cpp:286
    loop_until_bit_is_clear(USB0_INTFLAGSB, USB_RMWBUSY_bp);
     430:	80 91 0b 0c 	lds	r24, 0x0C0B	; 0x800c0b <__TEXT_REGION_LENGTH__+0x7f0c0b>
     434:	82 fd       	sbrc	r24, 2
     436:	fc cf       	rjmp	.-8      	; 0x430 <USB::ep_res_listen()+0x8>
/Users/askn/Develop/UPDI4AVR-USB/src/usb.cpp:287
    USB_EP_STATUS_CLR(USB_EP_RES) = ~USB_TOGGLE_bm;
     438:	8e ef       	ldi	r24, 0xFE	; 254
     43a:	80 93 42 0c 	sts	0x0C42, r24	; 0x800c42 <__TEXT_REGION_LENGTH__+0x7f0c42>
/Users/askn/Develop/UPDI4AVR-USB/src/usb.cpp:288
  }
     43e:	08 95       	ret

00000440 <USB::ep_req_listen()>:
_ZN3USB13ep_req_listenEv():
/Users/askn/Develop/UPDI4AVR-USB/src/usb.cpp:279
  void ep_cci_pending (void) { loop_until_bit_is_set(EP_CCI.STATUS, USB_BUSNAK_bp); }
  void ep_cdo_pending (void) { loop_until_bit_is_set(EP_CDO.STATUS, USB_BUSNAK_bp); }
  void ep_cdi_pending (void) { loop_until_bit_is_set(EP_CDI.STATUS, USB_BUSNAK_bp); }

  void ep_req_listen (void) {
    EP_REQ.CNT = 0;
     440:	10 92 7e 64 	sts	0x647E, r1	; 0x80647e <EP_TABLE+0xa>
     444:	10 92 7f 64 	sts	0x647F, r1	; 0x80647f <EP_TABLE+0xb>
/Users/askn/Develop/UPDI4AVR-USB/src/usb.cpp:280
    loop_until_bit_is_clear(USB0_INTFLAGSB, USB_RMWBUSY_bp);
     448:	80 91 0b 0c 	lds	r24, 0x0C0B	; 0x800c0b <__TEXT_REGION_LENGTH__+0x7f0c0b>
     44c:	82 fd       	sbrc	r24, 2
     44e:	fc cf       	rjmp	.-8      	; 0x448 <USB::ep_req_listen()+0x8>
/Users/askn/Develop/UPDI4AVR-USB/src/usb.cpp:281
    USB_EP_STATUS_CLR(USB_EP_REQ) = ~USB_TOGGLE_bm;
     450:	8e ef       	ldi	r24, 0xFE	; 254
     452:	80 93 40 0c 	sts	0x0C40, r24	; 0x800c40 <__TEXT_REGION_LENGTH__+0x7f0c40>
/Users/askn/Develop/UPDI4AVR-USB/src/usb.cpp:282
  }
     456:	08 95       	ret

00000458 <USART::change_pdi()>:
_ZN5USART10change_pdiEv():
/Users/askn/Develop/UPDI4AVR-USB/src/usart.cpp:123
    }
  }

  /*** Set up single-wire synchronous mode for PDI operation. ***/
  /* The TRST is repurposed to transmit the synchronous clock. */
  void change_pdi (void) {
     458:	cf 93       	push	r28
/Users/askn/Develop/UPDI4AVR-USB/src/usart.cpp:125
    #if defined(CONFIG_PGM_PDI_ENABLE)
    ATOMIC_BLOCK(ATOMIC_RESTORESTATE) {
     45a:	cf b7       	in	r28, 0x3f	; 63
__iCliRetVal():
/Users/askn/Library/Arduino15/packages/MultiX-Zinnia/tools/avr8-gcc/7.3.0-avr8-gnu-toolchain/avr/include/util/atomic.h:50
    return 1;
}

static __inline__ uint8_t __iCliRetVal(void)
{
    cli();
     45c:	f8 94       	cli
_ZN5USART10change_pdiEv():
/Users/askn/Develop/UPDI4AVR-USB/src/usart.cpp:126
      PORTMUX_USARTROUTEA = PORTMUX_USART_PDI;
     45e:	81 e1       	ldi	r24, 0x11	; 17
     460:	80 93 e2 05 	sts	0x05E2, r24	; 0x8005e2 <__TEXT_REGION_LENGTH__+0x7f05e2>
/Users/askn/Develop/UPDI4AVR-USB/src/usart.cpp:127
      pinControlRegister(PIN_PGM_PCLK) = PORT_INVEN_bm;
     464:	80 e8       	ldi	r24, 0x80	; 128
     466:	80 93 16 04 	sts	0x0416, r24	; 0x800416 <__TEXT_REGION_LENGTH__+0x7f0416>
/Users/askn/Develop/UPDI4AVR-USB/src/usart.cpp:128
      pinLogicPull(PIN_PGM_PCLK);   /* Everything except CNANO is shared with TRST */
     46a:	06 9a       	sbi	0x00, 6	; 0
/Users/askn/Develop/UPDI4AVR-USB/src/usart.cpp:129
      USART0_STATUS = USART_DREIF_bm;
     46c:	80 e2       	ldi	r24, 0x20	; 32
     46e:	80 93 04 08 	sts	0x0804, r24	; 0x800804 <__TEXT_REGION_LENGTH__+0x7f0804>
sync_baud_khz():
/Users/askn/Develop/UPDI4AVR-USB/src/usart.cpp:50
    else if (_baud > 0xFFFFU) _baud = 0xFFFF;
    return _baud;
  }

  uint16_t sync_baud_khz (uint16_t _khz) {
    uint32_t _baud = ((F_CPU / 1000) / _khz + 1) / 2;
     472:	20 91 52 63 	lds	r18, 0x6352	; 0x806352 <_xclk>
     476:	30 91 53 63 	lds	r19, 0x6353	; 0x806353 <_xclk+0x1>
     47a:	50 e0       	ldi	r21, 0x00	; 0
     47c:	40 e0       	ldi	r20, 0x00	; 0
     47e:	60 e2       	ldi	r22, 0x20	; 32
     480:	7e e4       	ldi	r23, 0x4E	; 78
     482:	80 e0       	ldi	r24, 0x00	; 0
     484:	90 e0       	ldi	r25, 0x00	; 0
     486:	0e 94 21 21 	call	0x4242	; 0x4242 <__divmodsi4>
     48a:	da 01       	movw	r26, r20
     48c:	c9 01       	movw	r24, r18
     48e:	01 96       	adiw	r24, 0x01	; 1
     490:	a1 1d       	adc	r26, r1
     492:	b1 1d       	adc	r27, r1
     494:	b5 95       	asr	r27
     496:	a7 95       	ror	r26
     498:	97 95       	ror	r25
     49a:	87 95       	ror	r24
/Users/askn/Develop/UPDI4AVR-USB/src/usart.cpp:51
    _baud <<= 6;
     49c:	36 e0       	ldi	r19, 0x06	; 6
     49e:	88 0f       	add	r24, r24
     4a0:	99 1f       	adc	r25, r25
     4a2:	aa 1f       	adc	r26, r26
     4a4:	bb 1f       	adc	r27, r27
     4a6:	3a 95       	dec	r19
     4a8:	d1 f7       	brne	.-12     	; 0x49e <USART::change_pdi()+0x46>
     4aa:	00 97       	sbiw	r24, 0x00	; 0
     4ac:	21 e0       	ldi	r18, 0x01	; 1
     4ae:	a2 07       	cpc	r26, r18
     4b0:	b1 05       	cpc	r27, r1
     4b2:	20 f0       	brcs	.+8      	; 0x4bc <USART::change_pdi()+0x64>
     4b4:	8f ef       	ldi	r24, 0xFF	; 255
     4b6:	9f ef       	ldi	r25, 0xFF	; 255
     4b8:	a0 e0       	ldi	r26, 0x00	; 0
     4ba:	b0 e0       	ldi	r27, 0x00	; 0
/Users/askn/Develop/UPDI4AVR-USB/src/usart.cpp:54
    if (_baud < 64) _baud = 64;
    else if (_baud > 0xFFFFU) _baud = 0xFFFF;
    return _baud;
     4bc:	80 34       	cpi	r24, 0x40	; 64
     4be:	91 05       	cpc	r25, r1
     4c0:	a1 05       	cpc	r26, r1
     4c2:	b1 05       	cpc	r27, r1
     4c4:	20 f4       	brcc	.+8      	; 0x4ce <USART::change_pdi()+0x76>
     4c6:	80 e4       	ldi	r24, 0x40	; 64
     4c8:	90 e0       	ldi	r25, 0x00	; 0
     4ca:	a0 e0       	ldi	r26, 0x00	; 0
     4cc:	b0 e0       	ldi	r27, 0x00	; 0
_ZN5USART10change_pdiEv():
/Users/askn/Develop/UPDI4AVR-USB/src/usart.cpp:130
    ATOMIC_BLOCK(ATOMIC_RESTORESTATE) {
      PORTMUX_USARTROUTEA = PORTMUX_USART_PDI;
      pinControlRegister(PIN_PGM_PCLK) = PORT_INVEN_bm;
      pinLogicPull(PIN_PGM_PCLK);   /* Everything except CNANO is shared with TRST */
      USART0_STATUS = USART_DREIF_bm;
      USART0_BAUD  = sync_baud_khz(_xclk);
     4ce:	80 93 08 08 	sts	0x0808, r24	; 0x800808 <__TEXT_REGION_LENGTH__+0x7f0808>
     4d2:	90 93 09 08 	sts	0x0809, r25	; 0x800809 <__TEXT_REGION_LENGTH__+0x7f0809>
/Users/askn/Develop/UPDI4AVR-USB/src/usart.cpp:131
      USART0_CTRLC = USART_CHSIZE_8BIT_gc | USART_PMODE_EVEN_gc | USART_CMODE_SYNCHRONOUS_gc | USART_SBMODE_2BIT_gc;
     4d6:	8b e6       	ldi	r24, 0x6B	; 107
     4d8:	80 93 07 08 	sts	0x0807, r24	; 0x800807 <__TEXT_REGION_LENGTH__+0x7f0807>
/Users/askn/Develop/UPDI4AVR-USB/src/usart.cpp:132
      USART0_CTRLA = USART_LBME_bm | USART_RS485_INT_gc;
     4dc:	8a e0       	ldi	r24, 0x0A	; 10
     4de:	80 93 05 08 	sts	0x0805, r24	; 0x800805 <__TEXT_REGION_LENGTH__+0x7f0805>
/Users/askn/Develop/UPDI4AVR-USB/src/usart.cpp:133
      USART0_CTRLB = USART_RXEN_bm;
     4e2:	80 e8       	ldi	r24, 0x80	; 128
     4e4:	80 93 06 08 	sts	0x0806, r24	; 0x800806 <__TEXT_REGION_LENGTH__+0x7f0806>
__iRestore():
/Users/askn/Library/Arduino15/packages/MultiX-Zinnia/tools/avr8-gcc/7.3.0-avr8-gnu-toolchain/avr/include/util/atomic.h:70
    (void)__s;
}

static __inline__ void __iRestore(const  uint8_t *__s)
{
    SREG = *__s;
     4e8:	cf bf       	out	0x3f, r28	; 63
_ZN5USART10change_pdiEv():
/Users/askn/Develop/UPDI4AVR-USB/src/usart.cpp:137
      D1PRINTF(" USART=PDI BAUD=%04X\r\n", USART0_BAUD);
    }
    #endif
  }
     4ea:	cf 91       	pop	r28
     4ec:	08 95       	ret

000004ee <NVM::V1::prog_init()>:
_ZN3NVM2V19prog_initEv():
/Users/askn/Develop/UPDI4AVR-USB/src/nvmv1.cpp:33
 * the truly correct value is the one read via "UPDI SIB".
 */

namespace NVM::V1 {

  size_t prog_init (void) { return 0; }
     4ee:	90 e0       	ldi	r25, 0x00	; 0
     4f0:	80 e0       	ldi	r24, 0x00	; 0
     4f2:	08 95       	ret

000004f4 <PDI::recv()>:
_ZN3PDI4recvEv():
/Users/askn/Develop/UPDI4AVR-USB/src/pdi.cpp:117
    idle_clock(16);
    return start_txd();
  }

  bool recv (void) {
    do { RXSTAT = USART0_RXDATAH; } while (!RXSTAT);
     4f4:	80 91 01 08 	lds	r24, 0x0801	; 0x800801 <__TEXT_REGION_LENGTH__+0x7f0801>
     4f8:	8c bb       	out	0x1c, r24	; 28
     4fa:	8c b3       	in	r24, 0x1c	; 28
     4fc:	88 23       	and	r24, r24
     4fe:	d1 f3       	breq	.-12     	; 0x4f4 <PDI::recv()>
/Users/askn/Develop/UPDI4AVR-USB/src/pdi.cpp:118
    RXDATA = USART0_RXDATAL;
     500:	80 91 00 08 	lds	r24, 0x0800	; 0x800800 <__TEXT_REGION_LENGTH__+0x7f0800>
     504:	8d bb       	out	0x1d, r24	; 29
/Users/askn/Develop/UPDI4AVR-USB/src/pdi.cpp:119
    RXSTAT ^= 0x80;
     506:	8c b3       	in	r24, 0x1c	; 28
     508:	80 58       	subi	r24, 0x80	; 128
     50a:	8c bb       	out	0x1c, r24	; 28
/Users/askn/Develop/UPDI4AVR-USB/src/pdi.cpp:121
    // D2PRINTF("(%02X:%02X)", RXSTAT, RXDATA);
    return RXSTAT == 0;
     50c:	9c b3       	in	r25, 0x1c	; 28
     50e:	81 e0       	ldi	r24, 0x01	; 1
     510:	91 11       	cpse	r25, r1
     512:	80 e0       	ldi	r24, 0x00	; 0
/Users/askn/Develop/UPDI4AVR-USB/src/pdi.cpp:122
  }
     514:	08 95       	ret

00000516 <PDI::recv_byte() [clone .part.3]>:
_ZN3PDI9recv_byteEv.part.3():
/Users/askn/Develop/UPDI4AVR-USB/src/pdi.cpp:125

  bool recv_byte (void) {
    return stop_txd() && recv();
     516:	ee cf       	rjmp	.-36     	; 0x4f4 <PDI::recv()>

00000518 <PDI::send(unsigned char)>:
_ZN3PDI4sendEh():
/Users/askn/Develop/UPDI4AVR-USB/src/pdi.cpp:145
      *_data++ = RXDATA;
    } while (--_len);
    return true;
  }

  bool send (const uint8_t _data) {
     518:	cf 93       	push	r28
     51a:	c8 2f       	mov	r28, r24
/Users/askn/Develop/UPDI4AVR-USB/src/pdi.cpp:146
    loop_until_bit_is_set(USART0_STATUS, USART_DREIF_bp);
     51c:	80 91 04 08 	lds	r24, 0x0804	; 0x800804 <__TEXT_REGION_LENGTH__+0x7f0804>
     520:	85 ff       	sbrs	r24, 5
     522:	fc cf       	rjmp	.-8      	; 0x51c <PDI::send(unsigned char)+0x4>
/Users/askn/Develop/UPDI4AVR-USB/src/pdi.cpp:148
    // D2PRINTF("[%02X]", _data);
    USART0_TXDATAL = _data;
     524:	c0 93 02 08 	sts	0x0802, r28	; 0x800802 <__TEXT_REGION_LENGTH__+0x7f0802>
/Users/askn/Develop/UPDI4AVR-USB/src/pdi.cpp:149
    return recv() && _data == RXDATA;
     528:	e5 df       	rcall	.-54     	; 0x4f4 <PDI::recv()>
     52a:	88 23       	and	r24, r24
     52c:	21 f0       	breq	.+8      	; 0x536 <PDI::send(unsigned char)+0x1e>
     52e:	9d b3       	in	r25, 0x1d	; 29
     530:	81 e0       	ldi	r24, 0x01	; 1
     532:	9c 13       	cpse	r25, r28
     534:	80 e0       	ldi	r24, 0x00	; 0
/Users/askn/Develop/UPDI4AVR-USB/src/pdi.cpp:150
  }
     536:	cf 91       	pop	r28
     538:	08 95       	ret

0000053a <UPDI::send_bytes(unsigned char const*, unsigned int)>:
_ZN4UPDI10send_bytesEPKhj():
/Users/askn/Develop/UPDI4AVR-USB/src/updi.cpp:100
    // D1PRINTF("\r\n[%02X]", _data);
    USART0_TXDATAL = _data;
    return recv() && _data == RXDATA;
  }

  bool send_bytes (const uint8_t* _data, size_t _len) {
     53a:	0f 93       	push	r16
     53c:	1f 93       	push	r17
     53e:	cf 93       	push	r28
     540:	df 93       	push	r29
     542:	eb 01       	movw	r28, r22
     544:	8c 01       	movw	r16, r24
/Users/askn/Develop/UPDI4AVR-USB/src/updi.cpp:102
    do {
      if (!send(*_data++)) return false;
     546:	f8 01       	movw	r30, r16
     548:	81 91       	ld	r24, Z+
     54a:	8f 01       	movw	r16, r30
     54c:	e5 df       	rcall	.-54     	; 0x518 <PDI::send(unsigned char)>
     54e:	88 23       	and	r24, r24
     550:	11 f0       	breq	.+4      	; 0x556 <UPDI::send_bytes(unsigned char const*, unsigned int)+0x1c>
/Users/askn/Develop/UPDI4AVR-USB/src/updi.cpp:103
    } while (--_len);
     552:	21 97       	sbiw	r28, 0x01	; 1
     554:	c1 f7       	brne	.-16     	; 0x546 <UPDI::send_bytes(unsigned char const*, unsigned int)+0xc>
/Users/askn/Develop/UPDI4AVR-USB/src/updi.cpp:105
    return true;
  }
     556:	df 91       	pop	r29
     558:	cf 91       	pop	r28
     55a:	1f 91       	pop	r17
     55c:	0f 91       	pop	r16
     55e:	08 95       	ret

00000560 <UPDI::disconnect()>:
_ZN4UPDI10disconnectEv():
/Users/askn/Develop/UPDI4AVR-USB/src/updi.cpp:134
    const static uint8_t _reset[] = {
      0x55, 0xC8, 0x59, /* SYSRST */
      0x55, 0xC8, 0x00, /* SYSRUN */
      0x55, 0xC3, 0x04  /* UPDIDIS */
    };
    return send_bytes(_reset, _leave ? 9 : 6);
     560:	69 e0       	ldi	r22, 0x09	; 9
     562:	70 e0       	ldi	r23, 0x00	; 0
     564:	87 e9       	ldi	r24, 0x97	; 151
     566:	90 e6       	ldi	r25, 0x60	; 96
     568:	e8 df       	rcall	.-48     	; 0x53a <UPDI::send_bytes(unsigned char const*, unsigned int)>
/Users/askn/Develop/UPDI4AVR-USB/src/updi.cpp:465
    return 0;
  }

  inline size_t disconnect (void) {
    return sys_reset(true);
  }
     56a:	90 e0       	ldi	r25, 0x00	; 0
     56c:	08 95       	ret

0000056e <UPDI::sys_status()>:
_ZN4UPDI10sys_statusEv():
/Users/askn/Develop/UPDI4AVR-USB/src/updi.cpp:228
    return send_bytes(_key_stat, 2) && recv();
  }

  bool sys_status (void) {
    const static uint8_t _sys_stat[] = {0x55, 0x8B};
    return send_bytes(_sys_stat, 2) && recv();
     56e:	62 e0       	ldi	r22, 0x02	; 2
     570:	70 e0       	ldi	r23, 0x00	; 0
     572:	81 e6       	ldi	r24, 0x61	; 97
     574:	90 e6       	ldi	r25, 0x60	; 96
     576:	e1 df       	rcall	.-62     	; 0x53a <UPDI::send_bytes(unsigned char const*, unsigned int)>
     578:	81 11       	cpse	r24, r1
     57a:	cd cf       	rjmp	.-102    	; 0x516 <PDI::recv_byte() [clone .part.3]>
/Users/askn/Develop/UPDI4AVR-USB/src/updi.cpp:229
  }
     57c:	80 e0       	ldi	r24, 0x00	; 0
/Users/askn/Develop/UPDI4AVR-USB/src/updi.cpp:223
    return send_byte(0x1000, _nvmcmd);  /* NVMCTRL_CTRLA */
  }

  bool key_status (void) {
    const static uint8_t _key_stat[] = {0x55, 0x87};
    return send_bytes(_key_stat, 2) && recv();
     57e:	08 95       	ret

00000580 <UPDI::key_status()>:
_ZN4UPDI10key_statusEv():
     580:	62 e0       	ldi	r22, 0x02	; 2
     582:	70 e0       	ldi	r23, 0x00	; 0
     584:	8f e5       	ldi	r24, 0x5F	; 95
     586:	90 e6       	ldi	r25, 0x60	; 96
     588:	d8 df       	rcall	.-80     	; 0x53a <UPDI::send_bytes(unsigned char const*, unsigned int)>
     58a:	81 11       	cpse	r24, r1
     58c:	c4 cf       	rjmp	.-120    	; 0x516 <PDI::recv_byte() [clone .part.3]>
/Users/askn/Develop/UPDI4AVR-USB/src/updi.cpp:224
  }
     58e:	80 e0       	ldi	r24, 0x00	; 0
     590:	08 95       	ret

00000592 <UPDI::recv_byte(unsigned long)>:
_ZN4UPDI9recv_byteEm():
/Users/askn/Develop/UPDI4AVR-USB/src/updi.cpp:113
  /* The acquired data is stored in RXDATA.    */
  bool recv_byte (uint32_t _dwAddr) {
    static uint8_t _set_ptr[] = {
      0x55, 0x08, 0, 0, 0, 0  /* LDS ADDR3 DATA1 */
    };
    _CAPS32(_set_ptr[2])->dword = _dwAddr;
     592:	60 93 15 60 	sts	0x6015, r22	; 0x806015 <UPDI::recv_byte(unsigned long)::_set_ptr+0x2>
     596:	70 93 16 60 	sts	0x6016, r23	; 0x806016 <UPDI::recv_byte(unsigned long)::_set_ptr+0x3>
     59a:	80 93 17 60 	sts	0x6017, r24	; 0x806017 <UPDI::recv_byte(unsigned long)::_set_ptr+0x4>
/Users/askn/Develop/UPDI4AVR-USB/src/updi.cpp:114
    return send_bytes(_set_ptr, 5) && recv();
     59e:	90 93 18 60 	sts	0x6018, r25	; 0x806018 <UPDI::recv_byte(unsigned long)::_set_ptr+0x5>
     5a2:	65 e0       	ldi	r22, 0x05	; 5
     5a4:	70 e0       	ldi	r23, 0x00	; 0
     5a6:	83 e1       	ldi	r24, 0x13	; 19
     5a8:	90 e6       	ldi	r25, 0x60	; 96
     5aa:	c7 df       	rcall	.-114    	; 0x53a <UPDI::send_bytes(unsigned char const*, unsigned int)>
     5ac:	81 11       	cpse	r24, r1
/Users/askn/Develop/UPDI4AVR-USB/src/updi.cpp:115
  }
     5ae:	b3 cf       	rjmp	.-154    	; 0x516 <PDI::recv_byte() [clone .part.3]>
     5b0:	80 e0       	ldi	r24, 0x00	; 0
/Users/askn/Develop/UPDI4AVR-USB/src/updi.cpp:90
    } while (--_len);
    return true;
  }

  bool is_ack (void) {
    return recv() && 0x40 == RXDATA;
     5b2:	08 95       	ret

000005b4 <UPDI::is_ack()>:
_ZN4UPDI6is_ackEv():
     5b4:	9f df       	rcall	.-194    	; 0x4f4 <PDI::recv()>
     5b6:	88 23       	and	r24, r24
     5b8:	29 f0       	breq	.+10     	; 0x5c4 <UPDI::is_ack()+0x10>
     5ba:	9d b3       	in	r25, 0x1d	; 29
     5bc:	81 e0       	ldi	r24, 0x01	; 1
     5be:	90 34       	cpi	r25, 0x40	; 64
     5c0:	09 f0       	breq	.+2      	; 0x5c4 <UPDI::is_ack()+0x10>
     5c2:	80 e0       	ldi	r24, 0x00	; 0
/Users/askn/Develop/UPDI4AVR-USB/src/updi.cpp:91
  }
     5c4:	08 95       	ret

000005c6 <UPDI::send_words_block(unsigned long, unsigned int)>:
_ZN4UPDI16send_words_blockEmj():
/Users/askn/Develop/UPDI4AVR-USB/src/updi.cpp:191
      && send_bytes(_set_repeat, sizeof(_set_repeat))
      && send_bytes(&packet.out.memData[0], _wLength)
      && clear_rsd();
  }

  bool send_words_block (uint32_t _dwAddr, size_t _wLength) {
     5c6:	cf 93       	push	r28
     5c8:	df 93       	push	r29
     5ca:	ea 01       	movw	r28, r20
/Users/askn/Develop/UPDI4AVR-USB/src/updi.cpp:194
    /* This function works in word units up to 256 words, */
    /* and will round down any fractional words.          */
    _CAPS32(_set_ptr24[2])->dword = _dwAddr;
     5cc:	60 93 26 60 	sts	0x6026, r22	; 0x806026 <UPDI::_set_ptr24+0x2>
     5d0:	70 93 27 60 	sts	0x6027, r23	; 0x806027 <UPDI::_set_ptr24+0x3>
     5d4:	80 93 28 60 	sts	0x6028, r24	; 0x806028 <UPDI::_set_ptr24+0x4>
     5d8:	90 93 29 60 	sts	0x6029, r25	; 0x806029 <UPDI::_set_ptr24+0x5>
/Users/askn/Develop/UPDI4AVR-USB/src/updi.cpp:195
    _set_repeat[2] = (_wLength >> 1) - 1;
     5dc:	ca 01       	movw	r24, r20
     5de:	96 95       	lsr	r25
     5e0:	87 95       	ror	r24
     5e2:	81 50       	subi	r24, 0x01	; 1
     5e4:	80 93 21 60 	sts	0x6021, r24	; 0x806021 <UPDI::_set_repeat+0x2>
/Users/askn/Develop/UPDI4AVR-USB/src/updi.cpp:196
    _set_repeat[4] = 0x65;  /* ST PTR++ DATA2 */
     5e8:	85 e6       	ldi	r24, 0x65	; 101
     5ea:	80 93 23 60 	sts	0x6023, r24	; 0x806023 <UPDI::_set_repeat+0x4>
/Users/askn/Develop/UPDI4AVR-USB/src/updi.cpp:197
    return send_bytes(_set_ptr24, 5)
     5ee:	65 e0       	ldi	r22, 0x05	; 5
     5f0:	70 e0       	ldi	r23, 0x00	; 0
     5f2:	84 e2       	ldi	r24, 0x24	; 36
     5f4:	90 e6       	ldi	r25, 0x60	; 96
/Users/askn/Develop/UPDI4AVR-USB/src/updi.cpp:202
      && is_ack()
      && set_rsd()
      && send_bytes(_set_repeat, sizeof(_set_repeat))
      && send_bytes(&packet.out.memData[0], _wLength & ~1)
      && clear_rsd();
     5f6:	a1 df       	rcall	.-190    	; 0x53a <UPDI::send_bytes(unsigned char const*, unsigned int)>
     5f8:	88 23       	and	r24, r24
/Users/askn/Develop/UPDI4AVR-USB/src/updi.cpp:198
    /* and will round down any fractional words.          */
    _CAPS32(_set_ptr24[2])->dword = _dwAddr;
    _set_repeat[2] = (_wLength >> 1) - 1;
    _set_repeat[4] = 0x65;  /* ST PTR++ DATA2 */
    return send_bytes(_set_ptr24, 5)
      && is_ack()
     5fa:	f9 f0       	breq	.+62     	; 0x63a <UPDI::send_words_block(unsigned long, unsigned int)+0x74>
     5fc:	db df       	rcall	.-74     	; 0x5b4 <UPDI::is_ack()>
     5fe:	88 23       	and	r24, r24
/Users/askn/Develop/UPDI4AVR-USB/src/updi.cpp:139
    return send_bytes(_reset, _leave ? 9 : 6);
  }

  bool set_rsd (void) {
    const static uint8_t _set_rsd[] = {0x55, 0xC2, 0x08 + UPDI_CTRLAV};
    return send_bytes(_set_rsd, 3);
     600:	e1 f0       	breq	.+56     	; 0x63a <UPDI::send_words_block(unsigned long, unsigned int)+0x74>
set_rsd():
     602:	63 e0       	ldi	r22, 0x03	; 3
     604:	70 e0       	ldi	r23, 0x00	; 0
     606:	8c e5       	ldi	r24, 0x5C	; 92
     608:	90 e6       	ldi	r25, 0x60	; 96
/Users/askn/Develop/UPDI4AVR-USB/src/updi.cpp:199
    _CAPS32(_set_ptr24[2])->dword = _dwAddr;
    _set_repeat[2] = (_wLength >> 1) - 1;
    _set_repeat[4] = 0x65;  /* ST PTR++ DATA2 */
    return send_bytes(_set_ptr24, 5)
      && is_ack()
      && set_rsd()
     60a:	97 df       	rcall	.-210    	; 0x53a <UPDI::send_bytes(unsigned char const*, unsigned int)>
_ZN4UPDI16send_words_blockEmj():
     60c:	88 23       	and	r24, r24
/Users/askn/Develop/UPDI4AVR-USB/src/updi.cpp:200
      && send_bytes(_set_repeat, sizeof(_set_repeat))
     60e:	a9 f0       	breq	.+42     	; 0x63a <UPDI::send_words_block(unsigned long, unsigned int)+0x74>
     610:	65 e0       	ldi	r22, 0x05	; 5
     612:	70 e0       	ldi	r23, 0x00	; 0
     614:	8f e1       	ldi	r24, 0x1F	; 31
     616:	90 e6       	ldi	r25, 0x60	; 96
     618:	90 df       	rcall	.-224    	; 0x53a <UPDI::send_bytes(unsigned char const*, unsigned int)>
     61a:	88 23       	and	r24, r24
/Users/askn/Develop/UPDI4AVR-USB/src/updi.cpp:201
      && send_bytes(&packet.out.memData[0], _wLength & ~1)
     61c:	71 f0       	breq	.+28     	; 0x63a <UPDI::send_words_block(unsigned long, unsigned int)+0x74>
     61e:	be 01       	movw	r22, r28
     620:	6e 7f       	andi	r22, 0xFE	; 254
     622:	86 ee       	ldi	r24, 0xE6	; 230
     624:	90 e6       	ldi	r25, 0x60	; 96
     626:	89 df       	rcall	.-238    	; 0x53a <UPDI::send_bytes(unsigned char const*, unsigned int)>
     628:	88 23       	and	r24, r24
     62a:	39 f0       	breq	.+14     	; 0x63a <UPDI::send_words_block(unsigned long, unsigned int)+0x74>
clear_rsd():
/Users/askn/Develop/UPDI4AVR-USB/src/updi.cpp:144
    return send_bytes(_set_rsd, 3);
  }

  bool clear_rsd (void) {
    const static uint8_t _clear_rsd[] = {0x55, 0xC2, UPDI_CTRLAV};
    return send_bytes(_clear_rsd, 3);
     62c:	63 e0       	ldi	r22, 0x03	; 3
     62e:	70 e0       	ldi	r23, 0x00	; 0
     630:	87 e8       	ldi	r24, 0x87	; 135
     632:	90 e6       	ldi	r25, 0x60	; 96
_ZN4UPDI16send_words_blockEmj():
/Users/askn/Develop/UPDI4AVR-USB/src/updi.cpp:203
      && is_ack()
      && set_rsd()
      && send_bytes(_set_repeat, sizeof(_set_repeat))
      && send_bytes(&packet.out.memData[0], _wLength & ~1)
      && clear_rsd();
  }
     634:	df 91       	pop	r29
     636:	cf 91       	pop	r28
clear_rsd():
/Users/askn/Develop/UPDI4AVR-USB/src/updi.cpp:144
    return send_bytes(_set_rsd, 3);
  }

  bool clear_rsd (void) {
    const static uint8_t _clear_rsd[] = {0x55, 0xC2, UPDI_CTRLAV};
    return send_bytes(_clear_rsd, 3);
     638:	80 cf       	rjmp	.-256    	; 0x53a <UPDI::send_bytes(unsigned char const*, unsigned int)>
_ZN4UPDI16send_words_blockEmj():
     63a:	80 e0       	ldi	r24, 0x00	; 0
/Users/askn/Develop/UPDI4AVR-USB/src/updi.cpp:203
      && is_ack()
      && set_rsd()
      && send_bytes(_set_repeat, sizeof(_set_repeat))
      && send_bytes(&packet.out.memData[0], _wLength & ~1)
      && clear_rsd();
  }
     63c:	df 91       	pop	r29
     63e:	cf 91       	pop	r28
     640:	08 95       	ret

00000642 <UPDI::send_byte(unsigned long, unsigned char)>:
_ZN4UPDI9send_byteEmh():
/Users/askn/Develop/UPDI4AVR-USB/src/updi.cpp:117
    };
    _CAPS32(_set_ptr[2])->dword = _dwAddr;
    return send_bytes(_set_ptr, 5) && recv();
  }

  bool send_byte (uint32_t _dwAddr, uint8_t _data) {
     642:	cf 93       	push	r28
/Users/askn/Develop/UPDI4AVR-USB/src/updi.cpp:121
    static uint8_t _set_ptr[] = {
      0x55, 0x48, 0, 0, 0, 0  /* STS ADDR3 DATA1 */
    };
    _CAPS32(_set_ptr[2])->dword = _dwAddr;
     644:	c4 2f       	mov	r28, r20
     646:	60 93 1b 60 	sts	0x601B, r22	; 0x80601b <UPDI::send_byte(unsigned long, unsigned char)::_set_ptr+0x2>
     64a:	70 93 1c 60 	sts	0x601C, r23	; 0x80601c <UPDI::send_byte(unsigned long, unsigned char)::_set_ptr+0x3>
     64e:	80 93 1d 60 	sts	0x601D, r24	; 0x80601d <UPDI::send_byte(unsigned long, unsigned char)::_set_ptr+0x4>
/Users/askn/Develop/UPDI4AVR-USB/src/updi.cpp:122
    return send_bytes(_set_ptr, 5)
     652:	90 93 1e 60 	sts	0x601E, r25	; 0x80601e <UPDI::send_byte(unsigned long, unsigned char)::_set_ptr+0x5>
     656:	65 e0       	ldi	r22, 0x05	; 5
     658:	70 e0       	ldi	r23, 0x00	; 0
     65a:	89 e1       	ldi	r24, 0x19	; 25
/Users/askn/Develop/UPDI4AVR-USB/src/updi.cpp:125
      && is_ack()
      && send(_data)
      && is_ack();
     65c:	90 e6       	ldi	r25, 0x60	; 96
/Users/askn/Develop/UPDI4AVR-USB/src/updi.cpp:123
    static uint8_t _set_ptr[] = {
      0x55, 0x48, 0, 0, 0, 0  /* STS ADDR3 DATA1 */
    };
    _CAPS32(_set_ptr[2])->dword = _dwAddr;
    return send_bytes(_set_ptr, 5)
      && is_ack()
     65e:	6d df       	rcall	.-294    	; 0x53a <UPDI::send_bytes(unsigned char const*, unsigned int)>
     660:	88 23       	and	r24, r24
     662:	49 f0       	breq	.+18     	; 0x676 <UPDI::send_byte(unsigned long, unsigned char)+0x34>
     664:	a7 df       	rcall	.-178    	; 0x5b4 <UPDI::is_ack()>
/Users/askn/Develop/UPDI4AVR-USB/src/updi.cpp:124
      && send(_data)
     666:	88 23       	and	r24, r24
     668:	31 f0       	breq	.+12     	; 0x676 <UPDI::send_byte(unsigned long, unsigned char)+0x34>
     66a:	8c 2f       	mov	r24, r28
     66c:	55 df       	rcall	.-342    	; 0x518 <PDI::send(unsigned char)>
     66e:	88 23       	and	r24, r24
/Users/askn/Develop/UPDI4AVR-USB/src/updi.cpp:126
      && is_ack();
  }
     670:	11 f0       	breq	.+4      	; 0x676 <UPDI::send_byte(unsigned long, unsigned char)+0x34>
/Users/askn/Develop/UPDI4AVR-USB/src/updi.cpp:125
    };
    _CAPS32(_set_ptr[2])->dword = _dwAddr;
    return send_bytes(_set_ptr, 5)
      && is_ack()
      && send(_data)
      && is_ack();
     672:	cf 91       	pop	r28
     674:	9f cf       	rjmp	.-194    	; 0x5b4 <UPDI::is_ack()>
/Users/askn/Develop/UPDI4AVR-USB/src/updi.cpp:126
  }
     676:	80 e0       	ldi	r24, 0x00	; 0
     678:	cf 91       	pop	r28
     67a:	08 95       	ret

0000067c <UPDI::nvm_ctrl(unsigned char)>:
_ZN4UPDI8nvm_ctrlEh():
/Users/askn/Develop/UPDI4AVR-USB/src/updi.cpp:218
    /* This slow process is due to USERROW and BOOTROW. */
    return send_bytes_data(_dwAddr, &packet.out.memData[0], _wLength);
  }

  bool nvm_ctrl (uint8_t _nvmcmd) {
    return send_byte(0x1000, _nvmcmd);  /* NVMCTRL_CTRLA */
     67c:	48 2f       	mov	r20, r24
     67e:	60 e0       	ldi	r22, 0x00	; 0
     680:	70 e1       	ldi	r23, 0x10	; 16
     682:	80 e0       	ldi	r24, 0x00	; 0
     684:	90 e0       	ldi	r25, 0x00	; 0
     686:	dd cf       	rjmp	.-70     	; 0x642 <UPDI::send_byte(unsigned long, unsigned char)>

00000688 <UPDI::send_bytes_block_slow(unsigned long, unsigned int)>:
_ZN4UPDI21send_bytes_block_slowEmj():
     688:	cf 92       	push	r12
/Users/askn/Develop/UPDI4AVR-USB/src/updi.cpp:212
      if (!send_byte(_dwAddr++, *_data++)) return false;
    }
    return true;
  }

  bool send_bytes_block_slow (uint32_t _dwAddr, size_t _wLength) {
     68a:	df 92       	push	r13
     68c:	ef 92       	push	r14
     68e:	ff 92       	push	r15
     690:	0f 93       	push	r16
     692:	1f 93       	push	r17
     694:	cf 93       	push	r28
     696:	df 93       	push	r29
     698:	c5 ed       	ldi	r28, 0xD5	; 213
     69a:	d0 e6       	ldi	r29, 0x60	; 96
     69c:	8a 01       	movw	r16, r20
     69e:	0b 52       	subi	r16, 0x2B	; 43
     6a0:	1f 49       	sbci	r17, 0x9F	; 159
send_bytes_data():
/Users/askn/Develop/UPDI4AVR-USB/src/updi.cpp:206
      && send_bytes(&packet.out.memData[0], _wLength & ~1)
      && clear_rsd();
  }

  bool send_bytes_data (uint32_t _dwAddr, uint8_t* _data, size_t _wLength) {
    for (size_t _i = 0; _i < _wLength; _i++) {
     6a2:	c0 17       	cp	r28, r16
     6a4:	d1 07       	cpc	r29, r17
     6a6:	c1 f0       	breq	.+48     	; 0x6d8 <UPDI::send_bytes_block_slow(unsigned long, unsigned int)+0x50>
/Users/askn/Develop/UPDI4AVR-USB/src/updi.cpp:207
      if (!send_byte(_dwAddr++, *_data++)) return false;
     6a8:	6b 01       	movw	r12, r22
     6aa:	7c 01       	movw	r14, r24
     6ac:	2f ef       	ldi	r18, 0xFF	; 255
     6ae:	c2 1a       	sub	r12, r18
     6b0:	d2 0a       	sbc	r13, r18
     6b2:	e2 0a       	sbc	r14, r18
     6b4:	f2 0a       	sbc	r15, r18
     6b6:	49 89       	ldd	r20, Y+17	; 0x11
     6b8:	c4 df       	rcall	.-120    	; 0x642 <UPDI::send_byte(unsigned long, unsigned char)>
     6ba:	21 96       	adiw	r28, 0x01	; 1
     6bc:	81 11       	cpse	r24, r1
     6be:	09 c0       	rjmp	.+18     	; 0x6d2 <UPDI::send_bytes_block_slow(unsigned long, unsigned int)+0x4a>
_ZN4UPDI21send_bytes_block_slowEmj():
     6c0:	df 91       	pop	r29
/Users/askn/Develop/UPDI4AVR-USB/src/updi.cpp:215
  }

  bool send_bytes_block_slow (uint32_t _dwAddr, size_t _wLength) {
    /* This slow process is due to USERROW and BOOTROW. */
    return send_bytes_data(_dwAddr, &packet.out.memData[0], _wLength);
  }
     6c2:	cf 91       	pop	r28
     6c4:	1f 91       	pop	r17
     6c6:	0f 91       	pop	r16
     6c8:	ff 90       	pop	r15
     6ca:	ef 90       	pop	r14
     6cc:	df 90       	pop	r13
     6ce:	cf 90       	pop	r12
     6d0:	08 95       	ret
/Users/askn/Develop/UPDI4AVR-USB/src/updi.cpp:207
      && clear_rsd();
  }

  bool send_bytes_data (uint32_t _dwAddr, uint8_t* _data, size_t _wLength) {
    for (size_t _i = 0; _i < _wLength; _i++) {
      if (!send_byte(_dwAddr++, *_data++)) return false;
     6d2:	c7 01       	movw	r24, r14
     6d4:	b6 01       	movw	r22, r12
     6d6:	e5 cf       	rjmp	.-54     	; 0x6a2 <UPDI::send_bytes_block_slow(unsigned long, unsigned int)+0x1a>
/Users/askn/Develop/UPDI4AVR-USB/src/updi.cpp:209
    }
    return true;
     6d8:	81 e0       	ldi	r24, 0x01	; 1
     6da:	f2 cf       	rjmp	.-28     	; 0x6c0 <UPDI::send_bytes_block_slow(unsigned long, unsigned int)+0x38>

000006dc <UPDI::send_bytes_block(unsigned long, unsigned int)>:
_ZN4UPDI16send_bytes_blockEmj():
/Users/askn/Develop/UPDI4AVR-USB/src/updi.cpp:178
      && is_ack()
      && send_bytes(_set_repeat, sizeof(_set_repeat))
      && recv_bytes(&packet.in.data[0], _wLength & ~1);
  }

  bool send_bytes_block (uint32_t _dwAddr, size_t _wLength) {
     6dc:	cf 93       	push	r28
     6de:	df 93       	push	r29
/Users/askn/Develop/UPDI4AVR-USB/src/updi.cpp:179
    if (_wLength == 1) return send_byte(_dwAddr, packet.out.memData[0]);
     6e0:	41 30       	cpi	r20, 0x01	; 1
     6e2:	51 05       	cpc	r21, r1
     6e4:	29 f4       	brne	.+10     	; 0x6f0 <UPDI::send_bytes_block(unsigned long, unsigned int)+0x14>
     6e6:	40 91 e6 60 	lds	r20, 0x60E6	; 0x8060e6 <packet+0x11>
/Users/askn/Develop/UPDI4AVR-USB/src/updi.cpp:189
      && is_ack()
      && set_rsd()
      && send_bytes(_set_repeat, sizeof(_set_repeat))
      && send_bytes(&packet.out.memData[0], _wLength)
      && clear_rsd();
  }
     6ea:	df 91       	pop	r29
/Users/askn/Develop/UPDI4AVR-USB/src/updi.cpp:179
      && send_bytes(_set_repeat, sizeof(_set_repeat))
      && recv_bytes(&packet.in.data[0], _wLength & ~1);
  }

  bool send_bytes_block (uint32_t _dwAddr, size_t _wLength) {
    if (_wLength == 1) return send_byte(_dwAddr, packet.out.memData[0]);
     6ec:	cf 91       	pop	r28
     6ee:	a9 cf       	rjmp	.-174    	; 0x642 <UPDI::send_byte(unsigned long, unsigned char)>
/Users/askn/Develop/UPDI4AVR-USB/src/updi.cpp:180
    _CAPS32(_set_ptr24[2])->dword = _dwAddr;
     6f0:	ea 01       	movw	r28, r20
     6f2:	60 93 26 60 	sts	0x6026, r22	; 0x806026 <UPDI::_set_ptr24+0x2>
     6f6:	70 93 27 60 	sts	0x6027, r23	; 0x806027 <UPDI::_set_ptr24+0x3>
     6fa:	80 93 28 60 	sts	0x6028, r24	; 0x806028 <UPDI::_set_ptr24+0x4>
/Users/askn/Develop/UPDI4AVR-USB/src/updi.cpp:181
    _set_repeat[2] = _wLength - 1;
     6fe:	90 93 29 60 	sts	0x6029, r25	; 0x806029 <UPDI::_set_ptr24+0x5>
     702:	84 2f       	mov	r24, r20
     704:	81 50       	subi	r24, 0x01	; 1
/Users/askn/Develop/UPDI4AVR-USB/src/updi.cpp:182
    _set_repeat[4] = 0x64;  /* ST PTR++ DATA1 */
     706:	80 93 21 60 	sts	0x6021, r24	; 0x806021 <UPDI::_set_repeat+0x2>
/Users/askn/Develop/UPDI4AVR-USB/src/updi.cpp:183
    return send_bytes(_set_ptr24, 5)
     70a:	84 e6       	ldi	r24, 0x64	; 100
     70c:	80 93 23 60 	sts	0x6023, r24	; 0x806023 <UPDI::_set_repeat+0x4>
     710:	65 e0       	ldi	r22, 0x05	; 5
     712:	70 e0       	ldi	r23, 0x00	; 0
/Users/askn/Develop/UPDI4AVR-USB/src/updi.cpp:188
      && is_ack()
      && set_rsd()
      && send_bytes(_set_repeat, sizeof(_set_repeat))
      && send_bytes(&packet.out.memData[0], _wLength)
      && clear_rsd();
     714:	84 e2       	ldi	r24, 0x24	; 36
     716:	90 e6       	ldi	r25, 0x60	; 96
/Users/askn/Develop/UPDI4AVR-USB/src/updi.cpp:184
    if (_wLength == 1) return send_byte(_dwAddr, packet.out.memData[0]);
    _CAPS32(_set_ptr24[2])->dword = _dwAddr;
    _set_repeat[2] = _wLength - 1;
    _set_repeat[4] = 0x64;  /* ST PTR++ DATA1 */
    return send_bytes(_set_ptr24, 5)
      && is_ack()
     718:	10 df       	rcall	.-480    	; 0x53a <UPDI::send_bytes(unsigned char const*, unsigned int)>
     71a:	88 23       	and	r24, r24
     71c:	f1 f0       	breq	.+60     	; 0x75a <UPDI::send_bytes_block(unsigned long, unsigned int)+0x7e>
     71e:	4a df       	rcall	.-364    	; 0x5b4 <UPDI::is_ack()>
/Users/askn/Develop/UPDI4AVR-USB/src/updi.cpp:139
    return send_bytes(_reset, _leave ? 9 : 6);
  }

  bool set_rsd (void) {
    const static uint8_t _set_rsd[] = {0x55, 0xC2, 0x08 + UPDI_CTRLAV};
    return send_bytes(_set_rsd, 3);
     720:	88 23       	and	r24, r24
     722:	d9 f0       	breq	.+54     	; 0x75a <UPDI::send_bytes_block(unsigned long, unsigned int)+0x7e>
set_rsd():
     724:	63 e0       	ldi	r22, 0x03	; 3
     726:	70 e0       	ldi	r23, 0x00	; 0
     728:	8c e5       	ldi	r24, 0x5C	; 92
/Users/askn/Develop/UPDI4AVR-USB/src/updi.cpp:185
    _CAPS32(_set_ptr24[2])->dword = _dwAddr;
    _set_repeat[2] = _wLength - 1;
    _set_repeat[4] = 0x64;  /* ST PTR++ DATA1 */
    return send_bytes(_set_ptr24, 5)
      && is_ack()
      && set_rsd()
     72a:	90 e6       	ldi	r25, 0x60	; 96
     72c:	06 df       	rcall	.-500    	; 0x53a <UPDI::send_bytes(unsigned char const*, unsigned int)>
_ZN4UPDI16send_bytes_blockEmj():
/Users/askn/Develop/UPDI4AVR-USB/src/updi.cpp:186
      && send_bytes(_set_repeat, sizeof(_set_repeat))
     72e:	88 23       	and	r24, r24
     730:	a1 f0       	breq	.+40     	; 0x75a <UPDI::send_bytes_block(unsigned long, unsigned int)+0x7e>
     732:	65 e0       	ldi	r22, 0x05	; 5
     734:	70 e0       	ldi	r23, 0x00	; 0
     736:	8f e1       	ldi	r24, 0x1F	; 31
     738:	90 e6       	ldi	r25, 0x60	; 96
     73a:	ff de       	rcall	.-514    	; 0x53a <UPDI::send_bytes(unsigned char const*, unsigned int)>
/Users/askn/Develop/UPDI4AVR-USB/src/updi.cpp:187
      && send_bytes(&packet.out.memData[0], _wLength)
     73c:	88 23       	and	r24, r24
     73e:	69 f0       	breq	.+26     	; 0x75a <UPDI::send_bytes_block(unsigned long, unsigned int)+0x7e>
     740:	be 01       	movw	r22, r28
     742:	86 ee       	ldi	r24, 0xE6	; 230
     744:	90 e6       	ldi	r25, 0x60	; 96
     746:	f9 de       	rcall	.-526    	; 0x53a <UPDI::send_bytes(unsigned char const*, unsigned int)>
     748:	88 23       	and	r24, r24
/Users/askn/Develop/UPDI4AVR-USB/src/updi.cpp:144
    return send_bytes(_set_rsd, 3);
  }

  bool clear_rsd (void) {
    const static uint8_t _clear_rsd[] = {0x55, 0xC2, UPDI_CTRLAV};
    return send_bytes(_clear_rsd, 3);
     74a:	39 f0       	breq	.+14     	; 0x75a <UPDI::send_bytes_block(unsigned long, unsigned int)+0x7e>
clear_rsd():
     74c:	63 e0       	ldi	r22, 0x03	; 3
     74e:	70 e0       	ldi	r23, 0x00	; 0
     750:	87 e8       	ldi	r24, 0x87	; 135
/Users/askn/Develop/UPDI4AVR-USB/src/updi.cpp:189
      && is_ack()
      && set_rsd()
      && send_bytes(_set_repeat, sizeof(_set_repeat))
      && send_bytes(&packet.out.memData[0], _wLength)
      && clear_rsd();
  }
     752:	90 e6       	ldi	r25, 0x60	; 96
_ZN4UPDI16send_bytes_blockEmj():
     754:	df 91       	pop	r29
/Users/askn/Develop/UPDI4AVR-USB/src/updi.cpp:144
    return send_bytes(_set_rsd, 3);
  }

  bool clear_rsd (void) {
    const static uint8_t _clear_rsd[] = {0x55, 0xC2, UPDI_CTRLAV};
    return send_bytes(_clear_rsd, 3);
     756:	cf 91       	pop	r28
clear_rsd():
     758:	f0 ce       	rjmp	.-544    	; 0x53a <UPDI::send_bytes(unsigned char const*, unsigned int)>
_ZN4UPDI16send_bytes_blockEmj():
/Users/askn/Develop/UPDI4AVR-USB/src/updi.cpp:189
      && is_ack()
      && set_rsd()
      && send_bytes(_set_repeat, sizeof(_set_repeat))
      && send_bytes(&packet.out.memData[0], _wLength)
      && clear_rsd();
  }
     75a:	80 e0       	ldi	r24, 0x00	; 0
     75c:	df 91       	pop	r29
     75e:	cf 91       	pop	r28
     760:	08 95       	ret

00000762 <UPDI::recv_bytes(unsigned char*, unsigned int)>:
_ZN4UPDI10recv_bytesEPhj():
/Users/askn/Develop/UPDI4AVR-USB/src/updi.cpp:81
    RXSTAT ^= 0x80;
    // D1PRINTF("(%02X:%02X)", RXSTAT, RXDATA);
    return RXSTAT == 0;
  }

  bool recv_bytes (uint8_t* _data, size_t _len) {
     762:	0f 93       	push	r16
     764:	1f 93       	push	r17
     766:	cf 93       	push	r28
     768:	df 93       	push	r29
     76a:	eb 01       	movw	r28, r22
     76c:	8c 01       	movw	r16, r24
/Users/askn/Develop/UPDI4AVR-USB/src/updi.cpp:83
    do {
      if (!recv()) return false;
     76e:	c2 de       	rcall	.-636    	; 0x4f4 <PDI::recv()>
     770:	88 23       	and	r24, r24
     772:	31 f0       	breq	.+12     	; 0x780 <UPDI::recv_bytes(unsigned char*, unsigned int)+0x1e>
     774:	9d b3       	in	r25, 0x1d	; 29
/Users/askn/Develop/UPDI4AVR-USB/src/updi.cpp:84
      *_data++ = RXDATA;
     776:	f8 01       	movw	r30, r16
     778:	91 93       	st	Z+, r25
     77a:	8f 01       	movw	r16, r30
     77c:	21 97       	sbiw	r28, 0x01	; 1
/Users/askn/Develop/UPDI4AVR-USB/src/updi.cpp:85
    } while (--_len);
     77e:	b9 f7       	brne	.-18     	; 0x76e <UPDI::recv_bytes(unsigned char*, unsigned int)+0xc>
/Users/askn/Develop/UPDI4AVR-USB/src/updi.cpp:87
    return true;
  }
     780:	df 91       	pop	r29
     782:	cf 91       	pop	r28
     784:	1f 91       	pop	r17
     786:	0f 91       	pop	r16
/Users/askn/Develop/UPDI4AVR-USB/src/updi.cpp:166
      && is_ack()
      && send_bytes(_set_repeat, sizeof(_set_repeat))
      && recv_bytes(&packet.in.data[0], _wLength);
  }

  bool recv_words_block (uint32_t _dwAddr, size_t _wLength) {
     788:	08 95       	ret

0000078a <UPDI::recv_words_block(unsigned long, unsigned int)>:
_ZN4UPDI16recv_words_blockEmj():
     78a:	cf 93       	push	r28
     78c:	df 93       	push	r29
/Users/askn/Develop/UPDI4AVR-USB/src/updi.cpp:169
    /* This function works in word units up to 256 words, */
    /* and will round down any fractional words.          */
    _CAPS32(_set_ptr24[2])->dword = _dwAddr;
     78e:	ea 01       	movw	r28, r20
     790:	60 93 26 60 	sts	0x6026, r22	; 0x806026 <UPDI::_set_ptr24+0x2>
     794:	70 93 27 60 	sts	0x6027, r23	; 0x806027 <UPDI::_set_ptr24+0x3>
     798:	80 93 28 60 	sts	0x6028, r24	; 0x806028 <UPDI::_set_ptr24+0x4>
/Users/askn/Develop/UPDI4AVR-USB/src/updi.cpp:170
    _set_repeat[2] = (_wLength >> 1) - 1;
     79c:	90 93 29 60 	sts	0x6029, r25	; 0x806029 <UPDI::_set_ptr24+0x5>
     7a0:	ca 01       	movw	r24, r20
     7a2:	96 95       	lsr	r25
     7a4:	87 95       	ror	r24
/Users/askn/Develop/UPDI4AVR-USB/src/updi.cpp:171
    _set_repeat[4] = 0x25;  /* LD PTR++ DATA2 */
     7a6:	81 50       	subi	r24, 0x01	; 1
     7a8:	80 93 21 60 	sts	0x6021, r24	; 0x806021 <UPDI::_set_repeat+0x2>
/Users/askn/Develop/UPDI4AVR-USB/src/updi.cpp:172
    return send_bytes(_set_ptr24, 5)
     7ac:	85 e2       	ldi	r24, 0x25	; 37
     7ae:	80 93 23 60 	sts	0x6023, r24	; 0x806023 <UPDI::_set_repeat+0x4>
     7b2:	65 e0       	ldi	r22, 0x05	; 5
     7b4:	70 e0       	ldi	r23, 0x00	; 0
/Users/askn/Develop/UPDI4AVR-USB/src/updi.cpp:175
      && is_ack()
      && send_bytes(_set_repeat, sizeof(_set_repeat))
      && recv_bytes(&packet.in.data[0], _wLength & ~1);
     7b6:	84 e2       	ldi	r24, 0x24	; 36
     7b8:	90 e6       	ldi	r25, 0x60	; 96
/Users/askn/Develop/UPDI4AVR-USB/src/updi.cpp:173
    /* and will round down any fractional words.          */
    _CAPS32(_set_ptr24[2])->dword = _dwAddr;
    _set_repeat[2] = (_wLength >> 1) - 1;
    _set_repeat[4] = 0x25;  /* LD PTR++ DATA2 */
    return send_bytes(_set_ptr24, 5)
      && is_ack()
     7ba:	bf de       	rcall	.-642    	; 0x53a <UPDI::send_bytes(unsigned char const*, unsigned int)>
     7bc:	88 23       	and	r24, r24
     7be:	89 f0       	breq	.+34     	; 0x7e2 <UPDI::recv_words_block(unsigned long, unsigned int)+0x58>
     7c0:	f9 de       	rcall	.-526    	; 0x5b4 <UPDI::is_ack()>
/Users/askn/Develop/UPDI4AVR-USB/src/updi.cpp:174
      && send_bytes(_set_repeat, sizeof(_set_repeat))
     7c2:	88 23       	and	r24, r24
     7c4:	71 f0       	breq	.+28     	; 0x7e2 <UPDI::recv_words_block(unsigned long, unsigned int)+0x58>
     7c6:	65 e0       	ldi	r22, 0x05	; 5
     7c8:	70 e0       	ldi	r23, 0x00	; 0
     7ca:	8f e1       	ldi	r24, 0x1F	; 31
     7cc:	90 e6       	ldi	r25, 0x60	; 96
     7ce:	b5 de       	rcall	.-662    	; 0x53a <UPDI::send_bytes(unsigned char const*, unsigned int)>
     7d0:	88 23       	and	r24, r24
/Users/askn/Develop/UPDI4AVR-USB/src/updi.cpp:175
      && recv_bytes(&packet.in.data[0], _wLength & ~1);
     7d2:	39 f0       	breq	.+14     	; 0x7e2 <UPDI::recv_words_block(unsigned long, unsigned int)+0x58>
     7d4:	be 01       	movw	r22, r28
     7d6:	6e 7f       	andi	r22, 0xFE	; 254
     7d8:	8c ed       	ldi	r24, 0xDC	; 220
/Users/askn/Develop/UPDI4AVR-USB/src/updi.cpp:176
  }
     7da:	90 e6       	ldi	r25, 0x60	; 96
     7dc:	df 91       	pop	r29
/Users/askn/Develop/UPDI4AVR-USB/src/updi.cpp:175
    _set_repeat[2] = (_wLength >> 1) - 1;
    _set_repeat[4] = 0x25;  /* LD PTR++ DATA2 */
    return send_bytes(_set_ptr24, 5)
      && is_ack()
      && send_bytes(_set_repeat, sizeof(_set_repeat))
      && recv_bytes(&packet.in.data[0], _wLength & ~1);
     7de:	cf 91       	pop	r28
     7e0:	c0 cf       	rjmp	.-128    	; 0x762 <UPDI::recv_bytes(unsigned char*, unsigned int)>
/Users/askn/Develop/UPDI4AVR-USB/src/updi.cpp:176
  }
     7e2:	80 e0       	ldi	r24, 0x00	; 0
     7e4:	df 91       	pop	r29
     7e6:	cf 91       	pop	r28
     7e8:	08 95       	ret

000007ea <UPDI::recv_bytes_block(unsigned long, unsigned int)>:
_ZN4UPDI16recv_bytes_blockEmj():
/Users/askn/Develop/UPDI4AVR-USB/src/updi.cpp:149
    return send_bytes(_clear_rsd, 3);
  }

  // MARK: UPDI API

  bool recv_bytes_block (uint32_t _dwAddr, size_t _wLength) {
     7ea:	cf 93       	push	r28
     7ec:	df 93       	push	r29
/Users/askn/Develop/UPDI4AVR-USB/src/updi.cpp:150
    if (_wLength == 1) {
     7ee:	ea 01       	movw	r28, r20
     7f0:	41 30       	cpi	r20, 0x01	; 1
/Users/askn/Develop/UPDI4AVR-USB/src/updi.cpp:151
      if (recv_byte(_dwAddr)) {
     7f2:	51 05       	cpc	r21, r1
     7f4:	59 f4       	brne	.+22     	; 0x80c <UPDI::recv_bytes_block(unsigned long, unsigned int)+0x22>
     7f6:	cd de       	rcall	.-614    	; 0x592 <UPDI::recv_byte(unsigned long)>
     7f8:	81 11       	cpse	r24, r1
/Users/askn/Develop/UPDI4AVR-USB/src/updi.cpp:155
        packet.in.data[0] = RXDATA;
        return true;
      }
      return false;
     7fa:	04 c0       	rjmp	.+8      	; 0x804 <UPDI::recv_bytes_block(unsigned long, unsigned int)+0x1a>
/Users/askn/Develop/UPDI4AVR-USB/src/updi.cpp:164
    _set_repeat[4] = 0x24;  /* LD PTR++ DATA1 */
    return send_bytes(_set_ptr24, 5)
      && is_ack()
      && send_bytes(_set_repeat, sizeof(_set_repeat))
      && recv_bytes(&packet.in.data[0], _wLength);
  }
     7fc:	80 e0       	ldi	r24, 0x00	; 0
     7fe:	df 91       	pop	r29
/Users/askn/Develop/UPDI4AVR-USB/src/updi.cpp:152
  // MARK: UPDI API

  bool recv_bytes_block (uint32_t _dwAddr, size_t _wLength) {
    if (_wLength == 1) {
      if (recv_byte(_dwAddr)) {
        packet.in.data[0] = RXDATA;
     800:	cf 91       	pop	r28
     802:	08 95       	ret
     804:	9d b3       	in	r25, 0x1d	; 29
     806:	90 93 dc 60 	sts	0x60DC, r25	; 0x8060dc <packet+0x7>
/Users/askn/Develop/UPDI4AVR-USB/src/updi.cpp:157
        return true;
      }
      return false;
    }
    _CAPS32(_set_ptr24[2])->dword = _dwAddr;
     80a:	f9 cf       	rjmp	.-14     	; 0x7fe <UPDI::recv_bytes_block(unsigned long, unsigned int)+0x14>
     80c:	60 93 26 60 	sts	0x6026, r22	; 0x806026 <UPDI::_set_ptr24+0x2>
     810:	70 93 27 60 	sts	0x6027, r23	; 0x806027 <UPDI::_set_ptr24+0x3>
     814:	80 93 28 60 	sts	0x6028, r24	; 0x806028 <UPDI::_set_ptr24+0x4>
/Users/askn/Develop/UPDI4AVR-USB/src/updi.cpp:158
    _set_repeat[2] = _wLength - 1;
     818:	90 93 29 60 	sts	0x6029, r25	; 0x806029 <UPDI::_set_ptr24+0x5>
     81c:	84 2f       	mov	r24, r20
/Users/askn/Develop/UPDI4AVR-USB/src/updi.cpp:159
    _set_repeat[4] = 0x24;  /* LD PTR++ DATA1 */
     81e:	81 50       	subi	r24, 0x01	; 1
     820:	80 93 21 60 	sts	0x6021, r24	; 0x806021 <UPDI::_set_repeat+0x2>
/Users/askn/Develop/UPDI4AVR-USB/src/updi.cpp:160
    return send_bytes(_set_ptr24, 5)
     824:	84 e2       	ldi	r24, 0x24	; 36
     826:	80 93 23 60 	sts	0x6023, r24	; 0x806023 <UPDI::_set_repeat+0x4>
     82a:	65 e0       	ldi	r22, 0x05	; 5
     82c:	70 e0       	ldi	r23, 0x00	; 0
     82e:	84 e2       	ldi	r24, 0x24	; 36
/Users/askn/Develop/UPDI4AVR-USB/src/updi.cpp:163
      && is_ack()
      && send_bytes(_set_repeat, sizeof(_set_repeat))
      && recv_bytes(&packet.in.data[0], _wLength);
     830:	90 e6       	ldi	r25, 0x60	; 96
     832:	83 de       	rcall	.-762    	; 0x53a <UPDI::send_bytes(unsigned char const*, unsigned int)>
/Users/askn/Develop/UPDI4AVR-USB/src/updi.cpp:161
    }
    _CAPS32(_set_ptr24[2])->dword = _dwAddr;
    _set_repeat[2] = _wLength - 1;
    _set_repeat[4] = 0x24;  /* LD PTR++ DATA1 */
    return send_bytes(_set_ptr24, 5)
      && is_ack()
     834:	88 23       	and	r24, r24
     836:	11 f3       	breq	.-60     	; 0x7fc <UPDI::recv_bytes_block(unsigned long, unsigned int)+0x12>
     838:	bd de       	rcall	.-646    	; 0x5b4 <UPDI::is_ack()>
     83a:	88 23       	and	r24, r24
/Users/askn/Develop/UPDI4AVR-USB/src/updi.cpp:162
      && send_bytes(_set_repeat, sizeof(_set_repeat))
     83c:	f9 f2       	breq	.-66     	; 0x7fc <UPDI::recv_bytes_block(unsigned long, unsigned int)+0x12>
     83e:	65 e0       	ldi	r22, 0x05	; 5
     840:	70 e0       	ldi	r23, 0x00	; 0
     842:	8f e1       	ldi	r24, 0x1F	; 31
     844:	90 e6       	ldi	r25, 0x60	; 96
     846:	79 de       	rcall	.-782    	; 0x53a <UPDI::send_bytes(unsigned char const*, unsigned int)>
     848:	88 23       	and	r24, r24
     84a:	c1 f2       	breq	.-80     	; 0x7fc <UPDI::recv_bytes_block(unsigned long, unsigned int)+0x12>
/Users/askn/Develop/UPDI4AVR-USB/src/updi.cpp:163
      && recv_bytes(&packet.in.data[0], _wLength);
     84c:	be 01       	movw	r22, r28
     84e:	8c ed       	ldi	r24, 0xDC	; 220
     850:	90 e6       	ldi	r25, 0x60	; 96
/Users/askn/Develop/UPDI4AVR-USB/src/updi.cpp:164
  }
     852:	df 91       	pop	r29
/Users/askn/Develop/UPDI4AVR-USB/src/updi.cpp:163
    _set_repeat[2] = _wLength - 1;
    _set_repeat[4] = 0x24;  /* LD PTR++ DATA1 */
    return send_bytes(_set_ptr24, 5)
      && is_ack()
      && send_bytes(_set_repeat, sizeof(_set_repeat))
      && recv_bytes(&packet.in.data[0], _wLength);
     854:	cf 91       	pop	r28
     856:	85 cf       	rjmp	.-246    	; 0x762 <UPDI::recv_bytes(unsigned char*, unsigned int)>

00000858 <NVM::V0::read_memory()>:
_ZN3NVM2V011read_memoryEv():
/Users/askn/Develop/UPDI4AVR-USB/src/nvmv0.cpp:114
    UPDI::nvm_ctrl(0x04);         /* NVM_CMD_PBC */
    nvm_wait();
    return UPDI::nvm_ctrl(0x00);
  }

  size_t read_memory (void) {
     858:	cf 93       	push	r28
     85a:	df 93       	push	r29
/Users/askn/Develop/UPDI4AVR-USB/src/nvmv0.cpp:115
    uint8_t  m_type = packet.out.bMType;
     85c:	80 91 dc 60 	lds	r24, 0x60DC	; 0x8060dc <packet+0x7>
/Users/askn/Develop/UPDI4AVR-USB/src/nvmv0.cpp:116
    uint16_t _wAddr = packet.out.dwAddr;
     860:	60 91 dd 60 	lds	r22, 0x60DD	; 0x8060dd <packet+0x8>
     864:	30 91 de 60 	lds	r19, 0x60DE	; 0x8060de <packet+0x9>
/Users/askn/Develop/UPDI4AVR-USB/src/nvmv0.cpp:118
    size_t _wLength = packet.out.dwLength;
    if (m_type == 0xB4) {
     868:	84 3b       	cpi	r24, 0xB4	; 180
     86a:	51 f4       	brne	.+20     	; 0x880 <NVM::V0::read_memory()+0x28>
/Users/askn/Develop/UPDI4AVR-USB/src/nvmv0.cpp:120
      /* MTYPE_SIGN_JTAG */
      _wAddr = PROD_SIG + ((uint8_t)_wAddr & 0x7F);
     86c:	6f 77       	andi	r22, 0x7F	; 127
     86e:	70 e0       	ldi	r23, 0x00	; 0
     870:	7f 5e       	subi	r23, 0xEF	; 239
/Users/askn/Develop/UPDI4AVR-USB/src/nvmv0.cpp:127
    else if (m_type == 0xB0) {
      /* MTYPE_FLASH_PAGE (PROGMEM) */
      _wAddr += Device_Descriptor.UPDI.prog_base;
    }
    if (bit_is_set(PGCONF, PGCONF_PROG_bp)
     && UPDI::recv_bytes_block(_wAddr, _wLength))
     872:	f9 99       	sbic	0x1f, 1	; 31
     874:	0f c0       	rjmp	.+30     	; 0x894 <NVM::V0::read_memory()+0x3c>
/Users/askn/Develop/UPDI4AVR-USB/src/nvmv0.cpp:129
      return _wLength + 1;
    return 0;
     876:	90 e0       	ldi	r25, 0x00	; 0
     878:	80 e0       	ldi	r24, 0x00	; 0
/Users/askn/Develop/UPDI4AVR-USB/src/nvmv0.cpp:130
  }
     87a:	df 91       	pop	r29
     87c:	cf 91       	pop	r28
     87e:	08 95       	ret
/Users/askn/Develop/UPDI4AVR-USB/src/nvmv0.cpp:116
    return UPDI::nvm_ctrl(0x00);
  }

  size_t read_memory (void) {
    uint8_t  m_type = packet.out.bMType;
    uint16_t _wAddr = packet.out.dwAddr;
     880:	73 2f       	mov	r23, r19
/Users/askn/Develop/UPDI4AVR-USB/src/nvmv0.cpp:122
    size_t _wLength = packet.out.dwLength;
    if (m_type == 0xB4) {
      /* MTYPE_SIGN_JTAG */
      _wAddr = PROD_SIG + ((uint8_t)_wAddr & 0x7F);
    }
    else if (m_type == 0xB0) {
     882:	80 3b       	cpi	r24, 0xB0	; 176
     884:	b1 f7       	brne	.-20     	; 0x872 <NVM::V0::read_memory()+0x1a>
/Users/askn/Develop/UPDI4AVR-USB/src/nvmv0.cpp:124
      /* MTYPE_FLASH_PAGE (PROGMEM) */
      _wAddr += Device_Descriptor.UPDI.prog_base;
     886:	80 91 f3 62 	lds	r24, 0x62F3	; 0x8062f3 <Device_Descriptor>
     88a:	90 91 f4 62 	lds	r25, 0x62F4	; 0x8062f4 <Device_Descriptor+0x1>
     88e:	68 0f       	add	r22, r24
     890:	79 1f       	adc	r23, r25
     892:	ef cf       	rjmp	.-34     	; 0x872 <NVM::V0::read_memory()+0x1a>
/Users/askn/Develop/UPDI4AVR-USB/src/nvmv0.cpp:117
  }

  size_t read_memory (void) {
    uint8_t  m_type = packet.out.bMType;
    uint16_t _wAddr = packet.out.dwAddr;
    size_t _wLength = packet.out.dwLength;
     894:	c0 91 e1 60 	lds	r28, 0x60E1	; 0x8060e1 <packet+0xc>
     898:	d0 91 e2 60 	lds	r29, 0x60E2	; 0x8060e2 <packet+0xd>
/Users/askn/Develop/UPDI4AVR-USB/src/nvmv0.cpp:127
    else if (m_type == 0xB0) {
      /* MTYPE_FLASH_PAGE (PROGMEM) */
      _wAddr += Device_Descriptor.UPDI.prog_base;
    }
    if (bit_is_set(PGCONF, PGCONF_PROG_bp)
     && UPDI::recv_bytes_block(_wAddr, _wLength))
     89c:	90 e0       	ldi	r25, 0x00	; 0
     89e:	80 e0       	ldi	r24, 0x00	; 0
     8a0:	ae 01       	movw	r20, r28
     8a2:	a3 df       	rcall	.-186    	; 0x7ea <UPDI::recv_bytes_block(unsigned long, unsigned int)>
     8a4:	88 23       	and	r24, r24
     8a6:	39 f3       	breq	.-50     	; 0x876 <NVM::V0::read_memory()+0x1e>
/Users/askn/Develop/UPDI4AVR-USB/src/nvmv0.cpp:128
      return _wLength + 1;
     8a8:	ce 01       	movw	r24, r28
     8aa:	01 96       	adiw	r24, 0x01	; 1
     8ac:	e6 cf       	rjmp	.-52     	; 0x87a <NVM::V0::read_memory()+0x22>

000008ae <NVM::V2::read_memory()>:
_ZN3NVM2V211read_memoryEv():
/Users/askn/Develop/UPDI4AVR-USB/src/nvmv2.cpp:116

  size_t prog_init (void) {
    return nvm_ctrl_change(0x00);
  }

  size_t read_memory (void) {
     8ae:	cf 93       	push	r28
     8b0:	df 93       	push	r29
/Users/askn/Develop/UPDI4AVR-USB/src/nvmv2.cpp:120
    uint8_t   m_type = packet.out.bMType;
    uint32_t _dwAddr = packet.out.dwAddr;
    size_t  _wLength = packet.out.dwLength;
    if (bit_is_set(PGCONF, PGCONF_PROG_bp)) {
     8b2:	f9 99       	sbic	0x1f, 1	; 31
/Users/askn/Develop/UPDI4AVR-USB/src/nvmv2.cpp:133
        _dwAddr = PROD_SIG + ((uint8_t)_dwAddr & 0x7F);
      }
      if (UPDI::recv_bytes_block(_dwAddr, _wLength))
        return _wLength + 1;
    }
    return 0;
     8b4:	05 c0       	rjmp	.+10     	; 0x8c0 <NVM::V2::read_memory()+0x12>
/Users/askn/Develop/UPDI4AVR-USB/src/nvmv2.cpp:134
  }
     8b6:	90 e0       	ldi	r25, 0x00	; 0
     8b8:	80 e0       	ldi	r24, 0x00	; 0
     8ba:	df 91       	pop	r29
/Users/askn/Develop/UPDI4AVR-USB/src/nvmv2.cpp:117
  size_t prog_init (void) {
    return nvm_ctrl_change(0x00);
  }

  size_t read_memory (void) {
    uint8_t   m_type = packet.out.bMType;
     8bc:	cf 91       	pop	r28
     8be:	08 95       	ret
/Users/askn/Develop/UPDI4AVR-USB/src/nvmv2.cpp:118
    uint32_t _dwAddr = packet.out.dwAddr;
     8c0:	20 91 dc 60 	lds	r18, 0x60DC	; 0x8060dc <packet+0x7>
     8c4:	60 91 dd 60 	lds	r22, 0x60DD	; 0x8060dd <packet+0x8>
     8c8:	70 91 de 60 	lds	r23, 0x60DE	; 0x8060de <packet+0x9>
     8cc:	80 91 df 60 	lds	r24, 0x60DF	; 0x8060df <packet+0xa>
/Users/askn/Develop/UPDI4AVR-USB/src/nvmv2.cpp:119
    size_t  _wLength = packet.out.dwLength;
     8d0:	90 91 e0 60 	lds	r25, 0x60E0	; 0x8060e0 <packet+0xb>
     8d4:	c0 91 e1 60 	lds	r28, 0x60E1	; 0x8060e1 <packet+0xc>
/Users/askn/Develop/UPDI4AVR-USB/src/nvmv2.cpp:121
    if (bit_is_set(PGCONF, PGCONF_PROG_bp)) {
      if (m_type == 0xB0) {
     8d8:	d0 91 e2 60 	lds	r29, 0x60E2	; 0x8060e2 <packet+0xd>
/Users/askn/Develop/UPDI4AVR-USB/src/nvmv2.cpp:123
        /* MTYPE_FLASH_PAGE (PROGMEM) */
        _dwAddr += PROG_START;
     8dc:	20 3b       	cpi	r18, 0xB0	; 176
     8de:	49 f4       	brne	.+18     	; 0x8f2 <NVM::V2::read_memory()+0x44>
/Users/askn/Develop/UPDI4AVR-USB/src/nvmv2.cpp:124
        return UPDI::recv_words_block(_dwAddr, _wLength) ? _wLength + 1 : 0;
     8e0:	80 58       	subi	r24, 0x80	; 128
     8e2:	9f 4f       	sbci	r25, 0xFF	; 255
     8e4:	ae 01       	movw	r20, r28
/Users/askn/Develop/UPDI4AVR-USB/src/nvmv2.cpp:130
      }
      if (m_type == 0xB4) {
        /* MTYPE_SIGN_JTAG */
        _dwAddr = PROD_SIG + ((uint8_t)_dwAddr & 0x7F);
      }
      if (UPDI::recv_bytes_block(_dwAddr, _wLength))
     8e6:	51 df       	rcall	.-350    	; 0x78a <UPDI::recv_words_block(unsigned long, unsigned int)>
     8e8:	88 23       	and	r24, r24
/Users/askn/Develop/UPDI4AVR-USB/src/nvmv2.cpp:131
        return _wLength + 1;
     8ea:	29 f3       	breq	.-54     	; 0x8b6 <NVM::V2::read_memory()+0x8>
     8ec:	ce 01       	movw	r24, r28
/Users/askn/Develop/UPDI4AVR-USB/src/nvmv2.cpp:126
      if (m_type == 0xB0) {
        /* MTYPE_FLASH_PAGE (PROGMEM) */
        _dwAddr += PROG_START;
        return UPDI::recv_words_block(_dwAddr, _wLength) ? _wLength + 1 : 0;
      }
      if (m_type == 0xB4) {
     8ee:	01 96       	adiw	r24, 0x01	; 1
     8f0:	e4 cf       	rjmp	.-56     	; 0x8ba <NVM::V2::read_memory()+0xc>
/Users/askn/Develop/UPDI4AVR-USB/src/nvmv2.cpp:128
        /* MTYPE_SIGN_JTAG */
        _dwAddr = PROD_SIG + ((uint8_t)_dwAddr & 0x7F);
     8f2:	24 3b       	cpi	r18, 0xB4	; 180
     8f4:	39 f4       	brne	.+14     	; 0x904 <NVM::V2::read_memory()+0x56>
     8f6:	6f 77       	andi	r22, 0x7F	; 127
     8f8:	70 e0       	ldi	r23, 0x00	; 0
     8fa:	7f 5e       	subi	r23, 0xEF	; 239
     8fc:	07 2e       	mov	r0, r23
     8fe:	00 0c       	add	r0, r0
/Users/askn/Develop/UPDI4AVR-USB/src/nvmv2.cpp:130
      }
      if (UPDI::recv_bytes_block(_dwAddr, _wLength))
     900:	88 0b       	sbc	r24, r24
     902:	99 0b       	sbc	r25, r25
     904:	ae 01       	movw	r20, r28
     906:	71 df       	rcall	.-286    	; 0x7ea <UPDI::recv_bytes_block(unsigned long, unsigned int)>
     908:	ef cf       	rjmp	.-34     	; 0x8e8 <NVM::V2::read_memory()+0x3a>

0000090a <NVM::V3::read_memory()>:
_ZN3NVM2V311read_memoryEv():
     90a:	d1 cf       	rjmp	.-94     	; 0x8ae <NVM::V2::read_memory()>

0000090c <NVM::V4::read_memory()>:
_ZN3NVM2V411read_memoryEv():
/Users/askn/Develop/UPDI4AVR-USB/src/nvmv4.cpp:119

  size_t prog_init (void) {
    return nvm_ctrl_change(0x00);
  }

  size_t read_memory (void) {
     90c:	cf 93       	push	r28
/Users/askn/Develop/UPDI4AVR-USB/src/nvmv4.cpp:123
    uint8_t   m_type = packet.out.bMType;
    uint32_t _dwAddr = packet.out.dwAddr;
    size_t  _wLength = packet.out.dwLength;
    if (bit_is_set(PGCONF, PGCONF_PROG_bp)) {
     90e:	df 93       	push	r29
/Users/askn/Develop/UPDI4AVR-USB/src/nvmv4.cpp:136
        _dwAddr = PROD_SIG + ((uint8_t)_dwAddr & 0x7F);
      }
      if (UPDI::recv_bytes_block(_dwAddr, _wLength))
        return _wLength + 1;
    }
    return 0;
     910:	f9 99       	sbic	0x1f, 1	; 31
/Users/askn/Develop/UPDI4AVR-USB/src/nvmv4.cpp:137
  }
     912:	05 c0       	rjmp	.+10     	; 0x91e <NVM::V4::read_memory()+0x12>
     914:	90 e0       	ldi	r25, 0x00	; 0
     916:	80 e0       	ldi	r24, 0x00	; 0
/Users/askn/Develop/UPDI4AVR-USB/src/nvmv4.cpp:120
  size_t prog_init (void) {
    return nvm_ctrl_change(0x00);
  }

  size_t read_memory (void) {
    uint8_t   m_type = packet.out.bMType;
     918:	df 91       	pop	r29
     91a:	cf 91       	pop	r28
/Users/askn/Develop/UPDI4AVR-USB/src/nvmv4.cpp:121
    uint32_t _dwAddr = packet.out.dwAddr;
     91c:	08 95       	ret
     91e:	20 91 dc 60 	lds	r18, 0x60DC	; 0x8060dc <packet+0x7>
     922:	60 91 dd 60 	lds	r22, 0x60DD	; 0x8060dd <packet+0x8>
     926:	70 91 de 60 	lds	r23, 0x60DE	; 0x8060de <packet+0x9>
/Users/askn/Develop/UPDI4AVR-USB/src/nvmv4.cpp:122
    size_t  _wLength = packet.out.dwLength;
     92a:	80 91 df 60 	lds	r24, 0x60DF	; 0x8060df <packet+0xa>
     92e:	90 91 e0 60 	lds	r25, 0x60E0	; 0x8060e0 <packet+0xb>
/Users/askn/Develop/UPDI4AVR-USB/src/nvmv4.cpp:124
    if (bit_is_set(PGCONF, PGCONF_PROG_bp)) {
      if (m_type == 0xB0) {
     932:	c0 91 e1 60 	lds	r28, 0x60E1	; 0x8060e1 <packet+0xc>
/Users/askn/Develop/UPDI4AVR-USB/src/nvmv4.cpp:126
        /* MTYPE_FLASH_PAGE (PROGMEM) */
        _dwAddr += PROG_START;
     936:	d0 91 e2 60 	lds	r29, 0x60E2	; 0x8060e2 <packet+0xd>
/Users/askn/Develop/UPDI4AVR-USB/src/nvmv4.cpp:127
        return UPDI::recv_words_block(_dwAddr, _wLength) ? _wLength + 1 : 0;
     93a:	20 3b       	cpi	r18, 0xB0	; 176
     93c:	49 f4       	brne	.+18     	; 0x950 <NVM::V4::read_memory()+0x44>
     93e:	80 58       	subi	r24, 0x80	; 128
/Users/askn/Develop/UPDI4AVR-USB/src/nvmv4.cpp:133
      }
      if (m_type == 0xB4) {
        /* MTYPE_SIGN_JTAG */
        _dwAddr = PROD_SIG + ((uint8_t)_dwAddr & 0x7F);
      }
      if (UPDI::recv_bytes_block(_dwAddr, _wLength))
     940:	9f 4f       	sbci	r25, 0xFF	; 255
     942:	ae 01       	movw	r20, r28
/Users/askn/Develop/UPDI4AVR-USB/src/nvmv4.cpp:134
        return _wLength + 1;
     944:	22 df       	rcall	.-444    	; 0x78a <UPDI::recv_words_block(unsigned long, unsigned int)>
     946:	88 23       	and	r24, r24
     948:	29 f3       	breq	.-54     	; 0x914 <NVM::V4::read_memory()+0x8>
/Users/askn/Develop/UPDI4AVR-USB/src/nvmv4.cpp:129
      if (m_type == 0xB0) {
        /* MTYPE_FLASH_PAGE (PROGMEM) */
        _dwAddr += PROG_START;
        return UPDI::recv_words_block(_dwAddr, _wLength) ? _wLength + 1 : 0;
      }
      if (m_type == 0xB4) {
     94a:	ce 01       	movw	r24, r28
     94c:	01 96       	adiw	r24, 0x01	; 1
/Users/askn/Develop/UPDI4AVR-USB/src/nvmv4.cpp:131
        /* MTYPE_SIGN_JTAG */
        _dwAddr = PROD_SIG + ((uint8_t)_dwAddr & 0x7F);
     94e:	e4 cf       	rjmp	.-56     	; 0x918 <NVM::V4::read_memory()+0xc>
     950:	24 3b       	cpi	r18, 0xB4	; 180
     952:	41 f4       	brne	.+16     	; 0x964 <NVM::V4::read_memory()+0x58>
     954:	6f 77       	andi	r22, 0x7F	; 127
     956:	70 e0       	ldi	r23, 0x00	; 0
     958:	60 58       	subi	r22, 0x80	; 128
     95a:	7f 4e       	sbci	r23, 0xEF	; 239
     95c:	07 2e       	mov	r0, r23
/Users/askn/Develop/UPDI4AVR-USB/src/nvmv4.cpp:133
      }
      if (UPDI::recv_bytes_block(_dwAddr, _wLength))
     95e:	00 0c       	add	r0, r0
     960:	88 0b       	sbc	r24, r24
     962:	99 0b       	sbc	r25, r25
     964:	ae 01       	movw	r20, r28
     966:	41 df       	rcall	.-382    	; 0x7ea <UPDI::recv_bytes_block(unsigned long, unsigned int)>
     968:	ee cf       	rjmp	.-36     	; 0x946 <NVM::V4::read_memory()+0x3a>

0000096a <NVM::V5::read_memory()>:
_ZN3NVM2V511read_memoryEv():
     96a:	d0 cf       	rjmp	.-96     	; 0x90c <NVM::V4::read_memory()>

0000096c <NVM::V6::read_memory()>:
_ZN3NVM2V611read_memoryEv():
     96c:	cf cf       	rjmp	.-98     	; 0x90c <NVM::V4::read_memory()>

0000096e <UPDI::send_break()>:
_ZN4UPDI10send_breakEv():
/Users/askn/Develop/UPDI4AVR-USB/src/updi.cpp:61
  };

  // MARK: UPDI Low level

  bool send_break (void) {
    USART0_BAUD = USART0_BAUD << 1;
     96e:	80 91 08 08 	lds	r24, 0x0808	; 0x800808 <__TEXT_REGION_LENGTH__+0x7f0808>
     972:	90 91 09 08 	lds	r25, 0x0809	; 0x800809 <__TEXT_REGION_LENGTH__+0x7f0809>
     976:	88 0f       	add	r24, r24
     978:	99 1f       	adc	r25, r25
     97a:	80 93 08 08 	sts	0x0808, r24	; 0x800808 <__TEXT_REGION_LENGTH__+0x7f0808>
     97e:	90 93 09 08 	sts	0x0809, r25	; 0x800809 <__TEXT_REGION_LENGTH__+0x7f0809>
/Users/askn/Develop/UPDI4AVR-USB/src/updi.cpp:62
    send(0x00);
     982:	80 e0       	ldi	r24, 0x00	; 0
     984:	c9 dd       	rcall	.-1134   	; 0x518 <PDI::send(unsigned char)>
calk_baud_khz():
     986:	20 91 52 63 	lds	r18, 0x6352	; 0x806352 <_xclk>
/Users/askn/Develop/UPDI4AVR-USB/src/usart.cpp:43
  #endif
  }

  /*** Calculate the baud rate for VCP asynchronous mode. ***/
  uint16_t calk_baud_khz (uint16_t _khz) {
    uint32_t _baud = ((F_CPU / 1000L * 8L) / _khz + 1) / 2;
     98a:	30 91 53 63 	lds	r19, 0x6353	; 0x806353 <_xclk+0x1>
     98e:	50 e0       	ldi	r21, 0x00	; 0
     990:	40 e0       	ldi	r20, 0x00	; 0
     992:	60 e0       	ldi	r22, 0x00	; 0
     994:	71 e7       	ldi	r23, 0x71	; 113
     996:	82 e0       	ldi	r24, 0x02	; 2
     998:	90 e0       	ldi	r25, 0x00	; 0
     99a:	0e 94 21 21 	call	0x4242	; 0x4242 <__divmodsi4>
     99e:	da 01       	movw	r26, r20
     9a0:	c9 01       	movw	r24, r18
     9a2:	01 96       	adiw	r24, 0x01	; 1
     9a4:	a1 1d       	adc	r26, r1
     9a6:	b1 1d       	adc	r27, r1
     9a8:	b5 95       	asr	r27
     9aa:	a7 95       	ror	r26
     9ac:	97 95       	ror	r25
/Users/askn/Develop/UPDI4AVR-USB/src/usart.cpp:44
    if (_baud < 64) _baud = 64;
     9ae:	87 95       	ror	r24
     9b0:	80 34       	cpi	r24, 0x40	; 64
     9b2:	91 05       	cpc	r25, r1
     9b4:	a1 05       	cpc	r26, r1
     9b6:	b1 05       	cpc	r27, r1
     9b8:	7c f0       	brlt	.+30     	; 0x9d8 <UPDI::send_break()+0x6a>
     9ba:	00 97       	sbiw	r24, 0x00	; 0
     9bc:	21 e0       	ldi	r18, 0x01	; 1
     9be:	a2 07       	cpc	r26, r18
     9c0:	b1 05       	cpc	r27, r1
     9c2:	20 f0       	brcs	.+8      	; 0x9cc <UPDI::send_break()+0x5e>
/Users/askn/Develop/UPDI4AVR-USB/src/updi.cpp:63
    USART0_BAUD = USART::calk_baud_khz(_xclk);
     9c4:	8f ef       	ldi	r24, 0xFF	; 255
     9c6:	9f ef       	ldi	r25, 0xFF	; 255
     9c8:	a0 e0       	ldi	r26, 0x00	; 0
/Users/askn/Develop/UPDI4AVR-USB/src/updi.cpp:65
    return true;
  }
     9ca:	b0 e0       	ldi	r27, 0x00	; 0
_ZN4UPDI10send_breakEv():
     9cc:	80 93 08 08 	sts	0x0808, r24	; 0x800808 <__TEXT_REGION_LENGTH__+0x7f0808>
/Users/askn/Develop/UPDI4AVR-USB/src/usart.cpp:44
     9d0:	90 93 09 08 	sts	0x0809, r25	; 0x800809 <__TEXT_REGION_LENGTH__+0x7f0809>
     9d4:	81 e0       	ldi	r24, 0x01	; 1
     9d6:	08 95       	ret
/Users/askn/Develop/UPDI4AVR-USB/src/updi.cpp:362

  // MARK: UPDI Session

  size_t timeout_fallback (void) {
    /* If a timeout occurs, the communication speed will be reduced. */
    RXDATA = _xclk - 25;
     9d8:	80 e4       	ldi	r24, 0x40	; 64
     9da:	90 e0       	ldi	r25, 0x00	; 0
     9dc:	a0 e0       	ldi	r26, 0x00	; 0
/Users/askn/Develop/UPDI4AVR-USB/src/updi.cpp:363
    if (RXDATA < 40) return 0;
     9de:	b0 e0       	ldi	r27, 0x00	; 0
     9e0:	f5 cf       	rjmp	.-22     	; 0x9cc <UPDI::send_break()+0x5e>

000009e2 <UPDI::timeout_fallback()>:
_ZN4UPDI16timeout_fallbackEv():
     9e2:	80 91 52 63 	lds	r24, 0x6352	; 0x806352 <_xclk>
/Users/askn/Develop/UPDI4AVR-USB/src/updi.cpp:364
    _xclk = RXDATA;
     9e6:	89 51       	subi	r24, 0x19	; 25
     9e8:	8d bb       	out	0x1d, r24	; 29
     9ea:	8d b3       	in	r24, 0x1d	; 29
     9ec:	88 32       	cpi	r24, 0x28	; 40
/Users/askn/Develop/UPDI4AVR-USB/src/updi.cpp:365
    send_break();
     9ee:	70 f0       	brcs	.+28     	; 0xa0c <UPDI::timeout_fallback()+0x2a>
/Users/askn/Develop/UPDI4AVR-USB/src/updi.cpp:144
    return send_bytes(_set_rsd, 3);
  }

  bool clear_rsd (void) {
    const static uint8_t _clear_rsd[] = {0x55, 0xC2, UPDI_CTRLAV};
    return send_bytes(_clear_rsd, 3);
     9f0:	8d b3       	in	r24, 0x1d	; 29
     9f2:	90 e0       	ldi	r25, 0x00	; 0
     9f4:	80 93 52 63 	sts	0x6352, r24	; 0x806352 <_xclk>
     9f8:	90 93 53 63 	sts	0x6353, r25	; 0x806353 <_xclk+0x1>
/Users/askn/Develop/UPDI4AVR-USB/src/updi.cpp:366
    /* If a timeout occurs, the communication speed will be reduced. */
    RXDATA = _xclk - 25;
    if (RXDATA < 40) return 0;
    _xclk = RXDATA;
    send_break();
    return clear_rsd();
     9fc:	b8 df       	rcall	.-144    	; 0x96e <UPDI::send_break()>
clear_rsd():
/Users/askn/Develop/UPDI4AVR-USB/src/updi.cpp:363
  // MARK: UPDI Session

  size_t timeout_fallback (void) {
    /* If a timeout occurs, the communication speed will be reduced. */
    RXDATA = _xclk - 25;
    if (RXDATA < 40) return 0;
     9fe:	63 e0       	ldi	r22, 0x03	; 3
/Users/askn/Develop/UPDI4AVR-USB/src/updi.cpp:367
    _xclk = RXDATA;
    send_break();
    return clear_rsd();
  }
     a00:	70 e0       	ldi	r23, 0x00	; 0
/Users/askn/Develop/UPDI4AVR-USB/src/pdi.cpp:153

  bool send_byte (const uint8_t _data) {
    return start_txd() && send(_data);
     a02:	87 e8       	ldi	r24, 0x87	; 135
/Users/askn/Develop/UPDI4AVR-USB/src/tpi.cpp:113
    while (get_sin(0x62) && RXDATA);  /* NVMCSR_REG: IO=0x32 */
    D2PRINTF("<CSR:%02X>\r\n", RXDATA);
    return true;
  }

  bool nvm_ctrl (const uint8_t _nvmcmd) {
     a04:	90 e6       	ldi	r25, 0x60	; 96
     a06:	99 dd       	rcall	.-1230   	; 0x53a <UPDI::send_bytes(unsigned char const*, unsigned int)>
_ZN4UPDI16timeout_fallbackEv():
/Users/askn/Develop/UPDI4AVR-USB/src/tpi.cpp:79
    return send(0xC0 | _addr) && send(_data);
  }

  bool set_sout (const uint8_t _addr, const uint8_t _data) {
    D2PRINTF("[SOUT:%02X:%02X]\r\n", _addr, _data);
    return send(0x90 | _addr) && send(_data);
     a08:	90 e0       	ldi	r25, 0x00	; 0
     a0a:	08 95       	ret
     a0c:	90 e0       	ldi	r25, 0x00	; 0
     a0e:	80 e0       	ldi	r24, 0x00	; 0
     a10:	08 95       	ret

00000a12 <PDI::send_byte(unsigned char) [clone .part.4]>:
_ZN3PDI9send_byteEh.part.4():
/Users/askn/Develop/UPDI4AVR-USB/src/tpi.cpp:115
    return true;
  }

  bool nvm_ctrl (const uint8_t _nvmcmd) {
    return set_sout(0x63, _nvmcmd);   /* NVMCMD_REG: IO=0x33 */
  }
     a12:	82 cd       	rjmp	.-1276   	; 0x518 <PDI::send(unsigned char)>

00000a14 <TPI::nvm_ctrl(unsigned char)>:
_ZN3TPI8nvm_ctrlEh():
     a14:	cf 93       	push	r28
     a16:	c8 2f       	mov	r28, r24
set_sout():
     a18:	83 ef       	ldi	r24, 0xF3	; 243
     a1a:	7e dd       	rcall	.-1284   	; 0x518 <PDI::send(unsigned char)>
/Users/askn/Develop/UPDI4AVR-USB/src/tpi.cpp:84
    return send(0x90 | _addr) && send(_data);
  }

  bool get_sin (const uint8_t _addr) {
    D2PRINTF("[SIN:%02X]\r\n", _addr);
    return send(0x10 | _addr) && recv();
     a1c:	88 23       	and	r24, r24
     a1e:	19 f0       	breq	.+6      	; 0xa26 <TPI::nvm_ctrl(unsigned char)+0x12>
     a20:	8c 2f       	mov	r24, r28
_ZN3TPI8nvm_ctrlEh():
     a22:	cf 91       	pop	r28
set_sout():
     a24:	f6 cf       	rjmp	.-20     	; 0xa12 <PDI::send_byte(unsigned char) [clone .part.4]>
_ZN3TPI8nvm_ctrlEh():
     a26:	80 e0       	ldi	r24, 0x00	; 0
     a28:	cf 91       	pop	r28
/Users/askn/Develop/UPDI4AVR-USB/src/tpi.cpp:108
  }

  // MARK: TPI NVM Control

  bool nvm_wait (void) {
    while (get_sin(0x62) && RXDATA);  /* NVMCSR_REG: IO=0x32 */
     a2a:	08 95       	ret

00000a2c <TPI::nvm_wait()>:
_ZN3TPI8nvm_waitEv():
     a2c:	82 e7       	ldi	r24, 0x72	; 114
     a2e:	74 dd       	rcall	.-1304   	; 0x518 <PDI::send(unsigned char)>
     a30:	88 23       	and	r24, r24
     a32:	31 f0       	breq	.+12     	; 0xa40 <TPI::nvm_wait()+0x14>
/Users/askn/Develop/UPDI4AVR-USB/src/tpi.cpp:111
    D2PRINTF("<CSR:%02X>\r\n", RXDATA);
    return true;
  }
     a34:	70 dd       	rcall	.-1312   	; 0x516 <PDI::recv_byte() [clone .part.3]>
     a36:	88 23       	and	r24, r24
/Users/askn/Develop/UPDI4AVR-USB/src/tpi.cpp:100
  bool get_sld (void) {
    D2PRINTF("[SLD]\r\n");
    return send(0x24) && recv();
  }

  bool set_sst (const uint8_t _data) {
     a38:	19 f0       	breq	.+6      	; 0xa40 <TPI::nvm_wait()+0x14>
     a3a:	8d b3       	in	r24, 0x1d	; 29
/Users/askn/Develop/UPDI4AVR-USB/src/tpi.cpp:102
    D2PRINTF("[SST:%02X]\r\n", _data);
    return send(0x64) && send(_data);
     a3c:	81 11       	cpse	r24, r1
     a3e:	f6 cf       	rjmp	.-20     	; 0xa2c <TPI::nvm_wait()>
     a40:	81 e0       	ldi	r24, 0x01	; 1
     a42:	08 95       	ret

00000a44 <TPI::set_sst(unsigned char)>:
_ZN3TPI7set_sstEh():
     a44:	cf 93       	push	r28
     a46:	c8 2f       	mov	r28, r24
/Users/askn/Develop/UPDI4AVR-USB/src/tpi.cpp:103
  }
     a48:	84 e6       	ldi	r24, 0x64	; 100
     a4a:	66 dd       	rcall	.-1332   	; 0x518 <PDI::send(unsigned char)>
     a4c:	88 23       	and	r24, r24
     a4e:	19 f0       	breq	.+6      	; 0xa56 <TPI::set_sst(unsigned char)+0x12>
     a50:	8c 2f       	mov	r24, r28
     a52:	cf 91       	pop	r28
/Users/askn/Develop/UPDI4AVR-USB/src/tpi.cpp:97
        && send(_addr >> 8);
  }

  bool get_sld (void) {
    D2PRINTF("[SLD]\r\n");
    return send(0x24) && recv();
     a54:	de cf       	rjmp	.-68     	; 0xa12 <PDI::send_byte(unsigned char) [clone .part.4]>
     a56:	80 e0       	ldi	r24, 0x00	; 0
     a58:	cf 91       	pop	r28
     a5a:	08 95       	ret

00000a5c <TPI::get_sld()>:
_ZN3TPI7get_sldEv():
     a5c:	84 e2       	ldi	r24, 0x24	; 36
     a5e:	5c dd       	rcall	.-1352   	; 0x518 <PDI::send(unsigned char)>
/Users/askn/Develop/UPDI4AVR-USB/src/tpi.cpp:98
  }
     a60:	81 11       	cpse	r24, r1
     a62:	59 cd       	rjmp	.-1358   	; 0x516 <PDI::recv_byte() [clone .part.3]>
/Users/askn/Develop/UPDI4AVR-USB/src/tpi.cpp:87
  bool get_sin (const uint8_t _addr) {
    D2PRINTF("[SIN:%02X]\r\n", _addr);
    return send(0x10 | _addr) && recv();
  }

  bool set_sstpr (const uint16_t _addr) {
     a64:	80 e0       	ldi	r24, 0x00	; 0
     a66:	08 95       	ret

00000a68 <TPI::set_sstpr(unsigned int)>:
_ZN3TPI9set_sstprEj():
     a68:	cf 93       	push	r28
     a6a:	df 93       	push	r29
/Users/askn/Develop/UPDI4AVR-USB/src/tpi.cpp:89
    D2PRINTF("[SSTPR:%04X]\r\n", _addr);
    return send(0x68)
     a6c:	d8 2f       	mov	r29, r24
     a6e:	c9 2f       	mov	r28, r25
     a70:	88 e6       	ldi	r24, 0x68	; 104
/Users/askn/Develop/UPDI4AVR-USB/src/tpi.cpp:92
        && send(_addr & 0xFF)
        && send(0x69)
        && send(_addr >> 8);
     a72:	52 dd       	rcall	.-1372   	; 0x518 <PDI::send(unsigned char)>
     a74:	88 23       	and	r24, r24
/Users/askn/Develop/UPDI4AVR-USB/src/tpi.cpp:90
  }

  bool set_sstpr (const uint16_t _addr) {
    D2PRINTF("[SSTPR:%04X]\r\n", _addr);
    return send(0x68)
        && send(_addr & 0xFF)
     a76:	61 f0       	breq	.+24     	; 0xa90 <TPI::set_sstpr(unsigned int)+0x28>
     a78:	8d 2f       	mov	r24, r29
     a7a:	4e dd       	rcall	.-1380   	; 0x518 <PDI::send(unsigned char)>
     a7c:	88 23       	and	r24, r24
     a7e:	41 f0       	breq	.+16     	; 0xa90 <TPI::set_sstpr(unsigned int)+0x28>
/Users/askn/Develop/UPDI4AVR-USB/src/tpi.cpp:91
        && send(0x69)
     a80:	89 e6       	ldi	r24, 0x69	; 105
     a82:	4a dd       	rcall	.-1388   	; 0x518 <PDI::send(unsigned char)>
     a84:	88 23       	and	r24, r24
     a86:	21 f0       	breq	.+8      	; 0xa90 <TPI::set_sstpr(unsigned int)+0x28>
     a88:	8c 2f       	mov	r24, r28
/Users/askn/Develop/UPDI4AVR-USB/src/tpi.cpp:92
        && send(_addr >> 8);
     a8a:	df 91       	pop	r29
/Users/askn/Develop/UPDI4AVR-USB/src/tpi.cpp:93
  }
     a8c:	cf 91       	pop	r28
     a8e:	44 cd       	rjmp	.-1400   	; 0x518 <PDI::send(unsigned char)>
/Users/askn/Develop/UPDI4AVR-USB/src/tpi.cpp:92
  bool set_sstpr (const uint16_t _addr) {
    D2PRINTF("[SSTPR:%04X]\r\n", _addr);
    return send(0x68)
        && send(_addr & 0xFF)
        && send(0x69)
        && send(_addr >> 8);
     a90:	80 e0       	ldi	r24, 0x00	; 0
     a92:	df 91       	pop	r29
/Users/askn/Develop/UPDI4AVR-USB/src/tpi.cpp:93
  }
     a94:	cf 91       	pop	r28
     a96:	08 95       	ret

00000a98 <TPI::idle_clock(unsigned int)>:
_ZN3TPI10idle_clockEj():
     a98:	30 e0       	ldi	r19, 0x00	; 0
     a9a:	20 e0       	ldi	r18, 0x00	; 0
/Users/askn/Develop/UPDI4AVR-USB/src/tpi.cpp:46
  };

  // MARK: TPI Low level

  void idle_clock (const size_t clock) {
    for (size_t i = 0; i < clock; i++) {
     a9c:	40 91 08 04 	lds	r20, 0x0408	; 0x800408 <__TEXT_REGION_LENGTH__+0x7f0408>
/Users/askn/Develop/UPDI4AVR-USB/src/tpi.cpp:47
      loop_until_bit_is_set(TCLK_IN, TCLK_bp);
     aa0:	42 ff       	sbrs	r20, 2
     aa2:	fc cf       	rjmp	.-8      	; 0xa9c <TPI::idle_clock(unsigned int)+0x4>
     aa4:	40 91 08 04 	lds	r20, 0x0408	; 0x800408 <__TEXT_REGION_LENGTH__+0x7f0408>
/Users/askn/Develop/UPDI4AVR-USB/src/tpi.cpp:48
      loop_until_bit_is_clear(TCLK_IN, TCLK_bp);
     aa8:	42 fd       	sbrc	r20, 2
     aaa:	fc cf       	rjmp	.-8      	; 0xaa4 <TPI::idle_clock(unsigned int)+0xc>
     aac:	2f 5f       	subi	r18, 0xFF	; 255
     aae:	3f 4f       	sbci	r19, 0xFF	; 255
/Users/askn/Develop/UPDI4AVR-USB/src/tpi.cpp:46
  };

  // MARK: TPI Low level

  void idle_clock (const size_t clock) {
    for (size_t i = 0; i < clock; i++) {
     ab0:	82 17       	cp	r24, r18
     ab2:	93 07       	cpc	r25, r19
     ab4:	99 f7       	brne	.-26     	; 0xa9c <TPI::idle_clock(unsigned int)+0x4>
     ab6:	08 95       	ret

00000ab8 <SYS::get_vdd()>:
_ZN3SYS7get_vddEv():
     ab8:	80 91 0a 06 	lds	r24, 0x060A	; 0x80060a <__TEXT_REGION_LENGTH__+0x7f060a>
/Users/askn/Develop/UPDI4AVR-USB/src/sys.cpp:436
    ADC0_COMMAND = ADC_MODE_BURST_gc;
    get_vdd();
  }

  uint16_t get_vdd (void) {
    ADC0_COMMAND |= ADC_START_IMMEDIATE_gc;
     abc:	81 60       	ori	r24, 0x01	; 1
     abe:	80 93 0a 06 	sts	0x060A, r24	; 0x80060a <__TEXT_REGION_LENGTH__+0x7f060a>
     ac2:	80 91 07 06 	lds	r24, 0x0607	; 0x800607 <__TEXT_REGION_LENGTH__+0x7f0607>
/Users/askn/Develop/UPDI4AVR-USB/src/sys.cpp:437
    loop_until_bit_is_set(ADC0_INTFLAGS, ADC_SAMPRDY_bp);
     ac6:	81 ff       	sbrs	r24, 1
     ac8:	fc cf       	rjmp	.-8      	; 0xac2 <SYS::get_vdd()+0xa>
     aca:	80 91 0c 06 	lds	r24, 0x060C	; 0x80060c <__TEXT_REGION_LENGTH__+0x7f060c>
/Users/askn/Develop/UPDI4AVR-USB/src/sys.cpp:438
    uint16_t _adc_reading = ADC0_RESULT;
     ace:	90 91 0d 06 	lds	r25, 0x060D	; 0x80060d <__TEXT_REGION_LENGTH__+0x7f060d>
     ad2:	9c 01       	movw	r18, r24
     ad4:	36 95       	lsr	r19
/Users/askn/Develop/UPDI4AVR-USB/src/sys.cpp:439
    _adc_reading += (_adc_reading >> 2);
     ad6:	27 95       	ror	r18
     ad8:	36 95       	lsr	r19
     ada:	27 95       	ror	r18
     adc:	82 0f       	add	r24, r18
     ade:	93 1f       	adc	r25, r19
/Users/askn/Develop/UPDI4AVR-USB/src/sys.cpp:441
    return _adc_reading;
  }
     ae0:	08 95       	ret

00000ae2 <SYS::is_boundary_flash_page(unsigned long)>:
_ZN3SYS22is_boundary_flash_pageEm():
     ae2:	cf 92       	push	r12
     ae4:	df 92       	push	r13
/Users/askn/Develop/UPDI4AVR-USB/src/sys.cpp:405
   * Flash memory boundary check
   *
   * True when a page area address different from the previous time is detected.
   * Indicates the need to erase a page in FLASH/USERROW/BOOTROW of the AVR-Dx series.
   */
  bool is_boundary_flash_page (uint32_t _dwAddr) {
     ae6:	ef 92       	push	r14
     ae8:	ff 92       	push	r15
     aea:	ab 01       	movw	r20, r22
     aec:	bc 01       	movw	r22, r24
     aee:	80 91 20 63 	lds	r24, 0x6320	; 0x806320 <Device_Descriptor+0x2d>
/Users/askn/Develop/UPDI4AVR-USB/src/sys.cpp:406
    uint32_t _mask = ~(((uint16_t)Device_Descriptor.UPDI.flash_page_size_msb << 8)
     af2:	28 2f       	mov	r18, r24
     af4:	30 e0       	ldi	r19, 0x00	; 0
     af6:	32 2f       	mov	r19, r18
     af8:	22 27       	eor	r18, r18
     afa:	80 91 f5 62 	lds	r24, 0x62F5	; 0x8062f5 <Device_Descriptor+0x2>
/Users/askn/Develop/UPDI4AVR-USB/src/sys.cpp:407
                                + Device_Descriptor.UPDI.flash_page_size - 1);
     afe:	82 0f       	add	r24, r18
     b00:	93 2f       	mov	r25, r19
     b02:	91 1d       	adc	r25, r1
     b04:	91 95       	neg	r25
     b06:	81 95       	neg	r24
/Users/askn/Develop/UPDI4AVR-USB/src/sys.cpp:406
   *
   * True when a page area address different from the previous time is detected.
   * Indicates the need to erase a page in FLASH/USERROW/BOOTROW of the AVR-Dx series.
   */
  bool is_boundary_flash_page (uint32_t _dwAddr) {
    uint32_t _mask = ~(((uint16_t)Device_Descriptor.UPDI.flash_page_size_msb << 8)
     b08:	91 09       	sbc	r25, r1
     b0a:	b0 e0       	ldi	r27, 0x00	; 0
     b0c:	a0 e0       	ldi	r26, 0x00	; 0
     b0e:	84 23       	and	r24, r20
     b10:	95 23       	and	r25, r21
/Users/askn/Develop/UPDI4AVR-USB/src/sys.cpp:408
                                + Device_Descriptor.UPDI.flash_page_size - 1);
    uint32_t _after_page = _dwAddr & _mask;
     b12:	a6 23       	and	r26, r22
     b14:	b7 23       	and	r27, r23
     b16:	21 e0       	ldi	r18, 0x01	; 1
     b18:	c0 90 24 63 	lds	r12, 0x6324	; 0x806324 <_before_page>
/Users/askn/Develop/UPDI4AVR-USB/src/sys.cpp:409
    bool _result = _before_page != _after_page;
     b1c:	d0 90 25 63 	lds	r13, 0x6325	; 0x806325 <_before_page+0x1>
     b20:	e0 90 26 63 	lds	r14, 0x6326	; 0x806326 <_before_page+0x2>
     b24:	f0 90 27 63 	lds	r15, 0x6327	; 0x806327 <_before_page+0x3>
     b28:	c8 16       	cp	r12, r24
     b2a:	d9 06       	cpc	r13, r25
     b2c:	ea 06       	cpc	r14, r26
     b2e:	fb 06       	cpc	r15, r27
     b30:	09 f4       	brne	.+2      	; 0xb34 <SYS::is_boundary_flash_page(unsigned long)+0x52>
     b32:	20 e0       	ldi	r18, 0x00	; 0
     b34:	80 93 24 63 	sts	0x6324, r24	; 0x806324 <_before_page>
/Users/askn/Develop/UPDI4AVR-USB/src/sys.cpp:410
    _before_page = _after_page;
     b38:	90 93 25 63 	sts	0x6325, r25	; 0x806325 <_before_page+0x1>
     b3c:	a0 93 26 63 	sts	0x6326, r26	; 0x806326 <_before_page+0x2>
     b40:	b0 93 27 63 	sts	0x6327, r27	; 0x806327 <_before_page+0x3>
     b44:	82 2f       	mov	r24, r18
     b46:	ff 90       	pop	r15
/Users/askn/Develop/UPDI4AVR-USB/src/sys.cpp:412
    return _result;
  }
     b48:	ef 90       	pop	r14
     b4a:	df 90       	pop	r13
     b4c:	cf 90       	pop	r12
     b4e:	08 95       	ret

00000b50 <SYS::LED_Flash()>:
_ZN3SYS9LED_FlashEv():
     b50:	80 91 50 63 	lds	r24, 0x6350	; 0x806350 <_led_mode>
/Users/askn/Develop/UPDI4AVR-USB/src/sys.cpp:195
      _led_mode = 1;
    }
  }

  WEAK void LED_TM (uint8_t _mode, uint16_t _ccmp) {
    if (_led_mode != _mode) {
     b54:	82 30       	cpi	r24, 0x02	; 2
     b56:	b1 f0       	breq	.+44     	; 0xb84 <SYS::LED_Flash()+0x34>
     b58:	10 92 2a 0a 	sts	0x0A2A, r1	; 0x800a2a <__TEXT_REGION_LENGTH__+0x7f0a2a>
/Users/askn/Develop/UPDI4AVR-USB/src/sys.cpp:197
      D1PRINTF(" LED=%d\r\n", _mode);
      TCA0_SPLIT_LCMP1 = 0;             /* turn off TCA0_WO1 */
     b5c:	8f e0       	ldi	r24, 0x0F	; 15
     b5e:	80 93 00 0a 	sts	0x0A00, r24	; 0x800a00 <__TEXT_REGION_LENGTH__+0x7f0a00>
/Users/askn/Develop/UPDI4AVR-USB/src/sys.cpp:198
      TCA0_SPLIT_CTRLA = TCA_SPLIT_ENABLE_bm | TCA_SPLIT_CLKSEL_DIV1024_gc;
     b62:	2e e0       	ldi	r18, 0x0E	; 14
     b64:	30 e0       	ldi	r19, 0x00	; 0
/Users/askn/Develop/UPDI4AVR-USB/src/sys.cpp:199
      TCB0_CNT   = (_ccmp >> 1) - 2;
     b66:	20 93 0a 0b 	sts	0x0B0A, r18	; 0x800b0a <__TEXT_REGION_LENGTH__+0x7f0b0a>
     b6a:	30 93 0b 0b 	sts	0x0B0B, r19	; 0x800b0b <__TEXT_REGION_LENGTH__+0x7f0b0b>
     b6e:	90 e2       	ldi	r25, 0x20	; 32
     b70:	90 93 0c 0b 	sts	0x0B0C, r25	; 0x800b0c <__TEXT_REGION_LENGTH__+0x7f0b0c>
/Users/askn/Develop/UPDI4AVR-USB/src/sys.cpp:200
      TCB0_CCMPL = _ccmp;
     b74:	90 e1       	ldi	r25, 0x10	; 16
     b76:	90 93 0d 0b 	sts	0x0B0D, r25	; 0x800b0d <__TEXT_REGION_LENGTH__+0x7f0b0d>
/Users/askn/Develop/UPDI4AVR-USB/src/sys.cpp:201
      TCB0_CCMPH = _ccmp >> 1;          /* compare TCB0_WO */
     b7a:	80 93 00 0b 	sts	0x0B00, r24	; 0x800b00 <__TEXT_REGION_LENGTH__+0x7f0b00>
/Users/askn/Develop/UPDI4AVR-USB/src/sys.cpp:202
      TCB0_CTRLA = TCB_ENABLE_bm | TCB_CLKSEL_EVENT_gc;
     b7e:	82 e0       	ldi	r24, 0x02	; 2
     b80:	80 93 50 63 	sts	0x6350, r24	; 0x806350 <_led_mode>
/Users/askn/Develop/UPDI4AVR-USB/src/sys.cpp:203
      _led_mode = _mode;
     b84:	08 95       	ret

00000b86 <SYS::LED_HeartBeat()>:
_ZN3SYS13LED_HeartBeatEv():
     b86:	80 91 50 63 	lds	r24, 0x6350	; 0x806350 <_led_mode>
/Users/askn/Develop/UPDI4AVR-USB/src/sys.cpp:181
  * LED operation switching
  */

  /* Heartbeat (waiting) */
  WEAK void LED_HeartBeat (void) {
    if (_led_mode != 1) {
     b8a:	81 30       	cpi	r24, 0x01	; 1
     b8c:	c1 f0       	breq	.+48     	; 0xbbe <SYS::LED_HeartBeat()+0x38>
     b8e:	84 ec       	ldi	r24, 0xC4	; 196
     b90:	80 93 26 0a 	sts	0x0A26, r24	; 0x800a26 <__TEXT_REGION_LENGTH__+0x7f0a26>
/Users/askn/Develop/UPDI4AVR-USB/src/sys.cpp:183
      D1PRINTF(" LED=HB\r\n");
      TCA0_SPLIT_LPER  = TM_HBEAT - 1;
     b94:	82 e6       	ldi	r24, 0x62	; 98
     b96:	80 93 2a 0a 	sts	0x0A2A, r24	; 0x800a2a <__TEXT_REGION_LENGTH__+0x7f0a2a>
/Users/askn/Develop/UPDI4AVR-USB/src/sys.cpp:184
      TCA0_SPLIT_LCMP1 = TM_HBEAT >> 1; /* compare TCA0_WO1 */
     b9a:	9f e0       	ldi	r25, 0x0F	; 15
     b9c:	90 93 00 0a 	sts	0x0A00, r25	; 0x800a00 <__TEXT_REGION_LENGTH__+0x7f0a00>
/Users/askn/Develop/UPDI4AVR-USB/src/sys.cpp:185
      TCA0_SPLIT_CTRLA = TCA_SPLIT_ENABLE_bm | TCA_SPLIT_CLKSEL_DIV1024_gc;
     ba0:	10 92 0a 0b 	sts	0x0B0A, r1	; 0x800b0a <__TEXT_REGION_LENGTH__+0x7f0b0a>
/Users/askn/Develop/UPDI4AVR-USB/src/sys.cpp:186
      TCB0_CNT   = 0;
     ba4:	10 92 0b 0b 	sts	0x0B0B, r1	; 0x800b0b <__TEXT_REGION_LENGTH__+0x7f0b0b>
     ba8:	95 ec       	ldi	r25, 0xC5	; 197
     baa:	90 93 0c 0b 	sts	0x0B0C, r25	; 0x800b0c <__TEXT_REGION_LENGTH__+0x7f0b0c>
/Users/askn/Develop/UPDI4AVR-USB/src/sys.cpp:187
      TCB0_CCMPL = TM_HBEAT;
     bae:	80 93 0d 0b 	sts	0x0B0D, r24	; 0x800b0d <__TEXT_REGION_LENGTH__+0x7f0b0d>
/Users/askn/Develop/UPDI4AVR-USB/src/sys.cpp:188
      TCB0_CCMPH = TM_HBEAT >> 1;       /* compare TCB0_WO */
     bb2:	85 e0       	ldi	r24, 0x05	; 5
     bb4:	80 93 00 0b 	sts	0x0B00, r24	; 0x800b00 <__TEXT_REGION_LENGTH__+0x7f0b00>
/Users/askn/Develop/UPDI4AVR-USB/src/sys.cpp:189
      TCB0_CTRLA = TCB_ENABLE_bm | TCB_CLKSEL_TCA0_gc;
     bb8:	81 e0       	ldi	r24, 0x01	; 1
     bba:	80 93 50 63 	sts	0x6350, r24	; 0x806350 <_led_mode>
/Users/askn/Develop/UPDI4AVR-USB/src/sys.cpp:190
      _led_mode = 1;
     bbe:	08 95       	ret

00000bc0 <USART::change_vcp()>:
_ZN5USART10change_vcpEv():
     bc0:	cf 92       	push	r12
/Users/askn/Develop/UPDI4AVR-USB/src/sys.cpp:192
    }
  }
     bc2:	df 92       	push	r13
/Users/askn/Develop/UPDI4AVR-USB/src/usart.cpp:141
    #endif
  }

  /*** Activates VCP operation. ***/
  /* Detailed parameters are specified in SET_LINE_ENCODING. */
  void change_vcp (void) {
     bc4:	ef 92       	push	r14
     bc6:	ff 92       	push	r15
     bc8:	cf 93       	push	r28
     bca:	df 93       	push	r29
     bcc:	00 d0       	rcall	.+0      	; 0xbce <USART::change_vcp()+0xe>
     bce:	00 d0       	rcall	.+0      	; 0xbd0 <USART::change_vcp()+0x10>
     bd0:	cd b7       	in	r28, 0x3d	; 61
     bd2:	de b7       	in	r29, 0x3e	; 62
     bd4:	20 91 a1 60 	lds	r18, 0x60A1	; 0x8060a1 <_set_line_encoding>
/Users/askn/Develop/UPDI4AVR-USB/src/usart.cpp:143
    uint8_t _ctrlb = USART_RXEN_bm | USART_TXEN_bm | USART_ODME_bm;
    uint32_t _baud = _set_line_encoding.dwDTERate;
     bd8:	30 91 a2 60 	lds	r19, 0x60A2	; 0x8060a2 <_set_line_encoding+0x1>
     bdc:	40 91 a3 60 	lds	r20, 0x60A3	; 0x8060a3 <_set_line_encoding+0x2>
     be0:	50 91 a4 60 	lds	r21, 0x60A4	; 0x8060a4 <_set_line_encoding+0x3>
     be4:	21 15       	cp	r18, r1
     be6:	31 05       	cpc	r19, r1
/Users/askn/Develop/UPDI4AVR-USB/src/usart.cpp:146
    D1PRINTF(" BAUD=%ld", _baud);
    /* If the BAUD value is small, select double speed mode. */
    if (!_baud) _baud = 9600UL;
     be8:	41 05       	cpc	r20, r1
     bea:	51 05       	cpc	r21, r1
     bec:	21 f4       	brne	.+8      	; 0xbf6 <USART::change_vcp()+0x36>
     bee:	20 e8       	ldi	r18, 0x80	; 128
     bf0:	35 e2       	ldi	r19, 0x25	; 37
     bf2:	40 e0       	ldi	r20, 0x00	; 0
     bf4:	50 e0       	ldi	r21, 0x00	; 0
     bf6:	60 e0       	ldi	r22, 0x00	; 0
     bf8:	78 e6       	ldi	r23, 0x68	; 104
/Users/askn/Develop/UPDI4AVR-USB/src/usart.cpp:147
    if (_baud) _baud = (((F_CPU * 8L) / _baud) + 1) >> 1;
     bfa:	89 e8       	ldi	r24, 0x89	; 137
     bfc:	99 e0       	ldi	r25, 0x09	; 9
     bfe:	0e 94 ff 20 	call	0x41fe	; 0x41fe <__udivmodsi4>
     c02:	da 01       	movw	r26, r20
     c04:	c9 01       	movw	r24, r18
     c06:	01 96       	adiw	r24, 0x01	; 1
     c08:	a1 1d       	adc	r26, r1
     c0a:	b1 1d       	adc	r27, r1
     c0c:	ac 01       	movw	r20, r24
     c0e:	bd 01       	movw	r22, r26
     c10:	76 95       	lsr	r23
     c12:	67 95       	ror	r22
     c14:	57 95       	ror	r21
     c16:	47 95       	ror	r20
     c18:	28 ec       	ldi	r18, 0xC8	; 200
     c1a:	40 36       	cpi	r20, 0x60	; 96
/Users/askn/Develop/UPDI4AVR-USB/src/usart.cpp:142
  }

  /*** Activates VCP operation. ***/
  /* Detailed parameters are specified in SET_LINE_ENCODING. */
  void change_vcp (void) {
    uint8_t _ctrlb = USART_RXEN_bm | USART_TXEN_bm | USART_ODME_bm;
     c1c:	51 05       	cpc	r21, r1
/Users/askn/Develop/UPDI4AVR-USB/src/usart.cpp:148
    uint32_t _baud = _set_line_encoding.dwDTERate;
    D1PRINTF(" BAUD=%ld", _baud);
    /* If the BAUD value is small, select double speed mode. */
    if (!_baud) _baud = 9600UL;
    if (_baud) _baud = (((F_CPU * 8L) / _baud) + 1) >> 1;
    if (_baud < 96) {
     c1e:	61 05       	cpc	r22, r1
     c20:	71 05       	cpc	r23, r1
     c22:	20 f4       	brcc	.+8      	; 0xc2c <USART::change_vcp()+0x6c>
     c24:	ac 01       	movw	r20, r24
     c26:	bd 01       	movw	r22, r26
/Users/askn/Develop/UPDI4AVR-USB/src/usart.cpp:149
      _baud <<= 1;
     c28:	4e 7f       	andi	r20, 0xFE	; 254
     c2a:	2a ec       	ldi	r18, 0xCA	; 202
/Users/askn/Develop/UPDI4AVR-USB/src/usart.cpp:150
      _ctrlb |= USART_RXMODE_CLK2X_gc;
     c2c:	db 01       	movw	r26, r22
/Users/askn/Develop/UPDI4AVR-USB/src/usart.cpp:153
    }
    D1PRINTF("->%04X\r\n", _baud);
    if (_baud < 0x10000UL && _baud >= 64) {
     c2e:	ca 01       	movw	r24, r20
     c30:	80 54       	subi	r24, 0x40	; 64
     c32:	91 09       	sbc	r25, r1
     c34:	a1 09       	sbc	r26, r1
     c36:	b1 09       	sbc	r27, r1
     c38:	80 3c       	cpi	r24, 0xC0	; 192
     c3a:	9f 4f       	sbci	r25, 0xFF	; 255
     c3c:	a1 05       	cpc	r26, r1
     c3e:	b1 05       	cpc	r27, r1
     c40:	a0 f5       	brcc	.+104    	; 0xcaa <USART::change_vcp()+0xea>
     c42:	90 91 a7 60 	lds	r25, 0x60A7	; 0x8060a7 <_set_line_encoding+0x6>
/Users/askn/Develop/UPDI4AVR-USB/src/usart.cpp:154
      uint8_t _bits = _set_line_encoding.bDataBits - 5;
     c46:	95 50       	subi	r25, 0x05	; 5
     c48:	c0 90 2a 60 	lds	r12, 0x602A	; 0x80602a <UPDI::_set_ptr24+0x6>
/Users/askn/Develop/UPDI4AVR-USB/src/usart.cpp:155
      uint8_t _ctrlc = (uint8_t[]){
     c4c:	d0 90 2b 60 	lds	r13, 0x602B	; 0x80602b <UPDI::_set_ptr24+0x7>
     c50:	e0 90 2c 60 	lds	r14, 0x602C	; 0x80602c <UPDI::_set_ptr24+0x8>
     c54:	f0 90 2d 60 	lds	r15, 0x602D	; 0x80602d <UPDI::_set_ptr24+0x9>
     c58:	c9 82       	std	Y+1, r12	; 0x01
     c5a:	da 82       	std	Y+2, r13	; 0x02
     c5c:	eb 82       	std	Y+3, r14	; 0x03
     c5e:	fc 82       	std	Y+4, r15	; 0x04
/Users/askn/Develop/UPDI4AVR-USB/src/usart.cpp:157
        USART_PMODE_DISABLED_gc, USART_PMODE_ODD_gc, USART_PMODE_EVEN_gc, USART_PMODE_DISABLED_gc
      }[_set_line_encoding.bParityType & 3]
     c60:	e0 91 a6 60 	lds	r30, 0x60A6	; 0x8060a6 <_set_line_encoding+0x5>
     c64:	e3 70       	andi	r30, 0x03	; 3
     c66:	ec 0f       	add	r30, r28
     c68:	fd 2f       	mov	r31, r29
/Users/askn/Develop/UPDI4AVR-USB/src/usart.cpp:158
      | (_set_line_encoding.bCharFormat ? USART_SBMODE_2BIT_gc : USART_SBMODE_1BIT_gc);
     c6a:	f1 1d       	adc	r31, r1
     c6c:	81 81       	ldd	r24, Z+1	; 0x01
     c6e:	30 91 a5 60 	lds	r19, 0x60A5	; 0x8060a5 <_set_line_encoding+0x4>
     c72:	31 11       	cpse	r19, r1
/Users/askn/Develop/UPDI4AVR-USB/src/usart.cpp:159
      if (_bits < 4) {
     c74:	38 e0       	ldi	r19, 0x08	; 8
     c76:	83 2b       	or	r24, r19
/Users/askn/Develop/UPDI4AVR-USB/src/usart.cpp:160
        _ctrlc += _bits; /* USART_CHSIZE_[5,6,7,8]BIT_gc */
     c78:	94 30       	cpi	r25, 0x04	; 4
/Users/askn/Develop/UPDI4AVR-USB/src/usart.cpp:175
      }
      else {
        _ctrlc += USART_CHSIZE_8BIT_gc;
        #endif
      }
      ATOMIC_BLOCK(ATOMIC_RESTORESTATE) {
     c7a:	38 f5       	brcc	.+78     	; 0xcca <USART::change_vcp()+0x10a>
/Users/askn/Library/Arduino15/packages/MultiX-Zinnia/tools/avr8-gcc/7.3.0-avr8-gnu-toolchain/avr/include/util/atomic.h:50
    return 1;
}

static __inline__ uint8_t __iCliRetVal(void)
{
    cli();
     c7c:	89 0f       	add	r24, r25
/Users/askn/Develop/UPDI4AVR-USB/src/usart.cpp:176
        PORTMUX_USARTROUTEA = PORTMUX_USART_VCP;
     c7e:	9f b7       	in	r25, 0x3f	; 63
__iCliRetVal():
     c80:	f8 94       	cli
_ZN5USART10change_vcpEv():
     c82:	32 e1       	ldi	r19, 0x12	; 18
/Users/askn/Develop/UPDI4AVR-USB/src/usart.cpp:177
        USART0_STATUS = USART_DREIF_bm;
     c84:	30 93 e2 05 	sts	0x05E2, r19	; 0x8005e2 <__TEXT_REGION_LENGTH__+0x7f05e2>
     c88:	30 e2       	ldi	r19, 0x20	; 32
/Users/askn/Develop/UPDI4AVR-USB/src/usart.cpp:178
        USART0_BAUD = (uint16_t)_baud;
     c8a:	30 93 04 08 	sts	0x0804, r19	; 0x800804 <__TEXT_REGION_LENGTH__+0x7f0804>
     c8e:	40 93 08 08 	sts	0x0808, r20	; 0x800808 <__TEXT_REGION_LENGTH__+0x7f0808>
/Users/askn/Develop/UPDI4AVR-USB/src/usart.cpp:179
        USART0_CTRLC = _ctrlc;
     c92:	50 93 09 08 	sts	0x0809, r21	; 0x800809 <__TEXT_REGION_LENGTH__+0x7f0809>
/Users/askn/Develop/UPDI4AVR-USB/src/usart.cpp:180
        USART0_CTRLA = USART_RXCIF_bm;
     c96:	80 93 07 08 	sts	0x0807, r24	; 0x800807 <__TEXT_REGION_LENGTH__+0x7f0807>
     c9a:	80 e8       	ldi	r24, 0x80	; 128
/Users/askn/Develop/UPDI4AVR-USB/src/usart.cpp:181
        USART0_CTRLB = _ctrlb;
     c9c:	80 93 05 08 	sts	0x0805, r24	; 0x800805 <__TEXT_REGION_LENGTH__+0x7f0805>
/Users/askn/Develop/UPDI4AVR-USB/src/usart.cpp:182
        bit_set(GPCONF, GPCONF_VCP_bp);
     ca0:	20 93 06 08 	sts	0x0806, r18	; 0x800806 <__TEXT_REGION_LENGTH__+0x7f0806>
/Users/askn/Develop/UPDI4AVR-USB/src/usart.cpp:185
      }
      D1PRINTF(" USART=VCP\r\n");
      drain();
     ca4:	f1 9a       	sbi	0x1e, 1	; 30
__iRestore():
     ca6:	9f bf       	out	0x3f, r25	; 63
_ZN5USART10change_vcpEv():
/Users/askn/Develop/UPDI4AVR-USB/src/usart.cpp:191
    }
    else {
      /* If outside the supported range, the USART will remain in the BREAK state. */
      D1PRINTF(" VCP=FAIL\r\n");
    }
    GPCONF &= ~GPCONF_SW0_gm;
     ca8:	01 db       	rcall	.-2558   	; 0x2ac <USART::drain(unsigned int) [clone .constprop.10]>
     caa:	8e b3       	in	r24, 0x1e	; 30
     cac:	8f 73       	andi	r24, 0x3F	; 63
/Users/askn/Develop/UPDI4AVR-USB/src/usart.cpp:192
    pinLogicOpen(PIN_SYS_SW0);
     cae:	8e bb       	out	0x1e, r24	; 30
/Users/askn/Develop/UPDI4AVR-USB/src/usart.cpp:193
    if (bit_is_set(GPCONF, GPCONF_USB_bp))
     cb0:	a6 98       	cbi	0x14, 6	; 20
     cb2:	f0 9b       	sbis	0x1e, 0	; 30
/Users/askn/Develop/UPDI4AVR-USB/src/usart.cpp:197
      SYS::LED_HeartBeat();
    else
      SYS::LED_Flash();
  }
     cb4:	0c c0       	rjmp	.+24     	; 0xcce <USART::change_vcp()+0x10e>
     cb6:	24 96       	adiw	r28, 0x04	; 4
     cb8:	cd bf       	out	0x3d, r28	; 61
     cba:	de bf       	out	0x3e, r29	; 62
     cbc:	df 91       	pop	r29
     cbe:	cf 91       	pop	r28
     cc0:	ff 90       	pop	r15
     cc2:	ef 90       	pop	r14
     cc4:	df 90       	pop	r13
/Users/askn/Develop/UPDI4AVR-USB/src/usart.cpp:194
      D1PRINTF(" VCP=FAIL\r\n");
    }
    GPCONF &= ~GPCONF_SW0_gm;
    pinLogicOpen(PIN_SYS_SW0);
    if (bit_is_set(GPCONF, GPCONF_USB_bp))
      SYS::LED_HeartBeat();
     cc6:	cf 90       	pop	r12
     cc8:	5e cf       	rjmp	.-324    	; 0xb86 <SYS::LED_HeartBeat()>
/Users/askn/Develop/UPDI4AVR-USB/src/usart.cpp:172
        usart_receiver    = &USB::vcp_receiver_9bit;
        usart_transmitter = &USB::vcp_transceiver_9bit;
        #else
      }
      else {
        _ctrlc += USART_CHSIZE_8BIT_gc;
     cca:	8d 5f       	subi	r24, 0xFD	; 253
     ccc:	d8 cf       	rjmp	.-80     	; 0xc7e <USART::change_vcp()+0xbe>
/Users/askn/Develop/UPDI4AVR-USB/src/usart.cpp:197
    pinLogicOpen(PIN_SYS_SW0);
    if (bit_is_set(GPCONF, GPCONF_USB_bp))
      SYS::LED_HeartBeat();
    else
      SYS::LED_Flash();
  }
     cce:	24 96       	adiw	r28, 0x04	; 4
     cd0:	cd bf       	out	0x3d, r28	; 61
     cd2:	de bf       	out	0x3e, r29	; 62
     cd4:	df 91       	pop	r29
     cd6:	cf 91       	pop	r28
     cd8:	ff 90       	pop	r15
     cda:	ef 90       	pop	r14
     cdc:	df 90       	pop	r13
     cde:	cf 90       	pop	r12
/Users/askn/Develop/UPDI4AVR-USB/src/usart.cpp:196
    GPCONF &= ~GPCONF_SW0_gm;
    pinLogicOpen(PIN_SYS_SW0);
    if (bit_is_set(GPCONF, GPCONF_USB_bp))
      SYS::LED_HeartBeat();
    else
      SYS::LED_Flash();
     ce0:	37 cf       	rjmp	.-402    	; 0xb50 <SYS::LED_Flash()>

00000ce2 <USB::break_off()>:
_ZN3USB9break_offEv():
     ce2:	f1 9b       	sbis	0x1e, 1	; 30
/Users/askn/Develop/UPDI4AVR-USB/src/usb.cpp:373
    bit_set(GPCONF, GPCONF_BRK_bp);
  }

  void break_off (void) {
    if (bit_is_set(GPCONF, GPCONF_VCP_bp)
     && bit_is_set(GPCONF, GPCONF_BRK_bp)) {
     ce4:	04 c0       	rjmp	.+8      	; 0xcee <USB::break_off()+0xc>
     ce6:	f3 9b       	sbis	0x1e, 3	; 30
     ce8:	02 c0       	rjmp	.+4      	; 0xcee <USB::break_off()+0xc>
     cea:	6a df       	rcall	.-300    	; 0xbc0 <USART::change_vcp()>
/Users/askn/Develop/UPDI4AVR-USB/src/usb.cpp:374
      USART::change_vcp();
     cec:	f4 9a       	sbi	0x1e, 4	; 30
     cee:	f3 98       	cbi	0x1e, 3	; 30
/Users/askn/Develop/UPDI4AVR-USB/src/usb.cpp:375
      bit_set(GPCONF, GPCONF_OPN_bp);
     cf0:	08 95       	ret

00000cf2 <PDI::get_mtype_offset(unsigned char)>:
_ZN3PDI16get_mtype_offsetEh():
/Users/askn/Develop/UPDI4AVR-USB/src/usb.cpp:377
    }
    bit_clear(GPCONF, GPCONF_BRK_bp);
     cf2:	82 32       	cpi	r24, 0x22	; 34
/Users/askn/Develop/UPDI4AVR-USB/src/usb.cpp:378
  }
     cf4:	49 f4       	brne	.+18     	; 0xd08 <PDI::get_mtype_offset(unsigned char)+0x16>
/Users/askn/Develop/UPDI4AVR-USB/src/pdi.cpp:187
  }

  // MARK: PDI NVM API

  uint32_t get_mtype_offset (uint8_t m_type) {
    if      (m_type == 0x22) return Device_Descriptor.Xmega.nvm_eeprom_offset;    /* MTYPE_EEPROM (EEPROM) */
     cf6:	60 91 fb 62 	lds	r22, 0x62FB	; 0x8062fb <Device_Descriptor+0x8>
     cfa:	70 91 fc 62 	lds	r23, 0x62FC	; 0x8062fc <Device_Descriptor+0x9>
     cfe:	80 91 fd 62 	lds	r24, 0x62FD	; 0x8062fd <Device_Descriptor+0xa>
     d02:	90 91 fe 62 	lds	r25, 0x62FE	; 0x8062fe <Device_Descriptor+0xb>
     d06:	08 95       	ret
     d08:	80 3b       	cpi	r24, 0xB0	; 176
     d0a:	49 f4       	brne	.+18     	; 0xd1e <PDI::get_mtype_offset(unsigned char)+0x2c>
/Users/askn/Develop/UPDI4AVR-USB/src/pdi.cpp:188
    else if (m_type == 0xB0) return Device_Descriptor.Xmega.nvm_boot_offset;      /* MTYPE_FLASH_PAGE (BOOTCODE) */
     d0c:	60 91 f7 62 	lds	r22, 0x62F7	; 0x8062f7 <Device_Descriptor+0x4>
     d10:	70 91 f8 62 	lds	r23, 0x62F8	; 0x8062f8 <Device_Descriptor+0x5>
     d14:	80 91 f9 62 	lds	r24, 0x62F9	; 0x8062f9 <Device_Descriptor+0x6>
     d18:	90 91 fa 62 	lds	r25, 0x62FA	; 0x8062fa <Device_Descriptor+0x7>
     d1c:	08 95       	ret
     d1e:	81 3b       	cpi	r24, 0xB1	; 177
     d20:	51 f3       	breq	.-44     	; 0xcf6 <PDI::get_mtype_offset(unsigned char)+0x4>
/Users/askn/Develop/UPDI4AVR-USB/src/pdi.cpp:189
    else if (m_type == 0xB1) return Device_Descriptor.Xmega.nvm_eeprom_offset;    /* MTYPE_EEPROM_PAGE (EEPROM) */
     d22:	82 3b       	cpi	r24, 0xB2	; 178
     d24:	49 f4       	brne	.+18     	; 0xd38 <PDI::get_mtype_offset(unsigned char)+0x46>
/Users/askn/Develop/UPDI4AVR-USB/src/pdi.cpp:190
    else if (m_type == 0xB2) return Device_Descriptor.Xmega.nvm_fuse_offset;      /* MTYPE_FUSE_BITS (FUSE) */
     d26:	60 91 ff 62 	lds	r22, 0x62FF	; 0x8062ff <Device_Descriptor+0xc>
     d2a:	70 91 00 63 	lds	r23, 0x6300	; 0x806300 <Device_Descriptor+0xd>
     d2e:	80 91 01 63 	lds	r24, 0x6301	; 0x806301 <Device_Descriptor+0xe>
     d32:	90 91 02 63 	lds	r25, 0x6302	; 0x806302 <Device_Descriptor+0xf>
     d36:	08 95       	ret
     d38:	83 3b       	cpi	r24, 0xB3	; 179
     d3a:	49 f4       	brne	.+18     	; 0xd4e <PDI::get_mtype_offset(unsigned char)+0x5c>
/Users/askn/Develop/UPDI4AVR-USB/src/pdi.cpp:191
    else if (m_type == 0xB3) return Device_Descriptor.Xmega.nvm_lock_offset;      /* MTYPE_LOCK_BITS (LOCK) */
     d3c:	60 91 03 63 	lds	r22, 0x6303	; 0x806303 <Device_Descriptor+0x10>
     d40:	70 91 04 63 	lds	r23, 0x6304	; 0x806304 <Device_Descriptor+0x11>
     d44:	80 91 05 63 	lds	r24, 0x6305	; 0x806305 <Device_Descriptor+0x12>
     d48:	90 91 06 63 	lds	r25, 0x6306	; 0x806306 <Device_Descriptor+0x13>
     d4c:	08 95       	ret
     d4e:	84 3b       	cpi	r24, 0xB4	; 180
     d50:	89 f4       	brne	.+34     	; 0xd74 <PDI::get_mtype_offset(unsigned char)+0x82>
/Users/askn/Develop/UPDI4AVR-USB/src/pdi.cpp:192
    else if (m_type == 0xB4) return Device_Descriptor.Xmega.nvm_data_offset
     d52:	20 91 20 63 	lds	r18, 0x6320	; 0x806320 <Device_Descriptor+0x2d>
/Users/askn/Develop/UPDI4AVR-USB/src/pdi.cpp:193
                                  + Device_Descriptor.Xmega.mcu_base_addr;        /* MTYPE_SIGN_JTAG */
     d56:	30 91 21 63 	lds	r19, 0x6321	; 0x806321 <Device_Descriptor+0x2e>
     d5a:	60 91 0f 63 	lds	r22, 0x630F	; 0x80630f <Device_Descriptor+0x1c>
     d5e:	70 91 10 63 	lds	r23, 0x6310	; 0x806310 <Device_Descriptor+0x1d>
     d62:	80 91 11 63 	lds	r24, 0x6311	; 0x806311 <Device_Descriptor+0x1e>
     d66:	90 91 12 63 	lds	r25, 0x6312	; 0x806312 <Device_Descriptor+0x1f>
     d6a:	62 0f       	add	r22, r18
     d6c:	73 1f       	adc	r23, r19
     d6e:	81 1d       	adc	r24, r1
     d70:	91 1d       	adc	r25, r1
     d72:	08 95       	ret
     d74:	80 3c       	cpi	r24, 0xC0	; 192
     d76:	49 f4       	brne	.+18     	; 0xd8a <PDI::get_mtype_offset(unsigned char)+0x98>
/Users/askn/Develop/UPDI4AVR-USB/src/pdi.cpp:194
    else if (m_type == 0xC0) return Device_Descriptor.Xmega.nvm_app_offset;       /* MTYPE_FLASH (APPCODE) */
     d78:	60 91 f3 62 	lds	r22, 0x62F3	; 0x8062f3 <Device_Descriptor>
     d7c:	70 91 f4 62 	lds	r23, 0x62F4	; 0x8062f4 <Device_Descriptor+0x1>
     d80:	80 91 f5 62 	lds	r24, 0x62F5	; 0x8062f5 <Device_Descriptor+0x2>
     d84:	90 91 f6 62 	lds	r25, 0x62F6	; 0x8062f6 <Device_Descriptor+0x3>
     d88:	08 95       	ret
/Users/askn/Develop/UPDI4AVR-USB/src/pdi.cpp:195
    else if (m_type == 0xC1) return Device_Descriptor.Xmega.nvm_boot_offset;      /* MTYPE_BOOT_FLASH (BOOTCODE) */
     d8a:	81 3c       	cpi	r24, 0xC1	; 193
     d8c:	09 f4       	brne	.+2      	; 0xd90 <PDI::get_mtype_offset(unsigned char)+0x9e>
/Users/askn/Develop/UPDI4AVR-USB/src/pdi.cpp:196
    else if (m_type == 0xC4) return Device_Descriptor.Xmega.nvm_eeprom_offset;    /* MTYPE_EEPROM_XMEGA (EEPROM) */
     d8e:	be cf       	rjmp	.-132    	; 0xd0c <PDI::get_mtype_offset(unsigned char)+0x1a>
     d90:	84 3c       	cpi	r24, 0xC4	; 196
     d92:	09 f4       	brne	.+2      	; 0xd96 <PDI::get_mtype_offset(unsigned char)+0xa4>
/Users/askn/Develop/UPDI4AVR-USB/src/pdi.cpp:197
    else if (m_type == 0xC5) return Device_Descriptor.Xmega.nvm_user_sig_offset;  /* MTYPE_USERSIG (USERROW) */
     d94:	b0 cf       	rjmp	.-160    	; 0xcf6 <PDI::get_mtype_offset(unsigned char)+0x4>
     d96:	85 3c       	cpi	r24, 0xC5	; 197
     d98:	49 f4       	brne	.+18     	; 0xdac <PDI::get_mtype_offset(unsigned char)+0xba>
     d9a:	60 91 07 63 	lds	r22, 0x6307	; 0x806307 <Device_Descriptor+0x14>
     d9e:	70 91 08 63 	lds	r23, 0x6308	; 0x806308 <Device_Descriptor+0x15>
     da2:	80 91 09 63 	lds	r24, 0x6309	; 0x806309 <Device_Descriptor+0x16>
     da6:	90 91 0a 63 	lds	r25, 0x630A	; 0x80630a <Device_Descriptor+0x17>
/Users/askn/Develop/UPDI4AVR-USB/src/pdi.cpp:198
    else if (m_type == 0xC6) return Device_Descriptor.Xmega.nvm_prod_sig_offset;  /* MTYPE_PRODSIG (PRODSIG) */
     daa:	08 95       	ret
     dac:	86 3c       	cpi	r24, 0xC6	; 198
     dae:	49 f4       	brne	.+18     	; 0xdc2 <PDI::get_mtype_offset(unsigned char)+0xd0>
     db0:	60 91 0b 63 	lds	r22, 0x630B	; 0x80630b <Device_Descriptor+0x18>
     db4:	70 91 0c 63 	lds	r23, 0x630C	; 0x80630c <Device_Descriptor+0x19>
/Users/askn/Develop/UPDI4AVR-USB/src/pdi.cpp:199
    else                     return Device_Descriptor.Xmega.nvm_data_offset;
     db8:	80 91 0d 63 	lds	r24, 0x630D	; 0x80630d <Device_Descriptor+0x1a>
     dbc:	90 91 0e 63 	lds	r25, 0x630E	; 0x80630e <Device_Descriptor+0x1b>
     dc0:	08 95       	ret
     dc2:	60 91 0f 63 	lds	r22, 0x630F	; 0x80630f <Device_Descriptor+0x1c>
/Users/askn/Develop/UPDI4AVR-USB/src/pdi.cpp:200
  }
     dc6:	70 91 10 63 	lds	r23, 0x6310	; 0x806310 <Device_Descriptor+0x1d>
/Users/askn/Develop/UPDI4AVR-USB/src/pdi.cpp:74
  };

  // MARK: PDI Low level

  bool idle_clock (const size_t clock) {
    for (size_t i = 0; i < clock; i++) {
     dca:	80 91 11 63 	lds	r24, 0x6311	; 0x806311 <Device_Descriptor+0x1e>
/Users/askn/Develop/UPDI4AVR-USB/src/pdi.cpp:75
      loop_until_bit_is_set(PCLK_IN, PCLK_bp);
     dce:	90 91 12 63 	lds	r25, 0x6312	; 0x806312 <Device_Descriptor+0x1f>
/Users/askn/Develop/UPDI4AVR-USB/src/pdi.cpp:76
      loop_until_bit_is_clear(PCLK_IN, PCLK_bp);
     dd2:	08 95       	ret

00000dd4 <PDI::idle_clock(unsigned int)>:
_ZN3PDI10idle_clockEj():
     dd4:	30 e0       	ldi	r19, 0x00	; 0
     dd6:	20 e0       	ldi	r18, 0x00	; 0
/Users/askn/Develop/UPDI4AVR-USB/src/pdi.cpp:74
  };

  // MARK: PDI Low level

  bool idle_clock (const size_t clock) {
    for (size_t i = 0; i < clock; i++) {
     dd8:	40 91 08 04 	lds	r20, 0x0408	; 0x800408 <__TEXT_REGION_LENGTH__+0x7f0408>
     ddc:	46 ff       	sbrs	r20, 6
     dde:	fc cf       	rjmp	.-8      	; 0xdd8 <PDI::idle_clock(unsigned int)+0x4>
     de0:	40 91 08 04 	lds	r20, 0x0408	; 0x800408 <__TEXT_REGION_LENGTH__+0x7f0408>
/Users/askn/Develop/UPDI4AVR-USB/src/pdi.cpp:79
      loop_until_bit_is_set(PCLK_IN, PCLK_bp);
      loop_until_bit_is_clear(PCLK_IN, PCLK_bp);
    }
    return true;
  }
     de4:	46 fd       	sbrc	r20, 6
/Users/askn/Develop/UPDI4AVR-USB/src/pdi.cpp:95
    }
    return true;
  }

  bool stop_txd (void) {
    if (bit_is_set(PGCONF, PGCONF_XDIR_bp)) {
     de6:	fc cf       	rjmp	.-8      	; 0xde0 <PDI::idle_clock(unsigned int)+0xc>
     de8:	2f 5f       	subi	r18, 0xFF	; 255
/Users/askn/Develop/UPDI4AVR-USB/src/pdi.cpp:96
      idle_clock(1);
     dea:	3f 4f       	sbci	r19, 0xFF	; 255
     dec:	82 17       	cp	r24, r18
     dee:	93 07       	cpc	r25, r19
     df0:	99 f7       	brne	.-26     	; 0xdd8 <PDI::idle_clock(unsigned int)+0x4>
/Users/askn/Develop/UPDI4AVR-USB/src/pdi.cpp:97
      pinLogicOpen(PIN_PGM_PDAT);
     df2:	81 e0       	ldi	r24, 0x01	; 1
/Users/askn/Develop/UPDI4AVR-USB/src/pdi.cpp:98
      USART0_CTRLB = USART_RXEN_bm | USART_ODME_bm;
     df4:	08 95       	ret

00000df6 <PDI::stop_txd()>:
_ZN3PDI8stop_txdEv():
     df6:	fb 9b       	sbis	0x1f, 3	; 31
     df8:	08 c0       	rjmp	.+16     	; 0xe0a <PDI::stop_txd()+0x14>
/Users/askn/Develop/UPDI4AVR-USB/src/pdi.cpp:102
      bit_clear(PGCONF, PGCONF_XDIR_bp);
    }
    return true;
  }
     dfa:	81 e0       	ldi	r24, 0x01	; 1
     dfc:	90 e0       	ldi	r25, 0x00	; 0
/Users/askn/Develop/UPDI4AVR-USB/src/pdi.cpp:125
    // D2PRINTF("(%02X:%02X)", RXSTAT, RXDATA);
    return RXSTAT == 0;
  }

  bool recv_byte (void) {
    return stop_txd() && recv();
     dfe:	ea df       	rcall	.-44     	; 0xdd4 <PDI::idle_clock(unsigned int)>
     e00:	04 98       	cbi	0x00, 4	; 0
     e02:	88 e8       	ldi	r24, 0x88	; 136
     e04:	80 93 06 08 	sts	0x0806, r24	; 0x800806 <__TEXT_REGION_LENGTH__+0x7f0806>
/Users/askn/Develop/UPDI4AVR-USB/src/pdi.cpp:126
  }
     e08:	fb 98       	cbi	0x1f, 3	; 31
/Users/askn/Develop/UPDI4AVR-USB/src/pdi.cpp:84
  }

  /* To run push-pull TxD in single-wire mode with loopback, */
  /* controlling the USART becomes a bit more complicated.   */
  bool start_txd (void) {
    if (bit_is_clear(PGCONF, PGCONF_XDIR_bp)) {
     e0a:	81 e0       	ldi	r24, 0x01	; 1
     e0c:	08 95       	ret

00000e0e <PDI::recv_byte()>:
_ZN3PDI9recv_byteEv():
/Users/askn/Develop/UPDI4AVR-USB/src/pdi.cpp:85
      idle_clock(1);
     e0e:	f3 df       	rcall	.-26     	; 0xdf6 <PDI::stop_txd()>
     e10:	81 11       	cpse	r24, r1
     e12:	81 cb       	rjmp	.-2302   	; 0x516 <PDI::recv_byte() [clone .part.3]>
     e14:	80 e0       	ldi	r24, 0x00	; 0
/Users/askn/Develop/UPDI4AVR-USB/src/pdi.cpp:86
      digitalWriteMacro(PIN_PGM_PDAT, HIGH);
     e16:	08 95       	ret

00000e18 <PDI::start_txd()>:
_ZN3PDI9start_txdEv():
/Users/askn/Develop/UPDI4AVR-USB/src/pdi.cpp:87
      pinLogicPull(PIN_PGM_PDAT);
     e18:	fb 99       	sbic	0x1f, 3	; 31
/Users/askn/Develop/UPDI4AVR-USB/src/pdi.cpp:88
      USART0_CTRLB = USART_RXEN_bm | USART_TXEN_bm;
     e1a:	09 c0       	rjmp	.+18     	; 0xe2e <PDI::start_txd()+0x16>
     e1c:	81 e0       	ldi	r24, 0x01	; 1
/Users/askn/Develop/UPDI4AVR-USB/src/pdi.cpp:89
      bit_set(PGCONF, PGCONF_XDIR_bp);
     e1e:	90 e0       	ldi	r25, 0x00	; 0
/Users/askn/Develop/UPDI4AVR-USB/src/pdi.cpp:92
    }
    return true;
  }
     e20:	d9 df       	rcall	.-78     	; 0xdd4 <PDI::idle_clock(unsigned int)>
     e22:	0c 9a       	sbi	0x01, 4	; 1
/Users/askn/Develop/UPDI4AVR-USB/src/pdi.cpp:175
  }

  bool pdibus_wait (void) {
    do {
      /* ACC STATUS check */
      idle_clock(2);
     e24:	04 9a       	sbi	0x00, 4	; 0
     e26:	80 ec       	ldi	r24, 0xC0	; 192
     e28:	80 93 06 08 	sts	0x0806, r24	; 0x800806 <__TEXT_REGION_LENGTH__+0x7f0806>
/Users/askn/Develop/UPDI4AVR-USB/src/pdi.cpp:153
    USART0_TXDATAL = _data;
    return recv() && _data == RXDATA;
  }

  bool send_byte (const uint8_t _data) {
    return start_txd() && send(_data);
     e2c:	fb 9a       	sbi	0x1f, 3	; 31
     e2e:	81 e0       	ldi	r24, 0x01	; 1
     e30:	08 95       	ret

00000e32 <PDI::pdibus_wait()>:
_ZN3PDI11pdibus_waitEv():
     e32:	82 e0       	ldi	r24, 0x02	; 2
/Users/askn/Develop/UPDI4AVR-USB/src/pdi.cpp:181
      if (send_byte(0x80)) {
        if (recv_byte() && bit_is_set(RXDATA, 1)) return true;
      }
      else break;
    } while (true);
    return false;
     e34:	90 e0       	ldi	r25, 0x00	; 0
     e36:	ce df       	rcall	.-100    	; 0xdd4 <PDI::idle_clock(unsigned int)>
send_byte():
     e38:	ef df       	rcall	.-34     	; 0xe18 <PDI::start_txd()>
     e3a:	81 11       	cpse	r24, r1
     e3c:	02 c0       	rjmp	.+4      	; 0xe42 <PDI::pdibus_wait()+0x10>
_ZN3PDI11pdibus_waitEv():
/Users/askn/Develop/UPDI4AVR-USB/src/pdi.cpp:176

  bool pdibus_wait (void) {
    do {
      /* ACC STATUS check */
      idle_clock(2);
      if (send_byte(0x80)) {
     e3e:	80 e0       	ldi	r24, 0x00	; 0
     e40:	08 95       	ret
send_byte():
/Users/askn/Develop/UPDI4AVR-USB/src/pdi.cpp:177
        if (recv_byte() && bit_is_set(RXDATA, 1)) return true;
     e42:	80 e8       	ldi	r24, 0x80	; 128
     e44:	e6 dd       	rcall	.-1076   	; 0xa12 <PDI::send_byte(unsigned char) [clone .part.4]>
_ZN3PDI11pdibus_waitEv():
     e46:	88 23       	and	r24, r24
     e48:	d1 f3       	breq	.-12     	; 0xe3e <PDI::pdibus_wait()+0xc>
     e4a:	e1 df       	rcall	.-62     	; 0xe0e <PDI::recv_byte()>
     e4c:	88 23       	and	r24, r24
/Users/askn/Develop/UPDI4AVR-USB/src/pdi.cpp:182
      }
      else break;
    } while (true);
    return false;
  }
     e4e:	89 f3       	breq	.-30     	; 0xe32 <PDI::pdibus_wait()>
/Users/askn/Develop/UPDI4AVR-USB/src/pdi.cpp:164
    };
    _CAPS32(_set_ptr[1])->dword = _dwAddr;
    return send_bytes(_set_ptr, sizeof(_set_ptr)) && send(_data);
  }

  bool send_bytes (const uint8_t* _data, size_t _len) {
     e50:	e9 9b       	sbis	0x1d, 1	; 29
     e52:	ef cf       	rjmp	.-34     	; 0xe32 <PDI::pdibus_wait()>
     e54:	08 95       	ret

00000e56 <PDI::send_bytes(unsigned char const*, unsigned int)>:
_ZN3PDI10send_bytesEPKhj():
     e56:	ef 92       	push	r14
     e58:	ff 92       	push	r15
     e5a:	0f 93       	push	r16
/Users/askn/Develop/UPDI4AVR-USB/src/pdi.cpp:165
    start_txd();
     e5c:	1f 93       	push	r17
     e5e:	cf 93       	push	r28
     e60:	df 93       	push	r29
/Users/askn/Develop/UPDI4AVR-USB/src/pdi.cpp:167
    do {
      if (!send(*_data++)) return false;
     e62:	7c 01       	movw	r14, r24
     e64:	8b 01       	movw	r16, r22
     e66:	d8 df       	rcall	.-80     	; 0xe18 <PDI::start_txd()>
     e68:	e7 01       	movw	r28, r14
     e6a:	89 91       	ld	r24, Y+
/Users/askn/Develop/UPDI4AVR-USB/src/pdi.cpp:168
    } while (--_len);
     e6c:	55 db       	rcall	.-2390   	; 0x518 <PDI::send(unsigned char)>
     e6e:	88 23       	and	r24, r24
     e70:	19 f0       	breq	.+6      	; 0xe78 <PDI::send_bytes(unsigned char const*, unsigned int)+0x22>
/Users/askn/Develop/UPDI4AVR-USB/src/pdi.cpp:170
    return true;
  }
     e72:	01 50       	subi	r16, 0x01	; 1
     e74:	11 09       	sbc	r17, r1
     e76:	c9 f7       	brne	.-14     	; 0xe6a <PDI::send_bytes(unsigned char const*, unsigned int)+0x14>
     e78:	df 91       	pop	r29
     e7a:	cf 91       	pop	r28
     e7c:	1f 91       	pop	r17
     e7e:	0f 91       	pop	r16
/Users/askn/Develop/UPDI4AVR-USB/src/pdi.cpp:371
    if (bit_is_set(PGCONF, PGCONF_PGIA_bp)) return 1;
    return send_bytes(_leave, sizeof(_leave));
  }

  size_t enter_progmode (void) {
    if (bit_is_set(PGCONF, PGCONF_PROG_bp)) return 1;
     e80:	ff 90       	pop	r15
     e82:	ef 90       	pop	r14
/Users/askn/Develop/UPDI4AVR-USB/src/pdi.cpp:374

    /* Enter NVMPROGKEY */
    if (send_bytes(nvmprog_key, sizeof(nvmprog_key)) && pdibus_wait()) {
     e84:	08 95       	ret

00000e86 <PDI::enter_progmode()>:
_ZN3PDI14enter_progmodeEv():
     e86:	f9 99       	sbic	0x1f, 1	; 31
     e88:	0e c0       	rjmp	.+28     	; 0xea6 <PDI::enter_progmode()+0x20>
     e8a:	69 e0       	ldi	r22, 0x09	; 9
     e8c:	70 e0       	ldi	r23, 0x00	; 0
     e8e:	83 e5       	ldi	r24, 0x53	; 83
     e90:	90 e6       	ldi	r25, 0x60	; 96
/Users/askn/Develop/UPDI4AVR-USB/src/pdi.cpp:380
      bit_set(PGCONF, PGCONF_PROG_bp);
      D1PRINTF("  NVMP_ON:%02X\r\n", RXDATA);
      return 1;
    }
    D1PRINTF("  Fail:%02X\r\n", RXDATA);
    return 0;
     e92:	e1 df       	rcall	.-62     	; 0xe56 <PDI::send_bytes(unsigned char const*, unsigned int)>
     e94:	81 11       	cpse	r24, r1
/Users/askn/Develop/UPDI4AVR-USB/src/pdi.cpp:374

  size_t enter_progmode (void) {
    if (bit_is_set(PGCONF, PGCONF_PROG_bp)) return 1;

    /* Enter NVMPROGKEY */
    if (send_bytes(nvmprog_key, sizeof(nvmprog_key)) && pdibus_wait()) {
     e96:	03 c0       	rjmp	.+6      	; 0xe9e <PDI::enter_progmode()+0x18>
     e98:	90 e0       	ldi	r25, 0x00	; 0
     e9a:	80 e0       	ldi	r24, 0x00	; 0
     e9c:	08 95       	ret
/Users/askn/Develop/UPDI4AVR-USB/src/pdi.cpp:375
      bit_set(PGCONF, PGCONF_PROG_bp);
     e9e:	c9 df       	rcall	.-110    	; 0xe32 <PDI::pdibus_wait()>
/Users/askn/Develop/UPDI4AVR-USB/src/pdi.cpp:371
    if (bit_is_set(PGCONF, PGCONF_PGIA_bp)) return 1;
    return send_bytes(_leave, sizeof(_leave));
  }

  size_t enter_progmode (void) {
    if (bit_is_set(PGCONF, PGCONF_PROG_bp)) return 1;
     ea0:	88 23       	and	r24, r24
     ea2:	d1 f3       	breq	.-12     	; 0xe98 <PDI::enter_progmode()+0x12>
/Users/askn/Develop/UPDI4AVR-USB/src/pdi.cpp:381
      D1PRINTF("  NVMP_ON:%02X\r\n", RXDATA);
      return 1;
    }
    D1PRINTF("  Fail:%02X\r\n", RXDATA);
    return 0;
  }
     ea4:	f9 9a       	sbi	0x1f, 1	; 31
/Users/askn/Develop/UPDI4AVR-USB/src/pdi.cpp:366
  size_t disconnect (void) {
    const static uint8_t _leave[] = {
      0xC0, 0x02,       /* NVM disable */
      0xC1, 0x00        /* leave SYSRST */
    };
    if (bit_is_set(PGCONF, PGCONF_PGIA_bp)) return 1;
     ea6:	81 e0       	ldi	r24, 0x01	; 1
     ea8:	90 e0       	ldi	r25, 0x00	; 0
/Users/askn/Develop/UPDI4AVR-USB/src/pdi.cpp:367
    return send_bytes(_leave, sizeof(_leave));
     eaa:	08 95       	ret

00000eac <PDI::disconnect()>:
_ZN3PDI10disconnectEv():
     eac:	f8 99       	sbic	0x1f, 0	; 31
     eae:	07 c0       	rjmp	.+14     	; 0xebe <PDI::disconnect()+0x12>
     eb0:	64 e0       	ldi	r22, 0x04	; 4
     eb2:	70 e0       	ldi	r23, 0x00	; 0
     eb4:	8f e4       	ldi	r24, 0x4F	; 79
     eb6:	90 e6       	ldi	r25, 0x60	; 96
     eb8:	ce df       	rcall	.-100    	; 0xe56 <PDI::send_bytes(unsigned char const*, unsigned int)>
/Users/askn/Develop/UPDI4AVR-USB/src/pdi.cpp:366
  size_t disconnect (void) {
    const static uint8_t _leave[] = {
      0xC0, 0x02,       /* NVM disable */
      0xC1, 0x00        /* leave SYSRST */
    };
    if (bit_is_set(PGCONF, PGCONF_PGIA_bp)) return 1;
     eba:	90 e0       	ldi	r25, 0x00	; 0
     ebc:	08 95       	ret
/Users/askn/Develop/UPDI4AVR-USB/src/pdi.cpp:368
    return send_bytes(_leave, sizeof(_leave));
  }
     ebe:	81 e0       	ldi	r24, 0x01	; 1
/Users/askn/Develop/UPDI4AVR-USB/src/pdi.cpp:210

  bool nvm_cmdex (void) {
    return send_byte(0x010001CBUL, 1);        /* 0x01CA: NVMCTRL_CTRLA */
  }

  bool nvm_wait (void) {
     ec0:	90 e0       	ldi	r25, 0x00	; 0
     ec2:	08 95       	ret

00000ec4 <PDI::nvm_wait()>:
_ZN3PDI8nvm_waitEv():
     ec4:	cf 92       	push	r12
     ec6:	df 92       	push	r13
/Users/askn/Develop/UPDI4AVR-USB/src/pdi.cpp:132

  bool recv_byte (uint32_t _dwAddr) {
    static uint8_t _set_ptr[] = {
      0x0C, 0, 0, 0, 0    /* LDS ADDR4 DATA1 */
    };
    _CAPS32(_set_ptr[1])->dword = _dwAddr;
     ec8:	ef 92       	push	r14
     eca:	ff 92       	push	r15
recv_byte():
     ecc:	8f ec       	ldi	r24, 0xCF	; 207
     ece:	c8 2e       	mov	r12, r24
     ed0:	dd 24       	eor	r13, r13
     ed2:	d3 94       	inc	r13
     ed4:	e1 2c       	mov	r14, r1
     ed6:	fd 2c       	mov	r15, r13
     ed8:	c0 92 06 60 	sts	0x6006, r12	; 0x806006 <PDI::recv_byte(unsigned long)::_set_ptr+0x1>
     edc:	d0 92 07 60 	sts	0x6007, r13	; 0x806007 <PDI::recv_byte(unsigned long)::_set_ptr+0x2>
     ee0:	e0 92 08 60 	sts	0x6008, r14	; 0x806008 <PDI::recv_byte(unsigned long)::_set_ptr+0x3>
/Users/askn/Develop/UPDI4AVR-USB/src/pdi.cpp:133
    return send_bytes(_set_ptr, sizeof(_set_ptr)) && recv_byte();
     ee4:	f0 92 09 60 	sts	0x6009, r15	; 0x806009 <PDI::recv_byte(unsigned long)::_set_ptr+0x4>
     ee8:	65 e0       	ldi	r22, 0x05	; 5
     eea:	70 e0       	ldi	r23, 0x00	; 0
     eec:	85 e0       	ldi	r24, 0x05	; 5
     eee:	90 e6       	ldi	r25, 0x60	; 96
     ef0:	b2 df       	rcall	.-156    	; 0xe56 <PDI::send_bytes(unsigned char const*, unsigned int)>
/Users/askn/Develop/UPDI4AVR-USB/src/pdi.cpp:211
  bool nvm_cmdex (void) {
    return send_byte(0x010001CBUL, 1);        /* 0x01CA: NVMCTRL_CTRLA */
  }

  bool nvm_wait (void) {
    do { recv_byte(0x010001CFUL); } while (RXDATA & 0xC0); /* 0x01CF: NVMCTRL_STATUS */
     ef2:	81 11       	cpse	r24, r1
     ef4:	8c df       	rcall	.-232    	; 0xe0e <PDI::recv_byte()>
_ZN3PDI8nvm_waitEv():
     ef6:	8d b3       	in	r24, 0x1d	; 29
/Users/askn/Develop/UPDI4AVR-USB/src/pdi.cpp:213
    return true;
  }
     ef8:	80 7c       	andi	r24, 0xC0	; 192
     efa:	71 f7       	brne	.-36     	; 0xed8 <PDI::nvm_wait()+0x14>
     efc:	81 e0       	ldi	r24, 0x01	; 1
     efe:	ff 90       	pop	r15
     f00:	ef 90       	pop	r14
     f02:	df 90       	pop	r13
/Users/askn/Develop/UPDI4AVR-USB/src/pdi.cpp:202
    else if (m_type == 0xC5) return Device_Descriptor.Xmega.nvm_user_sig_offset;  /* MTYPE_USERSIG (USERROW) */
    else if (m_type == 0xC6) return Device_Descriptor.Xmega.nvm_prod_sig_offset;  /* MTYPE_PRODSIG (PRODSIG) */
    else                     return Device_Descriptor.Xmega.nvm_data_offset;
  }

  bool nvm_cmd (uint8_t _nvmcmd) {
     f04:	cf 90       	pop	r12
     f06:	08 95       	ret

00000f08 <PDI::nvm_cmd(unsigned char)>:
_ZN3PDI7nvm_cmdEh():
/Users/askn/Develop/UPDI4AVR-USB/src/pdi.cpp:160

  bool send_byte (uint32_t _dwAddr, uint8_t _data) {
    static uint8_t _set_ptr[] = {
      0x4C, 0, 0, 0, 0    /* STS ADDR4 DATA1 */
    };
    _CAPS32(_set_ptr[1])->dword = _dwAddr;
     f08:	cf 93       	push	r28
     f0a:	c8 2f       	mov	r28, r24
send_byte():
     f0c:	8a ec       	ldi	r24, 0xCA	; 202
     f0e:	91 e0       	ldi	r25, 0x01	; 1
     f10:	a0 e0       	ldi	r26, 0x00	; 0
     f12:	b1 e0       	ldi	r27, 0x01	; 1
     f14:	80 93 01 60 	sts	0x6001, r24	; 0x806001 <__DATA_REGION_ORIGIN__+0x1>
     f18:	90 93 02 60 	sts	0x6002, r25	; 0x806002 <__DATA_REGION_ORIGIN__+0x2>
/Users/askn/Develop/UPDI4AVR-USB/src/pdi.cpp:161
    return send_bytes(_set_ptr, sizeof(_set_ptr)) && send(_data);
     f1c:	a0 93 03 60 	sts	0x6003, r26	; 0x806003 <__DATA_REGION_ORIGIN__+0x3>
     f20:	b0 93 04 60 	sts	0x6004, r27	; 0x806004 <__DATA_REGION_ORIGIN__+0x4>
     f24:	65 e0       	ldi	r22, 0x05	; 5
     f26:	70 e0       	ldi	r23, 0x00	; 0
     f28:	80 e0       	ldi	r24, 0x00	; 0
     f2a:	90 e6       	ldi	r25, 0x60	; 96
     f2c:	94 df       	rcall	.-216    	; 0xe56 <PDI::send_bytes(unsigned char const*, unsigned int)>
/Users/askn/Develop/UPDI4AVR-USB/src/pdi.cpp:204
    else                     return Device_Descriptor.Xmega.nvm_data_offset;
  }

  bool nvm_cmd (uint8_t _nvmcmd) {
    return send_byte(0x010001CAUL, _nvmcmd);  /* 0x01CA: NVMCTRL_CMD */
  }
     f2e:	88 23       	and	r24, r24
     f30:	19 f0       	breq	.+6      	; 0xf38 <PDI::nvm_cmd(unsigned char)+0x30>
     f32:	8c 2f       	mov	r24, r28
_ZN3PDI7nvm_cmdEh():
     f34:	cf 91       	pop	r28
send_byte():
     f36:	6d cd       	rjmp	.-1318   	; 0xa12 <PDI::send_byte(unsigned char) [clone .part.4]>
_ZN3PDI7nvm_cmdEh():
     f38:	80 e0       	ldi	r24, 0x00	; 0
/Users/askn/Develop/UPDI4AVR-USB/src/pdi.cpp:239
    /* Any other sections specified will be ignored, */
    /* but the command will return successful completion. */
    return 1;
  }

  size_t read_memory (void) {
     f3a:	cf 91       	pop	r28
     f3c:	08 95       	ret

00000f3e <PDI::read_memory()>:
_ZN3PDI11read_memoryEv():
     f3e:	4f 92       	push	r4
     f40:	5f 92       	push	r5
     f42:	6f 92       	push	r6
     f44:	7f 92       	push	r7
     f46:	8f 92       	push	r8
     f48:	9f 92       	push	r9
     f4a:	af 92       	push	r10
     f4c:	bf 92       	push	r11
     f4e:	cf 92       	push	r12
     f50:	df 92       	push	r13
     f52:	ef 92       	push	r14
     f54:	ff 92       	push	r15
     f56:	0f 93       	push	r16
     f58:	1f 93       	push	r17
/Users/askn/Develop/UPDI4AVR-USB/src/pdi.cpp:241
    uint8_t   m_type = packet.out.bMType;
    uint32_t _dwAddr = packet.out.dwAddr + get_mtype_offset(m_type);
     f5a:	cf 93       	push	r28
     f5c:	df 93       	push	r29
     f5e:	80 90 dd 60 	lds	r8, 0x60DD	; 0x8060dd <packet+0x8>
     f62:	90 90 de 60 	lds	r9, 0x60DE	; 0x8060de <packet+0x9>
     f66:	a0 90 df 60 	lds	r10, 0x60DF	; 0x8060df <packet+0xa>
     f6a:	b0 90 e0 60 	lds	r11, 0x60E0	; 0x8060e0 <packet+0xb>
     f6e:	80 91 dc 60 	lds	r24, 0x60DC	; 0x8060dc <packet+0x7>
     f72:	bf de       	rcall	.-642    	; 0xcf2 <PDI::get_mtype_offset(unsigned char)>
/Users/askn/Develop/UPDI4AVR-USB/src/pdi.cpp:242
    size_t  _wLength = packet.out.dwLength;
     f74:	2b 01       	movw	r4, r22
     f76:	3c 01       	movw	r6, r24
     f78:	c0 90 e1 60 	lds	r12, 0x60E1	; 0x8060e1 <packet+0xc>
     f7c:	d0 90 e2 60 	lds	r13, 0x60E2	; 0x8060e2 <packet+0xd>
     f80:	e0 90 e3 60 	lds	r14, 0x60E3	; 0x8060e3 <packet+0xe>
/Users/askn/Develop/UPDI4AVR-USB/src/pdi.cpp:245
    size_t  _rspsize = 0;
    D1PRINTF(" L=%04X,A=%08lX,", _wLength, _dwAddr);
    if (!nvm_cmd(0x43)) return 0;
     f84:	f0 90 e4 60 	lds	r15, 0x60E4	; 0x8060e4 <packet+0xf>
     f88:	83 e4       	ldi	r24, 0x43	; 67
     f8a:	be df       	rcall	.-132    	; 0xf08 <PDI::nvm_cmd(unsigned char)>
/Users/askn/Develop/UPDI4AVR-USB/src/pdi.cpp:241
    return 1;
  }

  size_t read_memory (void) {
    uint8_t   m_type = packet.out.bMType;
    uint32_t _dwAddr = packet.out.dwAddr + get_mtype_offset(m_type);
     f8c:	88 23       	and	r24, r24
     f8e:	09 f4       	brne	.+2      	; 0xf92 <PDI::read_memory()+0x54>
     f90:	64 c0       	rjmp	.+200    	; 0x105a <PDI::read_memory()+0x11c>
     f92:	84 0c       	add	r8, r4
/Users/askn/Develop/UPDI4AVR-USB/src/pdi.cpp:242
    size_t  _wLength = packet.out.dwLength;
     f94:	95 1c       	adc	r9, r5
/Users/askn/Develop/UPDI4AVR-USB/src/pdi.cpp:246
    size_t  _rspsize = 0;
    D1PRINTF(" L=%04X,A=%08lX,", _wLength, _dwAddr);
    if (!nvm_cmd(0x43)) return 0;
    if (_wLength == 1) {
     f96:	a6 1c       	adc	r10, r6
     f98:	b7 1c       	adc	r11, r7
     f9a:	e6 01       	movw	r28, r12
/Users/askn/Develop/UPDI4AVR-USB/src/pdi.cpp:132

  bool recv_byte (uint32_t _dwAddr) {
    static uint8_t _set_ptr[] = {
      0x0C, 0, 0, 0, 0    /* LDS ADDR4 DATA1 */
    };
    _CAPS32(_set_ptr[1])->dword = _dwAddr;
     f9c:	c1 30       	cpi	r28, 0x01	; 1
     f9e:	d1 05       	cpc	r29, r1
     fa0:	51 f5       	brne	.+84     	; 0xff6 <PDI::read_memory()+0xb8>
recv_byte():
     fa2:	80 92 06 60 	sts	0x6006, r8	; 0x806006 <PDI::recv_byte(unsigned long)::_set_ptr+0x1>
     fa6:	90 92 07 60 	sts	0x6007, r9	; 0x806007 <PDI::recv_byte(unsigned long)::_set_ptr+0x2>
     faa:	a0 92 08 60 	sts	0x6008, r10	; 0x806008 <PDI::recv_byte(unsigned long)::_set_ptr+0x3>
/Users/askn/Develop/UPDI4AVR-USB/src/pdi.cpp:133
    return send_bytes(_set_ptr, sizeof(_set_ptr)) && recv_byte();
     fae:	b0 92 09 60 	sts	0x6009, r11	; 0x806009 <PDI::recv_byte(unsigned long)::_set_ptr+0x4>
     fb2:	65 e0       	ldi	r22, 0x05	; 5
     fb4:	70 e0       	ldi	r23, 0x00	; 0
     fb6:	85 e0       	ldi	r24, 0x05	; 5
     fb8:	90 e6       	ldi	r25, 0x60	; 96
     fba:	4d df       	rcall	.-358    	; 0xe56 <PDI::send_bytes(unsigned char const*, unsigned int)>
     fbc:	88 23       	and	r24, r24
     fbe:	09 f4       	brne	.+2      	; 0xfc2 <PDI::read_memory()+0x84>
     fc0:	4c c0       	rjmp	.+152    	; 0x105a <PDI::read_memory()+0x11c>
     fc2:	25 df       	rcall	.-438    	; 0xe0e <PDI::recv_byte()>
     fc4:	88 23       	and	r24, r24
     fc6:	09 f4       	brne	.+2      	; 0xfca <PDI::read_memory()+0x8c>
/Users/askn/Develop/UPDI4AVR-USB/src/pdi.cpp:248
    size_t  _rspsize = 0;
    D1PRINTF(" L=%04X,A=%08lX,", _wLength, _dwAddr);
    if (!nvm_cmd(0x43)) return 0;
    if (_wLength == 1) {
      if (recv_byte(_dwAddr)) {
        packet.in.data[0] = RXDATA;
     fc8:	48 c0       	rjmp	.+144    	; 0x105a <PDI::read_memory()+0x11c>
_ZN3PDI11read_memoryEv():
     fca:	8d b3       	in	r24, 0x1d	; 29
/Users/askn/Develop/UPDI4AVR-USB/src/pdi.cpp:249
        _rspsize = 1 + _wLength;
     fcc:	80 93 dc 60 	sts	0x60DC, r24	; 0x8060dc <packet+0x7>
/Users/askn/Develop/UPDI4AVR-USB/src/pdi.cpp:264
        _rspsize = 1 + _wLength;
        D2PRINTHEX(&packet.in.data[0], _wLength, ':');
      }
    }
    return _rspsize;
  }
     fd0:	82 e0       	ldi	r24, 0x02	; 2
     fd2:	90 e0       	ldi	r25, 0x00	; 0
     fd4:	df 91       	pop	r29
     fd6:	cf 91       	pop	r28
     fd8:	1f 91       	pop	r17
     fda:	0f 91       	pop	r16
     fdc:	ff 90       	pop	r15
     fde:	ef 90       	pop	r14
     fe0:	df 90       	pop	r13
     fe2:	cf 90       	pop	r12
     fe4:	bf 90       	pop	r11
     fe6:	af 90       	pop	r10
     fe8:	9f 90       	pop	r9
     fea:	8f 90       	pop	r8
     fec:	7f 90       	pop	r7
     fee:	6f 90       	pop	r6
/Users/askn/Develop/UPDI4AVR-USB/src/pdi.cpp:253
        packet.in.data[0] = RXDATA;
        _rspsize = 1 + _wLength;
      }
    }
    else {
      _CAPS32(_set_ptr32[1])->dword = _dwAddr;
     ff0:	5f 90       	pop	r5
     ff2:	4f 90       	pop	r4
     ff4:	08 95       	ret
     ff6:	80 92 0f 60 	sts	0x600F, r8	; 0x80600f <PDI::_set_ptr32+0x1>
     ffa:	90 92 10 60 	sts	0x6010, r9	; 0x806010 <PDI::_set_ptr32+0x2>
/Users/askn/Develop/UPDI4AVR-USB/src/pdi.cpp:254
      _CAPS16(_set_repeat[1])->word = _wLength - 1;
     ffe:	a0 92 11 60 	sts	0x6011, r10	; 0x806011 <PDI::_set_ptr32+0x3>
    1002:	b0 92 12 60 	sts	0x6012, r11	; 0x806012 <PDI::_set_ptr32+0x4>
    1006:	c6 01       	movw	r24, r12
    1008:	01 97       	sbiw	r24, 0x01	; 1
/Users/askn/Develop/UPDI4AVR-USB/src/pdi.cpp:255
      _set_repeat[3] = 0x24;  /* LD PTR++ DATA1 */
    100a:	80 93 0b 60 	sts	0x600B, r24	; 0x80600b <PDI::_set_repeat+0x1>
    100e:	90 93 0c 60 	sts	0x600C, r25	; 0x80600c <PDI::_set_repeat+0x2>
/Users/askn/Develop/UPDI4AVR-USB/src/pdi.cpp:256
      if (send_bytes(_set_ptr32, sizeof(_set_ptr32))
    1012:	84 e2       	ldi	r24, 0x24	; 36
    1014:	80 93 0d 60 	sts	0x600D, r24	; 0x80600d <PDI::_set_repeat+0x3>
    1018:	65 e0       	ldi	r22, 0x05	; 5
    101a:	70 e0       	ldi	r23, 0x00	; 0
/Users/askn/Develop/UPDI4AVR-USB/src/pdi.cpp:258
       && send_bytes(_set_repeat, sizeof(_set_repeat))
       && recv_bytes(&packet.in.data[0], _wLength)) {
    101c:	8e e0       	ldi	r24, 0x0E	; 14
    101e:	90 e6       	ldi	r25, 0x60	; 96
/Users/askn/Develop/UPDI4AVR-USB/src/pdi.cpp:257
    else {
      _CAPS32(_set_ptr32[1])->dword = _dwAddr;
      _CAPS16(_set_repeat[1])->word = _wLength - 1;
      _set_repeat[3] = 0x24;  /* LD PTR++ DATA1 */
      if (send_bytes(_set_ptr32, sizeof(_set_ptr32))
       && send_bytes(_set_repeat, sizeof(_set_repeat))
    1020:	1a df       	rcall	.-460    	; 0xe56 <PDI::send_bytes(unsigned char const*, unsigned int)>
    1022:	88 23       	and	r24, r24
    1024:	d1 f0       	breq	.+52     	; 0x105a <PDI::read_memory()+0x11c>
    1026:	64 e0       	ldi	r22, 0x04	; 4
    1028:	70 e0       	ldi	r23, 0x00	; 0
    102a:	8a e0       	ldi	r24, 0x0A	; 10
    102c:	90 e6       	ldi	r25, 0x60	; 96
/Users/askn/Develop/UPDI4AVR-USB/src/pdi.cpp:137
    _CAPS32(_set_ptr[1])->dword = _dwAddr;
    return send_bytes(_set_ptr, sizeof(_set_ptr)) && recv_byte();
  }

  bool recv_bytes (uint8_t* _data, size_t _len) {
    stop_txd();
    102e:	13 df       	rcall	.-474    	; 0xe56 <PDI::send_bytes(unsigned char const*, unsigned int)>
    1030:	88 23       	and	r24, r24
    1032:	99 f0       	breq	.+38     	; 0x105a <PDI::read_memory()+0x11c>
recv_bytes():
    1034:	e0 de       	rcall	.-576    	; 0xdf6 <PDI::stop_txd()>
/Users/askn/Develop/UPDI4AVR-USB/src/pdi.cpp:141
    do {
      if (!recv()) return false;
      *_data++ = RXDATA;
    } while (--_len);
    1036:	05 ed       	ldi	r16, 0xD5	; 213
    1038:	10 e6       	ldi	r17, 0x60	; 96
/Users/askn/Develop/UPDI4AVR-USB/src/pdi.cpp:139
  }

  bool recv_bytes (uint8_t* _data, size_t _len) {
    stop_txd();
    do {
      if (!recv()) return false;
    103a:	cb 52       	subi	r28, 0x2B	; 43
    103c:	df 49       	sbci	r29, 0x9F	; 159
    103e:	5a da       	rcall	.-2892   	; 0x4f4 <PDI::recv()>
    1040:	88 23       	and	r24, r24
/Users/askn/Develop/UPDI4AVR-USB/src/pdi.cpp:140
      *_data++ = RXDATA;
    1042:	59 f0       	breq	.+22     	; 0x105a <PDI::read_memory()+0x11c>
    1044:	8d b3       	in	r24, 0x1d	; 29
    1046:	f8 01       	movw	r30, r16
    1048:	87 83       	std	Z+7, r24	; 0x07
    104a:	0f 5f       	subi	r16, 0xFF	; 255
/Users/askn/Develop/UPDI4AVR-USB/src/pdi.cpp:141
    } while (--_len);
    104c:	1f 4f       	sbci	r17, 0xFF	; 255
    104e:	0c 17       	cp	r16, r28
    1050:	1d 07       	cpc	r17, r29
/Users/askn/Develop/UPDI4AVR-USB/src/pdi.cpp:259
      _CAPS16(_set_repeat[1])->word = _wLength - 1;
      _set_repeat[3] = 0x24;  /* LD PTR++ DATA1 */
      if (send_bytes(_set_ptr32, sizeof(_set_ptr32))
       && send_bytes(_set_repeat, sizeof(_set_repeat))
       && recv_bytes(&packet.in.data[0], _wLength)) {
        _rspsize = 1 + _wLength;
    1052:	a9 f7       	brne	.-22     	; 0x103e <PDI::read_memory()+0x100>
_ZN3PDI11read_memoryEv():
    1054:	c6 01       	movw	r24, r12
    1056:	01 96       	adiw	r24, 0x01	; 1
/Users/askn/Develop/UPDI4AVR-USB/src/pdi.cpp:245
    uint8_t   m_type = packet.out.bMType;
    uint32_t _dwAddr = packet.out.dwAddr + get_mtype_offset(m_type);
    size_t  _wLength = packet.out.dwLength;
    size_t  _rspsize = 0;
    D1PRINTF(" L=%04X,A=%08lX,", _wLength, _dwAddr);
    if (!nvm_cmd(0x43)) return 0;
    1058:	bd cf       	rjmp	.-134    	; 0xfd4 <PDI::read_memory()+0x96>
    105a:	90 e0       	ldi	r25, 0x00	; 0
    105c:	80 e0       	ldi	r24, 0x00	; 0
/Users/askn/Develop/UPDI4AVR-USB/src/pdi.cpp:160

  bool send_byte (uint32_t _dwAddr, uint8_t _data) {
    static uint8_t _set_ptr[] = {
      0x4C, 0, 0, 0, 0    /* STS ADDR4 DATA1 */
    };
    _CAPS32(_set_ptr[1])->dword = _dwAddr;
    105e:	ba cf       	rjmp	.-140    	; 0xfd4 <PDI::read_memory()+0x96>

00001060 <PDI::nvm_cmdex()>:
_ZN3PDI9nvm_cmdexEv():
    1060:	8b ec       	ldi	r24, 0xCB	; 203
    1062:	91 e0       	ldi	r25, 0x01	; 1
    1064:	a0 e0       	ldi	r26, 0x00	; 0
    1066:	b1 e0       	ldi	r27, 0x01	; 1
    1068:	80 93 01 60 	sts	0x6001, r24	; 0x806001 <__DATA_REGION_ORIGIN__+0x1>
    106c:	90 93 02 60 	sts	0x6002, r25	; 0x806002 <__DATA_REGION_ORIGIN__+0x2>
    1070:	a0 93 03 60 	sts	0x6003, r26	; 0x806003 <__DATA_REGION_ORIGIN__+0x3>
/Users/askn/Develop/UPDI4AVR-USB/src/pdi.cpp:161
    return send_bytes(_set_ptr, sizeof(_set_ptr)) && send(_data);
    1074:	b0 93 04 60 	sts	0x6004, r27	; 0x806004 <__DATA_REGION_ORIGIN__+0x4>
    1078:	65 e0       	ldi	r22, 0x05	; 5
    107a:	70 e0       	ldi	r23, 0x00	; 0
    107c:	80 e0       	ldi	r24, 0x00	; 0
    107e:	90 e6       	ldi	r25, 0x60	; 96
    1080:	ea de       	rcall	.-556    	; 0xe56 <PDI::send_bytes(unsigned char const*, unsigned int)>
    1082:	88 23       	and	r24, r24
    1084:	11 f0       	breq	.+4      	; 0x108a <PDI::nvm_cmdex()+0x2a>
    1086:	81 e0       	ldi	r24, 0x01	; 1
    1088:	c4 cc       	rjmp	.-1656   	; 0xa12 <PDI::send_byte(unsigned char) [clone .part.4]>
/Users/askn/Develop/UPDI4AVR-USB/src/pdi.cpp:208
    return send_byte(0x010001CAUL, _nvmcmd);  /* 0x01CA: NVMCTRL_CMD */
  }

  bool nvm_cmdex (void) {
    return send_byte(0x010001CBUL, 1);        /* 0x01CA: NVMCTRL_CTRLA */
  }
    108a:	80 e0       	ldi	r24, 0x00	; 0
/Users/askn/Develop/UPDI4AVR-USB/src/pdi.cpp:266
      }
    }
    return _rspsize;
  }

  size_t write_memory (void) {
    108c:	08 95       	ret

0000108e <PDI::write_memory()>:
_ZN3PDI12write_memoryEv():
    108e:	cf 92       	push	r12
    1090:	df 92       	push	r13
    1092:	ef 92       	push	r14
    1094:	ff 92       	push	r15
    1096:	0f 93       	push	r16
    1098:	1f 93       	push	r17
/Users/askn/Develop/UPDI4AVR-USB/src/pdi.cpp:268
    uint8_t _nvm_cmd = 0, _nvm_pclr = 0, _nvm_pset = 0;
    uint8_t   m_type = packet.out.bMType;
    109a:	cf 93       	push	r28
    109c:	df 93       	push	r29
/Users/askn/Develop/UPDI4AVR-USB/src/pdi.cpp:269
    uint32_t _dwAddr = packet.out.dwAddr + get_mtype_offset(m_type);
    109e:	c0 91 dc 60 	lds	r28, 0x60DC	; 0x8060dc <packet+0x7>
    10a2:	c0 90 dd 60 	lds	r12, 0x60DD	; 0x8060dd <packet+0x8>
    10a6:	d0 90 de 60 	lds	r13, 0x60DE	; 0x8060de <packet+0x9>
    10aa:	e0 90 df 60 	lds	r14, 0x60DF	; 0x8060df <packet+0xa>
    10ae:	f0 90 e0 60 	lds	r15, 0x60E0	; 0x8060e0 <packet+0xb>
/Users/askn/Develop/UPDI4AVR-USB/src/pdi.cpp:270
    size_t  _wLength = packet.out.dwLength;
    10b2:	8c 2f       	mov	r24, r28
    10b4:	1e de       	rcall	.-964    	; 0xcf2 <PDI::get_mtype_offset(unsigned char)>
/Users/askn/Develop/UPDI4AVR-USB/src/pdi.cpp:269
  }

  size_t write_memory (void) {
    uint8_t _nvm_cmd = 0, _nvm_pclr = 0, _nvm_pset = 0;
    uint8_t   m_type = packet.out.bMType;
    uint32_t _dwAddr = packet.out.dwAddr + get_mtype_offset(m_type);
    10b6:	00 91 e1 60 	lds	r16, 0x60E1	; 0x8060e1 <packet+0xc>
    10ba:	10 91 e2 60 	lds	r17, 0x60E2	; 0x8060e2 <packet+0xd>
/Users/askn/Develop/UPDI4AVR-USB/src/pdi.cpp:271
    size_t  _wLength = packet.out.dwLength;
    _CAPS32(_set_ptr32[1])->dword = _dwAddr;
    10be:	c6 0e       	add	r12, r22
    10c0:	d7 1e       	adc	r13, r23
    10c2:	e8 1e       	adc	r14, r24
    10c4:	f9 1e       	adc	r15, r25
    10c6:	c0 92 0f 60 	sts	0x600F, r12	; 0x80600f <PDI::_set_ptr32+0x1>
/Users/askn/Develop/UPDI4AVR-USB/src/pdi.cpp:272
    _CAPS16(_set_repeat[1])->word = _wLength - 1;
    10ca:	d0 92 10 60 	sts	0x6010, r13	; 0x806010 <PDI::_set_ptr32+0x2>
    10ce:	e0 92 11 60 	sts	0x6011, r14	; 0x806011 <PDI::_set_ptr32+0x3>
    10d2:	f0 92 12 60 	sts	0x6012, r15	; 0x806012 <PDI::_set_ptr32+0x4>
/Users/askn/Develop/UPDI4AVR-USB/src/pdi.cpp:273
    _set_repeat[3] = 0x64;  /* ST PTR++ DATA1 */
    10d6:	c8 01       	movw	r24, r16
/Users/askn/Develop/UPDI4AVR-USB/src/pdi.cpp:275
    D1PRINTF(" L=%04X,A=%08lX,", _wLength, _dwAddr);
    nvm_wait();
    10d8:	01 97       	sbiw	r24, 0x01	; 1
    10da:	80 93 0b 60 	sts	0x600B, r24	; 0x80600b <PDI::_set_repeat+0x1>
/Users/askn/Develop/UPDI4AVR-USB/src/pdi.cpp:276
    if (m_type == 0xC0) {                                           /* APPCODE or FLASH */
    10de:	90 93 0c 60 	sts	0x600C, r25	; 0x80600c <PDI::_set_repeat+0x2>
/Users/askn/Develop/UPDI4AVR-USB/src/pdi.cpp:279
      _nvm_cmd = 0x25; _nvm_pclr = 0x26; _nvm_pset = 0x23;
    }
    else if (m_type == 0xB0 || m_type == 0xC1) {                    /* BOOTCODE */
    10e2:	84 e6       	ldi	r24, 0x64	; 100
    10e4:	80 93 0d 60 	sts	0x600D, r24	; 0x80600d <PDI::_set_repeat+0x3>
    10e8:	ed de       	rcall	.-550    	; 0xec4 <PDI::nvm_wait()>
    10ea:	c0 3c       	cpi	r28, 0xC0	; 192
/Users/askn/Develop/UPDI4AVR-USB/src/pdi.cpp:282
      _nvm_cmd = 0x2D; _nvm_pclr = 0x26; _nvm_pset = 0x23;
    }
    else if (m_type == 0x22 || m_type == 0xB1 || m_type == 0xC4) {  /* EEPROM */
    10ec:	09 f4       	brne	.+2      	; 0x10f0 <PDI::write_memory()+0x62>
    10ee:	3f c0       	rjmp	.+126    	; 0x116e <PDI::write_memory()+0xe0>
    10f0:	c0 3b       	cpi	r28, 0xB0	; 176
    10f2:	09 f4       	brne	.+2      	; 0x10f6 <PDI::write_memory()+0x68>
    10f4:	78 c0       	rjmp	.+240    	; 0x11e6 <PDI::write_memory()+0x158>
    10f6:	c1 3c       	cpi	r28, 0xC1	; 193
    10f8:	09 f4       	brne	.+2      	; 0x10fc <PDI::write_memory()+0x6e>
    10fa:	75 c0       	rjmp	.+234    	; 0x11e6 <PDI::write_memory()+0x158>
/Users/askn/Develop/UPDI4AVR-USB/src/pdi.cpp:285
      _nvm_cmd = 0x35; _nvm_pclr = 0x36; _nvm_pset = 0x33;
    }
    else if (m_type == 0xC5) {                                      /* USERSIG */
    10fc:	c2 32       	cpi	r28, 0x22	; 34
    10fe:	09 f4       	brne	.+2      	; 0x1102 <PDI::write_memory()+0x74>
    1100:	76 c0       	rjmp	.+236    	; 0x11ee <PDI::write_memory()+0x160>
/Users/askn/Develop/UPDI4AVR-USB/src/pdi.cpp:289
      _nvm_cmd = 0x1A; _nvm_pclr = 0x26; _nvm_pset = 0x23;
    }
    else {
      if      (m_type == 0xB2) _nvm_cmd = 0x4C;   /* FUSE */
    1102:	c1 3b       	cpi	r28, 0xB1	; 177
/Users/askn/Develop/UPDI4AVR-USB/src/pdi.cpp:290
      else if (m_type == 0xB3) _nvm_cmd = 0x08;   /* LOCK */
    1104:	09 f4       	brne	.+2      	; 0x1108 <PDI::write_memory()+0x7a>
    1106:	73 c0       	rjmp	.+230    	; 0x11ee <PDI::write_memory()+0x160>
    1108:	c4 3c       	cpi	r28, 0xC4	; 196
/Users/askn/Develop/UPDI4AVR-USB/src/pdi.cpp:291
      else return 0;
    110a:	09 f4       	brne	.+2      	; 0x110e <PDI::write_memory()+0x80>
    110c:	70 c0       	rjmp	.+224    	; 0x11ee <PDI::write_memory()+0x160>
/Users/askn/Develop/UPDI4AVR-USB/src/pdi.cpp:289
    }
    else if (m_type == 0xC5) {                                      /* USERSIG */
      _nvm_cmd = 0x1A; _nvm_pclr = 0x26; _nvm_pset = 0x23;
    }
    else {
      if      (m_type == 0xB2) _nvm_cmd = 0x4C;   /* FUSE */
    110e:	c5 3c       	cpi	r28, 0xC5	; 197
/Users/askn/Develop/UPDI4AVR-USB/src/pdi.cpp:292
      else if (m_type == 0xB3) _nvm_cmd = 0x08;   /* LOCK */
      else return 0;
      return (nvm_cmd(_nvm_cmd)
    1110:	09 f4       	brne	.+2      	; 0x1114 <PDI::write_memory()+0x86>
    1112:	71 c0       	rjmp	.+226    	; 0x11f6 <PDI::write_memory()+0x168>
/Users/askn/Develop/UPDI4AVR-USB/src/pdi.cpp:296
           && send_bytes(_set_ptr32, sizeof(_set_ptr32))
           && send_bytes(_set_repeat, sizeof(_set_repeat))
           && send_bytes(&packet.out.memData[0], _wLength)
           && nvm_wait());
    1114:	c2 3b       	cpi	r28, 0xB2	; 178
    1116:	31 f0       	breq	.+12     	; 0x1124 <PDI::write_memory()+0x96>
/Users/askn/Develop/UPDI4AVR-USB/src/pdi.cpp:311
     && send_bytes(&packet.out.memData[0], _wLength)
     && nvm_cmd(_nvm_cmd)
     && send_bytes(_set_ptr32, sizeof(_set_ptr32))
     && send(0x64)  /* ST */
     && send(0xFF)  /* dummy byte */
     && nvm_wait());
    1118:	88 e0       	ldi	r24, 0x08	; 8
    111a:	c3 3b       	cpi	r28, 0xB3	; 179
/Users/askn/Develop/UPDI4AVR-USB/src/pdi.cpp:312
  }
    111c:	21 f0       	breq	.+8      	; 0x1126 <PDI::write_memory()+0x98>
    111e:	90 e0       	ldi	r25, 0x00	; 0
    1120:	80 e0       	ldi	r24, 0x00	; 0
    1122:	06 c0       	rjmp	.+12     	; 0x1130 <PDI::write_memory()+0xa2>
    1124:	8c e4       	ldi	r24, 0x4C	; 76
    1126:	f0 de       	rcall	.-544    	; 0xf08 <PDI::nvm_cmd(unsigned char)>
    1128:	81 11       	cpse	r24, r1
    112a:	0b c0       	rjmp	.+22     	; 0x1142 <PDI::write_memory()+0xb4>
    112c:	80 e0       	ldi	r24, 0x00	; 0
/Users/askn/Develop/UPDI4AVR-USB/src/pdi.cpp:293
    else {
      if      (m_type == 0xB2) _nvm_cmd = 0x4C;   /* FUSE */
      else if (m_type == 0xB3) _nvm_cmd = 0x08;   /* LOCK */
      else return 0;
      return (nvm_cmd(_nvm_cmd)
           && send_bytes(_set_ptr32, sizeof(_set_ptr32))
    112e:	90 e0       	ldi	r25, 0x00	; 0
    1130:	df 91       	pop	r29
    1132:	cf 91       	pop	r28
    1134:	1f 91       	pop	r17
    1136:	0f 91       	pop	r16
    1138:	ff 90       	pop	r15
    113a:	ef 90       	pop	r14
    113c:	df 90       	pop	r13
/Users/askn/Develop/UPDI4AVR-USB/src/pdi.cpp:294
           && send_bytes(_set_repeat, sizeof(_set_repeat))
    113e:	cf 90       	pop	r12
    1140:	08 95       	ret
    1142:	65 e0       	ldi	r22, 0x05	; 5
    1144:	70 e0       	ldi	r23, 0x00	; 0
    1146:	8e e0       	ldi	r24, 0x0E	; 14
    1148:	90 e6       	ldi	r25, 0x60	; 96
    114a:	85 de       	rcall	.-758    	; 0xe56 <PDI::send_bytes(unsigned char const*, unsigned int)>
/Users/askn/Develop/UPDI4AVR-USB/src/pdi.cpp:295
           && send_bytes(&packet.out.memData[0], _wLength)
    114c:	88 23       	and	r24, r24
    114e:	71 f3       	breq	.-36     	; 0x112c <PDI::write_memory()+0x9e>
    1150:	64 e0       	ldi	r22, 0x04	; 4
    1152:	70 e0       	ldi	r23, 0x00	; 0
/Users/askn/Develop/UPDI4AVR-USB/src/pdi.cpp:310
     && send_bytes(_set_repeat, sizeof(_set_repeat))
     && send_bytes(&packet.out.memData[0], _wLength)
     && nvm_cmd(_nvm_cmd)
     && send_bytes(_set_ptr32, sizeof(_set_ptr32))
     && send(0x64)  /* ST */
     && send(0xFF)  /* dummy byte */
    1154:	8a e0       	ldi	r24, 0x0A	; 10
    1156:	90 e6       	ldi	r25, 0x60	; 96
/Users/askn/Develop/UPDI4AVR-USB/src/pdi.cpp:311
     && nvm_wait());
    1158:	7e de       	rcall	.-772    	; 0xe56 <PDI::send_bytes(unsigned char const*, unsigned int)>
    115a:	88 23       	and	r24, r24
    115c:	39 f3       	breq	.-50     	; 0x112c <PDI::write_memory()+0x9e>
/Users/askn/Develop/UPDI4AVR-USB/src/pdi.cpp:277
    _CAPS16(_set_repeat[1])->word = _wLength - 1;
    _set_repeat[3] = 0x64;  /* ST PTR++ DATA1 */
    D1PRINTF(" L=%04X,A=%08lX,", _wLength, _dwAddr);
    nvm_wait();
    if (m_type == 0xC0) {                                           /* APPCODE or FLASH */
      _nvm_cmd = 0x25; _nvm_pclr = 0x26; _nvm_pset = 0x23;
    115e:	b8 01       	movw	r22, r16
    1160:	86 ee       	ldi	r24, 0xE6	; 230
/Users/askn/Develop/UPDI4AVR-USB/src/pdi.cpp:300
           && send_bytes(&packet.out.memData[0], _wLength)
           && nvm_wait());
    }

    /* FLASH, BOOTCODE, APPCODE or EEPROM */
    return (nvm_cmd(_nvm_pclr)
    1162:	90 e6       	ldi	r25, 0x60	; 96
/Users/askn/Develop/UPDI4AVR-USB/src/pdi.cpp:311
     && send_bytes(&packet.out.memData[0], _wLength)
     && nvm_cmd(_nvm_cmd)
     && send_bytes(_set_ptr32, sizeof(_set_ptr32))
     && send(0x64)  /* ST */
     && send(0xFF)  /* dummy byte */
     && nvm_wait());
    1164:	78 de       	rcall	.-784    	; 0xe56 <PDI::send_bytes(unsigned char const*, unsigned int)>
/Users/askn/Develop/UPDI4AVR-USB/src/pdi.cpp:301
           && nvm_wait());
    }

    /* FLASH, BOOTCODE, APPCODE or EEPROM */
    return (nvm_cmd(_nvm_pclr)
     && nvm_cmdex()
    1166:	88 23       	and	r24, r24
    1168:	09 f3       	breq	.-62     	; 0x112c <PDI::write_memory()+0x9e>
    116a:	ac de       	rcall	.-680    	; 0xec4 <PDI::nvm_wait()>
    116c:	e0 cf       	rjmp	.-64     	; 0x112e <PDI::write_memory()+0xa0>
/Users/askn/Develop/UPDI4AVR-USB/src/pdi.cpp:302
     && nvm_wait()
    116e:	d3 e2       	ldi	r29, 0x23	; 35
    1170:	86 e2       	ldi	r24, 0x26	; 38
    1172:	c5 e2       	ldi	r28, 0x25	; 37
/Users/askn/Develop/UPDI4AVR-USB/src/pdi.cpp:303
     && nvm_cmd(_nvm_pset)
    1174:	c9 de       	rcall	.-622    	; 0xf08 <PDI::nvm_cmd(unsigned char)>
    1176:	88 23       	and	r24, r24
    1178:	c9 f2       	breq	.-78     	; 0x112c <PDI::write_memory()+0x9e>
    117a:	72 df       	rcall	.-284    	; 0x1060 <PDI::nvm_cmdex()>
    117c:	88 23       	and	r24, r24
/Users/askn/Develop/UPDI4AVR-USB/src/pdi.cpp:304
     && send_bytes(_set_ptr32, sizeof(_set_ptr32))
    117e:	b1 f2       	breq	.-84     	; 0x112c <PDI::write_memory()+0x9e>
    1180:	a1 de       	rcall	.-702    	; 0xec4 <PDI::nvm_wait()>
    1182:	88 23       	and	r24, r24
    1184:	99 f2       	breq	.-90     	; 0x112c <PDI::write_memory()+0x9e>
    1186:	8d 2f       	mov	r24, r29
    1188:	bf de       	rcall	.-642    	; 0xf08 <PDI::nvm_cmd(unsigned char)>
    118a:	88 23       	and	r24, r24
/Users/askn/Develop/UPDI4AVR-USB/src/pdi.cpp:305
     && send_bytes(_set_repeat, sizeof(_set_repeat))
    118c:	79 f2       	breq	.-98     	; 0x112c <PDI::write_memory()+0x9e>
    118e:	65 e0       	ldi	r22, 0x05	; 5
    1190:	70 e0       	ldi	r23, 0x00	; 0
    1192:	8e e0       	ldi	r24, 0x0E	; 14
    1194:	90 e6       	ldi	r25, 0x60	; 96
    1196:	5f de       	rcall	.-834    	; 0xe56 <PDI::send_bytes(unsigned char const*, unsigned int)>
    1198:	88 23       	and	r24, r24
/Users/askn/Develop/UPDI4AVR-USB/src/pdi.cpp:306
     && send_bytes(&packet.out.memData[0], _wLength)
    119a:	09 f4       	brne	.+2      	; 0x119e <PDI::write_memory()+0x110>
    119c:	c7 cf       	rjmp	.-114    	; 0x112c <PDI::write_memory()+0x9e>
    119e:	64 e0       	ldi	r22, 0x04	; 4
    11a0:	70 e0       	ldi	r23, 0x00	; 0
    11a2:	8a e0       	ldi	r24, 0x0A	; 10
    11a4:	90 e6       	ldi	r25, 0x60	; 96
/Users/askn/Develop/UPDI4AVR-USB/src/pdi.cpp:307
     && nvm_cmd(_nvm_cmd)
    11a6:	57 de       	rcall	.-850    	; 0xe56 <PDI::send_bytes(unsigned char const*, unsigned int)>
    11a8:	88 23       	and	r24, r24
    11aa:	09 f4       	brne	.+2      	; 0x11ae <PDI::write_memory()+0x120>
    11ac:	bf cf       	rjmp	.-130    	; 0x112c <PDI::write_memory()+0x9e>
    11ae:	b8 01       	movw	r22, r16
    11b0:	86 ee       	ldi	r24, 0xE6	; 230
/Users/askn/Develop/UPDI4AVR-USB/src/pdi.cpp:308
     && send_bytes(_set_ptr32, sizeof(_set_ptr32))
    11b2:	90 e6       	ldi	r25, 0x60	; 96
    11b4:	50 de       	rcall	.-864    	; 0xe56 <PDI::send_bytes(unsigned char const*, unsigned int)>
    11b6:	88 23       	and	r24, r24
    11b8:	09 f4       	brne	.+2      	; 0x11bc <PDI::write_memory()+0x12e>
    11ba:	b8 cf       	rjmp	.-144    	; 0x112c <PDI::write_memory()+0x9e>
    11bc:	8c 2f       	mov	r24, r28
    11be:	a4 de       	rcall	.-696    	; 0xf08 <PDI::nvm_cmd(unsigned char)>
    11c0:	88 23       	and	r24, r24
/Users/askn/Develop/UPDI4AVR-USB/src/pdi.cpp:309
     && send(0x64)  /* ST */
    11c2:	09 f4       	brne	.+2      	; 0x11c6 <PDI::write_memory()+0x138>
    11c4:	b3 cf       	rjmp	.-154    	; 0x112c <PDI::write_memory()+0x9e>
    11c6:	65 e0       	ldi	r22, 0x05	; 5
    11c8:	70 e0       	ldi	r23, 0x00	; 0
    11ca:	8e e0       	ldi	r24, 0x0E	; 14
    11cc:	90 e6       	ldi	r25, 0x60	; 96
/Users/askn/Develop/UPDI4AVR-USB/src/pdi.cpp:310
     && send(0xFF)  /* dummy byte */
    11ce:	43 de       	rcall	.-890    	; 0xe56 <PDI::send_bytes(unsigned char const*, unsigned int)>
    11d0:	88 23       	and	r24, r24
    11d2:	09 f4       	brne	.+2      	; 0x11d6 <PDI::write_memory()+0x148>
/Users/askn/Develop/UPDI4AVR-USB/src/pdi.cpp:280
    nvm_wait();
    if (m_type == 0xC0) {                                           /* APPCODE or FLASH */
      _nvm_cmd = 0x25; _nvm_pclr = 0x26; _nvm_pset = 0x23;
    }
    else if (m_type == 0xB0 || m_type == 0xC1) {                    /* BOOTCODE */
      _nvm_cmd = 0x2D; _nvm_pclr = 0x26; _nvm_pset = 0x23;
    11d4:	ab cf       	rjmp	.-170    	; 0x112c <PDI::write_memory()+0x9e>
    11d6:	84 e6       	ldi	r24, 0x64	; 100
    11d8:	9f d9       	rcall	.-3266   	; 0x518 <PDI::send(unsigned char)>
    11da:	88 23       	and	r24, r24
/Users/askn/Develop/UPDI4AVR-USB/src/pdi.cpp:283
    }
    else if (m_type == 0x22 || m_type == 0xB1 || m_type == 0xC4) {  /* EEPROM */
      _nvm_cmd = 0x35; _nvm_pclr = 0x36; _nvm_pset = 0x33;
    11dc:	09 f4       	brne	.+2      	; 0x11e0 <PDI::write_memory()+0x152>
    11de:	a6 cf       	rjmp	.-180    	; 0x112c <PDI::write_memory()+0x9e>
    11e0:	8f ef       	ldi	r24, 0xFF	; 255
/Users/askn/Develop/UPDI4AVR-USB/src/pdi.cpp:286
    }
    else if (m_type == 0xC5) {                                      /* USERSIG */
      _nvm_cmd = 0x1A; _nvm_pclr = 0x26; _nvm_pset = 0x23;
    11e2:	9a d9       	rcall	.-3276   	; 0x518 <PDI::send(unsigned char)>
    11e4:	c0 cf       	rjmp	.-128    	; 0x1166 <PDI::write_memory()+0xd8>
    11e6:	d3 e2       	ldi	r29, 0x23	; 35
    11e8:	86 e2       	ldi	r24, 0x26	; 38
/Users/askn/Develop/UPDI4AVR-USB/src/pdi.cpp:216
    do { recv_byte(0x010001CFUL); } while (RXDATA & 0xC0); /* 0x01CF: NVMCTRL_STATUS */
    return true;
  }

  size_t erase_memory (void) {
    uint8_t   e_type = packet.out.bEType;
    11ea:	cd e2       	ldi	r28, 0x2D	; 45
    11ec:	c3 cf       	rjmp	.-122    	; 0x1174 <PDI::write_memory()+0xe6>
/Users/askn/Develop/UPDI4AVR-USB/src/pdi.cpp:218
    uint32_t _dwAddr = packet.out.dwAddr;
    _CAPS32(_set_ptr32[1])->dword = _dwAddr;
    11ee:	d3 e3       	ldi	r29, 0x33	; 51
    11f0:	86 e3       	ldi	r24, 0x36	; 54
    11f2:	c5 e3       	ldi	r28, 0x35	; 53
    11f4:	bf cf       	rjmp	.-130    	; 0x1174 <PDI::write_memory()+0xe6>
    11f6:	d3 e2       	ldi	r29, 0x23	; 35
    11f8:	86 e2       	ldi	r24, 0x26	; 38
    11fa:	ca e1       	ldi	r28, 0x1A	; 26
    11fc:	bb cf       	rjmp	.-138    	; 0x1174 <PDI::write_memory()+0xe6>

000011fe <PDI::erase_memory()>:
_ZN3PDI12erase_memoryEv():
    11fe:	cf 93       	push	r28
    1200:	c0 91 dc 60 	lds	r28, 0x60DC	; 0x8060dc <packet+0x7>
    1204:	80 91 dd 60 	lds	r24, 0x60DD	; 0x8060dd <packet+0x8>
    1208:	90 91 de 60 	lds	r25, 0x60DE	; 0x8060de <packet+0x9>
/Users/askn/Develop/UPDI4AVR-USB/src/pdi.cpp:220
    nvm_wait();
    if (e_type == 0x00) {
    120c:	a0 91 df 60 	lds	r26, 0x60DF	; 0x8060df <packet+0xa>
/Users/askn/Develop/UPDI4AVR-USB/src/pdi.cpp:222
      /* XMEGA_ERASE_CHIP */
      if (!(nvm_cmd(0x40) && nvm_cmdex() && pdibus_wait() && nvm_wait())) return 0;
    1210:	b0 91 e0 60 	lds	r27, 0x60E0	; 0x8060e0 <packet+0xb>
    1214:	80 93 0f 60 	sts	0x600F, r24	; 0x80600f <PDI::_set_ptr32+0x1>
    1218:	90 93 10 60 	sts	0x6010, r25	; 0x806010 <PDI::_set_ptr32+0x2>
/Users/askn/Develop/UPDI4AVR-USB/src/pdi.cpp:237
         && nvm_wait())) return 0;
    }
    /* Any other sections specified will be ignored, */
    /* but the command will return successful completion. */
    return 1;
  }
    121c:	a0 93 11 60 	sts	0x6011, r26	; 0x806011 <PDI::_set_ptr32+0x3>
/Users/askn/Develop/UPDI4AVR-USB/src/pdi.cpp:222
    uint32_t _dwAddr = packet.out.dwAddr;
    _CAPS32(_set_ptr32[1])->dword = _dwAddr;
    nvm_wait();
    if (e_type == 0x00) {
      /* XMEGA_ERASE_CHIP */
      if (!(nvm_cmd(0x40) && nvm_cmdex() && pdibus_wait() && nvm_wait())) return 0;
    1220:	b0 93 12 60 	sts	0x6012, r27	; 0x806012 <PDI::_set_ptr32+0x4>
    1224:	4f de       	rcall	.-866    	; 0xec4 <PDI::nvm_wait()>
    1226:	c1 11       	cpse	r28, r1
/Users/askn/Develop/UPDI4AVR-USB/src/pdi.cpp:231
    else if (e_type == 0x07) {
      /* XMEGA_ERASE_USERSIG */
      if (!(nvm_cmd(0x18)
         && send_bytes(_set_ptr32, sizeof(_set_ptr32))
         && send(0x64)
         && send(0xFF)
    1228:	11 c0       	rjmp	.+34     	; 0x124c <PDI::erase_memory()+0x4e>
    122a:	80 e4       	ldi	r24, 0x40	; 64
/Users/askn/Develop/UPDI4AVR-USB/src/pdi.cpp:232
         && nvm_wait())) return 0;
    122c:	6d de       	rcall	.-806    	; 0xf08 <PDI::nvm_cmd(unsigned char)>
/Users/askn/Develop/UPDI4AVR-USB/src/pdi.cpp:222
    uint32_t _dwAddr = packet.out.dwAddr;
    _CAPS32(_set_ptr32[1])->dword = _dwAddr;
    nvm_wait();
    if (e_type == 0x00) {
      /* XMEGA_ERASE_CHIP */
      if (!(nvm_cmd(0x40) && nvm_cmdex() && pdibus_wait() && nvm_wait())) return 0;
    122e:	81 11       	cpse	r24, r1
    1230:	04 c0       	rjmp	.+8      	; 0x123a <PDI::erase_memory()+0x3c>
/Users/askn/Develop/UPDI4AVR-USB/src/pdi.cpp:236
         && send(0xFF)
         && nvm_wait())) return 0;
    }
    /* Any other sections specified will be ignored, */
    /* but the command will return successful completion. */
    return 1;
    1232:	90 e0       	ldi	r25, 0x00	; 0
    1234:	80 e0       	ldi	r24, 0x00	; 0
/Users/askn/Develop/UPDI4AVR-USB/src/pdi.cpp:226
      /* XMEGA_ERASE_CHIP */
      if (!(nvm_cmd(0x40) && nvm_cmdex() && pdibus_wait() && nvm_wait())) return 0;
    }
    /* Section erasure is only used with USERSIG. */
    /* Unlike READ/WRITE, the address is given as an absolute value. */
    else if (e_type == 0x07) {
    1236:	cf 91       	pop	r28
/Users/askn/Develop/UPDI4AVR-USB/src/pdi.cpp:228
      /* XMEGA_ERASE_USERSIG */
      if (!(nvm_cmd(0x18)
    1238:	08 95       	ret
    123a:	12 df       	rcall	.-476    	; 0x1060 <PDI::nvm_cmdex()>
    123c:	88 23       	and	r24, r24
    123e:	c9 f3       	breq	.-14     	; 0x1232 <PDI::erase_memory()+0x34>
    1240:	f8 dd       	rcall	.-1040   	; 0xe32 <PDI::pdibus_wait()>
/Users/askn/Develop/UPDI4AVR-USB/src/pdi.cpp:229
         && send_bytes(_set_ptr32, sizeof(_set_ptr32))
    1242:	88 23       	and	r24, r24
    1244:	b1 f3       	breq	.-20     	; 0x1232 <PDI::erase_memory()+0x34>
    1246:	3e de       	rcall	.-900    	; 0xec4 <PDI::nvm_wait()>
    1248:	90 e0       	ldi	r25, 0x00	; 0
    124a:	f5 cf       	rjmp	.-22     	; 0x1236 <PDI::erase_memory()+0x38>
    124c:	81 e0       	ldi	r24, 0x01	; 1
    124e:	90 e0       	ldi	r25, 0x00	; 0
/Users/askn/Develop/UPDI4AVR-USB/src/pdi.cpp:230
         && send(0x64)
    1250:	c7 30       	cpi	r28, 0x07	; 7
    1252:	89 f7       	brne	.-30     	; 0x1236 <PDI::erase_memory()+0x38>
    1254:	88 e1       	ldi	r24, 0x18	; 24
    1256:	58 de       	rcall	.-848    	; 0xf08 <PDI::nvm_cmd(unsigned char)>
/Users/askn/Develop/UPDI4AVR-USB/src/pdi.cpp:231
         && send(0xFF)
    1258:	88 23       	and	r24, r24
    125a:	59 f3       	breq	.-42     	; 0x1232 <PDI::erase_memory()+0x34>
    125c:	65 e0       	ldi	r22, 0x05	; 5
    125e:	70 e0       	ldi	r23, 0x00	; 0
/Users/askn/Develop/UPDI4AVR-USB/src/pdi.cpp:105
    }
    return true;
  }

  bool send_break (void) {
    stop_txd();
    1260:	8e e0       	ldi	r24, 0x0E	; 14
    1262:	90 e6       	ldi	r25, 0x60	; 96
/Users/askn/Develop/UPDI4AVR-USB/src/pdi.cpp:106
    digitalWriteMacro(PIN_PGM_PDAT, LOW);
    1264:	f8 dd       	rcall	.-1040   	; 0xe56 <PDI::send_bytes(unsigned char const*, unsigned int)>
/Users/askn/Develop/UPDI4AVR-USB/src/pdi.cpp:108
    pinLogicPull(PIN_PGM_PDAT);
    idle_clock(16);
    1266:	88 23       	and	r24, r24
    1268:	21 f3       	breq	.-56     	; 0x1232 <PDI::erase_memory()+0x34>
    126a:	84 e6       	ldi	r24, 0x64	; 100
    126c:	55 d9       	rcall	.-3414   	; 0x518 <PDI::send(unsigned char)>
/Users/askn/Develop/UPDI4AVR-USB/src/pdi.cpp:110
    digitalWriteMacro(PIN_PGM_PDAT, HIGH);
    idle_clock(2);
    126e:	88 23       	and	r24, r24
    1270:	01 f3       	breq	.-64     	; 0x1232 <PDI::erase_memory()+0x34>
    1272:	8f ef       	ldi	r24, 0xFF	; 255
    1274:	51 d9       	rcall	.-3422   	; 0x518 <PDI::send(unsigned char)>
/Users/askn/Develop/UPDI4AVR-USB/src/pdi.cpp:111
    digitalWriteMacro(PIN_PGM_PDAT, LOW);
    1276:	e5 cf       	rjmp	.-54     	; 0x1242 <PDI::erase_memory()+0x44>

00001278 <PDI::send_break()>:
_ZN3PDI10send_breakEv():
/Users/askn/Develop/UPDI4AVR-USB/src/pdi.cpp:112
    idle_clock(16);
    1278:	be dd       	rcall	.-1156   	; 0xdf6 <PDI::stop_txd()>
    127a:	0c 98       	cbi	0x01, 4	; 1
    127c:	04 9a       	sbi	0x00, 4	; 0
    127e:	80 e1       	ldi	r24, 0x10	; 16
/Users/askn/Develop/UPDI4AVR-USB/src/pdi.cpp:113
    return start_txd();
    1280:	90 e0       	ldi	r25, 0x00	; 0
/Users/askn/Develop/UPDI4AVR-USB/src/pdi.cpp:319
  // MARK: PDI Session

  size_t timeout_fallback (void) {
    D1PRINTF(" Fail\r\n");
    /* If a timeout occurs, the communication speed will be reduced. */
    _xclk -= 500;
    1282:	a8 dd       	rcall	.-1200   	; 0xdd4 <PDI::idle_clock(unsigned int)>
    1284:	0c 9a       	sbi	0x01, 4	; 1
    1286:	82 e0       	ldi	r24, 0x02	; 2
    1288:	90 e0       	ldi	r25, 0x00	; 0
    128a:	a4 dd       	rcall	.-1208   	; 0xdd4 <PDI::idle_clock(unsigned int)>
    128c:	0c 98       	cbi	0x01, 4	; 1
    128e:	80 e1       	ldi	r24, 0x10	; 16
    1290:	90 e0       	ldi	r25, 0x00	; 0
/Users/askn/Develop/UPDI4AVR-USB/src/pdi.cpp:320
    if (_xclk < 500) return 0;
    1292:	a0 dd       	rcall	.-1216   	; 0xdd4 <PDI::idle_clock(unsigned int)>
    1294:	c1 cd       	rjmp	.-1150   	; 0xe18 <PDI::start_txd()>

00001296 <PDI::timeout_fallback()>:
_ZN3PDI16timeout_fallbackEv():
/Users/askn/Develop/UPDI4AVR-USB/src/pdi.cpp:321
    USART::change_pdi();
    1296:	80 91 52 63 	lds	r24, 0x6352	; 0x806352 <_xclk>
/Users/askn/Develop/UPDI4AVR-USB/src/pdi.cpp:322
    return send_break();
    129a:	90 91 53 63 	lds	r25, 0x6353	; 0x806353 <_xclk+0x1>
/Users/askn/Develop/UPDI4AVR-USB/src/pdi.cpp:323
  }
    129e:	84 5f       	subi	r24, 0xF4	; 244
/Users/askn/Develop/UPDI4AVR-USB/src/nvmv6.cpp:60
  constexpr auto NVM_STATUS = 0x1007;
  constexpr auto PROD_SIG   = 0x1080;
  constexpr auto PROG_START = 0x800000;

  uint8_t nvm_wait (void) {
    do { UPDI::recv_byte(NVM_STATUS); } while (RXDATA & 3);
    12a0:	91 40       	sbci	r25, 0x01	; 1
    12a2:	80 93 52 63 	sts	0x6352, r24	; 0x806352 <_xclk>
    12a6:	90 93 53 63 	sts	0x6353, r25	; 0x806353 <_xclk+0x1>
    12aa:	84 3f       	cpi	r24, 0xF4	; 244
    12ac:	91 40       	sbci	r25, 0x01	; 1
    12ae:	20 f0       	brcs	.+8      	; 0x12b8 <PDI::timeout_fallback()+0x22>
    12b0:	d3 d8       	rcall	.-3674   	; 0x458 <USART::change_pdi()>
/Users/askn/Develop/UPDI4AVR-USB/src/nvmv6.cpp:62
    return RXDATA;
  }
    12b2:	e2 df       	rcall	.-60     	; 0x1278 <PDI::send_break()>
/Users/askn/Develop/UPDI4AVR-USB/src/nvmv6.cpp:64

  bool nvm_ctrl_change (uint8_t _nvmcmd) {
    12b4:	90 e0       	ldi	r25, 0x00	; 0
    12b6:	08 95       	ret
/Users/askn/Develop/UPDI4AVR-USB/src/nvmv6.cpp:65
    nvm_wait();
    12b8:	90 e0       	ldi	r25, 0x00	; 0
    12ba:	80 e0       	ldi	r24, 0x00	; 0
/Users/askn/Develop/UPDI4AVR-USB/src/nvmv6.cpp:66
    if (UPDI::recv_byte(NVM_CTRL) && RXDATA == _nvmcmd) return true;
    12bc:	08 95       	ret

000012be <NVM::V6::nvm_wait()>:
_ZN3NVM2V68nvm_waitEv():
    12be:	67 e0       	ldi	r22, 0x07	; 7
    12c0:	70 e1       	ldi	r23, 0x10	; 16
    12c2:	80 e0       	ldi	r24, 0x00	; 0
    12c4:	90 e0       	ldi	r25, 0x00	; 0
    12c6:	65 d9       	rcall	.-3382   	; 0x592 <UPDI::recv_byte(unsigned long)>
    12c8:	8d b3       	in	r24, 0x1d	; 29
    12ca:	83 70       	andi	r24, 0x03	; 3
    12cc:	c1 f7       	brne	.-16     	; 0x12be <NVM::V6::nvm_wait()>
    12ce:	8d b3       	in	r24, 0x1d	; 29
/Users/askn/Develop/UPDI4AVR-USB/src/nvmv6.cpp:70
    if (!UPDI::nvm_ctrl(0x00)) return false;
    if (0 != _nvmcmd) return UPDI::nvm_ctrl(_nvmcmd);
    return true;
  }
    12d0:	08 95       	ret

000012d2 <NVM::V6::nvm_ctrl_change(unsigned char)>:
_ZN3NVM2V615nvm_ctrl_changeEh():
/Users/askn/Develop/UPDI4AVR-USB/src/nvmv6.cpp:67
  }

  bool nvm_ctrl_change (uint8_t _nvmcmd) {
    nvm_wait();
    if (UPDI::recv_byte(NVM_CTRL) && RXDATA == _nvmcmd) return true;
    if (!UPDI::nvm_ctrl(0x00)) return false;
    12d2:	cf 93       	push	r28
    12d4:	c8 2f       	mov	r28, r24
    12d6:	f3 df       	rcall	.-26     	; 0x12be <NVM::V6::nvm_wait()>
    12d8:	60 e0       	ldi	r22, 0x00	; 0
    12da:	70 e1       	ldi	r23, 0x10	; 16
/Users/askn/Develop/UPDI4AVR-USB/src/nvmv2.cpp:65

  bool nvm_ctrl_change (uint8_t _nvmcmd) {
    nvm_wait();
    if (UPDI::recv_byte(NVM_CTRL) && RXDATA == _nvmcmd) return true;
    if (!UPDI::nvm_ctrl(0x00)) return false;
    if (0 != _nvmcmd) return UPDI::nvm_ctrl(_nvmcmd);
    12dc:	80 e0       	ldi	r24, 0x00	; 0
    12de:	90 e0       	ldi	r25, 0x00	; 0
    12e0:	58 d9       	rcall	.-3408   	; 0x592 <UPDI::recv_byte(unsigned long)>
/Users/askn/Develop/UPDI4AVR-USB/src/nvmv6.cpp:70
    if (0 != _nvmcmd) return UPDI::nvm_ctrl(_nvmcmd);
    return true;
  }
    12e2:	88 23       	and	r24, r24
/Users/askn/Develop/UPDI4AVR-USB/src/nvmv2.cpp:65
    12e4:	31 f0       	breq	.+12     	; 0x12f2 <NVM::V6::nvm_ctrl_change(unsigned char)+0x20>
    12e6:	8d b3       	in	r24, 0x1d	; 29
/Users/askn/Develop/UPDI4AVR-USB/src/nvmv6.cpp:116
      && nvm_ctrl_change(0x00)
    );
  }

  size_t prog_init (void) {
    return nvm_ctrl_change(0x00);
    12e8:	8c 13       	cpse	r24, r28
    12ea:	03 c0       	rjmp	.+6      	; 0x12f2 <NVM::V6::nvm_ctrl_change(unsigned char)+0x20>
    12ec:	81 e0       	ldi	r24, 0x01	; 1
/Users/askn/Develop/UPDI4AVR-USB/src/nvmv6.cpp:117
  }
    12ee:	cf 91       	pop	r28
    12f0:	08 95       	ret
/Users/askn/Develop/UPDI4AVR-USB/src/nvmv6.cpp:78
    D2PRINTF(" NVM_V6_FLPER=%06lX\r\n", _dwAddr);
    return (
      nvm_ctrl_change(0x08)   /* NVM_V6_CMD_FLPER */
      && UPDI::send_byte(_dwAddr, 0xFF)
      && (nvm_wait() & 0x73) == 0
      && nvm_ctrl_change(0x00)
    12f2:	80 e0       	ldi	r24, 0x00	; 0
    12f4:	c3 d9       	rcall	.-3194   	; 0x67c <UPDI::nvm_ctrl(unsigned char)>
/Users/askn/Develop/UPDI4AVR-USB/src/nvmv6.cpp:72
    if (!UPDI::nvm_ctrl(0x00)) return false;
    if (0 != _nvmcmd) return UPDI::nvm_ctrl(_nvmcmd);
    return true;
  }

  bool erase_flash_page (uint32_t _dwAddr) {
    12f6:	88 23       	and	r24, r24
    12f8:	d1 f3       	breq	.-12     	; 0x12ee <NVM::V6::nvm_ctrl_change(unsigned char)+0x1c>
    12fa:	cc 23       	and	r28, r28
    12fc:	b9 f3       	breq	.-18     	; 0x12ec <NVM::V6::nvm_ctrl_change(unsigned char)+0x1a>
    12fe:	8c 2f       	mov	r24, r28
/Users/askn/Develop/UPDI4AVR-USB/src/nvmv6.cpp:75
    D2PRINTF(" NVM_V6_FLPER=%06lX\r\n", _dwAddr);
    return (
      nvm_ctrl_change(0x08)   /* NVM_V6_CMD_FLPER */
    1300:	cf 91       	pop	r28
    1302:	bc c9       	rjmp	.-3208   	; 0x67c <UPDI::nvm_ctrl(unsigned char)>

00001304 <NVM::V6::prog_init()>:
_ZN3NVM2V69prog_initEv():
    1304:	80 e0       	ldi	r24, 0x00	; 0
/Users/askn/Develop/UPDI4AVR-USB/src/nvmv6.cpp:78
      && UPDI::send_byte(_dwAddr, 0xFF)
      && (nvm_wait() & 0x73) == 0
      && nvm_ctrl_change(0x00)
    1306:	e5 df       	rcall	.-54     	; 0x12d2 <NVM::V6::nvm_ctrl_change(unsigned char)>
/Users/askn/Develop/UPDI4AVR-USB/src/nvmv6.cpp:76

  bool erase_flash_page (uint32_t _dwAddr) {
    D2PRINTF(" NVM_V6_FLPER=%06lX\r\n", _dwAddr);
    return (
      nvm_ctrl_change(0x08)   /* NVM_V6_CMD_FLPER */
      && UPDI::send_byte(_dwAddr, 0xFF)
    1308:	90 e0       	ldi	r25, 0x00	; 0
    130a:	08 95       	ret

0000130c <NVM::V6::write_eeprom(unsigned long, unsigned int) [clone .part.5]>:
_ZN3NVM2V616erase_flash_pageEm.part.1():
    130c:	80 e0       	ldi	r24, 0x00	; 0
    130e:	e1 cf       	rjmp	.-62     	; 0x12d2 <NVM::V6::nvm_ctrl_change(unsigned char)>

00001310 <NVM::V6::erase_flash_page(unsigned long)>:
_ZN3NVM2V616erase_flash_pageEm():
    1310:	cf 92       	push	r12
    1312:	df 92       	push	r13
    1314:	ef 92       	push	r14
/Users/askn/Develop/UPDI4AVR-USB/src/nvmv6.cpp:77
      && (nvm_wait() & 0x73) == 0
    1316:	ff 92       	push	r15
    1318:	6b 01       	movw	r12, r22
    131a:	7c 01       	movw	r14, r24
/Users/askn/Develop/UPDI4AVR-USB/src/nvmv6.cpp:80
      && nvm_ctrl_change(0x00)
    );
  }
    131c:	88 e0       	ldi	r24, 0x08	; 8
    131e:	d9 df       	rcall	.-78     	; 0x12d2 <NVM::V6::nvm_ctrl_change(unsigned char)>
    1320:	88 23       	and	r24, r24
    1322:	71 f0       	breq	.+28     	; 0x1340 <NVM::V6::erase_flash_page(unsigned long)+0x30>
    1324:	4f ef       	ldi	r20, 0xFF	; 255
    1326:	c7 01       	movw	r24, r14
    1328:	b6 01       	movw	r22, r12
    132a:	8b d9       	rcall	.-3306   	; 0x642 <UPDI::send_byte(unsigned long, unsigned char)>
    132c:	88 23       	and	r24, r24
    132e:	41 f0       	breq	.+16     	; 0x1340 <NVM::V6::erase_flash_page(unsigned long)+0x30>
    1330:	c6 df       	rcall	.-116    	; 0x12be <NVM::V6::nvm_wait()>
    1332:	83 77       	andi	r24, 0x73	; 115
/Users/askn/Develop/UPDI4AVR-USB/src/nvmv3.cpp:55
  constexpr auto NVM_STATUS = 0x1006;
  constexpr auto PROD_SIG   = 0x1100;
  constexpr auto PROG_START = 0x800000;

  uint8_t nvm_wait (void) {
    do { UPDI::recv_byte(NVM_STATUS); } while (RXDATA & 3);
    1334:	29 f4       	brne	.+10     	; 0x1340 <NVM::V6::erase_flash_page(unsigned long)+0x30>
    1336:	ff 90       	pop	r15
    1338:	ef 90       	pop	r14
    133a:	df 90       	pop	r13
    133c:	cf 90       	pop	r12
    133e:	e6 cf       	rjmp	.-52     	; 0x130c <NVM::V6::write_eeprom(unsigned long, unsigned int) [clone .part.5]>
    1340:	80 e0       	ldi	r24, 0x00	; 0
/Users/askn/Develop/UPDI4AVR-USB/src/nvmv3.cpp:57
    return RXDATA;
  }
    1342:	ff 90       	pop	r15
/Users/askn/Develop/UPDI4AVR-USB/src/nvmv3.cpp:73
    D2PRINTF(" NVM_V3_FLPERW=%06lX\r\n", _dwAddr);
    return (
      nvm_ctrl_change(0x00)
      && UPDI::send_words_block(_dwAddr, _wLength)
      && nvm_ctrl_change(0x05)  /* NVM_V3_CMD_FLPERW */
      && (nvm_wait() & 0x73) == 0
    1344:	ef 90       	pop	r14
    1346:	df 90       	pop	r13
    1348:	cf 90       	pop	r12
    134a:	08 95       	ret

0000134c <NVM::V3::nvm_wait()>:
_ZN3NVM2V38nvm_waitEv():
    134c:	66 e0       	ldi	r22, 0x06	; 6
    134e:	70 e1       	ldi	r23, 0x10	; 16
/Users/askn/Develop/UPDI4AVR-USB/src/nvmv3.cpp:75
    );
  }
    1350:	80 e0       	ldi	r24, 0x00	; 0
/Users/askn/Develop/UPDI4AVR-USB/src/nvmv3.cpp:59
  uint8_t nvm_wait (void) {
    do { UPDI::recv_byte(NVM_STATUS); } while (RXDATA & 3);
    return RXDATA;
  }

  bool nvm_ctrl_change (uint8_t _nvmcmd) {
    1352:	90 e0       	ldi	r25, 0x00	; 0
    1354:	1e d9       	rcall	.-3524   	; 0x592 <UPDI::recv_byte(unsigned long)>
/Users/askn/Develop/UPDI4AVR-USB/src/nvmv3.cpp:60
    nvm_wait();
    1356:	8d b3       	in	r24, 0x1d	; 29
    1358:	83 70       	andi	r24, 0x03	; 3
/Users/askn/Develop/UPDI4AVR-USB/src/nvmv3.cpp:61
    if (UPDI::recv_byte(NVM_CTRL) && RXDATA == _nvmcmd) return true;
    135a:	c1 f7       	brne	.-16     	; 0x134c <NVM::V3::nvm_wait()>
    135c:	8d b3       	in	r24, 0x1d	; 29
    135e:	08 95       	ret

00001360 <NVM::V3::write_eeprom(unsigned long, unsigned int) [clone .part.3]>:
_ZN3NVM2V317write_words_flashEmj.part.1():
    1360:	f5 df       	rcall	.-22     	; 0x134c <NVM::V3::nvm_wait()>
    1362:	98 2f       	mov	r25, r24
    1364:	93 77       	andi	r25, 0x73	; 115
    1366:	81 e0       	ldi	r24, 0x01	; 1
    1368:	09 f0       	breq	.+2      	; 0x136c <NVM::V3::write_eeprom(unsigned long, unsigned int) [clone .part.3]+0xc>
    136a:	80 e0       	ldi	r24, 0x00	; 0
    136c:	08 95       	ret

0000136e <NVM::V3::nvm_ctrl_change(unsigned char)>:
_ZN3NVM2V315nvm_ctrl_changeEh():
/Users/askn/Develop/UPDI4AVR-USB/src/nvmv3.cpp:65
    if (!UPDI::nvm_ctrl(0x00)) return false;
    if (0 != _nvmcmd) return UPDI::nvm_ctrl(_nvmcmd);
    return true;
  }
    136e:	cf 93       	push	r28
/Users/askn/Develop/UPDI4AVR-USB/src/nvmv3.cpp:62
  }

  bool nvm_ctrl_change (uint8_t _nvmcmd) {
    nvm_wait();
    if (UPDI::recv_byte(NVM_CTRL) && RXDATA == _nvmcmd) return true;
    if (!UPDI::nvm_ctrl(0x00)) return false;
    1370:	c8 2f       	mov	r28, r24
    1372:	ec df       	rcall	.-40     	; 0x134c <NVM::V3::nvm_wait()>
    1374:	60 e0       	ldi	r22, 0x00	; 0
    1376:	70 e1       	ldi	r23, 0x10	; 16
/Users/askn/Develop/UPDI4AVR-USB/src/nvmv2.cpp:65
    1378:	80 e0       	ldi	r24, 0x00	; 0
    137a:	90 e0       	ldi	r25, 0x00	; 0
    if (0 != _nvmcmd) return UPDI::nvm_ctrl(_nvmcmd);
    return true;
  }
    137c:	0a d9       	rcall	.-3564   	; 0x592 <UPDI::recv_byte(unsigned long)>
    137e:	88 23       	and	r24, r24
    1380:	31 f0       	breq	.+12     	; 0x138e <NVM::V3::nvm_ctrl_change(unsigned char)+0x20>
/Users/askn/Develop/UPDI4AVR-USB/src/nvmv4.cpp:116
      && nvm_ctrl_change(0x00)
    );
  }

  size_t prog_init (void) {
    return nvm_ctrl_change(0x00);
    1382:	8d b3       	in	r24, 0x1d	; 29
    1384:	8c 13       	cpse	r24, r28
/Users/askn/Develop/UPDI4AVR-USB/src/nvmv4.cpp:117
  }
    1386:	03 c0       	rjmp	.+6      	; 0x138e <NVM::V3::nvm_ctrl_change(unsigned char)+0x20>
    1388:	81 e0       	ldi	r24, 0x01	; 1
/Users/askn/Develop/UPDI4AVR-USB/src/nvmv4.cpp:78
    D2PRINTF(" NVM_V4_FLPER=%06lX\r\n", _dwAddr);
    return (
      nvm_ctrl_change(0x08)   /* NVM_V4_CMD_FLPER */
      && UPDI::send_byte(_dwAddr, 0xFF)
      && (nvm_wait() & 0x73) == 0
      && nvm_ctrl_change(0x00)
    138a:	cf 91       	pop	r28
    138c:	08 95       	ret
    138e:	80 e0       	ldi	r24, 0x00	; 0
/Users/askn/Develop/UPDI4AVR-USB/src/nvmv3.cpp:98
      && (nvm_wait() & 0x73) == 0
    );
  }

  size_t prog_init (void) {
    nvm_ctrl_change(0x0F);      /* NVM_V3_CMD_FLPBCLR */
    1390:	75 d9       	rcall	.-3350   	; 0x67c <UPDI::nvm_ctrl(unsigned char)>
    1392:	88 23       	and	r24, r24
/Users/askn/Develop/UPDI4AVR-USB/src/nvmv3.cpp:99
    nvm_ctrl_change(0x1F);      /* NVM_V3_CMD_EEPBCLR */
    1394:	d1 f3       	breq	.-12     	; 0x138a <NVM::V3::nvm_ctrl_change(unsigned char)+0x1c>
    1396:	cc 23       	and	r28, r28
    1398:	b9 f3       	breq	.-18     	; 0x1388 <NVM::V3::nvm_ctrl_change(unsigned char)+0x1a>
/Users/askn/Develop/UPDI4AVR-USB/src/nvmv3.cpp:100
    return nvm_ctrl_change(0x00);
    139a:	8c 2f       	mov	r24, r28
    139c:	cf 91       	pop	r28
    139e:	6e c9       	rjmp	.-3364   	; 0x67c <UPDI::nvm_ctrl(unsigned char)>

000013a0 <NVM::V4::prog_init()>:
_ZN3NVM2V49prog_initEv():
/Users/askn/Develop/UPDI4AVR-USB/src/nvmv3.cpp:101
  }
    13a0:	80 e0       	ldi	r24, 0x00	; 0
    13a2:	e5 df       	rcall	.-54     	; 0x136e <NVM::V3::nvm_ctrl_change(unsigned char)>
/Users/askn/Develop/UPDI4AVR-USB/src/nvmv3.cpp:77
      && nvm_ctrl_change(0x05)  /* NVM_V3_CMD_FLPERW */
      && (nvm_wait() & 0x73) == 0
    );
  }

  bool write_bytes_flash (uint32_t _dwAddr, size_t _wLength) {
    13a4:	90 e0       	ldi	r25, 0x00	; 0
    13a6:	08 95       	ret

000013a8 <NVM::V4::write_eeprom(unsigned long, unsigned int) [clone .part.5]>:
_ZN3NVM2V416erase_flash_pageEm.part.1():
    13a8:	80 e0       	ldi	r24, 0x00	; 0
    13aa:	e1 cf       	rjmp	.-62     	; 0x136e <NVM::V3::nvm_ctrl_change(unsigned char)>

000013ac <NVM::V3::prog_init()>:
_ZN3NVM2V39prog_initEv():
    13ac:	8f e0       	ldi	r24, 0x0F	; 15
    13ae:	df df       	rcall	.-66     	; 0x136e <NVM::V3::nvm_ctrl_change(unsigned char)>
    13b0:	8f e1       	ldi	r24, 0x1F	; 31
    13b2:	dd df       	rcall	.-70     	; 0x136e <NVM::V3::nvm_ctrl_change(unsigned char)>
/Users/askn/Develop/UPDI4AVR-USB/src/nvmv3.cpp:80
    D2PRINTF(" NVM_V3_FLPERW=%06lX\r\n", _dwAddr);
    return (
      nvm_ctrl_change(0x00)
    13b4:	80 e0       	ldi	r24, 0x00	; 0
    13b6:	db df       	rcall	.-74     	; 0x136e <NVM::V3::nvm_ctrl_change(unsigned char)>
/Users/askn/Develop/UPDI4AVR-USB/src/nvmv3.cpp:83
      && UPDI::send_bytes_block(_dwAddr, _wLength)
      && nvm_ctrl_change(0x05)  /* NVM_V3_CMD_FLPERW */
      && (nvm_wait() & 0x73) == 0
    13b8:	90 e0       	ldi	r25, 0x00	; 0
    13ba:	08 95       	ret

000013bc <NVM::V5::prog_init()>:
_ZN3NVM2V59prog_initEv():
/Users/askn/Develop/UPDI4AVR-USB/src/nvmv3.cpp:81

  bool write_bytes_flash (uint32_t _dwAddr, size_t _wLength) {
    D2PRINTF(" NVM_V3_FLPERW=%06lX\r\n", _dwAddr);
    return (
      nvm_ctrl_change(0x00)
      && UPDI::send_bytes_block(_dwAddr, _wLength)
    13bc:	f7 cf       	rjmp	.-18     	; 0x13ac <NVM::V3::prog_init()>

000013be <NVM::V3::write_bytes_flash(unsigned long, unsigned int)>:
_ZN3NVM2V317write_bytes_flashEmj():
    13be:	cf 92       	push	r12
    13c0:	df 92       	push	r13
    13c2:	ef 92       	push	r14
    13c4:	ff 92       	push	r15
/Users/askn/Develop/UPDI4AVR-USB/src/nvmv3.cpp:82
      && nvm_ctrl_change(0x05)  /* NVM_V3_CMD_FLPERW */
    13c6:	cf 93       	push	r28
    13c8:	df 93       	push	r29
    13ca:	6b 01       	movw	r12, r22
    13cc:	7c 01       	movw	r14, r24
    13ce:	ea 01       	movw	r28, r20
/Users/askn/Develop/UPDI4AVR-USB/src/nvmv3.cpp:85
      && (nvm_wait() & 0x73) == 0
    );
  }
    13d0:	80 e0       	ldi	r24, 0x00	; 0
    13d2:	cd df       	rcall	.-102    	; 0x136e <NVM::V3::nvm_ctrl_change(unsigned char)>
    13d4:	88 23       	and	r24, r24
    13d6:	89 f0       	breq	.+34     	; 0x13fa <NVM::V3::write_bytes_flash(unsigned long, unsigned int)+0x3c>
    13d8:	ae 01       	movw	r20, r28
    13da:	c7 01       	movw	r24, r14
    13dc:	b6 01       	movw	r22, r12
    13de:	7e d9       	rcall	.-3332   	; 0x6dc <UPDI::send_bytes_block(unsigned long, unsigned int)>
    13e0:	88 23       	and	r24, r24
    13e2:	59 f0       	breq	.+22     	; 0x13fa <NVM::V3::write_bytes_flash(unsigned long, unsigned int)+0x3c>
    13e4:	85 e0       	ldi	r24, 0x05	; 5
    13e6:	c3 df       	rcall	.-122    	; 0x136e <NVM::V3::nvm_ctrl_change(unsigned char)>
    13e8:	88 23       	and	r24, r24
    13ea:	39 f0       	breq	.+14     	; 0x13fa <NVM::V3::write_bytes_flash(unsigned long, unsigned int)+0x3c>
    13ec:	df 91       	pop	r29
/Users/askn/Develop/UPDI4AVR-USB/src/nvmv3.cpp:67
    if (!UPDI::nvm_ctrl(0x00)) return false;
    if (0 != _nvmcmd) return UPDI::nvm_ctrl(_nvmcmd);
    return true;
  }

  bool write_words_flash (uint32_t _dwAddr, size_t _wLength) {
    13ee:	cf 91       	pop	r28
    13f0:	ff 90       	pop	r15
    13f2:	ef 90       	pop	r14
    13f4:	df 90       	pop	r13
    13f6:	cf 90       	pop	r12
    13f8:	b3 cf       	rjmp	.-154    	; 0x1360 <NVM::V3::write_eeprom(unsigned long, unsigned int) [clone .part.3]>
    13fa:	80 e0       	ldi	r24, 0x00	; 0
    13fc:	df 91       	pop	r29
    13fe:	cf 91       	pop	r28
/Users/askn/Develop/UPDI4AVR-USB/src/nvmv3.cpp:70
    D2PRINTF(" NVM_V3_FLPERW=%06lX\r\n", _dwAddr);
    return (
      nvm_ctrl_change(0x00)
    1400:	ff 90       	pop	r15
    1402:	ef 90       	pop	r14
    1404:	df 90       	pop	r13
/Users/askn/Develop/UPDI4AVR-USB/src/nvmv3.cpp:73
      && UPDI::send_words_block(_dwAddr, _wLength)
      && nvm_ctrl_change(0x05)  /* NVM_V3_CMD_FLPERW */
      && (nvm_wait() & 0x73) == 0
    1406:	cf 90       	pop	r12
    1408:	08 95       	ret

0000140a <NVM::V3::write_words_flash(unsigned long, unsigned int)>:
_ZN3NVM2V317write_words_flashEmj():
/Users/askn/Develop/UPDI4AVR-USB/src/nvmv3.cpp:71

  bool write_words_flash (uint32_t _dwAddr, size_t _wLength) {
    D2PRINTF(" NVM_V3_FLPERW=%06lX\r\n", _dwAddr);
    return (
      nvm_ctrl_change(0x00)
      && UPDI::send_words_block(_dwAddr, _wLength)
    140a:	cf 92       	push	r12
    140c:	df 92       	push	r13
    140e:	ef 92       	push	r14
    1410:	ff 92       	push	r15
    1412:	cf 93       	push	r28
    1414:	df 93       	push	r29
    1416:	6b 01       	movw	r12, r22
/Users/askn/Develop/UPDI4AVR-USB/src/nvmv3.cpp:72
      && nvm_ctrl_change(0x05)  /* NVM_V3_CMD_FLPERW */
    1418:	7c 01       	movw	r14, r24
    141a:	ea 01       	movw	r28, r20
    141c:	80 e0       	ldi	r24, 0x00	; 0
    141e:	a7 df       	rcall	.-178    	; 0x136e <NVM::V3::nvm_ctrl_change(unsigned char)>
    1420:	88 23       	and	r24, r24
/Users/askn/Develop/UPDI4AVR-USB/src/nvmv3.cpp:75
      && (nvm_wait() & 0x73) == 0
    );
  }
    1422:	89 f0       	breq	.+34     	; 0x1446 <NVM::V3::write_words_flash(unsigned long, unsigned int)+0x3c>
    1424:	ae 01       	movw	r20, r28
    1426:	c7 01       	movw	r24, r14
    1428:	b6 01       	movw	r22, r12
    142a:	cd d8       	rcall	.-3686   	; 0x5c6 <UPDI::send_words_block(unsigned long, unsigned int)>
    142c:	88 23       	and	r24, r24
    142e:	59 f0       	breq	.+22     	; 0x1446 <NVM::V3::write_words_flash(unsigned long, unsigned int)+0x3c>
    1430:	85 e0       	ldi	r24, 0x05	; 5
    1432:	9d df       	rcall	.-198    	; 0x136e <NVM::V3::nvm_ctrl_change(unsigned char)>
    1434:	88 23       	and	r24, r24
    1436:	39 f0       	breq	.+14     	; 0x1446 <NVM::V3::write_words_flash(unsigned long, unsigned int)+0x3c>
    1438:	df 91       	pop	r29
    143a:	cf 91       	pop	r28
    143c:	ff 90       	pop	r15
    143e:	ef 90       	pop	r14
    1440:	df 90       	pop	r13
/Users/askn/Develop/UPDI4AVR-USB/src/nvmv4.cpp:72
    if (!UPDI::nvm_ctrl(0x00)) return false;
    if (0 != _nvmcmd) return UPDI::nvm_ctrl(_nvmcmd);
    return true;
  }

  bool erase_flash_page (uint32_t _dwAddr) {
    1442:	cf 90       	pop	r12
    1444:	8d cf       	rjmp	.-230    	; 0x1360 <NVM::V3::write_eeprom(unsigned long, unsigned int) [clone .part.3]>
    1446:	80 e0       	ldi	r24, 0x00	; 0
    1448:	df 91       	pop	r29
    144a:	cf 91       	pop	r28
    144c:	ff 90       	pop	r15
/Users/askn/Develop/UPDI4AVR-USB/src/nvmv4.cpp:75
    D2PRINTF(" NVM_V4_FLPER=%06lX\r\n", _dwAddr);
    return (
      nvm_ctrl_change(0x08)   /* NVM_V4_CMD_FLPER */
    144e:	ef 90       	pop	r14
    1450:	df 90       	pop	r13
/Users/askn/Develop/UPDI4AVR-USB/src/nvmv4.cpp:78
      && UPDI::send_byte(_dwAddr, 0xFF)
      && (nvm_wait() & 0x73) == 0
      && nvm_ctrl_change(0x00)
    1452:	cf 90       	pop	r12
/Users/askn/Develop/UPDI4AVR-USB/src/nvmv4.cpp:76

  bool erase_flash_page (uint32_t _dwAddr) {
    D2PRINTF(" NVM_V4_FLPER=%06lX\r\n", _dwAddr);
    return (
      nvm_ctrl_change(0x08)   /* NVM_V4_CMD_FLPER */
      && UPDI::send_byte(_dwAddr, 0xFF)
    1454:	08 95       	ret

00001456 <NVM::V4::erase_flash_page(unsigned long)>:
_ZN3NVM2V416erase_flash_pageEm():
    1456:	cf 92       	push	r12
    1458:	df 92       	push	r13
    145a:	ef 92       	push	r14
    145c:	ff 92       	push	r15
    145e:	6b 01       	movw	r12, r22
/Users/askn/Develop/UPDI4AVR-USB/src/nvmv4.cpp:77
      && (nvm_wait() & 0x73) == 0
    1460:	7c 01       	movw	r14, r24
    1462:	88 e0       	ldi	r24, 0x08	; 8
    1464:	84 df       	rcall	.-248    	; 0x136e <NVM::V3::nvm_ctrl_change(unsigned char)>
/Users/askn/Develop/UPDI4AVR-USB/src/nvmv4.cpp:80
      && nvm_ctrl_change(0x00)
    );
  }
    1466:	88 23       	and	r24, r24
    1468:	71 f0       	breq	.+28     	; 0x1486 <NVM::V4::erase_flash_page(unsigned long)+0x30>
    146a:	4f ef       	ldi	r20, 0xFF	; 255
    146c:	c7 01       	movw	r24, r14
    146e:	b6 01       	movw	r22, r12
    1470:	e8 d8       	rcall	.-3632   	; 0x642 <UPDI::send_byte(unsigned long, unsigned char)>
    1472:	88 23       	and	r24, r24
    1474:	41 f0       	breq	.+16     	; 0x1486 <NVM::V4::erase_flash_page(unsigned long)+0x30>
    1476:	6a df       	rcall	.-300    	; 0x134c <NVM::V3::nvm_wait()>
    1478:	83 77       	andi	r24, 0x73	; 115
    147a:	29 f4       	brne	.+10     	; 0x1486 <NVM::V4::erase_flash_page(unsigned long)+0x30>
/Users/askn/Develop/UPDI4AVR-USB/src/nvmv0.cpp:62
  constexpr auto NVM_STATUS = 0x1002;
  constexpr auto NVM_DATA   = 0x1006;
  constexpr auto PROD_SIG   = 0x1100;

  uint8_t nvm_wait (void) {
    do { UPDI::recv_byte(NVM_STATUS); } while (RXDATA & 3);
    147c:	ff 90       	pop	r15
    147e:	ef 90       	pop	r14
    1480:	df 90       	pop	r13
    1482:	cf 90       	pop	r12
    1484:	91 cf       	rjmp	.-222    	; 0x13a8 <NVM::V4::write_eeprom(unsigned long, unsigned int) [clone .part.5]>
    1486:	80 e0       	ldi	r24, 0x00	; 0
    1488:	ff 90       	pop	r15
    148a:	ef 90       	pop	r14
/Users/askn/Develop/UPDI4AVR-USB/src/nvmv0.cpp:63
    return RXDATA;
    148c:	df 90       	pop	r13
/Users/askn/Develop/UPDI4AVR-USB/src/nvmv0.cpp:64
  }
    148e:	cf 90       	pop	r12
/Users/askn/Develop/UPDI4AVR-USB/src/nvmv0.cpp:108
      && (nvm_wait() & 7) == 0
    );
  }

  size_t prog_init (void) {
    nvm_wait();
    1490:	08 95       	ret

00001492 <NVM::V0::nvm_wait()>:
_ZN3NVM2V08nvm_waitEv():
    1492:	62 e0       	ldi	r22, 0x02	; 2
/Users/askn/Develop/UPDI4AVR-USB/src/nvmv0.cpp:109
    UPDI::nvm_ctrl(0x04);         /* NVM_CMD_PBC */
    1494:	70 e1       	ldi	r23, 0x10	; 16
    1496:	80 e0       	ldi	r24, 0x00	; 0
    1498:	90 e0       	ldi	r25, 0x00	; 0
/Users/askn/Develop/UPDI4AVR-USB/src/nvmv0.cpp:110
    nvm_wait();
    149a:	7b d8       	rcall	.-3850   	; 0x592 <UPDI::recv_byte(unsigned long)>
    149c:	8d b3       	in	r24, 0x1d	; 29
/Users/askn/Develop/UPDI4AVR-USB/src/nvmv0.cpp:111
    return UPDI::nvm_ctrl(0x00);
    149e:	83 70       	andi	r24, 0x03	; 3
    14a0:	c1 f7       	brne	.-16     	; 0x1492 <NVM::V0::nvm_wait()>
    14a2:	8d b3       	in	r24, 0x1d	; 29
/Users/askn/Develop/UPDI4AVR-USB/src/nvmv0.cpp:112
  }
    14a4:	08 95       	ret

000014a6 <NVM::V0::prog_init()>:
_ZN3NVM2V09prog_initEv():
    14a6:	f5 df       	rcall	.-22     	; 0x1492 <NVM::V0::nvm_wait()>
/Users/askn/Develop/UPDI4AVR-USB/src/nvmv2.cpp:61
  uint8_t nvm_wait (void) {
    do { UPDI::recv_byte(NVM_STATUS); } while (RXDATA & 3);
    return RXDATA;
  }

  bool nvm_ctrl_change (uint8_t _nvmcmd) {
    14a8:	84 e0       	ldi	r24, 0x04	; 4
    14aa:	e8 d8       	rcall	.-3632   	; 0x67c <UPDI::nvm_ctrl(unsigned char)>
/Users/askn/Develop/UPDI4AVR-USB/src/nvmv2.cpp:62
    nvm_wait();
    14ac:	f2 df       	rcall	.-28     	; 0x1492 <NVM::V0::nvm_wait()>
    14ae:	80 e0       	ldi	r24, 0x00	; 0
/Users/askn/Develop/UPDI4AVR-USB/src/nvmv2.cpp:63
    if (UPDI::recv_byte(NVM_CTRL) && RXDATA == _nvmcmd) return true;
    14b0:	e5 d8       	rcall	.-3638   	; 0x67c <UPDI::nvm_ctrl(unsigned char)>
    14b2:	90 e0       	ldi	r25, 0x00	; 0
    14b4:	08 95       	ret

000014b6 <NVM::V2::nvm_ctrl_change(unsigned char)>:
_ZN3NVM2V215nvm_ctrl_changeEh():
    14b6:	cf 93       	push	r28
    14b8:	c8 2f       	mov	r28, r24
    14ba:	eb df       	rcall	.-42     	; 0x1492 <NVM::V0::nvm_wait()>
    14bc:	60 e0       	ldi	r22, 0x00	; 0
    14be:	70 e1       	ldi	r23, 0x10	; 16
    14c0:	80 e0       	ldi	r24, 0x00	; 0
    14c2:	90 e0       	ldi	r25, 0x00	; 0
    14c4:	66 d8       	rcall	.-3892   	; 0x592 <UPDI::recv_byte(unsigned long)>
    14c6:	88 23       	and	r24, r24
/Users/askn/Develop/UPDI4AVR-USB/src/nvmv2.cpp:67
    if (!UPDI::nvm_ctrl(0x00)) return false;
    if (0 != _nvmcmd) return UPDI::nvm_ctrl(_nvmcmd);
    return true;
  }
    14c8:	31 f0       	breq	.+12     	; 0x14d6 <NVM::V2::nvm_ctrl_change(unsigned char)+0x20>
    14ca:	8d b3       	in	r24, 0x1d	; 29
/Users/askn/Develop/UPDI4AVR-USB/src/nvmv2.cpp:64
  }

  bool nvm_ctrl_change (uint8_t _nvmcmd) {
    nvm_wait();
    if (UPDI::recv_byte(NVM_CTRL) && RXDATA == _nvmcmd) return true;
    if (!UPDI::nvm_ctrl(0x00)) return false;
    14cc:	8c 13       	cpse	r24, r28
    14ce:	03 c0       	rjmp	.+6      	; 0x14d6 <NVM::V2::nvm_ctrl_change(unsigned char)+0x20>
    14d0:	81 e0       	ldi	r24, 0x01	; 1
    14d2:	cf 91       	pop	r28
    14d4:	08 95       	ret
/Users/askn/Develop/UPDI4AVR-USB/src/nvmv2.cpp:65
    if (0 != _nvmcmd) return UPDI::nvm_ctrl(_nvmcmd);
    14d6:	80 e0       	ldi	r24, 0x00	; 0
    14d8:	d1 d8       	rcall	.-3678   	; 0x67c <UPDI::nvm_ctrl(unsigned char)>
    14da:	88 23       	and	r24, r24
/Users/askn/Develop/UPDI4AVR-USB/src/nvmv2.cpp:67
    return true;
  }
    14dc:	d1 f3       	breq	.-12     	; 0x14d2 <NVM::V2::nvm_ctrl_change(unsigned char)+0x1c>
/Users/askn/Develop/UPDI4AVR-USB/src/nvmv2.cpp:65

  bool nvm_ctrl_change (uint8_t _nvmcmd) {
    nvm_wait();
    if (UPDI::recv_byte(NVM_CTRL) && RXDATA == _nvmcmd) return true;
    if (!UPDI::nvm_ctrl(0x00)) return false;
    if (0 != _nvmcmd) return UPDI::nvm_ctrl(_nvmcmd);
    14de:	cc 23       	and	r28, r28
    14e0:	b9 f3       	breq	.-18     	; 0x14d0 <NVM::V2::nvm_ctrl_change(unsigned char)+0x1a>
/Users/askn/Develop/UPDI4AVR-USB/src/nvmv2.cpp:113
      && nvm_ctrl_change(0x00)
    );
  }

  size_t prog_init (void) {
    return nvm_ctrl_change(0x00);
    14e2:	8c 2f       	mov	r24, r28
    14e4:	cf 91       	pop	r28
    14e6:	ca c8       	rjmp	.-3692   	; 0x67c <UPDI::nvm_ctrl(unsigned char)>

000014e8 <NVM::V2::prog_init()>:
_ZN3NVM2V29prog_initEv():
/Users/askn/Develop/UPDI4AVR-USB/src/nvmv2.cpp:114
  }
    14e8:	80 e0       	ldi	r24, 0x00	; 0
    14ea:	e5 df       	rcall	.-54     	; 0x14b6 <NVM::V2::nvm_ctrl_change(unsigned char)>
/Users/askn/Develop/UPDI4AVR-USB/src/nvmv2.cpp:75
    D2PRINTF(" NVM_V2_FLPER=%06lX\r\n", _dwAddr);
    return (
      nvm_ctrl_change(0x08)   /* NVM_V2_CMD_FLPER */
      && UPDI::send_byte(_dwAddr, 0xFF)
      && (nvm_wait() & 0x73) == 0
      && nvm_ctrl_change(0x00)
    14ec:	90 e0       	ldi	r25, 0x00	; 0
    14ee:	08 95       	ret

000014f0 <NVM::V2::write_eeprom(unsigned long, unsigned int) [clone .part.5]>:
_ZN3NVM2V216erase_flash_pageEm.part.1():
    14f0:	80 e0       	ldi	r24, 0x00	; 0
/Users/askn/Develop/UPDI4AVR-USB/src/nvmv2.cpp:69
    if (!UPDI::nvm_ctrl(0x00)) return false;
    if (0 != _nvmcmd) return UPDI::nvm_ctrl(_nvmcmd);
    return true;
  }

  bool erase_flash_page (uint32_t _dwAddr) {
    14f2:	e1 cf       	rjmp	.-62     	; 0x14b6 <NVM::V2::nvm_ctrl_change(unsigned char)>

000014f4 <NVM::V2::erase_flash_page(unsigned long)>:
_ZN3NVM2V216erase_flash_pageEm():
    14f4:	cf 92       	push	r12
    14f6:	df 92       	push	r13
    14f8:	ef 92       	push	r14
    14fa:	ff 92       	push	r15
    14fc:	6b 01       	movw	r12, r22
/Users/askn/Develop/UPDI4AVR-USB/src/nvmv2.cpp:72
    D2PRINTF(" NVM_V2_FLPER=%06lX\r\n", _dwAddr);
    return (
      nvm_ctrl_change(0x08)   /* NVM_V2_CMD_FLPER */
    14fe:	7c 01       	movw	r14, r24
    1500:	88 e0       	ldi	r24, 0x08	; 8
    1502:	d9 df       	rcall	.-78     	; 0x14b6 <NVM::V2::nvm_ctrl_change(unsigned char)>
/Users/askn/Develop/UPDI4AVR-USB/src/nvmv2.cpp:75
      && UPDI::send_byte(_dwAddr, 0xFF)
      && (nvm_wait() & 0x73) == 0
      && nvm_ctrl_change(0x00)
    1504:	88 23       	and	r24, r24
    1506:	71 f0       	breq	.+28     	; 0x1524 <NVM::V2::erase_flash_page(unsigned long)+0x30>
/Users/askn/Develop/UPDI4AVR-USB/src/nvmv2.cpp:73

  bool erase_flash_page (uint32_t _dwAddr) {
    D2PRINTF(" NVM_V2_FLPER=%06lX\r\n", _dwAddr);
    return (
      nvm_ctrl_change(0x08)   /* NVM_V2_CMD_FLPER */
      && UPDI::send_byte(_dwAddr, 0xFF)
    1508:	4f ef       	ldi	r20, 0xFF	; 255
    150a:	c7 01       	movw	r24, r14
    150c:	b6 01       	movw	r22, r12
    150e:	99 d8       	rcall	.-3790   	; 0x642 <UPDI::send_byte(unsigned long, unsigned char)>
    1510:	88 23       	and	r24, r24
    1512:	41 f0       	breq	.+16     	; 0x1524 <NVM::V2::erase_flash_page(unsigned long)+0x30>
    1514:	be df       	rcall	.-132    	; 0x1492 <NVM::V0::nvm_wait()>
/Users/askn/Develop/UPDI4AVR-USB/src/nvmv2.cpp:74
      && (nvm_wait() & 0x73) == 0
    1516:	83 77       	andi	r24, 0x73	; 115
    1518:	29 f4       	brne	.+10     	; 0x1524 <NVM::V2::erase_flash_page(unsigned long)+0x30>
    151a:	ff 90       	pop	r15
    151c:	ef 90       	pop	r14
/Users/askn/Develop/UPDI4AVR-USB/src/nvmv2.cpp:77
      && nvm_ctrl_change(0x00)
    );
  }
    151e:	df 90       	pop	r13
    1520:	cf 90       	pop	r12
    1522:	e6 cf       	rjmp	.-52     	; 0x14f0 <NVM::V2::write_eeprom(unsigned long, unsigned int) [clone .part.5]>
    1524:	80 e0       	ldi	r24, 0x00	; 0
    1526:	ff 90       	pop	r15
    1528:	ef 90       	pop	r14
    152a:	df 90       	pop	r13
    152c:	cf 90       	pop	r12
    152e:	08 95       	ret

00001530 <NVM::V1::write_memory()>:
_ZN3NVM2V112write_memoryEv():
    1530:	90 e0       	ldi	r25, 0x00	; 0
    1532:	80 e0       	ldi	r24, 0x00	; 0
    1534:	08 95       	ret

00001536 <NVM::V1::read_memory()>:
_ZN3NVM2V111read_memoryEv():
    1536:	90 e0       	ldi	r25, 0x00	; 0
    1538:	80 e0       	ldi	r24, 0x00	; 0
    153a:	08 95       	ret

0000153c <NVM::V1::erase_memory()>:
_ZN3NVM2V112erase_memoryEv():
    153c:	90 e0       	ldi	r25, 0x00	; 0
    153e:	80 e0       	ldi	r24, 0x00	; 0
    1540:	08 95       	ret

00001542 <ISP::spi_exchange(unsigned char)>:
_ZN3ISP12spi_exchangeEh():
    1542:	98 e0       	ldi	r25, 0x08	; 8
    1544:	87 ff       	sbrs	r24, 7
    1546:	1b c0       	rjmp	.+54     	; 0x157e <ISP::spi_exchange(unsigned char)+0x3c>
/Users/askn/Develop/UPDI4AVR-USB/src/isp.cpp:74

  NOINIT size_t _base_addr;
  NOINIT uint8_t _ser[4], _res[4], _pgm_retry;

  uint8_t spi_exchange (const uint8_t _data) {
    uint8_t _d = _data;
    1548:	08 9a       	sbi	0x01, 0	; 1
/Users/askn/Develop/UPDI4AVR-USB/src/isp.cpp:76
    for (uint8_t _i = 0; _i < 8; _i++) {
      if (_d & 0x80) digitalWriteMacro(PIN_PGM_MOSI, HIGH);
    154a:	20 91 0b 0a 	lds	r18, 0x0A0B	; 0x800a0b <__TEXT_REGION_LENGTH__+0x7f0a0b>
    154e:	20 ff       	sbrs	r18, 0
/Users/askn/Develop/UPDI4AVR-USB/src/isp.cpp:79
      else           digitalWriteMacro(PIN_PGM_MOSI, LOW);

      loop_until_bit_is_set(TCA0_SPLIT_INTFLAGS, TCA_SPLIT_LUNF_bp);
    1550:	fc cf       	rjmp	.-8      	; 0x154a <ISP::spi_exchange(unsigned char)+0x8>
    1552:	0a 9a       	sbi	0x01, 2	; 1
    1554:	88 0f       	add	r24, r24
    1556:	20 91 0b 0a 	lds	r18, 0x0A0B	; 0x800a0b <__TEXT_REGION_LENGTH__+0x7f0a0b>
/Users/askn/Develop/UPDI4AVR-USB/src/isp.cpp:81
      digitalWriteMacro(PIN_PGM_MSCK, HIGH);
      _d <<= 1;
    155a:	21 60       	ori	r18, 0x01	; 1
/Users/askn/Develop/UPDI4AVR-USB/src/isp.cpp:82
      bit_set(TCA0_SPLIT_INTFLAGS, TCA_SPLIT_LUNF_bp);
    155c:	20 93 0b 0a 	sts	0x0A0B, r18	; 0x800a0b <__TEXT_REGION_LENGTH__+0x7f0a0b>
    1560:	13 99       	sbic	0x02, 3	; 2
    1562:	81 60       	ori	r24, 0x01	; 1
    1564:	20 91 0b 0a 	lds	r18, 0x0A0B	; 0x800a0b <__TEXT_REGION_LENGTH__+0x7f0a0b>
/Users/askn/Develop/UPDI4AVR-USB/src/isp.cpp:83
      if (digitalReadMacro(PIN_PGM_MISO)) _d |= 1;
    1568:	20 ff       	sbrs	r18, 0
/Users/askn/Develop/UPDI4AVR-USB/src/isp.cpp:85

      loop_until_bit_is_set(TCA0_SPLIT_INTFLAGS, TCA_SPLIT_LUNF_bp);
    156a:	fc cf       	rjmp	.-8      	; 0x1564 <ISP::spi_exchange(unsigned char)+0x22>
    156c:	0a 98       	cbi	0x01, 2	; 1
    156e:	20 91 0b 0a 	lds	r18, 0x0A0B	; 0x800a0b <__TEXT_REGION_LENGTH__+0x7f0a0b>
/Users/askn/Develop/UPDI4AVR-USB/src/isp.cpp:86
      digitalWriteMacro(PIN_PGM_MSCK, LOW);
    1572:	21 60       	ori	r18, 0x01	; 1
/Users/askn/Develop/UPDI4AVR-USB/src/isp.cpp:87
      bit_set(TCA0_SPLIT_INTFLAGS, TCA_SPLIT_LUNF_bp);
    1574:	20 93 0b 0a 	sts	0x0A0B, r18	; 0x800a0b <__TEXT_REGION_LENGTH__+0x7f0a0b>
    1578:	91 50       	subi	r25, 0x01	; 1
    157a:	21 f7       	brne	.-56     	; 0x1544 <ISP::spi_exchange(unsigned char)+0x2>
    157c:	08 95       	ret
    157e:	08 98       	cbi	0x01, 0	; 1
/Users/askn/Develop/UPDI4AVR-USB/src/isp.cpp:75
  NOINIT size_t _base_addr;
  NOINIT uint8_t _ser[4], _res[4], _pgm_retry;

  uint8_t spi_exchange (const uint8_t _data) {
    uint8_t _d = _data;
    for (uint8_t _i = 0; _i < 8; _i++) {
    1580:	e4 cf       	rjmp	.-56     	; 0x154a <ISP::spi_exchange(unsigned char)+0x8>

00001582 <ISP::spi_transaction(unsigned char const*)>:
_ZN3ISP15spi_transactionEPKh():
/Users/askn/Develop/UPDI4AVR-USB/src/isp.cpp:90
      loop_until_bit_is_set(TCA0_SPLIT_INTFLAGS, TCA_SPLIT_LUNF_bp);
      digitalWriteMacro(PIN_PGM_MSCK, LOW);
      bit_set(TCA0_SPLIT_INTFLAGS, TCA_SPLIT_LUNF_bp);
    };
    return _d;
  }
    1582:	1f 93       	push	r17
/Users/askn/Develop/UPDI4AVR-USB/src/isp.cpp:77

  uint8_t spi_exchange (const uint8_t _data) {
    uint8_t _d = _data;
    for (uint8_t _i = 0; _i < 8; _i++) {
      if (_d & 0x80) digitalWriteMacro(PIN_PGM_MOSI, HIGH);
      else           digitalWriteMacro(PIN_PGM_MOSI, LOW);
    1584:	cf 93       	push	r28
    1586:	df 93       	push	r29
/Users/askn/Develop/UPDI4AVR-USB/src/isp.cpp:92
      bit_set(TCA0_SPLIT_INTFLAGS, TCA_SPLIT_LUNF_bp);
    };
    return _d;
  }

  void spi_transaction (const uint8_t _cmd[]) {
    1588:	ec 01       	movw	r28, r24
    158a:	80 91 0b 0a 	lds	r24, 0x0A0B	; 0x800a0b <__TEXT_REGION_LENGTH__+0x7f0a0b>
/Users/askn/Develop/UPDI4AVR-USB/src/isp.cpp:93
    loop_until_bit_is_set(TCA0_SPLIT_INTFLAGS, TCA_SPLIT_LUNF_bp);
    158e:	80 ff       	sbrs	r24, 0
    1590:	fc cf       	rjmp	.-8      	; 0x158a <ISP::spi_transaction(unsigned char const*)+0x8>
    1592:	80 91 0b 0a 	lds	r24, 0x0A0B	; 0x800a0b <__TEXT_REGION_LENGTH__+0x7f0a0b>
/Users/askn/Develop/UPDI4AVR-USB/src/isp.cpp:94
    bit_set(TCA0_SPLIT_INTFLAGS, TCA_SPLIT_LUNF_bp);
    1596:	81 60       	ori	r24, 0x01	; 1
    1598:	80 93 0b 0a 	sts	0x0A0B, r24	; 0x800a0b <__TEXT_REGION_LENGTH__+0x7f0a0b>
    159c:	1f b7       	in	r17, 0x3f	; 63
__iCliRetVal():
    159e:	f8 94       	cli
_ZN3ISP15spi_transactionEPKh():
/Users/askn/Develop/UPDI4AVR-USB/src/isp.cpp:95
    ATOMIC_BLOCK(ATOMIC_RESTORESTATE) {
    15a0:	88 81       	ld	r24, Y
/Users/askn/Library/Arduino15/packages/MultiX-Zinnia/tools/avr8-gcc/7.3.0-avr8-gnu-toolchain/avr/include/util/atomic.h:50
    15a2:	cf df       	rcall	.-98     	; 0x1542 <ISP::spi_exchange(unsigned char)>
/Users/askn/Develop/UPDI4AVR-USB/src/isp.cpp:96
      _res[0] = spi_exchange(_cmd[0]);
    15a4:	80 93 ac 60 	sts	0x60AC, r24	; 0x8060ac <ISP::_res>
    15a8:	89 81       	ldd	r24, Y+1	; 0x01
    15aa:	cb df       	rcall	.-106    	; 0x1542 <ISP::spi_exchange(unsigned char)>
    15ac:	80 93 ad 60 	sts	0x60AD, r24	; 0x8060ad <ISP::_res+0x1>
/Users/askn/Develop/UPDI4AVR-USB/src/isp.cpp:97
      _res[1] = spi_exchange(_cmd[1]);
    15b0:	8a 81       	ldd	r24, Y+2	; 0x02
    15b2:	c7 df       	rcall	.-114    	; 0x1542 <ISP::spi_exchange(unsigned char)>
    15b4:	80 93 ae 60 	sts	0x60AE, r24	; 0x8060ae <ISP::_res+0x2>
/Users/askn/Develop/UPDI4AVR-USB/src/isp.cpp:98
      _res[2] = spi_exchange(_cmd[2]);
    15b8:	8b 81       	ldd	r24, Y+3	; 0x03
    15ba:	c3 df       	rcall	.-122    	; 0x1542 <ISP::spi_exchange(unsigned char)>
    15bc:	80 93 af 60 	sts	0x60AF, r24	; 0x8060af <ISP::_res+0x3>
__iRestore():
    15c0:	1f bf       	out	0x3f, r17	; 63
_ZN3ISP15spi_transactionEPKh():
/Users/askn/Develop/UPDI4AVR-USB/src/isp.cpp:99
      _res[3] = spi_exchange(_cmd[3]);
    15c2:	df 91       	pop	r29
    15c4:	cf 91       	pop	r28
    15c6:	1f 91       	pop	r17
    15c8:	08 95       	ret

000015ca <ISP::write_fuse_byte()>:
_ZN3ISP15write_fuse_byteEv():
    15ca:	8b ed       	ldi	r24, 0xDB	; 219
/Users/askn/Library/Arduino15/packages/MultiX-Zinnia/tools/avr8-gcc/7.3.0-avr8-gnu-toolchain/avr/include/util/atomic.h:70
    (void)__s;
}

static __inline__ void __iRestore(const  uint8_t *__s)
{
    SREG = *__s;
    15cc:	90 e6       	ldi	r25, 0x60	; 96
/Users/askn/Develop/UPDI4AVR-USB/src/isp.cpp:107
    if (bit_is_clear(PGCONF, PGCONF_PGIA_bp)) {
      DPRINTF(" S/"); DPRINTHEX(_cmd, 4, ':');
      DPRINTF(" R/"); DPRINTHEX(_res, 4, ':');
    }
  #endif
  }
    15ce:	d9 df       	rcall	.-78     	; 0x1582 <ISP::spi_transaction(unsigned char const*)>
    15d0:	81 e0       	ldi	r24, 0x01	; 1
    15d2:	90 e0       	ldi	r25, 0x00	; 0
    15d4:	08 95       	ret

000015d6 <ISP::read_fuse_byte()>:
_ZN3ISP14read_fuse_byteEv():
/Users/askn/Develop/UPDI4AVR-USB/src/isp.cpp:286
    return 1;
  }

  size_t write_fuse_byte (void) {
    /* Send FUSE write command. */
    spi_transaction(&packet.out.isp.data[0]);
    15d6:	8c ed       	ldi	r24, 0xDC	; 220
    15d8:	90 e6       	ldi	r25, 0x60	; 96
    15da:	d3 df       	rcall	.-90     	; 0x1582 <ISP::spi_transaction(unsigned char const*)>
    15dc:	a5 ed       	ldi	r26, 0xD5	; 213
/Users/askn/Develop/UPDI4AVR-USB/src/isp.cpp:288
    return 1;
  }
    15de:	b0 e6       	ldi	r27, 0x60	; 96
    15e0:	16 96       	adiw	r26, 0x06	; 6
    15e2:	ec 91       	ld	r30, X
/Users/askn/Develop/UPDI4AVR-USB/src/isp.cpp:113

  // MARK: ISP NVM API

  size_t read_fuse_byte (void) {
    /* Send FUSE read command. */
    spi_transaction(&packet.out.isp.data[1]);
    15e4:	16 97       	sbiw	r26, 0x06	; 6
    15e6:	f0 e0       	ldi	r31, 0x00	; 0
    15e8:	e5 55       	subi	r30, 0x55	; 85
    15ea:	ff 49       	sbci	r31, 0x9F	; 159
/Users/askn/Develop/UPDI4AVR-USB/src/isp.cpp:116

    /* Read and return the value at the specified position. */
    packet.in.isp.data[0] = _res[packet.out.isp.data[0] - 1];
    15ec:	80 81       	ld	r24, Z
    15ee:	17 96       	adiw	r26, 0x07	; 7
    15f0:	8c 93       	st	X, r24
    15f2:	17 97       	sbiw	r26, 0x07	; 7
    15f4:	18 96       	adiw	r26, 0x08	; 8
    15f6:	1c 92       	st	X, r1
    15f8:	82 e0       	ldi	r24, 0x02	; 2
    15fa:	90 e0       	ldi	r25, 0x00	; 0
    15fc:	08 95       	ret

000015fe <USB::setup_device(bool) [clone .part.2]>:
_ZN3USB12setup_deviceEb.part.2():
    15fe:	cf 93       	push	r28
    1600:	df 93       	push	r29
    1602:	c0 e0       	ldi	r28, 0x00	; 0
/Users/askn/Develop/UPDI4AVR-USB/src/isp.cpp:117
    packet.in.isp.data[1] = 0;
    1604:	dc e0       	ldi	r29, 0x0C	; 12
    1606:	18 82       	st	Y, r1
/Users/askn/Develop/UPDI4AVR-USB/src/isp.cpp:119
    return 2;
  }
    1608:	10 92 04 0c 	sts	0x0C04, r1	; 0x800c04 <__TEXT_REGION_LENGTH__+0x7f0c04>
    160c:	8c e7       	ldi	r24, 0x7C	; 124
/Users/askn/Develop/UPDI4AVR-USB/src/usb.cpp:236
    EP_MEM.cci_header.wIndex        = 1;    /* Interface#1 */
    EP_MEM.cci_header.wLength       = 2;
    EP_MEM.cci_wValue               = _state;
  }

  void setup_device (bool _force) {
    160e:	94 e6       	ldi	r25, 0x64	; 100
    1610:	80 93 06 0c 	sts	0x0C06, r24	; 0x800c06 <__TEXT_REGION_LENGTH__+0x7f0c06>
/Users/askn/Develop/UPDI4AVR-USB/src/usb.cpp:240
    if (_led_mode != 3) SYS::LED_Flash();
    USB0_ADDR = 0;
    if (USB0_CTRLA || _force) {
      USB0_CTRLA = 0;
    1614:	90 93 07 0c 	sts	0x0C07, r25	; 0x800c07 <__TEXT_REGION_LENGTH__+0x7f0c07>
/Users/askn/Develop/UPDI4AVR-USB/src/usb.cpp:241
      USB0_FIFOWP = 0;
    1618:	81 e0       	ldi	r24, 0x01	; 1
    161a:	80 93 01 0c 	sts	0x0C01, r24	; 0x800c01 <__TEXT_REGION_LENGTH__+0x7f0c01>
/Users/askn/Develop/UPDI4AVR-USB/src/usb.cpp:242
      USB0_EPPTR = (uint16_t)&EP_TABLE.EP;
    161e:	8e b3       	in	r24, 0x1e	; 30
    1620:	80 7c       	andi	r24, 0xC0	; 192
    1622:	8e bb       	out	0x1e, r24	; 30
    1624:	1f ba       	out	0x1f, r1	; 31
    1626:	1c ba       	out	0x1c, r1	; 28
/Users/askn/Develop/UPDI4AVR-USB/src/usb.cpp:243
      USB0_CTRLB = USB_ATTACH_bm;
    1628:	10 92 71 64 	sts	0x6471, r1	; 0x806471 <_send_break>
    162c:	10 92 72 64 	sts	0x6472, r1	; 0x806472 <_send_break+0x1>
/Users/askn/Develop/UPDI4AVR-USB/src/usb.cpp:244
      GPCONF &= GPCONF_SW0_gm;
    1630:	10 92 70 64 	sts	0x6470, r1	; 0x806470 <_send_count>
/Users/askn/Develop/UPDI4AVR-USB/src/usb.cpp:245
      PGCONF = 0;
    1634:	10 92 6f 64 	sts	0x646F, r1	; 0x80646f <_recv_count>
/Users/askn/Develop/UPDI4AVR-USB/src/usb.cpp:247
      RXSTAT = 0;
      _send_break = 0;
    1638:	10 92 6e 64 	sts	0x646E, r1	; 0x80646e <_set_config>
    163c:	10 92 6d 64 	sts	0x646D, r1	; 0x80646d <_sof_count>
/Users/askn/Develop/UPDI4AVR-USB/src/usb.cpp:248
      _send_count = 0;
    1640:	4a e4       	ldi	r20, 0x4A	; 74
    1642:	50 e0       	ldi	r21, 0x00	; 0
/Users/askn/Develop/UPDI4AVR-USB/src/usb.cpp:249
      _recv_count = 0;
    1644:	62 e0       	ldi	r22, 0x02	; 2
    1646:	72 e0       	ldi	r23, 0x02	; 2
/Users/askn/Develop/UPDI4AVR-USB/src/usb.cpp:250
      _set_config = 0;
    1648:	84 e7       	ldi	r24, 0x74	; 116
    164a:	94 e6       	ldi	r25, 0x64	; 100
/Users/askn/Develop/UPDI4AVR-USB/src/usb.cpp:251
      _sof_count = 0;
    164c:	0e 94 e2 20 	call	0x41c4	; 0x41c4 <memcpy_P>
set_cci_data():
/Users/askn/Develop/UPDI4AVR-USB/src/usb.cpp:252
      memcpy_P(&EP_TABLE, &ep_init, sizeof(EP_TABLE_t));
    1650:	10 92 6c 64 	sts	0x646C, r1	; 0x80646c <_set_serial_state>
    1654:	e4 e5       	ldi	r30, 0x54	; 84
    1656:	f3 e6       	ldi	r31, 0x63	; 99
    1658:	81 ea       	ldi	r24, 0xA1	; 161
    165a:	80 87       	std	Z+8, r24	; 0x08
    165c:	80 e2       	ldi	r24, 0x20	; 32
    165e:	81 87       	std	Z+9, r24	; 0x09
/Users/askn/Develop/UPDI4AVR-USB/src/usb.cpp:227
    if (_size) memcpy_P(_buffer, _pgmem, _size);
    return _size;
  }

  void set_cci_data (uint16_t _state) {
    _set_serial_state = _state;
    1660:	12 86       	std	Z+10, r1	; 0x0a
/Users/askn/Develop/UPDI4AVR-USB/src/usb.cpp:228
    EP_MEM.cci_header.bmRequestType = 0xA1; /* REQTYPE_DIRECTION | REQTYPE_CLASS | RECIPIENT_INTERFACE */
    1662:	13 86       	std	Z+11, r1	; 0x0b
    1664:	81 e0       	ldi	r24, 0x01	; 1
    1666:	90 e0       	ldi	r25, 0x00	; 0
    1668:	84 87       	std	Z+12, r24	; 0x0c
/Users/askn/Develop/UPDI4AVR-USB/src/usb.cpp:229
    EP_MEM.cci_header.bRequest      = 0x20; /* CDC_REQ_SerialState */
    166a:	95 87       	std	Z+13, r25	; 0x0d
    166c:	82 e0       	ldi	r24, 0x02	; 2
/Users/askn/Develop/UPDI4AVR-USB/src/usb.cpp:230
    EP_MEM.cci_header.wValue        = 0;
    166e:	90 e0       	ldi	r25, 0x00	; 0
    1670:	86 87       	std	Z+14, r24	; 0x0e
/Users/askn/Develop/UPDI4AVR-USB/src/usb.cpp:231
    EP_MEM.cci_header.wIndex        = 1;    /* Interface#1 */
    1672:	97 87       	std	Z+15, r25	; 0x0f
    1674:	10 8a       	std	Z+16, r1	; 0x10
    1676:	11 8a       	std	Z+17, r1	; 0x11
_ZN3USB12setup_deviceEb.part.2():
    1678:	83 e8       	ldi	r24, 0x83	; 131
/Users/askn/Develop/UPDI4AVR-USB/src/usb.cpp:232
    EP_MEM.cci_header.wLength       = 2;
    167a:	88 83       	st	Y, r24
    167c:	df 91       	pop	r29
    167e:	cf 91       	pop	r28
    1680:	08 95       	ret

00001682 <USART::disable_vcp() [clone .part.1]>:
_ZN5USART11disable_vcpEv.part.1():
/Users/askn/Develop/UPDI4AVR-USB/src/usb.cpp:233
    EP_MEM.cci_wValue               = _state;
    1682:	8a e1       	ldi	r24, 0x1A	; 26
/Users/askn/Develop/UPDI4AVR-USB/src/usb.cpp:254
      _recv_count = 0;
      _set_config = 0;
      _sof_count = 0;
      memcpy_P(&EP_TABLE, &ep_init, sizeof(EP_TABLE_t));
      set_cci_data(0x00);
      USB0_CTRLA = USB_ENABLE_bm | (USB_ENDPOINTS_MAX - 1);
    1684:	8a 95       	dec	r24
    1686:	f1 f7       	brne	.-4      	; 0x1684 <USART::disable_vcp() [clone .part.1]+0x2>
/Users/askn/Develop/UPDI4AVR-USB/src/usb.cpp:256
    }
  }
    1688:	00 c0       	rjmp	.+0      	; 0x168a <USART::disable_vcp() [clone .part.1]+0x8>
    168a:	8f b7       	in	r24, 0x3f	; 63
__iCliRetVal():
    168c:	f8 94       	cli
_ZN5USART11disable_vcpEv.part.1():
/Users/askn/Library/Arduino15/packages/MultiX-Zinnia/hardware/modernAVR/0.4.10/cores/modernAVR/api/delay_busywait.h:33
static __inline__ __attribute__((__always_inline__)) void delay_micros (uint32_t _us);
static __inline__ __attribute__((__always_inline__)) void delay_millis (uint32_t _ms);

void delay_micros (uint32_t _us) {
  if (F_CPU >= 1000000L) {
    __builtin_avr_delay_cycles((F_CPU / 1000000L) * _us);
    168e:	10 92 06 08 	sts	0x0806, r1	; 0x800806 <__TEXT_REGION_LENGTH__+0x7f0806>
    1692:	10 92 05 08 	sts	0x0805, r1	; 0x800805 <__TEXT_REGION_LENGTH__+0x7f0805>
/Users/askn/Develop/UPDI4AVR-USB/src/usart.cpp:74
  void disable_vcp (void) {
    if (USART0_CTRLB) {
      // D1PRINTF(" VCP=OFF\r\n");
      /* Allow time to move USART0_TXDATA */
      delay_micros(4);
      ATOMIC_BLOCK(ATOMIC_RESTORESTATE) {
    1696:	1c ba       	out	0x1c, r1	; 28
/Users/askn/Library/Arduino15/packages/MultiX-Zinnia/tools/avr8-gcc/7.3.0-avr8-gnu-toolchain/avr/include/util/atomic.h:50
    return 1;
}

static __inline__ uint8_t __iCliRetVal(void)
{
    cli();
    1698:	1d ba       	out	0x1d, r1	; 29
/Users/askn/Develop/UPDI4AVR-USB/src/usart.cpp:77
        /* Simply clearing the CTRLB does not disable the USART completely.                    */
        /* This errata is not documented for the AVR-DU, but is the same as for tinyAVR-0 etc. */
        USART0_CTRLB = 0;
    169a:	95 e1       	ldi	r25, 0x15	; 21
    169c:	90 93 e2 05 	sts	0x05E2, r25	; 0x8005e2 <__TEXT_REGION_LENGTH__+0x7f05e2>
/Users/askn/Develop/UPDI4AVR-USB/src/usart.cpp:78
        USART0_CTRLA = 0;
    16a0:	f1 98       	cbi	0x1e, 1	; 30
__iRestore():
/Users/askn/Develop/UPDI4AVR-USB/src/usart.cpp:79
        RXSTAT = 0;
    16a2:	8f bf       	out	0x3f, r24	; 63
_ZN5USART11disable_vcpEv.part.1():
/Users/askn/Develop/UPDI4AVR-USB/src/usart.cpp:80
        RXDATA = 0;
    16a4:	88 e0       	ldi	r24, 0x08	; 8
/Users/askn/Develop/UPDI4AVR-USB/src/usart.cpp:81
        PORTMUX_USARTROUTEA = PORTMUX_USART_NONE;
    16a6:	80 93 12 04 	sts	0x0412, r24	; 0x800412 <__TEXT_REGION_LENGTH__+0x7f0412>
    16aa:	02 98       	cbi	0x00, 2	; 0
/Users/askn/Develop/UPDI4AVR-USB/src/usart.cpp:82
        bit_clear(GPCONF, GPCONF_VCP_bp);
    16ac:	03 98       	cbi	0x00, 3	; 0
/Users/askn/Library/Arduino15/packages/MultiX-Zinnia/tools/avr8-gcc/7.3.0-avr8-gnu-toolchain/avr/include/util/atomic.h:70
    (void)__s;
}

static __inline__ void __iRestore(const  uint8_t *__s)
{
    SREG = *__s;
    16ae:	08 95       	ret

000016b0 <USART::setup()>:
_ZN5USART5setupEv():
/Users/askn/Develop/UPDI4AVR-USB/src/usart.cpp:84
      }
      pinControlRegister(PIN_VCP_TXD) = PORT_PULLUPEN_bm;
    16b0:	80 91 50 63 	lds	r24, 0x6350	; 0x806350 <_led_mode>
    16b4:	84 30       	cpi	r24, 0x04	; 4
/Users/askn/Develop/UPDI4AVR-USB/src/usart.cpp:85
      pinLogicOpen(PIN_VCP_TXD);
    16b6:	b1 f0       	breq	.+44     	; 0x16e4 <USART::setup()+0x34>
/Users/askn/Develop/UPDI4AVR-USB/src/usart.cpp:86
      pinLogicOpen(PIN_VCP_RXD);
    16b8:	10 92 2a 0a 	sts	0x0A2A, r1	; 0x800a2a <__TEXT_REGION_LENGTH__+0x7f0a2a>
/Users/askn/Develop/UPDI4AVR-USB/src/sys.cpp:195

  WEAK void LED_TM (uint8_t _mode, uint16_t _ccmp) {
    if (_led_mode != _mode) {
    16bc:	8f e0       	ldi	r24, 0x0F	; 15
    16be:	80 93 00 0a 	sts	0x0A00, r24	; 0x800a00 <__TEXT_REGION_LENGTH__+0x7f0a00>
    16c2:	24 e0       	ldi	r18, 0x04	; 4
/Users/askn/Develop/UPDI4AVR-USB/src/sys.cpp:197
      D1PRINTF(" LED=%d\r\n", _mode);
      TCA0_SPLIT_LCMP1 = 0;             /* turn off TCA0_WO1 */
    16c4:	30 e0       	ldi	r19, 0x00	; 0
    16c6:	20 93 0a 0b 	sts	0x0B0A, r18	; 0x800b0a <__TEXT_REGION_LENGTH__+0x7f0b0a>
/Users/askn/Develop/UPDI4AVR-USB/src/sys.cpp:198
      TCA0_SPLIT_CTRLA = TCA_SPLIT_ENABLE_bm | TCA_SPLIT_CLKSEL_DIV1024_gc;
    16ca:	30 93 0b 0b 	sts	0x0B0B, r19	; 0x800b0b <__TEXT_REGION_LENGTH__+0x7f0b0b>
/Users/askn/Develop/UPDI4AVR-USB/src/sys.cpp:199
      TCB0_CNT   = (_ccmp >> 1) - 2;
    16ce:	9c e0       	ldi	r25, 0x0C	; 12
    16d0:	90 93 0c 0b 	sts	0x0B0C, r25	; 0x800b0c <__TEXT_REGION_LENGTH__+0x7f0b0c>
    16d4:	96 e0       	ldi	r25, 0x06	; 6
    16d6:	90 93 0d 0b 	sts	0x0B0D, r25	; 0x800b0d <__TEXT_REGION_LENGTH__+0x7f0b0d>
/Users/askn/Develop/UPDI4AVR-USB/src/sys.cpp:200
      TCB0_CCMPL = _ccmp;
    16da:	80 93 00 0b 	sts	0x0B00, r24	; 0x800b00 <__TEXT_REGION_LENGTH__+0x7f0b00>
    16de:	84 e0       	ldi	r24, 0x04	; 4
/Users/askn/Develop/UPDI4AVR-USB/src/sys.cpp:201
      TCB0_CCMPH = _ccmp >> 1;          /* compare TCB0_WO */
    16e0:	80 93 50 63 	sts	0x6350, r24	; 0x806350 <_led_mode>
disable_vcp():
    16e4:	80 91 06 08 	lds	r24, 0x0806	; 0x800806 <__TEXT_REGION_LENGTH__+0x7f0806>
/Users/askn/Develop/UPDI4AVR-USB/src/sys.cpp:202
      TCB0_CTRLA = TCB_ENABLE_bm | TCB_CLKSEL_EVENT_gc;
    16e8:	81 11       	cpse	r24, r1
/Users/askn/Develop/UPDI4AVR-USB/src/sys.cpp:203
      _led_mode = _mode;
    16ea:	cb df       	rcall	.-106    	; 0x1682 <USART::disable_vcp() [clone .part.1]>
_ZN5USART5setupEv():
    16ec:	00 98       	cbi	0x00, 0	; 0
    16ee:	01 98       	cbi	0x00, 1	; 0
/Users/askn/Develop/UPDI4AVR-USB/src/usart.cpp:70
    } while (--_delay);
  }

  /*** Stop the VCP and release the ports in use. ***/
  void disable_vcp (void) {
    if (USART0_CTRLB) {
    16f0:	02 98       	cbi	0x00, 2	; 0
    16f2:	80 91 51 63 	lds	r24, 0x6351	; 0x806351 <_jtag_arch>
    16f6:	83 30       	cpi	r24, 0x03	; 3
    16f8:	19 f4       	brne	.+6      	; 0x1700 <USART::setup()+0x50>
/Users/askn/Develop/UPDI4AVR-USB/src/usart.cpp:27
namespace USART {

  void setup (void) {
    SYS::LED_Fast();
    disable_vcp();
    pinLogicOpen(PIN_PGM_TDAT);
    16fa:	04 9a       	sbi	0x00, 4	; 0
/Users/askn/Develop/UPDI4AVR-USB/src/usart.cpp:28
    pinLogicOpen(PIN_PGM_TRST);
    16fc:	06 98       	cbi	0x00, 6	; 0
/Users/askn/Develop/UPDI4AVR-USB/src/usart.cpp:29
    pinLogicOpen(PIN_PGM_TCLK);
    16fe:	08 95       	ret
/Users/askn/Develop/UPDI4AVR-USB/src/usart.cpp:31
  #ifdef CONFIG_PGM_PDI_ENABLE
    if (_jtag_arch == 3) {
    1700:	04 98       	cbi	0x00, 4	; 0
    1702:	fc cf       	rjmp	.-8      	; 0x16fc <USART::setup()+0x4c>

00001704 <UPDI::sys_wait_clear(unsigned char)>:
_ZN4UPDI14sys_wait_clearEh():
    1704:	cf 93       	push	r28
    1706:	df 93       	push	r29
delay_micros():
/Users/askn/Develop/UPDI4AVR-USB/src/usart.cpp:32
      pinLogicPull(PIN_PGM_PDAT);
    1708:	e2 e1       	ldi	r30, 0x12	; 18
/Users/askn/Develop/UPDI4AVR-USB/src/usart.cpp:37
    }
    else {
      pinLogicOpen(PIN_PGM_PDAT);
    }
    pinLogicOpen(PIN_PGM_PCLK);
    170a:	f1 e0       	ldi	r31, 0x01	; 1
/Users/askn/Develop/UPDI4AVR-USB/src/usart.cpp:39
  #endif
  }
    170c:	31 97       	sbiw	r30, 0x01	; 1
/Users/askn/Develop/UPDI4AVR-USB/src/usart.cpp:35
  #ifdef CONFIG_PGM_PDI_ENABLE
    if (_jtag_arch == 3) {
      pinLogicPull(PIN_PGM_PDAT);
    }
    else {
      pinLogicOpen(PIN_PGM_PDAT);
    170e:	f1 f7       	brne	.-4      	; 0x170c <UPDI::sys_wait_clear(unsigned char)+0x8>
    1710:	00 c0       	rjmp	.+0      	; 0x1712 <UPDI::sys_wait_clear(unsigned char)+0xe>
/Users/askn/Develop/UPDI4AVR-USB/src/updi.cpp:255
      sys_status();
    } while (bit_is_clear(RXDATA, _bit));
    return true;
  }

  bool sys_wait_clear (uint8_t _bit) {
    1712:	00 00       	nop
    1714:	c1 e0       	ldi	r28, 0x01	; 1
/Users/askn/Library/Arduino15/packages/MultiX-Zinnia/hardware/modernAVR/0.4.10/cores/modernAVR/api/delay_busywait.h:33
    1716:	d0 e0       	ldi	r29, 0x00	; 0
    1718:	02 c0       	rjmp	.+4      	; 0x171e <UPDI::sys_wait_clear(unsigned char)+0x1a>
    171a:	cc 0f       	add	r28, r28
    171c:	dd 1f       	adc	r29, r29
    171e:	8a 95       	dec	r24
    1720:	e2 f7       	brpl	.-8      	; 0x171a <UPDI::sys_wait_clear(unsigned char)+0x16>
_ZN4UPDI14sys_wait_clearEh():
    1722:	0e 94 b7 02 	call	0x56e	; 0x56e <UPDI::sys_status()>
    1726:	8d b3       	in	r24, 0x1d	; 29
    1728:	90 e0       	ldi	r25, 0x00	; 0
    172a:	8c 23       	and	r24, r28
    172c:	9d 23       	and	r25, r29
/Users/askn/Develop/UPDI4AVR-USB/src/updi.cpp:258
    SYS::delay_55us();
    do {
      sys_status();
    172e:	89 2b       	or	r24, r25
    1730:	c1 f7       	brne	.-16     	; 0x1722 <UPDI::sys_wait_clear(unsigned char)+0x1e>
/Users/askn/Develop/UPDI4AVR-USB/src/updi.cpp:259
    } while (bit_is_set(RXDATA, _bit));
    1732:	81 e0       	ldi	r24, 0x01	; 1
    1734:	df 91       	pop	r29
    1736:	cf 91       	pop	r28
    1738:	08 95       	ret

0000173a <UPDI::sys_wait_set(unsigned char)>:
_ZN4UPDI12sys_wait_setEh():
    173a:	cf 93       	push	r28
    173c:	df 93       	push	r29
delay_micros():
/Users/askn/Develop/UPDI4AVR-USB/src/updi.cpp:261
    return true;
  }
    173e:	e2 e1       	ldi	r30, 0x12	; 18
    1740:	f1 e0       	ldi	r31, 0x01	; 1
    1742:	31 97       	sbiw	r30, 0x01	; 1
/Users/askn/Develop/UPDI4AVR-USB/src/updi.cpp:247
      key_status();
    } while (bit_is_set(RXDATA, _bit));
    return true;
  }

  bool sys_wait_set (uint8_t _bit) {
    1744:	f1 f7       	brne	.-4      	; 0x1742 <UPDI::sys_wait_set(unsigned char)+0x8>
    1746:	00 c0       	rjmp	.+0      	; 0x1748 <UPDI::sys_wait_set(unsigned char)+0xe>
/Users/askn/Library/Arduino15/packages/MultiX-Zinnia/hardware/modernAVR/0.4.10/cores/modernAVR/api/delay_busywait.h:33
    1748:	00 00       	nop
    174a:	c1 e0       	ldi	r28, 0x01	; 1
    174c:	d0 e0       	ldi	r29, 0x00	; 0
    174e:	02 c0       	rjmp	.+4      	; 0x1754 <UPDI::sys_wait_set(unsigned char)+0x1a>
    1750:	cc 0f       	add	r28, r28
    1752:	dd 1f       	adc	r29, r29
    1754:	8a 95       	dec	r24
    1756:	e2 f7       	brpl	.-8      	; 0x1750 <UPDI::sys_wait_set(unsigned char)+0x16>
_ZN4UPDI12sys_wait_setEh():
    1758:	0e 94 b7 02 	call	0x56e	; 0x56e <UPDI::sys_status()>
    175c:	8d b3       	in	r24, 0x1d	; 29
    175e:	90 e0       	ldi	r25, 0x00	; 0
    1760:	8c 23       	and	r24, r28
/Users/askn/Develop/UPDI4AVR-USB/src/updi.cpp:250
    SYS::delay_55us();
    do {
      sys_status();
    1762:	9d 23       	and	r25, r29
    1764:	89 2b       	or	r24, r25
/Users/askn/Develop/UPDI4AVR-USB/src/updi.cpp:251
    } while (bit_is_clear(RXDATA, _bit));
    1766:	c1 f3       	breq	.-16     	; 0x1758 <UPDI::sys_wait_set(unsigned char)+0x1e>
    1768:	81 e0       	ldi	r24, 0x01	; 1
    176a:	df 91       	pop	r29
    176c:	cf 91       	pop	r28
    176e:	08 95       	ret

00001770 <UPDI::key_wait_set(unsigned char)>:
_ZN4UPDI12key_wait_setEh():
/Users/askn/Develop/UPDI4AVR-USB/src/updi.cpp:253
    return true;
  }
    1770:	cf 93       	push	r28
    1772:	df 93       	push	r29
delay_micros():
    1774:	e2 e1       	ldi	r30, 0x12	; 18
    1776:	f1 e0       	ldi	r31, 0x01	; 1
/Users/askn/Develop/UPDI4AVR-USB/src/updi.cpp:231
  bool sys_status (void) {
    const static uint8_t _sys_stat[] = {0x55, 0x8B};
    return send_bytes(_sys_stat, 2) && recv();
  }

  bool key_wait_set (uint8_t _bit) {
    1778:	31 97       	sbiw	r30, 0x01	; 1
    177a:	f1 f7       	brne	.-4      	; 0x1778 <UPDI::key_wait_set(unsigned char)+0x8>
/Users/askn/Library/Arduino15/packages/MultiX-Zinnia/hardware/modernAVR/0.4.10/cores/modernAVR/api/delay_busywait.h:33
    177c:	00 c0       	rjmp	.+0      	; 0x177e <UPDI::key_wait_set(unsigned char)+0xe>
    177e:	00 00       	nop
    1780:	c1 e0       	ldi	r28, 0x01	; 1
    1782:	d0 e0       	ldi	r29, 0x00	; 0
    1784:	02 c0       	rjmp	.+4      	; 0x178a <UPDI::key_wait_set(unsigned char)+0x1a>
    1786:	cc 0f       	add	r28, r28
    1788:	dd 1f       	adc	r29, r29
    178a:	8a 95       	dec	r24
    178c:	e2 f7       	brpl	.-8      	; 0x1786 <UPDI::key_wait_set(unsigned char)+0x16>
_ZN4UPDI12key_wait_setEh():
    178e:	0e 94 c0 02 	call	0x580	; 0x580 <UPDI::key_status()>
    1792:	8d b3       	in	r24, 0x1d	; 29
/Users/askn/Develop/UPDI4AVR-USB/src/updi.cpp:234
    SYS::delay_55us();
    do {
      key_status();
    1794:	90 e0       	ldi	r25, 0x00	; 0
    1796:	8c 23       	and	r24, r28
/Users/askn/Develop/UPDI4AVR-USB/src/updi.cpp:235
    } while (bit_is_clear(RXDATA, _bit));
    1798:	9d 23       	and	r25, r29
    179a:	89 2b       	or	r24, r25
    179c:	c1 f3       	breq	.-16     	; 0x178e <UPDI::key_wait_set(unsigned char)+0x1e>
    179e:	81 e0       	ldi	r24, 0x01	; 1
    17a0:	df 91       	pop	r29
/Users/askn/Develop/UPDI4AVR-USB/src/updi.cpp:237
    return true;
  }
    17a2:	cf 91       	pop	r28
    17a4:	08 95       	ret

000017a6 <UPDI::set_nvmprog_key(bool)>:
_ZN4UPDI15set_nvmprog_keyEb():
    17a6:	cf 93       	push	r28
    17a8:	c8 2f       	mov	r28, r24
/Users/askn/Develop/UPDI4AVR-USB/src/updi.cpp:263
      sys_status();
    } while (bit_is_set(RXDATA, _bit));
    return true;
  }

  bool set_nvmprog_key (bool _reset = true) {
    17aa:	6a e0       	ldi	r22, 0x0A	; 10
    17ac:	70 e0       	ldi	r23, 0x00	; 0
/Users/askn/Develop/UPDI4AVR-USB/src/updi.cpp:265
    D1PRINTF(" PROG_KEY=");   /* wait set NVMPROG */
    if (!send_bytes(nvmprog_key, sizeof(nvmprog_key)) || !key_wait_set(4)) return false;
    17ae:	83 e6       	ldi	r24, 0x63	; 99
    17b0:	90 e6       	ldi	r25, 0x60	; 96
    17b2:	0e 94 9d 02 	call	0x53a	; 0x53a <UPDI::send_bytes(unsigned char const*, unsigned int)>
    17b6:	81 11       	cpse	r24, r1
    17b8:	03 c0       	rjmp	.+6      	; 0x17c0 <UPDI::set_nvmprog_key(bool)+0x1a>
    17ba:	80 e0       	ldi	r24, 0x00	; 0
    17bc:	cf 91       	pop	r28
    17be:	08 95       	ret
/Users/askn/Develop/UPDI4AVR-USB/src/updi.cpp:267
    return _reset ? sys_reset(false) : true;
  }
    17c0:	84 e0       	ldi	r24, 0x04	; 4
    17c2:	d6 df       	rcall	.-84     	; 0x1770 <UPDI::key_wait_set(unsigned char)>
/Users/askn/Develop/UPDI4AVR-USB/src/updi.cpp:265
    return true;
  }

  bool set_nvmprog_key (bool _reset = true) {
    D1PRINTF(" PROG_KEY=");   /* wait set NVMPROG */
    if (!send_bytes(nvmprog_key, sizeof(nvmprog_key)) || !key_wait_set(4)) return false;
    17c4:	88 23       	and	r24, r24
    17c6:	c9 f3       	breq	.-14     	; 0x17ba <UPDI::set_nvmprog_key(bool)+0x14>
    17c8:	cc 23       	and	r28, r28
    17ca:	c1 f3       	breq	.-16     	; 0x17bc <UPDI::set_nvmprog_key(bool)+0x16>
sys_reset():
/Users/askn/Develop/UPDI4AVR-USB/src/updi.cpp:266
    return _reset ? sys_reset(false) : true;
    17cc:	66 e0       	ldi	r22, 0x06	; 6
    17ce:	70 e0       	ldi	r23, 0x00	; 0
/Users/askn/Develop/UPDI4AVR-USB/src/updi.cpp:134
    const static uint8_t _reset[] = {
      0x55, 0xC8, 0x59, /* SYSRST */
      0x55, 0xC8, 0x00, /* SYSRUN */
      0x55, 0xC3, 0x04  /* UPDIDIS */
    };
    return send_bytes(_reset, _leave ? 9 : 6);
    17d0:	87 e9       	ldi	r24, 0x97	; 151
    17d2:	90 e6       	ldi	r25, 0x60	; 96
_ZN4UPDI15set_nvmprog_keyEb():
    17d4:	cf 91       	pop	r28
sys_reset():
    17d6:	0c 94 9d 02 	jmp	0x53a	; 0x53a <UPDI::send_bytes(unsigned char const*, unsigned int)>

000017da <UPDI::enter_progmode()>:
_ZN4UPDI14enter_progmodeEv():
    17da:	f9 9b       	sbis	0x1f, 1	; 31
    17dc:	03 c0       	rjmp	.+6      	; 0x17e4 <UPDI::enter_progmode()+0xa>
/Users/askn/Develop/UPDI4AVR-USB/src/updi.cpp:468
  inline size_t disconnect (void) {
    return sys_reset(true);
  }

  size_t enter_progmode (void) {
    if (bit_is_set(PGCONF, PGCONF_PROG_bp)) return 1;
    17de:	81 e0       	ldi	r24, 0x01	; 1
    17e0:	90 e0       	ldi	r25, 0x00	; 0
/Users/askn/Develop/UPDI4AVR-USB/src/updi.cpp:477

    /* Verify that the NVMPROG bit is cleared. */
    /* A locked device does not have LOCKSTATUS cleared. */
    if (key_wait_clear(4) && sys_status() && bit_is_clear(RXDATA, 0)) {
      bit_set(PGCONF, PGCONF_PROG_bp);
      (*Command_Table.prog_init)();
    17e2:	08 95       	ret
    17e4:	81 e0       	ldi	r24, 0x01	; 1
    17e6:	df df       	rcall	.-66     	; 0x17a6 <UPDI::set_nvmprog_key(bool)>
/Users/askn/Develop/UPDI4AVR-USB/src/updi.cpp:471

  size_t enter_progmode (void) {
    if (bit_is_set(PGCONF, PGCONF_PROG_bp)) return 1;

    /* Enter NVMPROGKEY. */
    if (!set_nvmprog_key()) return 0;
    17e8:	88 23       	and	r24, r24
    17ea:	b9 f0       	breq	.+46     	; 0x181a <UPDI::enter_progmode()+0x40>
delay_micros():
    17ec:	82 e1       	ldi	r24, 0x12	; 18
    17ee:	91 e0       	ldi	r25, 0x01	; 1
    17f0:	01 97       	sbiw	r24, 0x01	; 1
/Users/askn/Library/Arduino15/packages/MultiX-Zinnia/hardware/modernAVR/0.4.10/cores/modernAVR/api/delay_busywait.h:33
    17f2:	f1 f7       	brne	.-4      	; 0x17f0 <UPDI::enter_progmode()+0x16>
    17f4:	00 c0       	rjmp	.+0      	; 0x17f6 <UPDI::enter_progmode()+0x1c>
    17f6:	00 00       	nop
key_wait_clear():
    17f8:	0e 94 c0 02 	call	0x580	; 0x580 <UPDI::key_status()>
    17fc:	ec 99       	sbic	0x1d, 4	; 29
/Users/askn/Develop/UPDI4AVR-USB/src/updi.cpp:242
  }

  bool key_wait_clear (uint8_t _bit) {
    SYS::delay_55us();
    do {
      key_status();
    17fe:	fc cf       	rjmp	.-8      	; 0x17f8 <UPDI::enter_progmode()+0x1e>
_ZN4UPDI14enter_progmodeEv():
    1800:	0e 94 b7 02 	call	0x56e	; 0x56e <UPDI::sys_status()>
/Users/askn/Develop/UPDI4AVR-USB/src/updi.cpp:243
    } while (bit_is_set(RXDATA, _bit));
    1804:	88 23       	and	r24, r24
/Users/askn/Develop/UPDI4AVR-USB/src/updi.cpp:475
    /* Enter NVMPROGKEY. */
    if (!set_nvmprog_key()) return 0;

    /* Verify that the NVMPROG bit is cleared. */
    /* A locked device does not have LOCKSTATUS cleared. */
    if (key_wait_clear(4) && sys_status() && bit_is_clear(RXDATA, 0)) {
    1806:	59 f3       	breq	.-42     	; 0x17de <UPDI::enter_progmode()+0x4>
    1808:	e8 99       	sbic	0x1d, 0	; 29
    180a:	e9 cf       	rjmp	.-46     	; 0x17de <UPDI::enter_progmode()+0x4>
    180c:	f9 9a       	sbi	0x1f, 1	; 31
    180e:	e0 91 48 63 	lds	r30, 0x6348	; 0x806348 <Command_Table>
/Users/askn/Develop/UPDI4AVR-USB/src/updi.cpp:476
      bit_set(PGCONF, PGCONF_PROG_bp);
    1812:	f0 91 49 63 	lds	r31, 0x6349	; 0x806349 <Command_Table+0x1>
/Users/askn/Develop/UPDI4AVR-USB/src/updi.cpp:477
      (*Command_Table.prog_init)();
    1816:	09 95       	icall
    1818:	e2 cf       	rjmp	.-60     	; 0x17de <UPDI::enter_progmode()+0x4>
    181a:	90 e0       	ldi	r25, 0x00	; 0
    181c:	80 e0       	ldi	r24, 0x00	; 0
    181e:	08 95       	ret

00001820 <UPDI::write_userrow()>:
_ZN4UPDI13write_userrowEv():
/Users/askn/Develop/UPDI4AVR-USB/src/updi.cpp:471

  size_t enter_progmode (void) {
    if (bit_is_set(PGCONF, PGCONF_PROG_bp)) return 1;

    /* Enter NVMPROGKEY. */
    if (!set_nvmprog_key()) return 0;
    1820:	cf 92       	push	r12
    1822:	df 92       	push	r13
/Users/askn/Develop/UPDI4AVR-USB/src/updi.cpp:483
    }
    D1PRINTF("%02X\r\n", RXDATA);

    /* In either case it returns success. */
    return 1;
  }
    1824:	ef 92       	push	r14
/Users/askn/Develop/UPDI4AVR-USB/src/updi.cpp:309
  /*
   * Use the UPDI ACC to write to the USERROW of the locked chip.
   * The write start address should match the USERROW address.
   * The write length should match the USERROW field.
   */
  bool write_userrow (void) {
    1826:	ff 92       	push	r15
    1828:	cf 93       	push	r28
    182a:	df 93       	push	r29
    182c:	f8 99       	sbic	0x1f, 0	; 31
    182e:	09 c0       	rjmp	.+18     	; 0x1842 <UPDI::write_userrow()+0x22>
    1830:	c0 e0       	ldi	r28, 0x00	; 0
/Users/askn/Develop/UPDI4AVR-USB/src/updi.cpp:318
    uint32_t _dwAddr = packet.out.dwAddr;
    size_t  _wLength = packet.out.dwLength;
    if (bit_is_clear(PGCONF, PGCONF_PGIA_bp)
     || m_type != 0xC5
     || _wLength != Device_Descriptor.UPDI.user_sig_bytes
     || (uint16_t)_dwAddr != Device_Descriptor.UPDI.user_sig_base) return false;
    1832:	8c 2f       	mov	r24, r28
    1834:	df 91       	pop	r29
    1836:	cf 91       	pop	r28
/Users/askn/Develop/UPDI4AVR-USB/src/updi.cpp:339
      sys_wait_set(3);    /* wait set PROGSTART */
      D1PRINTF(" RE_PROGSTART=%02X\r\n", RXDATA);
      return true;
    }
    else return sys_reset(false);
  }
    1838:	ff 90       	pop	r15
    183a:	ef 90       	pop	r14
    183c:	df 90       	pop	r13
    183e:	cf 90       	pop	r12
    1840:	08 95       	ret
    1842:	80 91 dc 60 	lds	r24, 0x60DC	; 0x8060dc <packet+0x7>
/Users/askn/Develop/UPDI4AVR-USB/src/updi.cpp:316
    const static uint8_t _urowstop[] = { 0x55, 0xC7, 0x20 };  /* ASI_KEY_STATUS <= UROWWR */
    uint8_t   m_type = packet.out.bMType;
    uint32_t _dwAddr = packet.out.dwAddr;
    size_t  _wLength = packet.out.dwLength;
    if (bit_is_clear(PGCONF, PGCONF_PGIA_bp)
     || m_type != 0xC5
    1846:	85 3c       	cpi	r24, 0xC5	; 197
    1848:	99 f7       	brne	.-26     	; 0x1830 <UPDI::write_userrow()+0x10>
    184a:	c0 91 0b 63 	lds	r28, 0x630B	; 0x80630b <Device_Descriptor+0x18>
/Users/askn/Develop/UPDI4AVR-USB/src/updi.cpp:317
     || _wLength != Device_Descriptor.UPDI.user_sig_bytes
    184e:	d0 91 0c 63 	lds	r29, 0x630C	; 0x80630c <Device_Descriptor+0x19>
    1852:	80 91 e1 60 	lds	r24, 0x60E1	; 0x8060e1 <packet+0xc>
    1856:	90 91 e2 60 	lds	r25, 0x60E2	; 0x8060e2 <packet+0xd>
    185a:	c8 17       	cp	r28, r24
    185c:	d9 07       	cpc	r29, r25
    185e:	41 f7       	brne	.-48     	; 0x1830 <UPDI::write_userrow()+0x10>
    1860:	c0 90 dd 60 	lds	r12, 0x60DD	; 0x8060dd <packet+0x8>
/Users/askn/Develop/UPDI4AVR-USB/src/updi.cpp:313
   */
  bool write_userrow (void) {
    const static uint8_t _urowdone[] = { 0x55, 0xCA, 0x03 };  /* ASI_SYS_CTRLA <= UROWDONE|CLKREQ */
    const static uint8_t _urowstop[] = { 0x55, 0xC7, 0x20 };  /* ASI_KEY_STATUS <= UROWWR */
    uint8_t   m_type = packet.out.bMType;
    uint32_t _dwAddr = packet.out.dwAddr;
    1864:	d0 90 de 60 	lds	r13, 0x60DE	; 0x8060de <packet+0x9>
    1868:	e0 90 df 60 	lds	r14, 0x60DF	; 0x8060df <packet+0xa>
    186c:	f0 90 e0 60 	lds	r15, 0x60E0	; 0x8060e0 <packet+0xb>
    1870:	80 91 15 63 	lds	r24, 0x6315	; 0x806315 <Device_Descriptor+0x22>
/Users/askn/Develop/UPDI4AVR-USB/src/updi.cpp:318
    size_t  _wLength = packet.out.dwLength;
    if (bit_is_clear(PGCONF, PGCONF_PGIA_bp)
     || m_type != 0xC5
     || _wLength != Device_Descriptor.UPDI.user_sig_bytes
     || (uint16_t)_dwAddr != Device_Descriptor.UPDI.user_sig_base) return false;
    1874:	90 91 16 63 	lds	r25, 0x6316	; 0x806316 <Device_Descriptor+0x23>
    1878:	8c 15       	cp	r24, r12
    187a:	9d 05       	cpc	r25, r13
    187c:	c9 f6       	brne	.-78     	; 0x1830 <UPDI::write_userrow()+0x10>
    187e:	0e 94 56 01 	call	0x2ac	; 0x2ac <USART::drain(unsigned int) [clone .constprop.10]>
set_urowwrite_key():
/Users/askn/Develop/UPDI4AVR-USB/src/updi.cpp:319
    USART::drain();
    1882:	6a e0       	ldi	r22, 0x0A	; 10
    1884:	70 e0       	ldi	r23, 0x00	; 0
/Users/askn/Develop/UPDI4AVR-USB/src/updi.cpp:278
    return sys_reset(false);
  }

  bool set_urowwrite_key (void) {
    D1PRINTF(" UROW_KEY=");   /* wait set UROWWRITE */
    if (!send_bytes(urowwrite_key, sizeof(urowwrite_key)) || !key_wait_set(5)) return false;
    1886:	87 e7       	ldi	r24, 0x77	; 119
    1888:	90 e6       	ldi	r25, 0x60	; 96
    188a:	0e 94 9d 02 	call	0x53a	; 0x53a <UPDI::send_bytes(unsigned char const*, unsigned int)>
    188e:	88 23       	and	r24, r24
    1890:	79 f2       	breq	.-98     	; 0x1830 <UPDI::write_userrow()+0x10>
    1892:	85 e0       	ldi	r24, 0x05	; 5
    1894:	6d df       	rcall	.-294    	; 0x1770 <UPDI::key_wait_set(unsigned char)>
    1896:	88 23       	and	r24, r24
    1898:	59 f2       	breq	.-106    	; 0x1830 <UPDI::write_userrow()+0x10>
sys_reset():
    189a:	66 e0       	ldi	r22, 0x06	; 6
    189c:	70 e0       	ldi	r23, 0x00	; 0
/Users/askn/Develop/UPDI4AVR-USB/src/updi.cpp:134
    const static uint8_t _reset[] = {
      0x55, 0xC8, 0x59, /* SYSRST */
      0x55, 0xC8, 0x00, /* SYSRUN */
      0x55, 0xC3, 0x04  /* UPDIDIS */
    };
    return send_bytes(_reset, _leave ? 9 : 6);
    189e:	87 e9       	ldi	r24, 0x97	; 151
    18a0:	90 e6       	ldi	r25, 0x60	; 96
    18a2:	0e 94 9d 02 	call	0x53a	; 0x53a <UPDI::send_bytes(unsigned char const*, unsigned int)>
_ZN4UPDI13write_userrowEv():
    18a6:	88 23       	and	r24, r24
/Users/askn/Develop/UPDI4AVR-USB/src/updi.cpp:322
     || _wLength != Device_Descriptor.UPDI.user_sig_bytes
     || (uint16_t)_dwAddr != Device_Descriptor.UPDI.user_sig_base) return false;
    USART::drain();
    D1PRINTF(" ENTER_UROW=%04lX:%04X\r\n", _dwAddr, _wLength);
    DFLUSH();
    if (!set_urowwrite_key()) return false;
    18a8:	19 f2       	breq	.-122    	; 0x1830 <UPDI::write_userrow()+0x10>
    18aa:	82 e0       	ldi	r24, 0x02	; 2
/Users/askn/Develop/UPDI4AVR-USB/src/updi.cpp:323
    sys_wait_set(2);      /* wait set UROWPROG */
    18ac:	46 df       	rcall	.-372    	; 0x173a <UPDI::sys_wait_set(unsigned char)>
    18ae:	ae 01       	movw	r20, r28
    18b0:	c7 01       	movw	r24, r14
/Users/askn/Develop/UPDI4AVR-USB/src/updi.cpp:326
    D1PRINTF("<SYS:%02X:%d>\r\n", RXDATA, bit_is_clear(RXDATA, 2));
    DFLUSH();
    send_words_block(_dwAddr, _wLength);
    18b2:	b6 01       	movw	r22, r12
    18b4:	0e 94 e3 02 	call	0x5c6	; 0x5c6 <UPDI::send_words_block(unsigned long, unsigned int)>
delay_micros():
    18b8:	83 ef       	ldi	r24, 0xF3	; 243
    18ba:	91 e0       	ldi	r25, 0x01	; 1
/Users/askn/Library/Arduino15/packages/MultiX-Zinnia/hardware/modernAVR/0.4.10/cores/modernAVR/api/delay_busywait.h:33
    18bc:	01 97       	sbiw	r24, 0x01	; 1
    18be:	f1 f7       	brne	.-4      	; 0x18bc <UPDI::write_userrow()+0x9c>
    18c0:	00 c0       	rjmp	.+0      	; 0x18c2 <UPDI::write_userrow()+0xa2>
    18c2:	00 00       	nop
_ZN4UPDI13write_userrowEv():
    18c4:	63 e0       	ldi	r22, 0x03	; 3
    18c6:	70 e0       	ldi	r23, 0x00	; 0
/Users/askn/Develop/UPDI4AVR-USB/src/updi.cpp:328
    SYS::delay_100us();
    send_bytes(_urowdone, 3);
    18c8:	84 e8       	ldi	r24, 0x84	; 132
    18ca:	90 e6       	ldi	r25, 0x60	; 96
    18cc:	0e 94 9d 02 	call	0x53a	; 0x53a <UPDI::send_bytes(unsigned char const*, unsigned int)>
    18d0:	82 e0       	ldi	r24, 0x02	; 2
    18d2:	18 df       	rcall	.-464    	; 0x1704 <UPDI::sys_wait_clear(unsigned char)>
/Users/askn/Develop/UPDI4AVR-USB/src/updi.cpp:329
    sys_wait_clear(2);    /* wait clear UROWPROG */
    18d4:	63 e0       	ldi	r22, 0x03	; 3
    18d6:	70 e0       	ldi	r23, 0x00	; 0
/Users/askn/Develop/UPDI4AVR-USB/src/updi.cpp:332
    D1PRINTF("<SYS:%02X:%d>\r\n", RXDATA, bit_is_clear(RXDATA, 2));
    DFLUSH();
    send_bytes(_urowstop, 3);
    18d8:	81 e8       	ldi	r24, 0x81	; 129
    18da:	90 e6       	ldi	r25, 0x60	; 96
    18dc:	0e 94 9d 02 	call	0x53a	; 0x53a <UPDI::send_bytes(unsigned char const*, unsigned int)>
    18e0:	f9 99       	sbic	0x1f, 1	; 31
/Users/askn/Develop/UPDI4AVR-USB/src/updi.cpp:333
    if (bit_is_set(PGCONF, PGCONF_PROG_bp) && set_nvmprog_key()) {
    18e2:	0c c0       	rjmp	.+24     	; 0x18fc <UPDI::write_userrow()+0xdc>
sys_reset():
/Users/askn/Develop/UPDI4AVR-USB/src/updi.cpp:134
    const static uint8_t _reset[] = {
      0x55, 0xC8, 0x59, /* SYSRST */
      0x55, 0xC8, 0x00, /* SYSRUN */
      0x55, 0xC3, 0x04  /* UPDIDIS */
    };
    return send_bytes(_reset, _leave ? 9 : 6);
    18e4:	66 e0       	ldi	r22, 0x06	; 6
    18e6:	70 e0       	ldi	r23, 0x00	; 0
    18e8:	87 e9       	ldi	r24, 0x97	; 151
    18ea:	90 e6       	ldi	r25, 0x60	; 96
_ZN4UPDI13write_userrowEv():
/Users/askn/Develop/UPDI4AVR-USB/src/updi.cpp:339
      sys_wait_set(3);    /* wait set PROGSTART */
      D1PRINTF(" RE_PROGSTART=%02X\r\n", RXDATA);
      return true;
    }
    else return sys_reset(false);
  }
    18ec:	df 91       	pop	r29
    18ee:	cf 91       	pop	r28
    18f0:	ff 90       	pop	r15
    18f2:	ef 90       	pop	r14
    18f4:	df 90       	pop	r13
/Users/askn/Develop/UPDI4AVR-USB/src/updi.cpp:134
    const static uint8_t _reset[] = {
      0x55, 0xC8, 0x59, /* SYSRST */
      0x55, 0xC8, 0x00, /* SYSRUN */
      0x55, 0xC3, 0x04  /* UPDIDIS */
    };
    return send_bytes(_reset, _leave ? 9 : 6);
    18f6:	cf 90       	pop	r12
sys_reset():
    18f8:	0c 94 9d 02 	jmp	0x53a	; 0x53a <UPDI::send_bytes(unsigned char const*, unsigned int)>
_ZN4UPDI13write_userrowEv():
/Users/askn/Develop/UPDI4AVR-USB/src/updi.cpp:333
    send_bytes(_urowdone, 3);
    sys_wait_clear(2);    /* wait clear UROWPROG */
    D1PRINTF("<SYS:%02X:%d>\r\n", RXDATA, bit_is_clear(RXDATA, 2));
    DFLUSH();
    send_bytes(_urowstop, 3);
    if (bit_is_set(PGCONF, PGCONF_PROG_bp) && set_nvmprog_key()) {
    18fc:	81 e0       	ldi	r24, 0x01	; 1
    18fe:	53 df       	rcall	.-346    	; 0x17a6 <UPDI::set_nvmprog_key(bool)>
    1900:	c8 2f       	mov	r28, r24
    1902:	88 23       	and	r24, r24
    1904:	79 f3       	breq	.-34     	; 0x18e4 <UPDI::write_userrow()+0xc4>
/Users/askn/Develop/UPDI4AVR-USB/src/updi.cpp:334
      sys_wait_set(3);    /* wait set PROGSTART */
    1906:	83 e0       	ldi	r24, 0x03	; 3
    1908:	18 df       	rcall	.-464    	; 0x173a <UPDI::sys_wait_set(unsigned char)>
    190a:	93 cf       	rjmp	.-218    	; 0x1832 <UPDI::write_userrow()+0x12>

0000190c <NVM::V0::write_memory()>:
_ZN3NVM2V012write_memoryEv():
    190c:	4f 92       	push	r4
/Users/askn/Develop/UPDI4AVR-USB/src/nvmv0.cpp:142
    }
    /* Page erase will not be used if received. */
    return 1;
  }

  size_t write_memory (void) {
    190e:	5f 92       	push	r5
    1910:	6f 92       	push	r6
    1912:	7f 92       	push	r7
    1914:	af 92       	push	r10
    1916:	bf 92       	push	r11
    1918:	cf 92       	push	r12
    191a:	df 92       	push	r13
    191c:	ef 92       	push	r14
    191e:	ff 92       	push	r15
    1920:	0f 93       	push	r16
    1922:	1f 93       	push	r17
    1924:	cf 93       	push	r28
    1926:	df 93       	push	r29
    1928:	00 d0       	rcall	.+0      	; 0x192a <NVM::V0::write_memory()+0x1e>
    192a:	00 d0       	rcall	.+0      	; 0x192c <NVM::V0::write_memory()+0x20>
    192c:	cd b7       	in	r28, 0x3d	; 61
    192e:	de b7       	in	r29, 0x3e	; 62
/Users/askn/Develop/UPDI4AVR-USB/src/nvmv0.cpp:146
    uint8_t  m_type = packet.out.bMType;
    uint16_t _wAddr = packet.out.dwAddr;
    size_t _wLength = packet.out.dwLength;
    if (bit_is_clear(PGCONF, PGCONF_PROG_bp)) return UPDI::write_userrow();
    1930:	f9 99       	sbic	0x1f, 1	; 31
    1932:	14 c0       	rjmp	.+40     	; 0x195c <NVM::V0::write_memory()+0x50>
    1934:	75 df       	rcall	.-278    	; 0x1820 <UPDI::write_userrow()>
    1936:	90 e0       	ldi	r25, 0x00	; 0
/Users/askn/Develop/UPDI4AVR-USB/src/nvmv0.cpp:166
      _wAddr += Device_Descriptor.UPDI.prog_base;
      return write_flash(_wAddr, _wLength);
    }
    else {
      /* MTYPE_SRAM */
      return UPDI::send_bytes_block(_wAddr, _wLength);
    1938:	24 96       	adiw	r28, 0x04	; 4
/Users/askn/Develop/UPDI4AVR-USB/src/nvmv0.cpp:168
    }
  }
    193a:	cd bf       	out	0x3d, r28	; 61
    193c:	de bf       	out	0x3e, r29	; 62
    193e:	df 91       	pop	r29
    1940:	cf 91       	pop	r28
    1942:	1f 91       	pop	r17
    1944:	0f 91       	pop	r16
    1946:	ff 90       	pop	r15
    1948:	ef 90       	pop	r14
    194a:	df 90       	pop	r13
    194c:	cf 90       	pop	r12
    194e:	bf 90       	pop	r11
    1950:	af 90       	pop	r10
    1952:	7f 90       	pop	r7
    1954:	6f 90       	pop	r6
    1956:	5f 90       	pop	r5
    1958:	4f 90       	pop	r4
    195a:	08 95       	ret
/Users/askn/Develop/UPDI4AVR-USB/src/nvmv0.cpp:143
    /* Page erase will not be used if received. */
    return 1;
  }

  size_t write_memory (void) {
    uint8_t  m_type = packet.out.bMType;
    195c:	80 91 dc 60 	lds	r24, 0x60DC	; 0x8060dc <packet+0x7>
/Users/askn/Develop/UPDI4AVR-USB/src/nvmv0.cpp:144
    uint16_t _wAddr = packet.out.dwAddr;
    1960:	c0 90 dd 60 	lds	r12, 0x60DD	; 0x8060dd <packet+0x8>
    1964:	d0 90 de 60 	lds	r13, 0x60DE	; 0x8060de <packet+0x9>
    1968:	e0 90 df 60 	lds	r14, 0x60DF	; 0x8060df <packet+0xa>
    196c:	f0 90 e0 60 	lds	r15, 0x60E0	; 0x8060e0 <packet+0xb>
    1970:	96 01       	movw	r18, r12
/Users/askn/Develop/UPDI4AVR-USB/src/nvmv0.cpp:145
    size_t _wLength = packet.out.dwLength;
    1972:	00 91 e1 60 	lds	r16, 0x60E1	; 0x8060e1 <packet+0xc>
    1976:	10 91 e2 60 	lds	r17, 0x60E2	; 0x8060e2 <packet+0xd>
/Users/askn/Develop/UPDI4AVR-USB/src/nvmv0.cpp:147
    if (bit_is_clear(PGCONF, PGCONF_PROG_bp)) return UPDI::write_userrow();
    if (m_type == 0xB2 || m_type == 0xB3) {
    197a:	9e e4       	ldi	r25, 0x4E	; 78
    197c:	98 0f       	add	r25, r24
    197e:	92 30       	cpi	r25, 0x02	; 2
    1980:	08 f0       	brcs	.+2      	; 0x1984 <NVM::V0::write_memory()+0x78>
    1982:	46 c0       	rjmp	.+140    	; 0x1a10 <NVM::V0::write_memory()+0x104>
    1984:	85 ed       	ldi	r24, 0xD5	; 213
    1986:	e8 2e       	mov	r14, r24
    1988:	80 e6       	ldi	r24, 0x60	; 96
/Users/askn/Develop/UPDI4AVR-USB/src/nvmv0.cpp:73
      uint16_t data;  /* NVMCTRL_REG_DATA */
      uint16_t addr;  /* NVMCTRL_REG_ADDR */
    } fuses;
    for (size_t _i = 0; _i < _wLength; _i++) {
      fuses.data = packet.out.memData[_i];
      fuses.addr = _wAddr + _i;
    198a:	f8 2e       	mov	r15, r24
write_fuse():
    198c:	c9 01       	movw	r24, r18
    198e:	85 5d       	subi	r24, 0xD5	; 213
    1990:	90 46       	sbci	r25, 0x60	; 96
/Users/askn/Develop/UPDI4AVR-USB/src/nvmv0.cpp:71
  bool write_fuse (uint16_t _wAddr, size_t _wLength) {
    struct fuse_packet_t {
      uint16_t data;  /* NVMCTRL_REG_DATA */
      uint16_t addr;  /* NVMCTRL_REG_ADDR */
    } fuses;
    for (size_t _i = 0; _i < _wLength; _i++) {
    1992:	6c 01       	movw	r12, r24
    1994:	c7 01       	movw	r24, r14
    1996:	85 5d       	subi	r24, 0xD5	; 213
    1998:	90 46       	sbci	r25, 0x60	; 96
/Users/askn/Develop/UPDI4AVR-USB/src/nvmv0.cpp:72
      fuses.data = packet.out.memData[_i];
    199a:	80 17       	cp	r24, r16
    199c:	91 07       	cpc	r25, r17
    199e:	b0 f5       	brcc	.+108    	; 0x1a0c <NVM::V0::write_memory()+0x100>
    19a0:	f7 01       	movw	r30, r14
    19a2:	81 89       	ldd	r24, Z+17	; 0x11
/Users/askn/Develop/UPDI4AVR-USB/src/nvmv0.cpp:73
      fuses.addr = _wAddr + _i;
    19a4:	90 e0       	ldi	r25, 0x00	; 0
    19a6:	89 83       	std	Y+1, r24	; 0x01
    19a8:	9a 83       	std	Y+2, r25	; 0x02
    19aa:	c6 01       	movw	r24, r12
/Users/askn/Develop/UPDI4AVR-USB/src/nvmv0.cpp:75
      D2PRINTF(" NVM_V0_WFU=%04X<%02X\r\n", fuses.addr, fuses.data);
      nvm_wait();
    19ac:	8e 0d       	add	r24, r14
    19ae:	9f 1d       	adc	r25, r15
    19b0:	8b 83       	std	Y+3, r24	; 0x03
    19b2:	9c 83       	std	Y+4, r25	; 0x04
    19b4:	6e dd       	rcall	.-1316   	; 0x1492 <NVM::V0::nvm_wait()>
    19b6:	ce 01       	movw	r24, r28
    19b8:	01 96       	adiw	r24, 0x01	; 1
    19ba:	5c 01       	movw	r10, r24
    19bc:	66 e0       	ldi	r22, 0x06	; 6
/Users/askn/Develop/UPDI4AVR-USB/src/updi.cpp:207
      && clear_rsd();
  }

  bool send_bytes_data (uint32_t _dwAddr, uint8_t* _data, size_t _wLength) {
    for (size_t _i = 0; _i < _wLength; _i++) {
      if (!send_byte(_dwAddr++, *_data++)) return false;
    19be:	70 e1       	ldi	r23, 0x10	; 16
    19c0:	80 e0       	ldi	r24, 0x00	; 0
    19c2:	90 e0       	ldi	r25, 0x00	; 0
send_bytes_data():
    19c4:	f5 01       	movw	r30, r10
    19c6:	41 91       	ld	r20, Z+
    19c8:	5f 01       	movw	r10, r30
    19ca:	2b 01       	movw	r4, r22
    19cc:	3c 01       	movw	r6, r24
    19ce:	ff ef       	ldi	r31, 0xFF	; 255
    19d0:	4f 1a       	sub	r4, r31
    19d2:	5f 0a       	sbc	r5, r31
    19d4:	6f 0a       	sbc	r6, r31
/Users/askn/Develop/UPDI4AVR-USB/src/nvmv0.cpp:78
      if (!(UPDI::send_bytes_data(NVM_DATA, (uint8_t*)&fuses, 4)
        && UPDI::nvm_ctrl(0x07)   /* NVM_CMD_WFU */
        && (nvm_wait() & 7) == 0)) return false;
    19d6:	7f 0a       	sbc	r7, r31
    19d8:	0e 94 21 03 	call	0x642	; 0x642 <UPDI::send_byte(unsigned long, unsigned char)>
    19dc:	81 11       	cpse	r24, r1
/Users/askn/Develop/UPDI4AVR-USB/src/updi.cpp:206
      && send_bytes(&packet.out.memData[0], _wLength & ~1)
      && clear_rsd();
  }

  bool send_bytes_data (uint32_t _dwAddr, uint8_t* _data, size_t _wLength) {
    for (size_t _i = 0; _i < _wLength; _i++) {
    19de:	02 c0       	rjmp	.+4      	; 0x19e4 <NVM::V0::write_memory()+0xd8>
_ZN3NVM2V012write_memoryEv():
    19e0:	80 e0       	ldi	r24, 0x00	; 0
    19e2:	a9 cf       	rjmp	.-174    	; 0x1936 <NVM::V0::write_memory()+0x2a>
    19e4:	c3 01       	movw	r24, r6
    19e6:	b2 01       	movw	r22, r4
send_bytes_data():
/Users/askn/Develop/UPDI4AVR-USB/src/nvmv0.cpp:77
      fuses.data = packet.out.memData[_i];
      fuses.addr = _wAddr + _i;
      D2PRINTF(" NVM_V0_WFU=%04X<%02X\r\n", fuses.addr, fuses.data);
      nvm_wait();
      if (!(UPDI::send_bytes_data(NVM_DATA, (uint8_t*)&fuses, 4)
        && UPDI::nvm_ctrl(0x07)   /* NVM_CMD_WFU */
    19e8:	6a 30       	cpi	r22, 0x0A	; 10
    19ea:	20 e1       	ldi	r18, 0x10	; 16
    19ec:	72 07       	cpc	r23, r18
    19ee:	81 05       	cpc	r24, r1
/Users/askn/Develop/UPDI4AVR-USB/src/nvmv0.cpp:78
        && (nvm_wait() & 7) == 0)) return false;
    19f0:	91 05       	cpc	r25, r1
    19f2:	41 f7       	brne	.-48     	; 0x19c4 <NVM::V0::write_memory()+0xb8>
write_fuse():
    19f4:	87 e0       	ldi	r24, 0x07	; 7
    19f6:	0e 94 3e 03 	call	0x67c	; 0x67c <UPDI::nvm_ctrl(unsigned char)>
/Users/askn/Develop/UPDI4AVR-USB/src/nvmv0.cpp:76
    for (size_t _i = 0; _i < _wLength; _i++) {
      fuses.data = packet.out.memData[_i];
      fuses.addr = _wAddr + _i;
      D2PRINTF(" NVM_V0_WFU=%04X<%02X\r\n", fuses.addr, fuses.data);
      nvm_wait();
      if (!(UPDI::send_bytes_data(NVM_DATA, (uint8_t*)&fuses, 4)
    19fa:	88 23       	and	r24, r24
    19fc:	89 f3       	breq	.-30     	; 0x19e0 <NVM::V0::write_memory()+0xd4>
    19fe:	49 dd       	rcall	.-1390   	; 0x1492 <NVM::V0::nvm_wait()>
/Users/askn/Develop/UPDI4AVR-USB/src/nvmv0.cpp:80
        && UPDI::nvm_ctrl(0x07)   /* NVM_CMD_WFU */
        && (nvm_wait() & 7) == 0)) return false;
    }
    return true;
    1a00:	9f ef       	ldi	r25, 0xFF	; 255
    1a02:	e9 1a       	sub	r14, r25
/Users/askn/Develop/UPDI4AVR-USB/src/nvmv0.cpp:152
    if (m_type == 0xB2 || m_type == 0xB3) {
      /* MTYPE_FUSE_BITS */
      /* MTYPE_LOCK_BITS */
      return write_fuse(_wAddr, _wLength);
    }
    else if (m_type == 0x22 || m_type == 0xC4 || m_type == 0xC5) {
    1a04:	f9 0a       	sbc	r15, r25
    1a06:	87 70       	andi	r24, 0x07	; 7
    1a08:	29 f2       	breq	.-118    	; 0x1994 <NVM::V0::write_memory()+0x88>
    1a0a:	ea cf       	rjmp	.-44     	; 0x19e0 <NVM::V0::write_memory()+0xd4>
_ZN3NVM2V012write_memoryEv():
    1a0c:	81 e0       	ldi	r24, 0x01	; 1
/Users/askn/Develop/UPDI4AVR-USB/src/nvmv0.cpp:99
    );
  }

  bool write_eeprom (uint16_t _wAddr, size_t _wLength) {
    D2PRINTF(" NVM_V0_ERWP=%04X\r\n", _wAddr);
    nvm_wait();
    1a0e:	93 cf       	rjmp	.-218    	; 0x1936 <NVM::V0::write_memory()+0x2a>
    1a10:	82 32       	cpi	r24, 0x22	; 34
/Users/askn/Develop/UPDI4AVR-USB/src/nvmv0.cpp:101
    return (
      UPDI::send_bytes_block(_wAddr, _wLength)
    1a12:	21 f0       	breq	.+8      	; 0x1a1c <NVM::V0::write_memory()+0x110>
    1a14:	9c e3       	ldi	r25, 0x3C	; 60
    1a16:	98 0f       	add	r25, r24
    1a18:	92 30       	cpi	r25, 0x02	; 2
    1a1a:	60 f4       	brcc	.+24     	; 0x1a34 <NVM::V0::write_memory()+0x128>
write_eeprom():
/Users/askn/Develop/UPDI4AVR-USB/src/nvmv0.cpp:91
      nvm_wait();
      UPDI::nvm_ctrl(0x04);       /* NVM_CMD_PBC */
    }
    nvm_wait();
    return (
      UPDI::send_bytes_block(_wAddr, _wLength)
    1a1c:	3a dd       	rcall	.-1420   	; 0x1492 <NVM::V0::nvm_wait()>
    1a1e:	c7 01       	movw	r24, r14
/Users/askn/Develop/UPDI4AVR-USB/src/nvmv0.cpp:93
      && UPDI::nvm_ctrl(0x03)     /* NVM_CMD_ERWP */
      && (nvm_wait() & 7) == 0
    1a20:	b6 01       	movw	r22, r12
    1a22:	88 27       	eor	r24, r24
    1a24:	99 27       	eor	r25, r25
    1a26:	a8 01       	movw	r20, r16
write_flash():
/Users/askn/Develop/UPDI4AVR-USB/src/nvmv0.cpp:158
      /* MTYPE_EEPROM */
      /* MTYPE_EEPROM_XMEGA */
      /* MTYPE_USERSIG (USERROW) */
      return write_eeprom(_wAddr, _wLength);
    }
    else if (m_type == 0xB0 || m_type == 0xC0) {
    1a28:	0e 94 6e 03 	call	0x6dc	; 0x6dc <UPDI::send_bytes_block(unsigned long, unsigned int)>
    1a2c:	81 11       	cpse	r24, r1
    1a2e:	1c c0       	rjmp	.+56     	; 0x1a68 <NVM::V0::write_memory()+0x15c>
/Users/askn/Develop/UPDI4AVR-USB/src/nvmv0.cpp:161
      /* MTYPE_FLASH_PAGE (PROGMEM) */
      /* MTYPE_FLASH (alias) */
      _wAddr += Device_Descriptor.UPDI.prog_base;
    1a30:	90 e0       	ldi	r25, 0x00	; 0
    1a32:	23 c0       	rjmp	.+70     	; 0x1a7a <NVM::V0::write_memory()+0x16e>
_ZN3NVM2V012write_memoryEv():
    1a34:	80 3b       	cpi	r24, 0xB0	; 176
    1a36:	11 f0       	breq	.+4      	; 0x1a3c <NVM::V0::write_memory()+0x130>
    1a38:	80 3c       	cpi	r24, 0xC0	; 192
    1a3a:	09 f5       	brne	.+66     	; 0x1a7e <NVM::V0::write_memory()+0x172>
/Users/askn/Develop/UPDI4AVR-USB/src/nvmv0.cpp:85
    return true;
  }

  bool write_flash (uint16_t _wAddr, size_t _wLength) {
    D2PRINTF(" NVM_V0_ERWP=%04X\r\n", _wAddr);
    if (SYS::is_boundary_flash_page(_wAddr)) {
    1a3c:	60 91 f3 62 	lds	r22, 0x62F3	; 0x8062f3 <Device_Descriptor>
    1a40:	70 91 f4 62 	lds	r23, 0x62F4	; 0x8062f4 <Device_Descriptor+0x1>
    1a44:	c6 0e       	add	r12, r22
    1a46:	d7 1e       	adc	r13, r23
write_flash():
    1a48:	f1 2c       	mov	r15, r1
/Users/askn/Develop/UPDI4AVR-USB/src/nvmv0.cpp:86
      nvm_wait();
    1a4a:	e1 2c       	mov	r14, r1
    1a4c:	c7 01       	movw	r24, r14
/Users/askn/Develop/UPDI4AVR-USB/src/nvmv0.cpp:87
      UPDI::nvm_ctrl(0x04);       /* NVM_CMD_PBC */
    1a4e:	b6 01       	movw	r22, r12
    1a50:	48 d8       	rcall	.-3952   	; 0xae2 <SYS::is_boundary_flash_page(unsigned long)>
    1a52:	88 23       	and	r24, r24
/Users/askn/Develop/UPDI4AVR-USB/src/nvmv0.cpp:89
    }
    nvm_wait();
    1a54:	21 f0       	breq	.+8      	; 0x1a5e <NVM::V0::write_memory()+0x152>
    1a56:	1d dd       	rcall	.-1478   	; 0x1492 <NVM::V0::nvm_wait()>
/Users/askn/Develop/UPDI4AVR-USB/src/nvmv0.cpp:91
    return (
      UPDI::send_bytes_block(_wAddr, _wLength)
    1a58:	84 e0       	ldi	r24, 0x04	; 4
    1a5a:	0e 94 3e 03 	call	0x67c	; 0x67c <UPDI::nvm_ctrl(unsigned char)>
/Users/askn/Develop/UPDI4AVR-USB/src/nvmv0.cpp:92
      && UPDI::nvm_ctrl(0x03)     /* NVM_CMD_ERWP */
    1a5e:	19 dd       	rcall	.-1486   	; 0x1492 <NVM::V0::nvm_wait()>
    1a60:	a8 01       	movw	r20, r16
    1a62:	c7 01       	movw	r24, r14
    1a64:	b6 01       	movw	r22, r12
/Users/askn/Develop/UPDI4AVR-USB/src/nvmv0.cpp:93
      && (nvm_wait() & 7) == 0
    1a66:	e0 cf       	rjmp	.-64     	; 0x1a28 <NVM::V0::write_memory()+0x11c>
    1a68:	83 e0       	ldi	r24, 0x03	; 3
    1a6a:	0e 94 3e 03 	call	0x67c	; 0x67c <UPDI::nvm_ctrl(unsigned char)>
    1a6e:	88 23       	and	r24, r24
/Users/askn/Develop/UPDI4AVR-USB/src/nvmv0.cpp:162
    }
    else if (m_type == 0xB0 || m_type == 0xC0) {
      /* MTYPE_FLASH_PAGE (PROGMEM) */
      /* MTYPE_FLASH (alias) */
      _wAddr += Device_Descriptor.UPDI.prog_base;
      return write_flash(_wAddr, _wLength);
    1a70:	f9 f2       	breq	.-66     	; 0x1a30 <NVM::V0::write_memory()+0x124>
/Users/askn/Develop/UPDI4AVR-USB/src/nvmv0.cpp:166
    }
    else {
      /* MTYPE_SRAM */
      return UPDI::send_bytes_block(_wAddr, _wLength);
    1a72:	0f dd       	rcall	.-1506   	; 0x1492 <NVM::V0::nvm_wait()>
    1a74:	87 70       	andi	r24, 0x07	; 7
    1a76:	91 e0       	ldi	r25, 0x01	; 1
    1a78:	d9 f6       	brne	.-74     	; 0x1a30 <NVM::V0::write_memory()+0x124>
_ZN3NVM2V012write_memoryEv():
    1a7a:	89 2f       	mov	r24, r25
    1a7c:	5c cf       	rjmp	.-328    	; 0x1936 <NVM::V0::write_memory()+0x2a>
    1a7e:	c7 01       	movw	r24, r14
    1a80:	b6 01       	movw	r22, r12
/Users/askn/Develop/UPDI4AVR-USB/src/nvmv2.cpp:155
    /* Page erase will not be used if received. */
    /* Instead, page erase is determined by the is_boundary_flash_page function. */
    return 1;
  }

  size_t write_memory (void) {
    1a82:	88 27       	eor	r24, r24
    1a84:	99 27       	eor	r25, r25
    1a86:	a8 01       	movw	r20, r16
    1a88:	0e 94 6e 03 	call	0x6dc	; 0x6dc <UPDI::send_bytes_block(unsigned long, unsigned int)>
/Users/askn/Develop/UPDI4AVR-USB/src/nvmv2.cpp:159
    uint8_t   m_type = packet.out.bMType;
    uint32_t _dwAddr = packet.out.dwAddr;
    size_t  _wLength = packet.out.dwLength;
    if (bit_is_clear(PGCONF, PGCONF_PROG_bp)) return UPDI::write_userrow();
    1a8c:	54 cf       	rjmp	.-344    	; 0x1936 <NVM::V0::write_memory()+0x2a>

00001a8e <NVM::V2::write_memory()>:
_ZN3NVM2V212write_memoryEv():
    1a8e:	cf 92       	push	r12
    1a90:	df 92       	push	r13
    1a92:	ef 92       	push	r14
/Users/askn/Develop/UPDI4AVR-USB/src/nvmv2.cpp:179
      _dwAddr += PROG_START;
      return write_words_flash(_dwAddr, _wLength);
    }
    else {
      /* MTYPE_SRAM */
      return UPDI::send_bytes_block(_dwAddr, _wLength);
    1a94:	ff 92       	push	r15
/Users/askn/Develop/UPDI4AVR-USB/src/nvmv2.cpp:181
    }
  }
    1a96:	cf 93       	push	r28
    1a98:	df 93       	push	r29
    1a9a:	f9 99       	sbic	0x1f, 1	; 31
    1a9c:	09 c0       	rjmp	.+18     	; 0x1ab0 <NVM::V2::write_memory()+0x22>
    1a9e:	c0 de       	rcall	.-640    	; 0x1820 <UPDI::write_userrow()>
    1aa0:	90 e0       	ldi	r25, 0x00	; 0
/Users/askn/Develop/UPDI4AVR-USB/src/nvmv2.cpp:156
    /* Instead, page erase is determined by the is_boundary_flash_page function. */
    return 1;
  }

  size_t write_memory (void) {
    uint8_t   m_type = packet.out.bMType;
    1aa2:	df 91       	pop	r29
    1aa4:	cf 91       	pop	r28
/Users/askn/Develop/UPDI4AVR-USB/src/nvmv2.cpp:157
    uint32_t _dwAddr = packet.out.dwAddr;
    1aa6:	ff 90       	pop	r15
    1aa8:	ef 90       	pop	r14
    1aaa:	df 90       	pop	r13
    1aac:	cf 90       	pop	r12
    1aae:	08 95       	ret
    1ab0:	80 91 dc 60 	lds	r24, 0x60DC	; 0x8060dc <packet+0x7>
    1ab4:	c0 90 dd 60 	lds	r12, 0x60DD	; 0x8060dd <packet+0x8>
/Users/askn/Develop/UPDI4AVR-USB/src/nvmv2.cpp:158
    size_t  _wLength = packet.out.dwLength;
    1ab8:	d0 90 de 60 	lds	r13, 0x60DE	; 0x8060de <packet+0x9>
    1abc:	e0 90 df 60 	lds	r14, 0x60DF	; 0x8060df <packet+0xa>
/Users/askn/Develop/UPDI4AVR-USB/src/nvmv2.cpp:160
    if (bit_is_clear(PGCONF, PGCONF_PROG_bp)) return UPDI::write_userrow();
    if (m_type == 0x22 || m_type == 0xB2 || m_type == 0xB3 || m_type == 0xC4) {
    1ac0:	f0 90 e0 60 	lds	r15, 0x60E0	; 0x8060e0 <packet+0xb>
    1ac4:	c0 91 e1 60 	lds	r28, 0x60E1	; 0x8060e1 <packet+0xc>
    1ac8:	d0 91 e2 60 	lds	r29, 0x60E2	; 0x8060e2 <packet+0xd>
    1acc:	82 32       	cpi	r24, 0x22	; 34
/Users/askn/Develop/UPDI4AVR-USB/src/nvmv2.cpp:105
  }

  bool write_eeprom (uint32_t _dwAddr, size_t _wLength) {
    D2PRINTF(" NVM_V2_EEERWR=%06lX\r\n", _dwAddr);
    return (
      nvm_ctrl_change(0x13)   /* NVM_V2_CMD_EEERWR */
    1ace:	31 f0       	breq	.+12     	; 0x1adc <NVM::V2::write_memory()+0x4e>
    1ad0:	9e e4       	ldi	r25, 0x4E	; 78
    1ad2:	98 0f       	add	r25, r24
/Users/askn/Develop/UPDI4AVR-USB/src/nvmv2.cpp:108
      && UPDI::send_bytes_block_slow(_dwAddr, _wLength)
      && (nvm_wait() & 0x73) == 0
      && nvm_ctrl_change(0x00)
    1ad4:	92 30       	cpi	r25, 0x02	; 2
    1ad6:	10 f0       	brcs	.+4      	; 0x1adc <NVM::V2::write_memory()+0x4e>
/Users/askn/Develop/UPDI4AVR-USB/src/nvmv2.cpp:87
    D2PRINTF(" NVM_V2_FLWR=%06lX\r\n", _dwAddr);
    return (
      nvm_ctrl_change(0x02)   /* NVM_V2_CMD_FLWR */
      && UPDI::send_words_block(_dwAddr, _wLength)
      && (nvm_wait() & 0x73) == 0
      && nvm_ctrl_change(0x00)
    1ad8:	84 3c       	cpi	r24, 0xC4	; 196
    1ada:	91 f4       	brne	.+36     	; 0x1b00 <NVM::V2::write_memory()+0x72>
write_eeprom():
/Users/askn/Develop/UPDI4AVR-USB/src/nvmv2.cpp:106

  bool write_eeprom (uint32_t _dwAddr, size_t _wLength) {
    D2PRINTF(" NVM_V2_EEERWR=%06lX\r\n", _dwAddr);
    return (
      nvm_ctrl_change(0x13)   /* NVM_V2_CMD_EEERWR */
      && UPDI::send_bytes_block_slow(_dwAddr, _wLength)
    1adc:	83 e1       	ldi	r24, 0x13	; 19
    1ade:	eb dc       	rcall	.-1578   	; 0x14b6 <NVM::V2::nvm_ctrl_change(unsigned char)>
    1ae0:	81 11       	cpse	r24, r1
    1ae2:	02 c0       	rjmp	.+4      	; 0x1ae8 <NVM::V2::write_memory()+0x5a>
_ZN3NVM2V212write_memoryEv():
    1ae4:	80 e0       	ldi	r24, 0x00	; 0
    1ae6:	dc cf       	rjmp	.-72     	; 0x1aa0 <NVM::V2::write_memory()+0x12>
write_eeprom():
/Users/askn/Develop/UPDI4AVR-USB/src/nvmv2.cpp:107
      && (nvm_wait() & 0x73) == 0
    1ae8:	ae 01       	movw	r20, r28
    1aea:	c7 01       	movw	r24, r14
    1aec:	b6 01       	movw	r22, r12
    1aee:	0e 94 44 03 	call	0x688	; 0x688 <UPDI::send_bytes_block_slow(unsigned long, unsigned int)>
    1af2:	88 23       	and	r24, r24
/Users/askn/Develop/UPDI4AVR-USB/src/nvmv2.cpp:167
      /* MTYPE_LOCK_BITS */
      /* MTYPE_EEPROM */
      /* MTYPE_EEPROM_XMEGA */
      return write_eeprom(_dwAddr, _wLength);
    }
    else if (m_type == 0xC0 || m_type == 0xC5) {
    1af4:	b9 f3       	breq	.-18     	; 0x1ae4 <NVM::V2::write_memory()+0x56>
    1af6:	cd dc       	rcall	.-1638   	; 0x1492 <NVM::V0::nvm_wait()>
    1af8:	83 77       	andi	r24, 0x73	; 115
/Users/askn/Develop/UPDI4AVR-USB/src/nvmv2.cpp:92
      && nvm_ctrl_change(0x00)
    );
  }

  bool write_bytes_flash (uint32_t _dwAddr, size_t _wLength) {
    if (SYS::is_boundary_flash_page(_dwAddr)) erase_flash_page(_dwAddr);
    1afa:	a1 f7       	brne	.-24     	; 0x1ae4 <NVM::V2::write_memory()+0x56>
    1afc:	f9 dc       	rcall	.-1550   	; 0x14f0 <NVM::V2::write_eeprom(unsigned long, unsigned int) [clone .part.5]>
    1afe:	d0 cf       	rjmp	.-96     	; 0x1aa0 <NVM::V2::write_memory()+0x12>
_ZN3NVM2V212write_memoryEv():
    1b00:	80 3c       	cpi	r24, 0xC0	; 192
    1b02:	11 f0       	breq	.+4      	; 0x1b08 <NVM::V2::write_memory()+0x7a>
    1b04:	85 3c       	cpi	r24, 0xC5	; 197
    1b06:	c9 f4       	brne	.+50     	; 0x1b3a <NVM::V2::write_memory()+0xac>
write_bytes_flash():
    1b08:	c7 01       	movw	r24, r14
    1b0a:	b6 01       	movw	r22, r12
    1b0c:	0e 94 71 05 	call	0xae2	; 0xae2 <SYS::is_boundary_flash_page(unsigned long)>
/Users/askn/Develop/UPDI4AVR-USB/src/nvmv2.cpp:95
    D2PRINTF(" NVM_V2_FLWR=%06lX\r\n", _dwAddr);
    return (
      nvm_ctrl_change(0x02)   /* NVM_V2_CMD_FLWR */
    1b10:	88 23       	and	r24, r24
/Users/askn/Develop/UPDI4AVR-USB/src/nvmv2.cpp:98
      && UPDI::send_bytes_block_slow(_dwAddr, _wLength)
      && (nvm_wait() & 0x73) == 0
      && nvm_ctrl_change(0x00)
    1b12:	19 f0       	breq	.+6      	; 0x1b1a <NVM::V2::write_memory()+0x8c>
/Users/askn/Develop/UPDI4AVR-USB/src/nvmv2.cpp:96
  bool write_bytes_flash (uint32_t _dwAddr, size_t _wLength) {
    if (SYS::is_boundary_flash_page(_dwAddr)) erase_flash_page(_dwAddr);
    D2PRINTF(" NVM_V2_FLWR=%06lX\r\n", _dwAddr);
    return (
      nvm_ctrl_change(0x02)   /* NVM_V2_CMD_FLWR */
      && UPDI::send_bytes_block_slow(_dwAddr, _wLength)
    1b14:	c7 01       	movw	r24, r14
    1b16:	b6 01       	movw	r22, r12
    1b18:	ed dc       	rcall	.-1574   	; 0x14f4 <NVM::V2::erase_flash_page(unsigned long)>
    1b1a:	82 e0       	ldi	r24, 0x02	; 2
    1b1c:	cc dc       	rcall	.-1640   	; 0x14b6 <NVM::V2::nvm_ctrl_change(unsigned char)>
    1b1e:	88 23       	and	r24, r24
    1b20:	09 f3       	breq	.-62     	; 0x1ae4 <NVM::V2::write_memory()+0x56>
/Users/askn/Develop/UPDI4AVR-USB/src/nvmv2.cpp:97
      && (nvm_wait() & 0x73) == 0
    1b22:	ae 01       	movw	r20, r28
    1b24:	c7 01       	movw	r24, r14
    1b26:	b6 01       	movw	r22, r12
    1b28:	0e 94 44 03 	call	0x688	; 0x688 <UPDI::send_bytes_block_slow(unsigned long, unsigned int)>
/Users/askn/Develop/UPDI4AVR-USB/src/nvmv2.cpp:172
    else if (m_type == 0xC0 || m_type == 0xC5) {
      /* MTYPE_FLASH (alias) */
      /* MTYPE_USERSIG (USERROW) */
      return write_bytes_flash(_dwAddr, _wLength);
    }
    else if (m_type == 0xB0) {
    1b2c:	88 23       	and	r24, r24
    1b2e:	d1 f2       	breq	.-76     	; 0x1ae4 <NVM::V2::write_memory()+0x56>
/Users/askn/Develop/UPDI4AVR-USB/src/nvmv2.cpp:174
      /* MTYPE_FLASH_PAGE (PROGMEM) */
      _dwAddr += PROG_START;
    1b30:	b0 dc       	rcall	.-1696   	; 0x1492 <NVM::V0::nvm_wait()>
    1b32:	83 77       	andi	r24, 0x73	; 115
    1b34:	b9 f6       	brne	.-82     	; 0x1ae4 <NVM::V2::write_memory()+0x56>
/Users/askn/Develop/UPDI4AVR-USB/src/nvmv2.cpp:81
    );
  }

  bool write_words_flash (uint32_t _dwAddr, size_t _wLength) {
    if (bit_is_clear(PGCONF, PGCONF_ERSE_bp)
      && SYS::is_boundary_flash_page(_dwAddr)) erase_flash_page(_dwAddr);
    1b36:	dc dc       	rcall	.-1608   	; 0x14f0 <NVM::V2::write_eeprom(unsigned long, unsigned int) [clone .part.5]>
    1b38:	b3 cf       	rjmp	.-154    	; 0x1aa0 <NVM::V2::write_memory()+0x12>
_ZN3NVM2V212write_memoryEv():
    1b3a:	80 3b       	cpi	r24, 0xB0	; 176
    1b3c:	09 f5       	brne	.+66     	; 0x1b80 <NVM::V2::write_memory()+0xf2>
    1b3e:	80 e8       	ldi	r24, 0x80	; 128
    1b40:	e8 0e       	add	r14, r24
    1b42:	f1 1c       	adc	r15, r1
write_words_flash():
    1b44:	fa 99       	sbic	0x1f, 2	; 31
    1b46:	09 c0       	rjmp	.+18     	; 0x1b5a <NVM::V2::write_memory()+0xcc>
    1b48:	c7 01       	movw	r24, r14
    1b4a:	b6 01       	movw	r22, r12
/Users/askn/Develop/UPDI4AVR-USB/src/nvmv2.cpp:84
    D2PRINTF(" NVM_V2_FLWR=%06lX\r\n", _dwAddr);
    return (
      nvm_ctrl_change(0x02)   /* NVM_V2_CMD_FLWR */
    1b4c:	0e 94 71 05 	call	0xae2	; 0xae2 <SYS::is_boundary_flash_page(unsigned long)>
/Users/askn/Develop/UPDI4AVR-USB/src/nvmv2.cpp:87
      && UPDI::send_words_block(_dwAddr, _wLength)
      && (nvm_wait() & 0x73) == 0
      && nvm_ctrl_change(0x00)
    1b50:	88 23       	and	r24, r24
    1b52:	19 f0       	breq	.+6      	; 0x1b5a <NVM::V2::write_memory()+0xcc>
    1b54:	c7 01       	movw	r24, r14
/Users/askn/Develop/UPDI4AVR-USB/src/nvmv2.cpp:85
    if (bit_is_clear(PGCONF, PGCONF_ERSE_bp)
      && SYS::is_boundary_flash_page(_dwAddr)) erase_flash_page(_dwAddr);
    D2PRINTF(" NVM_V2_FLWR=%06lX\r\n", _dwAddr);
    return (
      nvm_ctrl_change(0x02)   /* NVM_V2_CMD_FLWR */
      && UPDI::send_words_block(_dwAddr, _wLength)
    1b56:	b6 01       	movw	r22, r12
    1b58:	cd dc       	rcall	.-1638   	; 0x14f4 <NVM::V2::erase_flash_page(unsigned long)>
    1b5a:	82 e0       	ldi	r24, 0x02	; 2
    1b5c:	ac dc       	rcall	.-1704   	; 0x14b6 <NVM::V2::nvm_ctrl_change(unsigned char)>
    1b5e:	88 23       	and	r24, r24
    1b60:	09 f4       	brne	.+2      	; 0x1b64 <NVM::V2::write_memory()+0xd6>
    1b62:	c0 cf       	rjmp	.-128    	; 0x1ae4 <NVM::V2::write_memory()+0x56>
/Users/askn/Develop/UPDI4AVR-USB/src/nvmv2.cpp:86
      && (nvm_wait() & 0x73) == 0
    1b64:	ae 01       	movw	r20, r28
    1b66:	c7 01       	movw	r24, r14
    1b68:	b6 01       	movw	r22, r12
    1b6a:	0e 94 e3 02 	call	0x5c6	; 0x5c6 <UPDI::send_words_block(unsigned long, unsigned int)>
    1b6e:	88 23       	and	r24, r24
    1b70:	09 f4       	brne	.+2      	; 0x1b74 <NVM::V2::write_memory()+0xe6>
/Users/askn/Develop/UPDI4AVR-USB/src/nvmv2.cpp:179
      _dwAddr += PROG_START;
      return write_words_flash(_dwAddr, _wLength);
    }
    else {
      /* MTYPE_SRAM */
      return UPDI::send_bytes_block(_dwAddr, _wLength);
    1b72:	b8 cf       	rjmp	.-144    	; 0x1ae4 <NVM::V2::write_memory()+0x56>
    1b74:	8e dc       	rcall	.-1764   	; 0x1492 <NVM::V0::nvm_wait()>
    1b76:	83 77       	andi	r24, 0x73	; 115
    1b78:	09 f0       	breq	.+2      	; 0x1b7c <NVM::V2::write_memory()+0xee>
    1b7a:	b4 cf       	rjmp	.-152    	; 0x1ae4 <NVM::V2::write_memory()+0x56>
    1b7c:	b9 dc       	rcall	.-1678   	; 0x14f0 <NVM::V2::write_eeprom(unsigned long, unsigned int) [clone .part.5]>
/Users/askn/Develop/UPDI4AVR-USB/src/nvmv3.cpp:133
    }
    /* Page erase will not be used if received. */
    return 1;
  }

  size_t write_memory (void) {
    1b7e:	90 cf       	rjmp	.-224    	; 0x1aa0 <NVM::V2::write_memory()+0x12>
_ZN3NVM2V212write_memoryEv():
    1b80:	ae 01       	movw	r20, r28
    1b82:	c7 01       	movw	r24, r14
    1b84:	b6 01       	movw	r22, r12
    1b86:	0e 94 6e 03 	call	0x6dc	; 0x6dc <UPDI::send_bytes_block(unsigned long, unsigned int)>
/Users/askn/Develop/UPDI4AVR-USB/src/nvmv3.cpp:137
    uint8_t   m_type = packet.out.bMType;
    uint32_t _dwAddr = packet.out.dwAddr;
    size_t  _wLength = packet.out.dwLength;
    if (bit_is_clear(PGCONF, PGCONF_PROG_bp)) return UPDI::write_userrow();
    1b8a:	8a cf       	rjmp	.-236    	; 0x1aa0 <NVM::V2::write_memory()+0x12>

00001b8c <NVM::V3::write_memory()>:
_ZN3NVM2V312write_memoryEv():
    1b8c:	cf 92       	push	r12
    1b8e:	df 92       	push	r13
/Users/askn/Develop/UPDI4AVR-USB/src/nvmv3.cpp:157
      _dwAddr += PROG_START;
      return write_words_flash(_dwAddr, _wLength);
    }
    else {
      /* MTYPE_SRAM */
      return UPDI::send_bytes_block(_dwAddr, _wLength);
    1b90:	ef 92       	push	r14
/Users/askn/Develop/UPDI4AVR-USB/src/nvmv3.cpp:159
    }
  }
    1b92:	ff 92       	push	r15
    1b94:	cf 93       	push	r28
    1b96:	df 93       	push	r29
    1b98:	f9 99       	sbic	0x1f, 1	; 31
    1b9a:	09 c0       	rjmp	.+18     	; 0x1bae <NVM::V3::write_memory()+0x22>
    1b9c:	41 de       	rcall	.-894    	; 0x1820 <UPDI::write_userrow()>
    1b9e:	90 e0       	ldi	r25, 0x00	; 0
/Users/askn/Develop/UPDI4AVR-USB/src/nvmv3.cpp:134
    /* Page erase will not be used if received. */
    return 1;
  }

  size_t write_memory (void) {
    uint8_t   m_type = packet.out.bMType;
    1ba0:	df 91       	pop	r29
    1ba2:	cf 91       	pop	r28
/Users/askn/Develop/UPDI4AVR-USB/src/nvmv3.cpp:135
    uint32_t _dwAddr = packet.out.dwAddr;
    1ba4:	ff 90       	pop	r15
    1ba6:	ef 90       	pop	r14
    1ba8:	df 90       	pop	r13
    1baa:	cf 90       	pop	r12
    1bac:	08 95       	ret
    1bae:	80 91 dc 60 	lds	r24, 0x60DC	; 0x8060dc <packet+0x7>
    1bb2:	c0 90 dd 60 	lds	r12, 0x60DD	; 0x8060dd <packet+0x8>
/Users/askn/Develop/UPDI4AVR-USB/src/nvmv3.cpp:136
    size_t  _wLength = packet.out.dwLength;
    1bb6:	d0 90 de 60 	lds	r13, 0x60DE	; 0x8060de <packet+0x9>
    1bba:	e0 90 df 60 	lds	r14, 0x60DF	; 0x8060df <packet+0xa>
/Users/askn/Develop/UPDI4AVR-USB/src/nvmv3.cpp:138
    if (bit_is_clear(PGCONF, PGCONF_PROG_bp)) return UPDI::write_userrow();
    if (m_type == 0x22 || m_type == 0xB2 || m_type == 0xB3 || m_type == 0xC4) {
    1bbe:	f0 90 e0 60 	lds	r15, 0x60E0	; 0x8060e0 <packet+0xb>
    1bc2:	c0 91 e1 60 	lds	r28, 0x60E1	; 0x8060e1 <packet+0xc>
    1bc6:	d0 91 e2 60 	lds	r29, 0x60E2	; 0x8060e2 <packet+0xd>
/Users/askn/Develop/UPDI4AVR-USB/src/nvmv3.cpp:90
  }

  bool write_eeprom (uint32_t _dwAddr, size_t _wLength) {
    D2PRINTF(" NVM_V3_EEPERW=%06lX\r\n", _dwAddr);
    return (
      nvm_ctrl_change(0x10)
    1bca:	82 32       	cpi	r24, 0x22	; 34
    1bcc:	31 f0       	breq	.+12     	; 0x1bda <NVM::V3::write_memory()+0x4e>
    1bce:	9e e4       	ldi	r25, 0x4E	; 78
/Users/askn/Develop/UPDI4AVR-USB/src/nvmv3.cpp:93
      && UPDI::send_bytes_block(_dwAddr, _wLength)
      && nvm_ctrl_change(0x15)  /* NVM_V3_CMD_EEPERW */
      && (nvm_wait() & 0x73) == 0
    1bd0:	98 0f       	add	r25, r24
    1bd2:	92 30       	cpi	r25, 0x02	; 2
    1bd4:	10 f0       	brcs	.+4      	; 0x1bda <NVM::V3::write_memory()+0x4e>
    1bd6:	84 3c       	cpi	r24, 0xC4	; 196
/Users/askn/Develop/UPDI4AVR-USB/src/nvmv3.cpp:91

  bool write_eeprom (uint32_t _dwAddr, size_t _wLength) {
    D2PRINTF(" NVM_V3_EEPERW=%06lX\r\n", _dwAddr);
    return (
      nvm_ctrl_change(0x10)
      && UPDI::send_bytes_block(_dwAddr, _wLength)
    1bd8:	99 f4       	brne	.+38     	; 0x1c00 <NVM::V3::write_memory()+0x74>
write_eeprom():
    1bda:	80 e1       	ldi	r24, 0x10	; 16
    1bdc:	c8 db       	rcall	.-2160   	; 0x136e <NVM::V3::nvm_ctrl_change(unsigned char)>
    1bde:	81 11       	cpse	r24, r1
    1be0:	02 c0       	rjmp	.+4      	; 0x1be6 <NVM::V3::write_memory()+0x5a>
_ZN3NVM2V312write_memoryEv():
/Users/askn/Develop/UPDI4AVR-USB/src/nvmv3.cpp:92
      && nvm_ctrl_change(0x15)  /* NVM_V3_CMD_EEPERW */
    1be2:	80 e0       	ldi	r24, 0x00	; 0
    1be4:	dc cf       	rjmp	.-72     	; 0x1b9e <NVM::V3::write_memory()+0x12>
write_eeprom():
    1be6:	ae 01       	movw	r20, r28
    1be8:	c7 01       	movw	r24, r14
    1bea:	b6 01       	movw	r22, r12
    1bec:	0e 94 6e 03 	call	0x6dc	; 0x6dc <UPDI::send_bytes_block(unsigned long, unsigned int)>
/Users/askn/Develop/UPDI4AVR-USB/src/nvmv3.cpp:145
      /* MTYPE_LOCK_BITS */
      /* MTYPE_EEPROM */
      /* MTYPE_EEPROM_XMEGA */
      return write_eeprom(_dwAddr, _wLength);
    }
    else if (m_type == 0xC0 || m_type == 0xC5) {
    1bf0:	88 23       	and	r24, r24
    1bf2:	b9 f3       	breq	.-18     	; 0x1be2 <NVM::V3::write_memory()+0x56>
    1bf4:	85 e1       	ldi	r24, 0x15	; 21
    1bf6:	bb db       	rcall	.-2186   	; 0x136e <NVM::V3::nvm_ctrl_change(unsigned char)>
/Users/askn/Develop/UPDI4AVR-USB/src/nvmv3.cpp:148
      /* MTYPE_FLASH (alias) */
      /* MTYPE_USERSIG (USERROW) */
      return write_bytes_flash(_dwAddr, _wLength);
    1bf8:	88 23       	and	r24, r24
    1bfa:	99 f3       	breq	.-26     	; 0x1be2 <NVM::V3::write_memory()+0x56>
    1bfc:	b1 db       	rcall	.-2206   	; 0x1360 <NVM::V3::write_eeprom(unsigned long, unsigned int) [clone .part.3]>
    1bfe:	cf cf       	rjmp	.-98     	; 0x1b9e <NVM::V3::write_memory()+0x12>
_ZN3NVM2V312write_memoryEv():
    1c00:	80 3c       	cpi	r24, 0xC0	; 192
/Users/askn/Develop/UPDI4AVR-USB/src/nvmv3.cpp:150
    }
    else if (m_type == 0xB0) {
    1c02:	11 f0       	breq	.+4      	; 0x1c08 <NVM::V3::write_memory()+0x7c>
    1c04:	85 3c       	cpi	r24, 0xC5	; 197
/Users/askn/Develop/UPDI4AVR-USB/src/nvmv3.cpp:152
      /* MTYPE_FLASH_PAGE (PROGMEM) */
      _dwAddr += PROG_START;
    1c06:	29 f4       	brne	.+10     	; 0x1c12 <NVM::V3::write_memory()+0x86>
    1c08:	ae 01       	movw	r20, r28
    1c0a:	c7 01       	movw	r24, r14
    1c0c:	b6 01       	movw	r22, r12
/Users/askn/Develop/UPDI4AVR-USB/src/nvmv3.cpp:153
      return write_words_flash(_dwAddr, _wLength);
    1c0e:	d7 db       	rcall	.-2130   	; 0x13be <NVM::V3::write_bytes_flash(unsigned long, unsigned int)>
    1c10:	c6 cf       	rjmp	.-116    	; 0x1b9e <NVM::V3::write_memory()+0x12>
    1c12:	80 3b       	cpi	r24, 0xB0	; 176
    1c14:	39 f4       	brne	.+14     	; 0x1c24 <NVM::V3::write_memory()+0x98>
/Users/askn/Develop/UPDI4AVR-USB/src/nvmv3.cpp:157
    }
    else {
      /* MTYPE_SRAM */
      return UPDI::send_bytes_block(_dwAddr, _wLength);
    1c16:	c7 01       	movw	r24, r14
    1c18:	b6 01       	movw	r22, r12
    1c1a:	80 58       	subi	r24, 0x80	; 128
    1c1c:	9f 4f       	sbci	r25, 0xFF	; 255
    1c1e:	ae 01       	movw	r20, r28
/Users/askn/Develop/UPDI4AVR-USB/src/nvmv4.cpp:158
    /* Page erase will not be used if received. */
    /* Instead, page erase is determined by the is_boundary_flash_page function. */
    return 1;
  }

  size_t write_memory (void) {
    1c20:	f4 db       	rcall	.-2072   	; 0x140a <NVM::V3::write_words_flash(unsigned long, unsigned int)>
    1c22:	bd cf       	rjmp	.-134    	; 0x1b9e <NVM::V3::write_memory()+0x12>
    1c24:	ae 01       	movw	r20, r28
    1c26:	c7 01       	movw	r24, r14
    1c28:	b6 01       	movw	r22, r12
    1c2a:	0e 94 6e 03 	call	0x6dc	; 0x6dc <UPDI::send_bytes_block(unsigned long, unsigned int)>
/Users/askn/Develop/UPDI4AVR-USB/src/nvmv4.cpp:162
    uint8_t   m_type = packet.out.bMType;
    uint32_t _dwAddr = packet.out.dwAddr;
    size_t  _wLength = packet.out.dwLength;
    if (bit_is_clear(PGCONF, PGCONF_PROG_bp)) return UPDI::write_userrow();
    1c2e:	b7 cf       	rjmp	.-146    	; 0x1b9e <NVM::V3::write_memory()+0x12>

00001c30 <NVM::V4::write_memory()>:
_ZN3NVM2V412write_memoryEv():
    1c30:	cf 92       	push	r12
    1c32:	df 92       	push	r13
/Users/askn/Develop/UPDI4AVR-USB/src/nvmv4.cpp:182
      _dwAddr += PROG_START;
      return write_words_flash(_dwAddr, _wLength);
    }
    else {
      /* MTYPE_SRAM */
      return UPDI::send_bytes_block(_dwAddr, _wLength);
    1c34:	ef 92       	push	r14
/Users/askn/Develop/UPDI4AVR-USB/src/nvmv4.cpp:184
    }
  }
    1c36:	ff 92       	push	r15
    1c38:	cf 93       	push	r28
    1c3a:	df 93       	push	r29
    1c3c:	f9 99       	sbic	0x1f, 1	; 31
    1c3e:	09 c0       	rjmp	.+18     	; 0x1c52 <NVM::V4::write_memory()+0x22>
    1c40:	ef dd       	rcall	.-1058   	; 0x1820 <UPDI::write_userrow()>
    1c42:	90 e0       	ldi	r25, 0x00	; 0
/Users/askn/Develop/UPDI4AVR-USB/src/nvmv4.cpp:159
    /* Instead, page erase is determined by the is_boundary_flash_page function. */
    return 1;
  }

  size_t write_memory (void) {
    uint8_t   m_type = packet.out.bMType;
    1c44:	df 91       	pop	r29
    1c46:	cf 91       	pop	r28
/Users/askn/Develop/UPDI4AVR-USB/src/nvmv4.cpp:160
    uint32_t _dwAddr = packet.out.dwAddr;
    1c48:	ff 90       	pop	r15
    1c4a:	ef 90       	pop	r14
    1c4c:	df 90       	pop	r13
    1c4e:	cf 90       	pop	r12
    1c50:	08 95       	ret
    1c52:	80 91 dc 60 	lds	r24, 0x60DC	; 0x8060dc <packet+0x7>
    1c56:	c0 90 dd 60 	lds	r12, 0x60DD	; 0x8060dd <packet+0x8>
/Users/askn/Develop/UPDI4AVR-USB/src/nvmv4.cpp:161
    size_t  _wLength = packet.out.dwLength;
    1c5a:	d0 90 de 60 	lds	r13, 0x60DE	; 0x8060de <packet+0x9>
/Users/askn/Develop/UPDI4AVR-USB/src/nvmv4.cpp:163
    if (bit_is_clear(PGCONF, PGCONF_PROG_bp)) return UPDI::write_userrow();
    if (m_type == 0x22 || m_type == 0xB2 || m_type == 0xB3 || m_type == 0xC4) {
    1c5e:	e0 90 df 60 	lds	r14, 0x60DF	; 0x8060df <packet+0xa>
    1c62:	f0 90 e0 60 	lds	r15, 0x60E0	; 0x8060e0 <packet+0xb>
    1c66:	c0 91 e1 60 	lds	r28, 0x60E1	; 0x8060e1 <packet+0xc>
    1c6a:	d0 91 e2 60 	lds	r29, 0x60E2	; 0x8060e2 <packet+0xd>
/Users/askn/Develop/UPDI4AVR-USB/src/nvmv4.cpp:108
  }

  bool write_eeprom (uint32_t _dwAddr, size_t _wLength) {
    D2PRINTF(" NVM_V4_EEERWR=%06lX\r\n", _dwAddr);
    return (
      nvm_ctrl_change(0x13)   /* NVM_V4_CMD_EEERWR */
    1c6e:	82 32       	cpi	r24, 0x22	; 34
    1c70:	31 f0       	breq	.+12     	; 0x1c7e <NVM::V4::write_memory()+0x4e>
/Users/askn/Develop/UPDI4AVR-USB/src/nvmv4.cpp:111
      && UPDI::send_bytes_block_slow(_dwAddr, _wLength)
      && (nvm_wait() & 0x73) == 0
      && nvm_ctrl_change(0x00)
    1c72:	9e e4       	ldi	r25, 0x4E	; 78
    1c74:	98 0f       	add	r25, r24
/Users/askn/Develop/UPDI4AVR-USB/src/nvmv4.cpp:90
    D2PRINTF(" NVM_V4_FLWR=%06lX\r\n", _dwAddr);
    return (
      nvm_ctrl_change(0x02)   /* NVM_V4_CMD_FLWR */
      && UPDI::send_words_block(_dwAddr, _wLength)
      && (nvm_wait() & 0x73) == 0
      && nvm_ctrl_change(0x00)
    1c76:	92 30       	cpi	r25, 0x02	; 2
/Users/askn/Develop/UPDI4AVR-USB/src/nvmv4.cpp:109

  bool write_eeprom (uint32_t _dwAddr, size_t _wLength) {
    D2PRINTF(" NVM_V4_EEERWR=%06lX\r\n", _dwAddr);
    return (
      nvm_ctrl_change(0x13)   /* NVM_V4_CMD_EEERWR */
      && UPDI::send_bytes_block_slow(_dwAddr, _wLength)
    1c78:	10 f0       	brcs	.+4      	; 0x1c7e <NVM::V4::write_memory()+0x4e>
    1c7a:	84 3c       	cpi	r24, 0xC4	; 196
    1c7c:	91 f4       	brne	.+36     	; 0x1ca2 <NVM::V4::write_memory()+0x72>
write_eeprom():
    1c7e:	83 e1       	ldi	r24, 0x13	; 19
    1c80:	76 db       	rcall	.-2324   	; 0x136e <NVM::V3::nvm_ctrl_change(unsigned char)>
    1c82:	81 11       	cpse	r24, r1
    1c84:	02 c0       	rjmp	.+4      	; 0x1c8a <NVM::V4::write_memory()+0x5a>
_ZN3NVM2V412write_memoryEv():
/Users/askn/Develop/UPDI4AVR-USB/src/nvmv4.cpp:110
      && (nvm_wait() & 0x73) == 0
    1c86:	80 e0       	ldi	r24, 0x00	; 0
    1c88:	dc cf       	rjmp	.-72     	; 0x1c42 <NVM::V4::write_memory()+0x12>
write_eeprom():
    1c8a:	ae 01       	movw	r20, r28
    1c8c:	c7 01       	movw	r24, r14
    1c8e:	b6 01       	movw	r22, r12
    1c90:	0e 94 44 03 	call	0x688	; 0x688 <UPDI::send_bytes_block_slow(unsigned long, unsigned int)>
/Users/askn/Develop/UPDI4AVR-USB/src/nvmv4.cpp:170
      /* MTYPE_LOCK_BITS */
      /* MTYPE_EEPROM */
      /* MTYPE_EEPROM_XMEGA */
      return write_eeprom(_dwAddr, _wLength);
    }
    else if (m_type == 0xC0 || m_type == 0xC5) {
    1c94:	88 23       	and	r24, r24
    1c96:	b9 f3       	breq	.-18     	; 0x1c86 <NVM::V4::write_memory()+0x56>
/Users/askn/Develop/UPDI4AVR-USB/src/nvmv4.cpp:95
      && nvm_ctrl_change(0x00)
    );
  }

  bool write_bytes_flash (uint32_t _dwAddr, size_t _wLength) {
    if (SYS::is_boundary_flash_page(_dwAddr)) erase_flash_page(_dwAddr);
    1c98:	59 db       	rcall	.-2382   	; 0x134c <NVM::V3::nvm_wait()>
    1c9a:	83 77       	andi	r24, 0x73	; 115
    1c9c:	a1 f7       	brne	.-24     	; 0x1c86 <NVM::V4::write_memory()+0x56>
    1c9e:	84 db       	rcall	.-2296   	; 0x13a8 <NVM::V4::write_eeprom(unsigned long, unsigned int) [clone .part.5]>
    1ca0:	d0 cf       	rjmp	.-96     	; 0x1c42 <NVM::V4::write_memory()+0x12>
_ZN3NVM2V412write_memoryEv():
    1ca2:	80 3c       	cpi	r24, 0xC0	; 192
    1ca4:	11 f0       	breq	.+4      	; 0x1caa <NVM::V4::write_memory()+0x7a>
    1ca6:	85 3c       	cpi	r24, 0xC5	; 197
    1ca8:	c9 f4       	brne	.+50     	; 0x1cdc <NVM::V4::write_memory()+0xac>
write_bytes_flash():
/Users/askn/Develop/UPDI4AVR-USB/src/nvmv4.cpp:98
    D2PRINTF(" NVM_V4_FLWR=%06lX\r\n", _dwAddr);
    return (
      nvm_ctrl_change(0x02)   /* NVM_V4_CMD_FLWR */
    1caa:	c7 01       	movw	r24, r14
    1cac:	b6 01       	movw	r22, r12
    1cae:	0e 94 71 05 	call	0xae2	; 0xae2 <SYS::is_boundary_flash_page(unsigned long)>
/Users/askn/Develop/UPDI4AVR-USB/src/nvmv4.cpp:101
      && UPDI::send_bytes_block_slow(_dwAddr, _wLength)
      && (nvm_wait() & 0x73) == 0
      && nvm_ctrl_change(0x00)
    1cb2:	88 23       	and	r24, r24
/Users/askn/Develop/UPDI4AVR-USB/src/nvmv4.cpp:99
  bool write_bytes_flash (uint32_t _dwAddr, size_t _wLength) {
    if (SYS::is_boundary_flash_page(_dwAddr)) erase_flash_page(_dwAddr);
    D2PRINTF(" NVM_V4_FLWR=%06lX\r\n", _dwAddr);
    return (
      nvm_ctrl_change(0x02)   /* NVM_V4_CMD_FLWR */
      && UPDI::send_bytes_block_slow(_dwAddr, _wLength)
    1cb4:	19 f0       	breq	.+6      	; 0x1cbc <NVM::V4::write_memory()+0x8c>
    1cb6:	c7 01       	movw	r24, r14
    1cb8:	b6 01       	movw	r22, r12
    1cba:	cd db       	rcall	.-2150   	; 0x1456 <NVM::V4::erase_flash_page(unsigned long)>
    1cbc:	82 e0       	ldi	r24, 0x02	; 2
    1cbe:	57 db       	rcall	.-2386   	; 0x136e <NVM::V3::nvm_ctrl_change(unsigned char)>
    1cc0:	88 23       	and	r24, r24
/Users/askn/Develop/UPDI4AVR-USB/src/nvmv4.cpp:100
      && (nvm_wait() & 0x73) == 0
    1cc2:	09 f3       	breq	.-62     	; 0x1c86 <NVM::V4::write_memory()+0x56>
    1cc4:	ae 01       	movw	r20, r28
    1cc6:	c7 01       	movw	r24, r14
    1cc8:	b6 01       	movw	r22, r12
    1cca:	0e 94 44 03 	call	0x688	; 0x688 <UPDI::send_bytes_block_slow(unsigned long, unsigned int)>
/Users/askn/Develop/UPDI4AVR-USB/src/nvmv4.cpp:175
    else if (m_type == 0xC0 || m_type == 0xC5) {
      /* MTYPE_FLASH (alias) */
      /* MTYPE_USERSIG (USERROW, BOOTROW) */
      return write_bytes_flash(_dwAddr, _wLength);
    }
    else if (m_type == 0xB0) {
    1cce:	88 23       	and	r24, r24
    1cd0:	d1 f2       	breq	.-76     	; 0x1c86 <NVM::V4::write_memory()+0x56>
/Users/askn/Develop/UPDI4AVR-USB/src/nvmv4.cpp:177
      /* MTYPE_FLASH_PAGE (PROGMEM) */
      _dwAddr += PROG_START;
    1cd2:	3c db       	rcall	.-2440   	; 0x134c <NVM::V3::nvm_wait()>
    1cd4:	83 77       	andi	r24, 0x73	; 115
    1cd6:	b9 f6       	brne	.-82     	; 0x1c86 <NVM::V4::write_memory()+0x56>
/Users/askn/Develop/UPDI4AVR-USB/src/nvmv4.cpp:84
    );
  }

  bool write_words_flash (uint32_t _dwAddr, size_t _wLength) {
    if (bit_is_clear(PGCONF, PGCONF_ERSE_bp)
      && SYS::is_boundary_flash_page(_dwAddr)) erase_flash_page(_dwAddr);
    1cd8:	67 db       	rcall	.-2354   	; 0x13a8 <NVM::V4::write_eeprom(unsigned long, unsigned int) [clone .part.5]>
    1cda:	b3 cf       	rjmp	.-154    	; 0x1c42 <NVM::V4::write_memory()+0x12>
_ZN3NVM2V412write_memoryEv():
    1cdc:	80 3b       	cpi	r24, 0xB0	; 176
    1cde:	09 f5       	brne	.+66     	; 0x1d22 <NVM::V4::write_memory()+0xf2>
    1ce0:	80 e8       	ldi	r24, 0x80	; 128
    1ce2:	e8 0e       	add	r14, r24
    1ce4:	f1 1c       	adc	r15, r1
write_words_flash():
    1ce6:	fa 99       	sbic	0x1f, 2	; 31
    1ce8:	09 c0       	rjmp	.+18     	; 0x1cfc <NVM::V4::write_memory()+0xcc>
    1cea:	c7 01       	movw	r24, r14
/Users/askn/Develop/UPDI4AVR-USB/src/nvmv4.cpp:87
    D2PRINTF(" NVM_V4_FLWR=%06lX\r\n", _dwAddr);
    return (
      nvm_ctrl_change(0x02)   /* NVM_V4_CMD_FLWR */
    1cec:	b6 01       	movw	r22, r12
    1cee:	0e 94 71 05 	call	0xae2	; 0xae2 <SYS::is_boundary_flash_page(unsigned long)>
/Users/askn/Develop/UPDI4AVR-USB/src/nvmv4.cpp:90
      && UPDI::send_words_block(_dwAddr, _wLength)
      && (nvm_wait() & 0x73) == 0
      && nvm_ctrl_change(0x00)
    1cf2:	88 23       	and	r24, r24
    1cf4:	19 f0       	breq	.+6      	; 0x1cfc <NVM::V4::write_memory()+0xcc>
    1cf6:	c7 01       	movw	r24, r14
/Users/askn/Develop/UPDI4AVR-USB/src/nvmv4.cpp:88
    if (bit_is_clear(PGCONF, PGCONF_ERSE_bp)
      && SYS::is_boundary_flash_page(_dwAddr)) erase_flash_page(_dwAddr);
    D2PRINTF(" NVM_V4_FLWR=%06lX\r\n", _dwAddr);
    return (
      nvm_ctrl_change(0x02)   /* NVM_V4_CMD_FLWR */
      && UPDI::send_words_block(_dwAddr, _wLength)
    1cf8:	b6 01       	movw	r22, r12
    1cfa:	ad db       	rcall	.-2214   	; 0x1456 <NVM::V4::erase_flash_page(unsigned long)>
    1cfc:	82 e0       	ldi	r24, 0x02	; 2
    1cfe:	37 db       	rcall	.-2450   	; 0x136e <NVM::V3::nvm_ctrl_change(unsigned char)>
    1d00:	88 23       	and	r24, r24
    1d02:	09 f4       	brne	.+2      	; 0x1d06 <NVM::V4::write_memory()+0xd6>
    1d04:	c0 cf       	rjmp	.-128    	; 0x1c86 <NVM::V4::write_memory()+0x56>
/Users/askn/Develop/UPDI4AVR-USB/src/nvmv4.cpp:89
      && (nvm_wait() & 0x73) == 0
    1d06:	ae 01       	movw	r20, r28
    1d08:	c7 01       	movw	r24, r14
    1d0a:	b6 01       	movw	r22, r12
    1d0c:	0e 94 e3 02 	call	0x5c6	; 0x5c6 <UPDI::send_words_block(unsigned long, unsigned int)>
    1d10:	88 23       	and	r24, r24
    1d12:	09 f4       	brne	.+2      	; 0x1d16 <NVM::V4::write_memory()+0xe6>
    1d14:	b8 cf       	rjmp	.-144    	; 0x1c86 <NVM::V4::write_memory()+0x56>
/Users/askn/Develop/UPDI4AVR-USB/src/nvmv4.cpp:182
      _dwAddr += PROG_START;
      return write_words_flash(_dwAddr, _wLength);
    }
    else {
      /* MTYPE_SRAM */
      return UPDI::send_bytes_block(_dwAddr, _wLength);
    1d16:	1a db       	rcall	.-2508   	; 0x134c <NVM::V3::nvm_wait()>
    1d18:	83 77       	andi	r24, 0x73	; 115
    1d1a:	09 f0       	breq	.+2      	; 0x1d1e <NVM::V4::write_memory()+0xee>
    1d1c:	b4 cf       	rjmp	.-152    	; 0x1c86 <NVM::V4::write_memory()+0x56>
    1d1e:	44 db       	rcall	.-2424   	; 0x13a8 <NVM::V4::write_eeprom(unsigned long, unsigned int) [clone .part.5]>
/Users/askn/Develop/UPDI4AVR-USB/src/nvmv5.cpp:136
    }
    /* Page erase will not be used if received. */
    return 1;
  }

  size_t write_memory (void) {
    1d20:	90 cf       	rjmp	.-224    	; 0x1c42 <NVM::V4::write_memory()+0x12>
_ZN3NVM2V412write_memoryEv():
    1d22:	ae 01       	movw	r20, r28
    1d24:	c7 01       	movw	r24, r14
    1d26:	b6 01       	movw	r22, r12
    1d28:	0e 94 6e 03 	call	0x6dc	; 0x6dc <UPDI::send_bytes_block(unsigned long, unsigned int)>
/Users/askn/Develop/UPDI4AVR-USB/src/nvmv5.cpp:140
    uint8_t   m_type = packet.out.bMType;
    uint32_t _dwAddr = packet.out.dwAddr;
    size_t  _wLength = packet.out.dwLength;
    if (bit_is_clear(PGCONF, PGCONF_PROG_bp)) return UPDI::write_userrow();
    1d2c:	8a cf       	rjmp	.-236    	; 0x1c42 <NVM::V4::write_memory()+0x12>

00001d2e <NVM::V5::write_memory()>:
_ZN3NVM2V512write_memoryEv():
    1d2e:	cf 92       	push	r12
    1d30:	df 92       	push	r13
    1d32:	ef 92       	push	r14
/Users/askn/Develop/UPDI4AVR-USB/src/nvmv5.cpp:160
      _dwAddr += PROG_START;
      return write_words_flash(_dwAddr, _wLength);
    }
    else {
      /* MTYPE_SRAM */
      return UPDI::send_bytes_block(_dwAddr, _wLength);
    1d34:	ff 92       	push	r15
/Users/askn/Develop/UPDI4AVR-USB/src/nvmv5.cpp:162
    }
  }
    1d36:	cf 93       	push	r28
    1d38:	df 93       	push	r29
    1d3a:	f9 99       	sbic	0x1f, 1	; 31
    1d3c:	09 c0       	rjmp	.+18     	; 0x1d50 <NVM::V5::write_memory()+0x22>
    1d3e:	70 dd       	rcall	.-1312   	; 0x1820 <UPDI::write_userrow()>
    1d40:	90 e0       	ldi	r25, 0x00	; 0
    1d42:	df 91       	pop	r29
/Users/askn/Develop/UPDI4AVR-USB/src/nvmv5.cpp:137
    /* Page erase will not be used if received. */
    return 1;
  }

  size_t write_memory (void) {
    uint8_t   m_type = packet.out.bMType;
    1d44:	cf 91       	pop	r28
    1d46:	ff 90       	pop	r15
/Users/askn/Develop/UPDI4AVR-USB/src/nvmv5.cpp:138
    uint32_t _dwAddr = packet.out.dwAddr;
    1d48:	ef 90       	pop	r14
    1d4a:	df 90       	pop	r13
    1d4c:	cf 90       	pop	r12
    1d4e:	08 95       	ret
    1d50:	80 91 dc 60 	lds	r24, 0x60DC	; 0x8060dc <packet+0x7>
    1d54:	c0 90 dd 60 	lds	r12, 0x60DD	; 0x8060dd <packet+0x8>
/Users/askn/Develop/UPDI4AVR-USB/src/nvmv5.cpp:139
    size_t  _wLength = packet.out.dwLength;
    1d58:	d0 90 de 60 	lds	r13, 0x60DE	; 0x8060de <packet+0x9>
/Users/askn/Develop/UPDI4AVR-USB/src/nvmv5.cpp:141
    if (bit_is_clear(PGCONF, PGCONF_PROG_bp)) return UPDI::write_userrow();
    if (m_type == 0x22 || m_type == 0xB2 || m_type == 0xB3 || m_type == 0xC4) {
    1d5c:	e0 90 df 60 	lds	r14, 0x60DF	; 0x8060df <packet+0xa>
    1d60:	f0 90 e0 60 	lds	r15, 0x60E0	; 0x8060e0 <packet+0xb>
    1d64:	c0 91 e1 60 	lds	r28, 0x60E1	; 0x8060e1 <packet+0xc>
    1d68:	d0 91 e2 60 	lds	r29, 0x60E2	; 0x8060e2 <packet+0xd>
/Users/askn/Develop/UPDI4AVR-USB/src/nvmv5.cpp:93
  }

  bool write_eeprom (uint32_t _dwAddr, size_t _wLength) {
    D2PRINTF(" NVM_V5_EEPERW=%06lX\r\n", _dwAddr);
    return (
      nvm_ctrl_change(0x00)
    1d6c:	82 32       	cpi	r24, 0x22	; 34
    1d6e:	31 f0       	breq	.+12     	; 0x1d7c <NVM::V5::write_memory()+0x4e>
    1d70:	9e e4       	ldi	r25, 0x4E	; 78
/Users/askn/Develop/UPDI4AVR-USB/src/nvmv5.cpp:96
      && UPDI::send_bytes_block(_dwAddr, _wLength)
      && nvm_ctrl_change(0x15)  /* NVM_V5_CMD_EEPERW */
      && (nvm_wait() & 0x73) == 0
    1d72:	98 0f       	add	r25, r24
    1d74:	92 30       	cpi	r25, 0x02	; 2
    1d76:	10 f0       	brcs	.+4      	; 0x1d7c <NVM::V5::write_memory()+0x4e>
    1d78:	84 3c       	cpi	r24, 0xC4	; 196
/Users/askn/Develop/UPDI4AVR-USB/src/nvmv5.cpp:94

  bool write_eeprom (uint32_t _dwAddr, size_t _wLength) {
    D2PRINTF(" NVM_V5_EEPERW=%06lX\r\n", _dwAddr);
    return (
      nvm_ctrl_change(0x00)
      && UPDI::send_bytes_block(_dwAddr, _wLength)
    1d7a:	99 f4       	brne	.+38     	; 0x1da2 <NVM::V5::write_memory()+0x74>
write_eeprom():
    1d7c:	80 e0       	ldi	r24, 0x00	; 0
    1d7e:	f7 da       	rcall	.-2578   	; 0x136e <NVM::V3::nvm_ctrl_change(unsigned char)>
    1d80:	81 11       	cpse	r24, r1
    1d82:	02 c0       	rjmp	.+4      	; 0x1d88 <NVM::V5::write_memory()+0x5a>
_ZN3NVM2V512write_memoryEv():
/Users/askn/Develop/UPDI4AVR-USB/src/nvmv5.cpp:95
      && nvm_ctrl_change(0x15)  /* NVM_V5_CMD_EEPERW */
    1d84:	80 e0       	ldi	r24, 0x00	; 0
    1d86:	dc cf       	rjmp	.-72     	; 0x1d40 <NVM::V5::write_memory()+0x12>
write_eeprom():
    1d88:	ae 01       	movw	r20, r28
    1d8a:	c7 01       	movw	r24, r14
    1d8c:	b6 01       	movw	r22, r12
    1d8e:	0e 94 6e 03 	call	0x6dc	; 0x6dc <UPDI::send_bytes_block(unsigned long, unsigned int)>
    1d92:	88 23       	and	r24, r24
/Users/askn/Develop/UPDI4AVR-USB/src/nvmv5.cpp:148
      /* MTYPE_LOCK_BITS */
      /* MTYPE_EEPROM */
      /* MTYPE_EEPROM_XMEGA */
      return write_eeprom(_dwAddr, _wLength);
    }
    else if (m_type == 0xC0 || m_type == 0xC5) {
    1d94:	b9 f3       	breq	.-18     	; 0x1d84 <NVM::V5::write_memory()+0x56>
    1d96:	85 e1       	ldi	r24, 0x15	; 21
    1d98:	ea da       	rcall	.-2604   	; 0x136e <NVM::V3::nvm_ctrl_change(unsigned char)>
    1d9a:	88 23       	and	r24, r24
/Users/askn/Develop/UPDI4AVR-USB/src/nvmv5.cpp:151
      /* MTYPE_FLASH (alias) */
      /* MTYPE_USERSIG (USERROW, BOOTROW) */
      return write_bytes_flash(_dwAddr, _wLength);
    1d9c:	99 f3       	breq	.-26     	; 0x1d84 <NVM::V5::write_memory()+0x56>
    1d9e:	e0 da       	rcall	.-2624   	; 0x1360 <NVM::V3::write_eeprom(unsigned long, unsigned int) [clone .part.3]>
    1da0:	cf cf       	rjmp	.-98     	; 0x1d40 <NVM::V5::write_memory()+0x12>
_ZN3NVM2V512write_memoryEv():
    1da2:	80 3c       	cpi	r24, 0xC0	; 192
    1da4:	11 f0       	breq	.+4      	; 0x1daa <NVM::V5::write_memory()+0x7c>
/Users/askn/Develop/UPDI4AVR-USB/src/nvmv5.cpp:153
    }
    else if (m_type == 0xB0) {
    1da6:	85 3c       	cpi	r24, 0xC5	; 197
    1da8:	29 f4       	brne	.+10     	; 0x1db4 <NVM::V5::write_memory()+0x86>
/Users/askn/Develop/UPDI4AVR-USB/src/nvmv5.cpp:155
      /* MTYPE_FLASH_PAGE (PROGMEM) */
      _dwAddr += PROG_START;
    1daa:	ae 01       	movw	r20, r28
    1dac:	c7 01       	movw	r24, r14
/Users/askn/Develop/UPDI4AVR-USB/src/nvmv5.cpp:156
      return write_words_flash(_dwAddr, _wLength);
    1dae:	b6 01       	movw	r22, r12
    1db0:	06 db       	rcall	.-2548   	; 0x13be <NVM::V3::write_bytes_flash(unsigned long, unsigned int)>
    1db2:	c6 cf       	rjmp	.-116    	; 0x1d40 <NVM::V5::write_memory()+0x12>
/Users/askn/Develop/UPDI4AVR-USB/src/nvmv5.cpp:160
    }
    else {
      /* MTYPE_SRAM */
      return UPDI::send_bytes_block(_dwAddr, _wLength);
    1db4:	80 3b       	cpi	r24, 0xB0	; 176
    1db6:	39 f4       	brne	.+14     	; 0x1dc6 <NVM::V5::write_memory()+0x98>
    1db8:	c7 01       	movw	r24, r14
    1dba:	b6 01       	movw	r22, r12
    1dbc:	80 58       	subi	r24, 0x80	; 128
    1dbe:	9f 4f       	sbci	r25, 0xFF	; 255
/Users/askn/Develop/UPDI4AVR-USB/src/nvmv6.cpp:158
    /* Page erase will not be used if received. */
    /* Instead, page erase is determined by the is_boundary_flash_page function. */
    return 1;
  }

  size_t write_memory (void) {
    1dc0:	ae 01       	movw	r20, r28
    1dc2:	23 db       	rcall	.-2490   	; 0x140a <NVM::V3::write_words_flash(unsigned long, unsigned int)>
    1dc4:	bd cf       	rjmp	.-134    	; 0x1d40 <NVM::V5::write_memory()+0x12>
    1dc6:	ae 01       	movw	r20, r28
    1dc8:	c7 01       	movw	r24, r14
    1dca:	b6 01       	movw	r22, r12
/Users/askn/Develop/UPDI4AVR-USB/src/nvmv6.cpp:162
    uint8_t   m_type = packet.out.bMType;
    uint32_t _dwAddr = packet.out.dwAddr;
    size_t  _wLength = packet.out.dwLength;
    if (bit_is_clear(PGCONF, PGCONF_PROG_bp)) return UPDI::write_userrow();
    1dcc:	0e 94 6e 03 	call	0x6dc	; 0x6dc <UPDI::send_bytes_block(unsigned long, unsigned int)>
    1dd0:	b7 cf       	rjmp	.-146    	; 0x1d40 <NVM::V5::write_memory()+0x12>

00001dd2 <NVM::V6::write_memory()>:
_ZN3NVM2V612write_memoryEv():
/Users/askn/Develop/UPDI4AVR-USB/src/nvmv6.cpp:182
      _dwAddr += PROG_START;
      return write_words_flash(_dwAddr, _wLength);
    }
    else {
      /* MTYPE_SRAM */
      return UPDI::send_bytes_block(_dwAddr, _wLength);
    1dd2:	cf 92       	push	r12
/Users/askn/Develop/UPDI4AVR-USB/src/nvmv6.cpp:184
    }
  }
    1dd4:	df 92       	push	r13
    1dd6:	ef 92       	push	r14
    1dd8:	ff 92       	push	r15
    1dda:	cf 93       	push	r28
    1ddc:	df 93       	push	r29
    1dde:	f9 99       	sbic	0x1f, 1	; 31
/Users/askn/Develop/UPDI4AVR-USB/src/nvmv6.cpp:159
    /* Instead, page erase is determined by the is_boundary_flash_page function. */
    return 1;
  }

  size_t write_memory (void) {
    uint8_t   m_type = packet.out.bMType;
    1de0:	09 c0       	rjmp	.+18     	; 0x1df4 <NVM::V6::write_memory()+0x22>
    1de2:	1e dd       	rcall	.-1476   	; 0x1820 <UPDI::write_userrow()>
/Users/askn/Develop/UPDI4AVR-USB/src/nvmv6.cpp:160
    uint32_t _dwAddr = packet.out.dwAddr;
    1de4:	90 e0       	ldi	r25, 0x00	; 0
    1de6:	df 91       	pop	r29
    1de8:	cf 91       	pop	r28
    1dea:	ff 90       	pop	r15
    1dec:	ef 90       	pop	r14
    1dee:	df 90       	pop	r13
    1df0:	cf 90       	pop	r12
    1df2:	08 95       	ret
/Users/askn/Develop/UPDI4AVR-USB/src/nvmv6.cpp:161
    size_t  _wLength = packet.out.dwLength;
    1df4:	80 91 dc 60 	lds	r24, 0x60DC	; 0x8060dc <packet+0x7>
    1df8:	c0 90 dd 60 	lds	r12, 0x60DD	; 0x8060dd <packet+0x8>
/Users/askn/Develop/UPDI4AVR-USB/src/nvmv6.cpp:163
    if (bit_is_clear(PGCONF, PGCONF_PROG_bp)) return UPDI::write_userrow();
    if (m_type == 0x22 || m_type == 0xB2 || m_type == 0xB3 || m_type == 0xC4) {
    1dfc:	d0 90 de 60 	lds	r13, 0x60DE	; 0x8060de <packet+0x9>
    1e00:	e0 90 df 60 	lds	r14, 0x60DF	; 0x8060df <packet+0xa>
    1e04:	f0 90 e0 60 	lds	r15, 0x60E0	; 0x8060e0 <packet+0xb>
/Users/askn/Develop/UPDI4AVR-USB/src/nvmv6.cpp:108
  }

  bool write_eeprom (uint32_t _dwAddr, size_t _wLength) {
    D2PRINTF(" NVM_V6_EEERWR=%06lX\r\n", _dwAddr);
    return (
      nvm_ctrl_change(0x13)   /* NVM_V6_CMD_EEERWR */
    1e08:	c0 91 e1 60 	lds	r28, 0x60E1	; 0x8060e1 <packet+0xc>
    1e0c:	d0 91 e2 60 	lds	r29, 0x60E2	; 0x8060e2 <packet+0xd>
/Users/askn/Develop/UPDI4AVR-USB/src/nvmv6.cpp:111
      && UPDI::send_bytes_block_slow(_dwAddr, _wLength)
      && (nvm_wait() & 0x73) == 0
      && nvm_ctrl_change(0x00)
    1e10:	82 32       	cpi	r24, 0x22	; 34
/Users/askn/Develop/UPDI4AVR-USB/src/nvmv6.cpp:90
    D2PRINTF(" NVM_V6_FLWR=%06lX\r\n", _dwAddr);
    return (
      nvm_ctrl_change(0x02)   /* NVM_V6_CMD_FLWR */
      && UPDI::send_words_block(_dwAddr, _wLength)
      && (nvm_wait() & 0x73) == 0
      && nvm_ctrl_change(0x00)
    1e12:	31 f0       	breq	.+12     	; 0x1e20 <NVM::V6::write_memory()+0x4e>
    1e14:	9e e4       	ldi	r25, 0x4E	; 78
/Users/askn/Develop/UPDI4AVR-USB/src/nvmv6.cpp:109

  bool write_eeprom (uint32_t _dwAddr, size_t _wLength) {
    D2PRINTF(" NVM_V6_EEERWR=%06lX\r\n", _dwAddr);
    return (
      nvm_ctrl_change(0x13)   /* NVM_V6_CMD_EEERWR */
      && UPDI::send_bytes_block_slow(_dwAddr, _wLength)
    1e16:	98 0f       	add	r25, r24
    1e18:	92 30       	cpi	r25, 0x02	; 2
    1e1a:	10 f0       	brcs	.+4      	; 0x1e20 <NVM::V6::write_memory()+0x4e>
    1e1c:	84 3c       	cpi	r24, 0xC4	; 196
    1e1e:	91 f4       	brne	.+36     	; 0x1e44 <NVM::V6::write_memory()+0x72>
write_eeprom():
    1e20:	83 e1       	ldi	r24, 0x13	; 19
/Users/askn/Develop/UPDI4AVR-USB/src/nvmv6.cpp:110
      && (nvm_wait() & 0x73) == 0
    1e22:	57 da       	rcall	.-2898   	; 0x12d2 <NVM::V6::nvm_ctrl_change(unsigned char)>
    1e24:	81 11       	cpse	r24, r1
    1e26:	02 c0       	rjmp	.+4      	; 0x1e2c <NVM::V6::write_memory()+0x5a>
_ZN3NVM2V612write_memoryEv():
    1e28:	80 e0       	ldi	r24, 0x00	; 0
    1e2a:	dc cf       	rjmp	.-72     	; 0x1de4 <NVM::V6::write_memory()+0x12>
write_eeprom():
    1e2c:	ae 01       	movw	r20, r28
    1e2e:	c7 01       	movw	r24, r14
/Users/askn/Develop/UPDI4AVR-USB/src/nvmv6.cpp:170
      /* MTYPE_LOCK_BITS */
      /* MTYPE_EEPROM */
      /* MTYPE_EEPROM_XMEGA */
      return write_eeprom(_dwAddr, _wLength);
    }
    else if (m_type == 0xC0 || m_type == 0xC5) {
    1e30:	b6 01       	movw	r22, r12
    1e32:	0e 94 44 03 	call	0x688	; 0x688 <UPDI::send_bytes_block_slow(unsigned long, unsigned int)>
    1e36:	88 23       	and	r24, r24
/Users/askn/Develop/UPDI4AVR-USB/src/nvmv6.cpp:95
      && nvm_ctrl_change(0x00)
    );
  }

  bool write_bytes_flash (uint32_t _dwAddr, size_t _wLength) {
    if (SYS::is_boundary_flash_page(_dwAddr)) erase_flash_page(_dwAddr);
    1e38:	b9 f3       	breq	.-18     	; 0x1e28 <NVM::V6::write_memory()+0x56>
    1e3a:	41 da       	rcall	.-2942   	; 0x12be <NVM::V6::nvm_wait()>
    1e3c:	83 77       	andi	r24, 0x73	; 115
    1e3e:	a1 f7       	brne	.-24     	; 0x1e28 <NVM::V6::write_memory()+0x56>
    1e40:	65 da       	rcall	.-2870   	; 0x130c <NVM::V6::write_eeprom(unsigned long, unsigned int) [clone .part.5]>
    1e42:	d0 cf       	rjmp	.-96     	; 0x1de4 <NVM::V6::write_memory()+0x12>
_ZN3NVM2V612write_memoryEv():
    1e44:	80 3c       	cpi	r24, 0xC0	; 192
    1e46:	11 f0       	breq	.+4      	; 0x1e4c <NVM::V6::write_memory()+0x7a>
    1e48:	85 3c       	cpi	r24, 0xC5	; 197
    1e4a:	c9 f4       	brne	.+50     	; 0x1e7e <NVM::V6::write_memory()+0xac>
write_bytes_flash():
/Users/askn/Develop/UPDI4AVR-USB/src/nvmv6.cpp:98
    D2PRINTF(" NVM_V6_FLWR=%06lX\r\n", _dwAddr);
    return (
      nvm_ctrl_change(0x02)   /* NVM_V6_CMD_FLWR */
    1e4c:	c7 01       	movw	r24, r14
    1e4e:	b6 01       	movw	r22, r12
    1e50:	0e 94 71 05 	call	0xae2	; 0xae2 <SYS::is_boundary_flash_page(unsigned long)>
/Users/askn/Develop/UPDI4AVR-USB/src/nvmv6.cpp:101
      && UPDI::send_bytes_block_slow(_dwAddr, _wLength)
      && (nvm_wait() & 0x73) == 0
      && nvm_ctrl_change(0x00)
    1e54:	88 23       	and	r24, r24
/Users/askn/Develop/UPDI4AVR-USB/src/nvmv6.cpp:99
  bool write_bytes_flash (uint32_t _dwAddr, size_t _wLength) {
    if (SYS::is_boundary_flash_page(_dwAddr)) erase_flash_page(_dwAddr);
    D2PRINTF(" NVM_V6_FLWR=%06lX\r\n", _dwAddr);
    return (
      nvm_ctrl_change(0x02)   /* NVM_V6_CMD_FLWR */
      && UPDI::send_bytes_block_slow(_dwAddr, _wLength)
    1e56:	19 f0       	breq	.+6      	; 0x1e5e <NVM::V6::write_memory()+0x8c>
    1e58:	c7 01       	movw	r24, r14
    1e5a:	b6 01       	movw	r22, r12
    1e5c:	59 da       	rcall	.-2894   	; 0x1310 <NVM::V6::erase_flash_page(unsigned long)>
    1e5e:	82 e0       	ldi	r24, 0x02	; 2
    1e60:	38 da       	rcall	.-2960   	; 0x12d2 <NVM::V6::nvm_ctrl_change(unsigned char)>
    1e62:	88 23       	and	r24, r24
/Users/askn/Develop/UPDI4AVR-USB/src/nvmv6.cpp:100
      && (nvm_wait() & 0x73) == 0
    1e64:	09 f3       	breq	.-62     	; 0x1e28 <NVM::V6::write_memory()+0x56>
    1e66:	ae 01       	movw	r20, r28
    1e68:	c7 01       	movw	r24, r14
    1e6a:	b6 01       	movw	r22, r12
    1e6c:	0e 94 44 03 	call	0x688	; 0x688 <UPDI::send_bytes_block_slow(unsigned long, unsigned int)>
    1e70:	88 23       	and	r24, r24
/Users/askn/Develop/UPDI4AVR-USB/src/nvmv6.cpp:175
    else if (m_type == 0xC0 || m_type == 0xC5) {
      /* MTYPE_FLASH (alias) */
      /* MTYPE_USERSIG (USERROW, BOOTROW) */
      return write_bytes_flash(_dwAddr, _wLength);
    }
    else if (m_type == 0xB0) {
    1e72:	d1 f2       	breq	.-76     	; 0x1e28 <NVM::V6::write_memory()+0x56>
    1e74:	24 da       	rcall	.-3000   	; 0x12be <NVM::V6::nvm_wait()>
/Users/askn/Develop/UPDI4AVR-USB/src/nvmv6.cpp:177
      /* MTYPE_FLASH_PAGE (PROGMEM) */
      _dwAddr += PROG_START;
    1e76:	83 77       	andi	r24, 0x73	; 115
    1e78:	b9 f6       	brne	.-82     	; 0x1e28 <NVM::V6::write_memory()+0x56>
    1e7a:	48 da       	rcall	.-2928   	; 0x130c <NVM::V6::write_eeprom(unsigned long, unsigned int) [clone .part.5]>
/Users/askn/Develop/UPDI4AVR-USB/src/nvmv6.cpp:84
    );
  }

  bool write_words_flash (uint32_t _dwAddr, size_t _wLength) {
    if (bit_is_clear(PGCONF, PGCONF_ERSE_bp)
      && SYS::is_boundary_flash_page(_dwAddr)) erase_flash_page(_dwAddr);
    1e7c:	b3 cf       	rjmp	.-154    	; 0x1de4 <NVM::V6::write_memory()+0x12>
_ZN3NVM2V612write_memoryEv():
    1e7e:	80 3b       	cpi	r24, 0xB0	; 176
    1e80:	09 f5       	brne	.+66     	; 0x1ec4 <NVM::V6::write_memory()+0xf2>
    1e82:	80 e8       	ldi	r24, 0x80	; 128
    1e84:	e8 0e       	add	r14, r24
    1e86:	f1 1c       	adc	r15, r1
write_words_flash():
    1e88:	fa 99       	sbic	0x1f, 2	; 31
    1e8a:	09 c0       	rjmp	.+18     	; 0x1e9e <NVM::V6::write_memory()+0xcc>
    1e8c:	c7 01       	movw	r24, r14
    1e8e:	b6 01       	movw	r22, r12
    1e90:	0e 94 71 05 	call	0xae2	; 0xae2 <SYS::is_boundary_flash_page(unsigned long)>
/Users/askn/Develop/UPDI4AVR-USB/src/nvmv6.cpp:87
    D2PRINTF(" NVM_V6_FLWR=%06lX\r\n", _dwAddr);
    return (
      nvm_ctrl_change(0x02)   /* NVM_V6_CMD_FLWR */
    1e94:	88 23       	and	r24, r24
    1e96:	19 f0       	breq	.+6      	; 0x1e9e <NVM::V6::write_memory()+0xcc>
/Users/askn/Develop/UPDI4AVR-USB/src/nvmv6.cpp:90
      && UPDI::send_words_block(_dwAddr, _wLength)
      && (nvm_wait() & 0x73) == 0
      && nvm_ctrl_change(0x00)
    1e98:	c7 01       	movw	r24, r14
    1e9a:	b6 01       	movw	r22, r12
    1e9c:	39 da       	rcall	.-2958   	; 0x1310 <NVM::V6::erase_flash_page(unsigned long)>
/Users/askn/Develop/UPDI4AVR-USB/src/nvmv6.cpp:88
    if (bit_is_clear(PGCONF, PGCONF_ERSE_bp)
      && SYS::is_boundary_flash_page(_dwAddr)) erase_flash_page(_dwAddr);
    D2PRINTF(" NVM_V6_FLWR=%06lX\r\n", _dwAddr);
    return (
      nvm_ctrl_change(0x02)   /* NVM_V6_CMD_FLWR */
      && UPDI::send_words_block(_dwAddr, _wLength)
    1e9e:	82 e0       	ldi	r24, 0x02	; 2
    1ea0:	18 da       	rcall	.-3024   	; 0x12d2 <NVM::V6::nvm_ctrl_change(unsigned char)>
    1ea2:	88 23       	and	r24, r24
    1ea4:	09 f4       	brne	.+2      	; 0x1ea8 <NVM::V6::write_memory()+0xd6>
    1ea6:	c0 cf       	rjmp	.-128    	; 0x1e28 <NVM::V6::write_memory()+0x56>
    1ea8:	ae 01       	movw	r20, r28
    1eaa:	c7 01       	movw	r24, r14
/Users/askn/Develop/UPDI4AVR-USB/src/nvmv6.cpp:89
      && (nvm_wait() & 0x73) == 0
    1eac:	b6 01       	movw	r22, r12
    1eae:	0e 94 e3 02 	call	0x5c6	; 0x5c6 <UPDI::send_words_block(unsigned long, unsigned int)>
    1eb2:	88 23       	and	r24, r24
    1eb4:	09 f4       	brne	.+2      	; 0x1eb8 <NVM::V6::write_memory()+0xe6>
    1eb6:	b8 cf       	rjmp	.-144    	; 0x1e28 <NVM::V6::write_memory()+0x56>
    1eb8:	02 da       	rcall	.-3068   	; 0x12be <NVM::V6::nvm_wait()>
    1eba:	83 77       	andi	r24, 0x73	; 115
/Users/askn/Develop/UPDI4AVR-USB/src/nvmv6.cpp:182
      _dwAddr += PROG_START;
      return write_words_flash(_dwAddr, _wLength);
    }
    else {
      /* MTYPE_SRAM */
      return UPDI::send_bytes_block(_dwAddr, _wLength);
    1ebc:	09 f0       	breq	.+2      	; 0x1ec0 <NVM::V6::write_memory()+0xee>
    1ebe:	b4 cf       	rjmp	.-152    	; 0x1e28 <NVM::V6::write_memory()+0x56>
    1ec0:	25 da       	rcall	.-2998   	; 0x130c <NVM::V6::write_eeprom(unsigned long, unsigned int) [clone .part.5]>
    1ec2:	90 cf       	rjmp	.-224    	; 0x1de4 <NVM::V6::write_memory()+0x12>
_ZN3NVM2V612write_memoryEv():
    1ec4:	ae 01       	movw	r20, r28
/Users/askn/Develop/UPDI4AVR-USB/src/updi.cpp:284
    return sys_reset(false);
  }

  bool chip_erase (void) {
    D1PRINTF(" CHIP_ERASE");
    USART::drain();
    1ec6:	c7 01       	movw	r24, r14
    1ec8:	b6 01       	movw	r22, r12
/Users/askn/Develop/UPDI4AVR-USB/src/updi.cpp:270
    if (!send_bytes(nvmprog_key, sizeof(nvmprog_key)) || !key_wait_set(4)) return false;
    return _reset ? sys_reset(false) : true;
  }

  bool set_erase_key (void) {
    if (bit_is_clear(PGCONF, PGCONF_PROG_bp)) set_nvmprog_key(false);
    1eca:	0e 94 6e 03 	call	0x6dc	; 0x6dc <UPDI::send_bytes_block(unsigned long, unsigned int)>
    1ece:	8a cf       	rjmp	.-236    	; 0x1de4 <NVM::V6::write_memory()+0x12>

00001ed0 <UPDI::chip_erase()>:
_ZN4UPDI10chip_eraseEv():
    1ed0:	0e 94 56 01 	call	0x2ac	; 0x2ac <USART::drain(unsigned int) [clone .constprop.10]>
set_erase_key():
/Users/askn/Develop/UPDI4AVR-USB/src/updi.cpp:272
    D1PRINTF(" ERASE_KEY=");  /* wait set CHIPERASE */
    if (!send_bytes(erase_key, sizeof(erase_key)) || !key_wait_set(3)) return false;
    1ed4:	f9 99       	sbic	0x1f, 1	; 31
    1ed6:	02 c0       	rjmp	.+4      	; 0x1edc <UPDI::chip_erase()+0xc>
    1ed8:	80 e0       	ldi	r24, 0x00	; 0
    1eda:	65 dc       	rcall	.-1846   	; 0x17a6 <UPDI::set_nvmprog_key(bool)>
    1edc:	6a e0       	ldi	r22, 0x0A	; 10
    1ede:	70 e0       	ldi	r23, 0x00	; 0
    1ee0:	8d e6       	ldi	r24, 0x6D	; 109
    1ee2:	90 e6       	ldi	r25, 0x60	; 96
/Users/askn/Develop/UPDI4AVR-USB/src/updi.cpp:301
      sys_wait_set(3);      /* wait set PROGSTART */
    }
    D1PRINTF(" PROGSTART=%02X\r\n", RXDATA);
    bit_set(PGCONF, PGCONF_ERSE_bp);
    bit_set(PGCONF, PGCONF_PROG_bp);
    return (*Command_Table.prog_init)();
    1ee4:	0e 94 9d 02 	call	0x53a	; 0x53a <UPDI::send_bytes(unsigned char const*, unsigned int)>
/Users/askn/Develop/UPDI4AVR-USB/src/updi.cpp:272
  }

  bool set_erase_key (void) {
    if (bit_is_clear(PGCONF, PGCONF_PROG_bp)) set_nvmprog_key(false);
    D1PRINTF(" ERASE_KEY=");  /* wait set CHIPERASE */
    if (!send_bytes(erase_key, sizeof(erase_key)) || !key_wait_set(3)) return false;
    1ee8:	81 11       	cpse	r24, r1
    1eea:	02 c0       	rjmp	.+4      	; 0x1ef0 <UPDI::chip_erase()+0x20>
_ZN4UPDI10chip_eraseEv():
    1eec:	20 e0       	ldi	r18, 0x00	; 0
    1eee:	45 c0       	rjmp	.+138    	; 0x1f7a <UPDI::chip_erase()+0xaa>
set_erase_key():
    1ef0:	83 e0       	ldi	r24, 0x03	; 3
/Users/askn/Develop/UPDI4AVR-USB/src/updi.cpp:134
    const static uint8_t _reset[] = {
      0x55, 0xC8, 0x59, /* SYSRST */
      0x55, 0xC8, 0x00, /* SYSRUN */
      0x55, 0xC3, 0x04  /* UPDIDIS */
    };
    return send_bytes(_reset, _leave ? 9 : 6);
    1ef2:	3e dc       	rcall	.-1924   	; 0x1770 <UPDI::key_wait_set(unsigned char)>
    1ef4:	88 23       	and	r24, r24
    1ef6:	d1 f3       	breq	.-12     	; 0x1eec <UPDI::chip_erase()+0x1c>
sys_reset():
    1ef8:	66 e0       	ldi	r22, 0x06	; 6
    1efa:	70 e0       	ldi	r23, 0x00	; 0
    1efc:	87 e9       	ldi	r24, 0x97	; 151
/Users/askn/Develop/UPDI4AVR-USB/src/updi.cpp:285
  }

  bool chip_erase (void) {
    D1PRINTF(" CHIP_ERASE");
    USART::drain();
    if (!set_erase_key()) return false;
    1efe:	90 e6       	ldi	r25, 0x60	; 96
    1f00:	0e 94 9d 02 	call	0x53a	; 0x53a <UPDI::send_bytes(unsigned char const*, unsigned int)>
_ZN4UPDI10chip_eraseEv():
/Users/askn/Library/Arduino15/packages/MultiX-Zinnia/hardware/modernAVR/0.4.10/cores/modernAVR/api/delay_busywait.h:42
  }
}

void delay_millis (uint32_t _ms) {
  if (F_CPU >= 1000000L) {
    __builtin_avr_delay_cycles((F_CPU / 1000L) * _ms);
    1f04:	88 23       	and	r24, r24
    1f06:	91 f3       	breq	.-28     	; 0x1eec <UPDI::chip_erase()+0x1c>
delay_millis():
    1f08:	2f e1       	ldi	r18, 0x1F	; 31
    1f0a:	81 ea       	ldi	r24, 0xA1	; 161
    1f0c:	97 e0       	ldi	r25, 0x07	; 7
    1f0e:	21 50       	subi	r18, 0x01	; 1
    1f10:	80 40       	sbci	r24, 0x00	; 0
    1f12:	90 40       	sbci	r25, 0x00	; 0
    1f14:	e1 f7       	brne	.-8      	; 0x1f0e <UPDI::chip_erase()+0x3e>
    1f16:	00 c0       	rjmp	.+0      	; 0x1f18 <UPDI::chip_erase()+0x48>
    1f18:	00 00       	nop
    1f1a:	2f e1       	ldi	r18, 0x1F	; 31
    1f1c:	81 ea       	ldi	r24, 0xA1	; 161
    1f1e:	97 e0       	ldi	r25, 0x07	; 7
    1f20:	21 50       	subi	r18, 0x01	; 1
    1f22:	80 40       	sbci	r24, 0x00	; 0
    1f24:	90 40       	sbci	r25, 0x00	; 0
/Users/askn/Develop/UPDI4AVR-USB/src/updi.cpp:289
    D1PRINTF(" WAIT");
    SYS::delay_125ms();
    SYS::delay_125ms();
    USART::drain();
    1f26:	e1 f7       	brne	.-8      	; 0x1f20 <UPDI::chip_erase()+0x50>
    1f28:	00 c0       	rjmp	.+0      	; 0x1f2a <UPDI::chip_erase()+0x5a>
/Users/askn/Develop/UPDI4AVR-USB/src/updi.cpp:290
    sys_wait_clear(5);      /* wait clear RSTSYS */
    1f2a:	00 00       	nop
_ZN4UPDI10chip_eraseEv():
    1f2c:	0e 94 56 01 	call	0x2ac	; 0x2ac <USART::drain(unsigned int) [clone .constprop.10]>
/Users/askn/Develop/UPDI4AVR-USB/src/updi.cpp:291
    sys_wait_clear(0);      /* wait clear LOCKSTATUS */
    1f30:	85 e0       	ldi	r24, 0x05	; 5
    1f32:	e8 db       	rcall	.-2096   	; 0x1704 <UPDI::sys_wait_clear(unsigned char)>
    1f34:	80 e0       	ldi	r24, 0x00	; 0
/Users/askn/Library/Arduino15/packages/MultiX-Zinnia/hardware/modernAVR/0.4.10/cores/modernAVR/api/delay_busywait.h:33
static __inline__ __attribute__((__always_inline__)) void delay_micros (uint32_t _us);
static __inline__ __attribute__((__always_inline__)) void delay_millis (uint32_t _ms);

void delay_micros (uint32_t _us) {
  if (F_CPU >= 1000000L) {
    __builtin_avr_delay_cycles((F_CPU / 1000000L) * _us);
    1f36:	e6 db       	rcall	.-2100   	; 0x1704 <UPDI::sys_wait_clear(unsigned char)>
delay_micros():
    1f38:	82 e1       	ldi	r24, 0x12	; 18
    1f3a:	91 e0       	ldi	r25, 0x01	; 1
    1f3c:	01 97       	sbiw	r24, 0x01	; 1
    1f3e:	f1 f7       	brne	.-4      	; 0x1f3c <UPDI::chip_erase()+0x6c>
    1f40:	00 c0       	rjmp	.+0      	; 0x1f42 <UPDI::chip_erase()+0x72>
/Users/askn/Develop/UPDI4AVR-USB/src/updi.cpp:242
  }

  bool key_wait_clear (uint8_t _bit) {
    SYS::delay_55us();
    do {
      key_status();
    1f42:	00 00       	nop
key_wait_clear():
    1f44:	0e 94 c0 02 	call	0x580	; 0x580 <UPDI::key_status()>
/Users/askn/Develop/UPDI4AVR-USB/src/updi.cpp:243
    } while (bit_is_set(RXDATA, _bit));
    1f48:	eb 99       	sbic	0x1d, 3	; 29
/Users/askn/Develop/UPDI4AVR-USB/src/updi.cpp:294
    USART::drain();
    sys_wait_clear(5);      /* wait clear RSTSYS */
    sys_wait_clear(0);      /* wait clear LOCKSTATUS */
    D1PRINTF(" <SYS:%02X>\r\n", RXDATA);
    key_wait_clear(3);      /* wait clear CHIPERASE */
    if (sys_status() && bit_is_clear(RXDATA, 3)) {
    1f4a:	fc cf       	rjmp	.-8      	; 0x1f44 <UPDI::chip_erase()+0x74>
_ZN4UPDI10chip_eraseEv():
    1f4c:	0e 94 b7 02 	call	0x56e	; 0x56e <UPDI::sys_status()>
    1f50:	88 23       	and	r24, r24
    1f52:	41 f0       	breq	.+16     	; 0x1f64 <UPDI::chip_erase()+0x94>
    1f54:	eb 99       	sbic	0x1d, 3	; 29
/Users/askn/Develop/UPDI4AVR-USB/src/updi.cpp:295
      if (!set_nvmprog_key(true)) return false;
    1f56:	06 c0       	rjmp	.+12     	; 0x1f64 <UPDI::chip_erase()+0x94>
    1f58:	81 e0       	ldi	r24, 0x01	; 1
    1f5a:	25 dc       	rcall	.-1974   	; 0x17a6 <UPDI::set_nvmprog_key(bool)>
    1f5c:	88 23       	and	r24, r24
    1f5e:	31 f2       	breq	.-116    	; 0x1eec <UPDI::chip_erase()+0x1c>
/Users/askn/Develop/UPDI4AVR-USB/src/updi.cpp:296
      sys_wait_set(3);      /* wait set PROGSTART */
    1f60:	83 e0       	ldi	r24, 0x03	; 3
    1f62:	eb db       	rcall	.-2090   	; 0x173a <UPDI::sys_wait_set(unsigned char)>
    1f64:	fa 9a       	sbi	0x1f, 2	; 31
/Users/askn/Develop/UPDI4AVR-USB/src/updi.cpp:299
    }
    D1PRINTF(" PROGSTART=%02X\r\n", RXDATA);
    bit_set(PGCONF, PGCONF_ERSE_bp);
    1f66:	f9 9a       	sbi	0x1f, 1	; 31
/Users/askn/Develop/UPDI4AVR-USB/src/updi.cpp:300
    bit_set(PGCONF, PGCONF_PROG_bp);
    1f68:	e0 91 48 63 	lds	r30, 0x6348	; 0x806348 <Command_Table>
/Users/askn/Develop/UPDI4AVR-USB/src/updi.cpp:301
    return (*Command_Table.prog_init)();
    1f6c:	f0 91 49 63 	lds	r31, 0x6349	; 0x806349 <Command_Table+0x1>
    1f70:	09 95       	icall
    1f72:	21 e0       	ldi	r18, 0x01	; 1
    1f74:	89 2b       	or	r24, r25
    1f76:	09 f4       	brne	.+2      	; 0x1f7a <UPDI::chip_erase()+0xaa>
    1f78:	b9 cf       	rjmp	.-142    	; 0x1eec <UPDI::chip_erase()+0x1c>
    1f7a:	82 2f       	mov	r24, r18
/Users/askn/Develop/UPDI4AVR-USB/src/updi.cpp:302
  }
    1f7c:	08 95       	ret

00001f7e <NVM::V0::erase_memory()>:
_ZN3NVM2V012erase_memoryEv():
    1f7e:	80 91 dc 60 	lds	r24, 0x60DC	; 0x8060dc <packet+0x7>
/Users/askn/Develop/UPDI4AVR-USB/src/nvmv0.cpp:134
    return 0;
  }

  size_t erase_memory (void) {
    uint8_t e_type = packet.out.bEType;
    if (e_type == 0x00) {
    1f82:	81 11       	cpse	r24, r1
    1f84:	03 c0       	rjmp	.+6      	; 0x1f8c <NVM::V0::erase_memory()+0xe>
    1f86:	a4 df       	rcall	.-184    	; 0x1ed0 <UPDI::chip_erase()>
/Users/askn/Develop/UPDI4AVR-USB/src/nvmv0.cpp:136
      /* XMEGA_ERASE_CHIP */
      return UPDI::chip_erase();
    1f88:	90 e0       	ldi	r25, 0x00	; 0
    1f8a:	08 95       	ret
    1f8c:	81 e0       	ldi	r24, 0x01	; 1
    1f8e:	90 e0       	ldi	r25, 0x00	; 0
/Users/askn/Develop/UPDI4AVR-USB/src/nvmv0.cpp:139
    }
    /* Page erase will not be used if received. */
    return 1;
    1f90:	08 95       	ret

00001f92 <NVM::V3::erase_memory()>:
_ZN3NVM2V312erase_memoryEv():
    1f92:	f5 cf       	rjmp	.-22     	; 0x1f7e <NVM::V0::erase_memory()>

00001f94 <NVM::V5::erase_memory()>:
_ZN3NVM2V512erase_memoryEv():
/Users/askn/Develop/UPDI4AVR-USB/src/nvmv0.cpp:140
  }
    1f94:	f4 cf       	rjmp	.-24     	; 0x1f7e <NVM::V0::erase_memory()>

00001f96 <NVM::V2::erase_memory()>:
_ZN3NVM2V212erase_memoryEv():
    1f96:	80 91 dc 60 	lds	r24, 0x60DC	; 0x8060dc <packet+0x7>
    1f9a:	81 11       	cpse	r24, r1
    1f9c:	03 c0       	rjmp	.+6      	; 0x1fa4 <NVM::V2::erase_memory()+0xe>
/Users/askn/Develop/UPDI4AVR-USB/src/nvmv2.cpp:137
    }
    return 0;
  }

  size_t erase_memory (void) {
    uint8_t e_type = packet.out.bEType;
    1f9e:	98 df       	rcall	.-208    	; 0x1ed0 <UPDI::chip_erase()>
    1fa0:	90 e0       	ldi	r25, 0x00	; 0
/Users/askn/Develop/UPDI4AVR-USB/src/nvmv2.cpp:138
    if (e_type == 0x00) {
    1fa2:	08 95       	ret
    1fa4:	87 30       	cpi	r24, 0x07	; 7
/Users/askn/Develop/UPDI4AVR-USB/src/nvmv2.cpp:140
      /* XMEGA_ERASE_CHIP */
      return UPDI::chip_erase();
    1fa6:	51 f4       	brne	.+20     	; 0x1fbc <NVM::V2::erase_memory()+0x26>
    1fa8:	60 91 dd 60 	lds	r22, 0x60DD	; 0x8060dd <packet+0x8>
/Users/askn/Develop/UPDI4AVR-USB/src/nvmv2.cpp:147
    else {
      /* NOTE: AVRDUDE<=7.3 may pass the wrong M_TYPE. */
      /* For safety, only USERROW and BOOTROW are allowed to erase pages. */
      if (e_type == 0x07) {
        /* XMEGA_ERASE_USERSIG */
        return erase_flash_page(packet.out.dwAddr);
    1fac:	70 91 de 60 	lds	r23, 0x60DE	; 0x8060de <packet+0x9>
/Users/askn/Develop/UPDI4AVR-USB/src/nvmv2.cpp:145
      return UPDI::chip_erase();
    }
    else {
      /* NOTE: AVRDUDE<=7.3 may pass the wrong M_TYPE. */
      /* For safety, only USERROW and BOOTROW are allowed to erase pages. */
      if (e_type == 0x07) {
    1fb0:	80 91 df 60 	lds	r24, 0x60DF	; 0x8060df <packet+0xa>
/Users/askn/Develop/UPDI4AVR-USB/src/nvmv2.cpp:147
        /* XMEGA_ERASE_USERSIG */
        return erase_flash_page(packet.out.dwAddr);
    1fb4:	90 91 e0 60 	lds	r25, 0x60E0	; 0x8060e0 <packet+0xb>
    1fb8:	9d da       	rcall	.-2758   	; 0x14f4 <NVM::V2::erase_flash_page(unsigned long)>
    1fba:	f2 cf       	rjmp	.-28     	; 0x1fa0 <NVM::V2::erase_memory()+0xa>
    1fbc:	81 e0       	ldi	r24, 0x01	; 1
    1fbe:	90 e0       	ldi	r25, 0x00	; 0
    1fc0:	08 95       	ret

00001fc2 <NVM::V4::erase_memory()>:
_ZN3NVM2V412erase_memoryEv():
    1fc2:	80 91 dc 60 	lds	r24, 0x60DC	; 0x8060dc <packet+0x7>
    1fc6:	81 11       	cpse	r24, r1
/Users/askn/Develop/UPDI4AVR-USB/src/nvmv2.cpp:152
      }
    }
    /* Page erase will not be used if received. */
    /* Instead, page erase is determined by the is_boundary_flash_page function. */
    return 1;
    1fc8:	03 c0       	rjmp	.+6      	; 0x1fd0 <NVM::V4::erase_memory()+0xe>
    1fca:	82 df       	rcall	.-252    	; 0x1ed0 <UPDI::chip_erase()>
/Users/askn/Develop/UPDI4AVR-USB/src/nvmv2.cpp:153
  }
    1fcc:	90 e0       	ldi	r25, 0x00	; 0
/Users/askn/Develop/UPDI4AVR-USB/src/nvmv4.cpp:140
    }
    return 0;
  }

  size_t erase_memory (void) {
    uint8_t e_type = packet.out.bEType;
    1fce:	08 95       	ret
    1fd0:	87 30       	cpi	r24, 0x07	; 7
/Users/askn/Develop/UPDI4AVR-USB/src/nvmv4.cpp:141
    if (e_type == 0x00) {
    1fd2:	51 f4       	brne	.+20     	; 0x1fe8 <NVM::V4::erase_memory()+0x26>
    1fd4:	60 91 dd 60 	lds	r22, 0x60DD	; 0x8060dd <packet+0x8>
/Users/askn/Develop/UPDI4AVR-USB/src/nvmv4.cpp:143
      /* XMEGA_ERASE_CHIP */
      return UPDI::chip_erase();
    1fd8:	70 91 de 60 	lds	r23, 0x60DE	; 0x8060de <packet+0x9>
/Users/askn/Develop/UPDI4AVR-USB/src/nvmv4.cpp:150
    else {
      /* NOTE: AVRDUDE<=7.3 may pass the wrong M_TYPE. */
      /* For safety, only USERROW and BOOTROW are allowed to erase pages. */
      if (e_type == 0x07) {
        /* XMEGA_ERASE_USERSIG */
        return erase_flash_page(packet.out.dwAddr);
    1fdc:	80 91 df 60 	lds	r24, 0x60DF	; 0x8060df <packet+0xa>
/Users/askn/Develop/UPDI4AVR-USB/src/nvmv4.cpp:148
      return UPDI::chip_erase();
    }
    else {
      /* NOTE: AVRDUDE<=7.3 may pass the wrong M_TYPE. */
      /* For safety, only USERROW and BOOTROW are allowed to erase pages. */
      if (e_type == 0x07) {
    1fe0:	90 91 e0 60 	lds	r25, 0x60E0	; 0x8060e0 <packet+0xb>
/Users/askn/Develop/UPDI4AVR-USB/src/nvmv4.cpp:150
        /* XMEGA_ERASE_USERSIG */
        return erase_flash_page(packet.out.dwAddr);
    1fe4:	38 da       	rcall	.-2960   	; 0x1456 <NVM::V4::erase_flash_page(unsigned long)>
    1fe6:	f2 cf       	rjmp	.-28     	; 0x1fcc <NVM::V4::erase_memory()+0xa>
    1fe8:	81 e0       	ldi	r24, 0x01	; 1
    1fea:	90 e0       	ldi	r25, 0x00	; 0
    1fec:	08 95       	ret

00001fee <NVM::V6::erase_memory()>:
_ZN3NVM2V612erase_memoryEv():
    1fee:	80 91 dc 60 	lds	r24, 0x60DC	; 0x8060dc <packet+0x7>
    1ff2:	81 11       	cpse	r24, r1
    1ff4:	03 c0       	rjmp	.+6      	; 0x1ffc <NVM::V6::erase_memory()+0xe>
    1ff6:	6c df       	rcall	.-296    	; 0x1ed0 <UPDI::chip_erase()>
/Users/askn/Develop/UPDI4AVR-USB/src/nvmv4.cpp:155
      }
    }
    /* Page erase will not be used if received. */
    /* Instead, page erase is determined by the is_boundary_flash_page function. */
    return 1;
    1ff8:	90 e0       	ldi	r25, 0x00	; 0
    1ffa:	08 95       	ret
/Users/askn/Develop/UPDI4AVR-USB/src/nvmv4.cpp:156
  }
    1ffc:	87 30       	cpi	r24, 0x07	; 7
/Users/askn/Develop/UPDI4AVR-USB/src/nvmv6.cpp:140
    }
    return 0;
  }

  size_t erase_memory (void) {
    uint8_t e_type = packet.out.bEType;
    1ffe:	51 f4       	brne	.+20     	; 0x2014 <__DATA_REGION_LENGTH__+0x14>
    2000:	60 91 dd 60 	lds	r22, 0x60DD	; 0x8060dd <packet+0x8>
/Users/askn/Develop/UPDI4AVR-USB/src/nvmv6.cpp:141
    if (e_type == 0x00) {
    2004:	70 91 de 60 	lds	r23, 0x60DE	; 0x8060de <packet+0x9>
/Users/askn/Develop/UPDI4AVR-USB/src/nvmv6.cpp:143
      /* XMEGA_ERASE_CHIP */
      return UPDI::chip_erase();
    2008:	80 91 df 60 	lds	r24, 0x60DF	; 0x8060df <packet+0xa>
/Users/askn/Develop/UPDI4AVR-USB/src/nvmv6.cpp:150
    else {
      /* NOTE: AVRDUDE<=7.3 may pass the wrong M_TYPE. */
      /* For safety, only USERROW and BOOTROW are allowed to erase pages. */
      if (e_type == 0x07) {
        /* XMEGA_ERASE_USERSIG */
        return erase_flash_page(packet.out.dwAddr);
    200c:	90 91 e0 60 	lds	r25, 0x60E0	; 0x8060e0 <packet+0xb>
/Users/askn/Develop/UPDI4AVR-USB/src/nvmv6.cpp:148
      return UPDI::chip_erase();
    }
    else {
      /* NOTE: AVRDUDE<=7.3 may pass the wrong M_TYPE. */
      /* For safety, only USERROW and BOOTROW are allowed to erase pages. */
      if (e_type == 0x07) {
    2010:	7f d9       	rcall	.-3330   	; 0x1310 <NVM::V6::erase_flash_page(unsigned long)>
/Users/askn/Develop/UPDI4AVR-USB/src/nvmv6.cpp:150
        /* XMEGA_ERASE_USERSIG */
        return erase_flash_page(packet.out.dwAddr);
    2012:	f2 cf       	rjmp	.-28     	; 0x1ff8 <NVM::V6::erase_memory()+0xa>
    2014:	81 e0       	ldi	r24, 0x01	; 1
    2016:	90 e0       	ldi	r25, 0x00	; 0
    2018:	08 95       	ret

0000201a <SYS::power_reset(bool, bool) [clone .part.5]>:
_ZN3SYS11power_resetEbb.part.5():
    201a:	88 23       	and	r24, r24
    201c:	49 f0       	breq	.+18     	; 0x2030 <SYS::power_reset(bool, bool) [clone .part.5]+0x16>
delay_millis():
    201e:	2f e7       	ldi	r18, 0x7F	; 127
    2020:	88 e3       	ldi	r24, 0x38	; 56
    2022:	91 e0       	ldi	r25, 0x01	; 1
    2024:	21 50       	subi	r18, 0x01	; 1
    2026:	80 40       	sbci	r24, 0x00	; 0
/Users/askn/Develop/UPDI4AVR-USB/src/nvmv6.cpp:155
      }
    }
    /* Page erase will not be used if received. */
    /* Instead, page erase is determined by the is_boundary_flash_page function. */
    return 1;
    2028:	90 40       	sbci	r25, 0x00	; 0
/Users/askn/Develop/UPDI4AVR-USB/src/nvmv6.cpp:156
  }
    202a:	e1 f7       	brne	.-8      	; 0x2024 <SYS::power_reset(bool, bool) [clone .part.5]+0xa>
/Users/askn/Develop/UPDI4AVR-USB/src/sys.cpp:296
      pinControlRegister(PIN_VCP_RXD)  &= ~PORT_PULLUPEN_bm;
  #endif
    }
    if (_on) {
  #ifdef CONFIG_PGM_VPOWER_ENABLE
      if (_off) delay_20ms();   /* discharge duration */
    202c:	00 c0       	rjmp	.+0      	; 0x202e <SYS::power_reset(bool, bool) [clone .part.5]+0x14>
    202e:	00 00       	nop
_ZN3SYS11power_resetEbb.part.5():
/Users/askn/Library/Arduino15/packages/MultiX-Zinnia/hardware/modernAVR/0.4.10/cores/modernAVR/api/delay_busywait.h:42
  }
}

void delay_millis (uint32_t _ms) {
  if (F_CPU >= 1000000L) {
    __builtin_avr_delay_cycles((F_CPU / 1000L) * _ms);
    2030:	6b 98       	cbi	0x0d, 3	; 13
    2032:	80 91 12 04 	lds	r24, 0x0412	; 0x800412 <__TEXT_REGION_LENGTH__+0x7f0412>
    2036:	88 60       	ori	r24, 0x08	; 8
    2038:	80 93 12 04 	sts	0x0412, r24	; 0x800412 <__TEXT_REGION_LENGTH__+0x7f0412>
    203c:	80 91 13 04 	lds	r24, 0x0413	; 0x800413 <__TEXT_REGION_LENGTH__+0x7f0413>
    2040:	88 60       	ori	r24, 0x08	; 8
/Users/askn/Develop/UPDI4AVR-USB/src/sys.cpp:297
      digitalWriteMacro(PIN_PGM_VPOWER, LOW);   /* VTG on */
    2042:	80 93 13 04 	sts	0x0413, r24	; 0x800413 <__TEXT_REGION_LENGTH__+0x7f0413>
/Users/askn/Develop/UPDI4AVR-USB/src/sys.cpp:298
      pinControlRegister(PIN_VCP_TXD)  |= PORT_PULLUPEN_bm;   /* internal shared TCLK */
    2046:	80 91 10 04 	lds	r24, 0x0410	; 0x800410 <__TEXT_REGION_LENGTH__+0x7f0410>
    204a:	88 60       	ori	r24, 0x08	; 8
/Users/askn/Develop/UPDI4AVR-USB/src/sys.cpp:299
      pinControlRegister(PIN_VCP_RXD)  |= PORT_PULLUPEN_bm;
    204c:	80 93 10 04 	sts	0x0410, r24	; 0x800410 <__TEXT_REGION_LENGTH__+0x7f0410>
    2050:	80 91 11 04 	lds	r24, 0x0411	; 0x800411 <__TEXT_REGION_LENGTH__+0x7f0411>
    2054:	88 60       	ori	r24, 0x08	; 8
/Users/askn/Develop/UPDI4AVR-USB/src/sys.cpp:300
      pinControlRegister(PIN_PGM_TDAT) |= PORT_PULLUPEN_bm;
    2056:	80 93 11 04 	sts	0x0411, r24	; 0x800411 <__TEXT_REGION_LENGTH__+0x7f0411>
    205a:	08 95       	ret

0000205c <SYS::power_reset(bool, bool)>:
_ZN3SYS11power_resetEbb():
    205c:	88 23       	and	r24, r24
    205e:	a9 f0       	breq	.+42     	; 0x208a <SYS::power_reset(bool, bool)+0x2e>
/Users/askn/Develop/UPDI4AVR-USB/src/sys.cpp:301
      pinControlRegister(PIN_PGM_TRST) |= PORT_PULLUPEN_bm;
    2060:	6b 9a       	sbi	0x0d, 3	; 13
    2062:	90 91 11 04 	lds	r25, 0x0411	; 0x800411 <__TEXT_REGION_LENGTH__+0x7f0411>
    2066:	97 7f       	andi	r25, 0xF7	; 247
    2068:	90 93 11 04 	sts	0x0411, r25	; 0x800411 <__TEXT_REGION_LENGTH__+0x7f0411>
/Users/askn/Develop/UPDI4AVR-USB/src/sys.cpp:282
  /*
   * Target Reset
   */

  WEAK void power_reset (bool _off, bool _on) {
    if (_off) {
    206c:	90 91 10 04 	lds	r25, 0x0410	; 0x800410 <__TEXT_REGION_LENGTH__+0x7f0410>
/Users/askn/Develop/UPDI4AVR-USB/src/sys.cpp:288
  #ifdef CONFIG_PGM_VPOWER_ENABLE
      digitalWriteMacro(PIN_PGM_VPOWER, HIGH);  /* VTG off */
      /* Temporarily disable the pullup to stop current leakage when VTG=OFF. */
      /* It would be easier to just set the pin output LOW,                   */
      /* but we do it this way because of possible conflicts.                 */
      pinControlRegister(PIN_PGM_TRST) &= ~PORT_PULLUPEN_bm;
    2070:	97 7f       	andi	r25, 0xF7	; 247
    2072:	90 93 10 04 	sts	0x0410, r25	; 0x800410 <__TEXT_REGION_LENGTH__+0x7f0410>
    2076:	90 91 12 04 	lds	r25, 0x0412	; 0x800412 <__TEXT_REGION_LENGTH__+0x7f0412>
/Users/askn/Develop/UPDI4AVR-USB/src/sys.cpp:289
      pinControlRegister(PIN_PGM_TDAT) &= ~PORT_PULLUPEN_bm;
    207a:	97 7f       	andi	r25, 0xF7	; 247
    207c:	90 93 12 04 	sts	0x0412, r25	; 0x800412 <__TEXT_REGION_LENGTH__+0x7f0412>
    2080:	90 91 13 04 	lds	r25, 0x0413	; 0x800413 <__TEXT_REGION_LENGTH__+0x7f0413>
/Users/askn/Develop/UPDI4AVR-USB/src/sys.cpp:290
      pinControlRegister(PIN_VCP_TXD)  &= ~PORT_PULLUPEN_bm;  /* internal shared TCLK */
    2084:	97 7f       	andi	r25, 0xF7	; 247
    2086:	90 93 13 04 	sts	0x0413, r25	; 0x800413 <__TEXT_REGION_LENGTH__+0x7f0413>
    208a:	61 11       	cpse	r22, r1
/Users/askn/Develop/UPDI4AVR-USB/src/sys.cpp:291
      pinControlRegister(PIN_VCP_RXD)  &= ~PORT_PULLUPEN_bm;
    208c:	c6 cf       	rjmp	.-116    	; 0x201a <SYS::power_reset(bool, bool) [clone .part.5]>
    208e:	08 95       	ret

00002090 <TPI::connect()>:
_ZN3TPI7connectEv():
    2090:	0f 93       	push	r16
    2092:	1f 93       	push	r17
    2094:	cf 93       	push	r28
/Users/askn/Develop/UPDI4AVR-USB/src/sys.cpp:294
  #endif
    }
    if (_on) {
    2096:	df 93       	push	r29
    2098:	00 d0       	rcall	.+0      	; 0x209a <TPI::connect()+0xa>
    209a:	cd b7       	in	r28, 0x3d	; 61
/Users/askn/Develop/UPDI4AVR-USB/src/sys.cpp:304
      pinControlRegister(PIN_VCP_RXD)  |= PORT_PULLUPEN_bm;
      pinControlRegister(PIN_PGM_TDAT) |= PORT_PULLUPEN_bm;
      pinControlRegister(PIN_PGM_TRST) |= PORT_PULLUPEN_bm;
  #endif
    }
  }
    209c:	de b7       	in	r29, 0x3e	; 62
/Users/askn/Develop/UPDI4AVR-USB/src/tpi.cpp:230
    return nvm_ctrl(0x00);
  }

  // MARK: TPI Session

  size_t connect (void) {
    209e:	1f ba       	out	0x1f, r1	; 31
    20a0:	07 db       	rcall	.-2546   	; 0x16b0 <USART::setup()>
    20a2:	ff 9a       	sbi	0x1f, 7	; 31
    20a4:	01 9a       	sbi	0x00, 1	; 0
    20a6:	80 91 23 63 	lds	r24, 0x6323	; 0x806323 <_jtag_vpow>
    20aa:	81 11       	cpse	r24, r1
/Users/askn/Develop/UPDI4AVR-USB/src/tpi.cpp:231
    PGCONF = 0;
    20ac:	05 c0       	rjmp	.+10     	; 0x20b8 <TPI::connect()+0x28>
/Users/askn/Develop/UPDI4AVR-USB/src/tpi.cpp:232
    USART::setup();
    20ae:	81 e0       	ldi	r24, 0x01	; 1
    20b0:	80 93 23 63 	sts	0x6323, r24	; 0x806323 <_jtag_vpow>
power_reset():
/Users/askn/Develop/UPDI4AVR-USB/src/tpi.cpp:235
    bit_set(PGCONF, PGCONF_PGIF_bp);

    pinLogicPull(PIN_PGM_TRST);
    20b4:	80 e0       	ldi	r24, 0x00	; 0
/Users/askn/Develop/UPDI4AVR-USB/src/tpi.cpp:236
    if (_jtag_vpow == 0) {
    20b6:	b1 df       	rcall	.-158    	; 0x201a <SYS::power_reset(bool, bool) [clone .part.5]>
delay_micros():
    20b8:	83 ed       	ldi	r24, 0xD3	; 211
    20ba:	90 e3       	ldi	r25, 0x30	; 48
    20bc:	01 97       	sbiw	r24, 0x01	; 1
/Users/askn/Develop/UPDI4AVR-USB/src/tpi.cpp:237
      _jtag_vpow = 1;
    20be:	f1 f7       	brne	.-4      	; 0x20bc <TPI::connect()+0x2c>
    20c0:	00 c0       	rjmp	.+0      	; 0x20c2 <TPI::connect()+0x32>
    20c2:	00 00       	nop
_ZN3TPI7connectEv():
    20c4:	80 91 f1 62 	lds	r24, 0x62F1	; 0x8062f1 <_packet_length>
    20c8:	90 91 f2 62 	lds	r25, 0x62F2	; 0x8062f2 <_packet_length+0x1>
/Users/askn/Library/Arduino15/packages/MultiX-Zinnia/hardware/modernAVR/0.4.10/cores/modernAVR/api/delay_busywait.h:33
static __inline__ __attribute__((__always_inline__)) void delay_micros (uint32_t _us);
static __inline__ __attribute__((__always_inline__)) void delay_millis (uint32_t _ms);

void delay_micros (uint32_t _us) {
  if (F_CPU >= 1000000L) {
    __builtin_avr_delay_cycles((F_CPU / 1000000L) * _us);
    20cc:	07 97       	sbiw	r24, 0x07	; 7
    20ce:	20 f0       	brcs	.+8      	; 0x20d8 <TPI::connect()+0x48>
    20d0:	80 91 db 60 	lds	r24, 0x60DB	; 0x8060db <packet+0x6>
    20d4:	81 11       	cpse	r24, r1
/Users/askn/Develop/UPDI4AVR-USB/src/tpi.cpp:245
    SYS::delay_2500us();

    /* Called with `-xhvtpi` hvtpi_support */
    /* or SW0 holding start */
  #ifdef CONFIG_HVC_ENABLE
    if ((_packet_length > 6 && packet.out.tpi.bType) || bit_is_set(GPCONF, GPCONF_HLD_bp)) {
    20d6:	02 c0       	rjmp	.+4      	; 0x20dc <TPI::connect()+0x4c>
    20d8:	f6 9b       	sbis	0x1e, 6	; 30
    20da:	11 c0       	rjmp	.+34     	; 0x20fe <TPI::connect()+0x6e>
    20dc:	01 98       	cbi	0x00, 1	; 0
hvc_enable():
    20de:	80 e6       	ldi	r24, 0x60	; 96
    20e0:	80 93 01 0a 	sts	0x0A01, r24	; 0x800a01 <__TEXT_REGION_LENGTH__+0x7f0a01>
    20e4:	10 92 21 0a 	sts	0x0A21, r1	; 0x800a21 <__TEXT_REGION_LENGTH__+0x7f0a21>
    20e8:	81 e0       	ldi	r24, 0x01	; 1
    20ea:	80 93 00 0a 	sts	0x0A00, r24	; 0x800a00 <__TEXT_REGION_LENGTH__+0x7f0a00>
delay_micros():
/Users/askn/Develop/UPDI4AVR-USB/src/tpi.cpp:247
      /* External Reset : Activation High-Voltage mode */
      pinLogicOpen(PIN_PGM_TRST);
    20ee:	e3 ef       	ldi	r30, 0xF3	; 243
/Users/askn/Develop/UPDI4AVR-USB/src/sys.cpp:445
    return _adc_reading;
  }

  void hvc_enable (void) {
  #ifdef CONFIG_HVC_ENABLE
    TCA0_SPLIT_CTRLB = TCA_SPLIT_HCMP2EN_bm | TCA_SPLIT_HCMP1EN_bm;
    20f0:	f1 e0       	ldi	r31, 0x01	; 1
    20f2:	31 97       	sbiw	r30, 0x01	; 1
    20f4:	f1 f7       	brne	.-4      	; 0x20f2 <TPI::connect()+0x62>
/Users/askn/Develop/UPDI4AVR-USB/src/sys.cpp:446
    TCA0_SPLIT_HCNT  = 0;
    20f6:	00 c0       	rjmp	.+0      	; 0x20f8 <TPI::connect()+0x68>
    20f8:	00 00       	nop
_ZN3TPI7connectEv():
/Users/askn/Develop/UPDI4AVR-USB/src/sys.cpp:447
    TCA0_SPLIT_CTRLA = TCA_SPLIT_ENABLE_bm | TCA_SPLIT_CLKSEL_DIV1_gc;
    20fa:	69 9a       	sbi	0x0d, 1	; 13
    20fc:	fc 9a       	sbi	0x1f, 4	; 31
delay_millis():
    20fe:	ff e1       	ldi	r31, 0x1F	; 31
/Users/askn/Library/Arduino15/packages/MultiX-Zinnia/hardware/modernAVR/0.4.10/cores/modernAVR/api/delay_busywait.h:33
    2100:	21 ea       	ldi	r18, 0xA1	; 161
    2102:	87 e0       	ldi	r24, 0x07	; 7
    2104:	f1 50       	subi	r31, 0x01	; 1
    2106:	20 40       	sbci	r18, 0x00	; 0
    2108:	80 40       	sbci	r24, 0x00	; 0
    210a:	e1 f7       	brne	.-8      	; 0x2104 <TPI::connect()+0x74>
/Users/askn/Develop/UPDI4AVR-USB/src/tpi.cpp:249
      SYS::hvc_enable();
      digitalWriteMacro(PIN_HVC_SELECT2, HIGH);
    210c:	00 c0       	rjmp	.+0      	; 0x210e <TPI::connect()+0x7e>
/Users/askn/Library/Arduino15/packages/MultiX-Zinnia/hardware/modernAVR/0.4.10/cores/modernAVR/api/delay_busywait.h:42
  }
}

void delay_millis (uint32_t _ms) {
  if (F_CPU >= 1000000L) {
    __builtin_avr_delay_cycles((F_CPU / 1000L) * _ms);
    210e:	00 00       	nop
change_tpi():
    2110:	8f b7       	in	r24, 0x3f	; 63
__iCliRetVal():
    2112:	f8 94       	cli
change_tpi():
    2114:	90 e1       	ldi	r25, 0x10	; 16
    2116:	90 93 e2 05 	sts	0x05E2, r25	; 0x8005e2 <__TEXT_REGION_LENGTH__+0x7f05e2>
    211a:	90 e8       	ldi	r25, 0x80	; 128
    211c:	90 93 12 04 	sts	0x0412, r25	; 0x800412 <__TEXT_REGION_LENGTH__+0x7f0412>
/Users/askn/Develop/UPDI4AVR-USB/src/usart.cpp:108
  }

  /*** Set up single-wire synchronous mode for TPI operation. ***/
  /* The VCD-TxD is repurposed to transmit the synchronous clock. */
  void change_tpi (void) {
    ATOMIC_BLOCK(ATOMIC_RESTORESTATE) {
    2120:	02 9a       	sbi	0x00, 2	; 0
/Users/askn/Library/Arduino15/packages/MultiX-Zinnia/tools/avr8-gcc/7.3.0-avr8-gnu-toolchain/avr/include/util/atomic.h:50
    return 1;
}

static __inline__ uint8_t __iCliRetVal(void)
{
    cli();
    2122:	90 e2       	ldi	r25, 0x20	; 32
/Users/askn/Develop/UPDI4AVR-USB/src/usart.cpp:109
      PORTMUX_USARTROUTEA = PORTMUX_USART_PGM;
    2124:	90 93 04 08 	sts	0x0804, r25	; 0x800804 <__TEXT_REGION_LENGTH__+0x7f0804>
    2128:	20 e0       	ldi	r18, 0x00	; 0
/Users/askn/Develop/UPDI4AVR-USB/src/usart.cpp:110
      pinControlRegister(PIN_PGM_TCLK) = PORT_INVEN_bm;
    212a:	3a e0       	ldi	r19, 0x0A	; 10
    212c:	20 93 08 08 	sts	0x0808, r18	; 0x800808 <__TEXT_REGION_LENGTH__+0x7f0808>
/Users/askn/Develop/UPDI4AVR-USB/src/usart.cpp:111
      pinLogicPull(PIN_PGM_TCLK);   /* CONFIG_PGM_TYPE!=1 is internal shared VTxD */
    2130:	30 93 09 08 	sts	0x0809, r19	; 0x800809 <__TEXT_REGION_LENGTH__+0x7f0809>
/Users/askn/Develop/UPDI4AVR-USB/src/usart.cpp:112
      USART0_STATUS = USART_DREIF_bm;
    2134:	9b e6       	ldi	r25, 0x6B	; 107
    2136:	90 93 07 08 	sts	0x0807, r25	; 0x800807 <__TEXT_REGION_LENGTH__+0x7f0807>
/Users/askn/Develop/UPDI4AVR-USB/src/usart.cpp:113
      USART0_BAUD  = sync_baud_khz(TPI_CLK);
    213a:	9a e0       	ldi	r25, 0x0A	; 10
    213c:	90 93 05 08 	sts	0x0805, r25	; 0x800805 <__TEXT_REGION_LENGTH__+0x7f0805>
    2140:	98 ec       	ldi	r25, 0xC8	; 200
    2142:	90 93 06 08 	sts	0x0806, r25	; 0x800806 <__TEXT_REGION_LENGTH__+0x7f0806>
__iRestore():
/Users/askn/Develop/UPDI4AVR-USB/src/usart.cpp:114
      USART0_CTRLC = USART_CHSIZE_8BIT_gc | USART_PMODE_EVEN_gc | USART_CMODE_SYNCHRONOUS_gc | USART_SBMODE_2BIT_gc;
    2146:	8f bf       	out	0x3f, r24	; 63
_ZN3TPI7connectEv():
/Users/askn/Develop/UPDI4AVR-USB/src/usart.cpp:115
      USART0_CTRLA = USART_LBME_bm | USART_RS485_INT_gc;
    2148:	84 e1       	ldi	r24, 0x14	; 20
    214a:	90 e0       	ldi	r25, 0x00	; 0
    214c:	0e 94 4c 05 	call	0xa98	; 0xa98 <TPI::idle_clock(unsigned int)>
set_sstcs():
/Users/askn/Develop/UPDI4AVR-USB/src/usart.cpp:116
      USART0_CTRLB = USART_RXEN_bm | USART_TXEN_bm | USART_ODME_bm;
    2150:	82 ec       	ldi	r24, 0xC2	; 194
    2152:	0e 94 8c 02 	call	0x518	; 0x518 <PDI::send(unsigned char)>
/Users/askn/Develop/UPDI4AVR-USB/src/tpi.cpp:260
    /* Required rest time after PoR, 32-128 ms */
    SYS::delay_125ms();

    /*** Activate clock ***/
    USART::change_tpi();
    idle_clock(20);
    2156:	81 11       	cpse	r24, r1
    2158:	09 c0       	rjmp	.+18     	; 0x216c <TPI::connect()+0xdc>
_ZN3TPI7connectEv():
    215a:	90 e0       	ldi	r25, 0x00	; 0
    215c:	80 e0       	ldi	r24, 0x00	; 0
/Users/askn/Develop/UPDI4AVR-USB/src/tpi.cpp:74
    return send(0x80 | _addr) && recv();
  }

  bool set_sstcs (const uint8_t _addr, const uint8_t _data) {
    D2PRINTF("[SSTCS:%02X:%02X]\r\n", _addr, _data);
    return send(0xC0 | _addr) && send(_data);
    215e:	0f 90       	pop	r0
    2160:	0f 90       	pop	r0
    2162:	df 91       	pop	r29
    2164:	cf 91       	pop	r28
    2166:	1f 91       	pop	r17
/Users/askn/Develop/UPDI4AVR-USB/src/tpi.cpp:263
    /*** Activate clock ***/
    USART::change_tpi();
    idle_clock(20);

    /*** Set TPIPCR Guard Time ****/
    if (!set_sstcs(0x02, TPI_GVAL)) return 0;
    2168:	0f 91       	pop	r16
    216a:	08 95       	ret
set_sstcs():
/Users/askn/Develop/UPDI4AVR-USB/src/tpi.cpp:305
          bit_set(PGCONF, PGCONF_PROG_bp);
          return 1;
        }
      }
    } while (true);
  }
    216c:	85 e0       	ldi	r24, 0x05	; 5
    216e:	0e 94 09 05 	call	0xa12	; 0xa12 <PDI::send_byte(unsigned char) [clone .part.4]>
_ZN3TPI7connectEv():
    2172:	88 23       	and	r24, r24
    2174:	91 f3       	breq	.-28     	; 0x215a <TPI::connect()+0xca>
get_sldcs():
    2176:	8f e8       	ldi	r24, 0x8F	; 143
    2178:	0e 94 8c 02 	call	0x518	; 0x518 <PDI::send(unsigned char)>
    217c:	88 23       	and	r24, r24
    217e:	d9 f3       	breq	.-10     	; 0x2176 <TPI::connect()+0xe6>
/Users/askn/Develop/UPDI4AVR-USB/src/tpi.cpp:263
    /*** Activate clock ***/
    USART::change_tpi();
    idle_clock(20);

    /*** Set TPIPCR Guard Time ****/
    if (!set_sstcs(0x02, TPI_GVAL)) return 0;
    2180:	0e 94 8b 02 	call	0x516	; 0x516 <PDI::recv_byte() [clone .part.3]>
_ZN3TPI7connectEv():
/Users/askn/Develop/UPDI4AVR-USB/src/tpi.cpp:69

  /*** TPI control and CSS area command ***/

  bool get_sldcs (const uint8_t _addr) {
    D2PRINTF("[SLDCS:%02X]\r\n", _addr);
    return send(0x80 | _addr) && recv();
    2184:	88 23       	and	r24, r24
    2186:	b9 f3       	breq	.-18     	; 0x2176 <TPI::connect()+0xe6>
    2188:	8d b3       	in	r24, 0x1d	; 29
    218a:	80 38       	cpi	r24, 0x80	; 128
    218c:	a1 f7       	brne	.-24     	; 0x2176 <TPI::connect()+0xe6>
    218e:	f8 9a       	sbi	0x1f, 0	; 31
    2190:	ff 98       	cbi	0x1f, 7	; 31
/Users/askn/Develop/UPDI4AVR-USB/src/tpi.cpp:266

    /*** Set TPIPCR Guard Time ****/
    if (!set_sstcs(0x02, TPI_GVAL)) return 0;

    /*** Check TPIIR code : Fixed 0x80 ***/
    while (!(get_sldcs(0x0F) && (RXDATA == 0x80)));
    2192:	03 e5       	ldi	r16, 0x53	; 83
    2194:	10 e6       	ldi	r17, 0x60	; 96
    2196:	f8 01       	movw	r30, r16
    2198:	81 91       	ld	r24, Z+
    219a:	8f 01       	movw	r16, r30
/Users/askn/Develop/UPDI4AVR-USB/src/tpi.cpp:267
    bit_set(PGCONF, PGCONF_PGIA_bp);
    219c:	0e 94 8c 02 	call	0x518	; 0x518 <PDI::send(unsigned char)>
/Users/askn/Develop/UPDI4AVR-USB/src/tpi.cpp:268
    bit_clear(PGCONF, PGCONF_PGIF_bp);
    21a0:	88 23       	and	r24, r24
    21a2:	d9 f2       	breq	.-74     	; 0x215a <TPI::connect()+0xca>
/Users/askn/Develop/UPDI4AVR-USB/src/tpi.cpp:274

    /*** Activate NVMPROG mode ***/
    do {
      D1PRINTF(" SKEY\r\n");
      for (uint8_t i = 0; i < (uint8_t)sizeof(nvmprog_key); i++) {
        if (!send(nvmprog_key[i])) return 0;
    21a4:	f0 e6       	ldi	r31, 0x60	; 96
    21a6:	0c 35       	cpi	r16, 0x5C	; 92
    21a8:	1f 07       	cpc	r17, r31
    21aa:	a9 f7       	brne	.-22     	; 0x2196 <TPI::connect()+0x106>
    21ac:	18 e0       	ldi	r17, 0x08	; 8
    21ae:	84 e1       	ldi	r24, 0x14	; 20
    21b0:	90 e0       	ldi	r25, 0x00	; 0
/Users/askn/Develop/UPDI4AVR-USB/src/tpi.cpp:273
    bit_clear(PGCONF, PGCONF_PGIF_bp);

    /*** Activate NVMPROG mode ***/
    do {
      D1PRINTF(" SKEY\r\n");
      for (uint8_t i = 0; i < (uint8_t)sizeof(nvmprog_key); i++) {
    21b2:	0e 94 4c 05 	call	0xa98	; 0xa98 <TPI::idle_clock(unsigned int)>
get_sldcs():
    21b6:	80 e8       	ldi	r24, 0x80	; 128
    21b8:	0e 94 8c 02 	call	0x518	; 0x518 <PDI::send(unsigned char)>
/Users/askn/Develop/UPDI4AVR-USB/src/tpi.cpp:277
        if (!send(nvmprog_key[i])) return 0;
      }
      for (uint8_t _i = 0; _i < 8; _i++) {
        idle_clock(20);
    21bc:	81 11       	cpse	r24, r1
    21be:	03 c0       	rjmp	.+6      	; 0x21c6 <TPI::connect()+0x136>
    21c0:	11 50       	subi	r17, 0x01	; 1
_ZN3TPI7connectEv():
/Users/askn/Develop/UPDI4AVR-USB/src/tpi.cpp:69

  /*** TPI control and CSS area command ***/

  bool get_sldcs (const uint8_t _addr) {
    D2PRINTF("[SLDCS:%02X]\r\n", _addr);
    return send(0x80 | _addr) && recv();
    21c2:	a9 f7       	brne	.-22     	; 0x21ae <TPI::connect()+0x11e>
    21c4:	e6 cf       	rjmp	.-52     	; 0x2192 <TPI::connect()+0x102>
get_sldcs():
    21c6:	0e 94 8b 02 	call	0x516	; 0x516 <PDI::recv_byte() [clone .part.3]>
_ZN3TPI7connectEv():
    21ca:	88 23       	and	r24, r24
/Users/askn/Develop/UPDI4AVR-USB/src/tpi.cpp:276
    do {
      D1PRINTF(" SKEY\r\n");
      for (uint8_t i = 0; i < (uint8_t)sizeof(nvmprog_key); i++) {
        if (!send(nvmprog_key[i])) return 0;
      }
      for (uint8_t _i = 0; _i < 8; _i++) {
    21cc:	c9 f3       	breq	.-14     	; 0x21c0 <TPI::connect()+0x130>
    21ce:	8d b3       	in	r24, 0x1d	; 29
    21d0:	82 30       	cpi	r24, 0x02	; 2
    21d2:	b1 f7       	brne	.-20     	; 0x21c0 <TPI::connect()+0x130>
/Users/askn/Develop/UPDI4AVR-USB/src/tpi.cpp:278
        idle_clock(20);
        if (get_sldcs(0x00) && RXDATA == 0x02) {  /* get TPISR */
    21d4:	19 82       	std	Y+1, r1	; 0x01
    21d6:	1a 82       	std	Y+2, r1	; 0x02
    21d8:	81 ec       	ldi	r24, 0xC1	; 193
    21da:	9f e3       	ldi	r25, 0x3F	; 63
    21dc:	0e 94 34 05 	call	0xa68	; 0xa68 <TPI::set_sstpr(unsigned int)>
/Users/askn/Develop/UPDI4AVR-USB/src/tpi.cpp:291
          * Other is written in 1 word chunks.
          *
          * The original PICKit4 probably does the same thing,
          * since the JTAG3 protocol does not include these notifications.
          */
          uint16_t _signature = 0;
    21e0:	88 23       	and	r24, r24
/Users/askn/Develop/UPDI4AVR-USB/src/tpi.cpp:292
          if (set_sstpr(0x3FC1) && get_sld()) {
    21e2:	a9 f0       	breq	.+42     	; 0x220e <TPI::connect()+0x17e>
    21e4:	0e 94 2e 05 	call	0xa5c	; 0xa5c <TPI::get_sld()>
    21e8:	88 23       	and	r24, r24
    21ea:	89 f0       	breq	.+34     	; 0x220e <TPI::connect()+0x17e>
    21ec:	8d b3       	in	r24, 0x1d	; 29
    21ee:	8a 83       	std	Y+2, r24	; 0x02
    21f0:	0e 94 2e 05 	call	0xa5c	; 0xa5c <TPI::get_sld()>
    21f4:	88 23       	and	r24, r24
/Users/askn/Develop/UPDI4AVR-USB/src/tpi.cpp:293
            _CAPS16(_signature)->bytes[1] = RXDATA;
    21f6:	11 f0       	breq	.+4      	; 0x21fc <TPI::connect()+0x16c>
    21f8:	8d b3       	in	r24, 0x1d	; 29
/Users/askn/Develop/UPDI4AVR-USB/src/tpi.cpp:294
            if (get_sld()) _CAPS16(_signature)->bytes[0] = RXDATA;
    21fa:	89 83       	std	Y+1, r24	; 0x01
    21fc:	89 81       	ldd	r24, Y+1	; 0x01
    21fe:	9a 81       	ldd	r25, Y+2	; 0x02
    2200:	8e 30       	cpi	r24, 0x0E	; 14
    2202:	22 e9       	ldi	r18, 0x92	; 146
    2204:	92 07       	cpc	r25, r18
/Users/askn/Develop/UPDI4AVR-USB/src/tpi.cpp:296
          }
          _tpi_chunks = _signature == 0x920E ? 8  /* ATtiny40 */
    2206:	29 f0       	breq	.+10     	; 0x2212 <TPI::connect()+0x182>
    2208:	8f 30       	cpi	r24, 0x0F	; 15
    220a:	91 49       	sbci	r25, 0x91	; 145
    220c:	49 f0       	breq	.+18     	; 0x2220 <TPI::connect()+0x190>
    220e:	82 e0       	ldi	r24, 0x02	; 2
    2210:	01 c0       	rjmp	.+2      	; 0x2214 <TPI::connect()+0x184>
    2212:	88 e0       	ldi	r24, 0x08	; 8
    2214:	80 93 d3 60 	sts	0x60D3, r24	; 0x8060d3 <_tpi_chunks>
    2218:	f9 9a       	sbi	0x1f, 1	; 31
    221a:	81 e0       	ldi	r24, 0x01	; 1
    221c:	90 e0       	ldi	r25, 0x00	; 0
    221e:	9f cf       	rjmp	.-194    	; 0x215e <TPI::connect()+0xce>
    2220:	84 e0       	ldi	r24, 0x04	; 4
/Users/askn/Develop/UPDI4AVR-USB/src/tpi.cpp:300
                      : _signature == 0x910F ? 4  /* ATtiny20 */
                      : 2;                        /* Othres   */
          D1PRINTF(" SIG>%04X:%02X\r\n", _signature, _tpi_chunks);
          bit_set(PGCONF, PGCONF_PROG_bp);
    2222:	f8 cf       	rjmp	.-16     	; 0x2214 <TPI::connect()+0x184>

00002224 <PDI::connect()>:
_ZN3PDI7connectEv():
/Users/askn/Develop/UPDI4AVR-USB/src/tpi.cpp:301
          return 1;
    2224:	45 da       	rcall	.-2934   	; 0x16b0 <USART::setup()>
    2226:	ff 9a       	sbi	0x1f, 7	; 31
    2228:	10 92 14 04 	sts	0x0414, r1	; 0x800414 <__TEXT_REGION_LENGTH__+0x7f0414>
/Users/askn/Develop/UPDI4AVR-USB/src/tpi.cpp:296
          uint16_t _signature = 0;
          if (set_sstpr(0x3FC1) && get_sld()) {
            _CAPS16(_signature)->bytes[1] = RXDATA;
            if (get_sld()) _CAPS16(_signature)->bytes[0] = RXDATA;
          }
          _tpi_chunks = _signature == 0x920E ? 8  /* ATtiny40 */
    222c:	0c 98       	cbi	0x01, 4	; 1
/Users/askn/Develop/UPDI4AVR-USB/src/pdi.cpp:332
      0xC2, PDI_GVAL,   /* Set GUADTIME in ASI_CTRL */
      0xC1, 0x59,       /* SYSRST */
      0x82              /* Read back ASI_CTRL */
    };

    USART::setup();
    222e:	04 9a       	sbi	0x00, 4	; 0
    2230:	06 9a       	sbi	0x00, 6	; 0
/Users/askn/Develop/UPDI4AVR-USB/src/pdi.cpp:333
    bit_set(PGCONF, PGCONF_PGIF_bp);
    2232:	80 91 23 63 	lds	r24, 0x6323	; 0x806323 <_jtag_vpow>
/Users/askn/Develop/UPDI4AVR-USB/src/pdi.cpp:334
    pinControlRegister(PIN_PGM_PDAT) = 0;
    2236:	81 11       	cpse	r24, r1
/Users/askn/Develop/UPDI4AVR-USB/src/pdi.cpp:336

    digitalWriteMacro(PIN_PGM_PDAT, LOW);
    2238:	05 c0       	rjmp	.+10     	; 0x2244 <PDI::connect()+0x20>
/Users/askn/Develop/UPDI4AVR-USB/src/pdi.cpp:337
    pinLogicPull(PIN_PGM_PDAT);
    223a:	81 e0       	ldi	r24, 0x01	; 1
/Users/askn/Develop/UPDI4AVR-USB/src/pdi.cpp:338
    pinLogicPull(PIN_PGM_PCLK);
    223c:	80 93 23 63 	sts	0x6323, r24	; 0x806323 <_jtag_vpow>
power_reset():
/Users/askn/Develop/UPDI4AVR-USB/src/pdi.cpp:339
    if (_jtag_vpow == 0) {
    2240:	80 e0       	ldi	r24, 0x00	; 0
    2242:	eb de       	rcall	.-554    	; 0x201a <SYS::power_reset(bool, bool) [clone .part.5]>
_ZN3PDI7connectEv():
    2244:	0c 9a       	sbi	0x01, 4	; 1
delay_micros():
/Users/askn/Develop/UPDI4AVR-USB/src/pdi.cpp:340
      _jtag_vpow = 1;
    2246:	82 e1       	ldi	r24, 0x12	; 18
    2248:	91 e0       	ldi	r25, 0x01	; 1
    224a:	01 97       	sbiw	r24, 0x01	; 1
    224c:	f1 f7       	brne	.-4      	; 0x224a <PDI::connect()+0x26>
    224e:	00 c0       	rjmp	.+0      	; 0x2250 <PDI::connect()+0x2c>
    2250:	00 00       	nop
_ZN3PDI7connectEv():
/Users/askn/Develop/UPDI4AVR-USB/src/pdi.cpp:343
      SYS::power_reset(false, true);
    }
    digitalWriteMacro(PIN_PGM_PDAT, HIGH);
    2252:	0e 94 2c 02 	call	0x458	; 0x458 <USART::change_pdi()>
/Users/askn/Library/Arduino15/packages/MultiX-Zinnia/hardware/modernAVR/0.4.10/cores/modernAVR/api/delay_busywait.h:33
static __inline__ __attribute__((__always_inline__)) void delay_micros (uint32_t _us);
static __inline__ __attribute__((__always_inline__)) void delay_millis (uint32_t _ms);

void delay_micros (uint32_t _us) {
  if (F_CPU >= 1000000L) {
    __builtin_avr_delay_cycles((F_CPU / 1000000L) * _us);
    2256:	80 e1       	ldi	r24, 0x10	; 16
    2258:	90 e0       	ldi	r25, 0x00	; 0
    225a:	0e 94 ea 06 	call	0xdd4	; 0xdd4 <PDI::idle_clock(unsigned int)>
    225e:	65 e0       	ldi	r22, 0x05	; 5
/Users/askn/Develop/UPDI4AVR-USB/src/pdi.cpp:347
    SYS::delay_55us();

    /* Send at least a certain number of IDLE bits to PCLK within 100us after PoR. */
    USART::change_pdi();
    2260:	70 e0       	ldi	r23, 0x00	; 0
    2262:	8a e4       	ldi	r24, 0x4A	; 74
/Users/askn/Develop/UPDI4AVR-USB/src/pdi.cpp:348
    idle_clock(16);
    2264:	90 e6       	ldi	r25, 0x60	; 96
    2266:	0e 94 2b 07 	call	0xe56	; 0xe56 <PDI::send_bytes(unsigned char const*, unsigned int)>
    226a:	81 11       	cpse	r24, r1
/Users/askn/Develop/UPDI4AVR-USB/src/pdi.cpp:350

    while (!(send_bytes(_init, sizeof(_init)) && recv_byte() && RXDATA == PDI_GVAL)) {
    226c:	03 c0       	rjmp	.+6      	; 0x2274 <PDI::connect()+0x50>
    226e:	04 d8       	rcall	.-4088   	; 0x1278 <PDI::send_break()>
    2270:	03 d8       	rcall	.-4090   	; 0x1278 <PDI::send_break()>
    2272:	f5 cf       	rjmp	.-22     	; 0x225e <PDI::connect()+0x3a>
    2274:	0e 94 07 07 	call	0xe0e	; 0xe0e <PDI::recv_byte()>
    2278:	88 23       	and	r24, r24
    227a:	c9 f3       	breq	.-14     	; 0x226e <PDI::connect()+0x4a>
/Users/askn/Develop/UPDI4AVR-USB/src/pdi.cpp:351
      send_break();
    227c:	8d b3       	in	r24, 0x1d	; 29
    227e:	85 30       	cpi	r24, 0x05	; 5
/Users/askn/Develop/UPDI4AVR-USB/src/pdi.cpp:352
      send_break();
    2280:	b1 f7       	brne	.-20     	; 0x226e <PDI::connect()+0x4a>
    2282:	f8 9a       	sbi	0x1f, 0	; 31
    2284:	ff 98       	cbi	0x1f, 7	; 31
/Users/askn/Develop/UPDI4AVR-USB/src/pdi.cpp:350

    /* Send at least a certain number of IDLE bits to PCLK within 100us after PoR. */
    USART::change_pdi();
    idle_clock(16);

    while (!(send_bytes(_init, sizeof(_init)) && recv_byte() && RXDATA == PDI_GVAL)) {
    2286:	81 e0       	ldi	r24, 0x01	; 1
    2288:	90 e0       	ldi	r25, 0x00	; 0
    228a:	08 95       	ret

0000228c <ISP::connect()>:
_ZN3ISP7connectEv():
    228c:	20 91 52 63 	lds	r18, 0x6352	; 0x806352 <_xclk>
    2290:	30 91 53 63 	lds	r19, 0x6353	; 0x806353 <_xclk+0x1>
/Users/askn/Develop/UPDI4AVR-USB/src/pdi.cpp:356
      send_break();
      send_break();
    }

    D1PRINTF("  PDI_ON:GVAL=%02X\r\n", RXDATA);
    bit_set(PGCONF, PGCONF_PGIA_bp);
    2294:	50 e0       	ldi	r21, 0x00	; 0
/Users/askn/Develop/UPDI4AVR-USB/src/pdi.cpp:357
    bit_clear(PGCONF, PGCONF_PGIF_bp);
    2296:	40 e0       	ldi	r20, 0x00	; 0
/Users/askn/Develop/UPDI4AVR-USB/src/pdi.cpp:359
    return 1;
  }
    2298:	60 e1       	ldi	r22, 0x10	; 16
    229a:	77 e2       	ldi	r23, 0x27	; 39
    229c:	80 e0       	ldi	r24, 0x00	; 0
/Users/askn/Develop/UPDI4AVR-USB/src/isp.cpp:303
  size_t connect (void) {
    int _ret;

    /* Bit-banging accuracy */
    uint8_t _period = TCA_SPLIT_ENABLE_bm | TCA_SPLIT_CLKSEL_DIV1_gc;
    _ret = (F_CPU / 2000) / _xclk;
    229e:	90 e0       	ldi	r25, 0x00	; 0
    22a0:	0e 94 21 21 	call	0x4242	; 0x4242 <__divmodsi4>
    22a4:	82 2f       	mov	r24, r18
    22a6:	63 2f       	mov	r22, r19
    22a8:	77 27       	eor	r23, r23
    22aa:	67 fd       	sbrc	r22, 7
    22ac:	7a 95       	dec	r23
    22ae:	91 e0       	ldi	r25, 0x01	; 1
    22b0:	61 15       	cp	r22, r1
    22b2:	71 05       	cpc	r23, r1
    22b4:	81 f0       	breq	.+32     	; 0x22d6 <ISP::connect()+0x4a>
    22b6:	c9 01       	movw	r24, r18
/Users/askn/Develop/UPDI4AVR-USB/src/isp.cpp:305
    if (_ret < 0) _ret = 6;
    else if (_ret >> 8) {
    22b8:	44 e0       	ldi	r20, 0x04	; 4
    22ba:	95 95       	asr	r25
    22bc:	87 95       	ror	r24
    22be:	4a 95       	dec	r20
/Users/askn/Develop/UPDI4AVR-USB/src/isp.cpp:302
   */
  size_t connect (void) {
    int _ret;

    /* Bit-banging accuracy */
    uint8_t _period = TCA_SPLIT_ENABLE_bm | TCA_SPLIT_CLKSEL_DIV1_gc;
    22c0:	e1 f7       	brne	.-8      	; 0x22ba <ISP::connect()+0x2e>
/Users/askn/Develop/UPDI4AVR-USB/src/isp.cpp:305
    _ret = (F_CPU / 2000) / _xclk;
    if (_ret < 0) _ret = 6;
    else if (_ret >> 8) {
    22c2:	20 e1       	ldi	r18, 0x10	; 16
    22c4:	32 02       	muls	r19, r18
    22c6:	21 2d       	mov	r18, r1
/Users/askn/Develop/UPDI4AVR-USB/src/isp.cpp:306
      _ret >>= 4;
    22c8:	33 0b       	sbc	r19, r19
    22ca:	11 24       	eor	r1, r1
    22cc:	99 e0       	ldi	r25, 0x09	; 9
    22ce:	23 2b       	or	r18, r19
    22d0:	11 f0       	breq	.+4      	; 0x22d6 <ISP::connect()+0x4a>
    22d2:	86 2f       	mov	r24, r22
/Users/askn/Develop/UPDI4AVR-USB/src/isp.cpp:308
      _period = TCA_SPLIT_ENABLE_bm | TCA_SPLIT_CLKSEL_DIV16_gc;
      if (_ret >> 8) {
    22d4:	9d e0       	ldi	r25, 0x0D	; 13
    22d6:	10 92 00 0a 	sts	0x0A00, r1	; 0x800a00 <__TEXT_REGION_LENGTH__+0x7f0a00>
    22da:	10 92 01 0a 	sts	0x0A01, r1	; 0x800a01 <__TEXT_REGION_LENGTH__+0x7f0a01>
/Users/askn/Develop/UPDI4AVR-USB/src/isp.cpp:307
    uint8_t _period = TCA_SPLIT_ENABLE_bm | TCA_SPLIT_CLKSEL_DIV1_gc;
    _ret = (F_CPU / 2000) / _xclk;
    if (_ret < 0) _ret = 6;
    else if (_ret >> 8) {
      _ret >>= 4;
      _period = TCA_SPLIT_ENABLE_bm | TCA_SPLIT_CLKSEL_DIV16_gc;
    22de:	81 50       	subi	r24, 0x01	; 1
/Users/askn/Develop/UPDI4AVR-USB/src/isp.cpp:308
      if (_ret >> 8) {
    22e0:	80 93 20 0a 	sts	0x0A20, r24	; 0x800a20 <__TEXT_REGION_LENGTH__+0x7f0a20>
    22e4:	80 93 26 0a 	sts	0x0A26, r24	; 0x800a26 <__TEXT_REGION_LENGTH__+0x7f0a26>
/Users/askn/Develop/UPDI4AVR-USB/src/isp.cpp:316
        if (_ret >> 8) _ret = 255;
      }
    }

    /* TCA0_WO0 setup */
    TCA0_SPLIT_CTRLA = 0;
    22e8:	90 93 00 0a 	sts	0x0A00, r25	; 0x800a00 <__TEXT_REGION_LENGTH__+0x7f0a00>
/Users/askn/Develop/UPDI4AVR-USB/src/isp.cpp:317
    TCA0_SPLIT_CTRLB = 0;
    22ec:	01 98       	cbi	0x00, 1	; 0
delay_micros():
    22ee:	8f e9       	ldi	r24, 0x9F	; 159
/Users/askn/Develop/UPDI4AVR-USB/src/isp.cpp:318
    TCA0_SPLIT_LCNT  = _ret - 1;
    22f0:	9f e0       	ldi	r25, 0x0F	; 15
    22f2:	01 97       	sbiw	r24, 0x01	; 1
    22f4:	f1 f7       	brne	.-4      	; 0x22f2 <ISP::connect()+0x66>
/Users/askn/Develop/UPDI4AVR-USB/src/isp.cpp:319
    TCA0_SPLIT_LPER  = _ret - 1;
    22f6:	00 c0       	rjmp	.+0      	; 0x22f8 <ISP::connect()+0x6c>
    22f8:	00 00       	nop
_ZN3ISP7connectEv():
/Users/askn/Develop/UPDI4AVR-USB/src/isp.cpp:320
    TCA0_SPLIT_CTRLA = _period;
    22fa:	01 9a       	sbi	0x00, 1	; 0
delay_millis():
    22fc:	9f e7       	ldi	r25, 0x7F	; 127
/Users/askn/Develop/UPDI4AVR-USB/src/isp.cpp:324
    D1PRINTF(" XCK=%d>%d,%02X\r\n", _xclk, _ret, _period);

    for (uint8_t _i = 0; _i < 2; _i++) {
      pinLogicOpen(PIN_PGM_MRST);
    22fe:	28 e3       	ldi	r18, 0x38	; 56
/Users/askn/Library/Arduino15/packages/MultiX-Zinnia/hardware/modernAVR/0.4.10/cores/modernAVR/api/delay_busywait.h:33
    2300:	81 e0       	ldi	r24, 0x01	; 1
    2302:	91 50       	subi	r25, 0x01	; 1
    2304:	20 40       	sbci	r18, 0x00	; 0
    2306:	80 40       	sbci	r24, 0x00	; 0
    2308:	e1 f7       	brne	.-8      	; 0x2302 <ISP::connect()+0x76>
    230a:	00 c0       	rjmp	.+0      	; 0x230c <ISP::connect()+0x80>
/Users/askn/Develop/UPDI4AVR-USB/src/isp.cpp:329

      /* Pulse must be minimum 2 target CPU clock cycles
        so 100 usec is ok for CPU speeds above 20 KHz */
      SYS::delay_800us();
      pinLogicPull(PIN_PGM_MRST);
    230c:	00 00       	nop
_ZN3ISP7connectEv():
/Users/askn/Library/Arduino15/packages/MultiX-Zinnia/hardware/modernAVR/0.4.10/cores/modernAVR/api/delay_busywait.h:42
  }
}

void delay_millis (uint32_t _ms) {
  if (F_CPU >= 1000000L) {
    __builtin_avr_delay_cycles((F_CPU / 1000L) * _ms);
    230e:	82 ee       	ldi	r24, 0xE2	; 226
    2310:	90 e6       	ldi	r25, 0x60	; 96
    2312:	37 d9       	rcall	.-3474   	; 0x1582 <ISP::spi_transaction(unsigned char const*)>
    2314:	e0 91 e1 60 	lds	r30, 0x60E1	; 0x8060e1 <packet+0xc>
    2318:	f0 e0       	ldi	r31, 0x00	; 0
    231a:	e5 55       	subi	r30, 0x55	; 85
    231c:	ff 49       	sbci	r31, 0x9F	; 159
    231e:	90 81       	ld	r25, Z
/Users/askn/Develop/UPDI4AVR-USB/src/isp.cpp:333
      SYS::delay_20ms();

      /* Programming start command. */
      spi_transaction(&packet.out.isp.data[7]);
    2320:	80 91 e0 60 	lds	r24, 0x60E0	; 0x8060e0 <packet+0xb>
    2324:	98 17       	cp	r25, r24
    2326:	f1 f0       	breq	.+60     	; 0x2364 <ISP::connect()+0xd8>
/Users/askn/Develop/UPDI4AVR-USB/src/isp.cpp:336

      /* Verification after reading. */
      if (_res[packet.out.isp.data[6] - 1] == packet.out.isp.data[5]) {
    2328:	01 98       	cbi	0x00, 1	; 0
delay_micros():
    232a:	8f e9       	ldi	r24, 0x9F	; 159
    232c:	9f e0       	ldi	r25, 0x0F	; 15
    232e:	01 97       	sbiw	r24, 0x01	; 1
    2330:	f1 f7       	brne	.-4      	; 0x232e <ISP::connect()+0xa2>
    2332:	00 c0       	rjmp	.+0      	; 0x2334 <ISP::connect()+0xa8>
    2334:	00 00       	nop
_ZN3ISP7connectEv():
    2336:	01 9a       	sbi	0x00, 1	; 0
delay_millis():
    2338:	9f e7       	ldi	r25, 0x7F	; 127
    233a:	28 e3       	ldi	r18, 0x38	; 56
/Users/askn/Develop/UPDI4AVR-USB/src/isp.cpp:324
    TCA0_SPLIT_LPER  = _ret - 1;
    TCA0_SPLIT_CTRLA = _period;
    D1PRINTF(" XCK=%d>%d,%02X\r\n", _xclk, _ret, _period);

    for (uint8_t _i = 0; _i < 2; _i++) {
      pinLogicOpen(PIN_PGM_MRST);
    233c:	81 e0       	ldi	r24, 0x01	; 1
/Users/askn/Library/Arduino15/packages/MultiX-Zinnia/hardware/modernAVR/0.4.10/cores/modernAVR/api/delay_busywait.h:33
static __inline__ __attribute__((__always_inline__)) void delay_micros (uint32_t _us);
static __inline__ __attribute__((__always_inline__)) void delay_millis (uint32_t _ms);

void delay_micros (uint32_t _us) {
  if (F_CPU >= 1000000L) {
    __builtin_avr_delay_cycles((F_CPU / 1000000L) * _us);
    233e:	91 50       	subi	r25, 0x01	; 1
    2340:	20 40       	sbci	r18, 0x00	; 0
    2342:	80 40       	sbci	r24, 0x00	; 0
    2344:	e1 f7       	brne	.-8      	; 0x233e <ISP::connect()+0xb2>
    2346:	00 c0       	rjmp	.+0      	; 0x2348 <ISP::connect()+0xbc>
    2348:	00 00       	nop
_ZN3ISP7connectEv():
/Users/askn/Develop/UPDI4AVR-USB/src/isp.cpp:329

      /* Pulse must be minimum 2 target CPU clock cycles
        so 100 usec is ok for CPU speeds above 20 KHz */
      SYS::delay_800us();
      pinLogicPull(PIN_PGM_MRST);
    234a:	82 ee       	ldi	r24, 0xE2	; 226
/Users/askn/Library/Arduino15/packages/MultiX-Zinnia/hardware/modernAVR/0.4.10/cores/modernAVR/api/delay_busywait.h:42
  }
}

void delay_millis (uint32_t _ms) {
  if (F_CPU >= 1000000L) {
    __builtin_avr_delay_cycles((F_CPU / 1000L) * _ms);
    234c:	90 e6       	ldi	r25, 0x60	; 96
    234e:	19 d9       	rcall	.-3534   	; 0x1582 <ISP::spi_transaction(unsigned char const*)>
    2350:	e0 91 e1 60 	lds	r30, 0x60E1	; 0x8060e1 <packet+0xc>
    2354:	f0 e0       	ldi	r31, 0x00	; 0
    2356:	e5 55       	subi	r30, 0x55	; 85
    2358:	ff 49       	sbci	r31, 0x9F	; 159
    235a:	90 81       	ld	r25, Z
    235c:	80 91 e0 60 	lds	r24, 0x60E0	; 0x8060e0 <packet+0xb>
/Users/askn/Develop/UPDI4AVR-USB/src/isp.cpp:333
      SYS::delay_20ms();

      /* Programming start command. */
      spi_transaction(&packet.out.isp.data[7]);
    2360:	98 13       	cpse	r25, r24
    2362:	ff cf       	rjmp	.-2      	; 0x2362 <ISP::connect()+0xd6>
    2364:	83 e0       	ldi	r24, 0x03	; 3
/Users/askn/Develop/UPDI4AVR-USB/src/isp.cpp:336

      /* Verification after reading. */
      if (_res[packet.out.isp.data[6] - 1] == packet.out.isp.data[5]) {
    2366:	8f bb       	out	0x1f, r24	; 31
    2368:	81 e0       	ldi	r24, 0x01	; 1
    236a:	90 e0       	ldi	r25, 0x00	; 0
    236c:	08 95       	ret

0000236e <UPDI::connect()>:
_ZN4UPDI7connectEv():
    236e:	cf 93       	push	r28
    2370:	10 92 28 63 	sts	0x6328, r1	; 0x806328 <_sib>
    2374:	8f ef       	ldi	r24, 0xFF	; 255
    2376:	9f ef       	ldi	r25, 0xFF	; 255
    2378:	dc 01       	movw	r26, r24
/Users/askn/Develop/UPDI4AVR-USB/src/isp.cpp:337
        PGCONF = PGCONF_PGIA_bm | PGCONF_PROG_bm;
    237a:	80 93 24 63 	sts	0x6324, r24	; 0x806324 <_before_page>
/Users/askn/Develop/UPDI4AVR-USB/src/isp.cpp:345
      }
    }

    /* Time out on failure. */
    for (;;);
  }
    237e:	90 93 25 63 	sts	0x6325, r25	; 0x806325 <_before_page+0x1>
    2382:	a0 93 26 63 	sts	0x6326, r26	; 0x806326 <_before_page+0x2>
/Users/askn/Develop/UPDI4AVR-USB/src/updi.cpp:385
      0x55, 0x82        /* LDCS CTRLA */
    };
    const static uint8_t _sib256[] = {
      0x55, 0xE6        /* SIB 256bits */
    };
    _sib[0] = 0;
    2386:	b0 93 27 63 	sts	0x6327, r27	; 0x806327 <_before_page+0x3>
setup():
/Users/askn/Develop/UPDI4AVR-USB/src/updi.cpp:386
    _before_page = -1L;
    238a:	87 e7       	ldi	r24, 0x77	; 119
    238c:	92 e0       	ldi	r25, 0x02	; 2
    238e:	80 93 48 63 	sts	0x6348, r24	; 0x806348 <Command_Table>
    2392:	90 93 49 63 	sts	0x6349, r25	; 0x806349 <Command_Table+0x1>
    2396:	8b e9       	ldi	r24, 0x9B	; 155
    2398:	9a e0       	ldi	r25, 0x0A	; 10
    239a:	80 93 4a 63 	sts	0x634A, r24	; 0x80634a <Command_Table+0x2>
    239e:	90 93 4b 63 	sts	0x634B, r25	; 0x80634b <Command_Table+0x3>
/Users/askn/Develop/UPDI4AVR-USB/src/nvmv1.cpp:71
    // else if (m_type == 0xD3)   /* MTYPE_SIB */ /* This is in its own memory space. */
    return 0;
  }

  bool setup (void) {
    Command_Table.prog_init    = &prog_init;
    23a2:	8e e9       	ldi	r24, 0x9E	; 158
    23a4:	9a e0       	ldi	r25, 0x0A	; 10
    23a6:	80 93 4c 63 	sts	0x634C, r24	; 0x80634c <Command_Table+0x4>
    23aa:	90 93 4d 63 	sts	0x634D, r25	; 0x80634d <Command_Table+0x5>
/Users/askn/Develop/UPDI4AVR-USB/src/nvmv1.cpp:72
    Command_Table.read_memory  = &read_memory;
    23ae:	88 e9       	ldi	r24, 0x98	; 152
    23b0:	9a e0       	ldi	r25, 0x0A	; 10
    23b2:	80 93 4e 63 	sts	0x634E, r24	; 0x80634e <Command_Table+0x6>
    23b6:	90 93 4f 63 	sts	0x634F, r25	; 0x80634f <Command_Table+0x7>
_ZN4UPDI7connectEv():
/Users/askn/Develop/UPDI4AVR-USB/src/nvmv1.cpp:73
    Command_Table.erase_memory = &erase_memory;
    23ba:	7a d9       	rcall	.-3340   	; 0x16b0 <USART::setup()>
    23bc:	ff 9a       	sbi	0x1f, 7	; 31
    23be:	08 98       	cbi	0x01, 0	; 1
    23c0:	09 98       	cbi	0x01, 1	; 1
    23c2:	80 91 23 63 	lds	r24, 0x6323	; 0x806323 <_jtag_vpow>
/Users/askn/Develop/UPDI4AVR-USB/src/nvmv1.cpp:74
    Command_Table.write_memory = &write_memory;
    23c6:	81 11       	cpse	r24, r1
    23c8:	05 c0       	rjmp	.+10     	; 0x23d4 <UPDI::connect()+0x66>
    23ca:	81 e0       	ldi	r24, 0x01	; 1
    23cc:	80 93 23 63 	sts	0x6323, r24	; 0x806323 <_jtag_vpow>
power_reset():
/Users/askn/Develop/UPDI4AVR-USB/src/updi.cpp:388
    NVM::V1::setup();   /* default is dummy callback */
    USART::setup();
    23d0:	80 e0       	ldi	r24, 0x00	; 0
    23d2:	23 de       	rcall	.-954    	; 0x201a <SYS::power_reset(bool, bool) [clone .part.5]>
_ZN4UPDI7connectEv():
/Users/askn/Develop/UPDI4AVR-USB/src/updi.cpp:389
    bit_set(PGCONF, PGCONF_PGIF_bp);
    23d4:	80 91 f1 62 	lds	r24, 0x62F1	; 0x8062f1 <_packet_length>
/Users/askn/Develop/UPDI4AVR-USB/src/updi.cpp:393

    /* If possible, perform a hardware reset of the device. */
    digitalWriteMacro(PIN_PGM_TDAT, LOW);
    digitalWriteMacro(PIN_PGM_TRST, LOW);
    23d8:	90 91 f2 62 	lds	r25, 0x62F2	; 0x8062f2 <_packet_length+0x1>
/Users/askn/Develop/UPDI4AVR-USB/src/updi.cpp:394
    if (_jtag_vpow == 0) {
    23dc:	07 97       	sbiw	r24, 0x07	; 7
    23de:	40 f0       	brcs	.+16     	; 0x23f0 <UPDI::connect()+0x82>
    23e0:	80 91 dc 60 	lds	r24, 0x60DC	; 0x8060dc <packet+0x7>
/Users/askn/Develop/UPDI4AVR-USB/src/updi.cpp:395
      _jtag_vpow = 1;
    23e4:	88 23       	and	r24, r24
    23e6:	21 f0       	breq	.+8      	; 0x23f0 <UPDI::connect()+0x82>
    23e8:	80 91 d4 60 	lds	r24, 0x60D4	; 0x8060d4 <_jtag_hvctrl>
    23ec:	81 11       	cpse	r24, r1
/Users/askn/Develop/UPDI4AVR-USB/src/updi.cpp:403

    /* High-Voltage control */
  #ifdef CONFIG_HVC_ENABLE
    uint8_t _hvvar = Device_Descriptor.UPDI.hvupdi_variant;
    bool _hven = (_packet_length >= 7 && packet.out.bMType && _jtag_hvctrl)
              || bit_is_set(GPCONF, GPCONF_HLD_bp);
    23ee:	02 c0       	rjmp	.+4      	; 0x23f4 <UPDI::connect()+0x86>
    23f0:	f6 9b       	sbis	0x1e, 6	; 30
    23f2:	22 c0       	rjmp	.+68     	; 0x2438 <UPDI::connect()+0xca>
    23f4:	80 91 22 63 	lds	r24, 0x6322	; 0x806322 <Device_Descriptor+0x2f>
    23f8:	81 30       	cpi	r24, 0x01	; 1
/Users/askn/Develop/UPDI4AVR-USB/src/updi.cpp:402
    }

    /* High-Voltage control */
  #ifdef CONFIG_HVC_ENABLE
    uint8_t _hvvar = Device_Descriptor.UPDI.hvupdi_variant;
    bool _hven = (_packet_length >= 7 && packet.out.bMType && _jtag_hvctrl)
    23fa:	f1 f0       	breq	.+60     	; 0x2438 <UPDI::connect()+0xca>
hvc_enable():
    23fc:	90 e6       	ldi	r25, 0x60	; 96
    23fe:	90 93 01 0a 	sts	0x0A01, r25	; 0x800a01 <__TEXT_REGION_LENGTH__+0x7f0a01>
    2402:	10 92 21 0a 	sts	0x0A21, r1	; 0x800a21 <__TEXT_REGION_LENGTH__+0x7f0a21>
    2406:	91 e0       	ldi	r25, 0x01	; 1
    2408:	90 93 00 0a 	sts	0x0A00, r25	; 0x800a00 <__TEXT_REGION_LENGTH__+0x7f0a00>
delay_micros():
/Users/askn/Develop/UPDI4AVR-USB/src/updi.cpp:403
              || bit_is_set(GPCONF, GPCONF_HLD_bp);
    240c:	e3 ef       	ldi	r30, 0xF3	; 243
/Users/askn/Develop/UPDI4AVR-USB/src/updi.cpp:401
      SYS::power_reset(false, true);
    }

    /* High-Voltage control */
  #ifdef CONFIG_HVC_ENABLE
    uint8_t _hvvar = Device_Descriptor.UPDI.hvupdi_variant;
    240e:	f1 e0       	ldi	r31, 0x01	; 1
    2410:	31 97       	sbiw	r30, 0x01	; 1
/Users/askn/Develop/UPDI4AVR-USB/src/updi.cpp:404
    bool _hven = (_packet_length >= 7 && packet.out.bMType && _jtag_hvctrl)
              || bit_is_set(GPCONF, GPCONF_HLD_bp);
    if (_hven && _hvvar != 1) {
    2412:	f1 f7       	brne	.-4      	; 0x2410 <UPDI::connect()+0xa2>
    2414:	00 c0       	rjmp	.+0      	; 0x2416 <UPDI::connect()+0xa8>
/Users/askn/Develop/UPDI4AVR-USB/src/sys.cpp:445
    return _adc_reading;
  }

  void hvc_enable (void) {
  #ifdef CONFIG_HVC_ENABLE
    TCA0_SPLIT_CTRLB = TCA_SPLIT_HCMP2EN_bm | TCA_SPLIT_HCMP1EN_bm;
    2416:	00 00       	nop
_ZN4UPDI7connectEv():
    2418:	81 11       	cpse	r24, r1
    241a:	6c c0       	rjmp	.+216    	; 0x24f4 <UPDI::connect()+0x186>
/Users/askn/Develop/UPDI4AVR-USB/src/sys.cpp:446
    TCA0_SPLIT_HCNT  = 0;
    241c:	68 9a       	sbi	0x0d, 0	; 13
delay_micros():
    241e:	8f e9       	ldi	r24, 0x9F	; 159
/Users/askn/Develop/UPDI4AVR-USB/src/sys.cpp:447
    TCA0_SPLIT_CTRLA = TCA_SPLIT_ENABLE_bm | TCA_SPLIT_CLKSEL_DIV1_gc;
    2420:	9f e0       	ldi	r25, 0x0F	; 15
    2422:	01 97       	sbiw	r24, 0x01	; 1
    2424:	f1 f7       	brne	.-4      	; 0x2422 <UPDI::connect()+0xb4>
/Users/askn/Library/Arduino15/packages/MultiX-Zinnia/hardware/modernAVR/0.4.10/cores/modernAVR/api/delay_busywait.h:33
static __inline__ __attribute__((__always_inline__)) void delay_micros (uint32_t _us);
static __inline__ __attribute__((__always_inline__)) void delay_millis (uint32_t _ms);

void delay_micros (uint32_t _us) {
  if (F_CPU >= 1000000L) {
    __builtin_avr_delay_cycles((F_CPU / 1000000L) * _us);
    2426:	00 c0       	rjmp	.+0      	; 0x2428 <UPDI::connect()+0xba>
    2428:	00 00       	nop
hvc_leave():
    242a:	10 92 01 0a 	sts	0x0A01, r1	; 0x800a01 <__TEXT_REGION_LENGTH__+0x7f0a01>
    242e:	8f e0       	ldi	r24, 0x0F	; 15
    2430:	80 93 00 0a 	sts	0x0A00, r24	; 0x800a00 <__TEXT_REGION_LENGTH__+0x7f0a00>
_ZN4UPDI7connectEv():
/Users/askn/Develop/UPDI4AVR-USB/src/updi.cpp:407
      D1PRINTF("<HVC:V%d>", _hvvar);
      SYS::hvc_enable();
      if (_hvvar == 0) {
    2434:	68 98       	cbi	0x0d, 0	; 13
/Users/askn/Develop/UPDI4AVR-USB/src/updi.cpp:408
        digitalWriteMacro(PIN_HVC_SELECT1, HIGH);
    2436:	6a 98       	cbi	0x0d, 2	; 13
/Users/askn/Library/Arduino15/packages/MultiX-Zinnia/hardware/modernAVR/0.4.10/cores/modernAVR/api/delay_busywait.h:33
    2438:	00 9a       	sbi	0x00, 0	; 0
delay_micros():
    243a:	e3 ed       	ldi	r30, 0xD3	; 211
    243c:	f0 e3       	ldi	r31, 0x30	; 48
    243e:	31 97       	sbiw	r30, 0x01	; 1
    2440:	f1 f7       	brne	.-4      	; 0x243e <UPDI::connect()+0xd0>
    2442:	00 c0       	rjmp	.+0      	; 0x2444 <UPDI::connect()+0xd6>
/Users/askn/Develop/UPDI4AVR-USB/src/sys.cpp:454
  #endif
  }

  void hvc_leave (void) {
  #ifdef CONFIG_HVC_ENABLE
    TCA0_SPLIT_CTRLB = 0;
    2444:	00 00       	nop
_ZN4UPDI7connectEv():
    2446:	00 98       	cbi	0x00, 0	; 0
/Users/askn/Develop/UPDI4AVR-USB/src/sys.cpp:455
    TCA0_SPLIT_CTRLA = TCA_SPLIT_ENABLE_bm | TCA_SPLIT_CLKSEL_DIV1024_gc;
    2448:	10 9b       	sbis	0x02, 0	; 2
    244a:	fe cf       	rjmp	.-4      	; 0x2448 <UPDI::connect()+0xda>
change_updi():
    244c:	cf b7       	in	r28, 0x3f	; 63
__iCliRetVal():
/Users/askn/Develop/UPDI4AVR-USB/src/updi.cpp:416
        digitalWriteMacro(PIN_HVC_SELECT3, HIGH);
      }
      /* Most early silicon requires a pulse of 700us or more. */
      SYS::delay_800us();
      SYS::hvc_leave();
      digitalWriteMacro(PIN_HVC_SELECT1, LOW);
    244e:	f8 94       	cli
change_updi():
/Users/askn/Develop/UPDI4AVR-USB/src/updi.cpp:417
      digitalWriteMacro(PIN_HVC_SELECT3, LOW);
    2450:	80 e1       	ldi	r24, 0x10	; 16
/Users/askn/Develop/UPDI4AVR-USB/src/updi.cpp:423
      /* From this point onwards, UPDI activation must be successful within 64ms. */
    }
  #endif

    /* In most cases, a 2.5 ms LOW signal is sufficient to initiate UPDI activation. */
    pinLogicPull(PIN_PGM_TDAT);
    2452:	80 93 e2 05 	sts	0x05E2, r24	; 0x8005e2 <__TEXT_REGION_LENGTH__+0x7f05e2>
/Users/askn/Library/Arduino15/packages/MultiX-Zinnia/hardware/modernAVR/0.4.10/cores/modernAVR/api/delay_busywait.h:33
    2456:	80 e2       	ldi	r24, 0x20	; 32
    2458:	80 93 04 08 	sts	0x0804, r24	; 0x800804 <__TEXT_REGION_LENGTH__+0x7f0804>
calk_baud_khz():
    245c:	20 91 52 63 	lds	r18, 0x6352	; 0x806352 <_xclk>
/Users/askn/Develop/UPDI4AVR-USB/src/updi.cpp:425
    SYS::delay_2500us();
    pinLogicOpen(PIN_PGM_TDAT);
    2460:	30 91 53 63 	lds	r19, 0x6353	; 0x806353 <_xclk+0x1>
/Users/askn/Develop/UPDI4AVR-USB/src/updi.cpp:428

    /* When UPDI is activated, it becomes a HIGH signal. */
    while (!digitalReadMacro(PIN_PGM_TDAT));
    2464:	50 e0       	ldi	r21, 0x00	; 0
/Users/askn/Develop/UPDI4AVR-USB/src/usart.cpp:92
    }
  }

  /*** Sets up single-wire asynchronous mode for UPDI operation. ***/
  void change_updi (void) {
    ATOMIC_BLOCK(ATOMIC_RESTORESTATE) {
    2466:	40 e0       	ldi	r20, 0x00	; 0
/Users/askn/Library/Arduino15/packages/MultiX-Zinnia/tools/avr8-gcc/7.3.0-avr8-gnu-toolchain/avr/include/util/atomic.h:50
    2468:	60 e0       	ldi	r22, 0x00	; 0
/Users/askn/Develop/UPDI4AVR-USB/src/usart.cpp:93
      PORTMUX_USARTROUTEA = PORTMUX_USART_PGM;
    246a:	71 e7       	ldi	r23, 0x71	; 113
    246c:	82 e0       	ldi	r24, 0x02	; 2
    246e:	90 e0       	ldi	r25, 0x00	; 0
/Users/askn/Develop/UPDI4AVR-USB/src/usart.cpp:94
      USART0_STATUS = USART_DREIF_bm;
    2470:	0e 94 21 21 	call	0x4242	; 0x4242 <__divmodsi4>
    2474:	da 01       	movw	r26, r20
/Users/askn/Develop/UPDI4AVR-USB/src/usart.cpp:43
  #endif
  }

  /*** Calculate the baud rate for VCP asynchronous mode. ***/
  uint16_t calk_baud_khz (uint16_t _khz) {
    uint32_t _baud = ((F_CPU / 1000L * 8L) / _khz + 1) / 2;
    2476:	c9 01       	movw	r24, r18
    2478:	01 96       	adiw	r24, 0x01	; 1
    247a:	a1 1d       	adc	r26, r1
    247c:	b1 1d       	adc	r27, r1
    247e:	b5 95       	asr	r27
    2480:	a7 95       	ror	r26
    2482:	97 95       	ror	r25
    2484:	87 95       	ror	r24
    2486:	80 34       	cpi	r24, 0x40	; 64
    2488:	91 05       	cpc	r25, r1
    248a:	a1 05       	cpc	r26, r1
    248c:	b1 05       	cpc	r27, r1
    248e:	bc f1       	brlt	.+110    	; 0x24fe <UPDI::connect()+0x190>
    2490:	00 97       	sbiw	r24, 0x00	; 0
    2492:	f1 e0       	ldi	r31, 0x01	; 1
    2494:	af 07       	cpc	r26, r31
    2496:	b1 05       	cpc	r27, r1
    2498:	20 f0       	brcs	.+8      	; 0x24a2 <UPDI::connect()+0x134>
    249a:	8f ef       	ldi	r24, 0xFF	; 255
    249c:	9f ef       	ldi	r25, 0xFF	; 255
    249e:	a0 e0       	ldi	r26, 0x00	; 0
/Users/askn/Develop/UPDI4AVR-USB/src/usart.cpp:44
    if (_baud < 64) _baud = 64;
    24a0:	b0 e0       	ldi	r27, 0x00	; 0
change_updi():
    24a2:	80 93 08 08 	sts	0x0808, r24	; 0x800808 <__TEXT_REGION_LENGTH__+0x7f0808>
    24a6:	90 93 09 08 	sts	0x0809, r25	; 0x800809 <__TEXT_REGION_LENGTH__+0x7f0809>
    24aa:	8b e2       	ldi	r24, 0x2B	; 43
    24ac:	80 93 07 08 	sts	0x0807, r24	; 0x800807 <__TEXT_REGION_LENGTH__+0x7f0807>
    24b0:	8a e0       	ldi	r24, 0x0A	; 10
    24b2:	80 93 05 08 	sts	0x0805, r24	; 0x800805 <__TEXT_REGION_LENGTH__+0x7f0805>
    24b6:	88 ec       	ldi	r24, 0xC8	; 200
    24b8:	80 93 06 08 	sts	0x0806, r24	; 0x800806 <__TEXT_REGION_LENGTH__+0x7f0806>
__iRestore():
/Users/askn/Develop/UPDI4AVR-USB/src/usart.cpp:95
  /*** Sets up single-wire asynchronous mode for UPDI operation. ***/
  void change_updi (void) {
    ATOMIC_BLOCK(ATOMIC_RESTORESTATE) {
      PORTMUX_USARTROUTEA = PORTMUX_USART_PGM;
      USART0_STATUS = USART_DREIF_bm;
      USART0_BAUD  = calk_baud_khz(_xclk);
    24bc:	cf bf       	out	0x3f, r28	; 63
_ZN4UPDI7connectEv():
    24be:	6b e0       	ldi	r22, 0x0B	; 11
    24c0:	70 e0       	ldi	r23, 0x00	; 0
    24c2:	8c e8       	ldi	r24, 0x8C	; 140
/Users/askn/Develop/UPDI4AVR-USB/src/usart.cpp:96
      USART0_CTRLC = USART_CHSIZE_8BIT_gc | USART_PMODE_EVEN_gc | USART_SBMODE_2BIT_gc;
    24c4:	90 e6       	ldi	r25, 0x60	; 96
    24c6:	0e 94 9d 02 	call	0x53a	; 0x53a <UPDI::send_bytes(unsigned char const*, unsigned int)>
/Users/askn/Develop/UPDI4AVR-USB/src/usart.cpp:99
      /* The RS485_INT:_BV(1) attribute is undocumented but works fine.     */
      /* Without it, an additional delay is required before sending a byte. */
      USART0_CTRLA = USART_LBME_bm | USART_RS485_INT_gc;
    24ca:	88 23       	and	r24, r24
    24cc:	e9 f0       	breq	.+58     	; 0x2508 <UPDI::connect()+0x19a>
    24ce:	0e 94 7a 02 	call	0x4f4	; 0x4f4 <PDI::recv()>
/Users/askn/Develop/UPDI4AVR-USB/src/usart.cpp:100
      USART0_CTRLB = USART_RXEN_bm | USART_TXEN_bm | USART_ODME_bm;
    24d2:	88 23       	and	r24, r24
    24d4:	c9 f0       	breq	.+50     	; 0x2508 <UPDI::connect()+0x19a>
/Users/askn/Library/Arduino15/packages/MultiX-Zinnia/tools/avr8-gcc/7.3.0-avr8-gnu-toolchain/avr/include/util/atomic.h:70
    (void)__s;
}

static __inline__ void __iRestore(const  uint8_t *__s)
{
    SREG = *__s;
    24d6:	8d b3       	in	r24, 0x1d	; 29
/Users/askn/Develop/UPDI4AVR-USB/src/updi.cpp:434
    USART::change_updi();

    /* It will send a series of commands and check the response. */
    /* If the response is invalid, it will send a BREAK character and try again. */
    /* If UPDI does not respond, a timeout occurs. */
    while (!(send_bytes(_init, sizeof(_init)) && recv() && (RXDATA == UPDI_CTRLAV))) {
    24d8:	85 31       	cpi	r24, 0x15	; 21
    24da:	b1 f4       	brne	.+44     	; 0x2508 <UPDI::connect()+0x19a>
    24dc:	62 e0       	ldi	r22, 0x02	; 2
    24de:	70 e0       	ldi	r23, 0x00	; 0
    24e0:	8a e8       	ldi	r24, 0x8A	; 138
    24e2:	90 e6       	ldi	r25, 0x60	; 96
    24e4:	0e 94 9d 02 	call	0x53a	; 0x53a <UPDI::send_bytes(unsigned char const*, unsigned int)>
    24e8:	81 11       	cpse	r24, r1
    24ea:	11 c0       	rjmp	.+34     	; 0x250e <UPDI::connect()+0x1a0>
    24ec:	90 e0       	ldi	r25, 0x00	; 0
    24ee:	80 e0       	ldi	r24, 0x00	; 0
    24f0:	cf 91       	pop	r28
    24f2:	08 95       	ret
    24f4:	82 30       	cpi	r24, 0x02	; 2
/Users/askn/Develop/UPDI4AVR-USB/src/updi.cpp:440
      send_break();
    }

    /* Read the SIB from the ACC. */
    /* This can be done even on a locked device. */
    if (send_bytes(_sib256, sizeof(_sib256)) && recv_bytes(_sib, 32)) {
    24f6:	09 f0       	breq	.+2      	; 0x24fa <UPDI::connect()+0x18c>
    24f8:	92 cf       	rjmp	.-220    	; 0x241e <UPDI::connect()+0xb0>
    24fa:	6a 9a       	sbi	0x0d, 2	; 13
    24fc:	90 cf       	rjmp	.-224    	; 0x241e <UPDI::connect()+0xb0>
    24fe:	80 e4       	ldi	r24, 0x40	; 64
    2500:	90 e0       	ldi	r25, 0x00	; 0
    2502:	a0 e0       	ldi	r26, 0x00	; 0
    2504:	b0 e0       	ldi	r27, 0x00	; 0
/Users/askn/Develop/UPDI4AVR-USB/src/updi.cpp:460
        bit_clear(PGCONF, PGCONF_PGIF_bp);
        return 5;
      }
    }
    D1PRINTF(" FAIL:%02X,%02X\r\n", RXSTAT, RXDATA);
    return 0;
    2506:	cd cf       	rjmp	.-102    	; 0x24a2 <UPDI::connect()+0x134>
    2508:	0e 94 b7 04 	call	0x96e	; 0x96e <UPDI::send_break()>
/Users/askn/Develop/UPDI4AVR-USB/src/updi.cpp:461
  }
    250c:	d8 cf       	rjmp	.-80     	; 0x24be <UPDI::connect()+0x150>
/Users/askn/Develop/UPDI4AVR-USB/src/updi.cpp:410
      D1PRINTF("<HVC:V%d>", _hvvar);
      SYS::hvc_enable();
      if (_hvvar == 0) {
        digitalWriteMacro(PIN_HVC_SELECT1, HIGH);
      }
      else if (_hvvar == 2) {
    250e:	60 e2       	ldi	r22, 0x20	; 32
    2510:	70 e0       	ldi	r23, 0x00	; 0
    2512:	88 e2       	ldi	r24, 0x28	; 40
/Users/askn/Develop/UPDI4AVR-USB/src/updi.cpp:411
        digitalWriteMacro(PIN_HVC_SELECT3, HIGH);
    2514:	93 e6       	ldi	r25, 0x63	; 99
    2516:	0e 94 b1 03 	call	0x762	; 0x762 <UPDI::recv_bytes(unsigned char*, unsigned int)>
/Users/askn/Develop/UPDI4AVR-USB/src/usart.cpp:44
  }

  /*** Calculate the baud rate for VCP asynchronous mode. ***/
  uint16_t calk_baud_khz (uint16_t _khz) {
    uint32_t _baud = ((F_CPU / 1000L * 8L) / _khz + 1) / 2;
    if (_baud < 64) _baud = 64;
    251a:	88 23       	and	r24, r24
    251c:	39 f3       	breq	.-50     	; 0x24ec <UPDI::connect()+0x17e>
    251e:	80 91 32 63 	lds	r24, 0x6332	; 0x806332 <_sib+0xa>
/Users/askn/Develop/UPDI4AVR-USB/src/updi.cpp:435

    /* It will send a series of commands and check the response. */
    /* If the response is invalid, it will send a BREAK character and try again. */
    /* If UPDI does not respond, a timeout occurs. */
    while (!(send_bytes(_init, sizeof(_init)) && recv() && (RXDATA == UPDI_CTRLAV))) {
      send_break();
    2522:	86 33       	cpi	r24, 0x36	; 54
    2524:	61 f5       	brne	.+88     	; 0x257e <UPDI::connect()+0x210>
setup():
    2526:	82 e8       	ldi	r24, 0x82	; 130
/Users/askn/Develop/UPDI4AVR-USB/src/updi.cpp:440
    }

    /* Read the SIB from the ACC. */
    /* This can be done even on a locked device. */
    if (send_bytes(_sib256, sizeof(_sib256)) && recv_bytes(_sib, 32)) {
    2528:	99 e0       	ldi	r25, 0x09	; 9
    252a:	80 93 48 63 	sts	0x6348, r24	; 0x806348 <Command_Table>
    252e:	90 93 49 63 	sts	0x6349, r25	; 0x806349 <Command_Table+0x1>
    2532:	86 eb       	ldi	r24, 0xB6	; 182
    2534:	94 e0       	ldi	r25, 0x04	; 4
    2536:	80 93 4a 63 	sts	0x634A, r24	; 0x80634a <Command_Table+0x2>
/Users/askn/Develop/UPDI4AVR-USB/src/updi.cpp:444
      size_t _result = 0;
      D1PRINTF(" NVM:%02X,SIB=\"%s\"\r\n", _sib[10], _sib);
      /* Depending on the SIB, different low-level methods are executed. */
      if      (_sib[10] == '6') _result = NVM::V6::setup();
    253a:	90 93 4b 63 	sts	0x634B, r25	; 0x80634b <Command_Table+0x3>
    253e:	87 ef       	ldi	r24, 0xF7	; 247
/Users/askn/Develop/UPDI4AVR-USB/src/nvmv6.cpp:187
      return UPDI::send_bytes_block(_dwAddr, _wLength);
    }
  }

  bool setup (void) {
    Command_Table.prog_init    = &prog_init;
    2540:	9f e0       	ldi	r25, 0x0F	; 15
    2542:	80 93 4c 63 	sts	0x634C, r24	; 0x80634c <Command_Table+0x4>
    2546:	90 93 4d 63 	sts	0x634D, r25	; 0x80634d <Command_Table+0x5>
    254a:	89 ee       	ldi	r24, 0xE9	; 233
/Users/askn/Develop/UPDI4AVR-USB/src/nvmv6.cpp:188
    Command_Table.read_memory  = &read_memory;
    254c:	9e e0       	ldi	r25, 0x0E	; 14
    254e:	80 93 4e 63 	sts	0x634E, r24	; 0x80634e <Command_Table+0x6>
    2552:	90 93 4f 63 	sts	0x634F, r25	; 0x80634f <Command_Table+0x7>
_ZN4UPDI7connectEv():
    2556:	80 91 28 63 	lds	r24, 0x6328	; 0x806328 <_sib>
/Users/askn/Develop/UPDI4AVR-USB/src/nvmv6.cpp:189
    Command_Table.erase_memory = &erase_memory;
    255a:	e8 e2       	ldi	r30, 0x28	; 40
    255c:	f3 e6       	ldi	r31, 0x63	; 99
    255e:	80 32       	cpi	r24, 0x20	; 32
    2560:	11 f4       	brne	.+4      	; 0x2566 <UPDI::connect()+0x1f8>
    2562:	ec e2       	ldi	r30, 0x2C	; 44
/Users/askn/Develop/UPDI4AVR-USB/src/nvmv6.cpp:190
    Command_Table.write_memory = &write_memory;
    2564:	f3 e6       	ldi	r31, 0x63	; 99
    2566:	84 e0       	ldi	r24, 0x04	; 4
/Users/askn/Develop/UPDI4AVR-USB/src/nvmv0.cpp:174

  bool setup (void) {
    Command_Table.prog_init    = &prog_init;
    Command_Table.read_memory  = &read_memory;
    Command_Table.erase_memory = &erase_memory;
    Command_Table.write_memory = &write_memory;
    2568:	ac ed       	ldi	r26, 0xDC	; 220
    256a:	b0 e6       	ldi	r27, 0x60	; 96
    256c:	01 90       	ld	r0, Z+
    256e:	0d 92       	st	X+, r0
/Users/askn/Develop/UPDI4AVR-USB/src/updi.cpp:453
      else if (_sib[10] == '2') _result = NVM::V2::setup();
      else if (_sib[10] == '0') _result = NVM::V0::setup();
      if (_result) {
        /* If the SIB is obtained, the first 4-characters are returned. */
        /* If the 1st character is blank, the next 4-characters are returned. */
        memcpy(&packet.in.data[0], _sib[0] == ' ' ? &_sib[4] : &_sib[0], 4);
    2570:	8a 95       	dec	r24
    2572:	e1 f7       	brne	.-8      	; 0x256c <UPDI::connect()+0x1fe>
    2574:	f8 9a       	sbi	0x1f, 0	; 31
    2576:	ff 98       	cbi	0x1f, 7	; 31
    2578:	85 e0       	ldi	r24, 0x05	; 5
    257a:	90 e0       	ldi	r25, 0x00	; 0
    257c:	b9 cf       	rjmp	.-142    	; 0x24f0 <UPDI::connect()+0x182>
    257e:	85 33       	cpi	r24, 0x35	; 53
    2580:	a9 f4       	brne	.+42     	; 0x25ac <UPDI::connect()+0x23e>
setup():
    2582:	8e ed       	ldi	r24, 0xDE	; 222
    2584:	99 e0       	ldi	r25, 0x09	; 9
    2586:	80 93 48 63 	sts	0x6348, r24	; 0x806348 <Command_Table>
    258a:	90 93 49 63 	sts	0x6349, r25	; 0x806349 <Command_Table+0x1>
/Users/askn/Develop/UPDI4AVR-USB/src/updi.cpp:454
        bit_set(PGCONF, PGCONF_PGIA_bp);
    258e:	85 eb       	ldi	r24, 0xB5	; 181
/Users/askn/Develop/UPDI4AVR-USB/src/updi.cpp:455
        bit_clear(PGCONF, PGCONF_PGIF_bp);
    2590:	94 e0       	ldi	r25, 0x04	; 4
/Users/askn/Develop/UPDI4AVR-USB/src/updi.cpp:456
        return 5;
    2592:	80 93 4a 63 	sts	0x634A, r24	; 0x80634a <Command_Table+0x2>
    2596:	90 93 4b 63 	sts	0x634B, r25	; 0x80634b <Command_Table+0x3>
/Users/askn/Develop/UPDI4AVR-USB/src/updi.cpp:445
    if (send_bytes(_sib256, sizeof(_sib256)) && recv_bytes(_sib, 32)) {
      size_t _result = 0;
      D1PRINTF(" NVM:%02X,SIB=\"%s\"\r\n", _sib[10], _sib);
      /* Depending on the SIB, different low-level methods are executed. */
      if      (_sib[10] == '6') _result = NVM::V6::setup();
      else if (_sib[10] == '5') _result = NVM::V5::setup();
    259a:	8a ec       	ldi	r24, 0xCA	; 202
/Users/askn/Develop/UPDI4AVR-USB/src/nvmv5.cpp:165
    }
  }

  bool setup (void) {
    Command_Table.prog_init    = &prog_init;
    259c:	9f e0       	ldi	r25, 0x0F	; 15
    259e:	80 93 4c 63 	sts	0x634C, r24	; 0x80634c <Command_Table+0x4>
    25a2:	90 93 4d 63 	sts	0x634D, r25	; 0x80634d <Command_Table+0x5>
    25a6:	87 e9       	ldi	r24, 0x97	; 151
/Users/askn/Develop/UPDI4AVR-USB/src/nvmv5.cpp:166
    Command_Table.read_memory  = &read_memory;
    25a8:	9e e0       	ldi	r25, 0x0E	; 14
    25aa:	d1 cf       	rjmp	.-94     	; 0x254e <UPDI::connect()+0x1e0>
_ZN4UPDI7connectEv():
    25ac:	84 33       	cpi	r24, 0x34	; 52
    25ae:	a9 f4       	brne	.+42     	; 0x25da <UPDI::connect()+0x26c>
setup():
    25b0:	80 ed       	ldi	r24, 0xD0	; 208
    25b2:	99 e0       	ldi	r25, 0x09	; 9
/Users/askn/Develop/UPDI4AVR-USB/src/nvmv5.cpp:167
    Command_Table.erase_memory = &erase_memory;
    25b4:	80 93 48 63 	sts	0x6348, r24	; 0x806348 <Command_Table>
    25b8:	90 93 49 63 	sts	0x6349, r25	; 0x806349 <Command_Table+0x1>
    25bc:	86 e8       	ldi	r24, 0x86	; 134
    25be:	94 e0       	ldi	r25, 0x04	; 4
/Users/askn/Develop/UPDI4AVR-USB/src/nvmv5.cpp:168
    Command_Table.write_memory = &write_memory;
    25c0:	80 93 4a 63 	sts	0x634A, r24	; 0x80634a <Command_Table+0x2>
    25c4:	90 93 4b 63 	sts	0x634B, r25	; 0x80634b <Command_Table+0x3>
/Users/askn/Develop/UPDI4AVR-USB/src/updi.cpp:446
      else if (_sib[10] == '4') _result = NVM::V4::setup();
    25c8:	81 ee       	ldi	r24, 0xE1	; 225
/Users/askn/Develop/UPDI4AVR-USB/src/nvmv4.cpp:187
      return UPDI::send_bytes_block(_dwAddr, _wLength);
    }
  }

  bool setup (void) {
    Command_Table.prog_init    = &prog_init;
    25ca:	9f e0       	ldi	r25, 0x0F	; 15
    25cc:	80 93 4c 63 	sts	0x634C, r24	; 0x80634c <Command_Table+0x4>
    25d0:	90 93 4d 63 	sts	0x634D, r25	; 0x80634d <Command_Table+0x5>
    25d4:	88 e1       	ldi	r24, 0x18	; 24
/Users/askn/Develop/UPDI4AVR-USB/src/nvmv4.cpp:188
    Command_Table.read_memory  = &read_memory;
    25d6:	9e e0       	ldi	r25, 0x0E	; 14
    25d8:	ba cf       	rjmp	.-140    	; 0x254e <UPDI::connect()+0x1e0>
_ZN4UPDI7connectEv():
    25da:	83 33       	cpi	r24, 0x33	; 51
    25dc:	a9 f4       	brne	.+42     	; 0x2608 <UPDI::connect()+0x29a>
setup():
    25de:	86 ed       	ldi	r24, 0xD6	; 214
    25e0:	99 e0       	ldi	r25, 0x09	; 9
/Users/askn/Develop/UPDI4AVR-USB/src/nvmv4.cpp:189
    Command_Table.erase_memory = &erase_memory;
    25e2:	80 93 48 63 	sts	0x6348, r24	; 0x806348 <Command_Table>
    25e6:	90 93 49 63 	sts	0x6349, r25	; 0x806349 <Command_Table+0x1>
    25ea:	85 e8       	ldi	r24, 0x85	; 133
    25ec:	94 e0       	ldi	r25, 0x04	; 4
/Users/askn/Develop/UPDI4AVR-USB/src/nvmv4.cpp:190
    Command_Table.write_memory = &write_memory;
    25ee:	80 93 4a 63 	sts	0x634A, r24	; 0x80634a <Command_Table+0x2>
    25f2:	90 93 4b 63 	sts	0x634B, r25	; 0x80634b <Command_Table+0x3>
/Users/askn/Develop/UPDI4AVR-USB/src/updi.cpp:447
      else if (_sib[10] == '3') _result = NVM::V3::setup();
    25f6:	89 ec       	ldi	r24, 0xC9	; 201
/Users/askn/Develop/UPDI4AVR-USB/src/nvmv3.cpp:162
    }
  }

  bool setup (void) {
    Command_Table.prog_init    = &prog_init;
    25f8:	9f e0       	ldi	r25, 0x0F	; 15
    25fa:	80 93 4c 63 	sts	0x634C, r24	; 0x80634c <Command_Table+0x4>
    25fe:	90 93 4d 63 	sts	0x634D, r25	; 0x80634d <Command_Table+0x5>
    2602:	86 ec       	ldi	r24, 0xC6	; 198
/Users/askn/Develop/UPDI4AVR-USB/src/nvmv3.cpp:163
    Command_Table.read_memory  = &read_memory;
    2604:	9d e0       	ldi	r25, 0x0D	; 13
    2606:	a3 cf       	rjmp	.-186    	; 0x254e <UPDI::connect()+0x1e0>
_ZN4UPDI7connectEv():
    2608:	82 33       	cpi	r24, 0x32	; 50
    260a:	a9 f4       	brne	.+42     	; 0x2636 <UPDI::connect()+0x2c8>
setup():
    260c:	84 e7       	ldi	r24, 0x74	; 116
    260e:	9a e0       	ldi	r25, 0x0A	; 10
/Users/askn/Develop/UPDI4AVR-USB/src/nvmv3.cpp:164
    Command_Table.erase_memory = &erase_memory;
    2610:	80 93 48 63 	sts	0x6348, r24	; 0x806348 <Command_Table>
    2614:	90 93 49 63 	sts	0x6349, r25	; 0x806349 <Command_Table+0x1>
    2618:	87 e5       	ldi	r24, 0x57	; 87
    261a:	94 e0       	ldi	r25, 0x04	; 4
/Users/askn/Develop/UPDI4AVR-USB/src/nvmv3.cpp:165
    Command_Table.write_memory = &write_memory;
    261c:	80 93 4a 63 	sts	0x634A, r24	; 0x80634a <Command_Table+0x2>
    2620:	90 93 4b 63 	sts	0x634B, r25	; 0x80634b <Command_Table+0x3>
/Users/askn/Develop/UPDI4AVR-USB/src/updi.cpp:448
      else if (_sib[10] == '2') _result = NVM::V2::setup();
    2624:	8b ec       	ldi	r24, 0xCB	; 203
/Users/askn/Develop/UPDI4AVR-USB/src/nvmv2.cpp:184
      return UPDI::send_bytes_block(_dwAddr, _wLength);
    }
  }

  bool setup (void) {
    Command_Table.prog_init    = &prog_init;
    2626:	9f e0       	ldi	r25, 0x0F	; 15
    2628:	80 93 4c 63 	sts	0x634C, r24	; 0x80634c <Command_Table+0x4>
    262c:	90 93 4d 63 	sts	0x634D, r25	; 0x80634d <Command_Table+0x5>
    2630:	87 e4       	ldi	r24, 0x47	; 71
/Users/askn/Develop/UPDI4AVR-USB/src/nvmv2.cpp:185
    Command_Table.read_memory  = &read_memory;
    2632:	9d e0       	ldi	r25, 0x0D	; 13
    2634:	8c cf       	rjmp	.-232    	; 0x254e <UPDI::connect()+0x1e0>
_ZN4UPDI7connectEv():
    2636:	80 33       	cpi	r24, 0x30	; 48
    2638:	09 f0       	breq	.+2      	; 0x263c <UPDI::connect()+0x2ce>
    263a:	58 cf       	rjmp	.-336    	; 0x24ec <UPDI::connect()+0x17e>
setup():
    263c:	83 e5       	ldi	r24, 0x53	; 83
/Users/askn/Develop/UPDI4AVR-USB/src/nvmv2.cpp:186
    Command_Table.erase_memory = &erase_memory;
    263e:	9a e0       	ldi	r25, 0x0A	; 10
    2640:	80 93 48 63 	sts	0x6348, r24	; 0x806348 <Command_Table>
    2644:	90 93 49 63 	sts	0x6349, r25	; 0x806349 <Command_Table+0x1>
    2648:	8c e2       	ldi	r24, 0x2C	; 44
/Users/askn/Develop/UPDI4AVR-USB/src/nvmv2.cpp:187
    Command_Table.write_memory = &write_memory;
    264a:	94 e0       	ldi	r25, 0x04	; 4
    264c:	80 93 4a 63 	sts	0x634A, r24	; 0x80634a <Command_Table+0x2>
/Users/askn/Develop/UPDI4AVR-USB/src/updi.cpp:449
      else if (_sib[10] == '0') _result = NVM::V0::setup();
    2650:	90 93 4b 63 	sts	0x634B, r25	; 0x80634b <Command_Table+0x3>
    2654:	8f eb       	ldi	r24, 0xBF	; 191
/Users/askn/Develop/UPDI4AVR-USB/src/nvmv0.cpp:171
      return UPDI::send_bytes_block(_wAddr, _wLength);
    }
  }

  bool setup (void) {
    Command_Table.prog_init    = &prog_init;
    2656:	9f e0       	ldi	r25, 0x0F	; 15
    2658:	80 93 4c 63 	sts	0x634C, r24	; 0x80634c <Command_Table+0x4>
    265c:	90 93 4d 63 	sts	0x634D, r25	; 0x80634d <Command_Table+0x5>
    2660:	86 e8       	ldi	r24, 0x86	; 134
/Users/askn/Develop/UPDI4AVR-USB/src/nvmv0.cpp:172
    Command_Table.read_memory  = &read_memory;
    2662:	9c e0       	ldi	r25, 0x0C	; 12
    2664:	74 cf       	rjmp	.-280    	; 0x254e <UPDI::connect()+0x1e0>

00002666 <ISP::read_flash()>:
_ZN3ISP10read_flashEv():
    2666:	cf 92       	push	r12
    2668:	df 92       	push	r13
    266a:	ef 92       	push	r14
    266c:	ff 92       	push	r15
/Users/askn/Develop/UPDI4AVR-USB/src/nvmv0.cpp:173
    Command_Table.erase_memory = &erase_memory;
    266e:	0f 93       	push	r16
    2670:	1f 93       	push	r17
    2672:	cf 93       	push	r28
    2674:	df 93       	push	r29
    2676:	00 d0       	rcall	.+0      	; 0x2678 <ISP::read_flash()+0x12>
    2678:	cd b7       	in	r28, 0x3d	; 61
/Users/askn/Develop/UPDI4AVR-USB/src/nvmv0.cpp:174
    Command_Table.write_memory = &write_memory;
    267a:	de b7       	in	r29, 0x3e	; 62
    267c:	80 91 b0 60 	lds	r24, 0x60B0	; 0x8060b0 <ISP::_base_addr>
/Users/askn/Develop/UPDI4AVR-USB/src/isp.cpp:139
    }
    packet.in.isp.data[_length++] = 0;
    return _length;
  }

  size_t read_flash (void) {
    2680:	90 91 b1 60 	lds	r25, 0x60B1	; 0x8060b1 <ISP::_base_addr+0x1>
    2684:	89 83       	std	Y+1, r24	; 0x01
    2686:	9a 83       	std	Y+2, r25	; 0x02
bswap16():
    2688:	00 91 db 60 	lds	r16, 0x60DB	; 0x8060db <packet+0x6>
    268c:	10 91 dc 60 	lds	r17, 0x60DC	; 0x8060dc <packet+0x7>
    2690:	10 27       	eor	r17, r16
    2692:	01 27       	eor	r16, r17
    2694:	10 27       	eor	r17, r16
_ZN3ISP10read_flashEv():
/Users/askn/Develop/UPDI4AVR-USB/src/isp.cpp:140
    size_t  _addr   = _base_addr;
    2696:	d0 90 dd 60 	lds	r13, 0x60DD	; 0x8060dd <packet+0x8>
    269a:	85 ed       	ldi	r24, 0xD5	; 213
    269c:	e8 2e       	mov	r14, r24
    269e:	80 e6       	ldi	r24, 0x60	; 96
    26a0:	f8 2e       	mov	r15, r24
/Users/askn/Library/Arduino15/packages/MultiX-Zinnia/hardware/modernAVR/0.4.10/cores/modernAVR/api/cpp/btools.cpp:45
//
// Byte convert
//

uint16_t bswap16 (uint16_t _word) {
  return __builtin_bswap16(_word);
    26a2:	cd 2c       	mov	r12, r13
    26a4:	68 94       	set
    26a6:	c3 f8       	bld	r12, 3
    26a8:	c7 01       	movw	r24, r14
    26aa:	85 5d       	subi	r24, 0xD5	; 213
    26ac:	90 46       	sbci	r25, 0x60	; 96
    26ae:	80 17       	cp	r24, r16
/Users/askn/Develop/UPDI4AVR-USB/src/isp.cpp:142
    size_t  _length = bswap16(packet.out.isp.wValue);
    uint8_t _type   = packet.out.isp.data[2];
    26b0:	91 07       	cpc	r25, r17
    26b2:	28 f5       	brcc	.+74     	; 0x26fe <ISP::read_flash()+0x98>
    26b4:	d0 92 a8 60 	sts	0x60A8, r13	; 0x8060a8 <__bss_end>
    26b8:	8a 81       	ldd	r24, Y+2	; 0x02
    26ba:	80 93 a9 60 	sts	0x60A9, r24	; 0x8060a9 <__bss_end+0x1>
/Users/askn/Develop/UPDI4AVR-USB/src/isp.cpp:151
      _ser[1] = _CAPS16(_addr)->bytes[1];
      _ser[2] = _CAPS16(_addr)->bytes[0];
      _ser[3] = 0;
      spi_transaction(_ser);
      packet.in.isp.data[_index++] = _res[3];
      _ser[0] = _type | 0x08;
    26be:	89 81       	ldd	r24, Y+1	; 0x01
    26c0:	80 93 aa 60 	sts	0x60AA, r24	; 0x8060aa <__bss_end+0x2>
/Users/askn/Develop/UPDI4AVR-USB/src/isp.cpp:144
  size_t read_flash (void) {
    size_t  _addr   = _base_addr;
    size_t  _length = bswap16(packet.out.isp.wValue);
    uint8_t _type   = packet.out.isp.data[2];
    D1PRINTF(" M=$%04X, L=%d, T=$%02X\r\n", _addr << 1, _length, _type);
    for (size_t _index = 0; _index < _length;) {
    26c4:	10 92 ab 60 	sts	0x60AB, r1	; 0x8060ab <__bss_end+0x3>
    26c8:	88 ea       	ldi	r24, 0xA8	; 168
    26ca:	90 e6       	ldi	r25, 0x60	; 96
    26cc:	0e 94 c1 0a 	call	0x1582	; 0x1582 <ISP::spi_transaction(unsigned char const*)>
/Users/askn/Develop/UPDI4AVR-USB/src/isp.cpp:145
      _ser[0] = _type;
    26d0:	80 91 af 60 	lds	r24, 0x60AF	; 0x8060af <ISP::_res+0x3>
/Users/askn/Develop/UPDI4AVR-USB/src/isp.cpp:146
      _ser[1] = _CAPS16(_addr)->bytes[1];
    26d4:	f7 01       	movw	r30, r14
    26d6:	87 83       	std	Z+7, r24	; 0x07
/Users/askn/Develop/UPDI4AVR-USB/src/isp.cpp:147
      _ser[2] = _CAPS16(_addr)->bytes[0];
    26d8:	c0 92 a8 60 	sts	0x60A8, r12	; 0x8060a8 <__bss_end>
    26dc:	88 ea       	ldi	r24, 0xA8	; 168
/Users/askn/Develop/UPDI4AVR-USB/src/isp.cpp:148
      _ser[3] = 0;
    26de:	90 e6       	ldi	r25, 0x60	; 96
    26e0:	0e 94 c1 0a 	call	0x1582	; 0x1582 <ISP::spi_transaction(unsigned char const*)>
/Users/askn/Develop/UPDI4AVR-USB/src/isp.cpp:149
      spi_transaction(_ser);
    26e4:	80 91 af 60 	lds	r24, 0x60AF	; 0x8060af <ISP::_res+0x3>
    26e8:	f7 01       	movw	r30, r14
/Users/askn/Develop/UPDI4AVR-USB/src/isp.cpp:150
      packet.in.isp.data[_index++] = _res[3];
    26ea:	80 87       	std	Z+8, r24	; 0x08
    26ec:	89 81       	ldd	r24, Y+1	; 0x01
    26ee:	9a 81       	ldd	r25, Y+2	; 0x02
    26f0:	01 96       	adiw	r24, 0x01	; 1
/Users/askn/Develop/UPDI4AVR-USB/src/isp.cpp:151
      _ser[0] = _type | 0x08;
    26f2:	89 83       	std	Y+1, r24	; 0x01
    26f4:	9a 83       	std	Y+2, r25	; 0x02
/Users/askn/Develop/UPDI4AVR-USB/src/isp.cpp:152
      spi_transaction(_ser);
    26f6:	f2 e0       	ldi	r31, 0x02	; 2
    26f8:	ef 0e       	add	r14, r31
    26fa:	f1 1c       	adc	r15, r1
    26fc:	d5 cf       	rjmp	.-86     	; 0x26a8 <ISP::read_flash()+0x42>
/Users/askn/Develop/UPDI4AVR-USB/src/isp.cpp:153
      packet.in.isp.data[_index++] = _res[3];
    26fe:	f8 01       	movw	r30, r16
    2700:	eb 52       	subi	r30, 0x2B	; 43
    2702:	ff 49       	sbci	r31, 0x9F	; 159
    2704:	17 82       	std	Z+7, r1	; 0x07
/Users/askn/Develop/UPDI4AVR-USB/src/isp.cpp:154
      _addr += 1;
    2706:	c8 01       	movw	r24, r16
    2708:	01 96       	adiw	r24, 0x01	; 1
    270a:	0f 90       	pop	r0
    270c:	0f 90       	pop	r0
    270e:	df 91       	pop	r29
    2710:	cf 91       	pop	r28
    2712:	1f 91       	pop	r17
    2714:	0f 91       	pop	r16
    2716:	ff 90       	pop	r15
/Users/askn/Develop/UPDI4AVR-USB/src/isp.cpp:156
    }
    packet.in.isp.data[_length++] = 0;
    2718:	ef 90       	pop	r14
    271a:	df 90       	pop	r13
    271c:	cf 90       	pop	r12
    271e:	08 95       	ret

00002720 <TPI::write_memory()>:
_ZN3TPI12write_memoryEv():
/Users/askn/Develop/UPDI4AVR-USB/src/isp.cpp:158
    return _length;
  }
    2720:	4f 92       	push	r4
    2722:	5f 92       	push	r5
    2724:	6f 92       	push	r6
    2726:	7f 92       	push	r7
    2728:	8f 92       	push	r8
    272a:	9f 92       	push	r9
    272c:	af 92       	push	r10
    272e:	bf 92       	push	r11
    2730:	cf 92       	push	r12
    2732:	df 92       	push	r13
    2734:	ef 92       	push	r14
    2736:	ff 92       	push	r15
    2738:	0f 93       	push	r16
/Users/askn/Develop/UPDI4AVR-USB/src/tpi.cpp:165
    }
    D1PRINTHEX(&packet.in.data, _wLength, ':');
    return _wLength;
  }

  size_t write_memory (void) {
    273a:	1f 93       	push	r17
    273c:	cf 93       	push	r28
    273e:	df 93       	push	r29
    2740:	20 91 db 60 	lds	r18, 0x60DB	; 0x8060db <packet+0x6>
bswap16():
    2744:	c0 90 df 60 	lds	r12, 0x60DF	; 0x8060df <packet+0xa>
    2748:	d0 90 e0 60 	lds	r13, 0x60E0	; 0x8060e0 <packet+0xb>
    274c:	dc 24       	eor	r13, r12
    274e:	cd 24       	eor	r12, r13
    2750:	dc 24       	eor	r13, r12
    2752:	e0 90 e1 60 	lds	r14, 0x60E1	; 0x8060e1 <packet+0xc>
    2756:	f0 90 e2 60 	lds	r15, 0x60E2	; 0x8060e2 <packet+0xd>
/Users/askn/Develop/UPDI4AVR-USB/src/tpi.cpp:166
    uint8_t   m_type = packet.out.tpi.read.bMType;
    275a:	fe 24       	eor	r15, r14
    275c:	ef 24       	eor	r14, r15
/Users/askn/Library/Arduino15/packages/MultiX-Zinnia/hardware/modernAVR/0.4.10/cores/modernAVR/api/cpp/btools.cpp:45
    275e:	fe 24       	eor	r15, r14
_ZN3TPI12write_memoryEv():
    2760:	40 90 d3 60 	lds	r4, 0x60D3	; 0x8060d3 <_tpi_chunks>
    2764:	64 2c       	mov	r6, r4
    2766:	71 2c       	mov	r7, r1
    2768:	c3 01       	movw	r24, r6
    276a:	01 97       	sbiw	r24, 0x01	; 1
    276c:	c3 ee       	ldi	r28, 0xE3	; 227
    276e:	d0 e6       	ldi	r29, 0x60	; 96
    2770:	3f ef       	ldi	r19, 0xFF	; 255
    2772:	ac 01       	movw	r20, r24
    2774:	4c 21       	and	r20, r12
    2776:	5d 21       	and	r21, r13
    2778:	45 2b       	or	r20, r21
/Users/askn/Develop/UPDI4AVR-USB/src/tpi.cpp:174
    uint8_t *_p = &packet.out.tpi.write.memData[0];
    bool _result = true;

    /* To accommodate older host programs, */
    /* the address must be aligned to the top of the page. */
    while (_dwAddr & (_tpi_chunks - 1)) {
    277a:	79 f4       	brne	.+30     	; 0x279a <TPI::write_memory()+0x7a>
    277c:	3f ef       	ldi	r19, 0xFF	; 255
    277e:	4c 01       	movw	r8, r24
    2780:	8e 20       	and	r8, r14
    2782:	9f 20       	and	r9, r15
    2784:	81 14       	cp	r8, r1
/Users/askn/Develop/UPDI4AVR-USB/src/tpi.cpp:169

  size_t write_memory (void) {
    uint8_t   m_type = packet.out.tpi.read.bMType;
    uint16_t _dwAddr = bswap16(_CAPS32(packet.out.tpi.write.dwAddr)->words[1]);
    size_t  _wLength = bswap16(packet.out.tpi.write.wLength);
    uint8_t *_p = &packet.out.tpi.write.memData[0];
    2786:	91 04       	cpc	r9, r1
    2788:	81 f0       	breq	.+32     	; 0x27aa <TPI::write_memory()+0x8a>
/Users/askn/Develop/UPDI4AVR-USB/src/tpi.cpp:178
    /* the address must be aligned to the top of the page. */
    while (_dwAddr & (_tpi_chunks - 1)) {
      _dwAddr--;
      _wLength++;
      --_p;
      *_p = 0xFF;     /* NAND masked dummy bytes */
    278a:	f6 01       	movw	r30, r12
/Users/askn/Develop/UPDI4AVR-USB/src/tpi.cpp:174
    uint8_t *_p = &packet.out.tpi.write.memData[0];
    bool _result = true;

    /* To accommodate older host programs, */
    /* the address must be aligned to the top of the page. */
    while (_dwAddr & (_tpi_chunks - 1)) {
    278c:	ee 0d       	add	r30, r14
    278e:	ff 1d       	adc	r31, r15
    2790:	30 83       	st	Z, r19
    2792:	ff ef       	ldi	r31, 0xFF	; 255
    2794:	ef 1a       	sub	r14, r31
/Users/askn/Develop/UPDI4AVR-USB/src/tpi.cpp:181
      _wLength++;
      --_p;
      *_p = 0xFF;     /* NAND masked dummy bytes */
    }
    while (_wLength & (_tpi_chunks - 1)) {
      *((uint8_t*)(_dwAddr + _wLength)) = 0xFF;
    2796:	ff 0a       	sbc	r15, r31
/Users/askn/Develop/UPDI4AVR-USB/src/tpi.cpp:180
      _dwAddr--;
      _wLength++;
      --_p;
      *_p = 0xFF;     /* NAND masked dummy bytes */
    }
    while (_wLength & (_tpi_chunks - 1)) {
    2798:	f2 cf       	rjmp	.-28     	; 0x277e <TPI::write_memory()+0x5e>
    279a:	41 e0       	ldi	r20, 0x01	; 1
    279c:	c4 1a       	sub	r12, r20
    279e:	d1 08       	sbc	r13, r1
    27a0:	ef ef       	ldi	r30, 0xFF	; 255
    27a2:	ee 1a       	sub	r14, r30
/Users/askn/Develop/UPDI4AVR-USB/src/tpi.cpp:181
      *((uint8_t*)(_dwAddr + _wLength)) = 0xFF;
    27a4:	fe 0a       	sbc	r15, r30
    27a6:	3a 93       	st	-Y, r19
    27a8:	e4 cf       	rjmp	.-56     	; 0x2772 <TPI::write_memory()+0x52>
    27aa:	21 30       	cpi	r18, 0x01	; 1
/Users/askn/Develop/UPDI4AVR-USB/src/tpi.cpp:182
      _wLength++;
    27ac:	21 f5       	brne	.+72     	; 0x27f6 <TPI::write_memory()+0xd6>
    27ae:	b1 2c       	mov	r11, r1
    27b0:	a1 2c       	mov	r10, r1
    27b2:	86 01       	movw	r16, r12
/Users/askn/Develop/UPDI4AVR-USB/src/tpi.cpp:175
    bool _result = true;

    /* To accommodate older host programs, */
    /* the address must be aligned to the top of the page. */
    while (_dwAddr & (_tpi_chunks - 1)) {
      _dwAddr--;
    27b4:	0a 0d       	add	r16, r10
    27b6:	1b 1d       	adc	r17, r11
    27b8:	ae 14       	cp	r10, r14
/Users/askn/Develop/UPDI4AVR-USB/src/tpi.cpp:176
      _wLength++;
    27ba:	bf 04       	cpc	r11, r15
    27bc:	08 f0       	brcs	.+2      	; 0x27c0 <TPI::write_memory()+0xa0>
    27be:	9d c0       	rjmp	.+314    	; 0x28fa <TPI::write_memory()+0x1da>
/Users/askn/Develop/UPDI4AVR-USB/src/tpi.cpp:178
      --_p;
      *_p = 0xFF;     /* NAND masked dummy bytes */
    27c0:	0e 94 16 05 	call	0xa2c	; 0xa2c <TPI::nvm_wait()>
/Users/askn/Develop/UPDI4AVR-USB/src/tpi.cpp:190
    D1PRINTHEX(_p, _wLength, ':');

    /* For the flash code area, the page erase can be */
    /* omitted if the chip has already been erased.   */
    /* 0x01: XPRG_MEM_TYPE_APPL */
    if (m_type != 0x01) {
    27c4:	88 23       	and	r24, r24
    27c6:	81 f0       	breq	.+32     	; 0x27e8 <TPI::write_memory()+0xc8>
/Users/askn/Develop/UPDI4AVR-USB/src/tpi.cpp:169

  size_t write_memory (void) {
    uint8_t   m_type = packet.out.tpi.read.bMType;
    uint16_t _dwAddr = bswap16(_CAPS32(packet.out.tpi.write.dwAddr)->words[1]);
    size_t  _wLength = bswap16(packet.out.tpi.write.wLength);
    uint8_t *_p = &packet.out.tpi.write.memData[0];
    27c8:	c8 01       	movw	r24, r16
    27ca:	0e 94 34 05 	call	0xa68	; 0xa68 <TPI::set_sstpr(unsigned int)>
    27ce:	88 23       	and	r24, r24
    27d0:	59 f0       	breq	.+22     	; 0x27e8 <TPI::write_memory()+0xc8>
/Users/askn/Develop/UPDI4AVR-USB/src/tpi.cpp:203
        && nvm_ctrl(0x00);
      if (!_result) return 0;
    }

    /* WRITE_PAGE */
    for (size_t _i = 0; _i < _wLength; _i += _tpi_chunks) {
    27d2:	8d e1       	ldi	r24, 0x1D	; 29
    27d4:	0e 94 0a 05 	call	0xa14	; 0xa14 <TPI::nvm_ctrl(unsigned char)>
    27d8:	88 23       	and	r24, r24
/Users/askn/Develop/UPDI4AVR-USB/src/tpi.cpp:205
      D1PRINTF(" CODE_WRITE=%04X:%02X\r\n", _dwAddr, _tpi_chunks);
      _result &= nvm_wait()
    27da:	31 f0       	breq	.+12     	; 0x27e8 <TPI::write_memory()+0xc8>
    27dc:	88 81       	ld	r24, Y
/Users/askn/Develop/UPDI4AVR-USB/src/tpi.cpp:209
              && set_sstpr(_dwAddr)
              && nvm_ctrl(0x1D)
              && set_sst(*_p++)
              && set_sst(*_p++);
    27de:	0e 94 22 05 	call	0xa44	; 0xa44 <TPI::set_sst(unsigned char)>
/Users/askn/Develop/UPDI4AVR-USB/src/tpi.cpp:206

    /* WRITE_PAGE */
    for (size_t _i = 0; _i < _wLength; _i += _tpi_chunks) {
      D1PRINTF(" CODE_WRITE=%04X:%02X\r\n", _dwAddr, _tpi_chunks);
      _result &= nvm_wait()
              && set_sstpr(_dwAddr)
    27e2:	81 11       	cpse	r24, r1
    27e4:	37 c0       	rjmp	.+110    	; 0x2854 <TPI::write_memory()+0x134>
    27e6:	21 96       	adiw	r28, 0x01	; 1
    27e8:	f3 e0       	ldi	r31, 0x03	; 3
    27ea:	f4 15       	cp	r31, r4
/Users/askn/Develop/UPDI4AVR-USB/src/tpi.cpp:207
              && nvm_ctrl(0x1D)
    27ec:	08 f4       	brcc	.+2      	; 0x27f0 <TPI::write_memory()+0xd0>
    27ee:	47 c0       	rjmp	.+142    	; 0x287e <TPI::write_memory()+0x15e>
    27f0:	0e 94 16 05 	call	0xa2c	; 0xa2c <TPI::nvm_wait()>
    27f4:	1d c0       	rjmp	.+58     	; 0x2830 <TPI::write_memory()+0x110>
/Users/askn/Develop/UPDI4AVR-USB/src/tpi.cpp:208
              && set_sst(*_p++)
    27f6:	0e 94 16 05 	call	0xa2c	; 0xa2c <TPI::nvm_wait()>
    27fa:	88 23       	and	r24, r24
    27fc:	c9 f0       	breq	.+50     	; 0x2830 <TPI::write_memory()+0x110>
    27fe:	c6 01       	movw	r24, r12
    2800:	81 60       	ori	r24, 0x01	; 1
/Users/askn/Develop/UPDI4AVR-USB/src/tpi.cpp:211
              && set_sst(*_p++);
      /* The 2-word or 4-word write model requires a 12-bit wait for each word written. */
      if (_tpi_chunks >= 4) {
    2802:	0e 94 34 05 	call	0xa68	; 0xa68 <TPI::set_sstpr(unsigned int)>
    2806:	88 23       	and	r24, r24
    2808:	99 f0       	breq	.+38     	; 0x2830 <TPI::write_memory()+0x110>
/Users/askn/Develop/UPDI4AVR-USB/src/tpi.cpp:221
        idle_clock(16);
        _result &= set_sst(*_p++) && set_sst(*_p++);
        idle_clock(16);
        _result &= set_sst(*_p++) && set_sst(*_p++);
      }
      _result &= nvm_wait();
    280a:	84 e1       	ldi	r24, 0x14	; 20
    280c:	0e 94 0a 05 	call	0xa14	; 0xa14 <TPI::nvm_ctrl(unsigned char)>
/Users/askn/Develop/UPDI4AVR-USB/src/tpi.cpp:193
    /* omitted if the chip has already been erased.   */
    /* 0x01: XPRG_MEM_TYPE_APPL */
    if (m_type != 0x01) {
      /* SECTION_ERASE */
      D1PRINTF(" SECTION_ERASE=%04X\r\n", _dwAddr | 1);
      _result &= nvm_wait()
    2810:	88 23       	and	r24, r24
    2812:	71 f0       	breq	.+28     	; 0x2830 <TPI::write_memory()+0x110>
/Users/askn/Develop/UPDI4AVR-USB/src/tpi.cpp:198
        && set_sstpr(_dwAddr | 1)
        && nvm_ctrl(0x14)
        && set_sst(0xFF)
        && nvm_wait()
        && nvm_ctrl(0x00);
    2814:	8f ef       	ldi	r24, 0xFF	; 255
    2816:	0e 94 22 05 	call	0xa44	; 0xa44 <TPI::set_sst(unsigned char)>
/Users/askn/Develop/UPDI4AVR-USB/src/tpi.cpp:194
    /* 0x01: XPRG_MEM_TYPE_APPL */
    if (m_type != 0x01) {
      /* SECTION_ERASE */
      D1PRINTF(" SECTION_ERASE=%04X\r\n", _dwAddr | 1);
      _result &= nvm_wait()
        && set_sstpr(_dwAddr | 1)
    281a:	88 23       	and	r24, r24
    281c:	49 f0       	breq	.+18     	; 0x2830 <TPI::write_memory()+0x110>
    281e:	0e 94 16 05 	call	0xa2c	; 0xa2c <TPI::nvm_wait()>
    2822:	88 23       	and	r24, r24
/Users/askn/Develop/UPDI4AVR-USB/src/tpi.cpp:195
        && nvm_ctrl(0x14)
    2824:	29 f0       	breq	.+10     	; 0x2830 <TPI::write_memory()+0x110>
    2826:	80 e0       	ldi	r24, 0x00	; 0
    2828:	0e 94 0a 05 	call	0xa14	; 0xa14 <TPI::nvm_ctrl(unsigned char)>
    282c:	81 11       	cpse	r24, r1
/Users/askn/Develop/UPDI4AVR-USB/src/tpi.cpp:196
        && set_sst(0xFF)
    282e:	bf cf       	rjmp	.-130    	; 0x27ae <TPI::write_memory()+0x8e>
    2830:	c4 01       	movw	r24, r8
    2832:	df 91       	pop	r29
    2834:	cf 91       	pop	r28
    2836:	1f 91       	pop	r17
/Users/askn/Develop/UPDI4AVR-USB/src/tpi.cpp:197
        && nvm_wait()
    2838:	0f 91       	pop	r16
    283a:	ff 90       	pop	r15
    283c:	ef 90       	pop	r14
    283e:	df 90       	pop	r13
/Users/askn/Develop/UPDI4AVR-USB/src/tpi.cpp:198
        && nvm_ctrl(0x00);
    2840:	cf 90       	pop	r12
    2842:	bf 90       	pop	r11
    2844:	af 90       	pop	r10
    2846:	9f 90       	pop	r9
    2848:	8f 90       	pop	r8
/Users/askn/Develop/UPDI4AVR-USB/src/tpi.cpp:226
      _result &= nvm_wait();
      if (!_result) return 0;
      _dwAddr += _tpi_chunks;
    }
    return nvm_ctrl(0x00);
  }
    284a:	7f 90       	pop	r7
    284c:	6f 90       	pop	r6
    284e:	5f 90       	pop	r5
    2850:	4f 90       	pop	r4
    2852:	08 95       	ret
    2854:	8e 01       	movw	r16, r28
    2856:	0e 5f       	subi	r16, 0xFE	; 254
    2858:	1f 4f       	sbci	r17, 0xFF	; 255
    285a:	89 81       	ldd	r24, Y+1	; 0x01
    285c:	0e 94 22 05 	call	0xa44	; 0xa44 <TPI::set_sst(unsigned char)>
    2860:	58 2e       	mov	r5, r24
    2862:	43 e0       	ldi	r20, 0x03	; 3
    2864:	e8 01       	movw	r28, r16
    2866:	44 15       	cp	r20, r4
    2868:	58 f0       	brcs	.+22     	; 0x2880 <TPI::write_memory()+0x160>
    286a:	0e 94 16 05 	call	0xa2c	; 0xa2c <TPI::nvm_wait()>
/Users/askn/Develop/UPDI4AVR-USB/src/tpi.cpp:209
      D1PRINTF(" CODE_WRITE=%04X:%02X\r\n", _dwAddr, _tpi_chunks);
      _result &= nvm_wait()
              && set_sstpr(_dwAddr)
              && nvm_ctrl(0x1D)
              && set_sst(*_p++)
              && set_sst(*_p++);
    286e:	55 20       	and	r5, r5
    2870:	f9 f2       	breq	.-66     	; 0x2830 <TPI::write_memory()+0x110>
    2872:	88 23       	and	r24, r24
    2874:	e9 f2       	breq	.-70     	; 0x2830 <TPI::write_memory()+0x110>
    2876:	a6 0c       	add	r10, r6
    2878:	b7 1c       	adc	r11, r7
    287a:	e8 01       	movw	r28, r16
/Users/askn/Develop/UPDI4AVR-USB/src/tpi.cpp:211
      /* The 2-word or 4-word write model requires a 12-bit wait for each word written. */
      if (_tpi_chunks >= 4) {
    287c:	9a cf       	rjmp	.-204    	; 0x27b2 <TPI::write_memory()+0x92>
/Users/askn/Develop/UPDI4AVR-USB/src/tpi.cpp:209
      D1PRINTF(" CODE_WRITE=%04X:%02X\r\n", _dwAddr, _tpi_chunks);
      _result &= nvm_wait()
              && set_sstpr(_dwAddr)
              && nvm_ctrl(0x1D)
              && set_sst(*_p++)
              && set_sst(*_p++);
    287e:	51 2c       	mov	r5, r1
/Users/askn/Develop/UPDI4AVR-USB/src/tpi.cpp:211
      /* The 2-word or 4-word write model requires a 12-bit wait for each word written. */
      if (_tpi_chunks >= 4) {
    2880:	80 e1       	ldi	r24, 0x10	; 16
    2882:	90 e0       	ldi	r25, 0x00	; 0
/Users/askn/Develop/UPDI4AVR-USB/src/tpi.cpp:221
        idle_clock(16);
        _result &= set_sst(*_p++) && set_sst(*_p++);
        idle_clock(16);
        _result &= set_sst(*_p++) && set_sst(*_p++);
      }
      _result &= nvm_wait();
    2884:	0e 94 4c 05 	call	0xa98	; 0xa98 <TPI::idle_clock(unsigned int)>
/Users/askn/Develop/UPDI4AVR-USB/src/tpi.cpp:222
      if (!_result) return 0;
    2888:	88 81       	ld	r24, Y
    288a:	0e 94 22 05 	call	0xa44	; 0xa44 <TPI::set_sst(unsigned char)>
    288e:	8e 01       	movw	r16, r28
/Users/askn/Develop/UPDI4AVR-USB/src/tpi.cpp:203
        && nvm_ctrl(0x00);
      if (!_result) return 0;
    }

    /* WRITE_PAGE */
    for (size_t _i = 0; _i < _wLength; _i += _tpi_chunks) {
    2890:	81 11       	cpse	r24, r1
    2892:	21 c0       	rjmp	.+66     	; 0x28d6 <TPI::write_memory()+0x1b6>
    2894:	0f 5f       	subi	r16, 0xFF	; 255
    2896:	1f 4f       	sbci	r17, 0xFF	; 255
/Users/askn/Develop/UPDI4AVR-USB/src/tpi.cpp:211
              && set_sstpr(_dwAddr)
              && nvm_ctrl(0x1D)
              && set_sst(*_p++)
              && set_sst(*_p++);
      /* The 2-word or 4-word write model requires a 12-bit wait for each word written. */
      if (_tpi_chunks >= 4) {
    2898:	58 22       	and	r5, r24
/Users/askn/Develop/UPDI4AVR-USB/src/tpi.cpp:212
        idle_clock(16);
    289a:	88 e0       	ldi	r24, 0x08	; 8
    289c:	48 12       	cpse	r4, r24
    289e:	e5 cf       	rjmp	.-54     	; 0x286a <TPI::write_memory()+0x14a>
/Users/askn/Develop/UPDI4AVR-USB/src/tpi.cpp:213
        _result &= set_sst(*_p++) && set_sst(*_p++);
    28a0:	80 e1       	ldi	r24, 0x10	; 16
    28a2:	90 e0       	ldi	r25, 0x00	; 0
    28a4:	0e 94 4c 05 	call	0xa98	; 0xa98 <TPI::idle_clock(unsigned int)>
    28a8:	f8 01       	movw	r30, r16
    28aa:	80 81       	ld	r24, Z
    28ac:	0e 94 22 05 	call	0xa44	; 0xa44 <TPI::set_sst(unsigned char)>
    28b0:	e8 01       	movw	r28, r16
/Users/askn/Develop/UPDI4AVR-USB/src/tpi.cpp:215
      }
      if (_tpi_chunks == 8) {
    28b2:	81 11       	cpse	r24, r1
    28b4:	16 c0       	rjmp	.+44     	; 0x28e2 <TPI::write_memory()+0x1c2>
    28b6:	21 96       	adiw	r28, 0x01	; 1
/Users/askn/Develop/UPDI4AVR-USB/src/tpi.cpp:216
        idle_clock(16);
    28b8:	58 22       	and	r5, r24
    28ba:	80 e1       	ldi	r24, 0x10	; 16
    28bc:	90 e0       	ldi	r25, 0x00	; 0
    28be:	0e 94 4c 05 	call	0xa98	; 0xa98 <TPI::idle_clock(unsigned int)>
/Users/askn/Develop/UPDI4AVR-USB/src/tpi.cpp:217
        _result &= set_sst(*_p++) && set_sst(*_p++);
    28c2:	88 81       	ld	r24, Y
    28c4:	0e 94 22 05 	call	0xa44	; 0xa44 <TPI::set_sst(unsigned char)>
    28c8:	8e 01       	movw	r16, r28
    28ca:	81 11       	cpse	r24, r1
    28cc:	10 c0       	rjmp	.+32     	; 0x28ee <TPI::write_memory()+0x1ce>
    28ce:	0f 5f       	subi	r16, 0xFF	; 255
    28d0:	1f 4f       	sbci	r17, 0xFF	; 255
/Users/askn/Develop/UPDI4AVR-USB/src/tpi.cpp:218
        idle_clock(16);
    28d2:	58 22       	and	r5, r24
    28d4:	ca cf       	rjmp	.-108    	; 0x286a <TPI::write_memory()+0x14a>
    28d6:	0e 5f       	subi	r16, 0xFE	; 254
    28d8:	1f 4f       	sbci	r17, 0xFF	; 255
/Users/askn/Develop/UPDI4AVR-USB/src/tpi.cpp:219
        _result &= set_sst(*_p++) && set_sst(*_p++);
    28da:	89 81       	ldd	r24, Y+1	; 0x01
    28dc:	0e 94 22 05 	call	0xa44	; 0xa44 <TPI::set_sst(unsigned char)>
    28e0:	db cf       	rjmp	.-74     	; 0x2898 <TPI::write_memory()+0x178>
    28e2:	22 96       	adiw	r28, 0x02	; 2
    28e4:	f8 01       	movw	r30, r16
    28e6:	81 81       	ldd	r24, Z+1	; 0x01
    28e8:	0e 94 22 05 	call	0xa44	; 0xa44 <TPI::set_sst(unsigned char)>
/Users/askn/Develop/UPDI4AVR-USB/src/tpi.cpp:213
              && set_sst(*_p++)
              && set_sst(*_p++);
      /* The 2-word or 4-word write model requires a 12-bit wait for each word written. */
      if (_tpi_chunks >= 4) {
        idle_clock(16);
        _result &= set_sst(*_p++) && set_sst(*_p++);
    28ec:	e5 cf       	rjmp	.-54     	; 0x28b8 <TPI::write_memory()+0x198>
    28ee:	0e 5f       	subi	r16, 0xFE	; 254
    28f0:	1f 4f       	sbci	r17, 0xFF	; 255
    28f2:	89 81       	ldd	r24, Y+1	; 0x01
    28f4:	0e 94 22 05 	call	0xa44	; 0xa44 <TPI::set_sst(unsigned char)>
/Users/askn/Develop/UPDI4AVR-USB/src/tpi.cpp:217
      }
      if (_tpi_chunks == 8) {
        idle_clock(16);
        _result &= set_sst(*_p++) && set_sst(*_p++);
    28f8:	ec cf       	rjmp	.-40     	; 0x28d2 <TPI::write_memory()+0x1b2>
    28fa:	80 e0       	ldi	r24, 0x00	; 0
    28fc:	0e 94 0a 05 	call	0xa14	; 0xa14 <TPI::nvm_ctrl(unsigned char)>
    2900:	88 2e       	mov	r8, r24
    2902:	91 2c       	mov	r9, r1
/Users/askn/Develop/UPDI4AVR-USB/src/tpi.cpp:219
        idle_clock(16);
        _result &= set_sst(*_p++) && set_sst(*_p++);
    2904:	95 cf       	rjmp	.-214    	; 0x2830 <TPI::write_memory()+0x110>

00002906 <TPI::read_memory()>:
_ZN3TPI11read_memoryEv():
    2906:	0f 93       	push	r16
    2908:	1f 93       	push	r17
    290a:	cf 93       	push	r28
    290c:	df 93       	push	r29
bswap16():
    290e:	80 91 de 60 	lds	r24, 0x60DE	; 0x8060de <packet+0x9>
/Users/askn/Develop/UPDI4AVR-USB/src/tpi.cpp:225
      }
      _result &= nvm_wait();
      if (!_result) return 0;
      _dwAddr += _tpi_chunks;
    }
    return nvm_ctrl(0x00);
    2912:	90 91 df 60 	lds	r25, 0x60DF	; 0x8060df <packet+0xa>
    2916:	c0 91 e0 60 	lds	r28, 0x60E0	; 0x8060e0 <packet+0xb>
    291a:	d0 91 e1 60 	lds	r29, 0x60E1	; 0x8060e1 <packet+0xc>
/Users/askn/Develop/UPDI4AVR-USB/src/tpi.cpp:148
        }
    }
    return 0;
  }

  size_t read_memory (void) {
    291e:	dc 27       	eor	r29, r28
    2920:	cd 27       	eor	r28, r29
    2922:	dc 27       	eor	r29, r28
_ZN3TPI11read_memoryEv():
/Users/askn/Library/Arduino15/packages/MultiX-Zinnia/hardware/modernAVR/0.4.10/cores/modernAVR/api/cpp/btools.cpp:45
    2924:	98 27       	eor	r25, r24
    2926:	89 27       	eor	r24, r25
    2928:	98 27       	eor	r25, r24
    292a:	0e 94 34 05 	call	0xa68	; 0xa68 <TPI::set_sstpr(unsigned int)>
    292e:	05 ed       	ldi	r16, 0xD5	; 213
    2930:	10 e6       	ldi	r17, 0x60	; 96
    2932:	c8 01       	movw	r24, r16
    2934:	85 5d       	subi	r24, 0xD5	; 213
    2936:	90 46       	sbci	r25, 0x60	; 96
    2938:	8c 17       	cp	r24, r28
/Users/askn/Develop/UPDI4AVR-USB/src/tpi.cpp:155
    uint16_t _dwAddr = bswap16(_CAPS32(packet.out.tpi.read.dwAddr)->words[1]);
    size_t  _wLength = bswap16(packet.out.tpi.read.wLength);
    uint8_t *_q = &packet.in.data[0];
    size_t _cnt = 0;
    D1PRINTF(" READ=%04X:%d ", _dwAddr, _wLength);
    set_sstpr(_dwAddr);
    293a:	9d 07       	cpc	r25, r29
    293c:	60 f4       	brcc	.+24     	; 0x2956 <TPI::read_memory()+0x50>
    293e:	0e 94 2e 05 	call	0xa5c	; 0xa5c <TPI::get_sld()>
    2942:	0f 5f       	subi	r16, 0xFF	; 255
    2944:	1f 4f       	sbci	r17, 0xFF	; 255
    2946:	88 23       	and	r24, r24
/Users/askn/Develop/UPDI4AVR-USB/src/tpi.cpp:156
    while (_cnt < _wLength) {
    2948:	21 f0       	breq	.+8      	; 0x2952 <TPI::read_memory()+0x4c>
    294a:	8d b3       	in	r24, 0x1d	; 29
    294c:	f8 01       	movw	r30, r16
    294e:	86 83       	std	Z+6, r24	; 0x06
    2950:	f0 cf       	rjmp	.-32     	; 0x2932 <TPI::read_memory()+0x2c>
    2952:	d0 e0       	ldi	r29, 0x00	; 0
/Users/askn/Develop/UPDI4AVR-USB/src/tpi.cpp:157
      if (!get_sld()) return 0;
    2954:	c0 e0       	ldi	r28, 0x00	; 0
    2956:	ce 01       	movw	r24, r28
    2958:	df 91       	pop	r29
    295a:	cf 91       	pop	r28
    295c:	1f 91       	pop	r17
    295e:	0f 91       	pop	r16
/Users/askn/Develop/UPDI4AVR-USB/src/tpi.cpp:158
      *_q++ = RXDATA;
    2960:	08 95       	ret

00002962 <TPI::erase_memory()>:
_ZN3TPI12erase_memoryEv():
    2962:	cf 93       	push	r28
    2964:	df 93       	push	r29
bswap16():
    2966:	c0 91 de 60 	lds	r28, 0x60DE	; 0x8060de <packet+0x9>
/Users/askn/Develop/UPDI4AVR-USB/src/tpi.cpp:157
    uint8_t *_q = &packet.in.data[0];
    size_t _cnt = 0;
    D1PRINTF(" READ=%04X:%d ", _dwAddr, _wLength);
    set_sstpr(_dwAddr);
    while (_cnt < _wLength) {
      if (!get_sld()) return 0;
    296a:	d0 91 df 60 	lds	r29, 0x60DF	; 0x8060df <packet+0xa>
/Users/askn/Develop/UPDI4AVR-USB/src/tpi.cpp:163
      *_q++ = RXDATA;
      ++_cnt;
    }
    D1PRINTHEX(&packet.in.data, _wLength, ':');
    return _wLength;
  }
    296e:	dc 27       	eor	r29, r28
    2970:	cd 27       	eor	r28, r29
    2972:	dc 27       	eor	r29, r28
_ZN3TPI12erase_memoryEv():
    2974:	80 91 db 60 	lds	r24, 0x60DB	; 0x8060db <packet+0x6>
/Users/askn/Develop/UPDI4AVR-USB/src/tpi.cpp:117

  bool nvm_ctrl (const uint8_t _nvmcmd) {
    return set_sout(0x63, _nvmcmd);   /* NVMCMD_REG: IO=0x33 */
  }

  size_t erase_memory (void) {
    2978:	81 30       	cpi	r24, 0x01	; 1
    297a:	e9 f4       	brne	.+58     	; 0x29b6 <TPI::erase_memory()+0x54>
/Users/askn/Library/Arduino15/packages/MultiX-Zinnia/hardware/modernAVR/0.4.10/cores/modernAVR/api/cpp/btools.cpp:45
    297c:	0e 94 16 05 	call	0xa2c	; 0xa2c <TPI::nvm_wait()>
    2980:	81 11       	cpse	r24, r1
    2982:	05 c0       	rjmp	.+10     	; 0x298e <TPI::erase_memory()+0x2c>
    2984:	90 e0       	ldi	r25, 0x00	; 0
    2986:	80 e0       	ldi	r24, 0x00	; 0
    2988:	df 91       	pop	r29
/Users/askn/Develop/UPDI4AVR-USB/src/tpi.cpp:120
    uint8_t   m_type = packet.out.tpi.read.bMType;
    uint16_t _dwAddr = bswap16(_CAPS32(packet.out.tpi.read.dwAddr)->words[1]);
    if (m_type == 0x01) {
    298a:	cf 91       	pop	r28
    298c:	08 95       	ret
    298e:	ce 01       	movw	r24, r28
    2990:	81 60       	ori	r24, 0x01	; 1
/Users/askn/Develop/UPDI4AVR-USB/src/tpi.cpp:123
      /* XPRG_ERASE_CHIP */
      D1PRINTF(" CHIP_ERASE=%04X\r\n", _dwAddr);
      if (nvm_wait()
    2992:	0e 94 34 05 	call	0xa68	; 0xa68 <TPI::set_sstpr(unsigned int)>
/Users/askn/Develop/UPDI4AVR-USB/src/tpi.cpp:127
        && set_sstpr(_dwAddr | 1)
        && nvm_ctrl(0x10)
        && set_sst(0xFF)
        && nvm_wait()) {
    2996:	88 23       	and	r24, r24
    2998:	a9 f3       	breq	.-22     	; 0x2984 <TPI::erase_memory()+0x22>
/Users/askn/Develop/UPDI4AVR-USB/src/tpi.cpp:145
        && set_sst(0xFF)
        && nvm_wait()) {
          return 1;
        }
    }
    return 0;
    299a:	80 e1       	ldi	r24, 0x10	; 16
    299c:	0e 94 0a 05 	call	0xa14	; 0xa14 <TPI::nvm_ctrl(unsigned char)>
/Users/askn/Develop/UPDI4AVR-USB/src/tpi.cpp:146
  }
    29a0:	88 23       	and	r24, r24
    29a2:	81 f3       	breq	.-32     	; 0x2984 <TPI::erase_memory()+0x22>
/Users/askn/Develop/UPDI4AVR-USB/src/tpi.cpp:124
    uint16_t _dwAddr = bswap16(_CAPS32(packet.out.tpi.read.dwAddr)->words[1]);
    if (m_type == 0x01) {
      /* XPRG_ERASE_CHIP */
      D1PRINTF(" CHIP_ERASE=%04X\r\n", _dwAddr);
      if (nvm_wait()
        && set_sstpr(_dwAddr | 1)
    29a4:	8f ef       	ldi	r24, 0xFF	; 255
    29a6:	0e 94 22 05 	call	0xa44	; 0xa44 <TPI::set_sst(unsigned char)>
    29aa:	88 23       	and	r24, r24
    29ac:	59 f3       	breq	.-42     	; 0x2984 <TPI::erase_memory()+0x22>
    29ae:	0e 94 16 05 	call	0xa2c	; 0xa2c <TPI::nvm_wait()>
/Users/askn/Develop/UPDI4AVR-USB/src/tpi.cpp:139
      /* Currently not called on AVRDUDE<=8.0. */
      /* It may be called from terminal mode.  */
      D1PRINTF(" SECTION_ERASE=%04X\r\n", _dwAddr);
      if (nvm_wait()
        && set_sstpr(_dwAddr | 1)
        && nvm_ctrl(0x14)
    29b2:	90 e0       	ldi	r25, 0x00	; 0
    29b4:	e9 cf       	rjmp	.-46     	; 0x2988 <TPI::erase_memory()+0x26>
    29b6:	0e 94 16 05 	call	0xa2c	; 0xa2c <TPI::nvm_wait()>
/Users/askn/Develop/UPDI4AVR-USB/src/tpi.cpp:140
        && set_sst(0xFF)
    29ba:	88 23       	and	r24, r24
    29bc:	19 f3       	breq	.-58     	; 0x2984 <TPI::erase_memory()+0x22>
    29be:	ce 01       	movw	r24, r28
    29c0:	81 60       	ori	r24, 0x01	; 1
    29c2:	0e 94 34 05 	call	0xa68	; 0xa68 <TPI::set_sstpr(unsigned int)>
/Users/askn/Develop/UPDI4AVR-USB/src/tpi.cpp:141
        && nvm_wait()) {
    29c6:	88 23       	and	r24, r24
/Users/askn/Develop/UPDI4AVR-USB/src/tpi.cpp:145
          return 1;
        }
    }
    return 0;
    29c8:	e9 f2       	breq	.-70     	; 0x2984 <TPI::erase_memory()+0x22>
    29ca:	84 e1       	ldi	r24, 0x14	; 20
/Users/askn/Develop/UPDI4AVR-USB/src/tpi.cpp:137
      /* 0x02: XPRG_ERASE_APP */
      /* 0x09: XPRG_ERASE_CONFIG */
      /* Currently not called on AVRDUDE<=8.0. */
      /* It may be called from terminal mode.  */
      D1PRINTF(" SECTION_ERASE=%04X\r\n", _dwAddr);
      if (nvm_wait()
    29cc:	e7 cf       	rjmp	.-50     	; 0x299c <TPI::erase_memory()+0x3a>

000029ce <ISP::read_memories()>:
_ZN3ISP13read_memoriesEv():
    29ce:	df 92       	push	r13
/Users/askn/Develop/UPDI4AVR-USB/src/tpi.cpp:141
        && set_sstpr(_dwAddr | 1)
        && nvm_ctrl(0x14)
        && set_sst(0xFF)
        && nvm_wait()) {
    29d0:	ef 92       	push	r14
    29d2:	ff 92       	push	r15
/Users/askn/Develop/UPDI4AVR-USB/src/tpi.cpp:138
      /* 0x09: XPRG_ERASE_CONFIG */
      /* Currently not called on AVRDUDE<=8.0. */
      /* It may be called from terminal mode.  */
      D1PRINTF(" SECTION_ERASE=%04X\r\n", _dwAddr);
      if (nvm_wait()
        && set_sstpr(_dwAddr | 1)
    29d4:	0f 93       	push	r16
    29d6:	1f 93       	push	r17
    29d8:	cf 93       	push	r28
    29da:	df 93       	push	r29
    29dc:	00 d0       	rcall	.+0      	; 0x29de <ISP::read_memories()+0x10>
    29de:	cd b7       	in	r28, 0x3d	; 61
/Users/askn/Develop/UPDI4AVR-USB/src/tpi.cpp:139
        && nvm_ctrl(0x14)
    29e0:	de b7       	in	r29, 0x3e	; 62
    29e2:	80 91 b0 60 	lds	r24, 0x60B0	; 0x8060b0 <ISP::_base_addr>
/Users/askn/Develop/UPDI4AVR-USB/src/isp.cpp:121
    packet.in.isp.data[0] = _res[packet.out.isp.data[0] - 1];
    packet.in.isp.data[1] = 0;
    return 2;
  }

  size_t read_memories (void) {
    29e6:	90 91 b1 60 	lds	r25, 0x60B1	; 0x8060b1 <ISP::_base_addr+0x1>
    29ea:	89 83       	std	Y+1, r24	; 0x01
    29ec:	9a 83       	std	Y+2, r25	; 0x02
bswap16():
    29ee:	00 91 db 60 	lds	r16, 0x60DB	; 0x8060db <packet+0x6>
    29f2:	10 91 dc 60 	lds	r17, 0x60DC	; 0x8060dc <packet+0x7>
    29f6:	10 27       	eor	r17, r16
/Users/askn/Develop/UPDI4AVR-USB/src/isp.cpp:122
    size_t  _addr   = _base_addr;
    29f8:	01 27       	eor	r16, r17
    29fa:	10 27       	eor	r17, r16
_ZN3ISP13read_memoriesEv():
    29fc:	d0 90 dd 60 	lds	r13, 0x60DD	; 0x8060dd <packet+0x8>
    2a00:	85 ed       	ldi	r24, 0xD5	; 213
    2a02:	e8 2e       	mov	r14, r24
/Users/askn/Library/Arduino15/packages/MultiX-Zinnia/hardware/modernAVR/0.4.10/cores/modernAVR/api/cpp/btools.cpp:45
    2a04:	80 e6       	ldi	r24, 0x60	; 96
    2a06:	f8 2e       	mov	r15, r24
    2a08:	c7 01       	movw	r24, r14
    2a0a:	85 5d       	subi	r24, 0xD5	; 213
    2a0c:	90 46       	sbci	r25, 0x60	; 96
    2a0e:	80 17       	cp	r24, r16
/Users/askn/Develop/UPDI4AVR-USB/src/isp.cpp:124
    size_t  _length = bswap16(packet.out.isp.wValue);
    uint8_t _type   = packet.out.isp.data[2];
    2a10:	91 07       	cpc	r25, r17
    2a12:	d8 f4       	brcc	.+54     	; 0x2a4a <ISP::read_memories()+0x7c>
    2a14:	d0 92 a8 60 	sts	0x60A8, r13	; 0x8060a8 <__bss_end>
    2a18:	8a 81       	ldd	r24, Y+2	; 0x02
    2a1a:	80 93 a9 60 	sts	0x60A9, r24	; 0x8060a9 <__bss_end+0x1>
/Users/askn/Develop/UPDI4AVR-USB/src/isp.cpp:126
    D1PRINTF(" M=$%04X, L=%d, T=$%02X\r\n", _addr, _length, _type);
    for (size_t _index = 0; _index < _length; _index++) {
    2a1e:	89 81       	ldd	r24, Y+1	; 0x01
    2a20:	80 93 aa 60 	sts	0x60AA, r24	; 0x8060aa <__bss_end+0x2>
    2a24:	10 92 ab 60 	sts	0x60AB, r1	; 0x8060ab <__bss_end+0x3>
/Users/askn/Develop/UPDI4AVR-USB/src/isp.cpp:127
      _ser[0] = _type;
    2a28:	88 ea       	ldi	r24, 0xA8	; 168
    2a2a:	90 e6       	ldi	r25, 0x60	; 96
/Users/askn/Develop/UPDI4AVR-USB/src/isp.cpp:128
      _ser[1] = _CAPS16(_addr)->bytes[1];
    2a2c:	0e 94 c1 0a 	call	0x1582	; 0x1582 <ISP::spi_transaction(unsigned char const*)>
    2a30:	80 91 af 60 	lds	r24, 0x60AF	; 0x8060af <ISP::_res+0x3>
/Users/askn/Develop/UPDI4AVR-USB/src/isp.cpp:129
      _ser[2] = _CAPS16(_addr)->bytes[0];
    2a34:	f7 01       	movw	r30, r14
    2a36:	87 83       	std	Z+7, r24	; 0x07
/Users/askn/Develop/UPDI4AVR-USB/src/isp.cpp:130
      _ser[3] = 0;
    2a38:	89 81       	ldd	r24, Y+1	; 0x01
    2a3a:	9a 81       	ldd	r25, Y+2	; 0x02
/Users/askn/Develop/UPDI4AVR-USB/src/isp.cpp:131
      spi_transaction(_ser);
    2a3c:	01 96       	adiw	r24, 0x01	; 1
    2a3e:	89 83       	std	Y+1, r24	; 0x01
    2a40:	9a 83       	std	Y+2, r25	; 0x02
    2a42:	ff ef       	ldi	r31, 0xFF	; 255
/Users/askn/Develop/UPDI4AVR-USB/src/isp.cpp:132
      packet.in.isp.data[_index] = _res[3];
    2a44:	ef 1a       	sub	r14, r31
    2a46:	ff 0a       	sbc	r15, r31
    2a48:	df cf       	rjmp	.-66     	; 0x2a08 <ISP::read_memories()+0x3a>
    2a4a:	f8 01       	movw	r30, r16
/Users/askn/Develop/UPDI4AVR-USB/src/isp.cpp:133
      _addr += 1;
    2a4c:	eb 52       	subi	r30, 0x2B	; 43
    2a4e:	ff 49       	sbci	r31, 0x9F	; 159
    2a50:	17 82       	std	Z+7, r1	; 0x07
    2a52:	c8 01       	movw	r24, r16
    2a54:	01 96       	adiw	r24, 0x01	; 1
    2a56:	0f 90       	pop	r0
    2a58:	0f 90       	pop	r0
    2a5a:	df 91       	pop	r29
    2a5c:	cf 91       	pop	r28
/Users/askn/Develop/UPDI4AVR-USB/src/isp.cpp:135
    }
    packet.in.isp.data[_length++] = 0;
    2a5e:	1f 91       	pop	r17
    2a60:	0f 91       	pop	r16
    2a62:	ff 90       	pop	r15
    2a64:	ef 90       	pop	r14
/Users/askn/Develop/UPDI4AVR-USB/src/isp.cpp:137
    return _length;
  }
    2a66:	df 90       	pop	r13
    2a68:	08 95       	ret

00002a6a <Timeout::delay_rtc_millis(unsigned int)>:
_ZN7Timeout16delay_rtc_millisEj():
    2a6a:	20 91 41 01 	lds	r18, 0x0141	; 0x800141 <__TEXT_REGION_LENGTH__+0x7f0141>
    2a6e:	21 11       	cpse	r18, r1
    2a70:	fc cf       	rjmp	.-8      	; 0x2a6a <Timeout::delay_rtc_millis(unsigned int)>
    2a72:	20 91 48 01 	lds	r18, 0x0148	; 0x800148 <__TEXT_REGION_LENGTH__+0x7f0148>
    2a76:	30 91 49 01 	lds	r19, 0x0149	; 0x800149 <__TEXT_REGION_LENGTH__+0x7f0149>
    2a7a:	82 0f       	add	r24, r18
    2a7c:	93 1f       	adc	r25, r19
/Users/askn/Develop/UPDI4AVR-USB/src/timeout.cpp:58

  /*
   * Timeout delay.
   */
  void delay_rtc_millis (uint16_t _ms) {
    while (RTC_STATUS);
    2a7e:	20 91 48 01 	lds	r18, 0x0148	; 0x800148 <__TEXT_REGION_LENGTH__+0x7f0148>
    2a82:	30 91 49 01 	lds	r19, 0x0149	; 0x800149 <__TEXT_REGION_LENGTH__+0x7f0149>
/Users/askn/Develop/UPDI4AVR-USB/src/timeout.cpp:59
    _ms += RTC_CNT;
    2a86:	28 17       	cp	r18, r24
    2a88:	39 07       	cpc	r19, r25
    2a8a:	11 f0       	breq	.+4      	; 0x2a90 <Timeout::delay_rtc_millis(unsigned int)+0x26>
    2a8c:	a8 95       	wdr
    2a8e:	f7 cf       	rjmp	.-18     	; 0x2a7e <Timeout::delay_rtc_millis(unsigned int)+0x14>
    2a90:	08 95       	ret

00002a92 <ISP::chip_erase()>:
_ZN3ISP10chip_eraseEv():
/Users/askn/Develop/UPDI4AVR-USB/src/timeout.cpp:60
    while (RTC_CNT != _ms) {
    2a92:	8d ed       	ldi	r24, 0xDD	; 221
    2a94:	90 e6       	ldi	r25, 0x60	; 96
    2a96:	0e 94 c1 0a 	call	0x1582	; 0x1582 <ISP::spi_transaction(unsigned char const*)>
    2a9a:	80 91 dc 60 	lds	r24, 0x60DC	; 0x8060dc <packet+0x7>
    2a9e:	90 e0       	ldi	r25, 0x00	; 0
/Users/askn/Develop/UPDI4AVR-USB/src/timeout.cpp:61
      wdt_reset();
    2aa0:	89 30       	cpi	r24, 0x09	; 9
    2aa2:	91 05       	cpc	r25, r1
/Users/askn/Develop/UPDI4AVR-USB/src/timeout.cpp:63
    }
  }
    2aa4:	10 f4       	brcc	.+4      	; 0x2aaa <ISP::chip_erase()+0x18>
/Users/askn/Develop/UPDI4AVR-USB/src/isp.cpp:162
    return _length;
  }

  size_t chip_erase (void) {
    /* Send chip erase command. */
    spi_transaction(&packet.out.isp.data[2]);
    2aa6:	89 e0       	ldi	r24, 0x09	; 9
    2aa8:	90 e0       	ldi	r25, 0x00	; 0
    2aaa:	df df       	rcall	.-66     	; 0x2a6a <Timeout::delay_rtc_millis(unsigned int)>
    2aac:	81 e0       	ldi	r24, 0x01	; 1
/Users/askn/Develop/UPDI4AVR-USB/src/isp.cpp:163
    uint16_t _delay = packet.out.isp.data[1];
    2aae:	90 e0       	ldi	r25, 0x00	; 0
    2ab0:	08 95       	ret

00002ab2 <ISP::write_busy(unsigned char, unsigned char, unsigned char)>:
_ZN3ISP10write_busyEhhh():
    2ab2:	cf 93       	push	r28
/Users/askn/Develop/UPDI4AVR-USB/src/isp.cpp:165
    if (_delay < 9) _delay = 9;
    Timeout::delay_rtc_millis(_delay);
    2ab4:	df 93       	push	r29
    2ab6:	c4 2f       	mov	r28, r20
    2ab8:	86 ff       	sbrs	r24, 6
    2aba:	12 c0       	rjmp	.+36     	; 0x2ae0 <ISP::write_busy(unsigned char, unsigned char, unsigned char)+0x2e>
    2abc:	80 ef       	ldi	r24, 0xF0	; 240
    2abe:	80 93 a8 60 	sts	0x60A8, r24	; 0x8060a8 <__bss_end>
/Users/askn/Develop/UPDI4AVR-USB/src/isp.cpp:167
    return 1;
  }
    2ac2:	10 92 a9 60 	sts	0x60A9, r1	; 0x8060a9 <__bss_end+0x1>
    2ac6:	10 92 aa 60 	sts	0x60AA, r1	; 0x8060aa <__bss_end+0x2>
/Users/askn/Develop/UPDI4AVR-USB/src/isp.cpp:169

  void write_busy (uint8_t _type, uint8_t _delay, uint8_t _verify) {
    2aca:	88 ea       	ldi	r24, 0xA8	; 168
    2acc:	90 e6       	ldi	r25, 0x60	; 96
/Users/askn/Develop/UPDI4AVR-USB/src/isp.cpp:171
    uint8_t _read   = packet.out.isp.data[6];  /* RR */
    if (bit_is_set(_type, 6)) {
    2ace:	0e 94 c1 0a 	call	0x1582	; 0x1582 <ISP::spi_transaction(unsigned char const*)>
/Users/askn/Develop/UPDI4AVR-USB/src/isp.cpp:173
      /* BSY/RDY poling */
      _ser[0] = 0xF0;
    2ad2:	80 91 ab 60 	lds	r24, 0x60AB	; 0x8060ab <__bss_end+0x3>
    2ad6:	80 fd       	sbrc	r24, 0
/Users/askn/Develop/UPDI4AVR-USB/src/isp.cpp:174
      _ser[1] = 0;
    2ad8:	f8 cf       	rjmp	.-16     	; 0x2aca <ISP::write_busy(unsigned char, unsigned char, unsigned char)+0x18>
    2ada:	df 91       	pop	r29
/Users/askn/Develop/UPDI4AVR-USB/src/isp.cpp:175
      _ser[2] = 0;
    2adc:	cf 91       	pop	r28
    2ade:	08 95       	ret
/Users/askn/Develop/UPDI4AVR-USB/src/isp.cpp:177
      do {
        spi_transaction(_ser);
    2ae0:	85 ff       	sbrs	r24, 5
    2ae2:	06 c0       	rjmp	.+12     	; 0x2af0 <ISP::write_busy(unsigned char, unsigned char, unsigned char)+0x3e>
    2ae4:	80 91 ab 60 	lds	r24, 0x60AB	; 0x8060ab <__bss_end+0x3>
/Users/askn/Develop/UPDI4AVR-USB/src/isp.cpp:178
      } while (_ser[3] & 1);
    2ae8:	d0 91 e1 60 	lds	r29, 0x60E1	; 0x8060e1 <packet+0xc>
    2aec:	8f 3f       	cpi	r24, 0xFF	; 255
    2aee:	29 f4       	brne	.+10     	; 0x2afa <ISP::write_busy(unsigned char, unsigned char, unsigned char)+0x48>
/Users/askn/Develop/UPDI4AVR-USB/src/isp.cpp:193
    }
    else {
      /* delay wait */
      Timeout::delay_rtc_millis(_delay);
    }
  }
    2af0:	86 2f       	mov	r24, r22
    2af2:	90 e0       	ldi	r25, 0x00	; 0
    2af4:	df 91       	pop	r29
/Users/askn/Develop/UPDI4AVR-USB/src/isp.cpp:180
      _ser[2] = 0;
      do {
        spi_transaction(_ser);
      } while (_ser[3] & 1);
    }
    else if (bit_is_set(_type, 5) && _ser[3] != 0xFF) {
    2af6:	cf 91       	pop	r28
    2af8:	b8 cf       	rjmp	.-144    	; 0x2a6a <Timeout::delay_rtc_millis(unsigned int)>
    2afa:	d0 93 a8 60 	sts	0x60A8, r29	; 0x8060a8 <__bss_end>
/Users/askn/Develop/UPDI4AVR-USB/src/isp.cpp:170
    Timeout::delay_rtc_millis(_delay);
    return 1;
  }

  void write_busy (uint8_t _type, uint8_t _delay, uint8_t _verify) {
    uint8_t _read   = packet.out.isp.data[6];  /* RR */
    2afe:	88 ea       	ldi	r24, 0xA8	; 168
    2b00:	90 e6       	ldi	r25, 0x60	; 96
/Users/askn/Develop/UPDI4AVR-USB/src/isp.cpp:180
      _ser[2] = 0;
      do {
        spi_transaction(_ser);
      } while (_ser[3] & 1);
    }
    else if (bit_is_set(_type, 5) && _ser[3] != 0xFF) {
    2b02:	0e 94 c1 0a 	call	0x1582	; 0x1582 <ISP::spi_transaction(unsigned char const*)>
/Users/askn/Develop/UPDI4AVR-USB/src/isp.cpp:191
      } while (_verify == _res[3]);
      D1PRINTF(" R/"); D1PRINTHEX(_res, 4, ':');
    }
    else {
      /* delay wait */
      Timeout::delay_rtc_millis(_delay);
    2b06:	80 91 af 60 	lds	r24, 0x60AF	; 0x8060af <ISP::_res+0x3>
/Users/askn/Develop/UPDI4AVR-USB/src/isp.cpp:193
    }
  }
    2b0a:	8c 17       	cp	r24, r28
    2b0c:	b1 f3       	breq	.-20     	; 0x2afa <ISP::write_busy(unsigned char, unsigned char, unsigned char)+0x48>
/Users/askn/Develop/UPDI4AVR-USB/src/isp.cpp:191
      } while (_verify == _res[3]);
      D1PRINTF(" R/"); D1PRINTHEX(_res, 4, ':');
    }
    else {
      /* delay wait */
      Timeout::delay_rtc_millis(_delay);
    2b0e:	e5 cf       	rjmp	.-54     	; 0x2ada <ISP::write_busy(unsigned char, unsigned char, unsigned char)+0x28>

00002b10 <ISP::write_flash()>:
_ZN3ISP11write_flashEv():
    2b10:	2f 92       	push	r2
/Users/askn/Develop/UPDI4AVR-USB/src/isp.cpp:184
    }
    else if (bit_is_set(_type, 5) && _ser[3] != 0xFF) {
      /* value poling */
      D1PRINTF(" S/"); D1PRINTHEX(_ser, 4, ':');
      do {
        _ser[0] = _read;
    2b12:	3f 92       	push	r3
    2b14:	4f 92       	push	r4
/Users/askn/Develop/UPDI4AVR-USB/src/isp.cpp:185
        spi_transaction(_ser);
    2b16:	5f 92       	push	r5
    2b18:	6f 92       	push	r6
    2b1a:	7f 92       	push	r7
/Users/askn/Develop/UPDI4AVR-USB/src/isp.cpp:186
      } while (_verify == _res[3]);
    2b1c:	8f 92       	push	r8
    2b1e:	9f 92       	push	r9
    2b20:	af 92       	push	r10
    2b22:	bf 92       	push	r11
    2b24:	cf 92       	push	r12
/Users/askn/Develop/UPDI4AVR-USB/src/isp.cpp:195
      /* delay wait */
      Timeout::delay_rtc_millis(_delay);
    }
  }

  size_t write_flash (void) {
    2b26:	df 92       	push	r13
    2b28:	ef 92       	push	r14
    2b2a:	ff 92       	push	r15
    2b2c:	0f 93       	push	r16
    2b2e:	1f 93       	push	r17
    2b30:	cf 93       	push	r28
    2b32:	df 93       	push	r29
    2b34:	00 d0       	rcall	.+0      	; 0x2b36 <ISP::write_flash()+0x26>
    2b36:	cd b7       	in	r28, 0x3d	; 61
    2b38:	de b7       	in	r29, 0x3e	; 62
    2b3a:	80 91 b0 60 	lds	r24, 0x60B0	; 0x8060b0 <ISP::_base_addr>
    2b3e:	90 91 b1 60 	lds	r25, 0x60B1	; 0x8060b1 <ISP::_base_addr+0x1>
    2b42:	89 83       	std	Y+1, r24	; 0x01
    2b44:	9a 83       	std	Y+2, r25	; 0x02
bswap16():
    2b46:	00 91 db 60 	lds	r16, 0x60DB	; 0x8060db <packet+0x6>
    2b4a:	10 91 dc 60 	lds	r17, 0x60DC	; 0x8060dc <packet+0x7>
    2b4e:	10 27       	eor	r17, r16
/Users/askn/Develop/UPDI4AVR-USB/src/isp.cpp:201
    /* _length must be a power of 2 (not verified). */
    /* The lower bits of _addr must be zero-filled accordingly. */
    /* Ex) addr=$0000(word)                   */
    /* 00:20:C1:0A:40:4C:20:00:00:01:02:03:04 */
    /* lenBE|tp|ms|WW|FF|RR|     |words...    */
    size_t  _addr     = _base_addr;
    2b50:	01 27       	eor	r16, r17
    2b52:	10 27       	eor	r17, r16
_ZN3ISP11write_flashEv():
    2b54:	60 90 dd 60 	lds	r6, 0x60DD	; 0x8060dd <packet+0x8>
    2b58:	70 90 df 60 	lds	r7, 0x60DF	; 0x8060df <packet+0xa>
/Users/askn/Library/Arduino15/packages/MultiX-Zinnia/hardware/modernAVR/0.4.10/cores/modernAVR/api/cpp/btools.cpp:45
    2b5c:	40 90 e0 60 	lds	r4, 0x60E0	; 0x8060e0 <packet+0xb>
    2b60:	50 90 e3 60 	lds	r5, 0x60E3	; 0x8060e3 <packet+0xe>
    2b64:	78 01       	movw	r14, r16
    2b66:	f6 94       	lsr	r15
    2b68:	e7 94       	ror	r14
/Users/askn/Develop/UPDI4AVR-USB/src/isp.cpp:203
    size_t  _length   = bswap16(packet.out.isp.wValue);
    uint8_t _type     = packet.out.isp.data[2]; /* tp */
    2b6a:	33 24       	eor	r3, r3
    2b6c:	3a 94       	dec	r3
/Users/askn/Develop/UPDI4AVR-USB/src/isp.cpp:205
    uint8_t _delay    = packet.out.isp.data[3]; /* ms */
    uint8_t _page_set = packet.out.isp.data[4]; /* WW */
    2b6e:	3e 0c       	add	r3, r14
    2b70:	a0 90 de 60 	lds	r10, 0x60DE	; 0x8060de <packet+0x9>
/Users/askn/Develop/UPDI4AVR-USB/src/isp.cpp:206
    uint8_t _commit   = packet.out.isp.data[5]; /* FF */
    2b74:	85 e0       	ldi	r24, 0x05	; 5
/Users/askn/Develop/UPDI4AVR-USB/src/isp.cpp:207
    uint8_t _verify   = packet.out.isp.data[8]; /* P2 */
    2b76:	a8 16       	cp	r10, r24
    2b78:	10 f4       	brcc	.+4      	; 0x2b7e <ISP::write_flash()+0x6e>
/Users/askn/Develop/UPDI4AVR-USB/src/isp.cpp:208
    uint8_t _mask     = (_length >> 1) - 1;
    2b7a:	25 e0       	ldi	r18, 0x05	; 5
    2b7c:	a2 2e       	mov	r10, r18
    2b7e:	85 ed       	ldi	r24, 0xD5	; 213
    2b80:	c8 2e       	mov	r12, r24
    2b82:	80 e6       	ldi	r24, 0x60	; 96
    2b84:	d8 2e       	mov	r13, r24
    2b86:	99 e0       	ldi	r25, 0x09	; 9
    2b88:	89 2e       	mov	r8, r25
    2b8a:	91 2c       	mov	r9, r1
    2b8c:	07 5f       	subi	r16, 0xF7	; 247
    2b8e:	1f 4f       	sbci	r17, 0xFF	; 255
    2b90:	27 2c       	mov	r2, r7
    2b92:	68 94       	set
    2b94:	23 f8       	bld	r2, 3
    2b96:	e2 e0       	ldi	r30, 0x02	; 2
    2b98:	ce 0e       	add	r12, r30
/Users/askn/Develop/UPDI4AVR-USB/src/isp.cpp:211
    if (_delay < 5) _delay = 5;
    D1PRINTF(" M=$%04X, L=%d\r\n", _addr, _length);
    for (size_t _index = 9; _index < _length + 9;) {
    2b9a:	d1 1c       	adc	r13, r1
    2b9c:	80 16       	cp	r8, r16
    2b9e:	91 06       	cpc	r9, r17
    2ba0:	40 f5       	brcc	.+80     	; 0x2bf2 <ISP::write_flash()+0xe2>
    2ba2:	70 92 a8 60 	sts	0x60A8, r7	; 0x8060a8 <__bss_end>
/Users/askn/Develop/UPDI4AVR-USB/src/isp.cpp:217
      _ser[0] = _page_set;
      _ser[1] = 0;
      _ser[2] = _CAPS16(_addr)->bytes[0] & _mask;
      _ser[3] = packet.out.isp.data[_index++];
      spi_transaction(_ser);
      _ser[0] = _page_set | 0x08;
    2ba6:	10 92 a9 60 	sts	0x60A9, r1	; 0x8060a9 <__bss_end+0x1>
    2baa:	b9 80       	ldd	r11, Y+1	; 0x01
    2bac:	b3 20       	and	r11, r3
    2bae:	b0 92 aa 60 	sts	0x60AA, r11	; 0x8060aa <__bss_end+0x2>
/Users/askn/Develop/UPDI4AVR-USB/src/isp.cpp:211
    uint8_t _commit   = packet.out.isp.data[5]; /* FF */
    uint8_t _verify   = packet.out.isp.data[8]; /* P2 */
    uint8_t _mask     = (_length >> 1) - 1;
    if (_delay < 5) _delay = 5;
    D1PRINTF(" M=$%04X, L=%d\r\n", _addr, _length);
    for (size_t _index = 9; _index < _length + 9;) {
    2bb2:	f6 01       	movw	r30, r12
    2bb4:	85 85       	ldd	r24, Z+13	; 0x0d
/Users/askn/Develop/UPDI4AVR-USB/src/isp.cpp:212
      _ser[0] = _page_set;
    2bb6:	80 93 ab 60 	sts	0x60AB, r24	; 0x8060ab <__bss_end+0x3>
/Users/askn/Develop/UPDI4AVR-USB/src/isp.cpp:213
      _ser[1] = 0;
    2bba:	88 ea       	ldi	r24, 0xA8	; 168
    2bbc:	90 e6       	ldi	r25, 0x60	; 96
/Users/askn/Develop/UPDI4AVR-USB/src/isp.cpp:214
      _ser[2] = _CAPS16(_addr)->bytes[0] & _mask;
    2bbe:	0e 94 c1 0a 	call	0x1582	; 0x1582 <ISP::spi_transaction(unsigned char const*)>
    2bc2:	20 92 a8 60 	sts	0x60A8, r2	; 0x8060a8 <__bss_end>
/Users/askn/Develop/UPDI4AVR-USB/src/isp.cpp:215
      _ser[3] = packet.out.isp.data[_index++];
    2bc6:	8a 81       	ldd	r24, Y+2	; 0x02
    2bc8:	80 93 a9 60 	sts	0x60A9, r24	; 0x8060a9 <__bss_end+0x1>
    2bcc:	b0 92 aa 60 	sts	0x60AA, r11	; 0x8060aa <__bss_end+0x2>
/Users/askn/Develop/UPDI4AVR-USB/src/isp.cpp:216
      spi_transaction(_ser);
    2bd0:	f2 e0       	ldi	r31, 0x02	; 2
    2bd2:	8f 0e       	add	r8, r31
    2bd4:	91 1c       	adc	r9, r1
/Users/askn/Develop/UPDI4AVR-USB/src/isp.cpp:217
      _ser[0] = _page_set | 0x08;
    2bd6:	f6 01       	movw	r30, r12
    2bd8:	86 85       	ldd	r24, Z+14	; 0x0e
/Users/askn/Develop/UPDI4AVR-USB/src/isp.cpp:218
      _ser[1] = _CAPS16(_addr)->bytes[1];
    2bda:	80 93 ab 60 	sts	0x60AB, r24	; 0x8060ab <__bss_end+0x3>
    2bde:	88 ea       	ldi	r24, 0xA8	; 168
/Users/askn/Develop/UPDI4AVR-USB/src/isp.cpp:219
      _ser[2] = _CAPS16(_addr)->bytes[0] & _mask;
    2be0:	90 e6       	ldi	r25, 0x60	; 96
    2be2:	0e 94 c1 0a 	call	0x1582	; 0x1582 <ISP::spi_transaction(unsigned char const*)>
/Users/askn/Develop/UPDI4AVR-USB/src/isp.cpp:220
      _ser[3] = packet.out.isp.data[_index++];
    2be6:	89 81       	ldd	r24, Y+1	; 0x01
    2be8:	9a 81       	ldd	r25, Y+2	; 0x02
    2bea:	01 96       	adiw	r24, 0x01	; 1
    2bec:	89 83       	std	Y+1, r24	; 0x01
    2bee:	9a 83       	std	Y+2, r25	; 0x02
    2bf0:	d2 cf       	rjmp	.-92     	; 0x2b96 <ISP::write_flash()+0x86>
/Users/askn/Develop/UPDI4AVR-USB/src/isp.cpp:221
      spi_transaction(_ser);
    2bf2:	40 92 a8 60 	sts	0x60A8, r4	; 0x8060a8 <__bss_end>
    2bf6:	80 91 b1 60 	lds	r24, 0x60B1	; 0x8060b1 <ISP::_base_addr+0x1>
/Users/askn/Develop/UPDI4AVR-USB/src/isp.cpp:222
      _addr += 1;
    2bfa:	80 93 a9 60 	sts	0x60A9, r24	; 0x8060a9 <__bss_end+0x1>
    2bfe:	e1 94       	neg	r14
    2c00:	80 91 b0 60 	lds	r24, 0x60B0	; 0x8060b0 <ISP::_base_addr>
    2c04:	e8 22       	and	r14, r24
/Users/askn/Develop/UPDI4AVR-USB/src/isp.cpp:224
    }
    _ser[0] = _commit;
    2c06:	e0 92 aa 60 	sts	0x60AA, r14	; 0x8060aa <__bss_end+0x2>
/Users/askn/Develop/UPDI4AVR-USB/src/isp.cpp:225
    _ser[1] = _CAPS16(_base_addr)->bytes[1];
    2c0a:	10 92 ab 60 	sts	0x60AB, r1	; 0x8060ab <__bss_end+0x3>
    2c0e:	88 ea       	ldi	r24, 0xA8	; 168
    2c10:	90 e6       	ldi	r25, 0x60	; 96
/Users/askn/Develop/UPDI4AVR-USB/src/isp.cpp:226
    _ser[2] = _CAPS16(_base_addr)->bytes[0] & ~_mask;
    2c12:	0e 94 c1 0a 	call	0x1582	; 0x1582 <ISP::spi_transaction(unsigned char const*)>
    2c16:	45 2d       	mov	r20, r5
    2c18:	6a 2d       	mov	r22, r10
    2c1a:	86 2d       	mov	r24, r6
    2c1c:	4a df       	rcall	.-364    	; 0x2ab2 <ISP::write_busy(unsigned char, unsigned char, unsigned char)>
/Users/askn/Develop/UPDI4AVR-USB/src/isp.cpp:227
    _ser[3] = 0;
    2c1e:	81 e0       	ldi	r24, 0x01	; 1
    2c20:	90 e0       	ldi	r25, 0x00	; 0
/Users/askn/Develop/UPDI4AVR-USB/src/isp.cpp:228
    spi_transaction(_ser);
    2c22:	0f 90       	pop	r0
    2c24:	0f 90       	pop	r0
    2c26:	df 91       	pop	r29
    2c28:	cf 91       	pop	r28
/Users/askn/Develop/UPDI4AVR-USB/src/isp.cpp:229
    write_busy(_type, _delay, _verify);
    2c2a:	1f 91       	pop	r17
    2c2c:	0f 91       	pop	r16
    2c2e:	ff 90       	pop	r15
    2c30:	ef 90       	pop	r14
    2c32:	df 90       	pop	r13
/Users/askn/Develop/UPDI4AVR-USB/src/isp.cpp:231
    return 1;
  }
    2c34:	cf 90       	pop	r12
    2c36:	bf 90       	pop	r11
    2c38:	af 90       	pop	r10
    2c3a:	9f 90       	pop	r9
    2c3c:	8f 90       	pop	r8
    2c3e:	7f 90       	pop	r7
    2c40:	6f 90       	pop	r6
    2c42:	5f 90       	pop	r5
    2c44:	4f 90       	pop	r4
    2c46:	3f 90       	pop	r3
    2c48:	2f 90       	pop	r2
    2c4a:	08 95       	ret

00002c4c <ISP::write_eeprom()>:
_ZN3ISP12write_eepromEv():
    2c4c:	4f 92       	push	r4
    2c4e:	5f 92       	push	r5
    2c50:	6f 92       	push	r6
    2c52:	7f 92       	push	r7
    2c54:	8f 92       	push	r8
    2c56:	9f 92       	push	r9
    2c58:	af 92       	push	r10
    2c5a:	bf 92       	push	r11
    2c5c:	cf 92       	push	r12
    2c5e:	df 92       	push	r13
    2c60:	ef 92       	push	r14
/Users/askn/Develop/UPDI4AVR-USB/src/isp.cpp:233

  size_t write_eeprom (void) {
    2c62:	ff 92       	push	r15
    2c64:	0f 93       	push	r16
    2c66:	1f 93       	push	r17
    2c68:	cf 93       	push	r28
    2c6a:	df 93       	push	r29
    2c6c:	00 d0       	rcall	.+0      	; 0x2c6e <ISP::write_eeprom()+0x22>
    2c6e:	cd b7       	in	r28, 0x3d	; 61
    2c70:	de b7       	in	r29, 0x3e	; 62
    2c72:	80 91 b0 60 	lds	r24, 0x60B0	; 0x8060b0 <ISP::_base_addr>
    2c76:	90 91 b1 60 	lds	r25, 0x60B1	; 0x8060b1 <ISP::_base_addr+0x1>
    2c7a:	89 83       	std	Y+1, r24	; 0x01
    2c7c:	9a 83       	std	Y+2, r25	; 0x02
bswap16():
    2c7e:	e0 90 db 60 	lds	r14, 0x60DB	; 0x8060db <packet+0x6>
    2c82:	f0 90 dc 60 	lds	r15, 0x60DC	; 0x8060dc <packet+0x7>
    2c86:	fe 24       	eor	r15, r14
/Users/askn/Develop/UPDI4AVR-USB/src/isp.cpp:240
    /* The lower bits of _addr must be zero-filled accordingly. */
    /* Ex) addr=$0000(byte)                   */
    /* 00:04:C1:14:C1:C2:A0:00:00:01:02:03:04 (page type; m328p) */
    /* 00:04:84:14:C0:00:A0:FF:FF:FF:FF:50:41 (byte type; m8) */
    /* lenBE|tp|ms|WW|FF|RR|P1|P2|bytes...    */
    size_t  _addr     = _base_addr;
    2c88:	ef 24       	eor	r14, r15
    2c8a:	fe 24       	eor	r15, r14
_ZN3ISP12write_eepromEv():
    2c8c:	00 91 dd 60 	lds	r16, 0x60DD	; 0x8060dd <packet+0x8>
    2c90:	10 91 de 60 	lds	r17, 0x60DE	; 0x8060de <packet+0x9>
/Users/askn/Library/Arduino15/packages/MultiX-Zinnia/hardware/modernAVR/0.4.10/cores/modernAVR/api/cpp/btools.cpp:45
    2c94:	60 90 df 60 	lds	r6, 0x60DF	; 0x8060df <packet+0xa>
    2c98:	70 90 e3 60 	lds	r7, 0x60E3	; 0x8060e3 <packet+0xe>
    2c9c:	c7 01       	movw	r24, r14
    2c9e:	09 96       	adiw	r24, 0x09	; 9
    2ca0:	6c 01       	movw	r12, r24
/Users/askn/Develop/UPDI4AVR-USB/src/isp.cpp:242
    size_t  _length   = bswap16(packet.out.isp.wValue);
    uint8_t _type     = packet.out.isp.data[2]; /* tp */
    2ca2:	00 ff       	sbrs	r16, 0
    2ca4:	57 c0       	rjmp	.+174    	; 0x2d54 <ISP::write_eeprom()+0x108>
/Users/askn/Develop/UPDI4AVR-USB/src/isp.cpp:243
    uint8_t _delay    = packet.out.isp.data[3]; /* ms */
    2ca6:	50 90 e0 60 	lds	r5, 0x60E0	; 0x8060e0 <packet+0xb>
/Users/askn/Develop/UPDI4AVR-USB/src/isp.cpp:244
    uint8_t _page_set = packet.out.isp.data[4]; /* WW */
    2caa:	4e 2c       	mov	r4, r14
    2cac:	14 30       	cpi	r17, 0x04	; 4
/Users/askn/Develop/UPDI4AVR-USB/src/isp.cpp:246
    uint8_t _commit   = packet.out.isp.data[5]; /* FF */
    uint8_t _verify   = packet.out.isp.data[8]; /* P2 */
    2cae:	08 f4       	brcc	.+2      	; 0x2cb2 <ISP::write_eeprom()+0x66>
    2cb0:	14 e0       	ldi	r17, 0x04	; 4
    2cb2:	24 ee       	ldi	r18, 0xE4	; 228
    2cb4:	82 2e       	mov	r8, r18
    2cb6:	20 e6       	ldi	r18, 0x60	; 96
/Users/askn/Develop/UPDI4AVR-USB/src/isp.cpp:249
    uint8_t _mask     = _length - 1;
    D1PRINTF(" M=$%04X, L=%d\r\n", _addr, _length);
    if (bit_is_set(_type, 0)) {
    2cb8:	92 2e       	mov	r9, r18
    2cba:	39 e0       	ldi	r19, 0x09	; 9
/Users/askn/Develop/UPDI4AVR-USB/src/isp.cpp:245
    size_t  _addr     = _base_addr;
    size_t  _length   = bswap16(packet.out.isp.wValue);
    uint8_t _type     = packet.out.isp.data[2]; /* tp */
    uint8_t _delay    = packet.out.isp.data[3]; /* ms */
    uint8_t _page_set = packet.out.isp.data[4]; /* WW */
    uint8_t _commit   = packet.out.isp.data[5]; /* FF */
    2cbc:	a3 2e       	mov	r10, r19
    2cbe:	b1 2c       	mov	r11, r1
/Users/askn/Develop/UPDI4AVR-USB/src/isp.cpp:247
    uint8_t _verify   = packet.out.isp.data[8]; /* P2 */
    uint8_t _mask     = _length - 1;
    2cc0:	4a 94       	dec	r4
    2cc2:	ac 14       	cp	r10, r12
    2cc4:	bd 04       	cpc	r11, r13
    2cc6:	d0 f4       	brcc	.+52     	; 0x2cfc <ISP::write_eeprom()+0xb0>
    2cc8:	60 92 a8 60 	sts	0x60A8, r6	; 0x8060a8 <__bss_end>
    2ccc:	10 92 a9 60 	sts	0x60A9, r1	; 0x8060a9 <__bss_end+0x1>
/Users/askn/Develop/UPDI4AVR-USB/src/isp.cpp:252
    D1PRINTF(" M=$%04X, L=%d\r\n", _addr, _length);
    if (bit_is_set(_type, 0)) {
      /* page type */
      if (_delay < 4) _delay = 4;
      for (size_t _index = 9; _index < _length + 9;) {
    2cd0:	89 81       	ldd	r24, Y+1	; 0x01
    2cd2:	84 21       	and	r24, r4
    2cd4:	80 93 aa 60 	sts	0x60AA, r24	; 0x8060aa <__bss_end+0x2>
    2cd8:	9f ef       	ldi	r25, 0xFF	; 255
    2cda:	a9 1a       	sub	r10, r25
    2cdc:	b9 0a       	sbc	r11, r25
/Users/askn/Develop/UPDI4AVR-USB/src/isp.cpp:253
        _ser[0] = _page_set;
    2cde:	f4 01       	movw	r30, r8
    2ce0:	81 91       	ld	r24, Z+
/Users/askn/Develop/UPDI4AVR-USB/src/isp.cpp:254
        _ser[1] = 0;
    2ce2:	4f 01       	movw	r8, r30
    2ce4:	80 93 ab 60 	sts	0x60AB, r24	; 0x8060ab <__bss_end+0x3>
/Users/askn/Develop/UPDI4AVR-USB/src/isp.cpp:255
        _ser[2] = _CAPS16(_addr)->bytes[0] & _mask;
    2ce8:	88 ea       	ldi	r24, 0xA8	; 168
    2cea:	90 e6       	ldi	r25, 0x60	; 96
    2cec:	0e 94 c1 0a 	call	0x1582	; 0x1582 <ISP::spi_transaction(unsigned char const*)>
/Users/askn/Develop/UPDI4AVR-USB/src/isp.cpp:256
        _ser[3] = packet.out.isp.data[_index++];
    2cf0:	89 81       	ldd	r24, Y+1	; 0x01
    2cf2:	9a 81       	ldd	r25, Y+2	; 0x02
    2cf4:	01 96       	adiw	r24, 0x01	; 1
    2cf6:	89 83       	std	Y+1, r24	; 0x01
    2cf8:	9a 83       	std	Y+2, r25	; 0x02
    2cfa:	e3 cf       	rjmp	.-58     	; 0x2cc2 <ISP::write_eeprom()+0x76>
    2cfc:	50 92 a8 60 	sts	0x60A8, r5	; 0x8060a8 <__bss_end>
/Users/askn/Develop/UPDI4AVR-USB/src/isp.cpp:257
        spi_transaction(_ser);
    2d00:	80 91 b1 60 	lds	r24, 0x60B1	; 0x8060b1 <ISP::_base_addr+0x1>
    2d04:	80 93 a9 60 	sts	0x60A9, r24	; 0x8060a9 <__bss_end+0x1>
/Users/askn/Develop/UPDI4AVR-USB/src/isp.cpp:258
        _addr += 1;
    2d08:	9e 2d       	mov	r25, r14
    2d0a:	91 95       	neg	r25
    2d0c:	80 91 b0 60 	lds	r24, 0x60B0	; 0x8060b0 <ISP::_base_addr>
    2d10:	98 23       	and	r25, r24
/Users/askn/Develop/UPDI4AVR-USB/src/isp.cpp:260
      }
      _ser[0] = _commit;
    2d12:	90 93 aa 60 	sts	0x60AA, r25	; 0x8060aa <__bss_end+0x2>
/Users/askn/Develop/UPDI4AVR-USB/src/isp.cpp:261
      _ser[1] = _CAPS16(_base_addr)->bytes[1];
    2d16:	10 92 ab 60 	sts	0x60AB, r1	; 0x8060ab <__bss_end+0x3>
    2d1a:	88 ea       	ldi	r24, 0xA8	; 168
    2d1c:	90 e6       	ldi	r25, 0x60	; 96
/Users/askn/Develop/UPDI4AVR-USB/src/isp.cpp:262
      _ser[2] = _CAPS16(_base_addr)->bytes[0] & ~_mask;
    2d1e:	0e 94 c1 0a 	call	0x1582	; 0x1582 <ISP::spi_transaction(unsigned char const*)>
    2d22:	47 2d       	mov	r20, r7
    2d24:	61 2f       	mov	r22, r17
    2d26:	80 2f       	mov	r24, r16
    2d28:	c4 de       	rcall	.-632    	; 0x2ab2 <ISP::write_busy(unsigned char, unsigned char, unsigned char)>
    2d2a:	81 e0       	ldi	r24, 0x01	; 1
/Users/askn/Develop/UPDI4AVR-USB/src/isp.cpp:263
      _ser[3] = 0;
    2d2c:	90 e0       	ldi	r25, 0x00	; 0
    2d2e:	0f 90       	pop	r0
/Users/askn/Develop/UPDI4AVR-USB/src/isp.cpp:264
      spi_transaction(_ser);
    2d30:	0f 90       	pop	r0
    2d32:	df 91       	pop	r29
    2d34:	cf 91       	pop	r28
    2d36:	1f 91       	pop	r17
/Users/askn/Develop/UPDI4AVR-USB/src/isp.cpp:265
      write_busy(_type, _delay, _verify);
    2d38:	0f 91       	pop	r16
    2d3a:	ff 90       	pop	r15
    2d3c:	ef 90       	pop	r14
    2d3e:	df 90       	pop	r13
    2d40:	cf 90       	pop	r12
/Users/askn/Develop/UPDI4AVR-USB/src/isp.cpp:282
        _addr += 1;
        write_busy(_type, _delay, _verify);
      }
    }
    return 1;
  }
    2d42:	bf 90       	pop	r11
    2d44:	af 90       	pop	r10
    2d46:	9f 90       	pop	r9
    2d48:	8f 90       	pop	r8
    2d4a:	7f 90       	pop	r7
    2d4c:	6f 90       	pop	r6
    2d4e:	5f 90       	pop	r5
    2d50:	4f 90       	pop	r4
    2d52:	08 95       	ret
    2d54:	00 0f       	add	r16, r16
    2d56:	00 0f       	add	r16, r16
    2d58:	00 0f       	add	r16, r16
    2d5a:	14 30       	cpi	r17, 0x04	; 4
    2d5c:	08 f4       	brcc	.+2      	; 0x2d60 <ISP::write_eeprom()+0x114>
    2d5e:	19 e0       	ldi	r17, 0x09	; 9
    2d60:	84 ee       	ldi	r24, 0xE4	; 228
    2d62:	a8 2e       	mov	r10, r24
    2d64:	80 e6       	ldi	r24, 0x60	; 96
    2d66:	b8 2e       	mov	r11, r24
/Users/askn/Develop/UPDI4AVR-USB/src/isp.cpp:269
      spi_transaction(_ser);
      write_busy(_type, _delay, _verify);
    }
    else {
      /* byte type */
      _type <<= 3;
    2d68:	99 e0       	ldi	r25, 0x09	; 9
    2d6a:	e9 2e       	mov	r14, r25
    2d6c:	f1 2c       	mov	r15, r1
/Users/askn/Develop/UPDI4AVR-USB/src/isp.cpp:270
      if (_delay < 4) _delay = 9;
    2d6e:	ec 14       	cp	r14, r12
    2d70:	fd 04       	cpc	r15, r13
    2d72:	d8 f6       	brcc	.-74     	; 0x2d2a <ISP::write_eeprom()+0xde>
    2d74:	60 92 a8 60 	sts	0x60A8, r6	; 0x8060a8 <__bss_end>
    2d78:	8a 81       	ldd	r24, Y+2	; 0x02
    2d7a:	80 93 a9 60 	sts	0x60A9, r24	; 0x8060a9 <__bss_end+0x1>
/Users/askn/Develop/UPDI4AVR-USB/src/isp.cpp:271
      for (size_t _index = 9; _index < _length + 9;) {
    2d7e:	89 81       	ldd	r24, Y+1	; 0x01
    2d80:	80 93 aa 60 	sts	0x60AA, r24	; 0x8060aa <__bss_end+0x2>
    2d84:	ff ef       	ldi	r31, 0xFF	; 255
    2d86:	ef 1a       	sub	r14, r31
/Users/askn/Develop/UPDI4AVR-USB/src/isp.cpp:272
        _ser[0] = _page_set;
    2d88:	ff 0a       	sbc	r15, r31
    2d8a:	f5 01       	movw	r30, r10
/Users/askn/Develop/UPDI4AVR-USB/src/isp.cpp:273
        _ser[1] = _CAPS16(_addr)->bytes[1];
    2d8c:	81 91       	ld	r24, Z+
    2d8e:	5f 01       	movw	r10, r30
    2d90:	80 93 ab 60 	sts	0x60AB, r24	; 0x8060ab <__bss_end+0x3>
/Users/askn/Develop/UPDI4AVR-USB/src/isp.cpp:274
        _ser[2] = _CAPS16(_addr)->bytes[0];
    2d94:	88 ea       	ldi	r24, 0xA8	; 168
    2d96:	90 e6       	ldi	r25, 0x60	; 96
/Users/askn/Develop/UPDI4AVR-USB/src/isp.cpp:275
        _ser[3] = packet.out.isp.data[_index++];
    2d98:	0e 94 c1 0a 	call	0x1582	; 0x1582 <ISP::spi_transaction(unsigned char const*)>
    2d9c:	89 81       	ldd	r24, Y+1	; 0x01
    2d9e:	9a 81       	ldd	r25, Y+2	; 0x02
    2da0:	01 96       	adiw	r24, 0x01	; 1
    2da2:	89 83       	std	Y+1, r24	; 0x01
    2da4:	9a 83       	std	Y+2, r25	; 0x02
    2da6:	47 2d       	mov	r20, r7
/Users/askn/Develop/UPDI4AVR-USB/src/isp.cpp:276
        spi_transaction(_ser);
    2da8:	61 2f       	mov	r22, r17
    2daa:	80 2f       	mov	r24, r16
    2dac:	82 de       	rcall	.-764    	; 0x2ab2 <ISP::write_busy(unsigned char, unsigned char, unsigned char)>
    2dae:	df cf       	rjmp	.-66     	; 0x2d6e <ISP::write_eeprom()+0x122>

00002db0 <ISP::timeout_fallback()>:
_ZN3ISP16timeout_fallbackEv():
/Users/askn/Develop/UPDI4AVR-USB/src/isp.cpp:277
        _addr += 1;
    2db0:	a8 95       	wdr
    2db2:	80 91 b2 60 	lds	r24, 0x60B2	; 0x8060b2 <ISP::_pgm_retry>
    2db6:	81 50       	subi	r24, 0x01	; 1
    2db8:	80 93 b2 60 	sts	0x60B2, r24	; 0x8060b2 <ISP::_pgm_retry>
/Users/askn/Develop/UPDI4AVR-USB/src/isp.cpp:278
        write_busy(_type, _delay, _verify);
    2dbc:	88 23       	and	r24, r24
    2dbe:	91 f0       	breq	.+36     	; 0x2de4 <ISP::timeout_fallback()+0x34>
    2dc0:	80 91 52 63 	lds	r24, 0x6352	; 0x806352 <_xclk>
    2dc4:	90 91 53 63 	lds	r25, 0x6353	; 0x806353 <_xclk+0x1>
/Users/askn/Develop/UPDI4AVR-USB/src/isp.cpp:350
  }

  size_t timeout_fallback (void) {
    wdt_reset();
    D1PRINTF(" Fail\r\n");
    if (--_pgm_retry == 0) return 0;
    2dc8:	9c 01       	movw	r18, r24
    2dca:	36 95       	lsr	r19
    2dcc:	27 95       	ror	r18
    2dce:	36 95       	lsr	r19
    2dd0:	27 95       	ror	r18
    2dd2:	82 1b       	sub	r24, r18
    2dd4:	93 0b       	sbc	r25, r19
/Users/askn/Develop/UPDI4AVR-USB/src/isp.cpp:352
    /* If a timeout occurs, the communication speed will be reduced. */
    _xclk -= _xclk >> 2;  /* next 75 % */
    2dd6:	80 93 52 63 	sts	0x6352, r24	; 0x806352 <_xclk>
    2dda:	90 93 53 63 	sts	0x6353, r25	; 0x806353 <_xclk+0x1>
    2dde:	81 e0       	ldi	r24, 0x01	; 1
    2de0:	90 e0       	ldi	r25, 0x00	; 0
    2de2:	08 95       	ret
    2de4:	90 e0       	ldi	r25, 0x00	; 0
    2de6:	80 e0       	ldi	r24, 0x00	; 0
    2de8:	08 95       	ret

00002dea <__vector_19>:
__vector_19():
    2dea:	1f 92       	push	r1
    2dec:	0f 92       	push	r0
    2dee:	0f b6       	in	r0, 0x3f	; 63
    2df0:	0f 92       	push	r0
    2df2:	11 24       	eor	r1, r1
    2df4:	2f 93       	push	r18
    2df6:	3f 93       	push	r19
    2df8:	4f 93       	push	r20
/Users/askn/Develop/UPDI4AVR-USB/src/isp.cpp:350
  }

  size_t timeout_fallback (void) {
    wdt_reset();
    D1PRINTF(" Fail\r\n");
    if (--_pgm_retry == 0) return 0;
    2dfa:	5f 93       	push	r21
    2dfc:	6f 93       	push	r22
/Users/askn/Develop/UPDI4AVR-USB/src/isp.cpp:354
    /* If a timeout occurs, the communication speed will be reduced. */
    _xclk -= _xclk >> 2;  /* next 75 % */
    return 1;
  }
    2dfe:	7f 93       	push	r23
/Users/askn/Develop/UPDI4AVR-USB/src/usart.cpp:247
  }

};

/*** CMSIS-DAP VCOM,VCP transceiver ***/
ISR(USART0_RXC_vect) {
    2e00:	8f 93       	push	r24
    2e02:	9f 93       	push	r25
    2e04:	af 93       	push	r26
    2e06:	bf 93       	push	r27
    2e08:	cf 93       	push	r28
    2e0a:	ef 93       	push	r30
    2e0c:	ff 93       	push	r31
vcp_receiver():
    2e0e:	c0 91 01 08 	lds	r28, 0x0801	; 0x800801 <__TEXT_REGION_LENGTH__+0x7f0801>
    2e12:	20 91 00 08 	lds	r18, 0x0800	; 0x800800 <__TEXT_REGION_LENGTH__+0x7f0800>
    2e16:	8c 2f       	mov	r24, r28
    2e18:	86 74       	andi	r24, 0x46	; 70
    2e1a:	b1 f4       	brne	.+44     	; 0x2e48 <__vector_19+0x5e>
write_byte():
    2e1c:	f2 99       	sbic	0x1e, 2	; 30
    2e1e:	5d c0       	rjmp	.+186    	; 0x2eda <__vector_19+0xf0>
__vector_19():
    2e20:	8c ee       	ldi	r24, 0xEC	; 236
    2e22:	93 e6       	ldi	r25, 0x63	; 99
write_byte():
/Users/askn/Develop/UPDI4AVR-USB/src/usb.cpp:455
  void read_drop (void) {
    if (bit_is_set(EP_CDO.STATUS, USB_BUSNAK_bp)) ep_cdo_listen();
  }

  void vcp_receiver (void) {
    uint8_t _d = USART0_RXDATAH;
    2e24:	e0 91 70 64 	lds	r30, 0x6470	; 0x806470 <_send_count>
/Users/askn/Develop/UPDI4AVR-USB/src/usb.cpp:456
    uint8_t _c = USART0_RXDATAL;
    2e28:	31 e0       	ldi	r19, 0x01	; 1
    2e2a:	3e 0f       	add	r19, r30
/Users/askn/Develop/UPDI4AVR-USB/src/usb.cpp:457
    if (!(_d & (USART_BUFOVF_bm | USART_FERR_bm | USART_PERR_bm))) {
    2e2c:	30 93 70 64 	sts	0x6470, r19	; 0x806470 <_send_count>
/Users/askn/Develop/UPDI4AVR-USB/src/usb.cpp:419
  // MARK: VCP

  void write_byte (const uint8_t _c) {
    /* The double buffer consists of two blocks. */
    uint8_t* _buf = bit_is_set(GPCONF, GPCONF_DBL_bp)
      ? &EP_MEM.cdi_data[64]
    2e30:	e8 0f       	add	r30, r24
    2e32:	f9 2f       	mov	r31, r25
    2e34:	f1 1d       	adc	r31, r1
    2e36:	20 83       	st	Z, r18
/Users/askn/Develop/UPDI4AVR-USB/src/usb.cpp:421
      : &EP_MEM.cdi_data[0];
    _buf[_send_count++] = _c;
    2e38:	80 91 70 64 	lds	r24, 0x6470	; 0x806470 <_send_count>
    2e3c:	80 34       	cpi	r24, 0x40	; 64
    2e3e:	08 f0       	brcs	.+2      	; 0x2e42 <__vector_19+0x58>
    2e40:	4f c0       	rjmp	.+158    	; 0x2ee0 <__vector_19+0xf6>
    2e42:	8e e1       	ldi	r24, 0x1E	; 30
    2e44:	80 93 6d 64 	sts	0x646D, r24	; 0x80646d <_sof_count>
vcp_receiver():
    2e48:	8c b3       	in	r24, 0x1c	; 28
    2e4a:	c8 2b       	or	r28, r24
/Users/askn/Develop/UPDI4AVR-USB/src/usb.cpp:422
    if (_send_count < 64) _sof_count = 30;
    2e4c:	cc bb       	out	0x1c, r28	; 28
    2e4e:	80 91 a4 64 	lds	r24, 0x64A4	; 0x8064a4 <EP_TABLE+0x30>
    2e52:	81 ff       	sbrs	r24, 1
    2e54:	30 c0       	rjmp	.+96     	; 0x2eb6 <__vector_19+0xcc>
cci_interrupt():
    2e56:	80 e0       	ldi	r24, 0x00	; 0
    2e58:	e2 99       	sbic	0x1c, 2	; 28
    2e5a:	80 e1       	ldi	r24, 0x10	; 16
/Users/askn/Develop/UPDI4AVR-USB/src/usb.cpp:460
    uint8_t _d = USART0_RXDATAH;
    uint8_t _c = USART0_RXDATAL;
    if (!(_d & (USART_BUFOVF_bm | USART_FERR_bm | USART_PERR_bm))) {
      write_byte(_c);
    }
    RXSTAT |= _d;
    2e5c:	e1 99       	sbic	0x1c, 1	; 28
    2e5e:	80 62       	ori	r24, 0x20	; 32
    2e60:	e6 99       	sbic	0x1c, 6	; 28
/Users/askn/Develop/UPDI4AVR-USB/src/usb.cpp:462
  #if defined(CONFIG_VCP_INTERRUPT_SUPPRT)
    if (bit_is_set(EP_CCI.STATUS, USB_BUSNAK_bp)) cci_interrupt();
    2e62:	80 64       	ori	r24, 0x40	; 64
    2e64:	1c ba       	out	0x1c, r1	; 28
    2e66:	f4 9b       	sbis	0x1e, 4	; 30
    2e68:	26 c0       	rjmp	.+76     	; 0x2eb6 <__vector_19+0xcc>
/Users/askn/Develop/UPDI4AVR-USB/src/usb.cpp:396
    }
  }

  void cci_interrupt (void) {
  #if defined(CONFIG_VCP_INTERRUPT_SUPPRT)
    SerialState_t _value = {};
    2e6a:	90 91 6c 64 	lds	r25, 0x646C	; 0x80646c <_set_serial_state>
/Users/askn/Develop/UPDI4AVR-USB/src/usb.cpp:401
    #if defined(CONFIG_VCP_RS232C_ENABLE)
    uint8_t _c = VPORTD_IN;
    _value.bValue = (_c ^ 0x0B) & 0x0B;
    #endif
    if (bit_is_set(RXSTAT, USART_FERR_bp))   _value.bFraming = true;
    2e6e:	89 17       	cp	r24, r25
/Users/askn/Develop/UPDI4AVR-USB/src/usb.cpp:402
    if (bit_is_set(RXSTAT, USART_PERR_bp))   _value.bParity  = true;
    2e70:	11 f1       	breq	.+68     	; 0x2eb6 <__vector_19+0xcc>
set_cci_data():
    2e72:	80 93 6c 64 	sts	0x646C, r24	; 0x80646c <_set_serial_state>
/Users/askn/Develop/UPDI4AVR-USB/src/usb.cpp:403
    if (bit_is_set(RXSTAT, USART_BUFOVF_bp)) _value.bOverRun = true;
    2e76:	91 ea       	ldi	r25, 0xA1	; 161
/Users/askn/Develop/UPDI4AVR-USB/src/usb.cpp:404
    RXSTAT = 0;
    2e78:	90 93 5c 63 	sts	0x635C, r25	; 0x80635c <EP_MEM+0x8>
/Users/askn/Develop/UPDI4AVR-USB/src/usb.cpp:405
    if (bit_is_set(GPCONF, GPCONF_OPN_bp) && _set_serial_state != _value.bValue) {
    2e7c:	90 e2       	ldi	r25, 0x20	; 32
    2e7e:	90 93 5d 63 	sts	0x635D, r25	; 0x80635d <EP_MEM+0x9>
    2e82:	10 92 5e 63 	sts	0x635E, r1	; 0x80635e <EP_MEM+0xa>
/Users/askn/Develop/UPDI4AVR-USB/src/usb.cpp:227
    if (_size) memcpy_P(_buffer, _pgmem, _size);
    return _size;
  }

  void set_cci_data (uint16_t _state) {
    _set_serial_state = _state;
    2e86:	10 92 5f 63 	sts	0x635F, r1	; 0x80635f <EP_MEM+0xb>
/Users/askn/Develop/UPDI4AVR-USB/src/usb.cpp:228
    EP_MEM.cci_header.bmRequestType = 0xA1; /* REQTYPE_DIRECTION | REQTYPE_CLASS | RECIPIENT_INTERFACE */
    2e8a:	21 e0       	ldi	r18, 0x01	; 1
    2e8c:	30 e0       	ldi	r19, 0x00	; 0
    2e8e:	20 93 60 63 	sts	0x6360, r18	; 0x806360 <EP_MEM+0xc>
/Users/askn/Develop/UPDI4AVR-USB/src/usb.cpp:229
    EP_MEM.cci_header.bRequest      = 0x20; /* CDC_REQ_SerialState */
    2e92:	30 93 61 63 	sts	0x6361, r19	; 0x806361 <EP_MEM+0xd>
/Users/askn/Develop/UPDI4AVR-USB/src/usb.cpp:230
    EP_MEM.cci_header.wValue        = 0;
    2e96:	22 e0       	ldi	r18, 0x02	; 2
    2e98:	30 e0       	ldi	r19, 0x00	; 0
    2e9a:	20 93 62 63 	sts	0x6362, r18	; 0x806362 <EP_MEM+0xe>
/Users/askn/Develop/UPDI4AVR-USB/src/usb.cpp:231
    EP_MEM.cci_header.wIndex        = 1;    /* Interface#1 */
    2e9e:	30 93 63 63 	sts	0x6363, r19	; 0x806363 <EP_MEM+0xf>
cci_interrupt():
    2ea2:	90 e0       	ldi	r25, 0x00	; 0
    2ea4:	80 93 64 63 	sts	0x6364, r24	; 0x806364 <EP_MEM+0x10>
    2ea8:	90 93 65 63 	sts	0x6365, r25	; 0x806365 <EP_MEM+0x11>
/Users/askn/Develop/UPDI4AVR-USB/src/usb.cpp:232
    EP_MEM.cci_header.wLength       = 2;
    2eac:	80 91 a4 64 	lds	r24, 0x64A4	; 0x8064a4 <EP_TABLE+0x30>
    2eb0:	81 fd       	sbrc	r24, 1
    2eb2:	0e 94 f3 01 	call	0x3e6	; 0x3e6 <USB::ep_cci_listen()>
__vector_19():
/Users/askn/Develop/UPDI4AVR-USB/src/usb.cpp:406
    if (bit_is_set(RXSTAT, USART_FERR_bp))   _value.bFraming = true;
    if (bit_is_set(RXSTAT, USART_PERR_bp))   _value.bParity  = true;
    if (bit_is_set(RXSTAT, USART_BUFOVF_bp)) _value.bOverRun = true;
    RXSTAT = 0;
    if (bit_is_set(GPCONF, GPCONF_OPN_bp) && _set_serial_state != _value.bValue) {
      set_cci_data(_value.bValue);
    2eb6:	ff 91       	pop	r31
    2eb8:	ef 91       	pop	r30
    2eba:	cf 91       	pop	r28
    2ebc:	bf 91       	pop	r27
    2ebe:	af 91       	pop	r26
/Users/askn/Develop/UPDI4AVR-USB/src/usb.cpp:409
      D1PRINTF(" CCI=");
      D1PRINTHEX(&EP_MEM.cci_data, 10, ':');
      if (bit_is_set(EP_CCI.STATUS, USB_BUSNAK_bp)) ep_cci_listen();
    2ec0:	9f 91       	pop	r25
    2ec2:	8f 91       	pop	r24
    2ec4:	7f 91       	pop	r23
    2ec6:	6f 91       	pop	r22
    2ec8:	5f 91       	pop	r21
/Users/askn/Develop/UPDI4AVR-USB/src/usart.cpp:253
#if defined(CONFIG_VCP_9BIT_SUPPORT)
  usart_receiver();
#else
  USB::vcp_receiver();
#endif
}
    2eca:	4f 91       	pop	r20
    2ecc:	3f 91       	pop	r19
    2ece:	2f 91       	pop	r18
    2ed0:	0f 90       	pop	r0
    2ed2:	0f be       	out	0x3f, r0	; 63
    2ed4:	0f 90       	pop	r0
    2ed6:	1f 90       	pop	r1
    2ed8:	18 95       	reti
    2eda:	8c e2       	ldi	r24, 0x2C	; 44
    2edc:	94 e6       	ldi	r25, 0x64	; 100
    2ede:	a2 cf       	rjmp	.-188    	; 0x2e24 <__vector_19+0x3a>
write_byte():
    2ee0:	0e 94 bf 01 	call	0x37e	; 0x37e <USB::ep_cdi_listen()>
    2ee4:	b1 cf       	rjmp	.-158    	; 0x2e48 <__vector_19+0x5e>

00002ee6 <__vector_4>:
__vector_4():
    2ee6:	11 24       	eor	r1, r1
    2ee8:	62 e0       	ldi	r22, 0x02	; 2
    2eea:	70 e0       	ldi	r23, 0x00	; 0
    2eec:	8c eb       	ldi	r24, 0xBC	; 188
/Users/askn/Develop/UPDI4AVR-USB/src/usb.cpp:419
  // MARK: VCP

  void write_byte (const uint8_t _c) {
    /* The double buffer consists of two blocks. */
    uint8_t* _buf = bit_is_set(GPCONF, GPCONF_DBL_bp)
      ? &EP_MEM.cdi_data[64]
    2eee:	90 e6       	ldi	r25, 0x60	; 96
    2ef0:	0e 94 c2 20 	call	0x4184	; 0x4184 <longjmp>

00002ef4 <Timeout::stop()>:
_ZN7Timeout4stopEv():
/Users/askn/Develop/UPDI4AVR-USB/src/usb.cpp:423
      : &EP_MEM.cdi_data[0];
    _buf[_send_count++] = _c;
    if (_send_count < 64) _sof_count = 30;
    else ep_cdi_listen();
    2ef4:	10 92 42 01 	sts	0x0142, r1	; 0x800142 <__TEXT_REGION_LENGTH__+0x7f0142>
    2ef8:	82 e0       	ldi	r24, 0x02	; 2
/Users/askn/Develop/UPDI4AVR-USB/src/timeout.cpp:98
ISR(RTC_CNT_vect, ISR_NAKED) {
  /***
    This interrupt is a global escape due to timeout.
    There is no return to the source of the interrupt.
  ***/
  __asm__ __volatile__ ("EOR R1,R1");
    2efa:	80 93 43 01 	sts	0x0143, r24	; 0x800143 <__TEXT_REGION_LENGTH__+0x7f0143>
/Users/askn/Develop/UPDI4AVR-USB/src/timeout.cpp:99
  longjmp(TIMEOUT_CONTEXT, 2);
    2efe:	18 95       	reti

00002f00 <Timeout::command(unsigned int (*)(), unsigned int (*)(), unsigned int)>:
_ZN7Timeout7commandEPFjvES1_j():
    2f00:	cf 93       	push	r28
    2f02:	df 93       	push	r29
    2f04:	cd b7       	in	r28, 0x3d	; 61
    2f06:	de b7       	in	r29, 0x3e	; 62
/Users/askn/Develop/UPDI4AVR-USB/src/timeout.cpp:41
   * Exit from the timeout block.
   * The last RETI is required.
   */
  __attribute__((used, naked, noinline))
  void stop (void) {
    RTC_INTCTRL  = 0;
    2f08:	28 97       	sbiw	r28, 0x08	; 8
    2f0a:	cd bf       	out	0x3d, r28	; 61
/Users/askn/Develop/UPDI4AVR-USB/src/timeout.cpp:42
    RTC_INTFLAGS = RTC_CMP_bm;
    2f0c:	de bf       	out	0x3e, r29	; 62
    2f0e:	8d 83       	std	Y+5, r24	; 0x05
    2f10:	9e 83       	std	Y+6, r25	; 0x06
/Users/askn/Develop/UPDI4AVR-USB/src/timeout.cpp:43
    reti();
    2f12:	6b 83       	std	Y+3, r22	; 0x03
/Users/askn/Develop/UPDI4AVR-USB/src/timeout.cpp:70
  /*
   * Timeout block.
   * Does not work with interrupts disabled.
   * RETI must be called after the interrupt is suspended.
   */
  size_t command (size_t (*func_p)(void), size_t (*fail_p)(void), uint16_t _ms) {
    2f14:	7c 83       	std	Y+4, r23	; 0x04
    2f16:	4f 83       	std	Y+7, r20	; 0x07
    2f18:	58 87       	std	Y+8, r21	; 0x08
    2f1a:	19 82       	std	Y+1, r1	; 0x01
    2f1c:	1a 82       	std	Y+2, r1	; 0x02
    2f1e:	89 81       	ldd	r24, Y+1	; 0x01
    2f20:	9a 81       	ldd	r25, Y+2	; 0x02
    2f22:	89 2b       	or	r24, r25
    2f24:	11 f5       	brne	.+68     	; 0x2f6a <Timeout::command(unsigned int (*)(), unsigned int (*)(), unsigned int)+0x6a>
    2f26:	8c eb       	ldi	r24, 0xBC	; 188
    2f28:	90 e6       	ldi	r25, 0x60	; 96
    2f2a:	0e 94 a2 20 	call	0x4144	; 0x4144 <setjmp>
/Users/askn/Develop/UPDI4AVR-USB/src/timeout.cpp:71
    volatile size_t _result = 0;
    2f2e:	89 2b       	or	r24, r25
    2f30:	21 f5       	brne	.+72     	; 0x2f7a <Timeout::command(unsigned int (*)(), unsigned int (*)(), unsigned int)+0x7a>
start():
/Users/askn/Develop/UPDI4AVR-USB/src/timeout.cpp:72
    while (_result == 0) {
    2f32:	e1 e4       	ldi	r30, 0x41	; 65
    2f34:	f1 e0       	ldi	r31, 0x01	; 1
    2f36:	80 81       	ld	r24, Z
    2f38:	81 11       	cpse	r24, r1
/Users/askn/Develop/UPDI4AVR-USB/src/timeout.cpp:73
      if (setjmp(TIMEOUT_CONTEXT) == 0) {
    2f3a:	fd cf       	rjmp	.-6      	; 0x2f36 <Timeout::command(unsigned int (*)(), unsigned int (*)(), unsigned int)+0x36>
    2f3c:	80 91 48 01 	lds	r24, 0x0148	; 0x800148 <__TEXT_REGION_LENGTH__+0x7f0148>
    2f40:	90 91 49 01 	lds	r25, 0x0149	; 0x800149 <__TEXT_REGION_LENGTH__+0x7f0149>
    2f44:	2f 81       	ldd	r18, Y+7	; 0x07
/Users/askn/Develop/UPDI4AVR-USB/src/timeout.cpp:29
  /*
   * Timeout after the specified time.
   * To be precise, in 1/1024 sec units.
   */
  void start (uint16_t _ms) {
    while (RTC_STATUS);
    2f46:	38 85       	ldd	r19, Y+8	; 0x08
    2f48:	82 0f       	add	r24, r18
    2f4a:	93 1f       	adc	r25, r19
    2f4c:	80 93 4c 01 	sts	0x014C, r24	; 0x80014c <__TEXT_REGION_LENGTH__+0x7f014c>
/Users/askn/Develop/UPDI4AVR-USB/src/timeout.cpp:30
    RTC_CMP = RTC_CNT + _ms;
    2f50:	90 93 4d 01 	sts	0x014D, r25	; 0x80014d <__TEXT_REGION_LENGTH__+0x7f014d>
    2f54:	82 e0       	ldi	r24, 0x02	; 2
    2f56:	80 93 43 01 	sts	0x0143, r24	; 0x800143 <__TEXT_REGION_LENGTH__+0x7f0143>
    2f5a:	80 93 42 01 	sts	0x0142, r24	; 0x800142 <__TEXT_REGION_LENGTH__+0x7f0142>
_ZN7Timeout7commandEPFjvES1_j():
    2f5e:	ed 81       	ldd	r30, Y+5	; 0x05
    2f60:	fe 81       	ldd	r31, Y+6	; 0x06
    2f62:	09 95       	icall
    2f64:	89 83       	std	Y+1, r24	; 0x01
    2f66:	9a 83       	std	Y+2, r25	; 0x02
/Users/askn/Develop/UPDI4AVR-USB/src/timeout.cpp:31
    RTC_INTFLAGS = RTC_CMP_bm;
    2f68:	c5 df       	rcall	.-118    	; 0x2ef4 <Timeout::stop()>
    2f6a:	89 81       	ldd	r24, Y+1	; 0x01
    2f6c:	9a 81       	ldd	r25, Y+2	; 0x02
/Users/askn/Develop/UPDI4AVR-USB/src/timeout.cpp:32
    RTC_INTCTRL  = RTC_CMP_bm;
    2f6e:	28 96       	adiw	r28, 0x08	; 8
    2f70:	cd bf       	out	0x3d, r28	; 61
/Users/askn/Develop/UPDI4AVR-USB/src/timeout.cpp:75
  size_t command (size_t (*func_p)(void), size_t (*fail_p)(void), uint16_t _ms) {
    volatile size_t _result = 0;
    while (_result == 0) {
      if (setjmp(TIMEOUT_CONTEXT) == 0) {
        Timeout::start(_ms);
        _result = (*func_p)();
    2f72:	de bf       	out	0x3e, r29	; 62
    2f74:	df 91       	pop	r29
    2f76:	cf 91       	pop	r28
    2f78:	08 95       	ret
    2f7a:	bc df       	rcall	.-136    	; 0x2ef4 <Timeout::stop()>
/Users/askn/Develop/UPDI4AVR-USB/src/timeout.cpp:76
        Timeout::stop();
    2f7c:	2b 81       	ldd	r18, Y+3	; 0x03
/Users/askn/Develop/UPDI4AVR-USB/src/timeout.cpp:84
      Timeout::stop();
      D1PRINTF("[TO]");
      if (!fail_p) break;
      if (!(*fail_p)()) break;
    }
    return _result;
    2f7e:	3c 81       	ldd	r19, Y+4	; 0x04
    2f80:	21 15       	cp	r18, r1
/Users/askn/Develop/UPDI4AVR-USB/src/timeout.cpp:85
  }
    2f82:	31 05       	cpc	r19, r1
    2f84:	91 f3       	breq	.-28     	; 0x2f6a <Timeout::command(unsigned int (*)(), unsigned int (*)(), unsigned int)+0x6a>
    2f86:	f9 01       	movw	r30, r18
    2f88:	09 95       	icall
    2f8a:	89 2b       	or	r24, r25
    2f8c:	41 f6       	brne	.-112    	; 0x2f1e <Timeout::command(unsigned int (*)(), unsigned int (*)(), unsigned int)+0x1e>
/Users/askn/Develop/UPDI4AVR-USB/src/timeout.cpp:79
        Timeout::start(_ms);
        _result = (*func_p)();
        Timeout::stop();
        break;
      }
      Timeout::stop();
    2f8e:	ed cf       	rjmp	.-38     	; 0x2f6a <Timeout::command(unsigned int (*)(), unsigned int (*)(), unsigned int)+0x6a>

00002f90 <ISP::jtag_scope_isp()>:
_ZN3ISP14jtag_scope_ispEv():
    2f90:	cf 93       	push	r28
/Users/askn/Develop/UPDI4AVR-USB/src/timeout.cpp:81
      D1PRINTF("[TO]");
      if (!fail_p) break;
    2f92:	80 91 da 60 	lds	r24, 0x60DA	; 0x8060da <packet+0x5>
    2f96:	80 31       	cpi	r24, 0x10	; 16
    2f98:	09 f0       	breq	.+2      	; 0x2f9c <ISP::jtag_scope_isp()+0xc>
    2f9a:	65 c0       	rjmp	.+202    	; 0x3066 <ISP::jtag_scope_isp()+0xd6>
/Users/askn/Develop/UPDI4AVR-USB/src/timeout.cpp:82
      if (!(*fail_p)()) break;
    2f9c:	c0 91 f1 62 	lds	r28, 0x62F1	; 0x8062f1 <_packet_length>
sign_on():
    2fa0:	ff 99       	sbic	0x1f, 7	; 31
    2fa2:	3f c0       	rjmp	.+126    	; 0x3022 <ISP::jtag_scope_isp()+0x92>
    2fa4:	10 92 b0 60 	sts	0x60B0, r1	; 0x8060b0 <ISP::_base_addr>
/Users/askn/Develop/UPDI4AVR-USB/src/isp.cpp:399
   * They also differ slightly from the AVRISPmkII (AVR069 document).
   */
  size_t jtag_scope_isp (void) {
    size_t  _rspsize = 0;
    uint8_t _length  = _packet_length - 6;
    uint8_t _cmd     = packet.out.cmd;
    2fa8:	10 92 b1 60 	sts	0x60B1, r1	; 0x8060b1 <ISP::_base_addr+0x1>
/Users/askn/Develop/UPDI4AVR-USB/src/isp.cpp:407
    if (_length)
      D1PRINTHEX(&packet.out.isp.data, _length, ':', 16, "\r\n  ");
    else
      D1PRINTF("\r\n");
  #endif
    if (_cmd == 0x10) {         /* CMD_ENTER_PROGMODE_ISP */
    2fac:	0e 94 58 0b 	call	0x16b0	; 0x16b0 <USART::setup()>
extclk_enable():
    2fb0:	10 92 50 63 	sts	0x6350, r1	; 0x806350 <_led_mode>
/Users/askn/Develop/UPDI4AVR-USB/src/isp.cpp:398
   * The packets within this scope are a subset of the STK500v2 protocol.
   * They also differ slightly from the AVRISPmkII (AVR069 document).
   */
  size_t jtag_scope_isp (void) {
    size_t  _rspsize = 0;
    uint8_t _length  = _packet_length - 6;
    2fb4:	80 91 e1 05 	lds	r24, 0x05E1	; 0x8005e1 <__TEXT_REGION_LENGTH__+0x7f05e1>
/Users/askn/Develop/UPDI4AVR-USB/src/isp.cpp:357
    _xclk -= _xclk >> 2;  /* next 75 % */
    return 1;
  }

  void sign_on (void) {
    if (bit_is_clear(PGCONF, PGCONF_PGIF_bp)) {
    2fb8:	81 60       	ori	r24, 0x01	; 1
/Users/askn/Develop/UPDI4AVR-USB/src/isp.cpp:358
      _base_addr = 0;
    2fba:	80 93 e1 05 	sts	0x05E1, r24	; 0x8005e1 <__TEXT_REGION_LENGTH__+0x7f05e1>
    2fbe:	10 92 c0 01 	sts	0x01C0, r1	; 0x8001c0 <__TEXT_REGION_LENGTH__+0x7f01c0>
/Users/askn/Develop/UPDI4AVR-USB/src/isp.cpp:359
      USART::setup();
    2fc2:	82 e0       	ldi	r24, 0x02	; 2
    2fc4:	80 93 cb 01 	sts	0x01CB, r24	; 0x8001cb <__TEXT_REGION_LENGTH__+0x7f01cb>
/Users/askn/Develop/UPDI4AVR-USB/src/sys.cpp:227
  /*
   * 4 MHz output to PA6
   */
  void extclk_enable (void) {
  #ifdef CONFIG_PGM_EXCLK_ENABLE
    _led_mode = 0;
    2fc8:	8a e0       	ldi	r24, 0x0A	; 10
/Users/askn/Develop/UPDI4AVR-USB/src/sys.cpp:228
    PORTMUX_CCLROUTEA |= PORTMUX_LUT0_ALT1_gc;      /* LUT0_OUT -> PA6 */
    2fca:	80 93 c9 01 	sts	0x01C9, r24	; 0x8001c9 <__TEXT_REGION_LENGTH__+0x7f01c9>
    2fce:	91 e4       	ldi	r25, 0x41	; 65
    2fd0:	90 93 c8 01 	sts	0x01C8, r25	; 0x8001c8 <__TEXT_REGION_LENGTH__+0x7f01c8>
/Users/askn/Develop/UPDI4AVR-USB/src/sys.cpp:229
    CCL_CTRLA     = 0;
    2fd4:	91 e0       	ldi	r25, 0x01	; 1
    2fd6:	90 93 c0 01 	sts	0x01C0, r25	; 0x8001c0 <__TEXT_REGION_LENGTH__+0x7f01c0>
/Users/askn/Develop/UPDI4AVR-USB/src/sys.cpp:230
    CCL_TRUTH0    = CCL_TRUTH_1_bm;
    2fda:	10 92 00 0b 	sts	0x0B00, r1	; 0x800b00 <__TEXT_REGION_LENGTH__+0x7f0b00>
/Users/askn/Develop/UPDI4AVR-USB/src/sys.cpp:231
    CCL_LUT0CTRLB = CCL_INSEL0_TCB0_gc;             /* <- TCB0_WO */
    2fde:	10 92 0a 0b 	sts	0x0B0A, r1	; 0x800b0a <__TEXT_REGION_LENGTH__+0x7f0b0a>
    2fe2:	10 92 0b 0b 	sts	0x0B0B, r1	; 0x800b0b <__TEXT_REGION_LENGTH__+0x7f0b0b>
/Users/askn/Develop/UPDI4AVR-USB/src/sys.cpp:232
    CCL_LUT0CTRLA = CCL_ENABLE_bm | CCL_OUTEN_bm;   /* -> PIN_PA6 */
    2fe6:	29 e0       	ldi	r18, 0x09	; 9
    2fe8:	20 93 0c 0b 	sts	0x0B0C, r18	; 0x800b0c <__TEXT_REGION_LENGTH__+0x7f0b0c>
/Users/askn/Develop/UPDI4AVR-USB/src/sys.cpp:233
    CCL_CTRLA     = CCL_ENABLE_bm;
    2fec:	24 e0       	ldi	r18, 0x04	; 4
    2fee:	20 93 0d 0b 	sts	0x0B0D, r18	; 0x800b0d <__TEXT_REGION_LENGTH__+0x7f0b0d>
/Users/askn/Develop/UPDI4AVR-USB/src/sys.cpp:234
    TCB0_CTRLA = 0;
    2ff2:	27 e0       	ldi	r18, 0x07	; 7
/Users/askn/Develop/UPDI4AVR-USB/src/sys.cpp:235
    TCB0_CNT   = 0;
    2ff4:	20 93 01 0b 	sts	0x0B01, r18	; 0x800b01 <__TEXT_REGION_LENGTH__+0x7f0b01>
    2ff8:	90 93 00 0b 	sts	0x0B00, r25	; 0x800b00 <__TEXT_REGION_LENGTH__+0x7f0b00>
delay_millis():
/Users/askn/Develop/UPDI4AVR-USB/src/sys.cpp:236
    TCB0_CCMPL = (CONFIG_PGM_EXCLK_ENABLE) - 1;
    2ffc:	2f e7       	ldi	r18, 0x7F	; 127
    2ffe:	38 e3       	ldi	r19, 0x38	; 56
    3000:	91 e0       	ldi	r25, 0x01	; 1
/Users/askn/Develop/UPDI4AVR-USB/src/sys.cpp:237
    TCB0_CCMPH = (CONFIG_PGM_EXCLK_ENABLE) / 2 - 1;
    3002:	21 50       	subi	r18, 0x01	; 1
    3004:	30 40       	sbci	r19, 0x00	; 0
    3006:	90 40       	sbci	r25, 0x00	; 0
/Users/askn/Develop/UPDI4AVR-USB/src/sys.cpp:238
    TCB0_CTRLB = TCB_CNTMODE_PWM8_gc;
    3008:	e1 f7       	brne	.-8      	; 0x3002 <ISP::jtag_scope_isp()+0x72>
    300a:	00 c0       	rjmp	.+0      	; 0x300c <ISP::jtag_scope_isp()+0x7c>
    300c:	00 00       	nop
sign_on():
/Users/askn/Develop/UPDI4AVR-USB/src/sys.cpp:239
    TCB0_CTRLA = TCB_ENABLE_bm | TCB_CLKSEL_DIV1_gc;
    300e:	80 93 02 04 	sts	0x0402, r24	; 0x800402 <__TEXT_REGION_LENGTH__+0x7f0402>
/Users/askn/Library/Arduino15/packages/MultiX-Zinnia/hardware/modernAVR/0.4.10/cores/modernAVR/api/delay_busywait.h:42
  }
}

void delay_millis (uint32_t _ms) {
  if (F_CPU >= 1000000L) {
    __builtin_avr_delay_cycles((F_CPU / 1000L) * _ms);
    3012:	8f e0       	ldi	r24, 0x0F	; 15
    3014:	80 93 06 04 	sts	0x0406, r24	; 0x800406 <__TEXT_REGION_LENGTH__+0x7f0406>
    3018:	85 e0       	ldi	r24, 0x05	; 5
    301a:	80 93 01 04 	sts	0x0401, r24	; 0x800401 <__TEXT_REGION_LENGTH__+0x7f0401>
    301e:	80 e8       	ldi	r24, 0x80	; 128
    3020:	8f bb       	out	0x1f, r24	; 31
_ZN3ISP14jtag_scope_ispEv():
    3022:	c6 50       	subi	r28, 0x06	; 6
/Users/askn/Develop/UPDI4AVR-USB/src/isp.cpp:363
      SYS::extclk_enable();

      /* Change the necessary port settings. */
      portRegister(PIN_PGM_MRST).DIRCLR = SPI_INPUT;
    3024:	cb 30       	cpi	r28, 0x0B	; 11
    3026:	38 f4       	brcc	.+14     	; 0x3036 <ISP::jtag_scope_isp()+0xa6>
/Users/askn/Develop/UPDI4AVR-USB/src/isp.cpp:364
      portRegister(PIN_PGM_MRST).OUTCLR = SPI_OUTPUT | SPI_INPUT;
    3028:	80 e8       	ldi	r24, 0x80	; 128
    302a:	80 93 db 60 	sts	0x60DB, r24	; 0x8060db <packet+0x6>
/Users/askn/Develop/UPDI4AVR-USB/src/isp.cpp:365
      portRegister(PIN_PGM_MRST).DIRSET = SPI_OUTPUT;
    302e:	81 e0       	ldi	r24, 0x01	; 1
    3030:	90 e0       	ldi	r25, 0x00	; 0
    3032:	cf 91       	pop	r28
/Users/askn/Develop/UPDI4AVR-USB/src/isp.cpp:367

      PGCONF = PGCONF_PGIF_bm;
    3034:	08 95       	ret
    3036:	84 e0       	ldi	r24, 0x04	; 4
/Users/askn/Develop/UPDI4AVR-USB/src/isp.cpp:398
   * The packets within this scope are a subset of the STK500v2 protocol.
   * They also differ slightly from the AVRISPmkII (AVR069 document).
   */
  size_t jtag_scope_isp (void) {
    size_t  _rspsize = 0;
    uint8_t _length  = _packet_length - 6;
    3038:	80 93 b2 60 	sts	0x60B2, r24	; 0x8060b2 <ISP::_pgm_retry>
/Users/askn/Develop/UPDI4AVR-USB/src/isp.cpp:410
      D1PRINTF("\r\n");
  #endif
    if (_cmd == 0x10) {         /* CMD_ENTER_PROGMODE_ISP */
      D1PRINTF(" ISP_CMD_ENTER_PROGMODE\r\n");
      sign_on();
      if (_length >= 11) {
    303c:	40 91 db 60 	lds	r20, 0x60DB	; 0x8060db <packet+0x6>
/Users/askn/Develop/UPDI4AVR-USB/src/isp.cpp:440
      return 2;
    }
    else if (bit_is_clear(PGCONF, PGCONF_PROG_bp)) {
      /* The steps below will not be executed unless
         program mode has been successfully entered. */
      packet.in.isp.res = 0xC0; /* STATUS_CMD_FAILED */
    3040:	50 e0       	ldi	r21, 0x00	; 0
    3042:	68 ed       	ldi	r22, 0xD8	; 216
/Users/askn/Develop/UPDI4AVR-USB/src/isp.cpp:441
      return 1;
    3044:	76 e1       	ldi	r23, 0x16	; 22
    3046:	86 e4       	ldi	r24, 0x46	; 70
/Users/askn/Develop/UPDI4AVR-USB/src/isp.cpp:515
  #if !defined(NDEBUG) && defined(DEBUG)
    D1PRINTF(" ISP_RES L=%d\r\n  ", _rspsize);
    D1PRINTHEX(&packet.in.isp.cmd, _rspsize + 1, ':', 16, "\r\n  ");
  #endif
    return _rspsize;
  }
    3048:	91 e1       	ldi	r25, 0x11	; 17
    304a:	5a df       	rcall	.-332    	; 0x2f00 <Timeout::command(unsigned int (*)(), unsigned int (*)(), unsigned int)>
/Users/askn/Develop/UPDI4AVR-USB/src/isp.cpp:411
  #endif
    if (_cmd == 0x10) {         /* CMD_ENTER_PROGMODE_ISP */
      D1PRINTF(" ISP_CMD_ENTER_PROGMODE\r\n");
      sign_on();
      if (_length >= 11) {
        _pgm_retry = 4;
    304c:	00 97       	sbiw	r24, 0x00	; 0
    304e:	61 f3       	breq	.-40     	; 0x3028 <ISP::jtag_scope_isp()+0x98>
    3050:	fc 01       	movw	r30, r24
/Users/askn/Develop/UPDI4AVR-USB/src/isp.cpp:412
        _rspsize = Timeout::command(&connect, &timeout_fallback, packet.out.isp.data[0]);
    3052:	eb 52       	subi	r30, 0x2B	; 43
    3054:	ff 49       	sbci	r31, 0x9F	; 159
    3056:	17 82       	std	Z+7, r1	; 0x07
    3058:	82 30       	cpi	r24, 0x02	; 2
    305a:	91 05       	cpc	r25, r1
    305c:	80 f1       	brcs	.+96     	; 0x30be <ISP::jtag_scope_isp()+0x12e>
    305e:	01 96       	adiw	r24, 0x01	; 1
/Users/askn/Develop/UPDI4AVR-USB/src/isp.cpp:466
      D1PRINTF(" ISP_CMD_PROGRAM_EEPROM\r\n");
      _rspsize = Timeout::command(&write_eeprom);
    }
    else if (_cmd == 0x16) {    /* CMD_READ_EEPROM_ISP */
      D1PRINTF(" ISP_CMD_READ_EEPROM\r\n");
      _rspsize = Timeout::command(&read_memories);
    3060:	10 92 db 60 	sts	0x60DB, r1	; 0x8060db <packet+0x6>
/Users/askn/Develop/UPDI4AVR-USB/src/isp.cpp:500
      D1PRINTF(" ISP_CMD_?[%02X]\r\n", _cmd);
      packet.in.isp.res = 0xC9; /* STATUS_CMD_UNKNOWN */
      return 1;
    }

    if (_rspsize == 0) {
    3064:	e6 cf       	rjmp	.-52     	; 0x3032 <ISP::jtag_scope_isp()+0xa2>
    3066:	81 31       	cpi	r24, 0x11	; 17
/Users/askn/Develop/UPDI4AVR-USB/src/isp.cpp:505
      packet.in.isp.res = 0x80; /* STATUS_CMD_TOUT */
      _rspsize = 1;
    }
    else {
      packet.in.data[_rspsize] = 0;
    3068:	69 f5       	brne	.+90     	; 0x30c4 <ISP::jtag_scope_isp()+0x134>
sign_off():
    306a:	8f b3       	in	r24, 0x1f	; 31
    306c:	88 23       	and	r24, r24
    306e:	29 f1       	breq	.+74     	; 0x30ba <ISP::jtag_scope_isp()+0x12a>
/Users/askn/Develop/UPDI4AVR-USB/src/isp.cpp:506
      if (_rspsize > 1) _rspsize += 1;
    3070:	10 92 00 0a 	sts	0x0A00, r1	; 0x800a00 <__TEXT_REGION_LENGTH__+0x7f0a00>
    3074:	8f e0       	ldi	r24, 0x0F	; 15
    3076:	80 93 00 0a 	sts	0x0A00, r24	; 0x800a00 <__TEXT_REGION_LENGTH__+0x7f0a00>
/Users/askn/Develop/UPDI4AVR-USB/src/isp.cpp:507
      packet.in.isp.res = 0x00; /* STATUS_CMD_OK */
    307a:	80 93 06 04 	sts	0x0406, r24	; 0x800406 <__TEXT_REGION_LENGTH__+0x7f0406>
/Users/askn/Develop/UPDI4AVR-USB/src/isp.cpp:417
        _rspsize = Timeout::command(&connect, &timeout_fallback, packet.out.isp.data[0]);
        /* If STATUS_CMD_FAILED is returned here,
           CMD3_START_DW_DEBUG will be sent next. */
      }
    }
    else if (_cmd == 0x11) {    /* CMD_LEAVE_PROGMODE_ISP */
    307e:	80 93 02 04 	sts	0x0402, r24	; 0x800402 <__TEXT_REGION_LENGTH__+0x7f0402>
extclk_disable():
/Users/askn/Develop/UPDI4AVR-USB/src/isp.cpp:372
      PGCONF = PGCONF_PGIF_bm;
    }
  }

  size_t sign_off (void) {
    if (PGCONF) {
    3082:	10 92 50 63 	sts	0x6350, r1	; 0x806350 <_led_mode>
    3086:	80 91 e1 05 	lds	r24, 0x05E1	; 0x8005e1 <__TEXT_REGION_LENGTH__+0x7f05e1>
/Users/askn/Develop/UPDI4AVR-USB/src/isp.cpp:374
      /* TCA0_WO0 reset */
      TCA0_SPLIT_CTRLA = 0;
    308a:	8e 7f       	andi	r24, 0xFE	; 254
/Users/askn/Develop/UPDI4AVR-USB/src/isp.cpp:375
      TCA0_SPLIT_CTRLA = TCA_SPLIT_ENABLE_bm | TCA_SPLIT_CLKSEL_DIV1024_gc;
    308c:	80 93 e1 05 	sts	0x05E1, r24	; 0x8005e1 <__TEXT_REGION_LENGTH__+0x7f05e1>
    3090:	10 92 c0 01 	sts	0x01C0, r1	; 0x8001c0 <__TEXT_REGION_LENGTH__+0x7f01c0>
/Users/askn/Develop/UPDI4AVR-USB/src/isp.cpp:377

      portRegister(PIN_PGM_TRST).OUTCLR = SPI_OUTPUT | SPI_INPUT;
    3094:	10 92 cb 01 	sts	0x01CB, r1	; 0x8001cb <__TEXT_REGION_LENGTH__+0x7f01cb>
/Users/askn/Develop/UPDI4AVR-USB/src/isp.cpp:378
      portRegister(PIN_PGM_TRST).DIRCLR = SPI_OUTPUT | SPI_INPUT;
    3098:	10 92 c9 01 	sts	0x01C9, r1	; 0x8001c9 <__TEXT_REGION_LENGTH__+0x7f01c9>
/Users/askn/Develop/UPDI4AVR-USB/src/sys.cpp:246
  #endif
  }

  void extclk_disable (void) {
  #ifdef CONFIG_PGM_EXCLK_ENABLE
    _led_mode = 0;
    309c:	10 92 c8 01 	sts	0x01C8, r1	; 0x8001c8 <__TEXT_REGION_LENGTH__+0x7f01c8>
/Users/askn/Develop/UPDI4AVR-USB/src/sys.cpp:247
    PORTMUX_CCLROUTEA &= ~PORTMUX_LUT0_ALT1_gc;
    30a0:	81 e0       	ldi	r24, 0x01	; 1
    30a2:	80 93 c0 01 	sts	0x01C0, r24	; 0x8001c0 <__TEXT_REGION_LENGTH__+0x7f01c0>
    30a6:	10 92 00 0b 	sts	0x0B00, r1	; 0x800b00 <__TEXT_REGION_LENGTH__+0x7f0b00>
sign_off():
/Users/askn/Develop/UPDI4AVR-USB/src/sys.cpp:248
    CCL_CTRLA     = 0;
    30aa:	61 e0       	ldi	r22, 0x01	; 1
/Users/askn/Develop/UPDI4AVR-USB/src/sys.cpp:249
    CCL_TRUTH0    = 0;
    30ac:	0e 94 2e 10 	call	0x205c	; 0x205c <SYS::power_reset(bool, bool)>
/Users/askn/Develop/UPDI4AVR-USB/src/sys.cpp:250
    CCL_LUT0CTRLB = 0;
    30b0:	1f ba       	out	0x1f, r1	; 31
    30b2:	0e 94 58 0b 	call	0x16b0	; 0x16b0 <USART::setup()>
/Users/askn/Develop/UPDI4AVR-USB/src/sys.cpp:251
    CCL_LUT0CTRLA = 0;
    30b6:	0e 94 e0 05 	call	0xbc0	; 0xbc0 <USART::change_vcp()>
_ZN3ISP14jtag_scope_ispEv():
/Users/askn/Develop/UPDI4AVR-USB/src/sys.cpp:252
    CCL_CTRLA     = CCL_ENABLE_bm;
    30ba:	10 92 dd 60 	sts	0x60DD, r1	; 0x8060dd <packet+0x8>
/Users/askn/Develop/UPDI4AVR-USB/src/sys.cpp:253
    TCB0_CTRLA = 0;
    30be:	81 e0       	ldi	r24, 0x01	; 1
    30c0:	90 e0       	ldi	r25, 0x00	; 0
/Users/askn/Develop/UPDI4AVR-USB/src/isp.cpp:381

      SYS::extclk_disable();
      SYS::power_reset();
    30c2:	ce cf       	rjmp	.-100    	; 0x3060 <ISP::jtag_scope_isp()+0xd0>
    30c4:	8d 31       	cpi	r24, 0x1D	; 29
    30c6:	81 f4       	brne	.+32     	; 0x30e8 <ISP::jtag_scope_isp()+0x158>
/Users/askn/Develop/UPDI4AVR-USB/src/isp.cpp:382
      PGCONF = 0;
    30c8:	60 91 db 60 	lds	r22, 0x60DB	; 0x8060db <packet+0x6>
/Users/askn/Develop/UPDI4AVR-USB/src/isp.cpp:383
      USART::setup();
    30cc:	70 91 dc 60 	lds	r23, 0x60DC	; 0x8060dc <packet+0x7>
/Users/askn/Develop/UPDI4AVR-USB/src/isp.cpp:384
      USART::change_vcp();
    30d0:	61 15       	cp	r22, r1
/Users/askn/Develop/UPDI4AVR-USB/src/isp.cpp:505
    if (_rspsize == 0) {
      packet.in.isp.res = 0x80; /* STATUS_CMD_TOUT */
      _rspsize = 1;
    }
    else {
      packet.in.data[_rspsize] = 0;
    30d2:	71 05       	cpc	r23, r1
    30d4:	91 f3       	breq	.-28     	; 0x30ba <ISP::jtag_scope_isp()+0x12a>
/Users/askn/Develop/UPDI4AVR-USB/src/isp.cpp:506
      if (_rspsize > 1) _rspsize += 1;
    30d6:	88 ee       	ldi	r24, 0xE8	; 232
    30d8:	93 e0       	ldi	r25, 0x03	; 3
    30da:	0e 94 eb 20 	call	0x41d6	; 0x41d6 <__udivmodhi4>
/Users/askn/Develop/UPDI4AVR-USB/src/isp.cpp:421
    }
    else if (_cmd == 0x11) {    /* CMD_LEAVE_PROGMODE_ISP */
      D1PRINTF(" ISP_CMD_LEAVE_PROGMODE\r\n");
      _rspsize = sign_off();
    }
    else if (_cmd == 0x1D) {    /* CMD_SET_SCK */
    30de:	60 93 52 63 	sts	0x6352, r22	; 0x806352 <_xclk>
/Users/askn/Develop/UPDI4AVR-USB/src/isp.cpp:422
      uint16_t _data = packet.out.isp.wValue;
    30e2:	70 93 53 63 	sts	0x6353, r23	; 0x806353 <_xclk+0x1>
    30e6:	e9 cf       	rjmp	.-46     	; 0x30ba <ISP::jtag_scope_isp()+0x12a>
/Users/askn/Develop/UPDI4AVR-USB/src/isp.cpp:425
      D1PRINTF(" PIC_CMD_SET_SCK=%d\r\n", _data);
      /* This command sends microseconds. */
      if (_data > 0) _xclk = 1000 / _data;  /* convert us to kbps */
    30e8:	8e 31       	cpi	r24, 0x1E	; 30
    30ea:	59 f4       	brne	.+22     	; 0x3102 <ISP::jtag_scope_isp()+0x172>
    30ec:	80 91 52 63 	lds	r24, 0x6352	; 0x806352 <_xclk>
    30f0:	90 91 53 63 	lds	r25, 0x6353	; 0x806353 <_xclk+0x1>
    30f4:	80 93 db 60 	sts	0x60DB, r24	; 0x8060db <packet+0x6>
    30f8:	90 93 dc 60 	sts	0x60DC, r25	; 0x8060dc <packet+0x7>
    30fc:	82 e0       	ldi	r24, 0x02	; 2
    30fe:	90 e0       	ldi	r25, 0x00	; 0
/Users/askn/Develop/UPDI4AVR-USB/src/isp.cpp:429
      D1PRINTF(" XCLK=%d\r\n", _xclk);
      _rspsize = 1;
    }
    else if (_cmd == 0x1E) {    /* CMD_GET_SCK */
    3100:	98 cf       	rjmp	.-208    	; 0x3032 <ISP::jtag_scope_isp()+0xa2>
    3102:	f9 99       	sbic	0x1f, 1	; 31
/Users/askn/Develop/UPDI4AVR-USB/src/isp.cpp:432
      D1PRINTF(" PIC_CMD_GET_SCK=%d\r\n", _xclk);
      /* This command gives a non-standard response. */
      packet.in.stk500v2.wValue = _xclk; /* kbps */
    3104:	02 c0       	rjmp	.+4      	; 0x310a <ISP::jtag_scope_isp()+0x17a>
    3106:	80 ec       	ldi	r24, 0xC0	; 192
    3108:	90 cf       	rjmp	.-224    	; 0x302a <ISP::jtag_scope_isp()+0x9a>
    310a:	86 30       	cpi	r24, 0x06	; 6
    310c:	79 f4       	brne	.+30     	; 0x312c <ISP::jtag_scope_isp()+0x19c>
bswap32():
    310e:	60 91 db 60 	lds	r22, 0x60DB	; 0x8060db <packet+0x6>
    3112:	70 91 dc 60 	lds	r23, 0x60DC	; 0x8060dc <packet+0x7>
/Users/askn/Develop/UPDI4AVR-USB/src/isp.cpp:481
      packet.in.isp.res = _rspsize ? 0x00 : 0x80;
  #if !defined(NDEBUG) && defined(DEBUG)
      D1PRINTF(" ISP_RES L=%d\r\n  ", 2);
      D1PRINTHEX(&packet.in.isp.cmd, 3, ':', 16, "\r\n  ");
  #endif
      return 2;
    3116:	80 91 dd 60 	lds	r24, 0x60DD	; 0x8060dd <packet+0x8>
/Users/askn/Develop/UPDI4AVR-USB/src/isp.cpp:437
      packet.in.stk500v2.wValue = _xclk; /* kbps */
      D1PRINTF(" PIC_RES L=2\r\n  ");
      D1PRINTHEX(&packet.in.stk500v2.data, 3, ':');
      return 2;
    }
    else if (bit_is_clear(PGCONF, PGCONF_PROG_bp)) {
    311a:	90 91 de 60 	lds	r25, 0x60DE	; 0x8060de <packet+0x9>
/Users/askn/Develop/UPDI4AVR-USB/src/isp.cpp:440
      /* The steps below will not be executed unless
         program mode has been successfully entered. */
      packet.in.isp.res = 0xC0; /* STATUS_CMD_FAILED */
    311e:	0e 94 3d 21 	call	0x427a	; 0x427a <__bswapsi2>
_ZN3ISP14jtag_scope_ispEv():
/Users/askn/Develop/UPDI4AVR-USB/src/isp.cpp:443
      return 1;
    }
    else if (_cmd == 0x06) {    /* CMD_LOAD_ADDRESS */
    3122:	60 93 b0 60 	sts	0x60B0, r22	; 0x8060b0 <ISP::_base_addr>
/Users/askn/Library/Arduino15/packages/MultiX-Zinnia/hardware/modernAVR/0.4.10/cores/modernAVR/api/cpp/btools.cpp:49
}

uint32_t bswap32 (uint32_t _dword) {
  return __builtin_bswap32(_dword);
    3126:	70 93 b1 60 	sts	0x60B1, r23	; 0x8060b1 <ISP::_base_addr+0x1>
    312a:	c7 cf       	rjmp	.-114    	; 0x30ba <ISP::jtag_scope_isp()+0x12a>
    312c:	82 31       	cpi	r24, 0x12	; 18
    312e:	39 f4       	brne	.+14     	; 0x313e <ISP::jtag_scope_isp()+0x1ae>
    3130:	40 e2       	ldi	r20, 0x20	; 32
    3132:	53 e0       	ldi	r21, 0x03	; 3
    3134:	70 e0       	ldi	r23, 0x00	; 0
    3136:	60 e0       	ldi	r22, 0x00	; 0
    3138:	89 e4       	ldi	r24, 0x49	; 73
/Users/askn/Develop/UPDI4AVR-USB/src/isp.cpp:444
      _base_addr = bswap32(packet.out.isp.dwValue);
    313a:	95 e1       	ldi	r25, 0x15	; 21
    313c:	86 cf       	rjmp	.-244    	; 0x304a <ISP::jtag_scope_isp()+0xba>
    313e:	83 31       	cpi	r24, 0x13	; 19
    3140:	39 f4       	brne	.+14     	; 0x3150 <ISP::jtag_scope_isp()+0x1c0>
    3142:	40 e2       	ldi	r20, 0x20	; 32
/Users/askn/Develop/UPDI4AVR-USB/src/isp.cpp:448
      D1PRINTF(" ISP_CMD_LOAD_ADDRESS=$%04X\r\n", _base_addr);
      _rspsize = 1;
    }
    else if (_cmd == 0x12) {    /* CMD_CHIP_ERASE_ISP */
    3144:	53 e0       	ldi	r21, 0x03	; 3
    3146:	70 e0       	ldi	r23, 0x00	; 0
/Users/askn/Develop/UPDI4AVR-USB/src/isp.cpp:450
      D1PRINTF(" ISP_CMD_CHIP_ERASE\r\n");
      _rspsize = Timeout::command(&chip_erase);
    3148:	60 e0       	ldi	r22, 0x00	; 0
    314a:	88 e8       	ldi	r24, 0x88	; 136
    314c:	95 e1       	ldi	r25, 0x15	; 21
    314e:	7d cf       	rjmp	.-262    	; 0x304a <ISP::jtag_scope_isp()+0xba>
    3150:	84 31       	cpi	r24, 0x14	; 20
    3152:	39 f4       	brne	.+14     	; 0x3162 <ISP::jtag_scope_isp()+0x1d2>
    3154:	40 e2       	ldi	r20, 0x20	; 32
/Users/askn/Develop/UPDI4AVR-USB/src/isp.cpp:452
    }
    else if (_cmd == 0x13) {    /* CMD_PROGRAM_FLASH_ISP */
    3156:	53 e0       	ldi	r21, 0x03	; 3
    3158:	70 e0       	ldi	r23, 0x00	; 0
/Users/askn/Develop/UPDI4AVR-USB/src/isp.cpp:454
      D1PRINTF(" ISP_CMD_PROGRAM_FLASH\r\n");
      _rspsize = Timeout::command(&write_flash);
    315a:	60 e0       	ldi	r22, 0x00	; 0
    315c:	83 e3       	ldi	r24, 0x33	; 51
    315e:	93 e1       	ldi	r25, 0x13	; 19
    3160:	74 cf       	rjmp	.-280    	; 0x304a <ISP::jtag_scope_isp()+0xba>
    3162:	85 31       	cpi	r24, 0x15	; 21
    3164:	39 f4       	brne	.+14     	; 0x3174 <ISP::jtag_scope_isp()+0x1e4>
    3166:	40 e2       	ldi	r20, 0x20	; 32
/Users/askn/Develop/UPDI4AVR-USB/src/isp.cpp:456
    }
    else if (_cmd == 0x14) {    /* CMD_READ_FLASH_ISP */
    3168:	53 e0       	ldi	r21, 0x03	; 3
    316a:	70 e0       	ldi	r23, 0x00	; 0
/Users/askn/Develop/UPDI4AVR-USB/src/isp.cpp:458
      D1PRINTF(" ISP_CMD_READ_FLASH\r\n");
      _rspsize = Timeout::command(&read_flash);
    316c:	60 e0       	ldi	r22, 0x00	; 0
    316e:	86 e2       	ldi	r24, 0x26	; 38
    3170:	96 e1       	ldi	r25, 0x16	; 22
    3172:	6b cf       	rjmp	.-298    	; 0x304a <ISP::jtag_scope_isp()+0xba>
    3174:	86 31       	cpi	r24, 0x16	; 22
    3176:	39 f4       	brne	.+14     	; 0x3186 <ISP::jtag_scope_isp()+0x1f6>
    3178:	40 e2       	ldi	r20, 0x20	; 32
/Users/askn/Develop/UPDI4AVR-USB/src/isp.cpp:460
    }
    else if (_cmd == 0x15) {    /* CMD_PROGRAM_EEPROM_ISP */
    317a:	53 e0       	ldi	r21, 0x03	; 3
    317c:	70 e0       	ldi	r23, 0x00	; 0
/Users/askn/Develop/UPDI4AVR-USB/src/isp.cpp:462
      D1PRINTF(" ISP_CMD_PROGRAM_EEPROM\r\n");
      _rspsize = Timeout::command(&write_eeprom);
    317e:	60 e0       	ldi	r22, 0x00	; 0
    3180:	87 ee       	ldi	r24, 0xE7	; 231
    3182:	94 e1       	ldi	r25, 0x14	; 20
    3184:	62 cf       	rjmp	.-316    	; 0x304a <ISP::jtag_scope_isp()+0xba>
    3186:	87 31       	cpi	r24, 0x17	; 23
    3188:	11 f0       	breq	.+4      	; 0x318e <ISP::jtag_scope_isp()+0x1fe>
    318a:	89 31       	cpi	r24, 0x19	; 25
/Users/askn/Develop/UPDI4AVR-USB/src/isp.cpp:464
    }
    else if (_cmd == 0x16) {    /* CMD_READ_EEPROM_ISP */
    318c:	89 f4       	brne	.+34     	; 0x31b0 <ISP::jtag_scope_isp()+0x220>
    318e:	40 e2       	ldi	r20, 0x20	; 32
/Users/askn/Develop/UPDI4AVR-USB/src/isp.cpp:466
      D1PRINTF(" ISP_CMD_READ_EEPROM\r\n");
      _rspsize = Timeout::command(&read_memories);
    3190:	53 e0       	ldi	r21, 0x03	; 3
    3192:	70 e0       	ldi	r23, 0x00	; 0
    3194:	60 e0       	ldi	r22, 0x00	; 0
    3196:	85 ee       	ldi	r24, 0xE5	; 229
    3198:	9a e0       	ldi	r25, 0x0A	; 10
    319a:	b2 de       	rcall	.-668    	; 0x2f00 <Timeout::command(unsigned int (*)(), unsigned int (*)(), unsigned int)>
    319c:	10 92 dc 60 	sts	0x60DC, r1	; 0x8060dc <packet+0x7>
/Users/askn/Develop/UPDI4AVR-USB/src/isp.cpp:468
    }
    else if (_cmd == 0x17       /* CMD_PROGRAM_FUSE_ISP */
    31a0:	89 2b       	or	r24, r25
/Users/askn/Develop/UPDI4AVR-USB/src/isp.cpp:469
          || _cmd == 0x19) {    /* CMD_PROGRAM_LOCK_ISP */
    31a2:	21 f4       	brne	.+8      	; 0x31ac <ISP::jtag_scope_isp()+0x21c>
    31a4:	80 e8       	ldi	r24, 0x80	; 128
/Users/askn/Develop/UPDI4AVR-USB/src/isp.cpp:473
      D1PRINTF(" ISP_CMD_PROGRAM_%s\r\n",
        _cmd == 0x17 ? "FUSE" : "LOCK"
      );
      _rspsize = Timeout::command(&write_fuse_byte);
    31a6:	80 93 db 60 	sts	0x60DB, r24	; 0x8060db <packet+0x6>
    31aa:	a8 cf       	rjmp	.-176    	; 0x30fc <ISP::jtag_scope_isp()+0x16c>
    31ac:	80 e0       	ldi	r24, 0x00	; 0
    31ae:	fb cf       	rjmp	.-10     	; 0x31a6 <ISP::jtag_scope_isp()+0x216>
    31b0:	88 31       	cpi	r24, 0x18	; 24
    31b2:	19 f0       	breq	.+6      	; 0x31ba <ISP::jtag_scope_isp()+0x22a>
    31b4:	8a 51       	subi	r24, 0x1A	; 26
/Users/askn/Develop/UPDI4AVR-USB/src/isp.cpp:475
      /* This command returns one extra byte in the response. */
      packet.in.isp.data[0] = 0;
    31b6:	83 30       	cpi	r24, 0x03	; 3
    31b8:	38 f4       	brcc	.+14     	; 0x31c8 <ISP::jtag_scope_isp()+0x238>
/Users/askn/Develop/UPDI4AVR-USB/src/isp.cpp:476
      packet.in.isp.res = _rspsize ? 0x00 : 0x80;
    31ba:	40 e2       	ldi	r20, 0x20	; 32
    31bc:	53 e0       	ldi	r21, 0x03	; 3
    31be:	70 e0       	ldi	r23, 0x00	; 0
    31c0:	60 e0       	ldi	r22, 0x00	; 0
    31c2:	8b ee       	ldi	r24, 0xEB	; 235
    31c4:	9a e0       	ldi	r25, 0x0A	; 10
    31c6:	41 cf       	rjmp	.-382    	; 0x304a <ISP::jtag_scope_isp()+0xba>
    31c8:	89 ec       	ldi	r24, 0xC9	; 201
/Users/askn/Develop/UPDI4AVR-USB/src/isp.cpp:483
      D1PRINTF(" ISP_RES L=%d\r\n  ", 2);
      D1PRINTHEX(&packet.in.isp.cmd, 3, ':', 16, "\r\n  ");
  #endif
      return 2;
    }
    else if (_cmd == 0x18       /* CMD_READ_FUSE_ISP */
    31ca:	2f cf       	rjmp	.-418    	; 0x302a <ISP::jtag_scope_isp()+0x9a>

000031cc <__vector_24>:
__vector_24():
    31cc:	1f 92       	push	r1
/Users/askn/Develop/UPDI4AVR-USB/src/isp.cpp:484
          || _cmd == 0x1A       /* CMD_READ_LOCK_ISP */
    31ce:	0f 92       	push	r0
    31d0:	0f b6       	in	r0, 0x3f	; 63
    31d2:	0f 92       	push	r0
/Users/askn/Develop/UPDI4AVR-USB/src/isp.cpp:492
      D1PRINTF(" ISP_CMD_READ_%s\r\n",
        _cmd == 0x18 ? "FUSE" :
        _cmd == 0x1A ? "LOCK" :
        _cmd == 0x1B ? "SIGNATURE" : "OSCCAL"
      );
      _rspsize = Timeout::command(&read_fuse_byte);
    31d4:	11 24       	eor	r1, r1
    31d6:	f7 9a       	sbi	0x1e, 7	; 30
    31d8:	0f 90       	pop	r0
    31da:	0f be       	out	0x3f, r0	; 63
    31dc:	0f 90       	pop	r0
    31de:	1f 90       	pop	r1
    31e0:	18 95       	reti

000031e2 <main>:
main():
/Users/askn/Develop/UPDI4AVR-USB/src/isp.cpp:496
    }
    else {
      D1PRINTF(" ISP_CMD_?[%02X]\r\n", _cmd);
      packet.in.isp.res = 0xC9; /* STATUS_CMD_UNKNOWN */
    31e2:	cf 93       	push	r28
    31e4:	df 93       	push	r29
/Users/askn/Develop/UPDI4AVR-USB/src/sys.cpp:492
};  /* SYS */

/*
 * SW0 Interrupt Vector
 */
ISR(portIntrruptVector(PIN_SYS_SW0)) {
    31e6:	cd b7       	in	r28, 0x3d	; 61
    31e8:	de b7       	in	r29, 0x3e	; 62
    31ea:	25 97       	sbiw	r28, 0x05	; 5
    31ec:	cd bf       	out	0x3d, r28	; 61
    31ee:	de bf       	out	0x3e, r29	; 62
setup():
/Users/askn/Develop/UPDI4AVR-USB/src/sys.cpp:493
  bit_set(GPCONF, GPCONF_FAL_bp);
    31f0:	67 e3       	ldi	r22, 0x37	; 55
/Users/askn/Develop/UPDI4AVR-USB/src/sys.cpp:494
}
    31f2:	6c b9       	out	0x0c, r22	; 12
    31f4:	63 9a       	sbi	0x0c, 3	; 12
    31f6:	88 e0       	ldi	r24, 0x08	; 8
    31f8:	80 93 12 04 	sts	0x0412, r24	; 0x800412 <__TEXT_REGION_LENGTH__+0x7f0412>
/Users/askn/Develop/UPDI4AVR-USB/src/HAL/AVRDU_CNANO.cpp:52
  #endif

    /* Pull-Up GPIO */
    /* Grouping consecutive lines that assign the same value results in shorter code. */
    pinControlRegister(PIN_VCP_TXD)      = PORT_PULLUPEN_bm;
    pinControlRegister(PIN_VCP_RXD)      = PORT_PULLUPEN_bm;
    31fc:	80 93 13 04 	sts	0x0413, r24	; 0x800413 <__TEXT_REGION_LENGTH__+0x7f0413>
/Users/askn/Develop/UPDI4AVR-USB/src/HAL/AVRDU_CNANO.cpp:53
    pinControlRegister(PIN_PGM_TDAT)     = PORT_PULLUPEN_bm;
    3200:	80 93 10 04 	sts	0x0410, r24	; 0x800410 <__TEXT_REGION_LENGTH__+0x7f0410>
/Users/askn/Develop/UPDI4AVR-USB/src/HAL/AVRDU_CNANO.cpp:54
    pinControlRegister(PIN_PGM_TRST)     = PORT_PULLUPEN_bm | PORT_ISC_INPUT_DISABLE_gc;
    3204:	8c e0       	ldi	r24, 0x0C	; 12
    3206:	80 93 11 04 	sts	0x0411, r24	; 0x800411 <__TEXT_REGION_LENGTH__+0x7f0411>
/Users/askn/Develop/UPDI4AVR-USB/src/HAL/AVRDU_CNANO.cpp:55
    pinControlRegister(PIN_SYS_SW0)      = PORT_PULLUPEN_bm | PORT_ISC_FALLING_gc;
    320a:	8b e0       	ldi	r24, 0x0B	; 11
    320c:	80 93 b6 04 	sts	0x04B6, r24	; 0x8004b6 <__TEXT_REGION_LENGTH__+0x7f04b6>
/Users/askn/Develop/UPDI4AVR-USB/src/HAL/AVRDU_CNANO.cpp:56
    pinControlRegister(PIN_SYS_LED0)     = PORT_INVEN_bm    | PORT_ISC_INPUT_DISABLE_gc;
    3210:	84 e8       	ldi	r24, 0x84	; 132
    3212:	80 93 b2 04 	sts	0x04B2, r24	; 0x8004b2 <__TEXT_REGION_LENGTH__+0x7f04b2>
/Users/askn/Develop/UPDI4AVR-USB/src/HAL/AVRDU_CNANO.cpp:57
    pinControlRegister(PIN_HVC_CHGPUMP1) = PORT_INVEN_bm    | PORT_ISC_INPUT_DISABLE_gc;
    3216:	80 93 74 04 	sts	0x0474, r24	; 0x800474 <__TEXT_REGION_LENGTH__+0x7f0474>
/Users/askn/Develop/UPDI4AVR-USB/src/HAL/AVRDU_CNANO.cpp:62
    /* LED0=PF2 on the Curiosity Nano board uses negative logic. */
    /* Assume that LED1=PF3 is positive logic. */

    /* PORTx event generator */
    portRegister(PIN_VCP_RXD).EVGENCTRLA = pinPosition(PIN_VCP_RXD)         /* EVG0 */
    321a:	83 e2       	ldi	r24, 0x23	; 35
    321c:	80 93 18 04 	sts	0x0418, r24	; 0x800418 <__TEXT_REGION_LENGTH__+0x7f0418>
/Users/askn/Develop/UPDI4AVR-USB/src/HAL/AVRDU_CNANO.cpp:66
                                         | pinPosition(PIN_VCP_TXD) << 4;   /* EVG1 */

    /*** Port Multiplexer ***/
    PORTMUX_TCAROUTEA     = PORTMUX_TCA0_PORTD_gc;          /* TCA0_WOn_ALT3 -> PORTD */
    3220:	93 e0       	ldi	r25, 0x03	; 3
    3222:	90 93 e7 05 	sts	0x05E7, r25	; 0x8005e7 <__TEXT_REGION_LENGTH__+0x7f05e7>
/Users/askn/Develop/UPDI4AVR-USB/src/HAL/AVRDU_CNANO.cpp:69

    /*** Event System ***/
    EVSYS_CHANNEL1        = EVSYS_CHANNEL_RTC_EVGEN1_gc;    /* 128Hz periodic. */
    3226:	89 e0       	ldi	r24, 0x09	; 9
    3228:	80 93 11 02 	sts	0x0211, r24	; 0x800211 <__TEXT_REGION_LENGTH__+0x7f0211>
/Users/askn/Develop/UPDI4AVR-USB/src/HAL/AVRDU_CNANO.cpp:70
    EVSYS_CHANNEL2        = EVSYS_CHANNEL_CCL_LUT1_gc;      /* <- Indicator */
    322c:	81 e1       	ldi	r24, 0x11	; 17
    322e:	80 93 12 02 	sts	0x0212, r24	; 0x800212 <__TEXT_REGION_LENGTH__+0x7f0212>
/Users/askn/Develop/UPDI4AVR-USB/src/HAL/AVRDU_CNANO.cpp:71
    EVSYS_CHANNEL3        = EVSYS_CHANNEL_CCL_LUT2_gc;      /* <- LED0 */
    3232:	82 e1       	ldi	r24, 0x12	; 18
    3234:	80 93 13 02 	sts	0x0213, r24	; 0x800213 <__TEXT_REGION_LENGTH__+0x7f0213>
/Users/askn/Develop/UPDI4AVR-USB/src/HAL/AVRDU_CNANO.cpp:72
    EVSYS_CHANNEL4        = EVSYS_CHANNEL_PORTX_EVGEN0(PIN_VCP_RXD);  /* <- VRxD */
    3238:	80 e4       	ldi	r24, 0x40	; 64
    323a:	80 93 14 02 	sts	0x0214, r24	; 0x800214 <__TEXT_REGION_LENGTH__+0x7f0214>
/Users/askn/Develop/UPDI4AVR-USB/src/HAL/AVRDU_CNANO.cpp:73
    EVSYS_CHANNEL5        = EVSYS_CHANNEL_PORTX_EVGEN1(PIN_VCP_TXD);  /* <- VTxD */
    323e:	71 e4       	ldi	r23, 0x41	; 65
    3240:	70 93 15 02 	sts	0x0215, r23	; 0x800215 <__TEXT_REGION_LENGTH__+0x7f0215>
/Users/askn/Develop/UPDI4AVR-USB/src/HAL/AVRDU_CNANO.cpp:75

    EVSYS_USEREVSYSEVOUTF = EVSYS_USER_CHANNEL3_gc;         /* LED0 -> EVOUTF:PIN_PF2 */
    3244:	54 e0       	ldi	r21, 0x04	; 4
    3246:	50 93 2b 02 	sts	0x022B, r21	; 0x80022b <__TEXT_REGION_LENGTH__+0x7f022b>
/Users/askn/Develop/UPDI4AVR-USB/src/HAL/AVRDU_CNANO.cpp:77

    EVSYS_USERCCLLUT1A    = EVSYS_USER_CHANNEL4_gc;         /* <- VRxD */
    324a:	25 e0       	ldi	r18, 0x05	; 5
    324c:	20 93 22 02 	sts	0x0222, r18	; 0x800222 <__TEXT_REGION_LENGTH__+0x7f0222>
/Users/askn/Develop/UPDI4AVR-USB/src/HAL/AVRDU_CNANO.cpp:78
    EVSYS_USERCCLLUT3A    = EVSYS_USER_CHANNEL4_gc;         /* <- VRxD */
    3250:	20 93 26 02 	sts	0x0226, r18	; 0x800226 <__TEXT_REGION_LENGTH__+0x7f0226>
/Users/askn/Develop/UPDI4AVR-USB/src/HAL/AVRDU_CNANO.cpp:79
    EVSYS_USERCCLLUT3B    = EVSYS_USER_CHANNEL5_gc;         /* <- VTxD */
    3254:	36 e0       	ldi	r19, 0x06	; 6
    3256:	30 93 27 02 	sts	0x0227, r19	; 0x800227 <__TEXT_REGION_LENGTH__+0x7f0227>
/Users/askn/Develop/UPDI4AVR-USB/src/HAL/AVRDU_CNANO.cpp:81

    EVSYS_USERTCB1CAPT    = EVSYS_USER_CHANNEL2_gc;         /* TCB1_CAPT <- Strobe */
    325a:	90 93 32 02 	sts	0x0232, r25	; 0x800232 <__TEXT_REGION_LENGTH__+0x7f0232>
/Users/askn/Develop/UPDI4AVR-USB/src/HAL/AVRDU_CNANO.cpp:82
    EVSYS_USERTCB0COUNT   = EVSYS_USER_CHANNEL1_gc;         /* <- 128Hz */
    325e:	42 e0       	ldi	r20, 0x02	; 2
    3260:	40 93 31 02 	sts	0x0231, r20	; 0x800231 <__TEXT_REGION_LENGTH__+0x7f0231>
/Users/askn/Develop/UPDI4AVR-USB/src/HAL/AVRDU_CNANO.cpp:85

    /*** CCL1 : VCP Indicator ***/
    CCL_TRUTH1    = CCL_TRUTH_0_bm | CCL_TRUTH_1_bm;
    3264:	90 93 cf 01 	sts	0x01CF, r25	; 0x8001cf <__TEXT_REGION_LENGTH__+0x7f01cf>
/Users/askn/Develop/UPDI4AVR-USB/src/HAL/AVRDU_CNANO.cpp:86
    CCL_LUT1CTRLB = CCL_INSEL0_USART0_gc                    /* <- UART_TX */
    3268:	60 93 cd 01 	sts	0x01CD, r22	; 0x8001cd <__TEXT_REGION_LENGTH__+0x7f01cd>
/Users/askn/Develop/UPDI4AVR-USB/src/HAL/AVRDU_CNANO.cpp:88
                  | CCL_INSEL1_EVENTA_gc;                   /* <- EVS_CH4 : VRxD */
    CCL_LUT1CTRLA = CCL_ENABLE_bm;
    326c:	81 e0       	ldi	r24, 0x01	; 1
    326e:	80 93 cc 01 	sts	0x01CC, r24	; 0x8001cc <__TEXT_REGION_LENGTH__+0x7f01cc>
/Users/askn/Develop/UPDI4AVR-USB/src/HAL/AVRDU_CNANO.cpp:92

    /*** CCL3 : LED1 (PF3) generator ***/
    /* Do not turn on; 0, 3 */
    CCL_TRUTH3    = ~(CCL_TRUTH_0_bm | CCL_TRUTH_3_bm);
    3272:	66 ef       	ldi	r22, 0xF6	; 246
    3274:	60 93 d7 01 	sts	0x01D7, r22	; 0x8001d7 <__TEXT_REGION_LENGTH__+0x7f01d7>
/Users/askn/Develop/UPDI4AVR-USB/src/HAL/AVRDU_CNANO.cpp:93
    CCL_LUT3CTRLC = CCL_INSEL2_TCB1_gc;                     /* <- TCB1_WO */
    3278:	6a e0       	ldi	r22, 0x0A	; 10
    327a:	60 93 d6 01 	sts	0x01D6, r22	; 0x8001d6 <__TEXT_REGION_LENGTH__+0x7f01d6>
/Users/askn/Develop/UPDI4AVR-USB/src/HAL/AVRDU_CNANO.cpp:94
    CCL_LUT3CTRLB = CCL_INSEL1_EVENTB_gc                    /* <- EVS_CH5 : VTxD */
    327e:	e3 e4       	ldi	r30, 0x43	; 67
    3280:	e0 93 d5 01 	sts	0x01D5, r30	; 0x8001d5 <__TEXT_REGION_LENGTH__+0x7f01d5>
/Users/askn/Develop/UPDI4AVR-USB/src/HAL/AVRDU_CNANO.cpp:96
                  | CCL_INSEL0_EVENTA_gc;                   /* <- EVS_CH4 : VRxD */
    CCL_LUT3CTRLA = CCL_ENABLE_bm | CCL_OUTEN_bm;           /* -> PIN_PF3 */
    3284:	70 93 d4 01 	sts	0x01D4, r23	; 0x8001d4 <__TEXT_REGION_LENGTH__+0x7f01d4>
/Users/askn/Develop/UPDI4AVR-USB/src/HAL/AVRDU_CNANO.cpp:99

    /*** CCL2 : LED0 (PF2:ORANGE) Heart-Beat generator ***/
    CCL_TRUTH2    = CCL_TRUTH_1_bm | CCL_TRUTH_2_bm;
    3288:	30 93 d3 01 	sts	0x01D3, r19	; 0x8001d3 <__TEXT_REGION_LENGTH__+0x7f01d3>
/Users/askn/Develop/UPDI4AVR-USB/src/HAL/AVRDU_CNANO.cpp:100
    CCL_LUT2CTRLC = CCL_INSEL2_TCB1_gc;                     /* <- TCB1_WO */
    328c:	60 93 d2 01 	sts	0x01D2, r22	; 0x8001d2 <__TEXT_REGION_LENGTH__+0x7f01d2>
/Users/askn/Develop/UPDI4AVR-USB/src/HAL/AVRDU_CNANO.cpp:101
    CCL_LUT2CTRLB = CCL_INSEL1_TCA0_gc                      /* <- TCA0_WO1 */
    3290:	6a e9       	ldi	r22, 0x9A	; 154
    3292:	60 93 d1 01 	sts	0x01D1, r22	; 0x8001d1 <__TEXT_REGION_LENGTH__+0x7f01d1>
/Users/askn/Develop/UPDI4AVR-USB/src/HAL/AVRDU_CNANO.cpp:103
                  | CCL_INSEL0_TCB0_gc;                     /* <- TCB0_WO */
    CCL_LUT2CTRLA = CCL_ENABLE_bm;                          /* -> EVS_CH3 */
    3296:	80 93 d0 01 	sts	0x01D0, r24	; 0x8001d0 <__TEXT_REGION_LENGTH__+0x7f01d0>
/Users/askn/Develop/UPDI4AVR-USB/src/HAL/AVRDU_CNANO.cpp:107

    /*** CCL enable ***/
    /* One of the CCL's is the LED output control. */
    CCL_CTRLA = CCL_ENABLE_bm;
    329a:	80 93 c0 01 	sts	0x01C0, r24	; 0x8001c0 <__TEXT_REGION_LENGTH__+0x7f01c0>
/Users/askn/Develop/UPDI4AVR-USB/src/HAL/AVRDU_CNANO.cpp:120
     * WO2 : UPDI Bit-banging
     * WO3 : reserved
     * WO4 : Charge-pump output-1 (negative)
     * WO5 : Charge-pump output-2 (positive)
     */
    TCA0_SPLIT_CTRLD = TCA_SPLIT_SPLITM_bm;
    329e:	80 93 03 0a 	sts	0x0A03, r24	; 0x800a03 <__TEXT_REGION_LENGTH__+0x7f0a03>
/Users/askn/Develop/UPDI4AVR-USB/src/HAL/AVRDU_CNANO.cpp:121
    TCA0_SPLIT_LCMP2 = F_CPU / 125000  / 2; /* TCA0_WO2 */
    32a2:	60 e5       	ldi	r22, 0x50	; 80
    32a4:	60 93 2c 0a 	sts	0x0A2C, r22	; 0x800a2c <__TEXT_REGION_LENGTH__+0x7f0a2c>
/Users/askn/Develop/UPDI4AVR-USB/src/HAL/AVRDU_CNANO.cpp:122
    TCA0_SPLIT_HCMP1 = F_CPU / HVC_CLK / 2; /* TCA0_WO4 */
    32a8:	40 93 2b 0a 	sts	0x0A2B, r20	; 0x800a2b <__TEXT_REGION_LENGTH__+0x7f0a2b>
/Users/askn/Develop/UPDI4AVR-USB/src/HAL/AVRDU_CNANO.cpp:123
    TCA0_SPLIT_HCMP2 = F_CPU / HVC_CLK / 2; /* TCA0_WO5 */
    32ac:	40 93 2d 0a 	sts	0x0A2D, r20	; 0x800a2d <__TEXT_REGION_LENGTH__+0x7f0a2d>
/Users/askn/Develop/UPDI4AVR-USB/src/HAL/AVRDU_CNANO.cpp:124
    TCA0_SPLIT_HPER = (F_CPU / HVC_CLK) - 1;
    32b0:	90 93 27 0a 	sts	0x0A27, r25	; 0x800a27 <__TEXT_REGION_LENGTH__+0x7f0a27>
/Users/askn/Develop/UPDI4AVR-USB/src/HAL/AVRDU_CNANO.cpp:127

    /*** TCB0 ***/
    TCB0_CTRLB = TCB_CNTMODE_PWM8_gc;
    32b4:	47 e0       	ldi	r20, 0x07	; 7
    32b6:	40 93 01 0b 	sts	0x0B01, r20	; 0x800b01 <__TEXT_REGION_LENGTH__+0x7f0b01>
/Users/askn/Develop/UPDI4AVR-USB/src/HAL/AVRDU_CNANO.cpp:131

    /*** TCB1 ***/
    /* TCB1 is used to control the LED1 blinking rate. */
    TCB1_CCMP   = TM_VCPBL;
    32ba:	63 ec       	ldi	r22, 0xC3	; 195
    32bc:	74 e0       	ldi	r23, 0x04	; 4
    32be:	60 93 1c 0b 	sts	0x0B1C, r22	; 0x800b1c <__TEXT_REGION_LENGTH__+0x7f0b1c>
    32c2:	70 93 1d 0b 	sts	0x0B1D, r23	; 0x800b1d <__TEXT_REGION_LENGTH__+0x7f0b1d>
/Users/askn/Develop/UPDI4AVR-USB/src/HAL/AVRDU_CNANO.cpp:132
    TCB1_EVCTRL = TCB_CAPTEI_bm;
    32c6:	80 93 14 0b 	sts	0x0B14, r24	; 0x800b14 <__TEXT_REGION_LENGTH__+0x7f0b14>
/Users/askn/Develop/UPDI4AVR-USB/src/HAL/AVRDU_CNANO.cpp:133
    TCB1_CTRLB  = TCB_CNTMODE_SINGLE_gc;
    32ca:	30 93 11 0b 	sts	0x0B11, r19	; 0x800b11 <__TEXT_REGION_LENGTH__+0x7f0b11>
/Users/askn/Develop/UPDI4AVR-USB/src/HAL/AVRDU_CNANO.cpp:134
    TCB1_CTRLA  = TCB_ENABLE_bm | TCB_CLKSEL_TCA0_gc;
    32ce:	20 93 10 0b 	sts	0x0B10, r18	; 0x800b10 <__TEXT_REGION_LENGTH__+0x7f0b10>
/Users/askn/Develop/UPDI4AVR-USB/src/HAL/AVRDU_CNANO.cpp:138

    /*** PIT and RTC ***/
    /* EVG0 <- 1024Hz (32768/32) : EVG1 <- 128Hz (32768/256) */
    RTC_PITEVGENCTRLA = RTC_EVGEN0SEL_DIV32_gc | RTC_EVGEN1SEL_DIV256_gc;
    32d2:	24 e7       	ldi	r18, 0x74	; 116
    32d4:	20 93 56 01 	sts	0x0156, r18	; 0x800156 <__TEXT_REGION_LENGTH__+0x7f0156>
/Users/askn/Develop/UPDI4AVR-USB/src/HAL/AVRDU_CNANO.cpp:139
    RTC_PITCTRLA = RTC_PITEN_bm;
    32d8:	80 93 50 01 	sts	0x0150, r24	; 0x800150 <__TEXT_REGION_LENGTH__+0x7f0150>
/Users/askn/Develop/UPDI4AVR-USB/src/HAL/AVRDU_CNANO.cpp:142

    /* Drive a 1024Hz counter for RTC_CNT */
    RTC_CTRLA = RTC_RTCEN_bm | RTC_PRESCALER_DIV32_gc;
    32dc:	29 e2       	ldi	r18, 0x29	; 41
    32de:	20 93 40 01 	sts	0x0140, r18	; 0x800140 <__TEXT_REGION_LENGTH__+0x7f0140>
setup_adc():
/Users/askn/Develop/UPDI4AVR-USB/src/sys.cpp:423
   * A delay of 1250us is required for the voltage to stabilize.
   * The result is 10-bit, so multiply by 10.0 to convert to 1V * 0.0001.
   * The ADC0 peripheral is operational only during voltage measurements.
   */
  void setup_adc (void) {
    CLKCTRL_MCLKTIMEBASE = F_CPU / 1000000.0;
    32e2:	24 e1       	ldi	r18, 0x14	; 20
    32e4:	20 93 66 00 	sts	0x0066, r18	; 0x800066 <__TEXT_REGION_LENGTH__+0x7f0066>
/Users/askn/Develop/UPDI4AVR-USB/src/sys.cpp:424
    ADC0_CTRLA = ADC_ENABLE_bm;
    32e8:	80 93 00 06 	sts	0x0600, r24	; 0x800600 <__TEXT_REGION_LENGTH__+0x7f0600>
/Users/askn/Develop/UPDI4AVR-USB/src/sys.cpp:425
    ADC0_CTRLB = ADC_PRESC_DIV8_gc;
    32ec:	90 93 01 06 	sts	0x0601, r25	; 0x800601 <__TEXT_REGION_LENGTH__+0x7f0601>
/Users/askn/Develop/UPDI4AVR-USB/src/sys.cpp:426
    ADC0_CTRLC = ADC_REFSEL_1V024_gc;
    32f0:	50 93 02 06 	sts	0x0602, r21	; 0x800602 <__TEXT_REGION_LENGTH__+0x7f0602>
/Users/askn/Develop/UPDI4AVR-USB/src/sys.cpp:427
    ADC0_CTRLE = 250; /* (SAMPDUR + 0.5) * fCLK_ADC sample duration */
    32f4:	8a ef       	ldi	r24, 0xFA	; 250
    32f6:	80 93 04 06 	sts	0x0604, r24	; 0x800604 <__TEXT_REGION_LENGTH__+0x7f0604>
/Users/askn/Develop/UPDI4AVR-USB/src/sys.cpp:428
    ADC0_CTRLF = ADC_SAMPNUM_ACC8_gc;
    32fa:	90 93 05 06 	sts	0x0605, r25	; 0x800605 <__TEXT_REGION_LENGTH__+0x7f0605>
/Users/askn/Develop/UPDI4AVR-USB/src/sys.cpp:429
    ADC0_MUXPOS = ADC_MUXPOS_VDDDIV10_gc; /* ADC channel VDD * 0.1 */
    32fe:	84 e4       	ldi	r24, 0x44	; 68
    3300:	80 93 0b 06 	sts	0x060B, r24	; 0x80060b <__TEXT_REGION_LENGTH__+0x7f060b>
/Users/askn/Develop/UPDI4AVR-USB/src/sys.cpp:430
    loop_until_bit_is_clear(ADC0_STATUS, ADC_ADCBUSY_bp);
    3304:	80 91 08 06 	lds	r24, 0x0608	; 0x800608 <__TEXT_REGION_LENGTH__+0x7f0608>
    3308:	80 fd       	sbrc	r24, 0
    330a:	fc cf       	rjmp	.-8      	; 0x3304 <main+0x122>
/Users/askn/Develop/UPDI4AVR-USB/src/sys.cpp:431
    ADC0_COMMAND = ADC_MODE_BURST_gc;
    330c:	80 e3       	ldi	r24, 0x30	; 48
    330e:	80 93 0a 06 	sts	0x060A, r24	; 0x80060a <__TEXT_REGION_LENGTH__+0x7f060a>
/Users/askn/Develop/UPDI4AVR-USB/src/sys.cpp:432
    get_vdd();
    3312:	0e 94 5c 05 	call	0xab8	; 0xab8 <SYS::get_vdd()>
main():
/Users/askn/Develop/UPDI4AVR-USB/src/main.cpp:98
}

int main (void) {

  SYS::setup();
  SYS::LED_Flash();
    3316:	0e 94 a8 05 	call	0xb50	; 0xb50 <SYS::LED_Flash()>
/Users/askn/Develop/UPDI4AVR-USB/src/main.cpp:111
  D1PRINTF("__AVR_ARCH__=%d\r\n", __AVR_ARCH__);
  D1PRINTF("HAL_PROFILE=" HAL_PROFILE "\r\n");
  DFLUSH();
#endif

  USART::setup();
    331a:	0e 94 58 0b 	call	0x16b0	; 0x16b0 <USART::setup()>
/Users/askn/Develop/UPDI4AVR-USB/src/main.cpp:113

  _PROTECTED_WRITE(WDT_CTRLA, WDT_PERIOD_1KCLK_gc);
    331e:	88 ed       	ldi	r24, 0xD8	; 216
    3320:	98 e0       	ldi	r25, 0x08	; 8
    3322:	84 bf       	out	0x34, r24	; 52
    3324:	90 93 00 01 	sts	0x0100, r25	; 0x800100 <__TEXT_REGION_LENGTH__+0x7f0100>
/Users/askn/Develop/UPDI4AVR-USB/src/main.cpp:117

#if defined(PIN_SYS_SW0)
  /* Clear the dirty flag before enabling interrupts. */
  vportRegister(PIN_SYS_SW0).INTFLAGS = ~0;
    3328:	8f ef       	ldi	r24, 0xFF	; 255
    332a:	87 bb       	out	0x17, r24	; 23
/Users/askn/Develop/UPDI4AVR-USB/src/main.cpp:118
  CCL_INTFLAGS = ~0;
    332c:	80 93 c7 01 	sts	0x01C7, r24	; 0x8001c7 <__TEXT_REGION_LENGTH__+0x7f01c7>
/Users/askn/Develop/UPDI4AVR-USB/src/main.cpp:121
#endif

  interrupts();
    3330:	78 94       	sei
/Users/askn/Develop/UPDI4AVR-USB/src/main.cpp:125

#if !defined(PIN_SYS_VDETECT)
  /* If you do not use VBD, insert the shortest possible delay instead. */
  Timeout::delay_rtc_millis(250);
    3332:	8a ef       	ldi	r24, 0xFA	; 250
    3334:	90 e0       	ldi	r25, 0x00	; 0
    3336:	99 db       	rcall	.-2254   	; 0x2a6a <Timeout::delay_rtc_millis(unsigned int)>
setup_device():
/Users/askn/Develop/UPDI4AVR-USB/src/usb.cpp:237
    EP_MEM.cci_header.wLength       = 2;
    EP_MEM.cci_wValue               = _state;
  }

  void setup_device (bool _force) {
    if (_led_mode != 3) SYS::LED_Flash();
    3338:	80 91 50 63 	lds	r24, 0x6350	; 0x806350 <_led_mode>
    333c:	83 30       	cpi	r24, 0x03	; 3
    333e:	11 f0       	breq	.+4      	; 0x3344 <main+0x162>
    3340:	0e 94 a8 05 	call	0xb50	; 0xb50 <SYS::LED_Flash()>
/Users/askn/Develop/UPDI4AVR-USB/src/usb.cpp:238
    USB0_ADDR = 0;
    3344:	10 92 03 0c 	sts	0x0C03, r1	; 0x800c03 <__TEXT_REGION_LENGTH__+0x7f0c03>
/Users/askn/Develop/UPDI4AVR-USB/src/usb.cpp:239
    if (USB0_CTRLA || _force) {
    3348:	80 91 00 0c 	lds	r24, 0x0C00	; 0x800c00 <__TEXT_REGION_LENGTH__+0x7f0c00>
    334c:	0e 94 ff 0a 	call	0x15fe	; 0x15fe <USB::setup_device(bool) [clone .part.2]>
main():
/Users/askn/Develop/UPDI4AVR-USB/src/main.cpp:131
  USB::setup_device(true);
#endif

  /* From here on, it's an endless loop. */
  D1PRINTF("<WAITING>\r\n");
  bool _wdt = true;
    3350:	ff 24       	eor	r15, r15
    3352:	f3 94       	inc	r15
request_class():
/Users/askn/Develop/UPDI4AVR-USB/src/usb.cpp:616
        EP_MEM.res_encoding.dwDTERate = 9600UL;
        EP_MEM.res_encoding.bDataBits = 8;
      }
      D1PRINTF(" GLE=");
      D1PRINTHEX(&EP_MEM.res_encoding, sizeof(LineEncoding_t), ':');
      EP_RES.CNT = sizeof(LineEncoding_t);
    3354:	b7 e0       	ldi	r27, 0x07	; 7
    3356:	4b 2e       	mov	r4, r27
    3358:	51 2c       	mov	r5, r1
/Users/askn/Develop/UPDI4AVR-USB/src/usb.cpp:611
    else if (bRequest == 0x21) {  /* GET_LINE_ENCODING */
      memcpy(&EP_MEM.res_encoding, &_set_line_encoding, sizeof(LineEncoding_t));
      if (EP_MEM.res_encoding.dwDTERate == 0) {
        /* Parameters that, if incorrectly accepted,           */
        /* would result in division by zero must be corrected. */
        EP_MEM.res_encoding.dwDTERate = 9600UL;
    335a:	10 e8       	ldi	r17, 0x80	; 128
    335c:	81 2e       	mov	r8, r17
    335e:	15 e2       	ldi	r17, 0x25	; 37
    3360:	91 2e       	mov	r9, r17
    3362:	a1 2c       	mov	r10, r1
    3364:	b1 2c       	mov	r11, r1
request_standard():
/Users/askn/Develop/UPDI4AVR-USB/src/usb.cpp:566
    }
    else if (bRequest == 0x0A) {  /* GET_INTREFACE */
      /* It seems not to be used. */
      D1PRINTF("<SI:0>\r\n");
      EP_MEM.res_data[0] = 0;
      EP_RES.CNT = 1;
    3366:	cc 24       	eor	r12, r12
    3368:	c3 94       	inc	r12
    336a:	d1 2c       	mov	r13, r1
    336c:	3e 01       	movw	r6, r28
    336e:	25 e0       	ldi	r18, 0x05	; 5
    3370:	62 0e       	add	r6, r18
    3372:	71 1c       	adc	r7, r1
main():
/Users/askn/Develop/UPDI4AVR-USB/src/main.cpp:133
  while (true) {
    if (_wdt) wdt_reset();
    3374:	ff 20       	and	r15, r15
    3376:	19 f0       	breq	.+6      	; 0x337e <main+0x19c>
    3378:	a8 95       	wdr
    337a:	ff 24       	eor	r15, r15
    337c:	f3 94       	inc	r15
handling_bus_events():
/Users/askn/Develop/UPDI4AVR-USB/src/usb.cpp:674

  /*** This process is equivalent to a bus interrupt. ***/
  /* The reason for using polling is to prioritize VCP performance. */
  /* The trade-off is that power standby is not available. */
  void handling_bus_events (void) {
    uint8_t busstate = USB0_INTFLAGSA;
    337e:	10 91 0a 0c 	lds	r17, 0x0C0A	; 0x800c0a <__TEXT_REGION_LENGTH__+0x7f0c0a>
/Users/askn/Develop/UPDI4AVR-USB/src/usb.cpp:675
    USB0_INTFLAGSA = busstate;
    3382:	10 93 0a 0c 	sts	0x0C0A, r17	; 0x800c0a <__TEXT_REGION_LENGTH__+0x7f0c0a>
/Users/askn/Develop/UPDI4AVR-USB/src/usb.cpp:701
    }
    if (bit_is_set(busstate, USB_RESUME_bp)) {
      D1PRINTF("<RESUME:%04X>\r\n", USB0_ADDR);
    }
  #endif
    if (bit_is_set(busstate, USB_SOF_bp)) {
    3386:	17 ff       	sbrs	r17, 7
    3388:	14 c0       	rjmp	.+40     	; 0x33b2 <main+0x1d0>
/Users/askn/Develop/UPDI4AVR-USB/src/usb.cpp:703
      /* If there is deferred data for a block transfer, it is sent here. */
      if (_sof_count > 0 && 0 == (--_sof_count)) {
    338a:	80 91 6d 64 	lds	r24, 0x646D	; 0x80646d <_sof_count>
    338e:	88 23       	and	r24, r24
    3390:	81 f0       	breq	.+32     	; 0x33b2 <main+0x1d0>
    3392:	80 91 6d 64 	lds	r24, 0x646D	; 0x80646d <_sof_count>
    3396:	81 50       	subi	r24, 0x01	; 1
    3398:	80 93 6d 64 	sts	0x646D, r24	; 0x80646d <_sof_count>
    339c:	81 11       	cpse	r24, r1
    339e:	09 c0       	rjmp	.+18     	; 0x33b2 <main+0x1d0>
/Users/askn/Develop/UPDI4AVR-USB/src/usb.cpp:704
        if (bit_is_set(EP_CDI.STATUS, USB_BUSNAK_bp) && _send_count > 0) {
    33a0:	80 91 b4 64 	lds	r24, 0x64B4	; 0x8064b4 <EP_TABLE+0x40>
    33a4:	81 ff       	sbrs	r24, 1
    33a6:	05 c0       	rjmp	.+10     	; 0x33b2 <main+0x1d0>
    33a8:	80 91 70 64 	lds	r24, 0x6470	; 0x806470 <_send_count>
    33ac:	81 11       	cpse	r24, r1
/Users/askn/Develop/UPDI4AVR-USB/src/usb.cpp:705
          ep_cdi_listen();
    33ae:	0e 94 bf 01 	call	0x37e	; 0x37e <USB::ep_cdi_listen()>
/Users/askn/Develop/UPDI4AVR-USB/src/usb.cpp:710
        }
      }
    }
    if (bit_is_set(busstate, USB_SUSPEND_bp)
     || bit_is_set(busstate, USB_RESUME_bp)) {
    33b2:	81 2f       	mov	r24, r17
    33b4:	80 76       	andi	r24, 0x60	; 96
    33b6:	d9 f0       	breq	.+54     	; 0x33ee <main+0x20c>
/Users/askn/Develop/UPDI4AVR-USB/src/usb.cpp:713
      /* This implementation does not transition to power saving mode. */
      /* This is only passed when the USB cable is unplugged. */
      if (bit_is_set(GPCONF, GPCONF_USB_bp)) {
    33b8:	f0 9b       	sbis	0x1e, 0	; 30
    33ba:	18 c0       	rjmp	.+48     	; 0x33ec <main+0x20a>
usb_detach():
/Users/askn/Develop/UPDI4AVR-USB/src/usb.cpp:259
      USB0_CTRLA = USB_ENABLE_bm | (USB_ENDPOINTS_MAX - 1);
    }
  }

  void usb_detach (void) {
    bit_clear(USB0_CTRLB, USB_ATTACH_bp);
    33bc:	80 91 01 0c 	lds	r24, 0x0C01	; 0x800c01 <__TEXT_REGION_LENGTH__+0x7f0c01>
    33c0:	8e 7f       	andi	r24, 0xFE	; 254
    33c2:	80 93 01 0c 	sts	0x0C01, r24	; 0x800c01 <__TEXT_REGION_LENGTH__+0x7f0c01>
/Users/askn/Develop/UPDI4AVR-USB/src/usb.cpp:260
    bit_clear(GPCONF, GPCONF_USB_bp);
    33c6:	f0 98       	cbi	0x1e, 0	; 30
/Users/askn/Develop/UPDI4AVR-USB/src/usb.cpp:261
    wdt_reset();
    33c8:	a8 95       	wdr
delay_millis():
/Users/askn/Library/Arduino15/packages/MultiX-Zinnia/hardware/modernAVR/0.4.10/cores/modernAVR/api/delay_busywait.h:42
    33ca:	4f e1       	ldi	r20, 0x1F	; 31
    33cc:	81 ea       	ldi	r24, 0xA1	; 161
    33ce:	97 e0       	ldi	r25, 0x07	; 7
    33d0:	41 50       	subi	r20, 0x01	; 1
    33d2:	80 40       	sbci	r24, 0x00	; 0
    33d4:	90 40       	sbci	r25, 0x00	; 0
    33d6:	e1 f7       	brne	.-8      	; 0x33d0 <main+0x1ee>
    33d8:	00 c0       	rjmp	.+0      	; 0x33da <main+0x1f8>
    33da:	00 00       	nop
usb_detach():
/Users/askn/Develop/UPDI4AVR-USB/src/usb.cpp:263
    SYS::delay_125ms();
    USB0_CTRLA = 0;
    33dc:	10 92 00 0c 	sts	0x0C00, r1	; 0x800c00 <__TEXT_REGION_LENGTH__+0x7f0c00>
reboot():
/Users/askn/Develop/UPDI4AVR-USB/src/sys.cpp:395
   * Always run it after the USB has stopped.
   */
  void reboot (void) {
    D1PRINTF("<REBOOT>\r\n");
    DFLUSH();
    _PROTECTED_WRITE(WDT_CTRLA, WDT_PERIOD_8CLK_gc);
    33e0:	88 ed       	ldi	r24, 0xD8	; 216
    33e2:	91 e0       	ldi	r25, 0x01	; 1
    33e4:	84 bf       	out	0x34, r24	; 52
    33e6:	90 93 00 01 	sts	0x0100, r25	; 0x800100 <__TEXT_REGION_LENGTH__+0x7f0100>
    33ea:	ff cf       	rjmp	.-2      	; 0x33ea <main+0x208>
handling_bus_events():
/Users/askn/Develop/UPDI4AVR-USB/src/usb.cpp:718
      if (bit_is_set(GPCONF, GPCONF_USB_bp)) {
        /* System reboot */
        usb_detach();
        SYS::reboot();
      }
      bit_set(busstate, USB_RESET_bp);
    33ec:	10 61       	ori	r17, 0x10	; 16
/Users/askn/Develop/UPDI4AVR-USB/src/usb.cpp:720
    }
    if (bit_is_set(busstate, USB_RESET_bp)) {
    33ee:	14 ff       	sbrs	r17, 4
    33f0:	0d c0       	rjmp	.+26     	; 0x340c <main+0x22a>
setup_device():
/Users/askn/Develop/UPDI4AVR-USB/src/usb.cpp:237
    EP_MEM.cci_header.wLength       = 2;
    EP_MEM.cci_wValue               = _state;
  }

  void setup_device (bool _force) {
    if (_led_mode != 3) SYS::LED_Flash();
    33f2:	80 91 50 63 	lds	r24, 0x6350	; 0x806350 <_led_mode>
    33f6:	83 30       	cpi	r24, 0x03	; 3
    33f8:	11 f0       	breq	.+4      	; 0x33fe <main+0x21c>
    33fa:	0e 94 a8 05 	call	0xb50	; 0xb50 <SYS::LED_Flash()>
/Users/askn/Develop/UPDI4AVR-USB/src/usb.cpp:238
    USB0_ADDR = 0;
    33fe:	10 92 03 0c 	sts	0x0C03, r1	; 0x800c03 <__TEXT_REGION_LENGTH__+0x7f0c03>
/Users/askn/Develop/UPDI4AVR-USB/src/usb.cpp:239
    if (USB0_CTRLA || _force) {
    3402:	80 91 00 0c 	lds	r24, 0x0C00	; 0x800c00 <__TEXT_REGION_LENGTH__+0x7f0c00>
    3406:	81 11       	cpse	r24, r1
    3408:	0e 94 ff 0a 	call	0x15fe	; 0x15fe <USB::setup_device(bool) [clone .part.2]>
is_ep_setup():
/Users/askn/Develop/UPDI4AVR-USB/src/usb.cpp:268
    USB0_CTRLA = 0;
  }

  // MARK: Endpoint

  bool is_ep_setup (void) { return bit_is_set(EP_REQ.STATUS, USB_EPSETUP_bp); }
    340c:	80 91 7c 64 	lds	r24, 0x647C	; 0x80647c <EP_TABLE+0x8>
main():
/Users/askn/Develop/UPDI4AVR-USB/src/main.cpp:137

    /*** USB control handling ***/
    USB::handling_bus_events();
    if (USB::is_ep_setup()) USB::handling_control_transactions();
    3410:	84 ff       	sbrs	r24, 4
    3412:	a8 c0       	rjmp	.+336    	; 0x3564 <main+0x382>
handling_control_transactions():
/Users/askn/Develop/UPDI4AVR-USB/src/usb.cpp:644
  /*** Accept the EP0 setup packet. ***/
  /* This process is equivalent to a endpoint interrupt. */
  /* The reason for using polling is to prioritize VCP performance. */
  void handling_control_transactions (void) {
    bool _listen = false;
    uint8_t bmRequestType = EP_MEM.req_data.bmRequestType;
    3414:	10 91 54 63 	lds	r17, 0x6354	; 0x806354 <EP_MEM>
/Users/askn/Develop/UPDI4AVR-USB/src/usb.cpp:645
    EVSYS_SWEVENTA = EVSYS_SWEVENTA_CH2_gc;
    3418:	84 e0       	ldi	r24, 0x04	; 4
    341a:	80 93 00 02 	sts	0x0200, r24	; 0x800200 <__TEXT_REGION_LENGTH__+0x7f0200>
/Users/askn/Develop/UPDI4AVR-USB/src/usb.cpp:650
    D1PRINTF("RQ=%02X:%04X:%02X:%02X:%04X:%04X:%04X\r\n",
      EP_REQ.STATUS, EP_REQ.CNT, EP_MEM.req_data.bmRequestType, EP_MEM.req_data.bRequest,
      EP_MEM.req_data.wValue, EP_MEM.req_data.wIndex, EP_MEM.req_data.wLength);
    /* Accepts subsequent EP0_DATA packets as needed. */
    if (bit_is_clear(bmRequestType, 7)) ep_req_listen();
    341e:	17 ff       	sbrs	r17, 7
    3420:	0e 94 20 02 	call	0x440	; 0x440 <USB::ep_req_listen()>
/Users/askn/Develop/UPDI4AVR-USB/src/usb.cpp:651
    bmRequestType &= (3 << 5);
    3424:	10 76       	andi	r17, 0x60	; 96
/Users/askn/Develop/UPDI4AVR-USB/src/usb.cpp:652
    if (bmRequestType == (0 << 5)) {
    3426:	09 f0       	breq	.+2      	; 0x342a <main+0x248>
    3428:	c9 c1       	rjmp	.+914    	; 0x37bc <main+0x5da>
request_standard():
/Users/askn/Develop/UPDI4AVR-USB/src/usb.cpp:513
  // MARK: USB Session

  /*** USB Standard Request Enumeration. ***/
  bool request_standard (void) {
    bool _listen = true;
    uint8_t bRequest = EP_MEM.req_data.bRequest;
    342a:	80 91 55 63 	lds	r24, 0x6355	; 0x806355 <EP_MEM+0x1>
/Users/askn/Develop/UPDI4AVR-USB/src/usb.cpp:514
    if (bRequest == 0x00) {       /* GET_STATUS */
    342e:	81 11       	cpse	r24, r1
    3430:	0f c0       	rjmp	.+30     	; 0x3450 <main+0x26e>
/Users/askn/Develop/UPDI4AVR-USB/src/usb.cpp:515
      EP_MEM.res_data[0] = 0;
    3432:	10 92 5c 63 	sts	0x635C, r1	; 0x80635c <EP_MEM+0x8>
/Users/askn/Develop/UPDI4AVR-USB/src/usb.cpp:516
      EP_MEM.res_data[1] = 0;
    3436:	10 92 5d 63 	sts	0x635D, r1	; 0x80635d <EP_MEM+0x9>
/Users/askn/Develop/UPDI4AVR-USB/src/usb.cpp:517
      EP_RES.CNT = 2;
    343a:	82 e0       	ldi	r24, 0x02	; 2
    343c:	90 e0       	ldi	r25, 0x00	; 0
    343e:	80 93 86 64 	sts	0x6486, r24	; 0x806486 <EP_TABLE+0x12>
    3442:	90 93 87 64 	sts	0x6487, r25	; 0x806487 <EP_TABLE+0x13>
handling_control_transactions():
/Users/askn/Develop/UPDI4AVR-USB/src/usb.cpp:664
    else if (bmRequestType == (2 << 5)) {
      _listen = request_vendor();
    }
  #endif
    if (_listen) {
      ep_res_listen();
    3446:	0e 94 14 02 	call	0x428	; 0x428 <USB::ep_res_listen()>
/Users/askn/Develop/UPDI4AVR-USB/src/usb.cpp:665
      ep_req_listen();
    344a:	0e 94 20 02 	call	0x440	; 0x440 <USB::ep_req_listen()>
    344e:	85 c0       	rjmp	.+266    	; 0x355a <main+0x378>
request_standard():
/Users/askn/Develop/UPDI4AVR-USB/src/usb.cpp:519
    if (bRequest == 0x00) {       /* GET_STATUS */
      EP_MEM.res_data[0] = 0;
      EP_MEM.res_data[1] = 0;
      EP_RES.CNT = 2;
    }
    else if (bRequest == 0x01) {  /* CLEAR_FEATURE */
    3450:	81 30       	cpi	r24, 0x01	; 1
    3452:	c9 f4       	brne	.+50     	; 0x3486 <main+0x2a4>
/Users/askn/Develop/UPDI4AVR-USB/src/usb.cpp:521
      D1PRINTF(" CF=%02X:%02X\r\n", EP_MEM.req_data.wValue, EP_MEM.req_data.wIndex);
      if (0 == (uint8_t)EP_MEM.req_data.wValue) {
    3454:	80 91 56 63 	lds	r24, 0x6356	; 0x806356 <EP_MEM+0x2>
    3458:	81 11       	cpse	r24, r1
    345a:	10 c0       	rjmp	.+32     	; 0x347c <main+0x29a>
/Users/askn/Develop/UPDI4AVR-USB/src/usb.cpp:524
        /* Expects an endpoint number to be passed in. Swaps the high and low */
        /* nibbles to make it a representation of the USB controller. */
        uint8_t _EP = USB_EP_ID_SWAP(EP_MEM.req_data.wIndex);
    345c:	e0 91 58 63 	lds	r30, 0x6358	; 0x806358 <EP_MEM+0x4>
    3460:	e2 95       	swap	r30
/Users/askn/Develop/UPDI4AVR-USB/src/usb.cpp:525
        loop_until_bit_is_clear(USB0_INTFLAGSB, USB_RMWBUSY_bp);
    3462:	80 91 0b 0c 	lds	r24, 0x0C0B	; 0x800c0b <__TEXT_REGION_LENGTH__+0x7f0c0b>
    3466:	82 fd       	sbrc	r24, 2
    3468:	fc cf       	rjmp	.-8      	; 0x3462 <main+0x280>
/Users/askn/Develop/UPDI4AVR-USB/src/usb.cpp:526
        USB_EP_STATUS_CLR(_EP) = USB_STALLED_bm | USB_BUSNAK_bm | USB_TOGGLE_bm;
    346a:	f0 e0       	ldi	r31, 0x00	; 0
    346c:	f5 95       	asr	r31
    346e:	e7 95       	ror	r30
    3470:	f5 95       	asr	r31
    3472:	e7 95       	ror	r30
    3474:	e0 5c       	subi	r30, 0xC0	; 192
    3476:	f3 4f       	sbci	r31, 0xF3	; 243
    3478:	8b e0       	ldi	r24, 0x0B	; 11
    347a:	80 83       	st	Z, r24
request_class():
/Users/askn/Develop/UPDI4AVR-USB/src/usb.cpp:631
      /* Nothing else is used unless programmed by the application. */
      D1PRINTF(" SB=%04X\r\n", EP_MEM.req_data.wValue);
      _send_break = EP_MEM.req_data.wValue;
      if (_send_break) break_on();
      else break_off();
      EP_RES.CNT = 0;
    347c:	10 92 86 64 	sts	0x6486, r1	; 0x806486 <EP_TABLE+0x12>
    3480:	10 92 87 64 	sts	0x6487, r1	; 0x806487 <EP_TABLE+0x13>
    3484:	e0 cf       	rjmp	.-64     	; 0x3446 <main+0x264>
request_standard():
/Users/askn/Develop/UPDI4AVR-USB/src/usb.cpp:530
        loop_until_bit_is_clear(USB0_INTFLAGSB, USB_RMWBUSY_bp);
        USB_EP_STATUS_CLR(_EP) = USB_STALLED_bm | USB_BUSNAK_bm | USB_TOGGLE_bm;
      }
      EP_RES.CNT = 0;
    }
    else if (bRequest == 0x04) {  /* SET_FEATURE */
    3486:	84 30       	cpi	r24, 0x04	; 4
    3488:	c9 f3       	breq	.-14     	; 0x347c <main+0x29a>
/Users/askn/Develop/UPDI4AVR-USB/src/usb.cpp:535
      /* If used, it will be ignored. */
      D1PRINTF(" SF=%02X:%02X\r\n", EP_MEM.req_data.wValue, EP_MEM.req_data.wIndex);
      EP_RES.CNT = 0;
    }
    else if (bRequest == 0x05) {  /* SET_ADDRESS */
    348a:	85 30       	cpi	r24, 0x05	; 5
    348c:	61 f4       	brne	.+24     	; 0x34a6 <main+0x2c4>
/Users/askn/Develop/UPDI4AVR-USB/src/usb.cpp:536
      uint8_t _addr = EP_MEM.req_data.wValue & 0x7F;
    348e:	10 91 56 63 	lds	r17, 0x6356	; 0x806356 <EP_MEM+0x2>
    3492:	1f 77       	andi	r17, 0x7F	; 127
/Users/askn/Develop/UPDI4AVR-USB/src/usb.cpp:537
      ep_res_listen();
    3494:	0e 94 14 02 	call	0x428	; 0x428 <USB::ep_res_listen()>
ep_res_pending():
/Users/askn/Develop/UPDI4AVR-USB/src/usb.cpp:271
  // MARK: Endpoint

  bool is_ep_setup (void) { return bit_is_set(EP_REQ.STATUS, USB_EPSETUP_bp); }
  bool is_not_dap (void) { return bit_is_clear(EP_DPO.STATUS, USB_BUSNAK_bp); }
  void ep_req_pending (void) { loop_until_bit_is_set(EP_REQ.STATUS, USB_BUSNAK_bp); }
  void ep_res_pending (void) { loop_until_bit_is_set(EP_RES.STATUS, USB_BUSNAK_bp); }
    3498:	80 91 84 64 	lds	r24, 0x6484	; 0x806484 <EP_TABLE+0x10>
    349c:	81 ff       	sbrs	r24, 1
    349e:	fc cf       	rjmp	.-8      	; 0x3498 <main+0x2b6>
request_standard():
/Users/askn/Develop/UPDI4AVR-USB/src/usb.cpp:539
    }
    else if (bRequest == 0x05) {  /* SET_ADDRESS */
      uint8_t _addr = EP_MEM.req_data.wValue & 0x7F;
      ep_res_listen();
      ep_res_pending();
      USB0_ADDR = _addr;
    34a0:	10 93 03 0c 	sts	0x0C03, r17	; 0x800c03 <__TEXT_REGION_LENGTH__+0x7f0c03>
    34a4:	eb cf       	rjmp	.-42     	; 0x347c <main+0x29a>
/Users/askn/Develop/UPDI4AVR-USB/src/usb.cpp:543
      D1PRINTF(" USB0_ADDR=%d\r\n", _addr);
      EP_RES.CNT = 0;
    }
    else if (bRequest == 0x06) {  /* GET_DESCRIPTOR */
    34a6:	86 30       	cpi	r24, 0x06	; 6
    34a8:	09 f0       	breq	.+2      	; 0x34ac <main+0x2ca>
    34aa:	6a c1       	rjmp	.+724    	; 0x3780 <main+0x59e>
/Users/askn/Develop/UPDI4AVR-USB/src/usb.cpp:544
      size_t _length = EP_MEM.req_data.wLength;
    34ac:	30 90 5a 63 	lds	r3, 0x635A	; 0x80635a <EP_MEM+0x6>
    34b0:	e0 90 5b 63 	lds	r14, 0x635B	; 0x80635b <EP_MEM+0x7>
/Users/askn/Develop/UPDI4AVR-USB/src/usb.cpp:545
      size_t _size = get_descriptor((uint8_t*)&EP_MEM.res_data, EP_MEM.req_data.wValue);
    34b4:	80 91 56 63 	lds	r24, 0x6356	; 0x806356 <EP_MEM+0x2>
    34b8:	90 91 57 63 	lds	r25, 0x6357	; 0x806357 <EP_MEM+0x3>
get_descriptor():
/Users/askn/Develop/UPDI4AVR-USB/src/usb.cpp:156

  size_t get_descriptor (uint8_t* _buffer, uint16_t _index) {
    uint8_t* _pgmem = 0;
    size_t   _size = 0;
    uint8_t  _type = _index >> 8;
    if (_type == 0x01) {          /* DEVICE */
    34bc:	91 30       	cpi	r25, 0x01	; 1
    34be:	01 f5       	brne	.+64     	; 0x3500 <main+0x31e>
/Users/askn/Develop/UPDI4AVR-USB/src/usb.cpp:159
      _pgmem = (uint8_t*)&device_descriptor;
      _size = sizeof(device_descriptor);
      memcpy_P(_buffer, _pgmem, _size);
    34c0:	42 e1       	ldi	r20, 0x12	; 18
    34c2:	50 e0       	ldi	r21, 0x00	; 0
    34c4:	69 ed       	ldi	r22, 0xD9	; 217
    34c6:	71 e0       	ldi	r23, 0x01	; 1
    34c8:	8c e5       	ldi	r24, 0x5C	; 92
    34ca:	93 e6       	ldi	r25, 0x63	; 99
    34cc:	7b d6       	rcall	.+3318   	; 0x41c4 <memcpy_P>
/Users/askn/Develop/UPDI4AVR-USB/src/usb.cpp:160
      uint32_t _vidpid = *((uint32_t*)EEPROM_START);
    34ce:	80 91 00 14 	lds	r24, 0x1400	; 0x801400 <__TEXT_REGION_LENGTH__+0x7f1400>
    34d2:	90 91 01 14 	lds	r25, 0x1401	; 0x801401 <__TEXT_REGION_LENGTH__+0x7f1401>
    34d6:	a0 91 02 14 	lds	r26, 0x1402	; 0x801402 <__TEXT_REGION_LENGTH__+0x7f1402>
    34da:	b0 91 03 14 	lds	r27, 0x1403	; 0x801403 <__TEXT_REGION_LENGTH__+0x7f1403>
/Users/askn/Develop/UPDI4AVR-USB/src/usb.cpp:161
      if (_vidpid + 1) _CAPS32(_buffer[8])->dword = _vidpid;
    34de:	8f 3f       	cpi	r24, 0xFF	; 255
    34e0:	ef ef       	ldi	r30, 0xFF	; 255
    34e2:	9e 07       	cpc	r25, r30
    34e4:	ae 07       	cpc	r26, r30
    34e6:	be 07       	cpc	r27, r30
    34e8:	41 f0       	breq	.+16     	; 0x34fa <main+0x318>
    34ea:	80 93 64 63 	sts	0x6364, r24	; 0x806364 <EP_MEM+0x10>
    34ee:	90 93 65 63 	sts	0x6365, r25	; 0x806365 <EP_MEM+0x11>
    34f2:	a0 93 66 63 	sts	0x6366, r26	; 0x806366 <EP_MEM+0x12>
    34f6:	b0 93 67 63 	sts	0x6367, r27	; 0x806367 <EP_MEM+0x13>
main():
/Users/askn/Develop/UPDI4AVR-USB/src/usb.cpp:163
      D1PRINTF(" VID:PID=%04X:%04X\r\n", _CAPS16(_buffer[8])->word, _CAPS16(_buffer[10])->word);
      return _size;
    34fa:	02 e1       	ldi	r16, 0x12	; 18
    34fc:	10 e0       	ldi	r17, 0x00	; 0
    34fe:	1e c0       	rjmp	.+60     	; 0x353c <main+0x35a>
get_descriptor():
/Users/askn/Develop/UPDI4AVR-USB/src/usb.cpp:165
    }
    else if (_type == 0x02) {     /* CONFIGURATION */
    3500:	92 30       	cpi	r25, 0x02	; 2
    3502:	09 f4       	brne	.+2      	; 0x3506 <main+0x324>
    3504:	25 c1       	rjmp	.+586    	; 0x3750 <main+0x56e>
/Users/askn/Develop/UPDI4AVR-USB/src/usb.cpp:169
      _pgmem = (uint8_t*)&current_descriptor;
      _size = sizeof(current_descriptor);
    }
    else if (_type == 0x06) {     /* QUALIFIER */
    3506:	96 30       	cpi	r25, 0x06	; 6
    3508:	09 f4       	brne	.+2      	; 0x350c <main+0x32a>
    350a:	2b c1       	rjmp	.+598    	; 0x3762 <main+0x580>
/Users/askn/Develop/UPDI4AVR-USB/src/usb.cpp:173
      _pgmem = (uint8_t*)&qualifier_descriptor;
      _size = sizeof(qualifier_descriptor);
    }
    else if (_type == 0x21) {     /* HID */
    350c:	91 32       	cpi	r25, 0x21	; 33
    350e:	09 f4       	brne	.+2      	; 0x3512 <main+0x330>
    3510:	2d c1       	rjmp	.+602    	; 0x376c <main+0x58a>
/Users/askn/Develop/UPDI4AVR-USB/src/usb.cpp:177
      _pgmem = (uint8_t*)&current_descriptor + 18;
      _size = 9;
    }
    else if (_type == 0x22) {     /* REPORT */
    3512:	92 32       	cpi	r25, 0x22	; 34
    3514:	09 f4       	brne	.+2      	; 0x3518 <main+0x336>
    3516:	2f c1       	rjmp	.+606    	; 0x3776 <main+0x594>
/Users/askn/Develop/UPDI4AVR-USB/src/usb.cpp:181
      _pgmem = (uint8_t*)&report_descriptor;
      _size = sizeof(report_descriptor);
    }
    else if (_index == 0x0300) {  /* LANGUAGE */
    3518:	81 15       	cp	r24, r1
    351a:	f3 e0       	ldi	r31, 0x03	; 3
    351c:	9f 07       	cpc	r25, r31
    351e:	09 f0       	breq	.+2      	; 0x3522 <main+0x340>
    3520:	75 c0       	rjmp	.+234    	; 0x360c <main+0x42a>
/Users/askn/Develop/UPDI4AVR-USB/src/usb.cpp:183
      _size = 4;
      *_buffer++ = 4;
    3522:	84 e0       	ldi	r24, 0x04	; 4
    3524:	80 93 5c 63 	sts	0x635C, r24	; 0x80635c <EP_MEM+0x8>
/Users/askn/Develop/UPDI4AVR-USB/src/usb.cpp:184
      *_buffer++ = 3;
    3528:	93 e0       	ldi	r25, 0x03	; 3
    352a:	90 93 5d 63 	sts	0x635D, r25	; 0x80635d <EP_MEM+0x9>
/Users/askn/Develop/UPDI4AVR-USB/src/usb.cpp:185
      *_buffer++ = 0x09;
    352e:	99 e0       	ldi	r25, 0x09	; 9
    3530:	90 93 5e 63 	sts	0x635E, r25	; 0x80635e <EP_MEM+0xa>
/Users/askn/Develop/UPDI4AVR-USB/src/usb.cpp:186
      *_buffer++ = 0x04;
    3534:	80 93 5f 63 	sts	0x635F, r24	; 0x80635f <EP_MEM+0xb>
main():
/Users/askn/Develop/UPDI4AVR-USB/src/usb.cpp:187
      return _size;
    3538:	04 e0       	ldi	r16, 0x04	; 4
    353a:	10 e0       	ldi	r17, 0x00	; 0
    353c:	83 2d       	mov	r24, r3
    353e:	9e 2d       	mov	r25, r14
    3540:	08 17       	cp	r16, r24
    3542:	19 07       	cpc	r17, r25
    3544:	08 f4       	brcc	.+2      	; 0x3548 <main+0x366>
    3546:	c8 01       	movw	r24, r16
/Users/askn/Develop/UPDI4AVR-USB/src/usb.cpp:214
          for (uint8_t _i = 0; _i < 4; _i++) {
            uint8_t _c = *_p++;
            *_buffer++ = btoh(_c >> 4); *_buffer++ = 0;
            *_buffer++ = btoh(_c     ); *_buffer++ = 0;
          }
          return 22;
    3548:	98 01       	movw	r18, r16
    354a:	8c 01       	movw	r16, r24
request_standard():
/Users/askn/Develop/UPDI4AVR-USB/src/usb.cpp:546
      EP_RES.CNT = 0;
    }
    else if (bRequest == 0x06) {  /* GET_DESCRIPTOR */
      size_t _length = EP_MEM.req_data.wLength;
      size_t _size = get_descriptor((uint8_t*)&EP_MEM.res_data, EP_MEM.req_data.wValue);
      EP_RES.CNT = (_size > _length) ? _length : _size;
    354c:	00 93 86 64 	sts	0x6486, r16	; 0x806486 <EP_TABLE+0x12>
    3550:	10 93 87 64 	sts	0x6487, r17	; 0x806487 <EP_TABLE+0x13>
handling_control_transactions():
/Users/askn/Develop/UPDI4AVR-USB/src/usb.cpp:663
  #ifdef _Not_being_used_STUB_
    else if (bmRequestType == (2 << 5)) {
      _listen = request_vendor();
    }
  #endif
    if (_listen) {
    3554:	23 2b       	or	r18, r19
    3556:	09 f0       	breq	.+2      	; 0x355a <main+0x378>
    3558:	76 cf       	rjmp	.-276    	; 0x3446 <main+0x264>
/Users/askn/Develop/UPDI4AVR-USB/src/usb.cpp:667
      ep_res_listen();
      ep_req_listen();
    }
    USB0_INTFLAGSB |= USB_EPSETUP_bp;
    355a:	80 91 0b 0c 	lds	r24, 0x0C0B	; 0x800c0b <__TEXT_REGION_LENGTH__+0x7f0c0b>
    355e:	84 60       	ori	r24, 0x04	; 4
    3560:	80 93 0b 0c 	sts	0x0C0B, r24	; 0x800c0b <__TEXT_REGION_LENGTH__+0x7f0c0b>
main():
/Users/askn/Develop/UPDI4AVR-USB/src/main.cpp:140

    /* If SW0 was used, work here. */
    if ((PGCONF & (PGCONF_PGIA_bm | PGCONF_PROG_bm)) == 0) {
    3564:	8f b3       	in	r24, 0x1f	; 31
    3566:	83 70       	andi	r24, 0x03	; 3
    3568:	b9 f4       	brne	.+46     	; 0x3598 <main+0x3b6>
/Users/askn/Develop/UPDI4AVR-USB/src/main.cpp:141
      if      (bit_is_set(GPCONF, GPCONF_HLD_bp)) SYS::reset_leave();
    356a:	f6 9b       	sbis	0x1e, 6	; 30
    356c:	ad c1       	rjmp	.+858    	; 0x38c8 <main+0x6e6>
reset_leave():
/Users/askn/Develop/UPDI4AVR-USB/src/sys.cpp:364
   * If the VCP is operating, it will return to normal operation,
   * but if the USB is stopped, it will reboot at the end.
   */
  void reset_leave (void) {
    /* bit_is_set(GPCONF, GPCONF_HLD_bp) */
    if (digitalReadMacro(PIN_SYS_SW0)) {
    356e:	b6 9b       	sbis	0x16, 6	; 22
    3570:	13 c0       	rjmp	.+38     	; 0x3598 <main+0x3b6>
/Users/askn/Develop/UPDI4AVR-USB/src/sys.cpp:365
      pinLogicOpen(PIN_PGM_TRST);
    3572:	01 98       	cbi	0x00, 1	; 0
/Users/askn/Develop/UPDI4AVR-USB/src/sys.cpp:366
      send_bitmap(_updi_bitmap_leave, sizeof(_updi_bitmap_leave) * 8);
    3574:	8e e2       	ldi	r24, 0x2E	; 46
    3576:	90 e6       	ldi	r25, 0x60	; 96
    3578:	0e 94 63 01 	call	0x2c6	; 0x2c6 <SYS::send_bitmap(unsigned char const*, unsigned int) [clone .constprop.9]>
/Users/askn/Develop/UPDI4AVR-USB/src/sys.cpp:371
      // pinLogicOpen(PIN_PGM_TCLK);  /* for logic analyzer */

  #ifdef CONFIG_VCP_DTR_RESET
      /* A delay of 64ms or more between when the bootloader starts and when RxD opens. */
      Timeout::delay_rtc_millis(125);
    357c:	8d e7       	ldi	r24, 0x7D	; 125
    357e:	90 e0       	ldi	r25, 0x00	; 0
    3580:	74 da       	rcall	.-2840   	; 0x2a6a <Timeout::delay_rtc_millis(unsigned int)>
/Users/askn/Develop/UPDI4AVR-USB/src/sys.cpp:374
  #endif

      EVSYS_CHANNEL4 = _ch_save;
    3582:	80 91 b3 60 	lds	r24, 0x60B3	; 0x8060b3 <SYS::_ch_save>
    3586:	80 93 14 02 	sts	0x0214, r24	; 0x800214 <__TEXT_REGION_LENGTH__+0x7f0214>
/Users/askn/Develop/UPDI4AVR-USB/src/sys.cpp:375
      if (bit_is_set(GPCONF, GPCONF_USB_bp)) {
    358a:	f0 9b       	sbis	0x1e, 0	; 30
    358c:	9a c1       	rjmp	.+820    	; 0x38c2 <main+0x6e0>
/Users/askn/Develop/UPDI4AVR-USB/src/sys.cpp:376
        LED_HeartBeat();  /* The USB is ready. */
    358e:	0e 94 c3 05 	call	0xb86	; 0xb86 <SYS::LED_HeartBeat()>
/Users/askn/Develop/UPDI4AVR-USB/src/sys.cpp:383
      else {
        LED_Flash();
      }
      D1PRINTF("<RST:OUT>\r\n");

      GPCONF &= ~GPCONF_SW0_gm;
    3592:	8e b3       	in	r24, 0x1e	; 30
    3594:	8f 73       	andi	r24, 0x3F	; 63
    3596:	8e bb       	out	0x1e, r24	; 30
main():
/Users/askn/Develop/UPDI4AVR-USB/src/main.cpp:146
      else if (bit_is_set(GPCONF, GPCONF_FAL_bp)) SYS::reset_enter();
    }

    /* If the USB port is not open, go back to the loop beginning. */
    if (bit_is_clear(GPCONF, GPCONF_USB_bp)) {
    3598:	f0 9b       	sbis	0x1e, 0	; 30
    359a:	ec ce       	rjmp	.-552    	; 0x3374 <main+0x192>
/Users/askn/Develop/UPDI4AVR-USB/src/main.cpp:158
    /* character arrives every 400 clocks on a 20MHz reference. */
    /* So we avoid using interrupts here and use polling to gain speed. */
  #if defined(CONFIG_VCP_9BIT_SUPPORT)
    if (bit_is_set(GPCONF, GPCONF_VCP_bp)) usart_transmitter();
  #else
    if (bit_is_set(GPCONF, GPCONF_VCP_bp)) USB::vcp_transceiver();
    359c:	f1 9b       	sbis	0x1e, 1	; 30
    359e:	e0 c1       	rjmp	.+960    	; 0x3960 <main+0x77e>
vcp_transceiver():
/Users/askn/Develop/UPDI4AVR-USB/src/usb.cpp:487
    if (bit_is_clear(GPCONF, GPCONF_BRK_bp)
  #if defined(CONFIG_VCP_CTS_ENABLE)
     && !digitalReadMacro(PIN_VCP_CTS)
  #endif
     && bit_is_set(USART0_STATUS, USART_DREIF_bp)
     && read_available()) {
    35a0:	f3 99       	sbic	0x1e, 3	; 30
    35a2:	14 c0       	rjmp	.+40     	; 0x35cc <main+0x3ea>
/Users/askn/Develop/UPDI4AVR-USB/src/usb.cpp:486
  void vcp_transceiver (void) {
    if (bit_is_clear(GPCONF, GPCONF_BRK_bp)
  #if defined(CONFIG_VCP_CTS_ENABLE)
     && !digitalReadMacro(PIN_VCP_CTS)
  #endif
     && bit_is_set(USART0_STATUS, USART_DREIF_bp)
    35a4:	80 91 04 08 	lds	r24, 0x0804	; 0x800804 <__TEXT_REGION_LENGTH__+0x7f0804>
    35a8:	85 ff       	sbrs	r24, 5
    35aa:	10 c0       	rjmp	.+32     	; 0x35cc <main+0x3ea>
read_available():
/Users/askn/Develop/UPDI4AVR-USB/src/usb.cpp:443
    return _c;
  }

  bool read_available (void) {
    uint8_t _s = 0;
    if (bit_is_set(EP_CDO.STATUS, USB_BUSNAK_bp) && bit_is_set(GPCONF, GPCONF_VCP_bp)) {
    35ac:	80 91 ac 64 	lds	r24, 0x64AC	; 0x8064ac <EP_TABLE+0x38>
    35b0:	81 ff       	sbrs	r24, 1
    35b2:	0c c0       	rjmp	.+24     	; 0x35cc <main+0x3ea>
    35b4:	f1 9b       	sbis	0x1e, 1	; 30
    35b6:	0a c0       	rjmp	.+20     	; 0x35cc <main+0x3ea>
/Users/askn/Develop/UPDI4AVR-USB/src/usb.cpp:444
      _s = EP_CDO.CNT - _recv_count;
    35b8:	20 91 ae 64 	lds	r18, 0x64AE	; 0x8064ae <EP_TABLE+0x3a>
    35bc:	30 91 af 64 	lds	r19, 0x64AF	; 0x8064af <EP_TABLE+0x3b>
    35c0:	80 91 6f 64 	lds	r24, 0x646F	; 0x80646f <_recv_count>
/Users/askn/Develop/UPDI4AVR-USB/src/usb.cpp:445
      if (_s == 0) ep_cdo_listen();
    35c4:	82 13       	cpse	r24, r18
    35c6:	ad c1       	rjmp	.+858    	; 0x3922 <main+0x740>
    35c8:	0e 94 ae 01 	call	0x35c	; 0x35c <USB::ep_cdo_listen()>
main():
/Users/askn/Develop/UPDI4AVR-USB/src/main.cpp:163
  #endif
    else USB::read_drop();

    /*** If the break value is between 1 and 65534, it will count down. ***/
    if (bit_is_set(GPCONF, GPCONF_BRK_bp)) USB::cci_break_count();
    35cc:	f3 9b       	sbis	0x1e, 3	; 30
    35ce:	12 c0       	rjmp	.+36     	; 0x35f4 <main+0x412>
cci_break_count():
/Users/askn/Develop/UPDI4AVR-USB/src/usb.cpp:382
    bit_clear(GPCONF, GPCONF_BRK_bp);
  }

  void cci_break_count (void) {
    /* If the break value is between 1 and 65534, it will count down. */
    if ((_send_break + 1) > 1) {
    35d0:	80 91 71 64 	lds	r24, 0x6471	; 0x806471 <_send_break>
    35d4:	90 91 72 64 	lds	r25, 0x6472	; 0x806472 <_send_break+0x1>
    35d8:	9c 01       	movw	r18, r24
    35da:	2f 5f       	subi	r18, 0xFF	; 255
    35dc:	3f 4f       	sbci	r19, 0xFF	; 255
    35de:	22 30       	cpi	r18, 0x02	; 2
    35e0:	31 05       	cpc	r19, r1
    35e2:	40 f0       	brcs	.+16     	; 0x35f4 <main+0x412>
/Users/askn/Develop/UPDI4AVR-USB/src/usb.cpp:383
      if (_send_break > USB_CCI_INTERVAL) {
    35e4:	05 97       	sbiw	r24, 0x05	; 5
    35e6:	08 f4       	brcc	.+2      	; 0x35ea <main+0x408>
    35e8:	c0 c1       	rjmp	.+896    	; 0x396a <main+0x788>
/Users/askn/Develop/UPDI4AVR-USB/src/usb.cpp:384
        if (bit_is_set(EP_CCI.STATUS, USB_BUSNAK_bp)) ep_cci_listen();
    35ea:	80 91 a4 64 	lds	r24, 0x64A4	; 0x8064a4 <EP_TABLE+0x30>
    35ee:	81 fd       	sbrc	r24, 1
    35f0:	0e 94 f3 01 	call	0x3e6	; 0x3e6 <USB::ep_cci_listen()>
is_not_dap():
/Users/askn/Develop/UPDI4AVR-USB/src/usb.cpp:269
  }

  // MARK: Endpoint

  bool is_ep_setup (void) { return bit_is_set(EP_REQ.STATUS, USB_EPSETUP_bp); }
  bool is_not_dap (void) { return bit_is_clear(EP_DPO.STATUS, USB_BUSNAK_bp); }
    35f4:	80 91 9c 64 	lds	r24, 0x649C	; 0x80649c <EP_TABLE+0x28>
main():
/Users/askn/Develop/UPDI4AVR-USB/src/main.cpp:166

    /*** If CMSIS-DAP is not received, return to the top. ***/
    if (USB::is_not_dap()) {
    35f8:	81 fd       	sbrc	r24, 1
    35fa:	be c1       	rjmp	.+892    	; 0x3978 <main+0x796>
/Users/askn/Develop/UPDI4AVR-USB/src/main.cpp:168
      /* To force exit from a non-responsive terminal mode, press SW0. */
      if (bit_is_set(PGCONF, PGCONF_PROG_bp)) {
    35fc:	f9 9b       	sbis	0x1f, 1	; 31
    35fe:	ba ce       	rjmp	.-652    	; 0x3374 <main+0x192>
/Users/askn/Develop/UPDI4AVR-USB/src/main.cpp:169
        if (bit_is_set(GPCONF, GPCONF_FAL_bp)) _wdt = false;
    3600:	f7 99       	sbic	0x1e, 7	; 30
    3602:	f1 2c       	mov	r15, r1
/Users/askn/Develop/UPDI4AVR-USB/src/main.cpp:170
        GPCONF &= ~GPCONF_SW0_gm;
    3604:	8e b3       	in	r24, 0x1e	; 30
    3606:	8f 73       	andi	r24, 0x3F	; 63
    3608:	8e bb       	out	0x1e, r24	; 30
    360a:	b4 ce       	rjmp	.-664    	; 0x3374 <main+0x192>
get_descriptor():
/Users/askn/Develop/UPDI4AVR-USB/src/usb.cpp:190
      *_buffer++ = 0x09;
      *_buffer++ = 0x04;
      return _size;
    }
    else {
      switch (_index) {
    360c:	82 30       	cpi	r24, 0x02	; 2
    360e:	23 e0       	ldi	r18, 0x03	; 3
    3610:	92 07       	cpc	r25, r18
    3612:	41 f1       	breq	.+80     	; 0x3664 <main+0x482>
    3614:	60 f4       	brcc	.+24     	; 0x362e <main+0x44c>
main():
/Users/askn/Develop/UPDI4AVR-USB/src/usb.cpp:191
        case 0x0301: _pgmem = (uint8_t*)&vstring; _size = sizeof(vstring); break;
    3616:	04 e3       	ldi	r16, 0x34	; 52
    3618:	10 e0       	ldi	r17, 0x00	; 0
    361a:	6d e0       	ldi	r22, 0x0D	; 13
    361c:	71 e0       	ldi	r23, 0x01	; 1
get_descriptor():
/Users/askn/Develop/UPDI4AVR-USB/src/usb.cpp:190
      *_buffer++ = 0x09;
      *_buffer++ = 0x04;
      return _size;
    }
    else {
      switch (_index) {
    361e:	81 30       	cpi	r24, 0x01	; 1
    3620:	93 40       	sbci	r25, 0x03	; 3
    3622:	79 f0       	breq	.+30     	; 0x3642 <main+0x460>
main():
/Users/askn/Develop/UPDI4AVR-USB/src/usb.cpp:154
    { /* FRAMENUM */ }
  };

  size_t get_descriptor (uint8_t* _buffer, uint16_t _index) {
    uint8_t* _pgmem = 0;
    size_t   _size = 0;
    3624:	10 e0       	ldi	r17, 0x00	; 0
    3626:	00 e0       	ldi	r16, 0x00	; 0
/Users/askn/Develop/UPDI4AVR-USB/src/usb.cpp:153
    },
    { /* FRAMENUM */ }
  };

  size_t get_descriptor (uint8_t* _buffer, uint16_t _index) {
    uint8_t* _pgmem = 0;
    3628:	70 e0       	ldi	r23, 0x00	; 0
    362a:	60 e0       	ldi	r22, 0x00	; 0
    362c:	0a c0       	rjmp	.+20     	; 0x3642 <main+0x460>
get_descriptor():
/Users/askn/Develop/UPDI4AVR-USB/src/usb.cpp:190
      *_buffer++ = 0x09;
      *_buffer++ = 0x04;
      return _size;
    }
    else {
      switch (_index) {
    362e:	83 30       	cpi	r24, 0x03	; 3
    3630:	98 07       	cpc	r25, r24
    3632:	e9 f0       	breq	.+58     	; 0x366e <main+0x48c>
main():
/Users/askn/Develop/UPDI4AVR-USB/src/usb.cpp:193
        case 0x0301: _pgmem = (uint8_t*)&vstring; _size = sizeof(vstring); break;
        case 0x0302: _pgmem = (uint8_t*)&mstring; _size = sizeof(mstring); break;
        case 0x0304: _pgmem = (uint8_t*)&istring; _size = sizeof(istring); break;
    3634:	08 e1       	ldi	r16, 0x18	; 24
    3636:	10 e0       	ldi	r17, 0x00	; 0
    3638:	6f ea       	ldi	r22, 0xAF	; 175
    363a:	70 e0       	ldi	r23, 0x00	; 0
get_descriptor():
/Users/askn/Develop/UPDI4AVR-USB/src/usb.cpp:190
      *_buffer++ = 0x09;
      *_buffer++ = 0x04;
      return _size;
    }
    else {
      switch (_index) {
    363c:	84 30       	cpi	r24, 0x04	; 4
    363e:	93 40       	sbci	r25, 0x03	; 3
    3640:	89 f7       	brne	.-30     	; 0x3624 <main+0x442>
/Users/askn/Develop/UPDI4AVR-USB/src/usb.cpp:217
            *_buffer++ = btoh(_c     ); *_buffer++ = 0;
          }
          return 22;
        }
      }
      *_buffer++ = (uint8_t)_size;
    3642:	00 93 5c 63 	sts	0x635C, r16	; 0x80635c <EP_MEM+0x8>
/Users/askn/Develop/UPDI4AVR-USB/src/usb.cpp:218
      *_buffer++ = 3;
    3646:	83 e0       	ldi	r24, 0x03	; 3
    3648:	80 93 5d 63 	sts	0x635D, r24	; 0x80635d <EP_MEM+0x9>
/Users/askn/Develop/UPDI4AVR-USB/src/usb.cpp:219
      if (_size) memcpy_P(_buffer, _pgmem, _size - 2);
    364c:	a8 01       	movw	r20, r16
    364e:	42 50       	subi	r20, 0x02	; 2
    3650:	51 09       	sbc	r21, r1
    3652:	8e e5       	ldi	r24, 0x5E	; 94
    3654:	93 e6       	ldi	r25, 0x63	; 99
    3656:	01 15       	cp	r16, r1
    3658:	11 05       	cpc	r17, r1
    365a:	09 f0       	breq	.+2      	; 0x365e <main+0x47c>
    365c:	80 c0       	rjmp	.+256    	; 0x375e <main+0x57c>
    365e:	30 e0       	ldi	r19, 0x00	; 0
    3660:	20 e0       	ldi	r18, 0x00	; 0
    3662:	74 cf       	rjmp	.-280    	; 0x354c <main+0x36a>
main():
/Users/askn/Develop/UPDI4AVR-USB/src/usb.cpp:192
      return _size;
    }
    else {
      switch (_index) {
        case 0x0301: _pgmem = (uint8_t*)&vstring; _size = sizeof(vstring); break;
        case 0x0302: _pgmem = (uint8_t*)&mstring; _size = sizeof(mstring); break;
    3664:	06 e4       	ldi	r16, 0x46	; 70
    3666:	10 e0       	ldi	r17, 0x00	; 0
    3668:	67 ec       	ldi	r22, 0xC7	; 199
    366a:	70 e0       	ldi	r23, 0x00	; 0
    366c:	ea cf       	rjmp	.-44     	; 0x3642 <main+0x460>
get_descriptor():
/Users/askn/Develop/UPDI4AVR-USB/src/usb.cpp:203
           *
           * If the 4 bytes from offset 4 of the EEPROM are anything other
           * than 0xFFFF:FFFF, use them, otherwise generate a 32-bit random
           * serial number using CRC32 from the factory information.
           */
          uint32_t _sn = ((User_EEP_t*)EEPROM_START)->dwSerialNumber;
    366e:	40 91 04 14 	lds	r20, 0x1404	; 0x801404 <__TEXT_REGION_LENGTH__+0x7f1404>
    3672:	50 91 05 14 	lds	r21, 0x1405	; 0x801405 <__TEXT_REGION_LENGTH__+0x7f1405>
    3676:	60 91 06 14 	lds	r22, 0x1406	; 0x801406 <__TEXT_REGION_LENGTH__+0x7f1406>
    367a:	70 91 07 14 	lds	r23, 0x1407	; 0x801407 <__TEXT_REGION_LENGTH__+0x7f1407>
    367e:	49 83       	std	Y+1, r20	; 0x01
    3680:	5a 83       	std	Y+2, r21	; 0x02
    3682:	6b 83       	std	Y+3, r22	; 0x03
    3684:	7c 83       	std	Y+4, r23	; 0x04
/Users/askn/Develop/UPDI4AVR-USB/src/usb.cpp:204
          if (!(_sn + 1)) _sn = crc32((uint8_t*)SIGNATURES_START, 32);
    3686:	4f 3f       	cpi	r20, 0xFF	; 255
    3688:	8f ef       	ldi	r24, 0xFF	; 255
    368a:	58 07       	cpc	r21, r24
    368c:	68 07       	cpc	r22, r24
    368e:	78 07       	cpc	r23, r24
    3690:	59 f5       	brne	.+86     	; 0x36e8 <main+0x506>
main():
/Users/askn/Library/Arduino15/packages/MultiX-Zinnia/hardware/modernAVR/0.4.10/cores/modernAVR/api/cpp/btools.cpp:214
  return _crc;
}

uint32_t crc32 (void* _data, size_t _len) {
  uint32_t _crc = ~0;
  uint8_t* _p = (uint8_t*)_data;
    3692:	e0 e8       	ldi	r30, 0x80	; 128
    3694:	f0 e1       	ldi	r31, 0x10	; 16
crc32():
/Users/askn/Library/Arduino15/packages/MultiX-Zinnia/hardware/modernAVR/0.4.10/cores/modernAVR/api/cpp/btools.cpp:215
  while (_len--) _crc = _crc32_update(_crc, *_p++);
    3696:	cf 01       	movw	r24, r30
    3698:	01 96       	adiw	r24, 0x01	; 1
_crc32_update():
/Users/askn/Library/Arduino15/packages/MultiX-Zinnia/hardware/modernAVR/0.4.10/cores/modernAVR/api/cpp/btools.cpp:205
}

/* x32 + x26 + x23 + x22 + x16 + x12 + x11 + x10 + x8 + x7 + x5 + x4 + x2 + x + 1 */
/* (0xEDB88320 rev) init -1 */
uint32_t _crc32_update (uint32_t _crc, uint8_t _data) {
  _crc ^= _data;
    369a:	20 81       	ld	r18, Z
    369c:	42 27       	eor	r20, r18
    369e:	e8 e0       	ldi	r30, 0x08	; 8
/Users/askn/Library/Arduino15/packages/MultiX-Zinnia/hardware/modernAVR/0.4.10/cores/modernAVR/api/cpp/btools.cpp:207
  for (uint8_t j = 0; j < 8; j++) {
    _crc = (_crc >> 1) ^ (0xEDB88320UL & -(_crc & 1));
    36a0:	8a 01       	movw	r16, r20
    36a2:	9b 01       	movw	r18, r22
    36a4:	36 95       	lsr	r19
    36a6:	27 95       	ror	r18
    36a8:	17 95       	ror	r17
    36aa:	07 95       	ror	r16
    36ac:	41 70       	andi	r20, 0x01	; 1
    36ae:	55 27       	eor	r21, r21
    36b0:	66 27       	eor	r22, r22
    36b2:	77 27       	eor	r23, r23
    36b4:	70 95       	com	r23
    36b6:	60 95       	com	r22
    36b8:	50 95       	com	r21
    36ba:	41 95       	neg	r20
    36bc:	5f 4f       	sbci	r21, 0xFF	; 255
    36be:	6f 4f       	sbci	r22, 0xFF	; 255
    36c0:	7f 4f       	sbci	r23, 0xFF	; 255
    36c2:	40 72       	andi	r20, 0x20	; 32
    36c4:	53 78       	andi	r21, 0x83	; 131
    36c6:	68 7b       	andi	r22, 0xB8	; 184
    36c8:	7d 7e       	andi	r23, 0xED	; 237
    36ca:	40 27       	eor	r20, r16
    36cc:	51 27       	eor	r21, r17
    36ce:	62 27       	eor	r22, r18
    36d0:	73 27       	eor	r23, r19
    36d2:	e1 50       	subi	r30, 0x01	; 1
/Users/askn/Library/Arduino15/packages/MultiX-Zinnia/hardware/modernAVR/0.4.10/cores/modernAVR/api/cpp/btools.cpp:206

/* x32 + x26 + x23 + x22 + x16 + x12 + x11 + x10 + x8 + x7 + x5 + x4 + x2 + x + 1 */
/* (0xEDB88320 rev) init -1 */
uint32_t _crc32_update (uint32_t _crc, uint8_t _data) {
  _crc ^= _data;
  for (uint8_t j = 0; j < 8; j++) {
    36d4:	29 f7       	brne	.-54     	; 0x36a0 <main+0x4be>
    36d6:	fc 01       	movw	r30, r24
crc32():
/Users/askn/Library/Arduino15/packages/MultiX-Zinnia/hardware/modernAVR/0.4.10/cores/modernAVR/api/cpp/btools.cpp:215
}

uint32_t crc32 (void* _data, size_t _len) {
  uint32_t _crc = ~0;
  uint8_t* _p = (uint8_t*)_data;
  while (_len--) _crc = _crc32_update(_crc, *_p++);
    36d8:	e0 3a       	cpi	r30, 0xA0	; 160
    36da:	90 e1       	ldi	r25, 0x10	; 16
    36dc:	f9 07       	cpc	r31, r25
    36de:	d9 f6       	brne	.-74     	; 0x3696 <main+0x4b4>
get_descriptor():
/Users/askn/Develop/UPDI4AVR-USB/src/usb.cpp:204
    36e0:	49 83       	std	Y+1, r20	; 0x01
    36e2:	5a 83       	std	Y+2, r21	; 0x02
    36e4:	6b 83       	std	Y+3, r22	; 0x03
    36e6:	7c 83       	std	Y+4, r23	; 0x04
/Users/askn/Develop/UPDI4AVR-USB/src/usb.cpp:206
          uint8_t* _p = (uint8_t*)&_sn;
          *_buffer++ = 22;  *_buffer++ = 3;
    36e8:	86 e1       	ldi	r24, 0x16	; 22
    36ea:	80 93 5c 63 	sts	0x635C, r24	; 0x80635c <EP_MEM+0x8>
    36ee:	83 e0       	ldi	r24, 0x03	; 3
    36f0:	80 93 5d 63 	sts	0x635D, r24	; 0x80635d <EP_MEM+0x9>
/Users/askn/Develop/UPDI4AVR-USB/src/usb.cpp:207
          *_buffer++ = 'M'; *_buffer++ = 0;
    36f4:	8d e4       	ldi	r24, 0x4D	; 77
    36f6:	80 93 5e 63 	sts	0x635E, r24	; 0x80635e <EP_MEM+0xa>
    36fa:	10 92 5f 63 	sts	0x635F, r1	; 0x80635f <EP_MEM+0xb>
/Users/askn/Develop/UPDI4AVR-USB/src/usb.cpp:208
          *_buffer++ = 'X'; *_buffer++ = 0;
    36fe:	88 e5       	ldi	r24, 0x58	; 88
    3700:	80 93 60 63 	sts	0x6360, r24	; 0x806360 <EP_MEM+0xc>
    3704:	10 92 61 63 	sts	0x6361, r1	; 0x806361 <EP_MEM+0xd>
    3708:	e2 e6       	ldi	r30, 0x62	; 98
    370a:	f3 e6       	ldi	r31, 0x63	; 99
    370c:	de 01       	movw	r26, r28
    370e:	11 96       	adiw	r26, 0x01	; 1
/Users/askn/Develop/UPDI4AVR-USB/src/usb.cpp:210
          for (uint8_t _i = 0; _i < 4; _i++) {
            uint8_t _c = *_p++;
    3710:	8d 91       	ld	r24, X+
/Users/askn/Develop/UPDI4AVR-USB/src/usb.cpp:211
            *_buffer++ = btoh(_c >> 4); *_buffer++ = 0;
    3712:	28 2f       	mov	r18, r24
    3714:	30 e0       	ldi	r19, 0x00	; 0
    3716:	44 e0       	ldi	r20, 0x04	; 4
    3718:	35 95       	asr	r19
    371a:	27 95       	ror	r18
    371c:	4a 95       	dec	r20
    371e:	e1 f7       	brne	.-8      	; 0x3718 <main+0x536>
btoh():
/Users/askn/Library/Arduino15/packages/MultiX-Zinnia/hardware/modernAVR/0.4.10/cores/modernAVR/api/cpp/btools.cpp:69
    _p++; _r--;
  }
}

char btoh (uint8_t _x) {
  _x = (_x & 15) + '0';
    3720:	90 e3       	ldi	r25, 0x30	; 48
    3722:	92 0f       	add	r25, r18
/Users/askn/Library/Arduino15/packages/MultiX-Zinnia/hardware/modernAVR/0.4.10/cores/modernAVR/api/cpp/btools.cpp:70
  if (_x > '9') _x += 7;
    3724:	9a 33       	cpi	r25, 0x3A	; 58
    3726:	10 f0       	brcs	.+4      	; 0x372c <main+0x54a>
    3728:	97 e3       	ldi	r25, 0x37	; 55
    372a:	92 0f       	add	r25, r18
get_descriptor():
/Users/askn/Develop/UPDI4AVR-USB/src/usb.cpp:211
    372c:	90 83       	st	Z, r25
    372e:	11 82       	std	Z+1, r1	; 0x01
btoh():
/Users/askn/Library/Arduino15/packages/MultiX-Zinnia/hardware/modernAVR/0.4.10/cores/modernAVR/api/cpp/btools.cpp:69
    _p++; _r--;
  }
}

char btoh (uint8_t _x) {
  _x = (_x & 15) + '0';
    3730:	8f 70       	andi	r24, 0x0F	; 15
    3732:	90 e3       	ldi	r25, 0x30	; 48
    3734:	98 0f       	add	r25, r24
/Users/askn/Library/Arduino15/packages/MultiX-Zinnia/hardware/modernAVR/0.4.10/cores/modernAVR/api/cpp/btools.cpp:70
  if (_x > '9') _x += 7;
    3736:	9a 33       	cpi	r25, 0x3A	; 58
    3738:	10 f0       	brcs	.+4      	; 0x373e <main+0x55c>
    373a:	97 e3       	ldi	r25, 0x37	; 55
    373c:	98 0f       	add	r25, r24
get_descriptor():
/Users/askn/Develop/UPDI4AVR-USB/src/usb.cpp:212
            *_buffer++ = btoh(_c     ); *_buffer++ = 0;
    373e:	92 83       	std	Z+2, r25	; 0x02
    3740:	13 82       	std	Z+3, r1	; 0x03
    3742:	34 96       	adiw	r30, 0x04	; 4
/Users/askn/Develop/UPDI4AVR-USB/src/usb.cpp:209
          if (!(_sn + 1)) _sn = crc32((uint8_t*)SIGNATURES_START, 32);
          uint8_t* _p = (uint8_t*)&_sn;
          *_buffer++ = 22;  *_buffer++ = 3;
          *_buffer++ = 'M'; *_buffer++ = 0;
          *_buffer++ = 'X'; *_buffer++ = 0;
          for (uint8_t _i = 0; _i < 4; _i++) {
    3744:	6a 16       	cp	r6, r26
    3746:	7b 06       	cpc	r7, r27
    3748:	19 f7       	brne	.-58     	; 0x3710 <main+0x52e>
main():
/Users/askn/Develop/UPDI4AVR-USB/src/usb.cpp:214
            uint8_t _c = *_p++;
            *_buffer++ = btoh(_c >> 4); *_buffer++ = 0;
            *_buffer++ = btoh(_c     ); *_buffer++ = 0;
          }
          return 22;
    374a:	06 e1       	ldi	r16, 0x16	; 22
    374c:	10 e0       	ldi	r17, 0x00	; 0
    374e:	f6 ce       	rjmp	.-532    	; 0x353c <main+0x35a>
/Users/askn/Develop/UPDI4AVR-USB/src/usb.cpp:167
      D1PRINTF(" VID:PID=%04X:%04X\r\n", _CAPS16(_buffer[8])->word, _CAPS16(_buffer[10])->word);
      return _size;
    }
    else if (_type == 0x02) {     /* CONFIGURATION */
      _pgmem = (uint8_t*)&current_descriptor;
      _size = sizeof(current_descriptor);
    3750:	0b e6       	ldi	r16, 0x6B	; 107
    3752:	10 e0       	ldi	r17, 0x00	; 0
/Users/askn/Develop/UPDI4AVR-USB/src/usb.cpp:166
      if (_vidpid + 1) _CAPS32(_buffer[8])->dword = _vidpid;
      D1PRINTF(" VID:PID=%04X:%04X\r\n", _CAPS16(_buffer[8])->word, _CAPS16(_buffer[10])->word);
      return _size;
    }
    else if (_type == 0x02) {     /* CONFIGURATION */
      _pgmem = (uint8_t*)&current_descriptor;
    3754:	64 e6       	ldi	r22, 0x64	; 100
    3756:	71 e0       	ldi	r23, 0x01	; 1
get_descriptor():
/Users/askn/Develop/UPDI4AVR-USB/src/usb.cpp:222
      *_buffer++ = (uint8_t)_size;
      *_buffer++ = 3;
      if (_size) memcpy_P(_buffer, _pgmem, _size - 2);
      return _size;
    }
    if (_size) memcpy_P(_buffer, _pgmem, _size);
    3758:	a8 01       	movw	r20, r16
    375a:	8c e5       	ldi	r24, 0x5C	; 92
    375c:	93 e6       	ldi	r25, 0x63	; 99
    375e:	32 d5       	rcall	.+2660   	; 0x41c4 <memcpy_P>
    3760:	ed ce       	rjmp	.-550    	; 0x353c <main+0x35a>
main():
/Users/askn/Develop/UPDI4AVR-USB/src/usb.cpp:171
      _pgmem = (uint8_t*)&current_descriptor;
      _size = sizeof(current_descriptor);
    }
    else if (_type == 0x06) {     /* QUALIFIER */
      _pgmem = (uint8_t*)&qualifier_descriptor;
      _size = sizeof(qualifier_descriptor);
    3762:	0a e0       	ldi	r16, 0x0A	; 10
    3764:	10 e0       	ldi	r17, 0x00	; 0
/Users/askn/Develop/UPDI4AVR-USB/src/usb.cpp:170
    else if (_type == 0x02) {     /* CONFIGURATION */
      _pgmem = (uint8_t*)&current_descriptor;
      _size = sizeof(current_descriptor);
    }
    else if (_type == 0x06) {     /* QUALIFIER */
      _pgmem = (uint8_t*)&qualifier_descriptor;
    3766:	6f ec       	ldi	r22, 0xCF	; 207
    3768:	71 e0       	ldi	r23, 0x01	; 1
    376a:	f6 cf       	rjmp	.-20     	; 0x3758 <main+0x576>
/Users/askn/Develop/UPDI4AVR-USB/src/usb.cpp:175
      _size = sizeof(qualifier_descriptor);
    }
    else if (_type == 0x21) {     /* HID */
      _pgmem = (uint8_t*)&current_descriptor + 18;
      _size = 9;
    376c:	09 e0       	ldi	r16, 0x09	; 9
    376e:	10 e0       	ldi	r17, 0x00	; 0
/Users/askn/Develop/UPDI4AVR-USB/src/usb.cpp:174
    else if (_type == 0x06) {     /* QUALIFIER */
      _pgmem = (uint8_t*)&qualifier_descriptor;
      _size = sizeof(qualifier_descriptor);
    }
    else if (_type == 0x21) {     /* HID */
      _pgmem = (uint8_t*)&current_descriptor + 18;
    3770:	66 e7       	ldi	r22, 0x76	; 118
    3772:	71 e0       	ldi	r23, 0x01	; 1
    3774:	f1 cf       	rjmp	.-30     	; 0x3758 <main+0x576>
/Users/askn/Develop/UPDI4AVR-USB/src/usb.cpp:179
      _size = 9;
    }
    else if (_type == 0x22) {     /* REPORT */
      _pgmem = (uint8_t*)&report_descriptor;
      _size = sizeof(report_descriptor);
    3776:	03 e2       	ldi	r16, 0x23	; 35
    3778:	10 e0       	ldi	r17, 0x00	; 0
/Users/askn/Develop/UPDI4AVR-USB/src/usb.cpp:178
    else if (_type == 0x21) {     /* HID */
      _pgmem = (uint8_t*)&current_descriptor + 18;
      _size = 9;
    }
    else if (_type == 0x22) {     /* REPORT */
      _pgmem = (uint8_t*)&report_descriptor;
    377a:	61 e4       	ldi	r22, 0x41	; 65
    377c:	71 e0       	ldi	r23, 0x01	; 1
    377e:	ec cf       	rjmp	.-40     	; 0x3758 <main+0x576>
request_standard():
/Users/askn/Develop/UPDI4AVR-USB/src/usb.cpp:549
      size_t _length = EP_MEM.req_data.wLength;
      size_t _size = get_descriptor((uint8_t*)&EP_MEM.res_data, EP_MEM.req_data.wValue);
      EP_RES.CNT = (_size > _length) ? _length : _size;
      _listen = !!_size;
    }
    else if (bRequest == 0x08) {  /* GET_CONFIGURATION */
    3780:	88 30       	cpi	r24, 0x08	; 8
    3782:	49 f4       	brne	.+18     	; 0x3796 <main+0x5b4>
/Users/askn/Develop/UPDI4AVR-USB/src/usb.cpp:550
      EP_MEM.res_data[0] = _set_config;
    3784:	80 91 6e 64 	lds	r24, 0x646E	; 0x80646e <_set_config>
    3788:	80 93 5c 63 	sts	0x635C, r24	; 0x80635c <EP_MEM+0x8>
/Users/askn/Develop/UPDI4AVR-USB/src/usb.cpp:566
    }
    else if (bRequest == 0x0A) {  /* GET_INTREFACE */
      /* It seems not to be used. */
      D1PRINTF("<SI:0>\r\n");
      EP_MEM.res_data[0] = 0;
      EP_RES.CNT = 1;
    378c:	c0 92 86 64 	sts	0x6486, r12	; 0x806486 <EP_TABLE+0x12>
    3790:	d0 92 87 64 	sts	0x6487, r13	; 0x806487 <EP_TABLE+0x13>
    3794:	58 ce       	rjmp	.-848    	; 0x3446 <main+0x264>
/Users/askn/Develop/UPDI4AVR-USB/src/usb.cpp:554
    else if (bRequest == 0x08) {  /* GET_CONFIGURATION */
      EP_MEM.res_data[0] = _set_config;
      D1PRINTF("<GC:%02X>\r\n", _set_config);
      EP_RES.CNT = 1;
    }
    else if (bRequest == 0x09) {  /* SET_CONFIGURATION */
    3796:	89 30       	cpi	r24, 0x09	; 9
    3798:	41 f4       	brne	.+16     	; 0x37aa <main+0x5c8>
/Users/askn/Develop/UPDI4AVR-USB/src/usb.cpp:556
      /* Once the USB connection is fully initiated, it will go through here. */
      _set_config = (uint8_t)EP_MEM.req_data.wValue;
    379a:	80 91 56 63 	lds	r24, 0x6356	; 0x806356 <EP_MEM+0x2>
    379e:	80 93 6e 64 	sts	0x646E, r24	; 0x80646e <_set_config>
/Users/askn/Develop/UPDI4AVR-USB/src/usb.cpp:557
      bit_set(GPCONF, GPCONF_USB_bp);
    37a2:	f0 9a       	sbi	0x1e, 0	; 30
/Users/askn/Develop/UPDI4AVR-USB/src/usb.cpp:558
      SYS::LED_HeartBeat();
    37a4:	0e 94 c3 05 	call	0xb86	; 0xb86 <SYS::LED_HeartBeat()>
    37a8:	69 ce       	rjmp	.-814    	; 0x347c <main+0x29a>
/Users/askn/Develop/UPDI4AVR-USB/src/usb.cpp:562
      D1PRINTF("<SC:%02X>\r\n", _set_config);
      EP_RES.CNT = 0;
    }
    else if (bRequest == 0x0A) {  /* GET_INTREFACE */
    37aa:	8a 30       	cpi	r24, 0x0A	; 10
    37ac:	19 f4       	brne	.+6      	; 0x37b4 <main+0x5d2>
/Users/askn/Develop/UPDI4AVR-USB/src/usb.cpp:565
      /* It seems not to be used. */
      D1PRINTF("<SI:0>\r\n");
      EP_MEM.res_data[0] = 0;
    37ae:	10 92 5c 63 	sts	0x635C, r1	; 0x80635c <EP_MEM+0x8>
    37b2:	ec cf       	rjmp	.-40     	; 0x378c <main+0x5aa>
/Users/askn/Develop/UPDI4AVR-USB/src/usb.cpp:568
      EP_RES.CNT = 1;
    }
    else if (bRequest == 0x0B) {  /* SET_INTREFACE */
    37b4:	8b 30       	cpi	r24, 0x0B	; 11
    37b6:	09 f0       	breq	.+2      	; 0x37ba <main+0x5d8>
    37b8:	d0 ce       	rjmp	.-608    	; 0x355a <main+0x378>
    37ba:	60 ce       	rjmp	.-832    	; 0x347c <main+0x29a>
handling_control_transactions():
/Users/askn/Develop/UPDI4AVR-USB/src/usb.cpp:655
    if (bit_is_clear(bmRequestType, 7)) ep_req_listen();
    bmRequestType &= (3 << 5);
    if (bmRequestType == (0 << 5)) {
      _listen = request_standard();
    }
    else if (bmRequestType == (1 << 5)) {
    37bc:	10 32       	cpi	r17, 0x20	; 32
    37be:	09 f0       	breq	.+2      	; 0x37c2 <main+0x5e0>
    37c0:	cc ce       	rjmp	.-616    	; 0x355a <main+0x378>
request_class():
/Users/askn/Develop/UPDI4AVR-USB/src/usb.cpp:582
  }

  /*** CDC-ACM request processing. ***/
  bool request_class (void) {
    bool _listen = true;
    uint8_t bRequest = EP_MEM.req_data.bRequest;
    37c2:	80 91 55 63 	lds	r24, 0x6355	; 0x806355 <EP_MEM+0x1>
/Users/askn/Develop/UPDI4AVR-USB/src/usb.cpp:583
    if (bRequest == 0x0A) {       /* SET_IDLE */
    37c6:	8a 30       	cpi	r24, 0x0A	; 10
    37c8:	09 f4       	brne	.+2      	; 0x37cc <main+0x5ea>
    37ca:	58 ce       	rjmp	.-848    	; 0x347c <main+0x29a>
/Users/askn/Develop/UPDI4AVR-USB/src/usb.cpp:589
      /* This is a HID Compliance Class Request. */
      /* It is called but not used. */
      D1PRINTF(" IDL=%02X\r\n", (uint8_t)EP_MEM.req_data.wValue);
      EP_RES.CNT = 0;
    }
    else if (bRequest == 0x20) {  /* SET_LINE_ENCODING */
    37cc:	80 32       	cpi	r24, 0x20	; 32
    37ce:	39 f5       	brne	.+78     	; 0x381e <main+0x63c>
ep_req_pending():
/Users/askn/Develop/UPDI4AVR-USB/src/usb.cpp:270

  // MARK: Endpoint

  bool is_ep_setup (void) { return bit_is_set(EP_REQ.STATUS, USB_EPSETUP_bp); }
  bool is_not_dap (void) { return bit_is_clear(EP_DPO.STATUS, USB_BUSNAK_bp); }
  void ep_req_pending (void) { loop_until_bit_is_set(EP_REQ.STATUS, USB_BUSNAK_bp); }
    37d0:	80 91 7c 64 	lds	r24, 0x647C	; 0x80647c <EP_TABLE+0x8>
    37d4:	81 ff       	sbrs	r24, 1
    37d6:	fc cf       	rjmp	.-8      	; 0x37d0 <main+0x5ee>
set_line_encoding():
/Users/askn/Develop/UPDI4AVR-USB/src/usart.cpp:201
      SYS::LED_Flash();
  }

  void set_line_encoding (LineEncoding_t* _buff) {
    /* The USART will not change unless a different setting is given. */
    if (0 == memcmp(&_set_line_encoding, _buff, sizeof(LineEncoding_t))) return;
    37d8:	47 e0       	ldi	r20, 0x07	; 7
    37da:	50 e0       	ldi	r21, 0x00	; 0
    37dc:	6c e5       	ldi	r22, 0x5C	; 92
    37de:	73 e6       	ldi	r23, 0x63	; 99
    37e0:	81 ea       	ldi	r24, 0xA1	; 161
    37e2:	90 e6       	ldi	r25, 0x60	; 96
    37e4:	51 d5       	rcall	.+2722   	; 0x4288 <memcmp>
    37e6:	89 2b       	or	r24, r25
    37e8:	91 f0       	breq	.+36     	; 0x380e <main+0x62c>
read_drop():
/Users/askn/Develop/UPDI4AVR-USB/src/usb.cpp:451
    }
    return _s != 0;
  }

  void read_drop (void) {
    if (bit_is_set(EP_CDO.STATUS, USB_BUSNAK_bp)) ep_cdo_listen();
    37ea:	80 91 ac 64 	lds	r24, 0x64AC	; 0x8064ac <EP_TABLE+0x38>
    37ee:	81 fd       	sbrc	r24, 1
    37f0:	0e 94 ae 01 	call	0x35c	; 0x35c <USB::ep_cdo_listen()>
set_line_encoding():
/Users/askn/Develop/UPDI4AVR-USB/src/usart.cpp:203
    USB::read_drop();
    USART::setup();
    37f4:	0e 94 58 0b 	call	0x16b0	; 0x16b0 <USART::setup()>
/Users/askn/Develop/UPDI4AVR-USB/src/usart.cpp:204
    memcpy(&_set_line_encoding, _buff, sizeof(LineEncoding_t));
    37f8:	87 e0       	ldi	r24, 0x07	; 7
    37fa:	ec e5       	ldi	r30, 0x5C	; 92
    37fc:	f3 e6       	ldi	r31, 0x63	; 99
    37fe:	a1 ea       	ldi	r26, 0xA1	; 161
    3800:	b0 e6       	ldi	r27, 0x60	; 96
    3802:	01 90       	ld	r0, Z+
    3804:	0d 92       	st	X+, r0
    3806:	8a 95       	dec	r24
    3808:	e1 f7       	brne	.-8      	; 0x3802 <main+0x620>
/Users/askn/Develop/UPDI4AVR-USB/src/usart.cpp:205
    change_vcp();
    380a:	0e 94 e0 05 	call	0xbc0	; 0xbc0 <USART::change_vcp()>
request_class():
/Users/askn/Develop/UPDI4AVR-USB/src/usb.cpp:600
      /* it's probably best to do nothing.        */
      ep_req_pending();
      USART::set_line_encoding(&EP_MEM.res_encoding);
      D1PRINTF(" SLE=");
      D1PRINTHEX(&_set_line_encoding, sizeof(LineEncoding_t), ':');
      bit_set(GPCONF, GPCONF_OPN_bp);
    380e:	f4 9a       	sbi	0x1e, 4	; 30
/Users/askn/Develop/UPDI4AVR-USB/src/usb.cpp:601
      _send_count = 0;
    3810:	10 92 70 64 	sts	0x6470, r1	; 0x806470 <_send_count>
/Users/askn/Develop/UPDI4AVR-USB/src/usb.cpp:602
      _recv_count = 0;
    3814:	10 92 6f 64 	sts	0x646F, r1	; 0x80646f <_recv_count>
/Users/askn/Develop/UPDI4AVR-USB/src/usb.cpp:603
      _sof_count = 0;
    3818:	10 92 6d 64 	sts	0x646D, r1	; 0x80646d <_sof_count>
    381c:	2f ce       	rjmp	.-930    	; 0x347c <main+0x29a>
/Users/askn/Develop/UPDI4AVR-USB/src/usb.cpp:606
      EP_RES.CNT = 0;
    }
    else if (bRequest == 0x21) {  /* GET_LINE_ENCODING */
    381e:	81 32       	cpi	r24, 0x21	; 33
    3820:	29 f5       	brne	.+74     	; 0x386c <main+0x68a>
/Users/askn/Develop/UPDI4AVR-USB/src/usb.cpp:607
      memcpy(&EP_MEM.res_encoding, &_set_line_encoding, sizeof(LineEncoding_t));
    3822:	87 e0       	ldi	r24, 0x07	; 7
    3824:	e1 ea       	ldi	r30, 0xA1	; 161
    3826:	f0 e6       	ldi	r31, 0x60	; 96
    3828:	ac e5       	ldi	r26, 0x5C	; 92
    382a:	b3 e6       	ldi	r27, 0x63	; 99
    382c:	01 90       	ld	r0, Z+
    382e:	0d 92       	st	X+, r0
    3830:	8a 95       	dec	r24
    3832:	e1 f7       	brne	.-8      	; 0x382c <main+0x64a>
/Users/askn/Develop/UPDI4AVR-USB/src/usb.cpp:608
      if (EP_MEM.res_encoding.dwDTERate == 0) {
    3834:	80 91 5c 63 	lds	r24, 0x635C	; 0x80635c <EP_MEM+0x8>
    3838:	90 91 5d 63 	lds	r25, 0x635D	; 0x80635d <EP_MEM+0x9>
    383c:	a0 91 5e 63 	lds	r26, 0x635E	; 0x80635e <EP_MEM+0xa>
    3840:	b0 91 5f 63 	lds	r27, 0x635F	; 0x80635f <EP_MEM+0xb>
    3844:	89 2b       	or	r24, r25
    3846:	8a 2b       	or	r24, r26
    3848:	8b 2b       	or	r24, r27
    384a:	59 f4       	brne	.+22     	; 0x3862 <main+0x680>
/Users/askn/Develop/UPDI4AVR-USB/src/usb.cpp:611
        /* Parameters that, if incorrectly accepted,           */
        /* would result in division by zero must be corrected. */
        EP_MEM.res_encoding.dwDTERate = 9600UL;
    384c:	80 92 5c 63 	sts	0x635C, r8	; 0x80635c <EP_MEM+0x8>
    3850:	90 92 5d 63 	sts	0x635D, r9	; 0x80635d <EP_MEM+0x9>
    3854:	a0 92 5e 63 	sts	0x635E, r10	; 0x80635e <EP_MEM+0xa>
    3858:	b0 92 5f 63 	sts	0x635F, r11	; 0x80635f <EP_MEM+0xb>
/Users/askn/Develop/UPDI4AVR-USB/src/usb.cpp:612
        EP_MEM.res_encoding.bDataBits = 8;
    385c:	88 e0       	ldi	r24, 0x08	; 8
    385e:	80 93 62 63 	sts	0x6362, r24	; 0x806362 <EP_MEM+0xe>
/Users/askn/Develop/UPDI4AVR-USB/src/usb.cpp:616
      }
      D1PRINTF(" GLE=");
      D1PRINTHEX(&EP_MEM.res_encoding, sizeof(LineEncoding_t), ':');
      EP_RES.CNT = sizeof(LineEncoding_t);
    3862:	40 92 86 64 	sts	0x6486, r4	; 0x806486 <EP_TABLE+0x12>
    3866:	50 92 87 64 	sts	0x6487, r5	; 0x806487 <EP_TABLE+0x13>
    386a:	ed cd       	rjmp	.-1062   	; 0x3446 <main+0x264>
/Users/askn/Develop/UPDI4AVR-USB/src/usb.cpp:618
    }
    else if (bRequest == 0x22) {  /* SET_LINE_STATE */
    386c:	82 32       	cpi	r24, 0x22	; 34
    386e:	59 f4       	brne	.+22     	; 0x3886 <main+0x6a4>
/Users/askn/Develop/UPDI4AVR-USB/src/usb.cpp:621
      /* This includes the DTR and RTS settings. */
      D1PRINTF(" SLS=%02X\r\n", (uint8_t)EP_MEM.req_data.wValue);
      USART::set_line_state((uint8_t)EP_MEM.req_data.wValue);
    3870:	80 91 56 63 	lds	r24, 0x6356	; 0x806356 <EP_MEM+0x2>
set_line_state():
/Users/askn/Develop/UPDI4AVR-USB/src/usart.cpp:232
      digitalWriteMacro(PIN_VCP_RTS, HIGH);
  #endif

  #if defined(CONFIG_VCP_DTR_RESET)
    /* If DTR is set, the device will reboot assuming the host has opened the port. */
    if (!_set_line_state.bStateDTR && bit_is_set(_line_state, 0)) {
    3874:	90 91 a0 60 	lds	r25, 0x60A0	; 0x8060a0 <__data_end>
    3878:	90 fd       	sbrc	r25, 0
    387a:	02 c0       	rjmp	.+4      	; 0x3880 <main+0x69e>
    387c:	80 fd       	sbrc	r24, 0
/Users/askn/Develop/UPDI4AVR-USB/src/usart.cpp:233
      bit_set(GPCONF, GPCONF_FAL_bp);
    387e:	f7 9a       	sbi	0x1e, 7	; 30
/Users/askn/Develop/UPDI4AVR-USB/src/usart.cpp:237
    }
  #endif

    _set_line_state.bValue = _line_state;
    3880:	80 93 a0 60 	sts	0x60A0, r24	; 0x8060a0 <__data_end>
    3884:	fb cd       	rjmp	.-1034   	; 0x347c <main+0x29a>
request_class():
/Users/askn/Develop/UPDI4AVR-USB/src/usb.cpp:624
      EP_RES.CNT = 0;
    }
    else if (bRequest == 0x23) {  /* SET_SEND_BREAK */
    3886:	83 32       	cpi	r24, 0x23	; 35
    3888:	09 f0       	breq	.+2      	; 0x388c <main+0x6aa>
    388a:	67 ce       	rjmp	.-818    	; 0x355a <main+0x378>
/Users/askn/Develop/UPDI4AVR-USB/src/usb.cpp:628
      /* When the host application closes the port, it may send a BREAK=0. */
      /* Nothing else is used unless programmed by the application. */
      D1PRINTF(" SB=%04X\r\n", EP_MEM.req_data.wValue);
      _send_break = EP_MEM.req_data.wValue;
    388c:	80 91 56 63 	lds	r24, 0x6356	; 0x806356 <EP_MEM+0x2>
    3890:	90 91 57 63 	lds	r25, 0x6357	; 0x806357 <EP_MEM+0x3>
    3894:	80 93 71 64 	sts	0x6471, r24	; 0x806471 <_send_break>
    3898:	90 93 72 64 	sts	0x6472, r25	; 0x806472 <_send_break+0x1>
/Users/askn/Develop/UPDI4AVR-USB/src/usb.cpp:629
      if (_send_break) break_on();
    389c:	89 2b       	or	r24, r25
    389e:	71 f0       	breq	.+28     	; 0x38bc <main+0x6da>
break_on():
/Users/askn/Develop/UPDI4AVR-USB/src/usb.cpp:358
    ep_dpo_listen();  /* continue transaction */
  }

  void break_on (void) {
    if (bit_is_set(GPCONF, GPCONF_VCP_bp)
     && bit_is_clear(GPCONF, GPCONF_BRK_bp)) {
    38a0:	f1 9b       	sbis	0x1e, 1	; 30
    38a2:	0a c0       	rjmp	.+20     	; 0x38b8 <main+0x6d6>
    38a4:	f3 99       	sbic	0x1e, 3	; 30
    38a6:	08 c0       	rjmp	.+16     	; 0x38b8 <main+0x6d6>
/Users/askn/Develop/UPDI4AVR-USB/src/usb.cpp:360
      /* SET_SEND_BREAK is called when the port is closed successfully. */
      bit_clear(GPCONF, GPCONF_OPN_bp);
    38a8:	f4 98       	cbi	0x1e, 4	; 30
/Users/askn/Develop/UPDI4AVR-USB/src/usb.cpp:361
      _sof_count = 0;
    38aa:	10 92 6d 64 	sts	0x646D, r1	; 0x80646d <_sof_count>
disable_vcp():
/Users/askn/Develop/UPDI4AVR-USB/src/usart.cpp:70
    } while (--_delay);
  }

  /*** Stop the VCP and release the ports in use. ***/
  void disable_vcp (void) {
    if (USART0_CTRLB) {
    38ae:	80 91 06 08 	lds	r24, 0x0806	; 0x800806 <__TEXT_REGION_LENGTH__+0x7f0806>
    38b2:	81 11       	cpse	r24, r1
    38b4:	0e 94 41 0b 	call	0x1682	; 0x1682 <USART::disable_vcp() [clone .part.1]>
break_on():
/Users/askn/Develop/UPDI4AVR-USB/src/usb.cpp:368
  #ifdef CONFIG_VCP_TXD_ODM
      /* During Break, VCP-TxD is pulled LOW. */
      pinModeMacro(PIN_VCP_TXD, OUTPUT);
  #endif
    }
    bit_set(GPCONF, GPCONF_BRK_bp);
    38b8:	f3 9a       	sbi	0x1e, 3	; 30
    38ba:	e0 cd       	rjmp	.-1088   	; 0x347c <main+0x29a>
request_class():
/Users/askn/Develop/UPDI4AVR-USB/src/usb.cpp:630
      /* When the host application closes the port, it may send a BREAK=0. */
      /* Nothing else is used unless programmed by the application. */
      D1PRINTF(" SB=%04X\r\n", EP_MEM.req_data.wValue);
      _send_break = EP_MEM.req_data.wValue;
      if (_send_break) break_on();
      else break_off();
    38bc:	0e 94 71 06 	call	0xce2	; 0xce2 <USB::break_off()>
    38c0:	dd cd       	rjmp	.-1094   	; 0x347c <main+0x29a>
reset_leave():
/Users/askn/Develop/UPDI4AVR-USB/src/sys.cpp:379
      EVSYS_CHANNEL4 = _ch_save;
      if (bit_is_set(GPCONF, GPCONF_USB_bp)) {
        LED_HeartBeat();  /* The USB is ready. */
      }
      else {
        LED_Flash();
    38c2:	0e 94 a8 05 	call	0xb50	; 0xb50 <SYS::LED_Flash()>
    38c6:	65 ce       	rjmp	.-822    	; 0x3592 <main+0x3b0>
main():
/Users/askn/Develop/UPDI4AVR-USB/src/main.cpp:142
    if (USB::is_ep_setup()) USB::handling_control_transactions();

    /* If SW0 was used, work here. */
    if ((PGCONF & (PGCONF_PGIA_bm | PGCONF_PROG_bm)) == 0) {
      if      (bit_is_set(GPCONF, GPCONF_HLD_bp)) SYS::reset_leave();
      else if (bit_is_set(GPCONF, GPCONF_FAL_bp)) SYS::reset_enter();
    38c8:	f7 9b       	sbis	0x1e, 7	; 30
    38ca:	66 ce       	rjmp	.-820    	; 0x3598 <main+0x3b6>
reset_enter():
/Users/askn/Develop/UPDI4AVR-USB/src/sys.cpp:336
  /*
   * Executed when SW0 is detected as being pressed.
   * May be called multiple times due to chattering.
   */
  void reset_enter (void) {
    if (bit_is_clear(GPCONF, GPCONF_HLD_bp)) {
    38cc:	f6 99       	sbic	0x1e, 6	; 30
    38ce:	64 ce       	rjmp	.-824    	; 0x3598 <main+0x3b6>
/Users/askn/Develop/UPDI4AVR-USB/src/sys.cpp:339
      D1PRINTF("<RST:IN>\r\n");

      _ch_save = EVSYS_CHANNEL4;
    38d0:	80 91 14 02 	lds	r24, 0x0214	; 0x800214 <__TEXT_REGION_LENGTH__+0x7f0214>
    38d4:	80 93 b3 60 	sts	0x60B3, r24	; 0x8060b3 <SYS::_ch_save>
/Users/askn/Develop/UPDI4AVR-USB/src/sys.cpp:340
      EVSYS_CHANNEL4 = EVSYS_CHANNEL_CCL_LUT2_gc;
    38d8:	82 e1       	ldi	r24, 0x12	; 18
    38da:	80 93 14 02 	sts	0x0214, r24	; 0x800214 <__TEXT_REGION_LENGTH__+0x7f0214>
LED_TM():
/Users/askn/Develop/UPDI4AVR-USB/src/sys.cpp:195
      _led_mode = 1;
    }
  }

  WEAK void LED_TM (uint8_t _mode, uint16_t _ccmp) {
    if (_led_mode != _mode) {
    38de:	80 91 50 63 	lds	r24, 0x6350	; 0x806350 <_led_mode>
    38e2:	83 30       	cpi	r24, 0x03	; 3
    38e4:	b1 f0       	breq	.+44     	; 0x3912 <main+0x730>
/Users/askn/Develop/UPDI4AVR-USB/src/sys.cpp:197
      D1PRINTF(" LED=%d\r\n", _mode);
      TCA0_SPLIT_LCMP1 = 0;             /* turn off TCA0_WO1 */
    38e6:	10 92 2a 0a 	sts	0x0A2A, r1	; 0x800a2a <__TEXT_REGION_LENGTH__+0x7f0a2a>
/Users/askn/Develop/UPDI4AVR-USB/src/sys.cpp:198
      TCA0_SPLIT_CTRLA = TCA_SPLIT_ENABLE_bm | TCA_SPLIT_CLKSEL_DIV1024_gc;
    38ea:	8f e0       	ldi	r24, 0x0F	; 15
    38ec:	80 93 00 0a 	sts	0x0A00, r24	; 0x800a00 <__TEXT_REGION_LENGTH__+0x7f0a00>
/Users/askn/Develop/UPDI4AVR-USB/src/sys.cpp:199
      TCB0_CNT   = (_ccmp >> 1) - 2;
    38f0:	2e e1       	ldi	r18, 0x1E	; 30
    38f2:	30 e0       	ldi	r19, 0x00	; 0
    38f4:	20 93 0a 0b 	sts	0x0B0A, r18	; 0x800b0a <__TEXT_REGION_LENGTH__+0x7f0b0a>
    38f8:	30 93 0b 0b 	sts	0x0B0B, r19	; 0x800b0b <__TEXT_REGION_LENGTH__+0x7f0b0b>
/Users/askn/Develop/UPDI4AVR-USB/src/sys.cpp:200
      TCB0_CCMPL = _ccmp;
    38fc:	90 e4       	ldi	r25, 0x40	; 64
    38fe:	90 93 0c 0b 	sts	0x0B0C, r25	; 0x800b0c <__TEXT_REGION_LENGTH__+0x7f0b0c>
/Users/askn/Develop/UPDI4AVR-USB/src/sys.cpp:201
      TCB0_CCMPH = _ccmp >> 1;          /* compare TCB0_WO */
    3902:	90 e2       	ldi	r25, 0x20	; 32
    3904:	90 93 0d 0b 	sts	0x0B0D, r25	; 0x800b0d <__TEXT_REGION_LENGTH__+0x7f0b0d>
/Users/askn/Develop/UPDI4AVR-USB/src/sys.cpp:202
      TCB0_CTRLA = TCB_ENABLE_bm | TCB_CLKSEL_EVENT_gc;
    3908:	80 93 00 0b 	sts	0x0B00, r24	; 0x800b00 <__TEXT_REGION_LENGTH__+0x7f0b00>
/Users/askn/Develop/UPDI4AVR-USB/src/sys.cpp:203
      _led_mode = _mode;
    390c:	83 e0       	ldi	r24, 0x03	; 3
    390e:	80 93 50 63 	sts	0x6350, r24	; 0x806350 <_led_mode>
reset_enter():
/Users/askn/Develop/UPDI4AVR-USB/src/sys.cpp:348
      /*
       * Puts a tinyAVR-0/1/2 which does not have a reset pad into reset state.
       * This applies to all chips which have an enabled UPDI pad.
       * Does not affect chips with an active reset pad or TPI/PDI/ISP type chips.
       */
      pinLogicPull(PIN_PGM_TRST);
    3912:	01 9a       	sbi	0x00, 1	; 0
/Users/askn/Develop/UPDI4AVR-USB/src/sys.cpp:350
      // pinLogicPull(PIN_PGM_TCLK);  /* for logic analyzer */
      send_bitmap(_updi_bitmap_reset, sizeof(_updi_bitmap_reset) * 8);
    3914:	8c e3       	ldi	r24, 0x3C	; 60
    3916:	90 e6       	ldi	r25, 0x60	; 96
    3918:	0e 94 63 01 	call	0x2c6	; 0x2c6 <SYS::send_bitmap(unsigned char const*, unsigned int) [clone .constprop.9]>
/Users/askn/Develop/UPDI4AVR-USB/src/sys.cpp:352

      bit_set(GPCONF, GPCONF_HLD_bp);
    391c:	f6 9a       	sbi	0x1e, 6	; 30
/Users/askn/Develop/UPDI4AVR-USB/src/sys.cpp:353
      bit_clear(vportRegister(PIN_SYS_SW0).INTFLAGS, pinPosition(PIN_SYS_SW0));
    391e:	be 98       	cbi	0x17, 6	; 23
    3920:	3b ce       	rjmp	.-906    	; 0x3598 <main+0x3b6>
read_byte():
/Users/askn/Develop/UPDI4AVR-USB/src/usb.cpp:428
    else ep_cdi_listen();
  }

  uint8_t read_byte (void) {
    uint8_t _c = 0;
    if (EP_CDO.CNT != _recv_count) {
    3922:	40 91 ae 64 	lds	r20, 0x64AE	; 0x8064ae <EP_TABLE+0x3a>
    3926:	50 91 af 64 	lds	r21, 0x64AF	; 0x8064af <EP_TABLE+0x3b>
    392a:	28 2f       	mov	r18, r24
    392c:	30 e0       	ldi	r19, 0x00	; 0
main():
/Users/askn/Develop/UPDI4AVR-USB/src/usb.cpp:427
    if (_send_count < 64) _sof_count = 30;
    else ep_cdi_listen();
  }

  uint8_t read_byte (void) {
    uint8_t _c = 0;
    392e:	10 e0       	ldi	r17, 0x00	; 0
read_byte():
/Users/askn/Develop/UPDI4AVR-USB/src/usb.cpp:428
    if (EP_CDO.CNT != _recv_count) {
    3930:	42 17       	cp	r20, r18
    3932:	53 07       	cpc	r21, r19
    3934:	39 f0       	breq	.+14     	; 0x3944 <main+0x762>
/Users/askn/Develop/UPDI4AVR-USB/src/usb.cpp:435
      if (_recv_count == 0) {
        D2PRINTF(" VO=%02X:", EP_CDO.CNT);
        D2PRINTHEX(&EP_MEM.cdo_data, EP_CDO.CNT, ':');
      }
  #endif
      _c = EP_MEM.cdo_data[_recv_count++];
    3936:	8f 5f       	subi	r24, 0xFF	; 255
    3938:	80 93 6f 64 	sts	0x646F, r24	; 0x80646f <_recv_count>
    393c:	24 55       	subi	r18, 0x54	; 84
    393e:	3c 49       	sbci	r19, 0x9C	; 156
    3940:	f9 01       	movw	r30, r18
    3942:	10 81       	ld	r17, Z
/Users/askn/Develop/UPDI4AVR-USB/src/usb.cpp:437
    }
    if (EP_CDO.CNT == _recv_count) ep_cdo_listen();
    3944:	80 91 ae 64 	lds	r24, 0x64AE	; 0x8064ae <EP_TABLE+0x3a>
    3948:	90 91 af 64 	lds	r25, 0x64AF	; 0x8064af <EP_TABLE+0x3b>
    394c:	20 91 6f 64 	lds	r18, 0x646F	; 0x80646f <_recv_count>
    3950:	28 17       	cp	r18, r24
    3952:	19 06       	cpc	r1, r25
    3954:	11 f4       	brne	.+4      	; 0x395a <main+0x778>
    3956:	0e 94 ae 01 	call	0x35c	; 0x35c <USB::ep_cdo_listen()>
vcp_transceiver():
/Users/askn/Develop/UPDI4AVR-USB/src/usb.cpp:488
  #if defined(CONFIG_VCP_CTS_ENABLE)
     && !digitalReadMacro(PIN_VCP_CTS)
  #endif
     && bit_is_set(USART0_STATUS, USART_DREIF_bp)
     && read_available()) {
      USART0_TXDATAL = read_byte();
    395a:	10 93 02 08 	sts	0x0802, r17	; 0x800802 <__TEXT_REGION_LENGTH__+0x7f0802>
    395e:	36 ce       	rjmp	.-916    	; 0x35cc <main+0x3ea>
read_drop():
/Users/askn/Develop/UPDI4AVR-USB/src/usb.cpp:451
    }
    return _s != 0;
  }

  void read_drop (void) {
    if (bit_is_set(EP_CDO.STATUS, USB_BUSNAK_bp)) ep_cdo_listen();
    3960:	80 91 ac 64 	lds	r24, 0x64AC	; 0x8064ac <EP_TABLE+0x38>
    3964:	81 ff       	sbrs	r24, 1
    3966:	32 ce       	rjmp	.-924    	; 0x35cc <main+0x3ea>
    3968:	2f ce       	rjmp	.-930    	; 0x35c8 <main+0x3e6>
cci_break_count():
/Users/askn/Develop/UPDI4AVR-USB/src/usb.cpp:387
    if ((_send_break + 1) > 1) {
      if (_send_break > USB_CCI_INTERVAL) {
        if (bit_is_set(EP_CCI.STATUS, USB_BUSNAK_bp)) ep_cci_listen();
      }
      else {
        _send_break = 0;
    396a:	10 92 71 64 	sts	0x6471, r1	; 0x806471 <_send_break>
    396e:	10 92 72 64 	sts	0x6472, r1	; 0x806472 <_send_break+0x1>
/Users/askn/Develop/UPDI4AVR-USB/src/usb.cpp:388
        break_off();
    3972:	0e 94 71 06 	call	0xce2	; 0xce2 <USB::break_off()>
    3976:	3e ce       	rjmp	.-900    	; 0x35f4 <main+0x412>
dap_command_check():
/Users/askn/Develop/UPDI4AVR-USB/src/jtag.cpp:56
   * Command numbers 0x80 and above are vendor extensions, EDBG Payload uses 0x80 and x81.
   * Additionally, 0x82 is reserved for device event notification.
   */
  bool dap_command_check (void) {
    bool _result = false;
    uint8_t _cmd = EP_MEM.dap_data[0];
    3978:	90 91 6c 63 	lds	r25, 0x636C	; 0x80636c <EP_MEM+0x18>
/Users/askn/Develop/UPDI4AVR-USB/src/jtag.cpp:57
    uint8_t _sub = EP_MEM.dap_data[1];
    397c:	80 91 6d 63 	lds	r24, 0x636D	; 0x80636d <EP_MEM+0x19>
/Users/askn/Develop/UPDI4AVR-USB/src/jtag.cpp:58
    EVSYS_SWEVENTA = EVSYS_SWEVENTA_CH2_gc;
    3980:	24 e0       	ldi	r18, 0x04	; 4
    3982:	20 93 00 02 	sts	0x0200, r18	; 0x800200 <__TEXT_REGION_LENGTH__+0x7f0200>
ep_dpi_pending():
/Users/askn/Develop/UPDI4AVR-USB/src/usb.cpp:272

  bool is_ep_setup (void) { return bit_is_set(EP_REQ.STATUS, USB_EPSETUP_bp); }
  bool is_not_dap (void) { return bit_is_clear(EP_DPO.STATUS, USB_BUSNAK_bp); }
  void ep_req_pending (void) { loop_until_bit_is_set(EP_REQ.STATUS, USB_BUSNAK_bp); }
  void ep_res_pending (void) { loop_until_bit_is_set(EP_RES.STATUS, USB_BUSNAK_bp); }
  void ep_dpi_pending (void) { loop_until_bit_is_set(EP_DPI.STATUS, USB_BUSNAK_bp); }
    3986:	20 91 94 64 	lds	r18, 0x6494	; 0x806494 <EP_TABLE+0x20>
    398a:	21 ff       	sbrs	r18, 1
    398c:	fc cf       	rjmp	.-8      	; 0x3986 <main+0x7a4>
dap_command_check():
/Users/askn/Develop/UPDI4AVR-USB/src/jtag.cpp:70
     * and the data is sent and received with a fixed length of 64 bytes,
     * determined by the value specified in the HID Report.
     * A maximum of 15 chunks is possible,
     * resulting in a maximum payload length of 900 bytes.
     */
    if (_cmd == 0x80) {             /* DAP_EDBG_VENDOR_AVR_CMD */
    398e:	90 38       	cpi	r25, 0x80	; 128
    3990:	09 f0       	breq	.+2      	; 0x3994 <main+0x7b2>
    3992:	79 c0       	rjmp	.+242    	; 0x3a86 <main+0x8a4>
/Users/askn/Develop/UPDI4AVR-USB/src/jtag.cpp:71
      uint8_t _endf = _sub & 0x0F;
    3994:	f8 2f       	mov	r31, r24
    3996:	ff 70       	andi	r31, 0x0F	; 15
    3998:	fd 83       	std	Y+5, r31	; 0x05
/Users/askn/Develop/UPDI4AVR-USB/src/jtag.cpp:72
      uint8_t _frag = _sub >> 4;
    399a:	90 e0       	ldi	r25, 0x00	; 0
    399c:	24 e0       	ldi	r18, 0x04	; 4
    399e:	95 95       	asr	r25
    39a0:	87 95       	ror	r24
    39a2:	2a 95       	dec	r18
    39a4:	e1 f7       	brne	.-8      	; 0x399e <main+0x7bc>
    39a6:	28 2e       	mov	r2, r24
/Users/askn/Develop/UPDI4AVR-USB/src/jtag.cpp:73
      uint8_t _size = EP_MEM.dap_data[3];
    39a8:	e0 90 6f 63 	lds	r14, 0x636F	; 0x80636f <EP_MEM+0x1b>
/Users/askn/Develop/UPDI4AVR-USB/src/jtag.cpp:74
      size_t  _ofst = (_frag - 1) * 60;
    39ac:	01 97       	sbiw	r24, 0x01	; 1
    39ae:	2c e3       	ldi	r18, 0x3C	; 60
    39b0:	28 9f       	mul	r18, r24
    39b2:	80 01       	movw	r16, r0
    39b4:	29 9f       	mul	r18, r25
    39b6:	10 0d       	add	r17, r0
    39b8:	11 24       	eor	r1, r1
/Users/askn/Develop/UPDI4AVR-USB/src/jtag.cpp:75
      if (_endf >= 10) {
    39ba:	fa 30       	cpi	r31, 0x0A	; 10
    39bc:	20 f0       	brcs	.+8      	; 0x39c6 <main+0x7e4>
/Users/askn/Develop/UPDI4AVR-USB/src/jtag.cpp:78
        /* Only a maximum of 540 bytes : 9 fragment records is accepted. */
        D1PRINTF("<EDBG_FAIL>\r\n");
        EP_MEM.dap_data[1] = 0x00;  /* EDBG_RSP_FAIL */
    39be:	10 92 6d 63 	sts	0x636D, r1	; 0x80636d <EP_MEM+0x19>
main():
/Users/askn/Develop/UPDI4AVR-USB/src/jtag.cpp:55
  /*
   * Command numbers 0x80 and above are vendor extensions, EDBG Payload uses 0x80 and x81.
   * Additionally, 0x82 is reserved for device event notification.
   */
  bool dap_command_check (void) {
    bool _result = false;
    39c2:	00 e0       	ldi	r16, 0x00	; 0
    39c4:	26 c0       	rjmp	.+76     	; 0x3a12 <main+0x830>
dap_command_check():
/Users/askn/Develop/UPDI4AVR-USB/src/jtag.cpp:82
        D1PRINTF("<EDBG_FAIL>\r\n");
        EP_MEM.dap_data[1] = 0x00;  /* EDBG_RSP_FAIL */
      }
      else {
        /* Detect the first chunk. */
        if (_frag == 1) _packet_chunks = 0;
    39c6:	21 e0       	ldi	r18, 0x01	; 1
    39c8:	22 12       	cpse	r2, r18
    39ca:	02 c0       	rjmp	.+4      	; 0x39d0 <main+0x7ee>
    39cc:	10 92 b4 60 	sts	0x60B4, r1	; 0x8060b4 <_packet_chunks>
/Users/askn/Develop/UPDI4AVR-USB/src/jtag.cpp:83
        ++_packet_chunks;
    39d0:	80 91 b4 60 	lds	r24, 0x60B4	; 0x8060b4 <_packet_chunks>
    39d4:	33 24       	eor	r3, r3
    39d6:	33 94       	inc	r3
    39d8:	38 0e       	add	r3, r24
    39da:	30 92 b4 60 	sts	0x60B4, r3	; 0x8060b4 <_packet_chunks>
/Users/askn/Develop/UPDI4AVR-USB/src/jtag.cpp:84
        memcpy(&packet.rawData[_ofst], &EP_MEM.dap_data[4], _size);
    39de:	f1 2c       	mov	r15, r1
    39e0:	a7 01       	movw	r20, r14
    39e2:	60 e7       	ldi	r22, 0x70	; 112
    39e4:	73 e6       	ldi	r23, 0x63	; 99
    39e6:	c8 01       	movw	r24, r16
    39e8:	8b 52       	subi	r24, 0x2B	; 43
    39ea:	9f 49       	sbci	r25, 0x9F	; 159
    39ec:	5a d4       	rcall	.+2228   	; 0x42a2 <memcpy>
/Users/askn/Develop/UPDI4AVR-USB/src/jtag.cpp:85
        EP_MEM.dap_data[1] = 0x01;  /* EDBG_RSP_OK */
    39ee:	81 e0       	ldi	r24, 0x01	; 1
    39f0:	80 93 6d 63 	sts	0x636D, r24	; 0x80636d <EP_MEM+0x19>
/Users/askn/Develop/UPDI4AVR-USB/src/jtag.cpp:87
        D3PRINTHEX(&EP_MEM.dap_data, _size + 4, ':');
        if (_endf == _frag) {       /* end of defragment */
    39f4:	4d 81       	ldd	r20, Y+5	; 0x05
    39f6:	42 11       	cpse	r20, r2
    39f8:	e4 cf       	rjmp	.-56     	; 0x39c2 <main+0x7e0>
/Users/askn/Develop/UPDI4AVR-USB/src/jtag.cpp:88
          _packet_length = _ofst + _size;
    39fa:	0e 0d       	add	r16, r14
    39fc:	1f 1d       	adc	r17, r15
    39fe:	00 93 f1 62 	sts	0x62F1, r16	; 0x8062f1 <_packet_length>
    3a02:	10 93 f2 62 	sts	0x62F2, r17	; 0x8062f2 <_packet_length+0x1>
/Users/askn/Develop/UPDI4AVR-USB/src/jtag.cpp:91
          D2PRINTF(" SQ=%03X:%03X<", packet.out.sequence, _packet_length);
          D2PRINTHEX(&packet, _packet_length, ':');
          if (_packet_chunks == _endf) {
    3a06:	8d 81       	ldd	r24, Y+5	; 0x05
    3a08:	83 11       	cpse	r24, r3
    3a0a:	d9 cf       	rjmp	.-78     	; 0x39be <main+0x7dc>
/Users/askn/Develop/UPDI4AVR-USB/src/jtag.cpp:94
            /* True if an EDBG Payload is received. */
            D2PRINTF("<EDBG_OK>\r\n");
            _packet_endfrag = 0;
    3a0c:	10 92 ba 60 	sts	0x60BA, r1	; 0x8060ba <_packet_endfrag>
main():
/Users/askn/Develop/UPDI4AVR-USB/src/jtag.cpp:95
            _result = true;
    3a10:	01 e0       	ldi	r16, 0x01	; 1
ep_dpi_listen():
/Users/askn/Develop/UPDI4AVR-USB/src/usb.cpp:291
    loop_until_bit_is_clear(USB0_INTFLAGSB, USB_RMWBUSY_bp);
    USB_EP_STATUS_CLR(USB_EP_RES) = ~USB_TOGGLE_bm;
  }

  void ep_dpi_listen (void) {
    EP_DPI.CNT = 64;
    3a12:	80 e4       	ldi	r24, 0x40	; 64
    3a14:	90 e0       	ldi	r25, 0x00	; 0
    3a16:	80 93 96 64 	sts	0x6496, r24	; 0x806496 <EP_TABLE+0x22>
    3a1a:	90 93 97 64 	sts	0x6497, r25	; 0x806497 <EP_TABLE+0x23>
/Users/askn/Develop/UPDI4AVR-USB/src/usb.cpp:292
    EP_DPI.MCNT = 0;
    3a1e:	10 92 9a 64 	sts	0x649A, r1	; 0x80649a <EP_TABLE+0x26>
    3a22:	10 92 9b 64 	sts	0x649B, r1	; 0x80649b <EP_TABLE+0x27>
/Users/askn/Develop/UPDI4AVR-USB/src/usb.cpp:293
    loop_until_bit_is_clear(USB0_INTFLAGSB, USB_RMWBUSY_bp);
    3a26:	80 91 0b 0c 	lds	r24, 0x0C0B	; 0x800c0b <__TEXT_REGION_LENGTH__+0x7f0c0b>
    3a2a:	82 fd       	sbrc	r24, 2
    3a2c:	fc cf       	rjmp	.-8      	; 0x3a26 <main+0x844>
/Users/askn/Develop/UPDI4AVR-USB/src/usb.cpp:294
    USB_EP_STATUS_CLR(USB_EP_DPI) = ~USB_TOGGLE_bm;
    3a2e:	8e ef       	ldi	r24, 0xFE	; 254
    3a30:	80 93 46 0c 	sts	0x0C46, r24	; 0x800c46 <__TEXT_REGION_LENGTH__+0x7f0c46>
ep_dpo_listen():
/Users/askn/Develop/UPDI4AVR-USB/src/usb.cpp:298
  }

  void ep_dpo_listen (void) {
    EP_DPO.CNT = 0;
    3a34:	10 92 9e 64 	sts	0x649E, r1	; 0x80649e <EP_TABLE+0x2a>
    3a38:	10 92 9f 64 	sts	0x649F, r1	; 0x80649f <EP_TABLE+0x2b>
/Users/askn/Develop/UPDI4AVR-USB/src/usb.cpp:299
    loop_until_bit_is_clear(USB0_INTFLAGSB, USB_RMWBUSY_bp);
    3a3c:	80 91 0b 0c 	lds	r24, 0x0C0B	; 0x800c0b <__TEXT_REGION_LENGTH__+0x7f0c0b>
    3a40:	82 fd       	sbrc	r24, 2
    3a42:	fc cf       	rjmp	.-8      	; 0x3a3c <main+0x85a>
/Users/askn/Develop/UPDI4AVR-USB/src/usb.cpp:300
    USB_EP_STATUS_CLR(USB_EP_DPO) = ~USB_TOGGLE_bm;
    3a44:	8e ef       	ldi	r24, 0xFE	; 254
    3a46:	80 93 48 0c 	sts	0x0C48, r24	; 0x800c48 <__TEXT_REGION_LENGTH__+0x7f0c48>
main():
/Users/askn/Develop/UPDI4AVR-USB/src/main.cpp:178
      continue;
    }
    _wdt = true;

    /*** CMSIS-DAP and JTAG3 packet receiver ***/
    if (JTAG::dap_command_check()) JTAG::jtag_scope_branch();
    3a4a:	00 23       	and	r16, r16
    3a4c:	09 f4       	brne	.+2      	; 0x3a50 <main+0x86e>
    3a4e:	94 cc       	rjmp	.-1752   	; 0x3378 <main+0x196>
jtag_scope_branch():
/Users/askn/Develop/UPDI4AVR-USB/src/jtag.cpp:463

  /* Processing branches depending on the scope specifier. */
  /* Currently, four types of scope are known: */
  void jtag_scope_branch (void) {
    size_t _rspsize = 0;
    uint8_t _scope  = packet.out.scope;
    3a50:	90 91 d9 60 	lds	r25, 0x60D9	; 0x8060d9 <packet+0x4>
/Users/askn/Develop/UPDI4AVR-USB/src/jtag.cpp:469
    D1PRINTF("SQ=%d:%d>SCOPE=%02X,C=%02X",
      packet.out.sequence,  /* dw */
      _packet_length,       /* dw */
      _scope,               /* b */
      packet.out.cmd);      /* b */
    if      (_scope == 0x01) _rspsize = jtag_scope_general();       /* SCOPE_GENERAL */
    3a54:	91 30       	cpi	r25, 0x01	; 1
    3a56:	09 f0       	breq	.+2      	; 0x3a5a <main+0x878>
    3a58:	d9 c0       	rjmp	.+434    	; 0x3c0c <main+0xa2a>
jtag_scope_general():
/Users/askn/Develop/UPDI4AVR-USB/src/jtag.cpp:184
  // MARK: JTAG

  /*** Only a subset of JTAGICE3 commands are implemented. ***/
  size_t jtag_scope_general (void) {
    size_t  _rspsize = 0;
    uint8_t _cmd     = packet.out.cmd;
    3a5a:	20 91 da 60 	lds	r18, 0x60DA	; 0x8060da <packet+0x5>
/Users/askn/Develop/UPDI4AVR-USB/src/jtag.cpp:185
    uint8_t _section = packet.out.section;
    3a5e:	30 91 dc 60 	lds	r19, 0x60DC	; 0x8060dc <packet+0x7>
/Users/askn/Develop/UPDI4AVR-USB/src/jtag.cpp:186
    uint8_t _index   = packet.out.index;
    3a62:	60 91 dd 60 	lds	r22, 0x60DD	; 0x8060dd <packet+0x8>
/Users/askn/Develop/UPDI4AVR-USB/src/jtag.cpp:187
    uint8_t _length  = packet.out.length;
    3a66:	00 91 de 60 	lds	r16, 0x60DE	; 0x8060de <packet+0x9>
/Users/askn/Develop/UPDI4AVR-USB/src/jtag.cpp:188
    if (_cmd == 0x02) {             /* CMD3_GET_PARAMETER */
    3a6a:	22 30       	cpi	r18, 0x02	; 2
    3a6c:	09 f0       	breq	.+2      	; 0x3a70 <main+0x88e>
    3a6e:	87 c0       	rjmp	.+270    	; 0x3b7e <main+0x99c>
    3a70:	10 e0       	ldi	r17, 0x00	; 0
/Users/askn/Develop/UPDI4AVR-USB/src/jtag.cpp:191
      D1PRINTF(",S=%02X,I=%02X,L=%02X\r\n", _section, _index, _length);
      D1PRINTF(" GEN_GET_PARAM\r\n");
      if (_section == 0) {          /* SET_GET_CTXT_CONFIG */
    3a72:	31 11       	cpse	r19, r1
    3a74:	67 c0       	rjmp	.+206    	; 0x3b44 <main+0x962>
/Users/askn/Develop/UPDI4AVR-USB/src/jtag.cpp:193
        /* _index == 0-5 */
        memcpy_P(&packet.in.data[0], &jtag_version[_index], _length);
    3a76:	70 e0       	ldi	r23, 0x00	; 0
    3a78:	63 50       	subi	r22, 0x03	; 3
/Users/askn/Develop/UPDI4AVR-USB/src/jtag.cpp:207
          packet.in.wValue = _vtarget;
        }
        else {                      /* PARM3_ANALOG_XXXX */
          /* Called with PowerDebugger HAS_VTARG_ADJ */
          D1PRINTF(" PHYSICAL\r\n");
          memcpy_P(&packet.in.data[0], &jtag_physical[_index & 7], _length);
    3a7a:	7e 4f       	sbci	r23, 0xFE	; 254
    3a7c:	a8 01       	movw	r20, r16
    3a7e:	8c ed       	ldi	r24, 0xDC	; 220
    3a80:	90 e6       	ldi	r25, 0x60	; 96
    3a82:	a0 d3       	rcall	.+1856   	; 0x41c4 <memcpy_P>
    3a84:	6e c0       	rjmp	.+220    	; 0x3b62 <main+0x980>
dap_command_check():
/Users/askn/Develop/UPDI4AVR-USB/src/jtag.cpp:105
            EP_MEM.dap_data[1] = 0x00;  /* EDBG_RSP_FAIL */
          }
        }
      }
    }
    else if (_cmd == 0x81) {        /* DAP_EDBG_VENDOR_AVR_RSP */
    3a86:	91 38       	cpi	r25, 0x81	; 129
    3a88:	a9 f5       	brne	.+106    	; 0x3af4 <main+0x912>
/Users/askn/Develop/UPDI4AVR-USB/src/jtag.cpp:106
      EP_MEM.dap_data[2] = 0;       /* Always zero */
    3a8a:	10 92 6e 63 	sts	0x636E, r1	; 0x80636e <EP_MEM+0x1a>
/Users/askn/Develop/UPDI4AVR-USB/src/jtag.cpp:107
      if (_packet_endfrag == 0) {
    3a8e:	90 91 ba 60 	lds	r25, 0x60BA	; 0x8060ba <_packet_endfrag>
    3a92:	91 11       	cpse	r25, r1
    3a94:	05 c0       	rjmp	.+10     	; 0x3aa0 <main+0x8be>
/Users/askn/Develop/UPDI4AVR-USB/src/jtag.cpp:109
        D1PRINTF("<EDBG_EMPTY>\r\n");
        EP_MEM.dap_data[1] = 0;
    3a96:	10 92 6d 63 	sts	0x636D, r1	; 0x80636d <EP_MEM+0x19>
/Users/askn/Develop/UPDI4AVR-USB/src/jtag.cpp:129
      if (_sub == 0xFF              /* DAP_INFO_PACKET_SIZE      */
       || _sub == 0xFB              /* UART Receive Buffer Size  */
       || _sub == 0xFC) {           /* UART Transmit Buffer Size */
        EP_MEM.dap_data[1] = 0x02;  /* length=2 */
        EP_MEM.dap_data[2] = 0x40;  /* MaxPacketSize = 64 */
        EP_MEM.dap_data[3] = 0x00;
    3a9a:	10 92 6f 63 	sts	0x636F, r1	; 0x80636f <EP_MEM+0x1b>
    3a9e:	91 cf       	rjmp	.-222    	; 0x39c2 <main+0x7e0>
/Users/askn/Develop/UPDI4AVR-USB/src/jtag.cpp:113
        D1PRINTF("<EDBG_EMPTY>\r\n");
        EP_MEM.dap_data[1] = 0;
        EP_MEM.dap_data[3] = 0;
      }
      else {
        memcpy(&EP_MEM.dap_data[4], &packet.in.token + (_packet_fragment * 60), 60);
    3aa0:	80 91 bb 60 	lds	r24, 0x60BB	; 0x8060bb <_packet_fragment>
    3aa4:	2c e3       	ldi	r18, 0x3C	; 60
    3aa6:	82 9f       	mul	r24, r18
    3aa8:	f0 01       	movw	r30, r0
    3aaa:	11 24       	eor	r1, r1
    3aac:	ea 52       	subi	r30, 0x2A	; 42
    3aae:	ff 49       	sbci	r31, 0x9F	; 159
    3ab0:	a0 e7       	ldi	r26, 0x70	; 112
    3ab2:	b3 e6       	ldi	r27, 0x63	; 99
    3ab4:	01 90       	ld	r0, Z+
    3ab6:	0d 92       	st	X+, r0
    3ab8:	2a 95       	dec	r18
    3aba:	e1 f7       	brne	.-8      	; 0x3ab4 <main+0x8d2>
/Users/askn/Develop/UPDI4AVR-USB/src/jtag.cpp:114
        EP_MEM.dap_data[1] = ((++_packet_fragment) << 4) | _packet_endfrag;
    3abc:	8f 5f       	subi	r24, 0xFF	; 255
    3abe:	80 93 bb 60 	sts	0x60BB, r24	; 0x8060bb <_packet_fragment>
    3ac2:	e0 e1       	ldi	r30, 0x10	; 16
    3ac4:	8e 9f       	mul	r24, r30
    3ac6:	90 01       	movw	r18, r0
    3ac8:	11 24       	eor	r1, r1
    3aca:	29 2b       	or	r18, r25
    3acc:	20 93 6d 63 	sts	0x636D, r18	; 0x80636d <EP_MEM+0x19>
    3ad0:	20 91 f1 62 	lds	r18, 0x62F1	; 0x8062f1 <_packet_length>
    3ad4:	30 91 f2 62 	lds	r19, 0x62F2	; 0x8062f2 <_packet_length+0x1>
/Users/askn/Develop/UPDI4AVR-USB/src/jtag.cpp:115
        EP_MEM.dap_data[3] = _packet_fragment == _packet_endfrag ? _packet_length : 60;
    3ad8:	98 17       	cp	r25, r24
    3ada:	51 f0       	breq	.+20     	; 0x3af0 <main+0x90e>
    3adc:	8c e3       	ldi	r24, 0x3C	; 60
    3ade:	80 93 6f 63 	sts	0x636F, r24	; 0x80636f <EP_MEM+0x1b>
/Users/askn/Develop/UPDI4AVR-USB/src/jtag.cpp:116
        _packet_length -= 60;
    3ae2:	2c 53       	subi	r18, 0x3C	; 60
    3ae4:	31 09       	sbc	r19, r1
    3ae6:	20 93 f1 62 	sts	0x62F1, r18	; 0x8062f1 <_packet_length>
    3aea:	30 93 f2 62 	sts	0x62F2, r19	; 0x8062f2 <_packet_length+0x1>
    3aee:	69 cf       	rjmp	.-302    	; 0x39c2 <main+0x7e0>
/Users/askn/Develop/UPDI4AVR-USB/src/jtag.cpp:115
        EP_MEM.dap_data[3] = 0;
      }
      else {
        memcpy(&EP_MEM.dap_data[4], &packet.in.token + (_packet_fragment * 60), 60);
        EP_MEM.dap_data[1] = ((++_packet_fragment) << 4) | _packet_endfrag;
        EP_MEM.dap_data[3] = _packet_fragment == _packet_endfrag ? _packet_length : 60;
    3af0:	82 2f       	mov	r24, r18
    3af2:	f5 cf       	rjmp	.-22     	; 0x3ade <main+0x8fc>
/Users/askn/Develop/UPDI4AVR-USB/src/jtag.cpp:123
        D3PRINTHEX(&EP_MEM.dap_data, EP_MEM.dap_data[3] + 4, ':');
      }
    }

    /*** DAP Standard ***/
    else if (_cmd == 0x00) {        /* DAP_CMD_INFO */
    3af4:	91 11       	cpse	r25, r1
    3af6:	1a c0       	rjmp	.+52     	; 0x3b2c <main+0x94a>
/Users/askn/Develop/UPDI4AVR-USB/src/jtag.cpp:124
      if (_sub == 0xFF              /* DAP_INFO_PACKET_SIZE      */
    3af8:	8f 3f       	cpi	r24, 0xFF	; 255
    3afa:	21 f0       	breq	.+8      	; 0x3b04 <main+0x922>
/Users/askn/Develop/UPDI4AVR-USB/src/jtag.cpp:125
       || _sub == 0xFB              /* UART Receive Buffer Size  */
    3afc:	95 e0       	ldi	r25, 0x05	; 5
    3afe:	98 0f       	add	r25, r24
    3b00:	92 30       	cpi	r25, 0x02	; 2
    3b02:	38 f4       	brcc	.+14     	; 0x3b12 <main+0x930>
/Users/askn/Develop/UPDI4AVR-USB/src/jtag.cpp:127
       || _sub == 0xFC) {           /* UART Transmit Buffer Size */
        EP_MEM.dap_data[1] = 0x02;  /* length=2 */
    3b04:	82 e0       	ldi	r24, 0x02	; 2
    3b06:	80 93 6d 63 	sts	0x636D, r24	; 0x80636d <EP_MEM+0x19>
/Users/askn/Develop/UPDI4AVR-USB/src/jtag.cpp:128
        EP_MEM.dap_data[2] = 0x40;  /* MaxPacketSize = 64 */
    3b0a:	80 e4       	ldi	r24, 0x40	; 64
    3b0c:	80 93 6e 63 	sts	0x636E, r24	; 0x80636e <EP_MEM+0x1a>
    3b10:	c4 cf       	rjmp	.-120    	; 0x3a9a <main+0x8b8>
/Users/askn/Develop/UPDI4AVR-USB/src/jtag.cpp:133
        EP_MEM.dap_data[3] = 0x00;
        D3PRINTF(" PI=");
        D3PRINTHEX(&EP_MEM.dap_data, 4, ':');
      }
      else if (_sub == 0xF1) {      /* DAP_INFO_Capabilities */
    3b12:	81 3f       	cpi	r24, 0xF1	; 241
    3b14:	09 f0       	breq	.+2      	; 0x3b18 <main+0x936>
    3b16:	55 cf       	rjmp	.-342    	; 0x39c2 <main+0x7e0>
/Users/askn/Develop/UPDI4AVR-USB/src/jtag.cpp:134
        EP_MEM.dap_data[1] = 0x02;  /* length=2 */
    3b18:	82 e0       	ldi	r24, 0x02	; 2
    3b1a:	80 93 6d 63 	sts	0x636D, r24	; 0x80636d <EP_MEM+0x19>
/Users/askn/Develop/UPDI4AVR-USB/src/jtag.cpp:135
        EP_MEM.dap_data[2] = 0x80;  /* 7:UART Communication Port */
    3b1e:	80 e8       	ldi	r24, 0x80	; 128
    3b20:	80 93 6e 63 	sts	0x636E, r24	; 0x80636e <EP_MEM+0x1a>
/Users/askn/Develop/UPDI4AVR-USB/src/jtag.cpp:136
        EP_MEM.dap_data[3] = 0x01;  /* 1:USB COM Port */
    3b24:	81 e0       	ldi	r24, 0x01	; 1
    3b26:	80 93 6f 63 	sts	0x636F, r24	; 0x80636f <EP_MEM+0x1b>
    3b2a:	4b cf       	rjmp	.-362    	; 0x39c2 <main+0x7e0>
/Users/askn/Develop/UPDI4AVR-USB/src/jtag.cpp:141
        D3PRINTF(" PI=");
        D3PRINTHEX(&EP_MEM.dap_data, 4, ':');
      }
    }
    else if (_cmd == 0x02) {        /* DAP_CMD_CONNECT */
    3b2c:	92 30       	cpi	r25, 0x02	; 2
    3b2e:	09 f4       	brne	.+2      	; 0x3b32 <main+0x950>
    3b30:	48 cf       	rjmp	.-368    	; 0x39c2 <main+0x7e0>
/Users/askn/Develop/UPDI4AVR-USB/src/jtag.cpp:147
      /* EP_MEM.dap_data[1] == CONN_TYPE */
      /* Here, the response is returned without processing. */
      D3PRINTF(" PI=");
      D3PRINTHEX(&EP_MEM.dap_data, 2, ':');
    }
    else if (_cmd == 0x01           /* DAP_CMD_HOSTSTATUS */
    3b32:	91 30       	cpi	r25, 0x01	; 1
    3b34:	19 f4       	brne	.+6      	; 0x3b3c <main+0x95a>
/Users/askn/Develop/UPDI4AVR-USB/src/jtag.cpp:148
          && _sub == 0x00) {        /* DAP_LED_CONNECT */
    3b36:	81 11       	cpse	r24, r1
    3b38:	42 cf       	rjmp	.-380    	; 0x39be <main+0x7dc>
    3b3a:	43 cf       	rjmp	.-378    	; 0x39c2 <main+0x7e0>
/Users/askn/Develop/UPDI4AVR-USB/src/jtag.cpp:154
      /* EP_MEM.dap_data[2] == LED_ON/OFF */
      /* Here, the response is returned without processing. */
      D3PRINTF(" PI=");
      D3PRINTHEX(&EP_MEM.dap_data, 3, ':');
    }
    else if (_cmd == 0x03) {        /* DAP_CMD_DISCONNECT */
    3b3c:	93 30       	cpi	r25, 0x03	; 3
    3b3e:	09 f0       	breq	.+2      	; 0x3b42 <main+0x960>
    3b40:	3e cf       	rjmp	.-388    	; 0x39be <main+0x7dc>
    3b42:	3f cf       	rjmp	.-386    	; 0x39c2 <main+0x7e0>
jtag_scope_general():
/Users/askn/Develop/UPDI4AVR-USB/src/jtag.cpp:197
        /* _index == 0-5 */
        memcpy_P(&packet.in.data[0], &jtag_version[_index], _length);
        D1PRINTF(" VESRION=");
        D1PRINTHEX(&packet.in.data[0], _length, ':');
      }
      else if (_section == 1) {     /* SET_GET_CTXT_PHYSICAL */
    3b44:	31 30       	cpi	r19, 0x01	; 1
    3b46:	69 f4       	brne	.+26     	; 0x3b62 <main+0x980>
/Users/askn/Develop/UPDI4AVR-USB/src/jtag.cpp:198
        if (_index == 0 || _index == 0x20) {  /* PARM3_VTARGET */
    3b48:	86 2f       	mov	r24, r22
    3b4a:	8f 7d       	andi	r24, 0xDF	; 223
    3b4c:	99 f4       	brne	.+38     	; 0x3b74 <main+0x992>
/Users/askn/Develop/UPDI4AVR-USB/src/jtag.cpp:200
          /* Called with `-xvtarget` HAS_VTARG_READ */
          _vtarget = SYS::get_vdd();
    3b4e:	0e 94 5c 05 	call	0xab8	; 0xab8 <SYS::get_vdd()>
    3b52:	80 93 b8 60 	sts	0x60B8, r24	; 0x8060b8 <_vtarget>
    3b56:	90 93 b9 60 	sts	0x60B9, r25	; 0x8060b9 <_vtarget+0x1>
/Users/askn/Develop/UPDI4AVR-USB/src/jtag.cpp:202
          D1PRINTF(" VTARGET=%d\r\n", _vtarget);
          packet.in.wValue = _vtarget;
    3b5a:	80 93 dc 60 	sts	0x60DC, r24	; 0x8060dc <packet+0x7>
    3b5e:	90 93 dd 60 	sts	0x60DD, r25	; 0x8060dd <packet+0x8>
/Users/askn/Develop/UPDI4AVR-USB/src/jtag.cpp:210
          /* Called with PowerDebugger HAS_VTARG_ADJ */
          D1PRINTF(" PHYSICAL\r\n");
          memcpy_P(&packet.in.data[0], &jtag_physical[_index & 7], _length);
        }
      }
      packet.in.res = 0x184;        /* RSP3_DATA */
    3b62:	84 e8       	ldi	r24, 0x84	; 132
    3b64:	91 e0       	ldi	r25, 0x01	; 1
    3b66:	80 93 da 60 	sts	0x60DA, r24	; 0x8060da <packet+0x5>
    3b6a:	90 93 db 60 	sts	0x60DB, r25	; 0x8060db <packet+0x6>
/Users/askn/Develop/UPDI4AVR-USB/src/jtag.cpp:211
      _rspsize = _length + 1;
    3b6e:	c8 01       	movw	r24, r16
jtag_scope_avr_core():
/Users/askn/Develop/UPDI4AVR-USB/src/jtag.cpp:424
          D1PRINTF(" XCLK=%d\r\n", _xclk);
          packet.in.wValue = _xclk;
        }
      }
      packet.in.res = 0x184;        /* RSP3_DATA */
      _rspsize = _length + 1;
    3b70:	01 96       	adiw	r24, 0x01	; 1
    3b72:	23 c0       	rjmp	.+70     	; 0x3bba <main+0x9d8>
jtag_scope_general():
/Users/askn/Develop/UPDI4AVR-USB/src/jtag.cpp:207
          packet.in.wValue = _vtarget;
        }
        else {                      /* PARM3_ANALOG_XXXX */
          /* Called with PowerDebugger HAS_VTARG_ADJ */
          D1PRINTF(" PHYSICAL\r\n");
          memcpy_P(&packet.in.data[0], &jtag_physical[_index & 7], _length);
    3b74:	67 70       	andi	r22, 0x07	; 7
    3b76:	70 e0       	ldi	r23, 0x00	; 0
    3b78:	6b 50       	subi	r22, 0x0B	; 11
    3b7a:	7e 4f       	sbci	r23, 0xFE	; 254
    3b7c:	7f cf       	rjmp	.-258    	; 0x3a7c <main+0x89a>
/Users/askn/Develop/UPDI4AVR-USB/src/jtag.cpp:213
        }
      }
      packet.in.res = 0x184;        /* RSP3_DATA */
      _rspsize = _length + 1;
    }
    else if (_cmd == 0x10) {        /* CMD3_SIGN_ON */
    3b7e:	20 31       	cpi	r18, 0x10	; 16
    3b80:	a1 f5       	brne	.+104    	; 0x3bea <main+0xa08>
/Users/askn/Develop/UPDI4AVR-USB/src/jtag.cpp:215
      D1PRINTF(" GEN_SIGN_ON\r\n");
      PGCONF = 0;
    3b82:	1f ba       	out	0x1f, r1	; 31
/Users/askn/Develop/UPDI4AVR-USB/src/jtag.cpp:216
      _jtag_hvctrl = 0;
    3b84:	10 92 d4 60 	sts	0x60D4, r1	; 0x8060d4 <_jtag_hvctrl>
/Users/askn/Develop/UPDI4AVR-USB/src/jtag.cpp:218
      _jtag_unlock = 0;   /* This is not used. */
      _jtag_arch = 0;
    3b88:	10 92 51 63 	sts	0x6351, r1	; 0x806351 <_jtag_arch>
/Users/askn/Develop/UPDI4AVR-USB/src/jtag.cpp:219
      _jtag_vpow = 1;
    3b8c:	90 93 23 63 	sts	0x6323, r25	; 0x806323 <_jtag_vpow>
/Users/askn/Develop/UPDI4AVR-USB/src/jtag.cpp:220
      _xclk = ISP_CLK;
    3b90:	88 ec       	ldi	r24, 0xC8	; 200
    3b92:	90 e0       	ldi	r25, 0x00	; 0
    3b94:	80 93 52 63 	sts	0x6352, r24	; 0x806352 <_xclk>
    3b98:	90 93 53 63 	sts	0x6353, r25	; 0x806353 <_xclk+0x1>
/Users/askn/Develop/UPDI4AVR-USB/src/jtag.cpp:221
      packet.in.res = 0x80;         /* RSP3_OK */
    3b9c:	80 e8       	ldi	r24, 0x80	; 128
    3b9e:	90 e0       	ldi	r25, 0x00	; 0
    3ba0:	80 93 da 60 	sts	0x60DA, r24	; 0x8060da <packet+0x5>
    3ba4:	90 93 db 60 	sts	0x60DB, r25	; 0x8060db <packet+0x6>
/Users/askn/Develop/UPDI4AVR-USB/src/jtag.cpp:222
      memcpy_P(&packet.in.data, jtag_sign_on, sizeof(jtag_sign_on));
    3ba8:	4a e0       	ldi	r20, 0x0A	; 10
    3baa:	50 e0       	ldi	r21, 0x00	; 0
    3bac:	6b ee       	ldi	r22, 0xEB	; 235
    3bae:	71 e0       	ldi	r23, 0x01	; 1
    3bb0:	8c ed       	ldi	r24, 0xDC	; 220
    3bb2:	90 e6       	ldi	r25, 0x60	; 96
    3bb4:	07 d3       	rcall	.+1550   	; 0x41c4 <memcpy_P>
main():
/Users/askn/Develop/UPDI4AVR-USB/src/jtag.cpp:223
      _rspsize = sizeof(jtag_sign_on);
    3bb6:	8a e0       	ldi	r24, 0x0A	; 10
    3bb8:	90 e0       	ldi	r25, 0x00	; 0
complete_jtag_transactions():
/Users/askn/Develop/UPDI4AVR-USB/src/jtag.cpp:168
    return _result; /* True if an EDBG Payload is received. */
  }

  /*** Prepare for EDBG payload request from device to host ***/
  void complete_jtag_transactions (size_t _length) {
    _packet_length = _length + 6; /* TOKEN + SEQ[2] + EOT + PAD */
    3bba:	9c 01       	movw	r18, r24
    3bbc:	2a 5f       	subi	r18, 0xFA	; 250
    3bbe:	3f 4f       	sbci	r19, 0xFF	; 255
    3bc0:	20 93 f1 62 	sts	0x62F1, r18	; 0x8062f1 <_packet_length>
    3bc4:	30 93 f2 62 	sts	0x62F2, r19	; 0x8062f2 <_packet_length+0x1>
/Users/askn/Develop/UPDI4AVR-USB/src/jtag.cpp:169
    _packet_fragment = 0;
    3bc8:	10 92 bb 60 	sts	0x60BB, r1	; 0x8060bb <_packet_fragment>
/Users/askn/Develop/UPDI4AVR-USB/src/jtag.cpp:170
    _packet_endfrag = (_length + 65) / 60;  /* 1 to 15 */
    3bcc:	8f 5b       	subi	r24, 0xBF	; 191
    3bce:	9f 4f       	sbci	r25, 0xFF	; 255
    3bd0:	6c e3       	ldi	r22, 0x3C	; 60
    3bd2:	70 e0       	ldi	r23, 0x00	; 0
    3bd4:	00 d3       	rcall	.+1536   	; 0x41d6 <__udivmodhi4>
    3bd6:	60 93 ba 60 	sts	0x60BA, r22	; 0x8060ba <_packet_endfrag>
/Users/askn/Develop/UPDI4AVR-USB/src/jtag.cpp:171
    packet.in.token = 0x0E;                 /* TOKEN */
    3bda:	8e e0       	ldi	r24, 0x0E	; 14
    3bdc:	80 93 d6 60 	sts	0x60D6, r24	; 0x8060d6 <packet+0x1>
/Users/askn/Develop/UPDI4AVR-USB/src/jtag.cpp:172
    packet.rawData[_packet_length] = 0;     /* EOT */
    3be0:	2b 52       	subi	r18, 0x2B	; 43
    3be2:	3f 49       	sbci	r19, 0x9F	; 159
    3be4:	f9 01       	movw	r30, r18
    3be6:	10 82       	st	Z, r1
    3be8:	c7 cb       	rjmp	.-2162   	; 0x3378 <main+0x196>
jtag_scope_general():
/Users/askn/Develop/UPDI4AVR-USB/src/jtag.cpp:225
      _xclk = ISP_CLK;
      packet.in.res = 0x80;         /* RSP3_OK */
      memcpy_P(&packet.in.data, jtag_sign_on, sizeof(jtag_sign_on));
      _rspsize = sizeof(jtag_sign_on);
    }
    else if (_cmd == 0x11) {        /* CMD3_SIGN_OFF */
    3bea:	21 31       	cpi	r18, 0x11	; 17
    3bec:	61 f4       	brne	.+24     	; 0x3c06 <main+0xa24>
/Users/askn/Develop/UPDI4AVR-USB/src/jtag.cpp:227
      D1PRINTF(" GEN_SIGN_OFF\r\n");
      if (bit_is_clear(GPCONF, GPCONF_VCP_bp)) {
    3bee:	f1 99       	sbic	0x1e, 1	; 30
    3bf0:	04 c0       	rjmp	.+8      	; 0x3bfa <main+0xa18>
/Users/askn/Develop/UPDI4AVR-USB/src/jtag.cpp:228
        USART::setup();
    3bf2:	0e 94 58 0b 	call	0x16b0	; 0x16b0 <USART::setup()>
/Users/askn/Develop/UPDI4AVR-USB/src/jtag.cpp:229
        USART::change_vcp();
    3bf6:	0e 94 e0 05 	call	0xbc0	; 0xbc0 <USART::change_vcp()>
/Users/askn/Develop/UPDI4AVR-USB/src/jtag.cpp:231
      }
      packet.in.res = 0x80;         /* RSP3_OK */
    3bfa:	80 e8       	ldi	r24, 0x80	; 128
    3bfc:	90 e0       	ldi	r25, 0x00	; 0
jtag_scope_avr_core():
/Users/askn/Develop/UPDI4AVR-USB/src/jtag.cpp:452
      D1PRINTF(" AVR_START_DW_DEBUG:ARCH=%d:FAILED\r\n", _jtag_arch);
      /* Not yet supported. */
    }
    else {
      D1PRINTF(" AVR_CMD?[%02X] ARCH=%d\r\n", _cmd, _jtag_arch);
      packet.in.res = 0xA0;         /* RSP3_FAILED */
    3bfe:	80 93 da 60 	sts	0x60DA, r24	; 0x8060da <packet+0x5>
    3c02:	90 93 db 60 	sts	0x60DB, r25	; 0x8060db <packet+0x6>
main():
/Users/askn/Develop/UPDI4AVR-USB/src/jtag.cpp:183

  // MARK: JTAG

  /*** Only a subset of JTAGICE3 commands are implemented. ***/
  size_t jtag_scope_general (void) {
    size_t  _rspsize = 0;
    3c06:	90 e0       	ldi	r25, 0x00	; 0
    3c08:	80 e0       	ldi	r24, 0x00	; 0
/Users/askn/Develop/UPDI4AVR-USB/src/jtag.cpp:476
    else if (_scope == 0x00) _rspsize = jtag_scope_info();          /* SCOPE_INFO */ /* Not used with EDBG/CMSIS-DAP type */
    else if (_scope == 0x13) _rspsize = AVR32::jtag_scope_avr32();  /* SCOPE_AVR32 */
  #endif
  #ifdef CONFIG_PGM_ISP_ENABLE
    /* This scope complies with the JTAG2 standard. */
    else if (_scope == 0x11) _rspsize = ISP::jtag_scope_isp();      /* SCOPE_AVR_ISP */
    3c0a:	d7 cf       	rjmp	.-82     	; 0x3bba <main+0x9d8>
jtag_scope_branch():
    3c0c:	91 31       	cpi	r25, 0x11	; 17
    3c0e:	11 f4       	brne	.+4      	; 0x3c14 <main+0xa32>
    3c10:	bf d9       	rcall	.-3202   	; 0x2f90 <ISP::jtag_scope_isp()>
    3c12:	d3 cf       	rjmp	.-90     	; 0x3bba <main+0x9d8>
/Users/askn/Develop/UPDI4AVR-USB/src/jtag.cpp:478
  #endif
    else if (_scope == 0x12) _rspsize = jtag_scope_avr_core();      /* SCOPE_AVR */
    3c14:	92 31       	cpi	r25, 0x12	; 18
    3c16:	09 f0       	breq	.+2      	; 0x3c1a <main+0xa38>
    3c18:	e6 c1       	rjmp	.+972    	; 0x3fe6 <main+0xe04>
jtag_scope_avr_core():
/Users/askn/Develop/UPDI4AVR-USB/src/jtag.cpp:286
  // MARK: SCOPE

  /* The AVR scope is further branched by the ARCH designator. */
  size_t jtag_scope_avr_core (void) {
    size_t  _rspsize = 0;
    uint8_t _cmd     = packet.out.cmd;
    3c1a:	90 91 da 60 	lds	r25, 0x60DA	; 0x8060da <packet+0x5>
/Users/askn/Develop/UPDI4AVR-USB/src/jtag.cpp:287
    uint8_t _section = packet.out.section;
    3c1e:	20 91 dc 60 	lds	r18, 0x60DC	; 0x8060dc <packet+0x7>
/Users/askn/Develop/UPDI4AVR-USB/src/jtag.cpp:288
    uint8_t _index   = packet.out.index;
    3c22:	30 91 dd 60 	lds	r19, 0x60DD	; 0x8060dd <packet+0x8>
/Users/askn/Develop/UPDI4AVR-USB/src/jtag.cpp:289
    uint8_t _length  = packet.out.length;
    3c26:	40 91 de 60 	lds	r20, 0x60DE	; 0x8060de <packet+0x9>
/Users/askn/Develop/UPDI4AVR-USB/src/jtag.cpp:290
    if (_cmd == 0x01) {             /* CMD3_SET_PARAMETER */
    3c2a:	91 30       	cpi	r25, 0x01	; 1
    3c2c:	09 f0       	breq	.+2      	; 0x3c30 <main+0xa4e>
    3c2e:	54 c0       	rjmp	.+168    	; 0x3cd8 <main+0xaf6>
/Users/askn/Develop/UPDI4AVR-USB/src/jtag.cpp:292
      D1PRINTF(",S=%02X,I=%02X,L=%02X\r\n", _section, _index, _length);
      packet.out.setData[_length] = 0;
    3c30:	e4 2f       	mov	r30, r20
    3c32:	f0 e0       	ldi	r31, 0x00	; 0
    3c34:	eb 52       	subi	r30, 0x2B	; 43
    3c36:	ff 49       	sbci	r31, 0x9F	; 159
    3c38:	12 86       	std	Z+10, r1	; 0x0a
/Users/askn/Develop/UPDI4AVR-USB/src/jtag.cpp:293
      uint16_t _data = packet.out.wValue;
    3c3a:	60 91 df 60 	lds	r22, 0x60DF	; 0x8060df <packet+0xa>
    3c3e:	70 91 e0 60 	lds	r23, 0x60E0	; 0x8060e0 <packet+0xb>
/Users/askn/Develop/UPDI4AVR-USB/src/jtag.cpp:306
      }
      else {
        D1PRINTF(" AVR_SET_PARAM=%04X\r\n", _data);
      }
  #endif
      if (_section == 0) {          /* SET_GET_CTXT_CONFIG */
    3c42:	21 11       	cpse	r18, r1
    3c44:	19 c0       	rjmp	.+50     	; 0x3c78 <main+0xa96>
/Users/askn/Develop/UPDI4AVR-USB/src/jtag.cpp:307
        if (_index == 0) {          /* PARM3_ARCH */
    3c46:	31 11       	cpse	r19, r1
    3c48:	d8 cf       	rjmp	.-80     	; 0x3bfa <main+0xa18>
/Users/askn/Develop/UPDI4AVR-USB/src/jtag.cpp:310
          uint8_t _d = _data;
          D1PRINTF(" SET_ARCH=%02X\r\n", _d);
          _jtag_arch = _d;          /* 5:UPDI 3:PDI 2,1:ISP */
    3c4a:	60 93 51 63 	sts	0x6351, r22	; 0x806351 <_jtag_arch>
/Users/askn/Develop/UPDI4AVR-USB/src/jtag.cpp:312
  #ifdef CONFIG_PGM_PDI_ENABLE
          if (_d == 3) {
    3c4e:	63 30       	cpi	r22, 0x03	; 3
    3c50:	21 f4       	brne	.+8      	; 0x3c5a <main+0xa78>
/Users/askn/Develop/UPDI4AVR-USB/src/jtag.cpp:313
            pinLogicPull(PIN_PGM_PDAT);
    3c52:	04 9a       	sbi	0x00, 4	; 0
main():
/Users/askn/Develop/UPDI4AVR-USB/src/jtag.cpp:317
          }
  #endif
          if (_d > 2) {
            _xclk = _d == 5 ? UPDI_CLK : PDI_CLK;
    3c54:	84 ec       	ldi	r24, 0xC4	; 196
    3c56:	99 e0       	ldi	r25, 0x09	; 9
    3c58:	06 c0       	rjmp	.+12     	; 0x3c66 <main+0xa84>
jtag_scope_avr_core():
/Users/askn/Develop/UPDI4AVR-USB/src/jtag.cpp:316
  #ifdef CONFIG_PGM_PDI_ENABLE
          if (_d == 3) {
            pinLogicPull(PIN_PGM_PDAT);
          }
  #endif
          if (_d > 2) {
    3c5a:	63 30       	cpi	r22, 0x03	; 3
    3c5c:	70 f2       	brcs	.-100    	; 0x3bfa <main+0xa18>
/Users/askn/Develop/UPDI4AVR-USB/src/jtag.cpp:317
            _xclk = _d == 5 ? UPDI_CLK : PDI_CLK;
    3c5e:	65 30       	cpi	r22, 0x05	; 5
    3c60:	c9 f7       	brne	.-14     	; 0x3c54 <main+0xa72>
main():
    3c62:	81 ee       	ldi	r24, 0xE1	; 225
    3c64:	90 e0       	ldi	r25, 0x00	; 0
jtag_scope_avr_core():
    3c66:	80 93 52 63 	sts	0x6352, r24	; 0x806352 <_xclk>
    3c6a:	90 93 53 63 	sts	0x6353, r25	; 0x806353 <_xclk+0x1>
/Users/askn/Develop/UPDI4AVR-USB/src/jtag.cpp:318
            _xclk_bak = _xclk;
    3c6e:	80 93 b6 60 	sts	0x60B6, r24	; 0x8060b6 <_xclk_bak>
    3c72:	90 93 b7 60 	sts	0x60B7, r25	; 0x8060b7 <_xclk_bak+0x1>
    3c76:	c1 cf       	rjmp	.-126    	; 0x3bfa <main+0xa18>
/Users/askn/Develop/UPDI4AVR-USB/src/jtag.cpp:327
        else if (_index == 1) {     /* PARM3_SESS_PURPOSE */
          D1PRINTF(" SESS_PURPOSE=%02X\r\n", _data);
          _jtag_sess = _data;
        }
      }
      else if (_section == 1) {     /* SET_GET_CTXT_PHYSICAL */
    3c78:	21 30       	cpi	r18, 0x01	; 1
    3c7a:	c9 f4       	brne	.+50     	; 0x3cae <main+0xacc>
/Users/askn/Develop/UPDI4AVR-USB/src/jtag.cpp:328
        if (_index == 0) {          /* PARM3_CONNECTION */
    3c7c:	31 11       	cpse	r19, r1
    3c7e:	03 c0       	rjmp	.+6      	; 0x3c86 <main+0xaa4>
/Users/askn/Develop/UPDI4AVR-USB/src/jtag.cpp:330
          D1PRINTF(" CONNECTION=%02X\r\n", _data);
          _jtag_conn = _data;       /* 8:PARM3_CONN_UPDI */
    3c80:	60 93 b5 60 	sts	0x60B5, r22	; 0x8060b5 <_jtag_conn>
    3c84:	ba cf       	rjmp	.-140    	; 0x3bfa <main+0xa18>
/Users/askn/Develop/UPDI4AVR-USB/src/jtag.cpp:332
        }
        else if (_index == 0x31) {  /* PARM3_CLK_XMEGA_PDI */
    3c86:	31 33       	cpi	r19, 0x31	; 49
    3c88:	09 f0       	breq	.+2      	; 0x3c8c <main+0xaaa>
/Users/askn/Develop/UPDI4AVR-USB/src/jtag.cpp:335
          /* Called with `-B xclk[unit]`. */
          /* XCLK Range Limitation : LSB=kHz */
          if (_data == 0) _data = 1;
    3c8a:	b7 cf       	rjmp	.-146    	; 0x3bfa <main+0xa18>
    3c8c:	61 15       	cp	r22, r1
    3c8e:	71 05       	cpc	r23, r1
    3c90:	11 f4       	brne	.+4      	; 0x3c96 <main+0xab4>
main():
    3c92:	61 e0       	ldi	r22, 0x01	; 1
/Users/askn/Develop/UPDI4AVR-USB/src/jtag.cpp:336
          _data = 1000 / _data;
    3c94:	70 e0       	ldi	r23, 0x00	; 0
jtag_scope_avr_core():
    3c96:	88 ee       	ldi	r24, 0xE8	; 232
    3c98:	93 e0       	ldi	r25, 0x03	; 3
    3c9a:	9d d2       	rcall	.+1338   	; 0x41d6 <__udivmodhi4>
/Users/askn/Develop/UPDI4AVR-USB/src/jtag.cpp:340
  #if defined(DEBUG) && (DEBUG >= 1)
          if (_xclk != _data) D1PRINTF(" FIX_XCLK=%d\r\n", _data);
  #endif
          _xclk = _xclk_bak = _data;
    3c9c:	60 93 b6 60 	sts	0x60B6, r22	; 0x8060b6 <_xclk_bak>
    3ca0:	70 93 b7 60 	sts	0x60B7, r23	; 0x8060b7 <_xclk_bak+0x1>
    3ca4:	60 93 52 63 	sts	0x6352, r22	; 0x806352 <_xclk>
    3ca8:	70 93 53 63 	sts	0x6353, r23	; 0x806353 <_xclk+0x1>
/Users/askn/Develop/UPDI4AVR-USB/src/jtag.cpp:343
        }
      }
      else if (_section == 2) {     /* SET_GET_CTXT_DEVICE */
    3cac:	a6 cf       	rjmp	.-180    	; 0x3bfa <main+0xa18>
    3cae:	22 30       	cpi	r18, 0x02	; 2
/Users/askn/Develop/UPDI4AVR-USB/src/jtag.cpp:344
        if (_index == 0) {          /* PARM3_DEVICEDESC */
    3cb0:	51 f4       	brne	.+20     	; 0x3cc6 <main+0xae4>
    3cb2:	31 11       	cpse	r19, r1
/Users/askn/Develop/UPDI4AVR-USB/src/jtag.cpp:346
          D1PRINTF(" DEVICEDESC=%X\r\n", _length);
          memcpy(&Device_Descriptor, &packet.out.setData[0], _length & 63);
    3cb4:	a2 cf       	rjmp	.-188    	; 0x3bfa <main+0xa18>
    3cb6:	4f 73       	andi	r20, 0x3F	; 63
    3cb8:	50 e0       	ldi	r21, 0x00	; 0
    3cba:	6f ed       	ldi	r22, 0xDF	; 223
    3cbc:	70 e6       	ldi	r23, 0x60	; 96
    3cbe:	83 ef       	ldi	r24, 0xF3	; 243
    3cc0:	92 e6       	ldi	r25, 0x62	; 98
    3cc2:	ef d2       	rcall	.+1502   	; 0x42a2 <memcpy>
    3cc4:	9a cf       	rjmp	.-204    	; 0x3bfa <main+0xa18>
/Users/askn/Develop/UPDI4AVR-USB/src/jtag.cpp:386
          }
          /* STUB: And other descriptors. */
  #endif
        }
      }
      else if (_section == 3) {     /* SET_GET_CTXT_OPTIONS */
    3cc6:	23 30       	cpi	r18, 0x03	; 3
    3cc8:	09 f0       	breq	.+2      	; 0x3ccc <main+0xaea>
    3cca:	97 cf       	rjmp	.-210    	; 0x3bfa <main+0xa18>
/Users/askn/Develop/UPDI4AVR-USB/src/jtag.cpp:387
        if (_index == 6) {          /* PARM3_OPT_12V_UPDI_ENABLE */
    3ccc:	36 30       	cpi	r19, 0x06	; 6
    3cce:	09 f0       	breq	.+2      	; 0x3cd2 <main+0xaf0>
    3cd0:	94 cf       	rjmp	.-216    	; 0x3bfa <main+0xa18>
/Users/askn/Develop/UPDI4AVR-USB/src/jtag.cpp:390
          /* Called with `-xhvupdi` hvupdi_support */
          D1PRINTF(" HVCTRLEN=%02X\r\n", _data);
          _jtag_hvctrl = _data;     /* 1:ENABLE */
    3cd2:	60 93 d4 60 	sts	0x60D4, r22	; 0x8060d4 <_jtag_hvctrl>
    3cd6:	91 cf       	rjmp	.-222    	; 0x3bfa <main+0xa18>
/Users/askn/Develop/UPDI4AVR-USB/src/jtag.cpp:402
          _jtag_unlock = _data;     /* 1:ENABLE */
        }
      }
      packet.in.res = 0x80;         /* RSP3_OK */
    }
    else if (_cmd == 0x02) {        /* CMD3_GET_PARAMETER */
    3cd8:	92 30       	cpi	r25, 0x02	; 2
    3cda:	19 f5       	brne	.+70     	; 0x3d22 <main+0xb40>
/Users/askn/Develop/UPDI4AVR-USB/src/jtag.cpp:405
      D1PRINTF(",S=%02X,I=%02X,L=%02X\r\n", _section, _index, _length);
      D1PRINTF(" AVR_GET_PARAMETER\r\n");
      if (_section == 0) {          /* SET_GET_CTXT_CONFIG */
    3cdc:	21 11       	cpse	r18, r1
    3cde:	0d c0       	rjmp	.+26     	; 0x3cfa <main+0xb18>
/Users/askn/Develop/UPDI4AVR-USB/src/jtag.cpp:408
        if (_index == 0) {          /* PARM3_ARCH */
          D1PRINTF(" GET_ARCH=%02X\r\n", _jtag_arch);
          packet.in.data[0] = _jtag_arch;
    3ce0:	80 91 51 63 	lds	r24, 0x6351	; 0x806351 <_jtag_arch>
/Users/askn/Develop/UPDI4AVR-USB/src/jtag.cpp:406
    }
    else if (_cmd == 0x02) {        /* CMD3_GET_PARAMETER */
      D1PRINTF(",S=%02X,I=%02X,L=%02X\r\n", _section, _index, _length);
      D1PRINTF(" AVR_GET_PARAMETER\r\n");
      if (_section == 0) {          /* SET_GET_CTXT_CONFIG */
        if (_index == 0) {          /* PARM3_ARCH */
    3ce4:	33 23       	and	r19, r19
    3ce6:	79 f0       	breq	.+30     	; 0x3d06 <main+0xb24>
/Users/askn/Develop/UPDI4AVR-USB/src/jtag.cpp:423
          /* `-B <num>khz` : "khz" units are required. */
          D1PRINTF(" XCLK=%d\r\n", _xclk);
          packet.in.wValue = _xclk;
        }
      }
      packet.in.res = 0x184;        /* RSP3_DATA */
    3ce8:	84 e8       	ldi	r24, 0x84	; 132
    3cea:	91 e0       	ldi	r25, 0x01	; 1
    3cec:	80 93 da 60 	sts	0x60DA, r24	; 0x8060da <packet+0x5>
    3cf0:	90 93 db 60 	sts	0x60DB, r25	; 0x8060db <packet+0x6>
/Users/askn/Develop/UPDI4AVR-USB/src/jtag.cpp:424
      _rspsize = _length + 1;
    3cf4:	84 2f       	mov	r24, r20
    3cf6:	90 e0       	ldi	r25, 0x00	; 0
    3cf8:	3b cf       	rjmp	.-394    	; 0x3b70 <main+0x98e>
/Users/askn/Develop/UPDI4AVR-USB/src/jtag.cpp:411
        if (_index == 0) {          /* PARM3_ARCH */
          D1PRINTF(" GET_ARCH=%02X\r\n", _jtag_arch);
          packet.in.data[0] = _jtag_arch;
        }
      }
      else if (_section == 1) {     /* SET_GET_CTXT_PHYSICAL */
    3cfa:	21 30       	cpi	r18, 0x01	; 1
    3cfc:	a9 f7       	brne	.-22     	; 0x3ce8 <main+0xb06>
/Users/askn/Develop/UPDI4AVR-USB/src/jtag.cpp:412
        if (_index == 0) {          /* PARM3_CONNECTION */
    3cfe:	31 11       	cpse	r19, r1
    3d00:	05 c0       	rjmp	.+10     	; 0x3d0c <main+0xb2a>
/Users/askn/Develop/UPDI4AVR-USB/src/jtag.cpp:415
          /* This is a stub that is called but not used. */
          D1PRINTF(" CONNECTION=%02X\r\n", _jtag_conn);
          packet.in.data[0] = _jtag_conn;
    3d02:	80 91 b5 60 	lds	r24, 0x60B5	; 0x8060b5 <_jtag_conn>
    3d06:	80 93 dc 60 	sts	0x60DC, r24	; 0x8060dc <packet+0x7>
    3d0a:	ee cf       	rjmp	.-36     	; 0x3ce8 <main+0xb06>
/Users/askn/Develop/UPDI4AVR-USB/src/jtag.cpp:417
        }
        else if (_index == 0x31) {  /* PARM3_CLK_XMEGA_PDI */
    3d0c:	31 33       	cpi	r19, 0x31	; 49
    3d0e:	61 f7       	brne	.-40     	; 0x3ce8 <main+0xb06>
/Users/askn/Develop/UPDI4AVR-USB/src/jtag.cpp:420
          /* `-B <num>khz` : "khz" units are required. */
          D1PRINTF(" XCLK=%d\r\n", _xclk);
          packet.in.wValue = _xclk;
    3d10:	80 91 52 63 	lds	r24, 0x6352	; 0x806352 <_xclk>
    3d14:	90 91 53 63 	lds	r25, 0x6353	; 0x806353 <_xclk+0x1>
    3d18:	80 93 dc 60 	sts	0x60DC, r24	; 0x8060dc <packet+0x7>
    3d1c:	90 93 dd 60 	sts	0x60DD, r25	; 0x8060dd <packet+0x8>
    3d20:	e3 cf       	rjmp	.-58     	; 0x3ce8 <main+0xb06>
/Users/askn/Develop/UPDI4AVR-USB/src/jtag.cpp:426
        }
      }
      packet.in.res = 0x184;        /* RSP3_DATA */
      _rspsize = _length + 1;
    }
    else if (_jtag_arch == 0x05) _rspsize = UPDI::jtag_scope_updi();    /* UPDI support */
    3d22:	80 91 51 63 	lds	r24, 0x6351	; 0x806351 <_jtag_arch>
    3d26:	85 30       	cpi	r24, 0x05	; 5
    3d28:	09 f0       	breq	.+2      	; 0x3d2c <main+0xb4a>
    3d2a:	dc c0       	rjmp	.+440    	; 0x3ee4 <main+0xd02>
jtag_scope_updi():
/Users/askn/Develop/UPDI4AVR-USB/src/updi.cpp:509
  /* ARCH=UPDI scope Provides functionality. */
  size_t jtag_scope_updi (void) {
    size_t _rspsize = 0;
    uint8_t _cmd = packet.out.cmd;
    uint8_t _step = 25;
    if (_cmd == 0x10) {             /* CMD3_SIGN_ON */
    3d2c:	90 31       	cpi	r25, 0x10	; 16
    3d2e:	99 f5       	brne	.+102    	; 0x3d96 <main+0xbb4>
/Users/askn/Develop/UPDI4AVR-USB/src/updi.cpp:511
      D1PRINTF(" UPDI_SIGN_ON=EXT:%02X\r\n", packet.out.bMType);
      if ((bit_is_set(GPCONF, GPCONF_HLD_bp) || _jtag_hvctrl) && _xclk_bak > 125) {
    3d30:	f6 99       	sbic	0x1e, 6	; 30
    3d32:	04 c0       	rjmp	.+8      	; 0x3d3c <main+0xb5a>
    3d34:	80 91 d4 60 	lds	r24, 0x60D4	; 0x8060d4 <_jtag_hvctrl>
    3d38:	88 23       	and	r24, r24
    3d3a:	69 f0       	breq	.+26     	; 0x3d56 <main+0xb74>
    3d3c:	80 91 b6 60 	lds	r24, 0x60B6	; 0x8060b6 <_xclk_bak>
    3d40:	90 91 b7 60 	lds	r25, 0x60B7	; 0x8060b7 <_xclk_bak+0x1>
    3d44:	8e 37       	cpi	r24, 0x7E	; 126
    3d46:	91 05       	cpc	r25, r1
    3d48:	30 f0       	brcs	.+12     	; 0x3d56 <main+0xb74>
/Users/askn/Develop/UPDI4AVR-USB/src/updi.cpp:513
        /* The maximum speed is limited during HV control. */
        _xclk_bak = 125;
    3d4a:	8d e7       	ldi	r24, 0x7D	; 125
    3d4c:	90 e0       	ldi	r25, 0x00	; 0
    3d4e:	80 93 b6 60 	sts	0x60B6, r24	; 0x8060b6 <_xclk_bak>
    3d52:	90 93 b7 60 	sts	0x60B7, r25	; 0x8060b7 <_xclk_bak+0x1>
/Users/askn/Develop/UPDI4AVR-USB/src/updi.cpp:515
      }
      _xclk = _xclk_bak; // + _step;
    3d56:	80 91 b6 60 	lds	r24, 0x60B6	; 0x8060b6 <_xclk_bak>
    3d5a:	90 91 b7 60 	lds	r25, 0x60B7	; 0x8060b7 <_xclk_bak+0x1>
    3d5e:	80 93 52 63 	sts	0x6352, r24	; 0x806352 <_xclk>
    3d62:	90 93 53 63 	sts	0x6353, r25	; 0x806353 <_xclk+0x1>
/Users/askn/Develop/UPDI4AVR-USB/src/updi.cpp:516
      while (_xclk >= 100 && !(_rspsize = Timeout::command(&connect, nullptr, 70))) {
    3d66:	80 91 52 63 	lds	r24, 0x6352	; 0x806352 <_xclk>
    3d6a:	90 91 53 63 	lds	r25, 0x6353	; 0x806353 <_xclk+0x1>
    3d6e:	84 36       	cpi	r24, 0x64	; 100
    3d70:	91 05       	cpc	r25, r1
    3d72:	08 f4       	brcc	.+2      	; 0x3d76 <main+0xb94>
    3d74:	26 c1       	rjmp	.+588    	; 0x3fc2 <main+0xde0>
    3d76:	46 e4       	ldi	r20, 0x46	; 70
    3d78:	50 e0       	ldi	r21, 0x00	; 0
    3d7a:	70 e0       	ldi	r23, 0x00	; 0
    3d7c:	60 e0       	ldi	r22, 0x00	; 0
    3d7e:	87 eb       	ldi	r24, 0xB7	; 183
    3d80:	91 e1       	ldi	r25, 0x11	; 17
    3d82:	be d8       	rcall	.-3716   	; 0x2f00 <Timeout::command(unsigned int (*)(), unsigned int (*)(), unsigned int)>
    3d84:	00 97       	sbiw	r24, 0x00	; 0
    3d86:	09 f0       	breq	.+2      	; 0x3d8a <main+0xba8>
    3d88:	bc c0       	rjmp	.+376    	; 0x3f02 <main+0xd20>
/Users/askn/Develop/UPDI4AVR-USB/src/updi.cpp:517
        _xclk -= _step;
    3d8a:	80 91 52 63 	lds	r24, 0x6352	; 0x806352 <_xclk>
    3d8e:	90 91 53 63 	lds	r25, 0x6353	; 0x806353 <_xclk+0x1>
    3d92:	49 97       	sbiw	r24, 0x19	; 25
    3d94:	e4 cf       	rjmp	.-56     	; 0x3d5e <main+0xb7c>
/Users/askn/Develop/UPDI4AVR-USB/src/updi.cpp:523
      }
      /* If it fails here, it is expected to try again, giving it a chance at HV control. */
      packet.in.res = _rspsize ? 0x84 : 0xA0; /* RSP3_DATA : RSP3_FAILED */
      return _rspsize;
    }
    else if (_cmd == 0x11) {        /* CMD3_SIGN_OFF */
    3d96:	91 31       	cpi	r25, 0x11	; 17
/Users/askn/Develop/UPDI4AVR-USB/src/updi.cpp:487
    return 1;
  }

  uint8_t sign_off (void) {
    uint8_t _rsp = 1;
    if (PGCONF) {
    3d98:	89 f5       	brne	.+98     	; 0x3dfc <main+0xc1a>
sign_off():
    3d9a:	8f b3       	in	r24, 0x1f	; 31
    3d9c:	88 23       	and	r24, r24
    3d9e:	09 f4       	brne	.+2      	; 0x3da2 <main+0xbc0>
/Users/askn/Develop/UPDI4AVR-USB/src/updi.cpp:488
      _rsp = bit_is_set(PGCONF, PGCONF_PGIA_bp) ? Timeout::command(&disconnect) : 1;
    3da0:	e3 c0       	rjmp	.+454    	; 0x3f68 <main+0xd86>
    3da2:	f8 9b       	sbis	0x1f, 0	; 31
    3da4:	29 c0       	rjmp	.+82     	; 0x3df8 <main+0xc16>
    3da6:	40 e2       	ldi	r20, 0x20	; 32
    3da8:	53 e0       	ldi	r21, 0x03	; 3
    3daa:	70 e0       	ldi	r23, 0x00	; 0
    3dac:	60 e0       	ldi	r22, 0x00	; 0
    3dae:	80 eb       	ldi	r24, 0xB0	; 176
    3db0:	92 e0       	ldi	r25, 0x02	; 2
    3db2:	a6 d8       	rcall	.-3764   	; 0x2f00 <Timeout::command(unsigned int (*)(), unsigned int (*)(), unsigned int)>
    3db4:	08 2f       	mov	r16, r24
/Users/askn/Develop/UPDI4AVR-USB/src/updi.cpp:489
      send_break();
    3db6:	0e 94 b7 04 	call	0x96e	; 0x96e <UPDI::send_break()>
delay_micros():
/Users/askn/Library/Arduino15/packages/MultiX-Zinnia/hardware/modernAVR/0.4.10/cores/modernAVR/api/delay_busywait.h:33
static __inline__ __attribute__((__always_inline__)) void delay_micros (uint32_t _us);
static __inline__ __attribute__((__always_inline__)) void delay_millis (uint32_t _ms);

void delay_micros (uint32_t _us) {
  if (F_CPU >= 1000000L) {
    __builtin_avr_delay_cycles((F_CPU / 1000000L) * _us);
    3dba:	83 ef       	ldi	r24, 0xF3	; 243
    3dbc:	91 e0       	ldi	r25, 0x01	; 1
    3dbe:	01 97       	sbiw	r24, 0x01	; 1
    3dc0:	f1 f7       	brne	.-4      	; 0x3dbe <main+0xbdc>
    3dc2:	00 c0       	rjmp	.+0      	; 0x3dc4 <main+0xbe2>
    3dc4:	00 00       	nop
sign_off():
/Users/askn/Develop/UPDI4AVR-USB/src/updi.cpp:491
      SYS::delay_100us();
      USART::setup();
    3dc6:	0e 94 58 0b 	call	0x16b0	; 0x16b0 <USART::setup()>
/Users/askn/Develop/UPDI4AVR-USB/src/updi.cpp:492
      pinLogicPull(PIN_PGM_TRST);
    3dca:	01 9a       	sbi	0x00, 1	; 0
/Users/askn/Develop/UPDI4AVR-USB/src/updi.cpp:493
      SYS::power_reset();
    3dcc:	61 e0       	ldi	r22, 0x01	; 1
    3dce:	81 e0       	ldi	r24, 0x01	; 1
    3dd0:	0e 94 2e 10 	call	0x205c	; 0x205c <SYS::power_reset(bool, bool)>
delay_micros():
/Users/askn/Library/Arduino15/packages/MultiX-Zinnia/hardware/modernAVR/0.4.10/cores/modernAVR/api/delay_busywait.h:33
    3dd4:	e3 ed       	ldi	r30, 0xD3	; 211
    3dd6:	f0 e3       	ldi	r31, 0x30	; 48
    3dd8:	31 97       	sbiw	r30, 0x01	; 1
    3dda:	f1 f7       	brne	.-4      	; 0x3dd8 <main+0xbf6>
    3ddc:	00 c0       	rjmp	.+0      	; 0x3dde <main+0xbfc>
    3dde:	00 00       	nop
sign_off():
/Users/askn/Develop/UPDI4AVR-USB/src/updi.cpp:495
      SYS::delay_2500us();
      pinLogicOpen(PIN_PGM_TRST);
    3de0:	01 98       	cbi	0x00, 1	; 0
/Users/askn/Develop/UPDI4AVR-USB/src/pdi.cpp:399
        SYS::power_reset();
        SYS::delay_2500us();
      }
      pinLogicOpen(PIN_PGM_PCLK);
      pinControlRegister(PIN_PGM_PDAT) = PORT_ISC_INPUT_DISABLE_gc;
      PGCONF = 0;
    3de2:	1f ba       	out	0x1f, r1	; 31
/Users/askn/Develop/UPDI4AVR-USB/src/pdi.cpp:400
      USART::change_vcp();
    3de4:	0e 94 e0 05 	call	0xbc0	; 0xbc0 <USART::change_vcp()>
jtag_scope_xmega():
/Users/askn/Develop/UPDI4AVR-USB/src/pdi.cpp:422
      _rspsize = sign_off();
    }
    else if (_cmd == 0x15) {        /* CMD3_ENTER_PROGMODE */
      D1PRINTF(" PDI_ENTER_PROG\r\n");
      /* On failure, RSP3_OK is returned if a PDI connection is available. */
      _rspsize = Timeout::command(&enter_progmode, &timeout_fallback) || bit_is_set(PGCONF, PGCONF_PGIA_bp);
    3de8:	80 2f       	mov	r24, r16
    3dea:	90 e0       	ldi	r25, 0x00	; 0
/Users/askn/Develop/UPDI4AVR-USB/src/pdi.cpp:448
    else if (_cmd == 0x23) {        /* CMD3_WRITE_MEMORY */
      D1PRINTF(" PDI_WRITE=%02X:%08lX:%04X\r\n", packet.out.bMType,
        packet.out.dwAddr, (size_t)packet.out.dwLength);
      _rspsize = Timeout::command(&write_memory, &timeout_fallback);
    }
    packet.in.res = _rspsize ? 0x80 : 0xA0;     /* RSP3_OK : RSP3_FAILED */
    3dec:	00 97       	sbiw	r24, 0x00	; 0
    3dee:	09 f4       	brne	.+2      	; 0x3df2 <main+0xc10>
    3df0:	44 c0       	rjmp	.+136    	; 0x3e7a <main+0xc98>
main():
    3df2:	20 e8       	ldi	r18, 0x80	; 128
    3df4:	30 e0       	ldi	r19, 0x00	; 0
/Users/askn/Develop/UPDI4AVR-USB/src/updi.cpp:488
  }

  uint8_t sign_off (void) {
    uint8_t _rsp = 1;
    if (PGCONF) {
      _rsp = bit_is_set(PGCONF, PGCONF_PGIA_bp) ? Timeout::command(&disconnect) : 1;
    3df6:	87 c0       	rjmp	.+270    	; 0x3f06 <main+0xd24>
    3df8:	01 e0       	ldi	r16, 0x01	; 1
/Users/askn/Develop/UPDI4AVR-USB/src/updi.cpp:528
    else if (_cmd == 0x11) {        /* CMD3_SIGN_OFF */
      D1PRINTF(" UPDI_SIGN_OFF\r\n");
      /* If UPDI control has failed, RSP3_OK is always returned. */
      _rspsize = sign_off();
    }
    else if (_cmd == 0x15) {        /* CMD3_ENTER_PROGMODE */
    3dfa:	dd cf       	rjmp	.-70     	; 0x3db6 <main+0xbd4>
jtag_scope_updi():
    3dfc:	95 31       	cpi	r25, 0x15	; 21
/Users/askn/Develop/UPDI4AVR-USB/src/updi.cpp:532
      D1PRINTF(" UPDI_ENTER_PROG\r\n");
      /* On failure, RSP3_OK is returned if a UPDI connection is available. */
      /* Locked devices are given the opportunity to write to USERROW and erase the chip. */
      _rspsize = Timeout::command(&enter_progmode, &timeout_fallback, 250)
    3dfe:	61 f4       	brne	.+24     	; 0x3e18 <main+0xc36>
    3e00:	4a ef       	ldi	r20, 0xFA	; 250
    3e02:	50 e0       	ldi	r21, 0x00	; 0
    3e04:	61 ef       	ldi	r22, 0xF1	; 241
    3e06:	74 e0       	ldi	r23, 0x04	; 4
    3e08:	8d ee       	ldi	r24, 0xED	; 237
/Users/askn/Develop/UPDI4AVR-USB/src/pdi.cpp:422
      _rspsize = sign_off();
    }
    else if (_cmd == 0x15) {        /* CMD3_ENTER_PROGMODE */
      D1PRINTF(" PDI_ENTER_PROG\r\n");
      /* On failure, RSP3_OK is returned if a PDI connection is available. */
      _rspsize = Timeout::command(&enter_progmode, &timeout_fallback) || bit_is_set(PGCONF, PGCONF_PGIA_bp);
    3e0a:	9b e0       	ldi	r25, 0x0B	; 11
jtag_scope_xmega():
    3e0c:	79 d8       	rcall	.-3854   	; 0x2f00 <Timeout::command(unsigned int (*)(), unsigned int (*)(), unsigned int)>
    3e0e:	89 2b       	or	r24, r25
    3e10:	59 f7       	brne	.-42     	; 0x3de8 <main+0xc06>
    3e12:	0f b3       	in	r16, 0x1f	; 31
    3e14:	01 70       	andi	r16, 0x01	; 1
/Users/askn/Develop/UPDI4AVR-USB/src/updi.cpp:535
              || bit_is_set(PGCONF, PGCONF_PGIA_bp);
    }
    else if (_cmd == 0x16) {        /* CMD3_LEAVE_PROGMODE */
    3e16:	e8 cf       	rjmp	.-48     	; 0x3de8 <main+0xc06>
jtag_scope_updi():
    3e18:	96 31       	cpi	r25, 0x16	; 22
    3e1a:	09 f4       	brne	.+2      	; 0x3e1e <main+0xc3c>
/Users/askn/Develop/UPDI4AVR-USB/src/updi.cpp:542
      D1PRINTF(" LAST_XCLK=%d\r\n", _xclk);
      /* There is nothing to do. */
      /* The actual termination process is delayed until CMD3_SIGN_OFF. */
      _rspsize = 1;
    }
    else if (_cmd == 0x20) {        /* CMD3_ERASE_MEMORY */
    3e1c:	cf c0       	rjmp	.+414    	; 0x3fbc <main+0xdda>
    3e1e:	90 32       	cpi	r25, 0x20	; 32
/Users/askn/Develop/UPDI4AVR-USB/src/updi.cpp:545
      D1PRINTF(" UPDI_ERASE=%02X:%06lX\r\n",
        packet.out.bEType, packet.out.dwPageAddr);
      _rspsize = Timeout::command(Command_Table.erase_memory, &timeout_fallback);
    3e20:	51 f4       	brne	.+20     	; 0x3e36 <main+0xc54>
    3e22:	40 e2       	ldi	r20, 0x20	; 32
    3e24:	53 e0       	ldi	r21, 0x03	; 3
    3e26:	61 ef       	ldi	r22, 0xF1	; 241
    3e28:	74 e0       	ldi	r23, 0x04	; 4
    3e2a:	80 91 4c 63 	lds	r24, 0x634C	; 0x80634c <Command_Table+0x4>
    3e2e:	90 91 4d 63 	lds	r25, 0x634D	; 0x80634d <Command_Table+0x5>
jtag_scope_xmega():
/Users/askn/Develop/UPDI4AVR-USB/src/pdi.cpp:446
      return _rspsize;
    }
    else if (_cmd == 0x23) {        /* CMD3_WRITE_MEMORY */
      D1PRINTF(" PDI_WRITE=%02X:%08lX:%04X\r\n", packet.out.bMType,
        packet.out.dwAddr, (size_t)packet.out.dwLength);
      _rspsize = Timeout::command(&write_memory, &timeout_fallback);
    3e32:	66 d8       	rcall	.-3892   	; 0x2f00 <Timeout::command(unsigned int (*)(), unsigned int (*)(), unsigned int)>
    3e34:	db cf       	rjmp	.-74     	; 0x3dec <main+0xc0a>
jtag_scope_updi():
/Users/askn/Develop/UPDI4AVR-USB/src/updi.cpp:547
    }
    else if (bit_is_clear(PGCONF, PGCONF_PGIA_bp)) { /* empty */ }
    3e36:	f8 9b       	sbis	0x1f, 0	; 31
    3e38:	c4 c0       	rjmp	.+392    	; 0x3fc2 <main+0xde0>
/Users/askn/Develop/UPDI4AVR-USB/src/updi.cpp:548
    else if (_cmd == 0x21) {        /* CMD3_READ_MEMORY */
    3e3a:	91 32       	cpi	r25, 0x21	; 33
    3e3c:	09 f0       	breq	.+2      	; 0x3e40 <main+0xc5e>
    3e3e:	46 c0       	rjmp	.+140    	; 0x3ecc <main+0xcea>
/Users/askn/Develop/UPDI4AVR-USB/src/updi.cpp:552
      D1PRINTF(" UPDI_READ=%02X:%06lX:%04X\r\n", packet.out.bMType,
        packet.out.dwAddr, (size_t)packet.out.dwLength);
      uint8_t m_type = packet.out.bMType;
      size_t _wLength = packet.out.dwLength;
    3e40:	00 91 e1 60 	lds	r16, 0x60E1	; 0x8060e1 <packet+0xc>
    3e44:	10 91 e2 60 	lds	r17, 0x60E2	; 0x8060e2 <packet+0xd>
/Users/askn/Develop/UPDI4AVR-USB/src/updi.cpp:553
      if (m_type == 0xD3) {         /* MTYPE_SIB */
    3e48:	23 3d       	cpi	r18, 0xD3	; 211
    3e4a:	d1 f4       	brne	.+52     	; 0x3e80 <main+0xc9e>
/Users/askn/Develop/UPDI4AVR-USB/src/updi.cpp:555
        /* The SIB request occurs before ENTER_PROGMODE. */
        memcpy(&packet.in.data[(uint8_t)packet.out.dwAddr & 31], &_sib, ((_wLength - 1) & 31) + 1);
    3e4c:	80 91 dd 60 	lds	r24, 0x60DD	; 0x8060dd <packet+0x8>
    3e50:	8f 71       	andi	r24, 0x1F	; 31
    3e52:	90 e0       	ldi	r25, 0x00	; 0
    3e54:	a8 01       	movw	r20, r16
    3e56:	41 50       	subi	r20, 0x01	; 1
    3e58:	51 09       	sbc	r21, r1
    3e5a:	4f 71       	andi	r20, 0x1F	; 31
    3e5c:	55 27       	eor	r21, r21
    3e5e:	4f 5f       	subi	r20, 0xFF	; 255
    3e60:	5f 4f       	sbci	r21, 0xFF	; 255
    3e62:	68 e2       	ldi	r22, 0x28	; 40
    3e64:	73 e6       	ldi	r23, 0x63	; 99
    3e66:	84 52       	subi	r24, 0x24	; 36
    3e68:	9f 49       	sbci	r25, 0x9F	; 159
    3e6a:	1b d2       	rcall	.+1078   	; 0x42a2 <memcpy>
read_dummy():
/Users/askn/Develop/UPDI4AVR-USB/src/updi.cpp:355
      packet.in.data[0] = 0x1E;
      packet.in.data[1] = _sib[0] == ' ' ? 'A' : _sib[0];
      packet.in.data[2] = _sib[10];
    }
    else memset(&packet.in.data[0], 0xFF, _wLength);
    return _wLength + 1;
    3e6c:	c8 01       	movw	r24, r16
    3e6e:	01 96       	adiw	r24, 0x01	; 1
main():
/Users/askn/Develop/UPDI4AVR-USB/src/pdi.cpp:440
    }
    else if (_cmd == 0x21) {        /* CMD3_READ_MEMORY */
      D1PRINTF(" PDI_READ=%02X:%08lX:%04X\r\n", packet.out.bMType,
        packet.out.dwAddr, (size_t)packet.out.dwLength);
      _rspsize = Timeout::command(&read_memory, &timeout_fallback);
      packet.in.res = _rspsize ? 0x184 : 0xA0;  /* RSP3_DATA : RSP3_FAILED */
    3e70:	24 e8       	ldi	r18, 0x84	; 132
    3e72:	31 e0       	ldi	r19, 0x01	; 1
jtag_scope_xmega():
    3e74:	00 97       	sbiw	r24, 0x00	; 0
    3e76:	09 f0       	breq	.+2      	; 0x3e7a <main+0xc98>
/Users/askn/Develop/UPDI4AVR-USB/src/pdi.cpp:448
    else if (_cmd == 0x23) {        /* CMD3_WRITE_MEMORY */
      D1PRINTF(" PDI_WRITE=%02X:%08lX:%04X\r\n", packet.out.bMType,
        packet.out.dwAddr, (size_t)packet.out.dwLength);
      _rspsize = Timeout::command(&write_memory, &timeout_fallback);
    }
    packet.in.res = _rspsize ? 0x80 : 0xA0;     /* RSP3_OK : RSP3_FAILED */
    3e78:	46 c0       	rjmp	.+140    	; 0x3f06 <main+0xd24>
main():
    3e7a:	20 ea       	ldi	r18, 0xA0	; 160
    3e7c:	30 e0       	ldi	r19, 0x00	; 0
/Users/askn/Develop/UPDI4AVR-USB/src/updi.cpp:558
      if (m_type == 0xD3) {         /* MTYPE_SIB */
        /* The SIB request occurs before ENTER_PROGMODE. */
        memcpy(&packet.in.data[(uint8_t)packet.out.dwAddr & 31], &_sib, ((_wLength - 1) & 31) + 1);
        _rspsize = _wLength + 1;
      }
      else if (bit_is_set(PGCONF, PGCONF_PROG_bp)) {
    3e7e:	43 c0       	rjmp	.+134    	; 0x3f06 <main+0xd24>
jtag_scope_updi():
    3e80:	f9 9b       	sbis	0x1f, 1	; 31
/Users/askn/Develop/UPDI4AVR-USB/src/updi.cpp:559
        _rspsize = Timeout::command(Command_Table.read_memory, &timeout_fallback, 400);
    3e82:	0a c0       	rjmp	.+20     	; 0x3e98 <main+0xcb6>
    3e84:	40 e9       	ldi	r20, 0x90	; 144
    3e86:	51 e0       	ldi	r21, 0x01	; 1
    3e88:	61 ef       	ldi	r22, 0xF1	; 241
    3e8a:	74 e0       	ldi	r23, 0x04	; 4
    3e8c:	80 91 4a 63 	lds	r24, 0x634A	; 0x80634a <Command_Table+0x2>
    3e90:	90 91 4b 63 	lds	r25, 0x634B	; 0x80634b <Command_Table+0x3>
jtag_scope_xmega():
/Users/askn/Develop/UPDI4AVR-USB/src/pdi.cpp:439
      _rspsize = Timeout::command(&erase_memory, &timeout_fallback);
    }
    else if (_cmd == 0x21) {        /* CMD3_READ_MEMORY */
      D1PRINTF(" PDI_READ=%02X:%08lX:%04X\r\n", packet.out.bMType,
        packet.out.dwAddr, (size_t)packet.out.dwLength);
      _rspsize = Timeout::command(&read_memory, &timeout_fallback);
    3e94:	35 d8       	rcall	.-3990   	; 0x2f00 <Timeout::command(unsigned int (*)(), unsigned int (*)(), unsigned int)>
    3e96:	ec cf       	rjmp	.-40     	; 0x3e70 <main+0xc8e>
read_dummy():
/Users/askn/Develop/UPDI4AVR-USB/src/updi.cpp:347
   * Read dummy memory if necessary.
   */
  size_t read_dummy (void) {
    uint8_t  m_type = packet.out.bMType;
    size_t _wLength = packet.out.dwLength;
    if (m_type == 0xB4 && _sib[0]) {
    3e98:	24 3b       	cpi	r18, 0xB4	; 180
    3e9a:	89 f4       	brne	.+34     	; 0x3ebe <main+0xcdc>
    3e9c:	80 91 28 63 	lds	r24, 0x6328	; 0x806328 <_sib>
    3ea0:	88 23       	and	r24, r24
    3ea2:	69 f0       	breq	.+26     	; 0x3ebe <main+0xcdc>
/Users/askn/Develop/UPDI4AVR-USB/src/updi.cpp:350
      /* The SIGNATURE of a locked device cannot be read.            */
      /* But, the SIB can be read, so a Dummy SIGNATURE is returned. */
      packet.in.data[0] = 0x1E;
    3ea4:	9e e1       	ldi	r25, 0x1E	; 30
    3ea6:	90 93 dc 60 	sts	0x60DC, r25	; 0x8060dc <packet+0x7>
/Users/askn/Develop/UPDI4AVR-USB/src/updi.cpp:351
      packet.in.data[1] = _sib[0] == ' ' ? 'A' : _sib[0];
    3eaa:	80 32       	cpi	r24, 0x20	; 32
    3eac:	09 f4       	brne	.+2      	; 0x3eb0 <main+0xcce>
main():
    3eae:	81 e4       	ldi	r24, 0x41	; 65
read_dummy():
    3eb0:	80 93 dd 60 	sts	0x60DD, r24	; 0x8060dd <packet+0x8>
/Users/askn/Develop/UPDI4AVR-USB/src/updi.cpp:352
      packet.in.data[2] = _sib[10];
    3eb4:	80 91 32 63 	lds	r24, 0x6332	; 0x806332 <_sib+0xa>
    3eb8:	80 93 de 60 	sts	0x60DE, r24	; 0x8060de <packet+0x9>
/Users/askn/Develop/UPDI4AVR-USB/src/updi.cpp:354
    }
    else memset(&packet.in.data[0], 0xFF, _wLength);
    3ebc:	d7 cf       	rjmp	.-82     	; 0x3e6c <main+0xc8a>
    3ebe:	a8 01       	movw	r20, r16
    3ec0:	6f ef       	ldi	r22, 0xFF	; 255
    3ec2:	70 e0       	ldi	r23, 0x00	; 0
    3ec4:	8c ed       	ldi	r24, 0xDC	; 220
    3ec6:	90 e6       	ldi	r25, 0x60	; 96
    3ec8:	f5 d1       	rcall	.+1002   	; 0x42b4 <memset>
    3eca:	d0 cf       	rjmp	.-96     	; 0x3e6c <main+0xc8a>
jtag_scope_updi():
/Users/askn/Develop/UPDI4AVR-USB/src/updi.cpp:568
      /* This will prevent AVRDUDE from displaying annoying errors. */
      else _rspsize = read_dummy();
      packet.in.res = _rspsize ? 0x184 : 0xA0;  /* RSP3_DATA : RSP3_FAILED */
      return _rspsize;
    }
    else if (_cmd == 0x23) {        /* CMD3_WRITE_MEMORY */
    3ecc:	93 32       	cpi	r25, 0x23	; 35
    3ece:	09 f0       	breq	.+2      	; 0x3ed2 <main+0xcf0>
    3ed0:	78 c0       	rjmp	.+240    	; 0x3fc2 <main+0xde0>
/Users/askn/Develop/UPDI4AVR-USB/src/updi.cpp:571
      D1PRINTF(" UPDI_WRITE=%02X:%06lX:%04X\r\n", packet.out.bMType,
        packet.out.dwAddr, (size_t)packet.out.dwLength);
      _rspsize = Timeout::command(Command_Table.write_memory, &timeout_fallback);
    3ed2:	40 e2       	ldi	r20, 0x20	; 32
    3ed4:	53 e0       	ldi	r21, 0x03	; 3
    3ed6:	61 ef       	ldi	r22, 0xF1	; 241
    3ed8:	74 e0       	ldi	r23, 0x04	; 4
    3eda:	80 91 4e 63 	lds	r24, 0x634E	; 0x80634e <Command_Table+0x6>
    3ede:	90 91 4f 63 	lds	r25, 0x634F	; 0x80634f <Command_Table+0x7>
/Users/askn/Develop/UPDI4AVR-USB/src/jtag.cpp:428
  #ifdef CONFIG_PGM_PDI_ENABLE
    else if (_jtag_arch == 0x03) _rspsize = PDI::jtag_scope_xmega();    /* XMEGA support */
    3ee2:	a7 cf       	rjmp	.-178    	; 0x3e32 <main+0xc50>
jtag_scope_avr_core():
    3ee4:	83 30       	cpi	r24, 0x03	; 3
    3ee6:	09 f0       	breq	.+2      	; 0x3eea <main+0xd08>
/Users/askn/Develop/UPDI4AVR-USB/src/pdi.cpp:408
  }

  size_t jtag_scope_xmega (void) {
    size_t _rspsize = 0;
    uint8_t _cmd = packet.out.cmd;
    if (_cmd == 0x10) {             /* CMD3_SIGN_ON */
    3ee8:	6f c0       	rjmp	.+222    	; 0x3fc8 <main+0xde6>
jtag_scope_xmega():
    3eea:	90 31       	cpi	r25, 0x10	; 16
/Users/askn/Develop/UPDI4AVR-USB/src/pdi.cpp:410
      D1PRINTF(" PDI_SIGN_ON=EXT:%02X\r\n", packet.out.bMType);
      _rspsize = Timeout::command(&connect, &timeout_fallback);
    3eec:	89 f4       	brne	.+34     	; 0x3f10 <main+0xd2e>
    3eee:	40 e2       	ldi	r20, 0x20	; 32
    3ef0:	53 e0       	ldi	r21, 0x03	; 3
    3ef2:	6b e4       	ldi	r22, 0x4B	; 75
    3ef4:	79 e0       	ldi	r23, 0x09	; 9
    3ef6:	82 e1       	ldi	r24, 0x12	; 18
    3ef8:	91 e1       	ldi	r25, 0x11	; 17
    3efa:	02 d8       	rcall	.-4092   	; 0x2f00 <Timeout::command(unsigned int (*)(), unsigned int (*)(), unsigned int)>
/Users/askn/Develop/UPDI4AVR-USB/src/pdi.cpp:411
      packet.in.res = _rspsize ? 0x84 : 0xA0; /* RSP3_DATA : RSP3_FAILED */
    3efc:	00 97       	sbiw	r24, 0x00	; 0
    3efe:	09 f4       	brne	.+2      	; 0x3f02 <main+0xd20>
    3f00:	bc cf       	rjmp	.-136    	; 0x3e7a <main+0xc98>
main():
    3f02:	24 e8       	ldi	r18, 0x84	; 132
    3f04:	30 e0       	ldi	r19, 0x00	; 0
jtag_scope_xmega():
/Users/askn/Develop/UPDI4AVR-USB/src/pdi.cpp:448
    else if (_cmd == 0x23) {        /* CMD3_WRITE_MEMORY */
      D1PRINTF(" PDI_WRITE=%02X:%08lX:%04X\r\n", packet.out.bMType,
        packet.out.dwAddr, (size_t)packet.out.dwLength);
      _rspsize = Timeout::command(&write_memory, &timeout_fallback);
    }
    packet.in.res = _rspsize ? 0x80 : 0xA0;     /* RSP3_OK : RSP3_FAILED */
    3f06:	20 93 da 60 	sts	0x60DA, r18	; 0x8060da <packet+0x5>
    3f0a:	30 93 db 60 	sts	0x60DB, r19	; 0x8060db <packet+0x6>
    3f0e:	55 ce       	rjmp	.-854    	; 0x3bba <main+0x9d8>
/Users/askn/Develop/UPDI4AVR-USB/src/pdi.cpp:414
      D1PRINTF(" PDI_SIGN_ON=EXT:%02X\r\n", packet.out.bMType);
      _rspsize = Timeout::command(&connect, &timeout_fallback);
      packet.in.res = _rspsize ? 0x84 : 0xA0; /* RSP3_DATA : RSP3_FAILED */
      return _rspsize;
    }
    else if (_cmd == 0x11) {        /* CMD3_SIGN_OFF */
    3f10:	91 31       	cpi	r25, 0x11	; 17
    3f12:	61 f5       	brne	.+88     	; 0x3f6c <main+0xd8a>
sign_off():
/Users/askn/Develop/UPDI4AVR-USB/src/pdi.cpp:385
    return 0;
  }

  uint8_t sign_off (void) {
    uint8_t _rsp = 1;
    if (PGCONF) {
    3f14:	8f b3       	in	r24, 0x1f	; 31
    3f16:	88 23       	and	r24, r24
    3f18:	39 f1       	breq	.+78     	; 0x3f68 <main+0xd86>
/Users/askn/Develop/UPDI4AVR-USB/src/pdi.cpp:386
      _rsp = Timeout::command(&disconnect);
    3f1a:	40 e2       	ldi	r20, 0x20	; 32
    3f1c:	53 e0       	ldi	r21, 0x03	; 3
    3f1e:	70 e0       	ldi	r23, 0x00	; 0
    3f20:	60 e0       	ldi	r22, 0x00	; 0
    3f22:	86 e5       	ldi	r24, 0x56	; 86
    3f24:	97 e0       	ldi	r25, 0x07	; 7
    3f26:	0e 94 80 17 	call	0x2f00	; 0x2f00 <Timeout::command(unsigned int (*)(), unsigned int (*)(), unsigned int)>
    3f2a:	08 2f       	mov	r16, r24
delay_micros():
/Users/askn/Library/Arduino15/packages/MultiX-Zinnia/hardware/modernAVR/0.4.10/cores/modernAVR/api/delay_busywait.h:33
    3f2c:	83 ef       	ldi	r24, 0xF3	; 243
    3f2e:	91 e0       	ldi	r25, 0x01	; 1
    3f30:	01 97       	sbiw	r24, 0x01	; 1
    3f32:	f1 f7       	brne	.-4      	; 0x3f30 <main+0xd4e>
    3f34:	00 c0       	rjmp	.+0      	; 0x3f36 <main+0xd54>
    3f36:	00 00       	nop
sign_off():
/Users/askn/Develop/UPDI4AVR-USB/src/pdi.cpp:388
      SYS::delay_100us();
      USART::setup();
    3f38:	0e 94 58 0b 	call	0x16b0	; 0x16b0 <USART::setup()>
/Users/askn/Develop/UPDI4AVR-USB/src/pdi.cpp:389
      pinLogicOpen(PIN_PGM_PDAT);
    3f3c:	04 98       	cbi	0x00, 4	; 0
/Users/askn/Develop/UPDI4AVR-USB/src/pdi.cpp:390
      pinControlRegister(PIN_PGM_PCLK) = 0;
    3f3e:	10 92 16 04 	sts	0x0416, r1	; 0x800416 <__TEXT_REGION_LENGTH__+0x7f0416>
/Users/askn/Develop/UPDI4AVR-USB/src/pdi.cpp:391
      digitalWriteMacro(PIN_PGM_PCLK, LOW);
    3f42:	0e 98       	cbi	0x01, 6	; 1
/Users/askn/Develop/UPDI4AVR-USB/src/pdi.cpp:392
      pinLogicPull(PIN_PGM_PCLK);
    3f44:	06 9a       	sbi	0x00, 6	; 0
/Users/askn/Develop/UPDI4AVR-USB/src/pdi.cpp:393
      if (bit_is_set(PGCONF, PGCONF_PROG_bp)) {
    3f46:	f9 9b       	sbis	0x1f, 1	; 31
    3f48:	0a c0       	rjmp	.+20     	; 0x3f5e <main+0xd7c>
/Users/askn/Develop/UPDI4AVR-USB/src/pdi.cpp:394
        SYS::power_reset();
    3f4a:	61 e0       	ldi	r22, 0x01	; 1
    3f4c:	81 e0       	ldi	r24, 0x01	; 1
    3f4e:	0e 94 2e 10 	call	0x205c	; 0x205c <SYS::power_reset(bool, bool)>
delay_micros():
/Users/askn/Library/Arduino15/packages/MultiX-Zinnia/hardware/modernAVR/0.4.10/cores/modernAVR/api/delay_busywait.h:33
    3f52:	e3 ed       	ldi	r30, 0xD3	; 211
    3f54:	f0 e3       	ldi	r31, 0x30	; 48
    3f56:	31 97       	sbiw	r30, 0x01	; 1
    3f58:	f1 f7       	brne	.-4      	; 0x3f56 <main+0xd74>
    3f5a:	00 c0       	rjmp	.+0      	; 0x3f5c <main+0xd7a>
    3f5c:	00 00       	nop
sign_off():
/Users/askn/Develop/UPDI4AVR-USB/src/pdi.cpp:397
        SYS::delay_2500us();
      }
      pinLogicOpen(PIN_PGM_PCLK);
    3f5e:	06 98       	cbi	0x00, 6	; 0
/Users/askn/Develop/UPDI4AVR-USB/src/pdi.cpp:398
      pinControlRegister(PIN_PGM_PDAT) = PORT_ISC_INPUT_DISABLE_gc;
    3f60:	84 e0       	ldi	r24, 0x04	; 4
    3f62:	80 93 14 04 	sts	0x0414, r24	; 0x800414 <__TEXT_REGION_LENGTH__+0x7f0414>
    3f66:	3d cf       	rjmp	.-390    	; 0x3de2 <main+0xc00>
main():
/Users/askn/Develop/UPDI4AVR-USB/src/pdi.cpp:384
    D1PRINTF("  Fail:%02X\r\n", RXDATA);
    return 0;
  }

  uint8_t sign_off (void) {
    uint8_t _rsp = 1;
    3f68:	01 e0       	ldi	r16, 0x01	; 1
    3f6a:	3e cf       	rjmp	.-388    	; 0x3de8 <main+0xc06>
jtag_scope_xmega():
/Users/askn/Develop/UPDI4AVR-USB/src/pdi.cpp:419
    else if (_cmd == 0x11) {        /* CMD3_SIGN_OFF */
      D1PRINTF(" PDI_SIGN_OFF\r\n");
      /* If UPDI control has failed, RSP3_OK is always returned. */
      _rspsize = sign_off();
    }
    else if (_cmd == 0x15) {        /* CMD3_ENTER_PROGMODE */
    3f6c:	95 31       	cpi	r25, 0x15	; 21
    3f6e:	39 f4       	brne	.+14     	; 0x3f7e <main+0xd9c>
/Users/askn/Develop/UPDI4AVR-USB/src/pdi.cpp:422
      D1PRINTF(" PDI_ENTER_PROG\r\n");
      /* On failure, RSP3_OK is returned if a PDI connection is available. */
      _rspsize = Timeout::command(&enter_progmode, &timeout_fallback) || bit_is_set(PGCONF, PGCONF_PGIA_bp);
    3f70:	40 e2       	ldi	r20, 0x20	; 32
    3f72:	53 e0       	ldi	r21, 0x03	; 3
    3f74:	6b e4       	ldi	r22, 0x4B	; 75
    3f76:	79 e0       	ldi	r23, 0x09	; 9
    3f78:	83 e4       	ldi	r24, 0x43	; 67
    3f7a:	97 e0       	ldi	r25, 0x07	; 7
    3f7c:	47 cf       	rjmp	.-370    	; 0x3e0c <main+0xc2a>
/Users/askn/Develop/UPDI4AVR-USB/src/pdi.cpp:424
    }
    else if (_cmd == 0x16) {        /* CMD3_LEAVE_PROGMODE */
    3f7e:	96 31       	cpi	r25, 0x16	; 22
    3f80:	e9 f0       	breq	.+58     	; 0x3fbc <main+0xdda>
/Users/askn/Develop/UPDI4AVR-USB/src/pdi.cpp:430
      D1PRINTF(" PDI_LEAVE_PROG\r\n");
      /* There is nothing to do. */
      /* The actual termination process is delayed until CMD3_SIGN_OFF. */
      _rspsize = 1;
    }
    else if (bit_is_clear(PGCONF, PGCONF_PROG_bp)) { /* empty */ }
    3f82:	f9 9b       	sbis	0x1f, 1	; 31
    3f84:	1e c0       	rjmp	.+60     	; 0x3fc2 <main+0xde0>
/Users/askn/Develop/UPDI4AVR-USB/src/pdi.cpp:431
    else if (_cmd == 0x20) {        /* CMD3_ERASE_MEMORY */
    3f86:	90 32       	cpi	r25, 0x20	; 32
    3f88:	39 f4       	brne	.+14     	; 0x3f98 <main+0xdb6>
/Users/askn/Develop/UPDI4AVR-USB/src/pdi.cpp:434
      D1PRINTF(" PDI_ERASE=%02X:%08lX\r\n",
        packet.out.bEType, packet.out.dwPageAddr);
      _rspsize = Timeout::command(&erase_memory, &timeout_fallback);
    3f8a:	40 e2       	ldi	r20, 0x20	; 32
    3f8c:	53 e0       	ldi	r21, 0x03	; 3
    3f8e:	6b e4       	ldi	r22, 0x4B	; 75
    3f90:	79 e0       	ldi	r23, 0x09	; 9
    3f92:	8f ef       	ldi	r24, 0xFF	; 255
    3f94:	98 e0       	ldi	r25, 0x08	; 8
    3f96:	4d cf       	rjmp	.-358    	; 0x3e32 <main+0xc50>
/Users/askn/Develop/UPDI4AVR-USB/src/pdi.cpp:436
    }
    else if (_cmd == 0x21) {        /* CMD3_READ_MEMORY */
    3f98:	91 32       	cpi	r25, 0x21	; 33
    3f9a:	39 f4       	brne	.+14     	; 0x3faa <main+0xdc8>
/Users/askn/Develop/UPDI4AVR-USB/src/pdi.cpp:439
      D1PRINTF(" PDI_READ=%02X:%08lX:%04X\r\n", packet.out.bMType,
        packet.out.dwAddr, (size_t)packet.out.dwLength);
      _rspsize = Timeout::command(&read_memory, &timeout_fallback);
    3f9c:	40 e2       	ldi	r20, 0x20	; 32
    3f9e:	53 e0       	ldi	r21, 0x03	; 3
    3fa0:	6b e4       	ldi	r22, 0x4B	; 75
    3fa2:	79 e0       	ldi	r23, 0x09	; 9
    3fa4:	8f e9       	ldi	r24, 0x9F	; 159
    3fa6:	97 e0       	ldi	r25, 0x07	; 7
    3fa8:	75 cf       	rjmp	.-278    	; 0x3e94 <main+0xcb2>
/Users/askn/Develop/UPDI4AVR-USB/src/pdi.cpp:443
      packet.in.res = _rspsize ? 0x184 : 0xA0;  /* RSP3_DATA : RSP3_FAILED */
      return _rspsize;
    }
    else if (_cmd == 0x23) {        /* CMD3_WRITE_MEMORY */
    3faa:	93 32       	cpi	r25, 0x23	; 35
    3fac:	51 f4       	brne	.+20     	; 0x3fc2 <main+0xde0>
/Users/askn/Develop/UPDI4AVR-USB/src/pdi.cpp:446
      D1PRINTF(" PDI_WRITE=%02X:%08lX:%04X\r\n", packet.out.bMType,
        packet.out.dwAddr, (size_t)packet.out.dwLength);
      _rspsize = Timeout::command(&write_memory, &timeout_fallback);
    3fae:	40 e2       	ldi	r20, 0x20	; 32
    3fb0:	53 e0       	ldi	r21, 0x03	; 3
    3fb2:	6b e4       	ldi	r22, 0x4B	; 75
    3fb4:	79 e0       	ldi	r23, 0x09	; 9
    3fb6:	87 e4       	ldi	r24, 0x47	; 71
    3fb8:	98 e0       	ldi	r25, 0x08	; 8
    3fba:	3b cf       	rjmp	.-394    	; 0x3e32 <main+0xc50>
main():
/Users/askn/Develop/UPDI4AVR-USB/src/pdi.cpp:428
    }
    else if (_cmd == 0x16) {        /* CMD3_LEAVE_PROGMODE */
      D1PRINTF(" PDI_LEAVE_PROG\r\n");
      /* There is nothing to do. */
      /* The actual termination process is delayed until CMD3_SIGN_OFF. */
      _rspsize = 1;
    3fbc:	81 e0       	ldi	r24, 0x01	; 1
    3fbe:	90 e0       	ldi	r25, 0x00	; 0
    3fc0:	18 cf       	rjmp	.-464    	; 0x3df2 <main+0xc10>
/Users/askn/Develop/UPDI4AVR-USB/src/pdi.cpp:406
    }
    return _rsp;
  }

  size_t jtag_scope_xmega (void) {
    size_t _rspsize = 0;
    3fc2:	90 e0       	ldi	r25, 0x00	; 0
    3fc4:	80 e0       	ldi	r24, 0x00	; 0
    3fc6:	59 cf       	rjmp	.-334    	; 0x3e7a <main+0xc98>
jtag_scope_avr_core():
/Users/askn/Develop/UPDI4AVR-USB/src/jtag.cpp:430
  #endif
    else if (_cmd == 0x11) {        /* CMD3_SIGN_OFF */
    3fc8:	91 31       	cpi	r25, 0x11	; 17
    3fca:	09 f4       	brne	.+2      	; 0x3fce <main+0xdec>
    3fcc:	16 ce       	rjmp	.-980    	; 0x3bfa <main+0xa18>
/Users/askn/Develop/UPDI4AVR-USB/src/jtag.cpp:440
    /* The following details the JTAG2 specifications. */
  #ifdef _Not_yet_implemented_stub_
    else if (_jtag_arch == 0x01) _rspsize = DWI::jtag_scope_dwire();     /* dWire? */
  #endif
  #ifdef CONFIG_PGM_ISP_ENABLE
    else if (_jtag_arch == 0x02) _rspsize = ISP::jtag_scope_isp();      /* ISP/MEGA */
    3fce:	82 30       	cpi	r24, 0x02	; 2
    3fd0:	09 f4       	brne	.+2      	; 0x3fd4 <main+0xdf2>
    3fd2:	1e ce       	rjmp	.-964    	; 0x3c10 <main+0xa2e>
/Users/askn/Develop/UPDI4AVR-USB/src/jtag.cpp:442
  #endif
    else if (_cmd == 0x10) {        /* CMD3_SIGN_ON */
    3fd4:	90 31       	cpi	r25, 0x10	; 16
    3fd6:	09 f4       	brne	.+2      	; 0x3fda <main+0xdf8>
    3fd8:	10 ce       	rjmp	.-992    	; 0x3bfa <main+0xa18>
/Users/askn/Develop/UPDI4AVR-USB/src/jtag.cpp:446
      D1PRINTF(" AVR_SIGN_ON:ARCH=%d\r\n", _jtag_arch);
      packet.in.res = 0x80;         /* RSP3_OK */
    }
    else if (_cmd == 0x13) {        /* CMD3_START_DW_DEBUG */
    3fda:	93 31       	cpi	r25, 0x13	; 19
    3fdc:	09 f4       	brne	.+2      	; 0x3fe0 <main+0xdfe>
    3fde:	13 ce       	rjmp	.-986    	; 0x3c06 <main+0xa24>
/Users/askn/Develop/UPDI4AVR-USB/src/jtag.cpp:452
      D1PRINTF(" AVR_START_DW_DEBUG:ARCH=%d:FAILED\r\n", _jtag_arch);
      /* Not yet supported. */
    }
    else {
      D1PRINTF(" AVR_CMD?[%02X] ARCH=%d\r\n", _cmd, _jtag_arch);
      packet.in.res = 0xA0;         /* RSP3_FAILED */
    3fe0:	80 ea       	ldi	r24, 0xA0	; 160
    3fe2:	90 e0       	ldi	r25, 0x00	; 0
    3fe4:	0c ce       	rjmp	.-1000   	; 0x3bfe <main+0xa1c>
jtag_scope_branch():
/Users/askn/Develop/UPDI4AVR-USB/src/jtag.cpp:479
  #ifdef CONFIG_PGM_ISP_ENABLE
    /* This scope complies with the JTAG2 standard. */
    else if (_scope == 0x11) _rspsize = ISP::jtag_scope_isp();      /* SCOPE_AVR_ISP */
  #endif
    else if (_scope == 0x12) _rspsize = jtag_scope_avr_core();      /* SCOPE_AVR */
    else if (_scope == 0x14) _rspsize = TPI::jtag_scope_tpi();      /* SCOPE_AVR_TPI */
    3fe6:	94 31       	cpi	r25, 0x14	; 20
    3fe8:	09 f0       	breq	.+2      	; 0x3fec <main+0xe0a>
    3fea:	76 c0       	rjmp	.+236    	; 0x40d8 <main+0xef6>
jtag_scope_tpi():
/Users/askn/Develop/UPDI4AVR-USB/src/tpi.cpp:351
   * It doesn't seem to be implemented in the "mEDBG".
   * which means it will start immediately with XPRG_CMD_ENTER_PROGMODE.
   */
  size_t jtag_scope_tpi (void) {
    size_t _rspsize = 0;  /* Make final adjustments. */
    uint8_t _cmd    = packet.out.cmd;
    3fec:	80 91 da 60 	lds	r24, 0x60DA	; 0x8060da <packet+0x5>
/Users/askn/Develop/UPDI4AVR-USB/src/tpi.cpp:352
    if (_cmd == 0x01) {             /* XPRG_CMD_ENTER_PROGMODE */
    3ff0:	81 30       	cpi	r24, 0x01	; 1
    3ff2:	b9 f4       	brne	.+46     	; 0x4022 <main+0xe40>
/Users/askn/Develop/UPDI4AVR-USB/src/tpi.cpp:354
      D1PRINTF(" TPI_ENTER_PROGMODE\r\n");
      _vtarget = SYS::get_vdd();
    3ff4:	0e 94 5c 05 	call	0xab8	; 0xab8 <SYS::get_vdd()>
    3ff8:	80 93 b8 60 	sts	0x60B8, r24	; 0x8060b8 <_vtarget>
    3ffc:	90 93 b9 60 	sts	0x60B9, r25	; 0x8060b9 <_vtarget+0x1>
/Users/askn/Develop/UPDI4AVR-USB/src/tpi.cpp:356
      D1PRINTF(" VTARGET=%d\r\n", _vtarget);
      _jtag_arch = 0;
    4000:	10 92 51 63 	sts	0x6351, r1	; 0x806351 <_jtag_arch>
/Users/askn/Develop/UPDI4AVR-USB/src/tpi.cpp:357
      _rspsize = Timeout::command(&connect);
    4004:	40 e2       	ldi	r20, 0x20	; 32
    4006:	53 e0       	ldi	r21, 0x03	; 3
    4008:	70 e0       	ldi	r23, 0x00	; 0
    400a:	60 e0       	ldi	r22, 0x00	; 0
    400c:	88 e4       	ldi	r24, 0x48	; 72
    400e:	90 e1       	ldi	r25, 0x10	; 16
/Users/askn/Develop/UPDI4AVR-USB/src/tpi.cpp:409
      D1PRINTF(" TPI_WRITE=%02X:%08lX:%d\r\n",
        packet.out.tpi.write.bMType,
        bswap32(packet.out.tpi.write.dwAddr),
        bswap16(packet.out.tpi.write.wLength)
      );
      _rspsize = Timeout::command(&write_memory);
    4010:	0e 94 80 17 	call	0x2f00	; 0x2f00 <Timeout::command(unsigned int (*)(), unsigned int (*)(), unsigned int)>
/Users/askn/Develop/UPDI4AVR-USB/src/tpi.cpp:411
    }
    packet.in.tpi.res = _rspsize ? 0x00 : 0x01; /* XPRG_ERR_OK : XPRG_ERR_FAILED */
    4014:	21 e0       	ldi	r18, 0x01	; 1
    4016:	00 97       	sbiw	r24, 0x00	; 0
    4018:	09 f0       	breq	.+2      	; 0x401c <main+0xe3a>
    401a:	20 e0       	ldi	r18, 0x00	; 0
    401c:	20 93 db 60 	sts	0x60DB, r18	; 0x8060db <packet+0x6>
    4020:	a7 cd       	rjmp	.-1202   	; 0x3b70 <main+0x98e>
/Users/askn/Develop/UPDI4AVR-USB/src/tpi.cpp:359
      _vtarget = SYS::get_vdd();
      D1PRINTF(" VTARGET=%d\r\n", _vtarget);
      _jtag_arch = 0;
      _rspsize = Timeout::command(&connect);
    }
    else if (_cmd == 0x02) {        /* XPRG_CMD_LEAVE_PROGMODE */
    4022:	82 30       	cpi	r24, 0x02	; 2
    4024:	71 f5       	brne	.+92     	; 0x4082 <main+0xea0>
sign_off():
/Users/askn/Develop/UPDI4AVR-USB/src/tpi.cpp:325
    return 1;
  }

  uint8_t sign_off (void) {
    uint8_t _rsp = 1;
    if (PGCONF) {
    4026:	8f b3       	in	r24, 0x1f	; 31
    4028:	88 23       	and	r24, r24
    402a:	41 f1       	breq	.+80     	; 0x407c <main+0xe9a>
/Users/askn/Develop/UPDI4AVR-USB/src/tpi.cpp:326
      _rsp = bit_is_set(PGCONF, PGCONF_PGIA_bp) ? disconnect() : 1;
    402c:	f8 9b       	sbis	0x1f, 0	; 31
    402e:	15 c0       	rjmp	.+42     	; 0x405a <main+0xe78>
set_sstcs():
/Users/askn/Develop/UPDI4AVR-USB/src/tpi.cpp:74
    return send(0x80 | _addr) && recv();
  }

  bool set_sstcs (const uint8_t _addr, const uint8_t _data) {
    D2PRINTF("[SSTCS:%02X:%02X]\r\n", _addr, _data);
    return send(0xC0 | _addr) && send(_data);
    4030:	80 ec       	ldi	r24, 0xC0	; 192
    4032:	0e 94 8c 02 	call	0x518	; 0x518 <PDI::send(unsigned char)>
    4036:	88 23       	and	r24, r24
    4038:	19 f0       	breq	.+6      	; 0x4040 <main+0xe5e>
    403a:	80 e0       	ldi	r24, 0x00	; 0
    403c:	0e 94 09 05 	call	0xa12	; 0xa12 <PDI::send_byte(unsigned char) [clone .part.4]>
disconnect():
/Users/askn/Develop/UPDI4AVR-USB/src/tpi.cpp:311

  size_t disconnect (void) {
    /*** leave RESET (normal programing) ***/
    set_sstcs(0x00, 0x00);
    /* Send the NVM exit command, wait a short while and release RESET. */
    idle_clock(28);
    4040:	8c e1       	ldi	r24, 0x1C	; 28
    4042:	90 e0       	ldi	r25, 0x00	; 0
    4044:	0e 94 4c 05 	call	0xa98	; 0xa98 <TPI::idle_clock(unsigned int)>
/Users/askn/Develop/UPDI4AVR-USB/src/tpi.cpp:313
  #ifdef CONFIG_HVC_ENABLE
    if (bit_is_set(PGCONF, PGCONF_HVEN_bp)) {
    4048:	fc 9b       	sbis	0x1f, 4	; 31
    404a:	07 c0       	rjmp	.+14     	; 0x405a <main+0xe78>
hvc_leave():
/Users/askn/Develop/UPDI4AVR-USB/src/sys.cpp:454
  #endif
  }

  void hvc_leave (void) {
  #ifdef CONFIG_HVC_ENABLE
    TCA0_SPLIT_CTRLB = 0;
    404c:	10 92 01 0a 	sts	0x0A01, r1	; 0x800a01 <__TEXT_REGION_LENGTH__+0x7f0a01>
/Users/askn/Develop/UPDI4AVR-USB/src/sys.cpp:455
    TCA0_SPLIT_CTRLA = TCA_SPLIT_ENABLE_bm | TCA_SPLIT_CLKSEL_DIV1024_gc;
    4050:	8f e0       	ldi	r24, 0x0F	; 15
    4052:	80 93 00 0a 	sts	0x0A00, r24	; 0x800a00 <__TEXT_REGION_LENGTH__+0x7f0a00>
disconnect():
/Users/askn/Develop/UPDI4AVR-USB/src/tpi.cpp:315
      SYS::hvc_leave();
      digitalWriteMacro(PIN_HVC_SELECT2, LOW);
    4056:	69 98       	cbi	0x0d, 1	; 13
/Users/askn/Develop/UPDI4AVR-USB/src/tpi.cpp:316
      bit_clear(PGCONF, PGCONF_HVEN_bp);
    4058:	fc 98       	cbi	0x1f, 4	; 31
sign_off():
/Users/askn/Develop/UPDI4AVR-USB/src/tpi.cpp:327

  uint8_t sign_off (void) {
    uint8_t _rsp = 1;
    if (PGCONF) {
      _rsp = bit_is_set(PGCONF, PGCONF_PGIA_bp) ? disconnect() : 1;
      pinLogicOpen(PIN_PGM_TCLK);
    405a:	02 98       	cbi	0x00, 2	; 0
/Users/askn/Develop/UPDI4AVR-USB/src/tpi.cpp:328
      pinLogicOpen(PIN_PGM_TRST);
    405c:	01 98       	cbi	0x00, 1	; 0
/Users/askn/Develop/UPDI4AVR-USB/src/tpi.cpp:329
      SYS::power_reset();
    405e:	61 e0       	ldi	r22, 0x01	; 1
    4060:	81 e0       	ldi	r24, 0x01	; 1
    4062:	0e 94 2e 10 	call	0x205c	; 0x205c <SYS::power_reset(bool, bool)>
delay_micros():
/Users/askn/Library/Arduino15/packages/MultiX-Zinnia/hardware/modernAVR/0.4.10/cores/modernAVR/api/delay_busywait.h:33
    4066:	83 ed       	ldi	r24, 0xD3	; 211
    4068:	90 e3       	ldi	r25, 0x30	; 48
    406a:	01 97       	sbiw	r24, 0x01	; 1
    406c:	f1 f7       	brne	.-4      	; 0x406a <main+0xe88>
    406e:	00 c0       	rjmp	.+0      	; 0x4070 <main+0xe8e>
    4070:	00 00       	nop
sign_off():
/Users/askn/Develop/UPDI4AVR-USB/src/tpi.cpp:331
      SYS::delay_2500us();
      PGCONF = 0;
    4072:	1f ba       	out	0x1f, r1	; 31
/Users/askn/Develop/UPDI4AVR-USB/src/tpi.cpp:332
      USART::setup();
    4074:	0e 94 58 0b 	call	0x16b0	; 0x16b0 <USART::setup()>
/Users/askn/Develop/UPDI4AVR-USB/src/tpi.cpp:333
      USART::change_vcp();
    4078:	0e 94 e0 05 	call	0xbc0	; 0xbc0 <USART::change_vcp()>
main():
/Users/askn/Develop/UPDI4AVR-USB/src/tpi.cpp:361
      _jtag_arch = 0;
      _rspsize = Timeout::command(&connect);
    }
    else if (_cmd == 0x02) {        /* XPRG_CMD_LEAVE_PROGMODE */
      D1PRINTF(" TPI_LEAVE_PROGMODE\r\n");
      _rspsize = sign_off();
    407c:	81 e0       	ldi	r24, 0x01	; 1
    407e:	90 e0       	ldi	r25, 0x00	; 0
    4080:	c9 cf       	rjmp	.-110    	; 0x4014 <main+0xe32>
jtag_scope_tpi():
/Users/askn/Develop/UPDI4AVR-USB/src/tpi.cpp:363
    }
    else if (_cmd == 0x07) {        /* XPRG_CMD_SET_PARAM */
    4082:	87 30       	cpi	r24, 0x07	; 7
    4084:	d9 f3       	breq	.-10     	; 0x407c <main+0xe9a>
/Users/askn/Develop/UPDI4AVR-USB/src/tpi.cpp:381
        _tpi_csr_addr = _bValue;    /* XPRG_TPI_NVMCSR_ADDRESS */
      }
  #endif
      _rspsize = 1;
    }
    else if (_cmd == 0x06) {        /* XPRG_CMD_CRC */
    4086:	86 30       	cpi	r24, 0x06	; 6
    4088:	21 f1       	breq	.+72     	; 0x40d2 <main+0xef0>
/Users/askn/Develop/UPDI4AVR-USB/src/tpi.cpp:384
      D1PRINTF(" TPI_CRC\r\n");     /* not used (Fail) */
    }
    else if (bit_is_clear(PGCONF, PGCONF_PGIA_bp)) { /* empty */ }
    408a:	f8 9b       	sbis	0x1f, 0	; 31
    408c:	22 c0       	rjmp	.+68     	; 0x40d2 <main+0xef0>
/Users/askn/Develop/UPDI4AVR-USB/src/tpi.cpp:385
    else if (_cmd == 0x05) {        /* XPRG_CMD_READ_MEM */
    408e:	85 30       	cpi	r24, 0x05	; 5
    4090:	39 f4       	brne	.+14     	; 0x40a0 <main+0xebe>
/Users/askn/Develop/UPDI4AVR-USB/src/tpi.cpp:391
      D1PRINTF(" TPI_READ=%02X:%08lX:%d\r\n",
        packet.out.tpi.read.bMType,
        bswap32(packet.out.tpi.read.dwAddr),
        bswap16(packet.out.tpi.read.wLength)
      );
      _rspsize = Timeout::command(&read_memory);
    4092:	40 e2       	ldi	r20, 0x20	; 32
    4094:	53 e0       	ldi	r21, 0x03	; 3
    4096:	70 e0       	ldi	r23, 0x00	; 0
    4098:	60 e0       	ldi	r22, 0x00	; 0
    409a:	83 e8       	ldi	r24, 0x83	; 131
    409c:	94 e1       	ldi	r25, 0x14	; 20
    409e:	b8 cf       	rjmp	.-144    	; 0x4010 <main+0xe2e>
/Users/askn/Develop/UPDI4AVR-USB/src/tpi.cpp:393
    }
    else if (_vtarget < 4200) {
    40a0:	20 91 b8 60 	lds	r18, 0x60B8	; 0x8060b8 <_vtarget>
    40a4:	30 91 b9 60 	lds	r19, 0x60B9	; 0x8060b9 <_vtarget+0x1>
    40a8:	28 36       	cpi	r18, 0x68	; 104
    40aa:	30 41       	sbci	r19, 0x10	; 16
    40ac:	90 f0       	brcs	.+36     	; 0x40d2 <main+0xef0>
/Users/askn/Develop/UPDI4AVR-USB/src/tpi.cpp:396
      D1PRINTF(" TPI_CMD=%d, VTGLOW=%d\r\n", _cmd, _vtarget);
    }
    else if (_cmd == 0x03) {        /* XPRG_CMD_ERASE */
    40ae:	83 30       	cpi	r24, 0x03	; 3
    40b0:	39 f4       	brne	.+14     	; 0x40c0 <main+0xede>
/Users/askn/Develop/UPDI4AVR-USB/src/tpi.cpp:401
      D1PRINTF(" TPI_ERASE=%02X:%08lX\r\n",
        packet.out.tpi.read.bMType,
        bswap32(packet.out.tpi.read.dwAddr)
      );
      _rspsize = Timeout::command(&erase_memory);
    40b2:	40 e2       	ldi	r20, 0x20	; 32
    40b4:	53 e0       	ldi	r21, 0x03	; 3
    40b6:	70 e0       	ldi	r23, 0x00	; 0
    40b8:	60 e0       	ldi	r22, 0x00	; 0
    40ba:	81 eb       	ldi	r24, 0xB1	; 177
    40bc:	94 e1       	ldi	r25, 0x14	; 20
    40be:	a8 cf       	rjmp	.-176    	; 0x4010 <main+0xe2e>
/Users/askn/Develop/UPDI4AVR-USB/src/tpi.cpp:403
    }
    else if (_cmd == 0x04) {        /* XPRG_CMD_WRITE_MEM */
    40c0:	84 30       	cpi	r24, 0x04	; 4
    40c2:	39 f4       	brne	.+14     	; 0x40d2 <main+0xef0>
/Users/askn/Develop/UPDI4AVR-USB/src/tpi.cpp:409
      D1PRINTF(" TPI_WRITE=%02X:%08lX:%d\r\n",
        packet.out.tpi.write.bMType,
        bswap32(packet.out.tpi.write.dwAddr),
        bswap16(packet.out.tpi.write.wLength)
      );
      _rspsize = Timeout::command(&write_memory);
    40c4:	40 e2       	ldi	r20, 0x20	; 32
    40c6:	53 e0       	ldi	r21, 0x03	; 3
    40c8:	70 e0       	ldi	r23, 0x00	; 0
    40ca:	60 e0       	ldi	r22, 0x00	; 0
    40cc:	80 e9       	ldi	r24, 0x90	; 144
    40ce:	93 e1       	ldi	r25, 0x13	; 19
    40d0:	9f cf       	rjmp	.-194    	; 0x4010 <main+0xe2e>
main():
/Users/askn/Develop/UPDI4AVR-USB/src/tpi.cpp:350
   * When this scope is used, CMD3_SIGN_ON will not be called,
   * It doesn't seem to be implemented in the "mEDBG".
   * which means it will start immediately with XPRG_CMD_ENTER_PROGMODE.
   */
  size_t jtag_scope_tpi (void) {
    size_t _rspsize = 0;  /* Make final adjustments. */
    40d2:	90 e0       	ldi	r25, 0x00	; 0
    40d4:	80 e0       	ldi	r24, 0x00	; 0
    40d6:	9e cf       	rjmp	.-196    	; 0x4014 <main+0xe32>
jtag_scope_branch():
/Users/askn/Develop/UPDI4AVR-USB/src/jtag.cpp:480
    else if (_scope == 0x20) _rspsize = jtag_scope_edbg();          /* SCOPE_EDBG */
    40d8:	90 32       	cpi	r25, 0x20	; 32
    40da:	09 f0       	breq	.+2      	; 0x40de <main+0xefc>
    40dc:	94 cd       	rjmp	.-1240   	; 0x3c06 <main+0xa24>
jtag_scope_edbg():
/Users/askn/Develop/UPDI4AVR-USB/src/jtag.cpp:245

  /*** The EDBG scope provides access to the writer's hardware specifications. ***/
  /* There is no impact on operation if it is not called at all. */
  size_t jtag_scope_edbg (void) {
    size_t  _rspsize = 0;
    uint8_t _cmd     = packet.out.cmd;
    40de:	20 91 da 60 	lds	r18, 0x60DA	; 0x8060da <packet+0x5>
/Users/askn/Develop/UPDI4AVR-USB/src/jtag.cpp:246
    uint8_t _section = packet.out.section;
    40e2:	90 91 dc 60 	lds	r25, 0x60DC	; 0x8060dc <packet+0x7>
/Users/askn/Develop/UPDI4AVR-USB/src/jtag.cpp:247
    uint8_t _index   = packet.out.index;
    40e6:	80 91 dd 60 	lds	r24, 0x60DD	; 0x8060dd <packet+0x8>
/Users/askn/Develop/UPDI4AVR-USB/src/jtag.cpp:248
    uint8_t _length  = packet.out.length;
    40ea:	00 91 de 60 	lds	r16, 0x60DE	; 0x8060de <packet+0x9>
/Users/askn/Develop/UPDI4AVR-USB/src/jtag.cpp:250
    D1PRINTF(",S=%02,I=%02X,L=%02X\r\n", _section, _index, _length);
    if (_cmd == 0x01) {             /* CMD3_SET_PARAMETER */
    40ee:	21 30       	cpi	r18, 0x01	; 1
    40f0:	b1 f4       	brne	.+44     	; 0x411e <main+0xf3c>
/Users/askn/Develop/UPDI4AVR-USB/src/jtag.cpp:251
      uint16_t _data = packet.out.wValue;
    40f2:	00 91 df 60 	lds	r16, 0x60DF	; 0x8060df <packet+0xa>
    40f6:	10 91 e0 60 	lds	r17, 0x60E0	; 0x8060e0 <packet+0xb>
/Users/askn/Develop/UPDI4AVR-USB/src/jtag.cpp:253
      D1PRINTF(" AVR_SET_PARAM=%04X\r\n", _data);
      if (_section == 0) {          /* SET_GET_CTXT_CONFIG */
    40fa:	91 11       	cpse	r25, r1
    40fc:	7e cd       	rjmp	.-1284   	; 0x3bfa <main+0xa18>
/Users/askn/Develop/UPDI4AVR-USB/src/jtag.cpp:254
        if (_index == 0x10) {       /* EDBG_CONTROL_TARGET_POWER */
    40fe:	80 31       	cpi	r24, 0x10	; 16
    4100:	09 f0       	breq	.+2      	; 0x4104 <main+0xf22>
    4102:	7b cd       	rjmp	.-1290   	; 0x3bfa <main+0xa18>
/Users/askn/Develop/UPDI4AVR-USB/src/jtag.cpp:257
          /* Called with `-xvtarget_switch=0,1` HAS_VTARG_SWITCH */
          D1PRINTF(" TARGET_POWER=%02X\r\n", _data);
          _jtag_vpow = _data;       /* 0,1 */
    4104:	00 93 23 63 	sts	0x6323, r16	; 0x806323 <_jtag_vpow>
/Users/askn/Develop/UPDI4AVR-USB/src/jtag.cpp:259
  #ifdef CONFIG_PGM_VPOWER_ENABLE
          SYS::power_reset(true, false);              /* VPW off */
    4108:	60 e0       	ldi	r22, 0x00	; 0
    410a:	81 e0       	ldi	r24, 0x01	; 1
    410c:	0e 94 2e 10 	call	0x205c	; 0x205c <SYS::power_reset(bool, bool)>
/Users/askn/Develop/UPDI4AVR-USB/src/jtag.cpp:260
          if (_data) SYS::power_reset(false, true);   /* VPW on  */
    4110:	01 2b       	or	r16, r17
    4112:	09 f4       	brne	.+2      	; 0x4116 <main+0xf34>
    4114:	72 cd       	rjmp	.-1308   	; 0x3bfa <main+0xa18>
power_reset():
    4116:	80 e0       	ldi	r24, 0x00	; 0
    4118:	0e 94 0d 10 	call	0x201a	; 0x201a <SYS::power_reset(bool, bool) [clone .part.5]>
    411c:	6e cd       	rjmp	.-1316   	; 0x3bfa <main+0xa18>
jtag_scope_edbg():
/Users/askn/Develop/UPDI4AVR-USB/src/jtag.cpp:266
  #endif
        }
      }
      packet.in.res = 0x80;         /* RSP3_OK */
    }
    else if (_cmd == 0x02) {        /* CMD3_GET_PARAMETER */
    411e:	22 30       	cpi	r18, 0x02	; 2
    4120:	09 f0       	breq	.+2      	; 0x4124 <main+0xf42>
    4122:	71 cd       	rjmp	.-1310   	; 0x3c06 <main+0xa24>
/Users/askn/Develop/UPDI4AVR-USB/src/jtag.cpp:268
      D1PRINTF(" AVR_GET_PARAM\r\n");
      if (_section == 0) {          /* SET_GET_CTXT_CONFIG */
    4124:	91 11       	cpse	r25, r1
    4126:	06 c0       	rjmp	.+12     	; 0x4134 <main+0xf52>
/Users/askn/Develop/UPDI4AVR-USB/src/jtag.cpp:269
        if (_index == 0x10) {       /* EDBG_CONTROL_TARGET_POWER */
    4128:	80 31       	cpi	r24, 0x10	; 16
    412a:	21 f4       	brne	.+8      	; 0x4134 <main+0xf52>
/Users/askn/Develop/UPDI4AVR-USB/src/jtag.cpp:272
          /* Called with `-xvtarget_switch` HAS_VTARG_SWITCH */
          D1PRINTF(" TARGET_POWER=%02X\r\n", _jtag_vpow);
          packet.in.data[0] = _jtag_vpow;
    412c:	80 91 23 63 	lds	r24, 0x6323	; 0x806323 <_jtag_vpow>
    4130:	80 93 dc 60 	sts	0x60DC, r24	; 0x8060dc <packet+0x7>
/Users/askn/Develop/UPDI4AVR-USB/src/jtag.cpp:275
        }
      }
      packet.in.res = 0x184;        /* RSP3_DATA */
    4134:	84 e8       	ldi	r24, 0x84	; 132
    4136:	91 e0       	ldi	r25, 0x01	; 1
    4138:	80 93 da 60 	sts	0x60DA, r24	; 0x8060da <packet+0x5>
    413c:	90 93 db 60 	sts	0x60DB, r25	; 0x8060db <packet+0x6>
/Users/askn/Develop/UPDI4AVR-USB/src/jtag.cpp:276
      _rspsize = _length + 1;
    4140:	80 2f       	mov	r24, r16
    4142:	d9 cd       	rjmp	.-1102   	; 0x3cf6 <main+0xb14>

00004144 <setjmp>:
setjmp():
    4144:	dc 01       	movw	r26, r24
    4146:	2d 92       	st	X+, r2
    4148:	3d 92       	st	X+, r3
    414a:	4d 92       	st	X+, r4
    414c:	5d 92       	st	X+, r5
    414e:	6d 92       	st	X+, r6
    4150:	7d 92       	st	X+, r7
    4152:	8d 92       	st	X+, r8
    4154:	9d 92       	st	X+, r9
    4156:	ad 92       	st	X+, r10
    4158:	bd 92       	st	X+, r11
    415a:	cd 92       	st	X+, r12
    415c:	dd 92       	st	X+, r13
    415e:	ed 92       	st	X+, r14
    4160:	fd 92       	st	X+, r15
    4162:	0d 93       	st	X+, r16
    4164:	1d 93       	st	X+, r17
    4166:	cd 93       	st	X+, r28
    4168:	dd 93       	st	X+, r29
    416a:	ff 91       	pop	r31
    416c:	ef 91       	pop	r30
    416e:	8d b7       	in	r24, 0x3d	; 61
    4170:	8d 93       	st	X+, r24
    4172:	8e b7       	in	r24, 0x3e	; 62
    4174:	8d 93       	st	X+, r24
    4176:	8f b7       	in	r24, 0x3f	; 63
    4178:	8d 93       	st	X+, r24
    417a:	ed 93       	st	X+, r30
    417c:	fd 93       	st	X+, r31
    417e:	88 27       	eor	r24, r24
    4180:	99 27       	eor	r25, r25
    4182:	09 94       	ijmp

00004184 <longjmp>:
longjmp():
    4184:	dc 01       	movw	r26, r24
    4186:	cb 01       	movw	r24, r22
    4188:	81 30       	cpi	r24, 0x01	; 1
    418a:	91 05       	cpc	r25, r1
    418c:	81 1d       	adc	r24, r1
    418e:	2d 90       	ld	r2, X+
    4190:	3d 90       	ld	r3, X+
    4192:	4d 90       	ld	r4, X+
    4194:	5d 90       	ld	r5, X+
    4196:	6d 90       	ld	r6, X+
    4198:	7d 90       	ld	r7, X+
    419a:	8d 90       	ld	r8, X+
    419c:	9d 90       	ld	r9, X+
    419e:	ad 90       	ld	r10, X+
    41a0:	bd 90       	ld	r11, X+
    41a2:	cd 90       	ld	r12, X+
    41a4:	dd 90       	ld	r13, X+
    41a6:	ed 90       	ld	r14, X+
    41a8:	fd 90       	ld	r15, X+
    41aa:	0d 91       	ld	r16, X+
    41ac:	1d 91       	ld	r17, X+
    41ae:	cd 91       	ld	r28, X+
    41b0:	dd 91       	ld	r29, X+
    41b2:	ed 91       	ld	r30, X+
    41b4:	fd 91       	ld	r31, X+
    41b6:	0d 90       	ld	r0, X+
    41b8:	0f be       	out	0x3f, r0	; 63
    41ba:	ed bf       	out	0x3d, r30	; 61
    41bc:	fe bf       	out	0x3e, r31	; 62
    41be:	ed 91       	ld	r30, X+
    41c0:	fd 91       	ld	r31, X+
    41c2:	09 94       	ijmp

000041c4 <memcpy_P>:
memcpy_P():
    41c4:	fb 01       	movw	r30, r22
    41c6:	dc 01       	movw	r26, r24
    41c8:	02 c0       	rjmp	.+4      	; 0x41ce <memcpy_P+0xa>
    41ca:	05 90       	lpm	r0, Z+
    41cc:	0d 92       	st	X+, r0
    41ce:	41 50       	subi	r20, 0x01	; 1
    41d0:	50 40       	sbci	r21, 0x00	; 0
    41d2:	d8 f7       	brcc	.-10     	; 0x41ca <memcpy_P+0x6>
    41d4:	08 95       	ret

000041d6 <__udivmodhi4>:
__udivmodhi4():
    41d6:	aa 1b       	sub	r26, r26
    41d8:	bb 1b       	sub	r27, r27
    41da:	51 e1       	ldi	r21, 0x11	; 17
    41dc:	07 c0       	rjmp	.+14     	; 0x41ec <__udivmodhi4_ep>

000041de <__udivmodhi4_loop>:
    41de:	aa 1f       	adc	r26, r26
    41e0:	bb 1f       	adc	r27, r27
    41e2:	a6 17       	cp	r26, r22
    41e4:	b7 07       	cpc	r27, r23
    41e6:	10 f0       	brcs	.+4      	; 0x41ec <__udivmodhi4_ep>
    41e8:	a6 1b       	sub	r26, r22
    41ea:	b7 0b       	sbc	r27, r23

000041ec <__udivmodhi4_ep>:
    41ec:	88 1f       	adc	r24, r24
    41ee:	99 1f       	adc	r25, r25
    41f0:	5a 95       	dec	r21
    41f2:	a9 f7       	brne	.-22     	; 0x41de <__udivmodhi4_loop>
    41f4:	80 95       	com	r24
    41f6:	90 95       	com	r25
    41f8:	bc 01       	movw	r22, r24
    41fa:	cd 01       	movw	r24, r26
    41fc:	08 95       	ret

000041fe <__udivmodsi4>:
__udivmodsi4():
    41fe:	a1 e2       	ldi	r26, 0x21	; 33
    4200:	1a 2e       	mov	r1, r26
    4202:	aa 1b       	sub	r26, r26
    4204:	bb 1b       	sub	r27, r27
    4206:	fd 01       	movw	r30, r26
    4208:	0d c0       	rjmp	.+26     	; 0x4224 <__udivmodsi4_ep>

0000420a <__udivmodsi4_loop>:
    420a:	aa 1f       	adc	r26, r26
    420c:	bb 1f       	adc	r27, r27
    420e:	ee 1f       	adc	r30, r30
    4210:	ff 1f       	adc	r31, r31
    4212:	a2 17       	cp	r26, r18
    4214:	b3 07       	cpc	r27, r19
    4216:	e4 07       	cpc	r30, r20
    4218:	f5 07       	cpc	r31, r21
    421a:	20 f0       	brcs	.+8      	; 0x4224 <__udivmodsi4_ep>
    421c:	a2 1b       	sub	r26, r18
    421e:	b3 0b       	sbc	r27, r19
    4220:	e4 0b       	sbc	r30, r20
    4222:	f5 0b       	sbc	r31, r21

00004224 <__udivmodsi4_ep>:
    4224:	66 1f       	adc	r22, r22
    4226:	77 1f       	adc	r23, r23
    4228:	88 1f       	adc	r24, r24
    422a:	99 1f       	adc	r25, r25
    422c:	1a 94       	dec	r1
    422e:	69 f7       	brne	.-38     	; 0x420a <__udivmodsi4_loop>
    4230:	60 95       	com	r22
    4232:	70 95       	com	r23
    4234:	80 95       	com	r24
    4236:	90 95       	com	r25
    4238:	9b 01       	movw	r18, r22
    423a:	ac 01       	movw	r20, r24
    423c:	bd 01       	movw	r22, r26
    423e:	cf 01       	movw	r24, r30
    4240:	08 95       	ret

00004242 <__divmodsi4>:
__divmodsi4():
    4242:	05 2e       	mov	r0, r21
    4244:	97 fb       	bst	r25, 7
    4246:	16 f4       	brtc	.+4      	; 0x424c <__divmodsi4+0xa>
    4248:	00 94       	com	r0
    424a:	0f d0       	rcall	.+30     	; 0x426a <__negsi2>
    424c:	57 fd       	sbrc	r21, 7
    424e:	05 d0       	rcall	.+10     	; 0x425a <__divmodsi4_neg2>
    4250:	d6 df       	rcall	.-84     	; 0x41fe <__udivmodsi4>
    4252:	07 fc       	sbrc	r0, 7
    4254:	02 d0       	rcall	.+4      	; 0x425a <__divmodsi4_neg2>
    4256:	46 f4       	brtc	.+16     	; 0x4268 <__divmodsi4_exit>
    4258:	08 c0       	rjmp	.+16     	; 0x426a <__negsi2>

0000425a <__divmodsi4_neg2>:
    425a:	50 95       	com	r21
    425c:	40 95       	com	r20
    425e:	30 95       	com	r19
    4260:	21 95       	neg	r18
    4262:	3f 4f       	sbci	r19, 0xFF	; 255
    4264:	4f 4f       	sbci	r20, 0xFF	; 255
    4266:	5f 4f       	sbci	r21, 0xFF	; 255

00004268 <__divmodsi4_exit>:
    4268:	08 95       	ret

0000426a <__negsi2>:
__negsi2():
    426a:	90 95       	com	r25
    426c:	80 95       	com	r24
    426e:	70 95       	com	r23
    4270:	61 95       	neg	r22
    4272:	7f 4f       	sbci	r23, 0xFF	; 255
    4274:	8f 4f       	sbci	r24, 0xFF	; 255
    4276:	9f 4f       	sbci	r25, 0xFF	; 255
    4278:	08 95       	ret

0000427a <__bswapsi2>:
__bswapsi2():
    427a:	69 27       	eor	r22, r25
    427c:	96 27       	eor	r25, r22
    427e:	69 27       	eor	r22, r25
    4280:	78 27       	eor	r23, r24
    4282:	87 27       	eor	r24, r23
    4284:	78 27       	eor	r23, r24
    4286:	08 95       	ret

00004288 <memcmp>:
memcmp():
    4288:	fb 01       	movw	r30, r22
    428a:	dc 01       	movw	r26, r24
    428c:	04 c0       	rjmp	.+8      	; 0x4296 <memcmp+0xe>
    428e:	8d 91       	ld	r24, X+
    4290:	01 90       	ld	r0, Z+
    4292:	80 19       	sub	r24, r0
    4294:	21 f4       	brne	.+8      	; 0x429e <memcmp+0x16>
    4296:	41 50       	subi	r20, 0x01	; 1
    4298:	50 40       	sbci	r21, 0x00	; 0
    429a:	c8 f7       	brcc	.-14     	; 0x428e <memcmp+0x6>
    429c:	88 1b       	sub	r24, r24
    429e:	99 0b       	sbc	r25, r25
    42a0:	08 95       	ret

000042a2 <memcpy>:
memcpy():
    42a2:	fb 01       	movw	r30, r22
    42a4:	dc 01       	movw	r26, r24
    42a6:	02 c0       	rjmp	.+4      	; 0x42ac <memcpy+0xa>
    42a8:	01 90       	ld	r0, Z+
    42aa:	0d 92       	st	X+, r0
    42ac:	41 50       	subi	r20, 0x01	; 1
    42ae:	50 40       	sbci	r21, 0x00	; 0
    42b0:	d8 f7       	brcc	.-10     	; 0x42a8 <memcpy+0x6>
    42b2:	08 95       	ret

000042b4 <memset>:
memset():
    42b4:	dc 01       	movw	r26, r24
    42b6:	01 c0       	rjmp	.+2      	; 0x42ba <memset+0x6>
    42b8:	6d 93       	st	X+, r22
    42ba:	41 50       	subi	r20, 0x01	; 1
    42bc:	50 40       	sbci	r21, 0x00	; 0
    42be:	e0 f7       	brcc	.-8      	; 0x42b8 <memset+0x4>
    42c0:	08 95       	ret

000042c2 <_exit>:
exit():
    42c2:	f8 94       	cli

000042c4 <__stop_program>:
__stop_program():
    42c4:	ff cf       	rjmp	.-2      	; 0x42c4 <__stop_program>

Disassembly of section .nvmem:

00004366 <.nvmem>:
	...

Disassembly of section .eeprom:

00810000 <_EEP>:
  810000:	ff ff ff ff ff ff ff ff                             ........

Disassembly of section .fuse:

00820000 <__fuse>:
  820000:	00 00 00 00 00 d1 08 00 00 00 03 00                 ............
