
build/AVR64DU32_CNANO.ino.elf:     file format elf32-avr


Disassembly of section .data:

00806000 <__data_start>:
__data_start():
  806000:	4c 00       	.word	0x004c	; ????
  806002:	00 00       	nop
	...

00806005 <PDI::recv_byte(unsigned long)::_set_ptr>:
  806005:	0c 00 00 00 00                                      .....

0080600a <PDI::_set_repeat>:
  80600a:	a1 00 00 00                                         ....

0080600e <PDI::_set_ptr32>:
  80600e:	6b 00 00 00 00                                      k....

00806013 <UPDI::recv_byte(unsigned long)::_set_ptr>:
  806013:	55 08 00 00 00 00                                   U.....

00806019 <UPDI::send_byte(unsigned long, unsigned char)::_set_ptr>:
  806019:	55 48 00 00 00 00                                   UH....

0080601f <UPDI::_set_repeat>:
  80601f:	55 a0 00 55 04                                      U..U.

00806024 <UPDI::_set_ptr24>:
  806024:	55 6a 00 00 00 00 00 30 20 00                       Uj.....0 .

0080602e <SYS::_updi_bitmap_leave>:
  80602e:	7f 55 7e c8 7f 00 fe 7f 55 7e c3 7e 04 ff           .U~.....U~.~..

0080603c <SYS::_updi_bitmap_reset>:
  80603c:	00 00 00 00 ff ff 7f 55 7e c8 7f 59 fe ff           .......U~..Y..

0080604a <PDI::connect()::_init>:
  80604a:	c2 05 c1 59 82                                      ...Y.

0080604f <PDI::disconnect()::_leave>:
  80604f:	c0 02 c1 00                                         ....

00806053 <PDI::nvmprog_key>:
  806053:	e0 ff 88 d8 cd 45 ab 89 12                          .....E...

0080605c <UPDI::set_rsd()::_set_rsd>:
  80605c:	55 c2 1d                                            U..

0080605f <UPDI::key_status()::_key_stat>:
  80605f:	55 87                                               U.

00806061 <UPDI::sys_status()::_sys_stat>:
  806061:	55 8b                                               U.

00806063 <UPDI::nvmprog_key>:
  806063:	55 e0 20 67 6f 72 50 4d 56 4e                       U. gorPMVN

0080606d <UPDI::erase_key>:
  80606d:	55 e0 65 73 61 72 45 4d 56 4e                       U.esarEMVN

00806077 <UPDI::urowwrite_key>:
  806077:	55 e0 65 74 26 73 55 4d 56 4e                       U.et&sUMVN

00806081 <UPDI::write_userrow()::_urowstop>:
  806081:	55 c7 20                                            U. 

00806084 <UPDI::write_userrow()::_urowdone>:
  806084:	55 ca 03                                            U..

00806087 <UPDI::clear_rsd()::_clear_rsd>:
  806087:	55 c2 15                                            U..

0080608a <UPDI::connect()::_sib256>:
  80608a:	55 e6                                               U.

0080608c <UPDI::connect()::_init>:
  80608c:	55 c8 59 55 c3 08 55 c2 15 55 82                    U.YU..U..U.

00806097 <UPDI::sys_reset(bool)::_reset>:
  806097:	55 c8 59 55 c8 00 55 c3 04                          U.YU..U..

Disassembly of section .text:

00000000 <__vectors>:
__vectors():
../../../../crt1/gcrt1.S:61
       0:	25 c1       	rjmp	.+586    	; 0x24c <__ctors_end>
       2:	00 00       	nop
../../../../crt1/gcrt1.S:67
       4:	77 c1       	rjmp	.+750    	; 0x2f4 <__bad_interrupt>
       6:	00 00       	nop
../../../../crt1/gcrt1.S:68
       8:	75 c1       	rjmp	.+746    	; 0x2f4 <__bad_interrupt>
       a:	00 00       	nop
../../../../crt1/gcrt1.S:69
       c:	73 c1       	rjmp	.+742    	; 0x2f4 <__bad_interrupt>
       e:	00 00       	nop
../../../../crt1/gcrt1.S:70
      10:	0c 94 bb 16 	jmp	0x2d76	; 0x2d76 <__vector_4>
../../../../crt1/gcrt1.S:71
      14:	6f c1       	rjmp	.+734    	; 0x2f4 <__bad_interrupt>
      16:	00 00       	nop
../../../../crt1/gcrt1.S:72
      18:	6d c1       	rjmp	.+730    	; 0x2f4 <__bad_interrupt>
      1a:	00 00       	nop
../../../../crt1/gcrt1.S:73
      1c:	6b c1       	rjmp	.+726    	; 0x2f4 <__bad_interrupt>
      1e:	00 00       	nop
../../../../crt1/gcrt1.S:74
      20:	69 c1       	rjmp	.+722    	; 0x2f4 <__bad_interrupt>
      22:	00 00       	nop
../../../../crt1/gcrt1.S:75
      24:	67 c1       	rjmp	.+718    	; 0x2f4 <__bad_interrupt>
      26:	00 00       	nop
../../../../crt1/gcrt1.S:76
      28:	65 c1       	rjmp	.+714    	; 0x2f4 <__bad_interrupt>
      2a:	00 00       	nop
../../../../crt1/gcrt1.S:77
      2c:	63 c1       	rjmp	.+710    	; 0x2f4 <__bad_interrupt>
      2e:	00 00       	nop
../../../../crt1/gcrt1.S:78
      30:	61 c1       	rjmp	.+706    	; 0x2f4 <__bad_interrupt>
      32:	00 00       	nop
../../../../crt1/gcrt1.S:79
      34:	5f c1       	rjmp	.+702    	; 0x2f4 <__bad_interrupt>
      36:	00 00       	nop
../../../../crt1/gcrt1.S:80
      38:	5d c1       	rjmp	.+698    	; 0x2f4 <__bad_interrupt>
      3a:	00 00       	nop
../../../../crt1/gcrt1.S:81
      3c:	5b c1       	rjmp	.+694    	; 0x2f4 <__bad_interrupt>
      3e:	00 00       	nop
../../../../crt1/gcrt1.S:82
      40:	59 c1       	rjmp	.+690    	; 0x2f4 <__bad_interrupt>
      42:	00 00       	nop
../../../../crt1/gcrt1.S:83
      44:	57 c1       	rjmp	.+686    	; 0x2f4 <__bad_interrupt>
      46:	00 00       	nop
../../../../crt1/gcrt1.S:84
      48:	55 c1       	rjmp	.+682    	; 0x2f4 <__bad_interrupt>
      4a:	00 00       	nop
../../../../crt1/gcrt1.S:85
      4c:	0c 94 72 16 	jmp	0x2ce4	; 0x2ce4 <__vector_19>
../../../../crt1/gcrt1.S:86
      50:	51 c1       	rjmp	.+674    	; 0x2f4 <__bad_interrupt>
      52:	00 00       	nop
../../../../crt1/gcrt1.S:87
      54:	4f c1       	rjmp	.+670    	; 0x2f4 <__bad_interrupt>
      56:	00 00       	nop
../../../../crt1/gcrt1.S:88
      58:	4d c1       	rjmp	.+666    	; 0x2f4 <__bad_interrupt>
      5a:	00 00       	nop
../../../../crt1/gcrt1.S:89
      5c:	4b c1       	rjmp	.+662    	; 0x2f4 <__bad_interrupt>
      5e:	00 00       	nop
../../../../crt1/gcrt1.S:90
      60:	0c 94 f6 17 	jmp	0x2fec	; 0x2fec <__vector_24>
../../../../crt1/gcrt1.S:91
      64:	47 c1       	rjmp	.+654    	; 0x2f4 <__bad_interrupt>
      66:	00 00       	nop
../../../../crt1/gcrt1.S:92
      68:	45 c1       	rjmp	.+650    	; 0x2f4 <__bad_interrupt>
      6a:	00 00       	nop
../../../../crt1/gcrt1.S:93
      6c:	43 c1       	rjmp	.+646    	; 0x2f4 <__bad_interrupt>
      6e:	00 00       	nop
../../../../crt1/gcrt1.S:94
      70:	41 c1       	rjmp	.+642    	; 0x2f4 <__bad_interrupt>
      72:	00 00       	nop
../../../../crt1/gcrt1.S:95
      74:	3f c1       	rjmp	.+638    	; 0x2f4 <__bad_interrupt>
      76:	00 00       	nop
../../../../crt1/gcrt1.S:96
      78:	3d c1       	rjmp	.+634    	; 0x2f4 <__bad_interrupt>
      7a:	00 00       	nop
../../../../crt1/gcrt1.S:97
      7c:	3b c1       	rjmp	.+630    	; 0x2f4 <__bad_interrupt>
      7e:	00 00       	nop
../../../../crt1/gcrt1.S:98
      80:	39 c1       	rjmp	.+626    	; 0x2f4 <__bad_interrupt>
      82:	00 00       	nop
../../../../crt1/gcrt1.S:99
      84:	37 c1       	rjmp	.+622    	; 0x2f4 <__bad_interrupt>
	...

00000088 <__trampolines_end>:
__trampolines_start():
      88:	55 50       	subi	r21, 0x05	; 5
      8a:	44 49       	sbci	r20, 0x94	; 148
      8c:	34 41       	sbci	r19, 0x14	; 20
      8e:	56 52       	subi	r21, 0x26	; 38
      90:	2d 55       	subi	r18, 0x5D	; 93
      92:	53 42       	sbci	r21, 0x23	; 35
      94:	20 31       	cpi	r18, 0x10	; 16
      96:	2e 33       	cpi	r18, 0x3E	; 62
      98:	35 2e       	mov	r3, r21
      9a:	35 30       	cpi	r19, 0x05	; 5
      9c:	20 48       	sbci	r18, 0x80	; 128
      9e:	41 4c       	sbci	r20, 0xC1	; 193
      a0:	2f 41       	sbci	r18, 0x1F	; 31
      a2:	56 52       	subi	r21, 0x26	; 38
      a4:	44 55       	subi	r20, 0x54	; 84
      a6:	5f 43       	sbci	r21, 0x3F	; 63
      a8:	4e 41       	sbci	r20, 0x1E	; 30
      aa:	4e 4f       	sbci	r20, 0xFE	; 254
      ac:	2e 68       	ori	r18, 0x8E	; 142
	...

000000af <USB::istring>:
      af:	43 00 44 00 43 00 2d 00 41 00 43 00 4d 00 2f 00     C.D.C.-.A.C.M./.
      bf:	56 00 43 00 50 00 00 00                             V.C.P...

000000c7 <USB::mstring>:
      c7:	55 00 50 00 44 00 49 00 34 00 41 00 56 00 52 00     U.P.D.I.4.A.V.R.
      d7:	2d 00 55 00 53 00 42 00 3a 00 41 00 56 00 52 00     -.U.S.B.:.A.V.R.
      e7:	2d 00 44 00 55 00 3a 00 45 00 44 00 42 00 47 00     -.D.U.:.E.D.B.G.
      f7:	2f 00 43 00 4d 00 53 00 49 00 53 00 2d 00 44 00     /.C.M.S.I.S.-.D.
     107:	41 00 50 00 00 00                                   A.P...

0000010d <USB::vstring>:
     10d:	4d 00 75 00 6c 00 74 00 69 00 58 00 2e 00 6a 00     M.u.l.t.i.X...j.
     11d:	70 00 20 00 4f 00 53 00 53 00 57 00 2f 00 4f 00     p. .O.S.S.W./.O.
     12d:	53 00 48 00 57 00 20 00 50 00 72 00 6f 00 64 00     S.H.W. .P.r.o.d.
     13d:	2e 00 00 00                                         ....

00000141 <USB::report_descriptor>:
     141:	06 00 ff 09 01 a1 01 15 00 26 ff 00 75 08 96 40     .........&..u..@
     151:	00 09 01 81 02 96 40 00 09 01 91 02 95 04 09 01     ......@.........
     161:	b1 02 c0                                            ...

00000164 <USB::current_descriptor>:
     164:	09 02 6b 00 03 01 00 80 32 09 04 00 00 02 03 00     ..k.....2.......
     174:	00 00 09 21 11 01 00 01 22 23 00 07 05 02 03 40     ...!...."#.....@
     184:	00 01 07 05 81 03 40 00 01 08 0b 01 02 02 02 01     ......@.........
     194:	04 09 04 01 00 01 02 02 01 00 05 24 00 10 01 04     ...........$....
     1a4:	24 02 06 05 24 06 01 02 05 24 01 03 02 07 05 82     $...$....$......
     1b4:	03 10 00 04 09 04 02 00 02 0a 00 00 00 07 05 03     ................
     1c4:	02 40 00 00 07 05 83 02 40 00 00                    .@......@..

000001cf <USB::qualifier_descriptor>:
     1cf:	0a 06 00 02 ef 02 01 40 00 00                       .......@..

000001d9 <USB::device_descriptor>:
     1d9:	12 01 00 02 ef 02 01 40 d8 04 15 0b 00 01 01 02     .......@........
     1e9:	03 01                                               ..

000001eb <JTAG::jtag_sign_on>:
     1eb:	08 55 50 44 49 34 41 56 52                          .UPDI4AVR

000001f4 <JTAG::jtag_physical>:
     1f4:	90 28 00 18 38 00 00 00                             .(..8...

000001fc <JTAG::jtag_version>:
     1fc:	00 01 23 32 00                                      ..#2.

00000201 <USB::ep_init>:
	...
     209:	00 4b 00 00 54 63 00 00 00 7b 00 00 5c 63 00 00     .K..Tc...{..\c..
	...
     221:	00 bb 40 00 6c 63 00 00 00 8b 00 00 6c 63 40 00     ..@.lc......lc@.
     231:	00 b9 00 00 5c 63 00 00 00 8b 00 00 ac 63 40 00     ....\c.......c@.
     241:	02 bb 00 00 ec 63 00 00 00 00 00                    .....c.....

0000024c <__ctors_end>:
__dtors_end():
../../../../crt1/gcrt1.S:230
     24c:	11 24       	eor	r1, r1
../../../../crt1/gcrt1.S:231
     24e:	1f be       	out	0x3f, r1	; 63
../../../../crt1/gcrt1.S:232
     250:	cf ef       	ldi	r28, 0xFF	; 255
../../../../crt1/gcrt1.S:234
     252:	cd bf       	out	0x3d, r28	; 61
../../../../crt1/gcrt1.S:236
     254:	df e7       	ldi	r29, 0x7F	; 127
../../../../crt1/gcrt1.S:237
     256:	de bf       	out	0x3e, r29	; 62

00000258 <setup_mcu()>:
_Z9setup_mcuv():
/Users/askn/Develop/UPDI4AVR-USB/src/sys.cpp:229
   *
   * for euboot @3.72.49+
   */

  WEAK void check_firmwaremode (void) {
    if (bit_is_set(GPR_GPR0, RSTCTRL_PORF_bp) && FUSE_BOOTSIZE > 0) {
     258:	e0 9b       	sbis	0x1c, 0	; 28
     25a:	1a c0       	rjmp	.+52     	; 0x290 <setup_mcu()+0x38>
     25c:	80 91 58 10 	lds	r24, 0x1058	; 0x801058 <__TEXT_REGION_LENGTH__+0x7f1058>
     260:	88 23       	and	r24, r24
     262:	b1 f0       	breq	.+44     	; 0x290 <setup_mcu()+0x38>
/Users/askn/Develop/UPDI4AVR-USB/src/sys.cpp:230
      pinControlRegister(PIN_SYS_SW0) = PORT_PULLUPEN_bm;
     264:	88 e0       	ldi	r24, 0x08	; 8
     266:	80 93 b6 04 	sts	0x04B6, r24	; 0x8004b6 <__TEXT_REGION_LENGTH__+0x7f04b6>
     26a:	90 e0       	ldi	r25, 0x00	; 0
     26c:	80 e0       	ldi	r24, 0x00	; 0
     26e:	03 c0       	rjmp	.+6      	; 0x276 <setup_mcu()+0x1e>
/Users/askn/Develop/UPDI4AVR-USB/src/sys.cpp:232
      /* It takes time for the effects of PULLUP to appear. */
      for (uint16_t _i = 0; ++_i;) {
     270:	8f 3f       	cpi	r24, 0xFF	; 255
     272:	98 07       	cpc	r25, r24
     274:	21 f0       	breq	.+8      	; 0x27e <setup_mcu()+0x26>
     276:	01 96       	adiw	r24, 0x01	; 1
/Users/askn/Develop/UPDI4AVR-USB/src/sys.cpp:233
        if (digitalReadMacro(PIN_SYS_SW0)) return;
     278:	b6 9b       	sbis	0x16, 6	; 22
     27a:	fa cf       	rjmp	.-12     	; 0x270 <setup_mcu()+0x18>
     27c:	09 c0       	rjmp	.+18     	; 0x290 <setup_mcu()+0x38>
/Users/askn/Develop/UPDI4AVR-USB/src/sys.cpp:235
      }
      *(uint16_t*)(RAMEND - 1) = 0;       /* Zero-initialize the last 2 bytes of the SRAM. */
     27e:	10 92 fe 7f 	sts	0x7FFE, r1	; 0x807ffe <_end+0x1b42>
     282:	10 92 ff 7f 	sts	0x7FFF, r1	; 0x807fff <_end+0x1b43>
/Users/askn/Develop/UPDI4AVR-USB/src/sys.cpp:236
      _PROTECTED_WRITE(RSTCTRL_SWRR, 1);  /* Perform a software reset. */
     286:	88 ed       	ldi	r24, 0xD8	; 216
     288:	91 e0       	ldi	r25, 0x01	; 1
     28a:	84 bf       	out	0x34, r24	; 52
     28c:	90 93 41 00 	sts	0x0041, r25	; 0x800041 <__TEXT_REGION_LENGTH__+0x7f0041>
_CLKCTRL_SETUP():
/Users/askn/Library/Arduino15/packages/MultiX-Zinnia/hardware/modernAVR/0.4.5/cores/modernAVR/api/CLKCTRL_modernAVR.h:302
#else
#assert This internal CPU clock is not supported
#endif

#if defined(_CLKCTRL_FREQSEL_)
  _PROTECTED_WRITE(CLKCTRL_OSCHFCTRLA, _CLKCTRL_FREQSEL_);
     290:	98 ed       	ldi	r25, 0xD8	; 216
     292:	80 e2       	ldi	r24, 0x20	; 32
     294:	94 bf       	out	0x34, r25	; 52
     296:	80 93 68 00 	sts	0x0068, r24	; 0x800068 <__TEXT_REGION_LENGTH__+0x7f0068>
/Users/askn/Library/Arduino15/packages/MultiX-Zinnia/hardware/modernAVR/0.4.5/cores/modernAVR/api/CLKCTRL_modernAVR.h:314
#endif

#if defined(_CLKCTRL_PDIV_)
  _PROTECTED_WRITE(CLKCTRL_MCLKCTRLB, _CLKCTRL_PDIV_ | CLKCTRL_PEN_bm);
#else
  _PROTECTED_WRITE(CLKCTRL_MCLKCTRLB, 0);
     29a:	80 e0       	ldi	r24, 0x00	; 0
     29c:	94 bf       	out	0x34, r25	; 52
     29e:	80 93 61 00 	sts	0x0061, r24	; 0x800061 <__TEXT_REGION_LENGTH__+0x7f0061>
initVariant():
/Users/askn/Library/Arduino15/packages/MultiX-Zinnia/hardware/modernAVR/0.4.5/variants/avr_du32/variant.h:267
extern "C" {
#endif

inline void initVariant (void) {
  _CLKCTRL_SETUP();
  PORTA.PINCONFIG = PORT_ISC_INPUT_DISABLE_gc;
     2a2:	84 e0       	ldi	r24, 0x04	; 4
     2a4:	80 93 0b 04 	sts	0x040B, r24	; 0x80040b <__TEXT_REGION_LENGTH__+0x7f040b>
/Users/askn/Library/Arduino15/packages/MultiX-Zinnia/hardware/modernAVR/0.4.5/variants/avr_du32/variant.h:268
  PORTA.PINCTRLUPD = ~0;
     2a8:	8f ef       	ldi	r24, 0xFF	; 255
     2aa:	80 93 0c 04 	sts	0x040C, r24	; 0x80040c <__TEXT_REGION_LENGTH__+0x7f040c>
/Users/askn/Library/Arduino15/packages/MultiX-Zinnia/hardware/modernAVR/0.4.5/variants/avr_du32/variant.h:269
  PORTC.PINCTRLUPD = ~0;
     2ae:	80 93 4c 04 	sts	0x044C, r24	; 0x80044c <__TEXT_REGION_LENGTH__+0x7f044c>
/Users/askn/Library/Arduino15/packages/MultiX-Zinnia/hardware/modernAVR/0.4.5/variants/avr_du32/variant.h:270
  PORTD.PINCTRLUPD = ~0;
     2b2:	80 93 6c 04 	sts	0x046C, r24	; 0x80046c <__TEXT_REGION_LENGTH__+0x7f046c>
/Users/askn/Library/Arduino15/packages/MultiX-Zinnia/hardware/modernAVR/0.4.5/variants/avr_du32/variant.h:271
  PORTF.PINCTRLUPD = ~0;
     2b6:	80 93 ac 04 	sts	0x04AC, r24	; 0x8004ac <__TEXT_REGION_LENGTH__+0x7f04ac>
_Z9setup_mcuv():
/Users/askn/Develop/UPDI4AVR-USB/src/main.cpp:88
void setup_mcu (void) {
  SYS::check_firmwaremode();
  initVariant();

  /* Enables automatic adjustment of the OSCHF synchronized to the USB SOF. */
  uint8_t _t = CLKCTRL_OSCHFCTRLA | CLKCTRL_ALGSEL_bm | CLKCTRL_AUTOTUNE_SOF_gc;
     2ba:	80 91 68 00 	lds	r24, 0x0068	; 0x800068 <__TEXT_REGION_LENGTH__+0x7f0068>
     2be:	82 64       	ori	r24, 0x42	; 66
/Users/askn/Develop/UPDI4AVR-USB/src/main.cpp:89
  _PROTECTED_WRITE(CLKCTRL_OSCHFCTRLA, _t);
     2c0:	94 bf       	out	0x34, r25	; 52
     2c2:	80 93 68 00 	sts	0x0068, r24	; 0x800068 <__TEXT_REGION_LENGTH__+0x7f0068>

000002c6 <__do_copy_data>:
__do_copy_data():
     2c6:	10 e6       	ldi	r17, 0x60	; 96
     2c8:	a0 e0       	ldi	r26, 0x00	; 0
     2ca:	b0 e6       	ldi	r27, 0x60	; 96
     2cc:	ee e0       	ldi	r30, 0x0E	; 14
     2ce:	f1 e4       	ldi	r31, 0x41	; 65
     2d0:	02 c0       	rjmp	.+4      	; 0x2d6 <__do_copy_data+0x10>
     2d2:	05 90       	lpm	r0, Z+
     2d4:	0d 92       	st	X+, r0
     2d6:	a0 3a       	cpi	r26, 0xA0	; 160
     2d8:	b1 07       	cpc	r27, r17
     2da:	d9 f7       	brne	.-10     	; 0x2d2 <__do_copy_data+0xc>

000002dc <__do_clear_bss>:
__do_clear_bss():
     2dc:	20 e6       	ldi	r18, 0x60	; 96
     2de:	a0 ea       	ldi	r26, 0xA0	; 160
     2e0:	b0 e6       	ldi	r27, 0x60	; 96
     2e2:	01 c0       	rjmp	.+2      	; 0x2e6 <.do_clear_bss_start>

000002e4 <.do_clear_bss_loop>:
     2e4:	1d 92       	st	X+, r1

000002e6 <.do_clear_bss_start>:
     2e6:	a8 3a       	cpi	r26, 0xA8	; 168
     2e8:	b2 07       	cpc	r27, r18
     2ea:	e1 f7       	brne	.-8      	; 0x2e4 <.do_clear_bss_loop>
.do_clear_bss_start():
../../../../crt1/gcrt1.S:314
     2ec:	0e 94 01 18 	call	0x3002	; 0x3002 <main>
../../../../crt1/gcrt1.S:315
     2f0:	0c 94 85 20 	jmp	0x410a	; 0x410a <_exit>

000002f4 <__bad_interrupt>:
__vector_22():
../../../../crt1/gcrt1.S:209
     2f4:	85 ce       	rjmp	.-758    	; 0x0 <__vectors>

000002f6 <USART::drain(unsigned int) [clone .constprop.11]>:
_ZN5USART5drainEj.constprop.11():
/Users/askn/Develop/UPDI4AVR-USB/src/usart.cpp:57
    if (_baud < 64) _baud = 64;
    else if (_baud > 0xFFFFU) _baud = 0xFFFF;
    return _baud;
  }

  void drain (size_t _delay) {
     2f6:	80 e0       	ldi	r24, 0x00	; 0
     2f8:	94 e0       	ldi	r25, 0x04	; 4
/Users/askn/Develop/UPDI4AVR-USB/src/usart.cpp:59
    do {
      if (bit_is_set(USART0_STATUS, USART_RXCIF_bp)) {
     2fa:	20 91 04 08 	lds	r18, 0x0804	; 0x800804 <__TEXT_REGION_LENGTH__+0x7f0804>
     2fe:	27 ff       	sbrs	r18, 7
     300:	04 c0       	rjmp	.+8      	; 0x30a <USART::drain(unsigned int) [clone .constprop.11]+0x14>
/Users/askn/Develop/UPDI4AVR-USB/src/usart.cpp:63
        __asm__ __volatile__ (
          "LDS R0, 0x0801\n"  /* drop USART0_RXDATAH */
          "LDS R0, 0x0800\n"  /* drop USART0_RXDATAL */
        );
     302:	00 90 01 08 	lds	r0, 0x0801	; 0x800801 <__TEXT_REGION_LENGTH__+0x7f0801>
     306:	00 90 00 08 	lds	r0, 0x0800	; 0x800800 <__TEXT_REGION_LENGTH__+0x7f0800>
     30a:	01 97       	sbiw	r24, 0x01	; 1
/Users/askn/Develop/UPDI4AVR-USB/src/usart.cpp:65
      }
    } while (--_delay);
     30c:	b1 f7       	brne	.-20     	; 0x2fa <USART::drain(unsigned int) [clone .constprop.11]+0x4>
/Users/askn/Develop/UPDI4AVR-USB/src/usart.cpp:66
  }
     30e:	08 95       	ret

00000310 <SYS::send_bitmap(unsigned char const*, unsigned int) [clone .constprop.10]>:
_ZN3SYS11send_bitmapEPKhj.constprop.10():
/Users/askn/Develop/UPDI4AVR-USB/src/sys.cpp:272
  }

  /*** Low level TDAT stream manipulation ***/
  /* UPDI commands are sent from TDAT using only TCAB
     and bit manipulation, without switching USART. */
  void send_bitmap (const uint8_t _bitmap[], const size_t _length) {
     310:	dc 01       	movw	r26, r24
/Users/askn/Develop/UPDI4AVR-USB/src/sys.cpp:273
    TCA0_SPLIT_CTRLA = 0;
     312:	10 92 00 0a 	sts	0x0A00, r1	; 0x800a00 <__TEXT_REGION_LENGTH__+0x7f0a00>
/Users/askn/Develop/UPDI4AVR-USB/src/sys.cpp:274
    TCA0_SPLIT_LCNT  = TCA0_SPLIT_LCMP2;
     316:	80 91 2c 0a 	lds	r24, 0x0A2C	; 0x800a2c <__TEXT_REGION_LENGTH__+0x7f0a2c>
     31a:	80 93 20 0a 	sts	0x0A20, r24	; 0x800a20 <__TEXT_REGION_LENGTH__+0x7f0a20>
/Users/askn/Develop/UPDI4AVR-USB/src/sys.cpp:275
    TCA0_SPLIT_LPER  = TCA0_SPLIT_LCMP2;
     31e:	80 91 2c 0a 	lds	r24, 0x0A2C	; 0x800a2c <__TEXT_REGION_LENGTH__+0x7f0a2c>
     322:	80 93 26 0a 	sts	0x0A26, r24	; 0x800a26 <__TEXT_REGION_LENGTH__+0x7f0a26>
/Users/askn/Develop/UPDI4AVR-USB/src/sys.cpp:276
    TCA0_SPLIT_CTRLA = TCA_SPLIT_ENABLE_bm | TCA_SPLIT_CLKSEL_DIV1_gc;
     326:	81 e0       	ldi	r24, 0x01	; 1
     328:	80 93 00 0a 	sts	0x0A00, r24	; 0x800a00 <__TEXT_REGION_LENGTH__+0x7f0a00>
     32c:	30 e0       	ldi	r19, 0x00	; 0
     32e:	20 e0       	ldi	r18, 0x00	; 0
/Users/askn/Develop/UPDI4AVR-USB/src/sys.cpp:282
    for (uint8_t i = 0; i < _length; i++) {
      uint8_t _d = (_bitmap[i >> 3]) >> (i & 7);
      loop_until_bit_is_set(TCA0_SPLIT_INTFLAGS, TCA_SPLIT_LUNF_bp);
      if (bit_is_set(_d, 0)) pinLogicOpen(PIN_PGM_TDAT);
      else                   pinLogicPull(PIN_PGM_TDAT);
      EVSYS_SWEVENTA = EVSYS_SWEVENTA_CH2_gc;
     330:	64 e0       	ldi	r22, 0x04	; 4
/Users/askn/Develop/UPDI4AVR-USB/src/sys.cpp:278
    TCA0_SPLIT_CTRLA = 0;
    TCA0_SPLIT_LCNT  = TCA0_SPLIT_LCMP2;
    TCA0_SPLIT_LPER  = TCA0_SPLIT_LCMP2;
    TCA0_SPLIT_CTRLA = TCA_SPLIT_ENABLE_bm | TCA_SPLIT_CLKSEL_DIV1_gc;
    for (uint8_t i = 0; i < _length; i++) {
      uint8_t _d = (_bitmap[i >> 3]) >> (i & 7);
     332:	f9 01       	movw	r30, r18
     334:	83 e0       	ldi	r24, 0x03	; 3
     336:	f5 95       	asr	r31
     338:	e7 95       	ror	r30
     33a:	8a 95       	dec	r24
     33c:	e1 f7       	brne	.-8      	; 0x336 <SYS::send_bitmap(unsigned char const*, unsigned int) [clone .constprop.10]+0x26>
     33e:	ea 0f       	add	r30, r26
     340:	fb 1f       	adc	r31, r27
     342:	40 81       	ld	r20, Z
     344:	50 e0       	ldi	r21, 0x00	; 0
     346:	82 2f       	mov	r24, r18
     348:	87 70       	andi	r24, 0x07	; 7
     34a:	02 c0       	rjmp	.+4      	; 0x350 <SYS::send_bitmap(unsigned char const*, unsigned int) [clone .constprop.10]+0x40>
     34c:	55 95       	asr	r21
     34e:	47 95       	ror	r20
     350:	8a 95       	dec	r24
     352:	e2 f7       	brpl	.-8      	; 0x34c <SYS::send_bitmap(unsigned char const*, unsigned int) [clone .constprop.10]+0x3c>
/Users/askn/Develop/UPDI4AVR-USB/src/sys.cpp:279
      loop_until_bit_is_set(TCA0_SPLIT_INTFLAGS, TCA_SPLIT_LUNF_bp);
     354:	80 91 0b 0a 	lds	r24, 0x0A0B	; 0x800a0b <__TEXT_REGION_LENGTH__+0x7f0a0b>
     358:	80 ff       	sbrs	r24, 0
     35a:	fc cf       	rjmp	.-8      	; 0x354 <SYS::send_bitmap(unsigned char const*, unsigned int) [clone .constprop.10]+0x44>
/Users/askn/Develop/UPDI4AVR-USB/src/sys.cpp:280
      if (bit_is_set(_d, 0)) pinLogicOpen(PIN_PGM_TDAT);
     35c:	40 ff       	sbrs	r20, 0
     35e:	11 c0       	rjmp	.+34     	; 0x382 <SYS::send_bitmap(unsigned char const*, unsigned int) [clone .constprop.10]+0x72>
     360:	00 98       	cbi	0x00, 0	; 0
/Users/askn/Develop/UPDI4AVR-USB/src/sys.cpp:282
      else                   pinLogicPull(PIN_PGM_TDAT);
      EVSYS_SWEVENTA = EVSYS_SWEVENTA_CH2_gc;
     362:	60 93 00 02 	sts	0x0200, r22	; 0x800200 <__TEXT_REGION_LENGTH__+0x7f0200>
/Users/askn/Develop/UPDI4AVR-USB/src/sys.cpp:283
      bit_set(TCA0_SPLIT_INTFLAGS, TCA_SPLIT_LUNF_bp);
     366:	90 91 0b 0a 	lds	r25, 0x0A0B	; 0x800a0b <__TEXT_REGION_LENGTH__+0x7f0a0b>
     36a:	91 60       	ori	r25, 0x01	; 1
     36c:	90 93 0b 0a 	sts	0x0A0B, r25	; 0x800a0b <__TEXT_REGION_LENGTH__+0x7f0a0b>
     370:	2f 5f       	subi	r18, 0xFF	; 255
     372:	3f 4f       	sbci	r19, 0xFF	; 255
/Users/askn/Develop/UPDI4AVR-USB/src/sys.cpp:277
  void send_bitmap (const uint8_t _bitmap[], const size_t _length) {
    TCA0_SPLIT_CTRLA = 0;
    TCA0_SPLIT_LCNT  = TCA0_SPLIT_LCMP2;
    TCA0_SPLIT_LPER  = TCA0_SPLIT_LCMP2;
    TCA0_SPLIT_CTRLA = TCA_SPLIT_ENABLE_bm | TCA_SPLIT_CLKSEL_DIV1_gc;
    for (uint8_t i = 0; i < _length; i++) {
     374:	20 37       	cpi	r18, 0x70	; 112
     376:	31 05       	cpc	r19, r1
     378:	e1 f6       	brne	.-72     	; 0x332 <SYS::send_bitmap(unsigned char const*, unsigned int) [clone .constprop.10]+0x22>
/Users/askn/Develop/UPDI4AVR-USB/src/sys.cpp:285
      if (bit_is_set(_d, 0)) pinLogicOpen(PIN_PGM_TDAT);
      else                   pinLogicPull(PIN_PGM_TDAT);
      EVSYS_SWEVENTA = EVSYS_SWEVENTA_CH2_gc;
      bit_set(TCA0_SPLIT_INTFLAGS, TCA_SPLIT_LUNF_bp);
    }
    TCA0_SPLIT_CTRLA = TCA_SPLIT_ENABLE_bm | TCA_SPLIT_CLKSEL_DIV1024_gc;
     37a:	8f e0       	ldi	r24, 0x0F	; 15
     37c:	80 93 00 0a 	sts	0x0A00, r24	; 0x800a00 <__TEXT_REGION_LENGTH__+0x7f0a00>
/Users/askn/Develop/UPDI4AVR-USB/src/sys.cpp:286
  }
     380:	08 95       	ret
/Users/askn/Develop/UPDI4AVR-USB/src/sys.cpp:281
    TCA0_SPLIT_CTRLA = TCA_SPLIT_ENABLE_bm | TCA_SPLIT_CLKSEL_DIV1_gc;
    for (uint8_t i = 0; i < _length; i++) {
      uint8_t _d = (_bitmap[i >> 3]) >> (i & 7);
      loop_until_bit_is_set(TCA0_SPLIT_INTFLAGS, TCA_SPLIT_LUNF_bp);
      if (bit_is_set(_d, 0)) pinLogicOpen(PIN_PGM_TDAT);
      else                   pinLogicPull(PIN_PGM_TDAT);
     382:	00 9a       	sbi	0x00, 0	; 0
     384:	ee cf       	rjmp	.-36     	; 0x362 <SYS::send_bitmap(unsigned char const*, unsigned int) [clone .constprop.10]+0x52>

00000386 <USB::ep_cdo_listen()>:
_ZN3USB13ep_cdo_listenEv():
/Users/askn/Develop/UPDI4AVR-USB/src/usb.cpp:343
    loop_until_bit_is_clear(USB0_INTFLAGSB, USB_RMWBUSY_bp);
    USB_EP_STATUS_CLR(USB_EP_CDI) = ~USB_TOGGLE_bm;
  }

  void ep_cdo_listen (void) {
    ATOMIC_BLOCK(ATOMIC_RESTORESTATE) {
     386:	8f b7       	in	r24, 0x3f	; 63
__iCliRetVal():
/Users/askn/Library/Arduino15/packages/MultiX-Zinnia/tools/avr8-gcc/7.3.0-avr8-gnu-toolchain/avr/include/util/atomic.h:50
    return 1;
}

static __inline__ uint8_t __iCliRetVal(void)
{
    cli();
     388:	f8 94       	cli
_ZN3USB13ep_cdo_listenEv():
/Users/askn/Develop/UPDI4AVR-USB/src/usb.cpp:344
      _recv_count = 0;
     38a:	10 92 6e 64 	sts	0x646E, r1	; 0x80646e <_recv_count>
/Users/askn/Develop/UPDI4AVR-USB/src/usb.cpp:345
      EP_CDO.CNT  = 0;
     38e:	10 92 ac 64 	sts	0x64AC, r1	; 0x8064ac <EP_TABLE+0x3a>
     392:	10 92 ad 64 	sts	0x64AD, r1	; 0x8064ad <EP_TABLE+0x3b>
__iRestore():
/Users/askn/Library/Arduino15/packages/MultiX-Zinnia/tools/avr8-gcc/7.3.0-avr8-gnu-toolchain/avr/include/util/atomic.h:70
    (void)__s;
}

static __inline__ void __iRestore(const  uint8_t *__s)
{
    SREG = *__s;
     396:	8f bf       	out	0x3f, r24	; 63
_ZN3USB13ep_cdo_listenEv():
/Users/askn/Develop/UPDI4AVR-USB/src/usb.cpp:347
    }
    loop_until_bit_is_clear(USB0_INTFLAGSB, USB_RMWBUSY_bp);
     398:	80 91 0b 0c 	lds	r24, 0x0C0B	; 0x800c0b <__TEXT_REGION_LENGTH__+0x7f0c0b>
     39c:	82 fd       	sbrc	r24, 2
     39e:	fc cf       	rjmp	.-8      	; 0x398 <USB::ep_cdo_listen()+0x12>
/Users/askn/Develop/UPDI4AVR-USB/src/usb.cpp:348
    USB_EP_STATUS_CLR(USB_EP_CDO) = ~USB_TOGGLE_bm;
     3a0:	8e ef       	ldi	r24, 0xFE	; 254
     3a2:	80 93 4c 0c 	sts	0x0C4C, r24	; 0x800c4c <__TEXT_REGION_LENGTH__+0x7f0c4c>
/Users/askn/Develop/UPDI4AVR-USB/src/usb.cpp:349
  }
     3a6:	08 95       	ret

000003a8 <USB::ep_cdi_listen()>:
_ZN3USB13ep_cdi_listenEv():
/Users/askn/Develop/UPDI4AVR-USB/src/usb.cpp:319
    /* Send the VCP-RxD buffer to the host. */
    /* If our math is correct, then if each side of the double */
    /* buffer can complete the transmission of 64 characters   */
    /* in 1 ms, then it can support 640 kbps. */
    if (bit_is_clear(GPCONF, GPCONF_OPN_bp)
     || bit_is_clear(EP_CDI.STATUS, USB_BUSNAK_bp)) {
     3a8:	f4 9b       	sbis	0x1e, 4	; 30
     3aa:	0b c0       	rjmp	.+22     	; 0x3c2 <USB::ep_cdi_listen()+0x1a>
     3ac:	80 91 b2 64 	lds	r24, 0x64B2	; 0x8064b2 <EP_TABLE+0x40>
     3b0:	81 ff       	sbrs	r24, 1
     3b2:	07 c0       	rjmp	.+14     	; 0x3c2 <USB::ep_cdi_listen()+0x1a>
/Users/askn/Develop/UPDI4AVR-USB/src/usb.cpp:329
    }
    D2PRINTF(" VI=%02X:", _send_count);
    D2PRINTHEX(bit_is_set(GPCONF, GPCONF_DBL_bp)
      ? &EP_MEM.cdi_data[64]
      : &EP_MEM.cdi_data[0], _send_count, ':');
    ATOMIC_BLOCK(ATOMIC_RESTORESTATE) {
     3b4:	2f b7       	in	r18, 0x3f	; 63
__iCliRetVal():
/Users/askn/Library/Arduino15/packages/MultiX-Zinnia/tools/avr8-gcc/7.3.0-avr8-gnu-toolchain/avr/include/util/atomic.h:50
    return 1;
}

static __inline__ uint8_t __iCliRetVal(void)
{
    cli();
     3b6:	f8 94       	cli
_ZN3USB13ep_cdi_listenEv():
/Users/askn/Develop/UPDI4AVR-USB/src/usb.cpp:331
      EP_CDI.DATAPTR = bit_is_set(GPCONF, GPCONF_DBL_bp)
        ? (register16_t)&EP_MEM.cdi_data[64]
     3b8:	f2 99       	sbic	0x1e, 2	; 30
     3ba:	0a c0       	rjmp	.+20     	; 0x3d0 <USB::ep_cdi_listen()+0x28>
     3bc:	8c ee       	ldi	r24, 0xEC	; 236
     3be:	93 e6       	ldi	r25, 0x63	; 99
     3c0:	09 c0       	rjmp	.+18     	; 0x3d4 <USB::ep_cdi_listen()+0x2c>
/Users/askn/Develop/UPDI4AVR-USB/src/usb.cpp:322
    /* in 1 ms, then it can support 640 kbps. */
    if (bit_is_clear(GPCONF, GPCONF_OPN_bp)
     || bit_is_clear(EP_CDI.STATUS, USB_BUSNAK_bp)) {
      /* No sending allowed while port is closed.  */
      /* If the buffer overflows, it is discarded. */
      if (_send_count == 64) _send_count = 0;
     3c2:	80 91 6f 64 	lds	r24, 0x646F	; 0x80646f <_send_count>
     3c6:	80 34       	cpi	r24, 0x40	; 64
     3c8:	11 f5       	brne	.+68     	; 0x40e <__BOOT_SIGNATURE_REGION_LENGTH__+0xe>
     3ca:	10 92 6f 64 	sts	0x646F, r1	; 0x80646f <_send_count>
     3ce:	08 95       	ret
/Users/askn/Develop/UPDI4AVR-USB/src/usb.cpp:331
    D2PRINTHEX(bit_is_set(GPCONF, GPCONF_DBL_bp)
      ? &EP_MEM.cdi_data[64]
      : &EP_MEM.cdi_data[0], _send_count, ':');
    ATOMIC_BLOCK(ATOMIC_RESTORESTATE) {
      EP_CDI.DATAPTR = bit_is_set(GPCONF, GPCONF_DBL_bp)
        ? (register16_t)&EP_MEM.cdi_data[64]
     3d0:	8c e2       	ldi	r24, 0x2C	; 44
     3d2:	94 e6       	ldi	r25, 0x64	; 100
/Users/askn/Develop/UPDI4AVR-USB/src/usb.cpp:330
    D2PRINTF(" VI=%02X:", _send_count);
    D2PRINTHEX(bit_is_set(GPCONF, GPCONF_DBL_bp)
      ? &EP_MEM.cdi_data[64]
      : &EP_MEM.cdi_data[0], _send_count, ':');
    ATOMIC_BLOCK(ATOMIC_RESTORESTATE) {
      EP_CDI.DATAPTR = bit_is_set(GPCONF, GPCONF_DBL_bp)
     3d4:	80 93 b6 64 	sts	0x64B6, r24	; 0x8064b6 <EP_TABLE+0x44>
     3d8:	90 93 b7 64 	sts	0x64B7, r25	; 0x8064b7 <EP_TABLE+0x45>
/Users/askn/Develop/UPDI4AVR-USB/src/usb.cpp:333
        ? (register16_t)&EP_MEM.cdi_data[64]
        : (register16_t)&EP_MEM.cdi_data[0];
      EP_CDI.CNT = _send_count;
     3dc:	80 91 6f 64 	lds	r24, 0x646F	; 0x80646f <_send_count>
     3e0:	90 e0       	ldi	r25, 0x00	; 0
     3e2:	80 93 b4 64 	sts	0x64B4, r24	; 0x8064b4 <EP_TABLE+0x42>
     3e6:	90 93 b5 64 	sts	0x64B5, r25	; 0x8064b5 <EP_TABLE+0x43>
/Users/askn/Develop/UPDI4AVR-USB/src/usb.cpp:334
      EP_CDI.MCNT = 0;
     3ea:	10 92 b8 64 	sts	0x64B8, r1	; 0x8064b8 <EP_TABLE+0x46>
     3ee:	10 92 b9 64 	sts	0x64B9, r1	; 0x8064b9 <EP_TABLE+0x47>
/Users/askn/Develop/UPDI4AVR-USB/src/usb.cpp:335
      _send_count = 0;
     3f2:	10 92 6f 64 	sts	0x646F, r1	; 0x80646f <_send_count>
/Users/askn/Develop/UPDI4AVR-USB/src/usb.cpp:336
      GPCONF ^= GPCONF_DBL_bm;
     3f6:	8e b3       	in	r24, 0x1e	; 30
     3f8:	94 e0       	ldi	r25, 0x04	; 4
     3fa:	89 27       	eor	r24, r25
     3fc:	8e bb       	out	0x1e, r24	; 30
__iRestore():
/Users/askn/Library/Arduino15/packages/MultiX-Zinnia/tools/avr8-gcc/7.3.0-avr8-gnu-toolchain/avr/include/util/atomic.h:70
    (void)__s;
}

static __inline__ void __iRestore(const  uint8_t *__s)
{
    SREG = *__s;
     3fe:	2f bf       	out	0x3f, r18	; 63
_ZN3USB13ep_cdi_listenEv():
/Users/askn/Develop/UPDI4AVR-USB/src/usb.cpp:338
    }
    loop_until_bit_is_clear(USB0_INTFLAGSB, USB_RMWBUSY_bp);
     400:	80 91 0b 0c 	lds	r24, 0x0C0B	; 0x800c0b <__TEXT_REGION_LENGTH__+0x7f0c0b>
     404:	82 fd       	sbrc	r24, 2
     406:	fc cf       	rjmp	.-8      	; 0x400 <__BOOT_SIGNATURE_REGION_LENGTH__>
/Users/askn/Develop/UPDI4AVR-USB/src/usb.cpp:339
    USB_EP_STATUS_CLR(USB_EP_CDI) = ~USB_TOGGLE_bm;
     408:	8e ef       	ldi	r24, 0xFE	; 254
     40a:	80 93 4e 0c 	sts	0x0C4E, r24	; 0x800c4e <__TEXT_REGION_LENGTH__+0x7f0c4e>
/Users/askn/Develop/UPDI4AVR-USB/src/usb.cpp:340
  }
     40e:	08 95       	ret

00000410 <USB::ep_res_listen()>:
_ZN3USB13ep_res_listenEv():
/Users/askn/Develop/UPDI4AVR-USB/src/usb.cpp:285
    loop_until_bit_is_clear(USB0_INTFLAGSB, USB_RMWBUSY_bp);
    USB_EP_STATUS_CLR(USB_EP_REQ) = ~USB_TOGGLE_bm;
  }

  void ep_res_listen (void) {
    EP_RES.MCNT = 0;
     410:	10 92 88 64 	sts	0x6488, r1	; 0x806488 <EP_TABLE+0x16>
     414:	10 92 89 64 	sts	0x6489, r1	; 0x806489 <EP_TABLE+0x17>
/Users/askn/Develop/UPDI4AVR-USB/src/usb.cpp:286
    loop_until_bit_is_clear(USB0_INTFLAGSB, USB_RMWBUSY_bp);
     418:	80 91 0b 0c 	lds	r24, 0x0C0B	; 0x800c0b <__TEXT_REGION_LENGTH__+0x7f0c0b>
     41c:	82 fd       	sbrc	r24, 2
     41e:	fc cf       	rjmp	.-8      	; 0x418 <USB::ep_res_listen()+0x8>
/Users/askn/Develop/UPDI4AVR-USB/src/usb.cpp:287
    USB_EP_STATUS_CLR(USB_EP_RES) = ~USB_TOGGLE_bm;
     420:	8e ef       	ldi	r24, 0xFE	; 254
     422:	80 93 42 0c 	sts	0x0C42, r24	; 0x800c42 <__TEXT_REGION_LENGTH__+0x7f0c42>
/Users/askn/Develop/UPDI4AVR-USB/src/usb.cpp:288
  }
     426:	08 95       	ret

00000428 <USB::ep_req_listen()>:
_ZN3USB13ep_req_listenEv():
/Users/askn/Develop/UPDI4AVR-USB/src/usb.cpp:279
  void ep_cci_pending (void) { loop_until_bit_is_set(EP_CCI.STATUS, USB_BUSNAK_bp); }
  void ep_cdo_pending (void) { loop_until_bit_is_set(EP_CDO.STATUS, USB_BUSNAK_bp); }
  void ep_cdi_pending (void) { loop_until_bit_is_set(EP_CDI.STATUS, USB_BUSNAK_bp); }

  void ep_req_listen (void) {
    EP_REQ.CNT = 0;
     428:	10 92 7c 64 	sts	0x647C, r1	; 0x80647c <EP_TABLE+0xa>
     42c:	10 92 7d 64 	sts	0x647D, r1	; 0x80647d <EP_TABLE+0xb>
/Users/askn/Develop/UPDI4AVR-USB/src/usb.cpp:280
    loop_until_bit_is_clear(USB0_INTFLAGSB, USB_RMWBUSY_bp);
     430:	80 91 0b 0c 	lds	r24, 0x0C0B	; 0x800c0b <__TEXT_REGION_LENGTH__+0x7f0c0b>
     434:	82 fd       	sbrc	r24, 2
     436:	fc cf       	rjmp	.-8      	; 0x430 <USB::ep_req_listen()+0x8>
/Users/askn/Develop/UPDI4AVR-USB/src/usb.cpp:281
    USB_EP_STATUS_CLR(USB_EP_REQ) = ~USB_TOGGLE_bm;
     438:	8e ef       	ldi	r24, 0xFE	; 254
     43a:	80 93 40 0c 	sts	0x0C40, r24	; 0x800c40 <__TEXT_REGION_LENGTH__+0x7f0c40>
/Users/askn/Develop/UPDI4AVR-USB/src/usb.cpp:282
  }
     43e:	08 95       	ret

00000440 <USART::change_pdi()>:
_ZN5USART10change_pdiEv():
/Users/askn/Develop/UPDI4AVR-USB/src/usart.cpp:123
    }
  }

  /*** Set up single-wire synchronous mode for PDI operation. ***/
  /* The TRST is repurposed to transmit the synchronous clock. */
  void change_pdi (void) {
     440:	cf 93       	push	r28
/Users/askn/Develop/UPDI4AVR-USB/src/usart.cpp:125
    #if defined(CONFIG_PGM_PDI_ENABLE)
    ATOMIC_BLOCK(ATOMIC_RESTORESTATE) {
     442:	cf b7       	in	r28, 0x3f	; 63
__iCliRetVal():
/Users/askn/Library/Arduino15/packages/MultiX-Zinnia/tools/avr8-gcc/7.3.0-avr8-gnu-toolchain/avr/include/util/atomic.h:50
    return 1;
}

static __inline__ uint8_t __iCliRetVal(void)
{
    cli();
     444:	f8 94       	cli
_ZN5USART10change_pdiEv():
/Users/askn/Develop/UPDI4AVR-USB/src/usart.cpp:126
      PORTMUX_USARTROUTEA = PORTMUX_USART_PDI;
     446:	81 e1       	ldi	r24, 0x11	; 17
     448:	80 93 e2 05 	sts	0x05E2, r24	; 0x8005e2 <__TEXT_REGION_LENGTH__+0x7f05e2>
/Users/askn/Develop/UPDI4AVR-USB/src/usart.cpp:127
      pinControlRegister(PIN_PGM_PCLK) = PORT_INVEN_bm;
     44c:	80 e8       	ldi	r24, 0x80	; 128
     44e:	80 93 16 04 	sts	0x0416, r24	; 0x800416 <__TEXT_REGION_LENGTH__+0x7f0416>
/Users/askn/Develop/UPDI4AVR-USB/src/usart.cpp:128
      pinLogicPull(PIN_PGM_PCLK);   /* Everything except CNANO is shared with TRST */
     452:	06 9a       	sbi	0x00, 6	; 0
/Users/askn/Develop/UPDI4AVR-USB/src/usart.cpp:129
      USART0_STATUS = USART_DREIF_bm;
     454:	80 e2       	ldi	r24, 0x20	; 32
     456:	80 93 04 08 	sts	0x0804, r24	; 0x800804 <__TEXT_REGION_LENGTH__+0x7f0804>
sync_baud_khz():
/Users/askn/Develop/UPDI4AVR-USB/src/usart.cpp:50
    else if (_baud > 0xFFFFU) _baud = 0xFFFF;
    return _baud;
  }

  uint16_t sync_baud_khz (uint16_t _khz) {
    uint32_t _baud = ((F_CPU / 1000) / _khz + 1) / 2;
     45a:	20 91 52 63 	lds	r18, 0x6352	; 0x806352 <_xclk>
     45e:	30 91 53 63 	lds	r19, 0x6353	; 0x806353 <_xclk+0x1>
     462:	50 e0       	ldi	r21, 0x00	; 0
     464:	40 e0       	ldi	r20, 0x00	; 0
     466:	60 e2       	ldi	r22, 0x20	; 32
     468:	7e e4       	ldi	r23, 0x4E	; 78
     46a:	80 e0       	ldi	r24, 0x00	; 0
     46c:	90 e0       	ldi	r25, 0x00	; 0
     46e:	0e 94 45 20 	call	0x408a	; 0x408a <__divmodsi4>
     472:	da 01       	movw	r26, r20
     474:	c9 01       	movw	r24, r18
     476:	01 96       	adiw	r24, 0x01	; 1
     478:	a1 1d       	adc	r26, r1
     47a:	b1 1d       	adc	r27, r1
     47c:	b5 95       	asr	r27
     47e:	a7 95       	ror	r26
     480:	97 95       	ror	r25
     482:	87 95       	ror	r24
/Users/askn/Develop/UPDI4AVR-USB/src/usart.cpp:51
    _baud <<= 6;
     484:	36 e0       	ldi	r19, 0x06	; 6
     486:	88 0f       	add	r24, r24
     488:	99 1f       	adc	r25, r25
     48a:	aa 1f       	adc	r26, r26
     48c:	bb 1f       	adc	r27, r27
     48e:	3a 95       	dec	r19
     490:	d1 f7       	brne	.-12     	; 0x486 <USART::change_pdi()+0x46>
     492:	00 97       	sbiw	r24, 0x00	; 0
     494:	21 e0       	ldi	r18, 0x01	; 1
     496:	a2 07       	cpc	r26, r18
     498:	b1 05       	cpc	r27, r1
     49a:	20 f0       	brcs	.+8      	; 0x4a4 <USART::change_pdi()+0x64>
     49c:	8f ef       	ldi	r24, 0xFF	; 255
     49e:	9f ef       	ldi	r25, 0xFF	; 255
     4a0:	a0 e0       	ldi	r26, 0x00	; 0
     4a2:	b0 e0       	ldi	r27, 0x00	; 0
/Users/askn/Develop/UPDI4AVR-USB/src/usart.cpp:54
    if (_baud < 64) _baud = 64;
    else if (_baud > 0xFFFFU) _baud = 0xFFFF;
    return _baud;
     4a4:	80 34       	cpi	r24, 0x40	; 64
     4a6:	91 05       	cpc	r25, r1
     4a8:	a1 05       	cpc	r26, r1
     4aa:	b1 05       	cpc	r27, r1
     4ac:	20 f4       	brcc	.+8      	; 0x4b6 <USART::change_pdi()+0x76>
     4ae:	80 e4       	ldi	r24, 0x40	; 64
     4b0:	90 e0       	ldi	r25, 0x00	; 0
     4b2:	a0 e0       	ldi	r26, 0x00	; 0
     4b4:	b0 e0       	ldi	r27, 0x00	; 0
_ZN5USART10change_pdiEv():
/Users/askn/Develop/UPDI4AVR-USB/src/usart.cpp:130
    ATOMIC_BLOCK(ATOMIC_RESTORESTATE) {
      PORTMUX_USARTROUTEA = PORTMUX_USART_PDI;
      pinControlRegister(PIN_PGM_PCLK) = PORT_INVEN_bm;
      pinLogicPull(PIN_PGM_PCLK);   /* Everything except CNANO is shared with TRST */
      USART0_STATUS = USART_DREIF_bm;
      USART0_BAUD  = sync_baud_khz(_xclk);
     4b6:	80 93 08 08 	sts	0x0808, r24	; 0x800808 <__TEXT_REGION_LENGTH__+0x7f0808>
     4ba:	90 93 09 08 	sts	0x0809, r25	; 0x800809 <__TEXT_REGION_LENGTH__+0x7f0809>
/Users/askn/Develop/UPDI4AVR-USB/src/usart.cpp:131
      USART0_CTRLC = USART_CHSIZE_8BIT_gc | USART_PMODE_EVEN_gc | USART_CMODE_SYNCHRONOUS_gc | USART_SBMODE_2BIT_gc;
     4be:	8b e6       	ldi	r24, 0x6B	; 107
     4c0:	80 93 07 08 	sts	0x0807, r24	; 0x800807 <__TEXT_REGION_LENGTH__+0x7f0807>
/Users/askn/Develop/UPDI4AVR-USB/src/usart.cpp:132
      USART0_CTRLA = USART_LBME_bm | USART_RS485_INT_gc;
     4c4:	8a e0       	ldi	r24, 0x0A	; 10
     4c6:	80 93 05 08 	sts	0x0805, r24	; 0x800805 <__TEXT_REGION_LENGTH__+0x7f0805>
/Users/askn/Develop/UPDI4AVR-USB/src/usart.cpp:133
      USART0_CTRLB = USART_RXEN_bm;
     4ca:	80 e8       	ldi	r24, 0x80	; 128
     4cc:	80 93 06 08 	sts	0x0806, r24	; 0x800806 <__TEXT_REGION_LENGTH__+0x7f0806>
__iRestore():
/Users/askn/Library/Arduino15/packages/MultiX-Zinnia/tools/avr8-gcc/7.3.0-avr8-gnu-toolchain/avr/include/util/atomic.h:70
    (void)__s;
}

static __inline__ void __iRestore(const  uint8_t *__s)
{
    SREG = *__s;
     4d0:	cf bf       	out	0x3f, r28	; 63
_ZN5USART10change_pdiEv():
/Users/askn/Develop/UPDI4AVR-USB/src/usart.cpp:137
      D1PRINTF(" USART=PDI BAUD=%04X\r\n", USART0_BAUD);
    }
    #endif
  }
     4d2:	cf 91       	pop	r28
     4d4:	08 95       	ret

000004d6 <NVM::V1::prog_init()>:
_ZN3NVM2V19prog_initEv():
/Users/askn/Develop/UPDI4AVR-USB/src/nvmv1.cpp:33
 * the truly correct value is the one read via "UPDI SIB".
 */

namespace NVM::V1 {

  size_t prog_init (void) { return 0; }
     4d6:	90 e0       	ldi	r25, 0x00	; 0
     4d8:	80 e0       	ldi	r24, 0x00	; 0
     4da:	08 95       	ret

000004dc <PDI::recv()>:
_ZN3PDI4recvEv():
/Users/askn/Develop/UPDI4AVR-USB/src/pdi.cpp:117
    idle_clock(16);
    return start_txd();
  }

  bool recv (void) {
    do { RXSTAT = USART0_RXDATAH; } while (!RXSTAT);
     4dc:	80 91 01 08 	lds	r24, 0x0801	; 0x800801 <__TEXT_REGION_LENGTH__+0x7f0801>
     4e0:	8c bb       	out	0x1c, r24	; 28
     4e2:	8c b3       	in	r24, 0x1c	; 28
     4e4:	88 23       	and	r24, r24
     4e6:	d1 f3       	breq	.-12     	; 0x4dc <PDI::recv()>
/Users/askn/Develop/UPDI4AVR-USB/src/pdi.cpp:118
    RXDATA = USART0_RXDATAL;
     4e8:	80 91 00 08 	lds	r24, 0x0800	; 0x800800 <__TEXT_REGION_LENGTH__+0x7f0800>
     4ec:	8d bb       	out	0x1d, r24	; 29
/Users/askn/Develop/UPDI4AVR-USB/src/pdi.cpp:119
    RXSTAT ^= 0x80;
     4ee:	8c b3       	in	r24, 0x1c	; 28
     4f0:	80 58       	subi	r24, 0x80	; 128
     4f2:	8c bb       	out	0x1c, r24	; 28
/Users/askn/Develop/UPDI4AVR-USB/src/pdi.cpp:121
    // D2PRINTF("(%02X:%02X)", RXSTAT, RXDATA);
    return RXSTAT == 0;
     4f4:	9c b3       	in	r25, 0x1c	; 28
     4f6:	81 e0       	ldi	r24, 0x01	; 1
     4f8:	91 11       	cpse	r25, r1
     4fa:	80 e0       	ldi	r24, 0x00	; 0
/Users/askn/Develop/UPDI4AVR-USB/src/pdi.cpp:122
  }
     4fc:	08 95       	ret

000004fe <PDI::recv_byte() [clone .part.3]>:
_ZN3PDI9recv_byteEv.part.3():
/Users/askn/Develop/UPDI4AVR-USB/src/pdi.cpp:125

  bool recv_byte (void) {
    return stop_txd() && recv();
     4fe:	ee cf       	rjmp	.-36     	; 0x4dc <PDI::recv()>

00000500 <PDI::send(unsigned char)>:
_ZN3PDI4sendEh():
/Users/askn/Develop/UPDI4AVR-USB/src/pdi.cpp:145
      *_data++ = RXDATA;
    } while (--_len);
    return true;
  }

  bool send (const uint8_t _data) {
     500:	cf 93       	push	r28
     502:	c8 2f       	mov	r28, r24
/Users/askn/Develop/UPDI4AVR-USB/src/pdi.cpp:146
    loop_until_bit_is_set(USART0_STATUS, USART_DREIF_bp);
     504:	80 91 04 08 	lds	r24, 0x0804	; 0x800804 <__TEXT_REGION_LENGTH__+0x7f0804>
     508:	85 ff       	sbrs	r24, 5
     50a:	fc cf       	rjmp	.-8      	; 0x504 <PDI::send(unsigned char)+0x4>
/Users/askn/Develop/UPDI4AVR-USB/src/pdi.cpp:148
    // D2PRINTF("[%02X]", _data);
    USART0_TXDATAL = _data;
     50c:	c0 93 02 08 	sts	0x0802, r28	; 0x800802 <__TEXT_REGION_LENGTH__+0x7f0802>
/Users/askn/Develop/UPDI4AVR-USB/src/pdi.cpp:149
    return recv() && _data == RXDATA;
     510:	e5 df       	rcall	.-54     	; 0x4dc <PDI::recv()>
     512:	88 23       	and	r24, r24
     514:	21 f0       	breq	.+8      	; 0x51e <PDI::send(unsigned char)+0x1e>
     516:	9d b3       	in	r25, 0x1d	; 29
     518:	81 e0       	ldi	r24, 0x01	; 1
     51a:	9c 13       	cpse	r25, r28
     51c:	80 e0       	ldi	r24, 0x00	; 0
/Users/askn/Develop/UPDI4AVR-USB/src/pdi.cpp:150
  }
     51e:	cf 91       	pop	r28
     520:	08 95       	ret

00000522 <UPDI::send_bytes(unsigned char const*, unsigned int)>:
_ZN4UPDI10send_bytesEPKhj():
/Users/askn/Develop/UPDI4AVR-USB/src/updi.cpp:100
    // D1PRINTF("\r\n[%02X]", _data);
    USART0_TXDATAL = _data;
    return recv() && _data == RXDATA;
  }

  bool send_bytes (const uint8_t* _data, size_t _len) {
     522:	0f 93       	push	r16
     524:	1f 93       	push	r17
     526:	cf 93       	push	r28
     528:	df 93       	push	r29
     52a:	eb 01       	movw	r28, r22
     52c:	8c 01       	movw	r16, r24
/Users/askn/Develop/UPDI4AVR-USB/src/updi.cpp:102
    do {
      if (!send(*_data++)) return false;
     52e:	f8 01       	movw	r30, r16
     530:	81 91       	ld	r24, Z+
     532:	8f 01       	movw	r16, r30
     534:	e5 df       	rcall	.-54     	; 0x500 <PDI::send(unsigned char)>
     536:	88 23       	and	r24, r24
     538:	11 f0       	breq	.+4      	; 0x53e <UPDI::send_bytes(unsigned char const*, unsigned int)+0x1c>
/Users/askn/Develop/UPDI4AVR-USB/src/updi.cpp:103
    } while (--_len);
     53a:	21 97       	sbiw	r28, 0x01	; 1
     53c:	c1 f7       	brne	.-16     	; 0x52e <UPDI::send_bytes(unsigned char const*, unsigned int)+0xc>
/Users/askn/Develop/UPDI4AVR-USB/src/updi.cpp:105
    return true;
  }
     53e:	df 91       	pop	r29
     540:	cf 91       	pop	r28
     542:	1f 91       	pop	r17
     544:	0f 91       	pop	r16
     546:	08 95       	ret

00000548 <UPDI::disconnect()>:
_ZN4UPDI10disconnectEv():
/Users/askn/Develop/UPDI4AVR-USB/src/updi.cpp:134
    const static uint8_t _reset[] = {
      0x55, 0xC8, 0x59, /* SYSRST */
      0x55, 0xC8, 0x00, /* SYSRUN */
      0x55, 0xC3, 0x04  /* UPDIDIS */
    };
    return send_bytes(_reset, _leave ? 9 : 6);
     548:	69 e0       	ldi	r22, 0x09	; 9
     54a:	70 e0       	ldi	r23, 0x00	; 0
     54c:	87 e9       	ldi	r24, 0x97	; 151
     54e:	90 e6       	ldi	r25, 0x60	; 96
     550:	e8 df       	rcall	.-48     	; 0x522 <UPDI::send_bytes(unsigned char const*, unsigned int)>
/Users/askn/Develop/UPDI4AVR-USB/src/updi.cpp:465
    return 0;
  }

  inline size_t disconnect (void) {
    return sys_reset(true);
  }
     552:	90 e0       	ldi	r25, 0x00	; 0
     554:	08 95       	ret

00000556 <UPDI::sys_status()>:
_ZN4UPDI10sys_statusEv():
/Users/askn/Develop/UPDI4AVR-USB/src/updi.cpp:228
    return send_bytes(_key_stat, 2) && recv();
  }

  bool sys_status (void) {
    const static uint8_t _sys_stat[] = {0x55, 0x8B};
    return send_bytes(_sys_stat, 2) && recv();
     556:	62 e0       	ldi	r22, 0x02	; 2
     558:	70 e0       	ldi	r23, 0x00	; 0
     55a:	81 e6       	ldi	r24, 0x61	; 97
     55c:	90 e6       	ldi	r25, 0x60	; 96
     55e:	e1 df       	rcall	.-62     	; 0x522 <UPDI::send_bytes(unsigned char const*, unsigned int)>
     560:	81 11       	cpse	r24, r1
     562:	cd cf       	rjmp	.-102    	; 0x4fe <PDI::recv_byte() [clone .part.3]>
/Users/askn/Develop/UPDI4AVR-USB/src/updi.cpp:229
  }
     564:	80 e0       	ldi	r24, 0x00	; 0
/Users/askn/Develop/UPDI4AVR-USB/src/updi.cpp:223
    return send_byte(0x1000, _nvmcmd);  /* NVMCTRL_CTRLA */
  }

  bool key_status (void) {
    const static uint8_t _key_stat[] = {0x55, 0x87};
    return send_bytes(_key_stat, 2) && recv();
     566:	08 95       	ret

00000568 <UPDI::key_status()>:
_ZN4UPDI10key_statusEv():
     568:	62 e0       	ldi	r22, 0x02	; 2
     56a:	70 e0       	ldi	r23, 0x00	; 0
     56c:	8f e5       	ldi	r24, 0x5F	; 95
     56e:	90 e6       	ldi	r25, 0x60	; 96
     570:	d8 df       	rcall	.-80     	; 0x522 <UPDI::send_bytes(unsigned char const*, unsigned int)>
     572:	81 11       	cpse	r24, r1
     574:	c4 cf       	rjmp	.-120    	; 0x4fe <PDI::recv_byte() [clone .part.3]>
/Users/askn/Develop/UPDI4AVR-USB/src/updi.cpp:224
  }
     576:	80 e0       	ldi	r24, 0x00	; 0
     578:	08 95       	ret

0000057a <UPDI::recv_byte(unsigned long)>:
_ZN4UPDI9recv_byteEm():
/Users/askn/Develop/UPDI4AVR-USB/src/updi.cpp:113
  /* The acquired data is stored in RXDATA.    */
  bool recv_byte (uint32_t _dwAddr) {
    static uint8_t _set_ptr[] = {
      0x55, 0x08, 0, 0, 0, 0  /* LDS ADDR3 DATA1 */
    };
    _CAPS32(_set_ptr[2])->dword = _dwAddr;
     57a:	60 93 15 60 	sts	0x6015, r22	; 0x806015 <UPDI::recv_byte(unsigned long)::_set_ptr+0x2>
     57e:	70 93 16 60 	sts	0x6016, r23	; 0x806016 <UPDI::recv_byte(unsigned long)::_set_ptr+0x3>
     582:	80 93 17 60 	sts	0x6017, r24	; 0x806017 <UPDI::recv_byte(unsigned long)::_set_ptr+0x4>
/Users/askn/Develop/UPDI4AVR-USB/src/updi.cpp:114
    return send_bytes(_set_ptr, 5) && recv();
     586:	90 93 18 60 	sts	0x6018, r25	; 0x806018 <UPDI::recv_byte(unsigned long)::_set_ptr+0x5>
     58a:	65 e0       	ldi	r22, 0x05	; 5
     58c:	70 e0       	ldi	r23, 0x00	; 0
     58e:	83 e1       	ldi	r24, 0x13	; 19
     590:	90 e6       	ldi	r25, 0x60	; 96
     592:	c7 df       	rcall	.-114    	; 0x522 <UPDI::send_bytes(unsigned char const*, unsigned int)>
     594:	81 11       	cpse	r24, r1
/Users/askn/Develop/UPDI4AVR-USB/src/updi.cpp:115
  }
     596:	b3 cf       	rjmp	.-154    	; 0x4fe <PDI::recv_byte() [clone .part.3]>
     598:	80 e0       	ldi	r24, 0x00	; 0
/Users/askn/Develop/UPDI4AVR-USB/src/updi.cpp:90
    } while (--_len);
    return true;
  }

  bool is_ack (void) {
    return recv() && 0x40 == RXDATA;
     59a:	08 95       	ret

0000059c <UPDI::is_ack()>:
_ZN4UPDI6is_ackEv():
     59c:	9f df       	rcall	.-194    	; 0x4dc <PDI::recv()>
     59e:	88 23       	and	r24, r24
     5a0:	29 f0       	breq	.+10     	; 0x5ac <UPDI::is_ack()+0x10>
     5a2:	9d b3       	in	r25, 0x1d	; 29
     5a4:	81 e0       	ldi	r24, 0x01	; 1
     5a6:	90 34       	cpi	r25, 0x40	; 64
     5a8:	09 f0       	breq	.+2      	; 0x5ac <UPDI::is_ack()+0x10>
     5aa:	80 e0       	ldi	r24, 0x00	; 0
/Users/askn/Develop/UPDI4AVR-USB/src/updi.cpp:91
  }
     5ac:	08 95       	ret

000005ae <UPDI::send_words_block(unsigned long, unsigned int)>:
_ZN4UPDI16send_words_blockEmj():
/Users/askn/Develop/UPDI4AVR-USB/src/updi.cpp:191
      && send_bytes(_set_repeat, sizeof(_set_repeat))
      && send_bytes(&packet.out.memData[0], _wLength)
      && clear_rsd();
  }

  bool send_words_block (uint32_t _dwAddr, size_t _wLength) {
     5ae:	cf 93       	push	r28
     5b0:	df 93       	push	r29
     5b2:	ea 01       	movw	r28, r20
/Users/askn/Develop/UPDI4AVR-USB/src/updi.cpp:194
    /* This function works in word units up to 256 words, */
    /* and will round down any fractional words.          */
    _CAPS32(_set_ptr24[2])->dword = _dwAddr;
     5b4:	60 93 26 60 	sts	0x6026, r22	; 0x806026 <UPDI::_set_ptr24+0x2>
     5b8:	70 93 27 60 	sts	0x6027, r23	; 0x806027 <UPDI::_set_ptr24+0x3>
     5bc:	80 93 28 60 	sts	0x6028, r24	; 0x806028 <UPDI::_set_ptr24+0x4>
     5c0:	90 93 29 60 	sts	0x6029, r25	; 0x806029 <UPDI::_set_ptr24+0x5>
/Users/askn/Develop/UPDI4AVR-USB/src/updi.cpp:195
    _set_repeat[2] = (_wLength >> 1) - 1;
     5c4:	ca 01       	movw	r24, r20
     5c6:	96 95       	lsr	r25
     5c8:	87 95       	ror	r24
     5ca:	81 50       	subi	r24, 0x01	; 1
     5cc:	80 93 21 60 	sts	0x6021, r24	; 0x806021 <UPDI::_set_repeat+0x2>
/Users/askn/Develop/UPDI4AVR-USB/src/updi.cpp:196
    _set_repeat[4] = 0x65;  /* ST PTR++ DATA2 */
     5d0:	85 e6       	ldi	r24, 0x65	; 101
     5d2:	80 93 23 60 	sts	0x6023, r24	; 0x806023 <UPDI::_set_repeat+0x4>
/Users/askn/Develop/UPDI4AVR-USB/src/updi.cpp:197
    return send_bytes(_set_ptr24, 5)
     5d6:	65 e0       	ldi	r22, 0x05	; 5
     5d8:	70 e0       	ldi	r23, 0x00	; 0
     5da:	84 e2       	ldi	r24, 0x24	; 36
     5dc:	90 e6       	ldi	r25, 0x60	; 96
/Users/askn/Develop/UPDI4AVR-USB/src/updi.cpp:202
      && is_ack()
      && set_rsd()
      && send_bytes(_set_repeat, sizeof(_set_repeat))
      && send_bytes(&packet.out.memData[0], _wLength & ~1)
      && clear_rsd();
     5de:	a1 df       	rcall	.-190    	; 0x522 <UPDI::send_bytes(unsigned char const*, unsigned int)>
     5e0:	88 23       	and	r24, r24
/Users/askn/Develop/UPDI4AVR-USB/src/updi.cpp:198
    /* and will round down any fractional words.          */
    _CAPS32(_set_ptr24[2])->dword = _dwAddr;
    _set_repeat[2] = (_wLength >> 1) - 1;
    _set_repeat[4] = 0x65;  /* ST PTR++ DATA2 */
    return send_bytes(_set_ptr24, 5)
      && is_ack()
     5e2:	f9 f0       	breq	.+62     	; 0x622 <UPDI::send_words_block(unsigned long, unsigned int)+0x74>
     5e4:	db df       	rcall	.-74     	; 0x59c <UPDI::is_ack()>
     5e6:	88 23       	and	r24, r24
/Users/askn/Develop/UPDI4AVR-USB/src/updi.cpp:139
    return send_bytes(_reset, _leave ? 9 : 6);
  }

  bool set_rsd (void) {
    const static uint8_t _set_rsd[] = {0x55, 0xC2, 0x08 + UPDI_CTRLAV};
    return send_bytes(_set_rsd, 3);
     5e8:	e1 f0       	breq	.+56     	; 0x622 <UPDI::send_words_block(unsigned long, unsigned int)+0x74>
set_rsd():
     5ea:	63 e0       	ldi	r22, 0x03	; 3
     5ec:	70 e0       	ldi	r23, 0x00	; 0
     5ee:	8c e5       	ldi	r24, 0x5C	; 92
     5f0:	90 e6       	ldi	r25, 0x60	; 96
/Users/askn/Develop/UPDI4AVR-USB/src/updi.cpp:199
    _CAPS32(_set_ptr24[2])->dword = _dwAddr;
    _set_repeat[2] = (_wLength >> 1) - 1;
    _set_repeat[4] = 0x65;  /* ST PTR++ DATA2 */
    return send_bytes(_set_ptr24, 5)
      && is_ack()
      && set_rsd()
     5f2:	97 df       	rcall	.-210    	; 0x522 <UPDI::send_bytes(unsigned char const*, unsigned int)>
_ZN4UPDI16send_words_blockEmj():
     5f4:	88 23       	and	r24, r24
/Users/askn/Develop/UPDI4AVR-USB/src/updi.cpp:200
      && send_bytes(_set_repeat, sizeof(_set_repeat))
     5f6:	a9 f0       	breq	.+42     	; 0x622 <UPDI::send_words_block(unsigned long, unsigned int)+0x74>
     5f8:	65 e0       	ldi	r22, 0x05	; 5
     5fa:	70 e0       	ldi	r23, 0x00	; 0
     5fc:	8f e1       	ldi	r24, 0x1F	; 31
     5fe:	90 e6       	ldi	r25, 0x60	; 96
     600:	90 df       	rcall	.-224    	; 0x522 <UPDI::send_bytes(unsigned char const*, unsigned int)>
     602:	88 23       	and	r24, r24
/Users/askn/Develop/UPDI4AVR-USB/src/updi.cpp:201
      && send_bytes(&packet.out.memData[0], _wLength & ~1)
     604:	71 f0       	breq	.+28     	; 0x622 <UPDI::send_words_block(unsigned long, unsigned int)+0x74>
     606:	be 01       	movw	r22, r28
     608:	6e 7f       	andi	r22, 0xFE	; 254
     60a:	86 ee       	ldi	r24, 0xE6	; 230
     60c:	90 e6       	ldi	r25, 0x60	; 96
     60e:	89 df       	rcall	.-238    	; 0x522 <UPDI::send_bytes(unsigned char const*, unsigned int)>
     610:	88 23       	and	r24, r24
     612:	39 f0       	breq	.+14     	; 0x622 <UPDI::send_words_block(unsigned long, unsigned int)+0x74>
clear_rsd():
/Users/askn/Develop/UPDI4AVR-USB/src/updi.cpp:144
    return send_bytes(_set_rsd, 3);
  }

  bool clear_rsd (void) {
    const static uint8_t _clear_rsd[] = {0x55, 0xC2, UPDI_CTRLAV};
    return send_bytes(_clear_rsd, 3);
     614:	63 e0       	ldi	r22, 0x03	; 3
     616:	70 e0       	ldi	r23, 0x00	; 0
     618:	87 e8       	ldi	r24, 0x87	; 135
     61a:	90 e6       	ldi	r25, 0x60	; 96
_ZN4UPDI16send_words_blockEmj():
/Users/askn/Develop/UPDI4AVR-USB/src/updi.cpp:203
      && is_ack()
      && set_rsd()
      && send_bytes(_set_repeat, sizeof(_set_repeat))
      && send_bytes(&packet.out.memData[0], _wLength & ~1)
      && clear_rsd();
  }
     61c:	df 91       	pop	r29
     61e:	cf 91       	pop	r28
clear_rsd():
/Users/askn/Develop/UPDI4AVR-USB/src/updi.cpp:144
    return send_bytes(_set_rsd, 3);
  }

  bool clear_rsd (void) {
    const static uint8_t _clear_rsd[] = {0x55, 0xC2, UPDI_CTRLAV};
    return send_bytes(_clear_rsd, 3);
     620:	80 cf       	rjmp	.-256    	; 0x522 <UPDI::send_bytes(unsigned char const*, unsigned int)>
_ZN4UPDI16send_words_blockEmj():
     622:	80 e0       	ldi	r24, 0x00	; 0
/Users/askn/Develop/UPDI4AVR-USB/src/updi.cpp:203
      && is_ack()
      && set_rsd()
      && send_bytes(_set_repeat, sizeof(_set_repeat))
      && send_bytes(&packet.out.memData[0], _wLength & ~1)
      && clear_rsd();
  }
     624:	df 91       	pop	r29
     626:	cf 91       	pop	r28
     628:	08 95       	ret

0000062a <UPDI::send_byte(unsigned long, unsigned char)>:
_ZN4UPDI9send_byteEmh():
/Users/askn/Develop/UPDI4AVR-USB/src/updi.cpp:117
    };
    _CAPS32(_set_ptr[2])->dword = _dwAddr;
    return send_bytes(_set_ptr, 5) && recv();
  }

  bool send_byte (uint32_t _dwAddr, uint8_t _data) {
     62a:	cf 93       	push	r28
/Users/askn/Develop/UPDI4AVR-USB/src/updi.cpp:121
    static uint8_t _set_ptr[] = {
      0x55, 0x48, 0, 0, 0, 0  /* STS ADDR3 DATA1 */
    };
    _CAPS32(_set_ptr[2])->dword = _dwAddr;
     62c:	c4 2f       	mov	r28, r20
     62e:	60 93 1b 60 	sts	0x601B, r22	; 0x80601b <UPDI::send_byte(unsigned long, unsigned char)::_set_ptr+0x2>
     632:	70 93 1c 60 	sts	0x601C, r23	; 0x80601c <UPDI::send_byte(unsigned long, unsigned char)::_set_ptr+0x3>
     636:	80 93 1d 60 	sts	0x601D, r24	; 0x80601d <UPDI::send_byte(unsigned long, unsigned char)::_set_ptr+0x4>
/Users/askn/Develop/UPDI4AVR-USB/src/updi.cpp:122
    return send_bytes(_set_ptr, 5)
     63a:	90 93 1e 60 	sts	0x601E, r25	; 0x80601e <UPDI::send_byte(unsigned long, unsigned char)::_set_ptr+0x5>
     63e:	65 e0       	ldi	r22, 0x05	; 5
     640:	70 e0       	ldi	r23, 0x00	; 0
     642:	89 e1       	ldi	r24, 0x19	; 25
/Users/askn/Develop/UPDI4AVR-USB/src/updi.cpp:125
      && is_ack()
      && send(_data)
      && is_ack();
     644:	90 e6       	ldi	r25, 0x60	; 96
/Users/askn/Develop/UPDI4AVR-USB/src/updi.cpp:123
    static uint8_t _set_ptr[] = {
      0x55, 0x48, 0, 0, 0, 0  /* STS ADDR3 DATA1 */
    };
    _CAPS32(_set_ptr[2])->dword = _dwAddr;
    return send_bytes(_set_ptr, 5)
      && is_ack()
     646:	6d df       	rcall	.-294    	; 0x522 <UPDI::send_bytes(unsigned char const*, unsigned int)>
     648:	88 23       	and	r24, r24
     64a:	49 f0       	breq	.+18     	; 0x65e <UPDI::send_byte(unsigned long, unsigned char)+0x34>
     64c:	a7 df       	rcall	.-178    	; 0x59c <UPDI::is_ack()>
/Users/askn/Develop/UPDI4AVR-USB/src/updi.cpp:124
      && send(_data)
     64e:	88 23       	and	r24, r24
     650:	31 f0       	breq	.+12     	; 0x65e <UPDI::send_byte(unsigned long, unsigned char)+0x34>
     652:	8c 2f       	mov	r24, r28
     654:	55 df       	rcall	.-342    	; 0x500 <PDI::send(unsigned char)>
     656:	88 23       	and	r24, r24
/Users/askn/Develop/UPDI4AVR-USB/src/updi.cpp:126
      && is_ack();
  }
     658:	11 f0       	breq	.+4      	; 0x65e <UPDI::send_byte(unsigned long, unsigned char)+0x34>
/Users/askn/Develop/UPDI4AVR-USB/src/updi.cpp:125
    };
    _CAPS32(_set_ptr[2])->dword = _dwAddr;
    return send_bytes(_set_ptr, 5)
      && is_ack()
      && send(_data)
      && is_ack();
     65a:	cf 91       	pop	r28
     65c:	9f cf       	rjmp	.-194    	; 0x59c <UPDI::is_ack()>
/Users/askn/Develop/UPDI4AVR-USB/src/updi.cpp:126
  }
     65e:	80 e0       	ldi	r24, 0x00	; 0
     660:	cf 91       	pop	r28
     662:	08 95       	ret

00000664 <UPDI::nvm_ctrl(unsigned char)>:
_ZN4UPDI8nvm_ctrlEh():
/Users/askn/Develop/UPDI4AVR-USB/src/updi.cpp:218
    /* This slow process is due to USERROW and BOOTROW. */
    return send_bytes_data(_dwAddr, &packet.out.memData[0], _wLength);
  }

  bool nvm_ctrl (uint8_t _nvmcmd) {
    return send_byte(0x1000, _nvmcmd);  /* NVMCTRL_CTRLA */
     664:	48 2f       	mov	r20, r24
     666:	60 e0       	ldi	r22, 0x00	; 0
     668:	70 e1       	ldi	r23, 0x10	; 16
     66a:	80 e0       	ldi	r24, 0x00	; 0
     66c:	90 e0       	ldi	r25, 0x00	; 0
     66e:	dd cf       	rjmp	.-70     	; 0x62a <UPDI::send_byte(unsigned long, unsigned char)>

00000670 <UPDI::send_bytes_block_slow(unsigned long, unsigned int)>:
_ZN4UPDI21send_bytes_block_slowEmj():
     670:	cf 92       	push	r12
/Users/askn/Develop/UPDI4AVR-USB/src/updi.cpp:212
      if (!send_byte(_dwAddr++, *_data++)) return false;
    }
    return true;
  }

  bool send_bytes_block_slow (uint32_t _dwAddr, size_t _wLength) {
     672:	df 92       	push	r13
     674:	ef 92       	push	r14
     676:	ff 92       	push	r15
     678:	0f 93       	push	r16
     67a:	1f 93       	push	r17
     67c:	cf 93       	push	r28
     67e:	df 93       	push	r29
     680:	c5 ed       	ldi	r28, 0xD5	; 213
     682:	d0 e6       	ldi	r29, 0x60	; 96
     684:	8a 01       	movw	r16, r20
     686:	0b 52       	subi	r16, 0x2B	; 43
     688:	1f 49       	sbci	r17, 0x9F	; 159
send_bytes_data():
/Users/askn/Develop/UPDI4AVR-USB/src/updi.cpp:206
      && send_bytes(&packet.out.memData[0], _wLength & ~1)
      && clear_rsd();
  }

  bool send_bytes_data (uint32_t _dwAddr, uint8_t* _data, size_t _wLength) {
    for (size_t _i = 0; _i < _wLength; _i++) {
     68a:	c0 17       	cp	r28, r16
     68c:	d1 07       	cpc	r29, r17
     68e:	c1 f0       	breq	.+48     	; 0x6c0 <UPDI::send_bytes_block_slow(unsigned long, unsigned int)+0x50>
/Users/askn/Develop/UPDI4AVR-USB/src/updi.cpp:207
      if (!send_byte(_dwAddr++, *_data++)) return false;
     690:	6b 01       	movw	r12, r22
     692:	7c 01       	movw	r14, r24
     694:	2f ef       	ldi	r18, 0xFF	; 255
     696:	c2 1a       	sub	r12, r18
     698:	d2 0a       	sbc	r13, r18
     69a:	e2 0a       	sbc	r14, r18
     69c:	f2 0a       	sbc	r15, r18
     69e:	49 89       	ldd	r20, Y+17	; 0x11
     6a0:	c4 df       	rcall	.-120    	; 0x62a <UPDI::send_byte(unsigned long, unsigned char)>
     6a2:	21 96       	adiw	r28, 0x01	; 1
     6a4:	81 11       	cpse	r24, r1
     6a6:	09 c0       	rjmp	.+18     	; 0x6ba <UPDI::send_bytes_block_slow(unsigned long, unsigned int)+0x4a>
_ZN4UPDI21send_bytes_block_slowEmj():
     6a8:	df 91       	pop	r29
/Users/askn/Develop/UPDI4AVR-USB/src/updi.cpp:215
  }

  bool send_bytes_block_slow (uint32_t _dwAddr, size_t _wLength) {
    /* This slow process is due to USERROW and BOOTROW. */
    return send_bytes_data(_dwAddr, &packet.out.memData[0], _wLength);
  }
     6aa:	cf 91       	pop	r28
     6ac:	1f 91       	pop	r17
     6ae:	0f 91       	pop	r16
     6b0:	ff 90       	pop	r15
     6b2:	ef 90       	pop	r14
     6b4:	df 90       	pop	r13
     6b6:	cf 90       	pop	r12
     6b8:	08 95       	ret
/Users/askn/Develop/UPDI4AVR-USB/src/updi.cpp:207
      && clear_rsd();
  }

  bool send_bytes_data (uint32_t _dwAddr, uint8_t* _data, size_t _wLength) {
    for (size_t _i = 0; _i < _wLength; _i++) {
      if (!send_byte(_dwAddr++, *_data++)) return false;
     6ba:	c7 01       	movw	r24, r14
     6bc:	b6 01       	movw	r22, r12
     6be:	e5 cf       	rjmp	.-54     	; 0x68a <UPDI::send_bytes_block_slow(unsigned long, unsigned int)+0x1a>
/Users/askn/Develop/UPDI4AVR-USB/src/updi.cpp:209
    }
    return true;
     6c0:	81 e0       	ldi	r24, 0x01	; 1
     6c2:	f2 cf       	rjmp	.-28     	; 0x6a8 <UPDI::send_bytes_block_slow(unsigned long, unsigned int)+0x38>

000006c4 <UPDI::send_bytes_block(unsigned long, unsigned int)>:
_ZN4UPDI16send_bytes_blockEmj():
/Users/askn/Develop/UPDI4AVR-USB/src/updi.cpp:178
      && is_ack()
      && send_bytes(_set_repeat, sizeof(_set_repeat))
      && recv_bytes(&packet.in.data[0], _wLength & ~1);
  }

  bool send_bytes_block (uint32_t _dwAddr, size_t _wLength) {
     6c4:	cf 93       	push	r28
     6c6:	df 93       	push	r29
/Users/askn/Develop/UPDI4AVR-USB/src/updi.cpp:179
    if (_wLength == 1) return send_byte(_dwAddr, packet.out.memData[0]);
     6c8:	41 30       	cpi	r20, 0x01	; 1
     6ca:	51 05       	cpc	r21, r1
     6cc:	29 f4       	brne	.+10     	; 0x6d8 <UPDI::send_bytes_block(unsigned long, unsigned int)+0x14>
     6ce:	40 91 e6 60 	lds	r20, 0x60E6	; 0x8060e6 <packet+0x11>
/Users/askn/Develop/UPDI4AVR-USB/src/updi.cpp:189
      && is_ack()
      && set_rsd()
      && send_bytes(_set_repeat, sizeof(_set_repeat))
      && send_bytes(&packet.out.memData[0], _wLength)
      && clear_rsd();
  }
     6d2:	df 91       	pop	r29
/Users/askn/Develop/UPDI4AVR-USB/src/updi.cpp:179
      && send_bytes(_set_repeat, sizeof(_set_repeat))
      && recv_bytes(&packet.in.data[0], _wLength & ~1);
  }

  bool send_bytes_block (uint32_t _dwAddr, size_t _wLength) {
    if (_wLength == 1) return send_byte(_dwAddr, packet.out.memData[0]);
     6d4:	cf 91       	pop	r28
     6d6:	a9 cf       	rjmp	.-174    	; 0x62a <UPDI::send_byte(unsigned long, unsigned char)>
/Users/askn/Develop/UPDI4AVR-USB/src/updi.cpp:180
    _CAPS32(_set_ptr24[2])->dword = _dwAddr;
     6d8:	ea 01       	movw	r28, r20
     6da:	60 93 26 60 	sts	0x6026, r22	; 0x806026 <UPDI::_set_ptr24+0x2>
     6de:	70 93 27 60 	sts	0x6027, r23	; 0x806027 <UPDI::_set_ptr24+0x3>
     6e2:	80 93 28 60 	sts	0x6028, r24	; 0x806028 <UPDI::_set_ptr24+0x4>
/Users/askn/Develop/UPDI4AVR-USB/src/updi.cpp:181
    _set_repeat[2] = _wLength - 1;
     6e6:	90 93 29 60 	sts	0x6029, r25	; 0x806029 <UPDI::_set_ptr24+0x5>
     6ea:	84 2f       	mov	r24, r20
     6ec:	81 50       	subi	r24, 0x01	; 1
/Users/askn/Develop/UPDI4AVR-USB/src/updi.cpp:182
    _set_repeat[4] = 0x64;  /* ST PTR++ DATA1 */
     6ee:	80 93 21 60 	sts	0x6021, r24	; 0x806021 <UPDI::_set_repeat+0x2>
/Users/askn/Develop/UPDI4AVR-USB/src/updi.cpp:183
    return send_bytes(_set_ptr24, 5)
     6f2:	84 e6       	ldi	r24, 0x64	; 100
     6f4:	80 93 23 60 	sts	0x6023, r24	; 0x806023 <UPDI::_set_repeat+0x4>
     6f8:	65 e0       	ldi	r22, 0x05	; 5
     6fa:	70 e0       	ldi	r23, 0x00	; 0
/Users/askn/Develop/UPDI4AVR-USB/src/updi.cpp:188
      && is_ack()
      && set_rsd()
      && send_bytes(_set_repeat, sizeof(_set_repeat))
      && send_bytes(&packet.out.memData[0], _wLength)
      && clear_rsd();
     6fc:	84 e2       	ldi	r24, 0x24	; 36
     6fe:	90 e6       	ldi	r25, 0x60	; 96
/Users/askn/Develop/UPDI4AVR-USB/src/updi.cpp:184
    if (_wLength == 1) return send_byte(_dwAddr, packet.out.memData[0]);
    _CAPS32(_set_ptr24[2])->dword = _dwAddr;
    _set_repeat[2] = _wLength - 1;
    _set_repeat[4] = 0x64;  /* ST PTR++ DATA1 */
    return send_bytes(_set_ptr24, 5)
      && is_ack()
     700:	10 df       	rcall	.-480    	; 0x522 <UPDI::send_bytes(unsigned char const*, unsigned int)>
     702:	88 23       	and	r24, r24
     704:	f1 f0       	breq	.+60     	; 0x742 <UPDI::send_bytes_block(unsigned long, unsigned int)+0x7e>
     706:	4a df       	rcall	.-364    	; 0x59c <UPDI::is_ack()>
/Users/askn/Develop/UPDI4AVR-USB/src/updi.cpp:139
    return send_bytes(_reset, _leave ? 9 : 6);
  }

  bool set_rsd (void) {
    const static uint8_t _set_rsd[] = {0x55, 0xC2, 0x08 + UPDI_CTRLAV};
    return send_bytes(_set_rsd, 3);
     708:	88 23       	and	r24, r24
     70a:	d9 f0       	breq	.+54     	; 0x742 <UPDI::send_bytes_block(unsigned long, unsigned int)+0x7e>
set_rsd():
     70c:	63 e0       	ldi	r22, 0x03	; 3
     70e:	70 e0       	ldi	r23, 0x00	; 0
     710:	8c e5       	ldi	r24, 0x5C	; 92
/Users/askn/Develop/UPDI4AVR-USB/src/updi.cpp:185
    _CAPS32(_set_ptr24[2])->dword = _dwAddr;
    _set_repeat[2] = _wLength - 1;
    _set_repeat[4] = 0x64;  /* ST PTR++ DATA1 */
    return send_bytes(_set_ptr24, 5)
      && is_ack()
      && set_rsd()
     712:	90 e6       	ldi	r25, 0x60	; 96
     714:	06 df       	rcall	.-500    	; 0x522 <UPDI::send_bytes(unsigned char const*, unsigned int)>
_ZN4UPDI16send_bytes_blockEmj():
/Users/askn/Develop/UPDI4AVR-USB/src/updi.cpp:186
      && send_bytes(_set_repeat, sizeof(_set_repeat))
     716:	88 23       	and	r24, r24
     718:	a1 f0       	breq	.+40     	; 0x742 <UPDI::send_bytes_block(unsigned long, unsigned int)+0x7e>
     71a:	65 e0       	ldi	r22, 0x05	; 5
     71c:	70 e0       	ldi	r23, 0x00	; 0
     71e:	8f e1       	ldi	r24, 0x1F	; 31
     720:	90 e6       	ldi	r25, 0x60	; 96
     722:	ff de       	rcall	.-514    	; 0x522 <UPDI::send_bytes(unsigned char const*, unsigned int)>
/Users/askn/Develop/UPDI4AVR-USB/src/updi.cpp:187
      && send_bytes(&packet.out.memData[0], _wLength)
     724:	88 23       	and	r24, r24
     726:	69 f0       	breq	.+26     	; 0x742 <UPDI::send_bytes_block(unsigned long, unsigned int)+0x7e>
     728:	be 01       	movw	r22, r28
     72a:	86 ee       	ldi	r24, 0xE6	; 230
     72c:	90 e6       	ldi	r25, 0x60	; 96
     72e:	f9 de       	rcall	.-526    	; 0x522 <UPDI::send_bytes(unsigned char const*, unsigned int)>
     730:	88 23       	and	r24, r24
/Users/askn/Develop/UPDI4AVR-USB/src/updi.cpp:144
    return send_bytes(_set_rsd, 3);
  }

  bool clear_rsd (void) {
    const static uint8_t _clear_rsd[] = {0x55, 0xC2, UPDI_CTRLAV};
    return send_bytes(_clear_rsd, 3);
     732:	39 f0       	breq	.+14     	; 0x742 <UPDI::send_bytes_block(unsigned long, unsigned int)+0x7e>
clear_rsd():
     734:	63 e0       	ldi	r22, 0x03	; 3
     736:	70 e0       	ldi	r23, 0x00	; 0
     738:	87 e8       	ldi	r24, 0x87	; 135
/Users/askn/Develop/UPDI4AVR-USB/src/updi.cpp:189
      && is_ack()
      && set_rsd()
      && send_bytes(_set_repeat, sizeof(_set_repeat))
      && send_bytes(&packet.out.memData[0], _wLength)
      && clear_rsd();
  }
     73a:	90 e6       	ldi	r25, 0x60	; 96
_ZN4UPDI16send_bytes_blockEmj():
     73c:	df 91       	pop	r29
/Users/askn/Develop/UPDI4AVR-USB/src/updi.cpp:144
    return send_bytes(_set_rsd, 3);
  }

  bool clear_rsd (void) {
    const static uint8_t _clear_rsd[] = {0x55, 0xC2, UPDI_CTRLAV};
    return send_bytes(_clear_rsd, 3);
     73e:	cf 91       	pop	r28
clear_rsd():
     740:	f0 ce       	rjmp	.-544    	; 0x522 <UPDI::send_bytes(unsigned char const*, unsigned int)>
_ZN4UPDI16send_bytes_blockEmj():
/Users/askn/Develop/UPDI4AVR-USB/src/updi.cpp:189
      && is_ack()
      && set_rsd()
      && send_bytes(_set_repeat, sizeof(_set_repeat))
      && send_bytes(&packet.out.memData[0], _wLength)
      && clear_rsd();
  }
     742:	80 e0       	ldi	r24, 0x00	; 0
     744:	df 91       	pop	r29
     746:	cf 91       	pop	r28
     748:	08 95       	ret

0000074a <UPDI::recv_bytes(unsigned char*, unsigned int)>:
_ZN4UPDI10recv_bytesEPhj():
/Users/askn/Develop/UPDI4AVR-USB/src/updi.cpp:81
    RXSTAT ^= 0x80;
    // D1PRINTF("(%02X:%02X)", RXSTAT, RXDATA);
    return RXSTAT == 0;
  }

  bool recv_bytes (uint8_t* _data, size_t _len) {
     74a:	0f 93       	push	r16
     74c:	1f 93       	push	r17
     74e:	cf 93       	push	r28
     750:	df 93       	push	r29
     752:	eb 01       	movw	r28, r22
     754:	8c 01       	movw	r16, r24
/Users/askn/Develop/UPDI4AVR-USB/src/updi.cpp:83
    do {
      if (!recv()) return false;
     756:	c2 de       	rcall	.-636    	; 0x4dc <PDI::recv()>
     758:	88 23       	and	r24, r24
     75a:	31 f0       	breq	.+12     	; 0x768 <UPDI::recv_bytes(unsigned char*, unsigned int)+0x1e>
     75c:	9d b3       	in	r25, 0x1d	; 29
/Users/askn/Develop/UPDI4AVR-USB/src/updi.cpp:84
      *_data++ = RXDATA;
     75e:	f8 01       	movw	r30, r16
     760:	91 93       	st	Z+, r25
     762:	8f 01       	movw	r16, r30
     764:	21 97       	sbiw	r28, 0x01	; 1
/Users/askn/Develop/UPDI4AVR-USB/src/updi.cpp:85
    } while (--_len);
     766:	b9 f7       	brne	.-18     	; 0x756 <UPDI::recv_bytes(unsigned char*, unsigned int)+0xc>
/Users/askn/Develop/UPDI4AVR-USB/src/updi.cpp:87
    return true;
  }
     768:	df 91       	pop	r29
     76a:	cf 91       	pop	r28
     76c:	1f 91       	pop	r17
     76e:	0f 91       	pop	r16
/Users/askn/Develop/UPDI4AVR-USB/src/updi.cpp:166
      && is_ack()
      && send_bytes(_set_repeat, sizeof(_set_repeat))
      && recv_bytes(&packet.in.data[0], _wLength);
  }

  bool recv_words_block (uint32_t _dwAddr, size_t _wLength) {
     770:	08 95       	ret

00000772 <UPDI::recv_words_block(unsigned long, unsigned int)>:
_ZN4UPDI16recv_words_blockEmj():
     772:	cf 93       	push	r28
     774:	df 93       	push	r29
/Users/askn/Develop/UPDI4AVR-USB/src/updi.cpp:169
    /* This function works in word units up to 256 words, */
    /* and will round down any fractional words.          */
    _CAPS32(_set_ptr24[2])->dword = _dwAddr;
     776:	ea 01       	movw	r28, r20
     778:	60 93 26 60 	sts	0x6026, r22	; 0x806026 <UPDI::_set_ptr24+0x2>
     77c:	70 93 27 60 	sts	0x6027, r23	; 0x806027 <UPDI::_set_ptr24+0x3>
     780:	80 93 28 60 	sts	0x6028, r24	; 0x806028 <UPDI::_set_ptr24+0x4>
/Users/askn/Develop/UPDI4AVR-USB/src/updi.cpp:170
    _set_repeat[2] = (_wLength >> 1) - 1;
     784:	90 93 29 60 	sts	0x6029, r25	; 0x806029 <UPDI::_set_ptr24+0x5>
     788:	ca 01       	movw	r24, r20
     78a:	96 95       	lsr	r25
     78c:	87 95       	ror	r24
/Users/askn/Develop/UPDI4AVR-USB/src/updi.cpp:171
    _set_repeat[4] = 0x25;  /* LD PTR++ DATA2 */
     78e:	81 50       	subi	r24, 0x01	; 1
     790:	80 93 21 60 	sts	0x6021, r24	; 0x806021 <UPDI::_set_repeat+0x2>
/Users/askn/Develop/UPDI4AVR-USB/src/updi.cpp:172
    return send_bytes(_set_ptr24, 5)
     794:	85 e2       	ldi	r24, 0x25	; 37
     796:	80 93 23 60 	sts	0x6023, r24	; 0x806023 <UPDI::_set_repeat+0x4>
     79a:	65 e0       	ldi	r22, 0x05	; 5
     79c:	70 e0       	ldi	r23, 0x00	; 0
/Users/askn/Develop/UPDI4AVR-USB/src/updi.cpp:175
      && is_ack()
      && send_bytes(_set_repeat, sizeof(_set_repeat))
      && recv_bytes(&packet.in.data[0], _wLength & ~1);
     79e:	84 e2       	ldi	r24, 0x24	; 36
     7a0:	90 e6       	ldi	r25, 0x60	; 96
/Users/askn/Develop/UPDI4AVR-USB/src/updi.cpp:173
    /* and will round down any fractional words.          */
    _CAPS32(_set_ptr24[2])->dword = _dwAddr;
    _set_repeat[2] = (_wLength >> 1) - 1;
    _set_repeat[4] = 0x25;  /* LD PTR++ DATA2 */
    return send_bytes(_set_ptr24, 5)
      && is_ack()
     7a2:	bf de       	rcall	.-642    	; 0x522 <UPDI::send_bytes(unsigned char const*, unsigned int)>
     7a4:	88 23       	and	r24, r24
     7a6:	89 f0       	breq	.+34     	; 0x7ca <UPDI::recv_words_block(unsigned long, unsigned int)+0x58>
     7a8:	f9 de       	rcall	.-526    	; 0x59c <UPDI::is_ack()>
/Users/askn/Develop/UPDI4AVR-USB/src/updi.cpp:174
      && send_bytes(_set_repeat, sizeof(_set_repeat))
     7aa:	88 23       	and	r24, r24
     7ac:	71 f0       	breq	.+28     	; 0x7ca <UPDI::recv_words_block(unsigned long, unsigned int)+0x58>
     7ae:	65 e0       	ldi	r22, 0x05	; 5
     7b0:	70 e0       	ldi	r23, 0x00	; 0
     7b2:	8f e1       	ldi	r24, 0x1F	; 31
     7b4:	90 e6       	ldi	r25, 0x60	; 96
     7b6:	b5 de       	rcall	.-662    	; 0x522 <UPDI::send_bytes(unsigned char const*, unsigned int)>
     7b8:	88 23       	and	r24, r24
/Users/askn/Develop/UPDI4AVR-USB/src/updi.cpp:175
      && recv_bytes(&packet.in.data[0], _wLength & ~1);
     7ba:	39 f0       	breq	.+14     	; 0x7ca <UPDI::recv_words_block(unsigned long, unsigned int)+0x58>
     7bc:	be 01       	movw	r22, r28
     7be:	6e 7f       	andi	r22, 0xFE	; 254
     7c0:	8c ed       	ldi	r24, 0xDC	; 220
/Users/askn/Develop/UPDI4AVR-USB/src/updi.cpp:176
  }
     7c2:	90 e6       	ldi	r25, 0x60	; 96
     7c4:	df 91       	pop	r29
/Users/askn/Develop/UPDI4AVR-USB/src/updi.cpp:175
    _set_repeat[2] = (_wLength >> 1) - 1;
    _set_repeat[4] = 0x25;  /* LD PTR++ DATA2 */
    return send_bytes(_set_ptr24, 5)
      && is_ack()
      && send_bytes(_set_repeat, sizeof(_set_repeat))
      && recv_bytes(&packet.in.data[0], _wLength & ~1);
     7c6:	cf 91       	pop	r28
     7c8:	c0 cf       	rjmp	.-128    	; 0x74a <UPDI::recv_bytes(unsigned char*, unsigned int)>
/Users/askn/Develop/UPDI4AVR-USB/src/updi.cpp:176
  }
     7ca:	80 e0       	ldi	r24, 0x00	; 0
     7cc:	df 91       	pop	r29
     7ce:	cf 91       	pop	r28
     7d0:	08 95       	ret

000007d2 <UPDI::recv_bytes_block(unsigned long, unsigned int)>:
_ZN4UPDI16recv_bytes_blockEmj():
/Users/askn/Develop/UPDI4AVR-USB/src/updi.cpp:149
    return send_bytes(_clear_rsd, 3);
  }

  // MARK: UPDI API

  bool recv_bytes_block (uint32_t _dwAddr, size_t _wLength) {
     7d2:	cf 93       	push	r28
     7d4:	df 93       	push	r29
/Users/askn/Develop/UPDI4AVR-USB/src/updi.cpp:150
    if (_wLength == 1) {
     7d6:	ea 01       	movw	r28, r20
     7d8:	41 30       	cpi	r20, 0x01	; 1
/Users/askn/Develop/UPDI4AVR-USB/src/updi.cpp:151
      if (recv_byte(_dwAddr)) {
     7da:	51 05       	cpc	r21, r1
     7dc:	59 f4       	brne	.+22     	; 0x7f4 <UPDI::recv_bytes_block(unsigned long, unsigned int)+0x22>
     7de:	cd de       	rcall	.-614    	; 0x57a <UPDI::recv_byte(unsigned long)>
     7e0:	81 11       	cpse	r24, r1
/Users/askn/Develop/UPDI4AVR-USB/src/updi.cpp:155
        packet.in.data[0] = RXDATA;
        return true;
      }
      return false;
     7e2:	04 c0       	rjmp	.+8      	; 0x7ec <UPDI::recv_bytes_block(unsigned long, unsigned int)+0x1a>
/Users/askn/Develop/UPDI4AVR-USB/src/updi.cpp:164
    _set_repeat[4] = 0x24;  /* LD PTR++ DATA1 */
    return send_bytes(_set_ptr24, 5)
      && is_ack()
      && send_bytes(_set_repeat, sizeof(_set_repeat))
      && recv_bytes(&packet.in.data[0], _wLength);
  }
     7e4:	80 e0       	ldi	r24, 0x00	; 0
     7e6:	df 91       	pop	r29
/Users/askn/Develop/UPDI4AVR-USB/src/updi.cpp:152
  // MARK: UPDI API

  bool recv_bytes_block (uint32_t _dwAddr, size_t _wLength) {
    if (_wLength == 1) {
      if (recv_byte(_dwAddr)) {
        packet.in.data[0] = RXDATA;
     7e8:	cf 91       	pop	r28
     7ea:	08 95       	ret
     7ec:	9d b3       	in	r25, 0x1d	; 29
     7ee:	90 93 dc 60 	sts	0x60DC, r25	; 0x8060dc <packet+0x7>
/Users/askn/Develop/UPDI4AVR-USB/src/updi.cpp:157
        return true;
      }
      return false;
    }
    _CAPS32(_set_ptr24[2])->dword = _dwAddr;
     7f2:	f9 cf       	rjmp	.-14     	; 0x7e6 <UPDI::recv_bytes_block(unsigned long, unsigned int)+0x14>
     7f4:	60 93 26 60 	sts	0x6026, r22	; 0x806026 <UPDI::_set_ptr24+0x2>
     7f8:	70 93 27 60 	sts	0x6027, r23	; 0x806027 <UPDI::_set_ptr24+0x3>
     7fc:	80 93 28 60 	sts	0x6028, r24	; 0x806028 <UPDI::_set_ptr24+0x4>
/Users/askn/Develop/UPDI4AVR-USB/src/updi.cpp:158
    _set_repeat[2] = _wLength - 1;
     800:	90 93 29 60 	sts	0x6029, r25	; 0x806029 <UPDI::_set_ptr24+0x5>
     804:	84 2f       	mov	r24, r20
/Users/askn/Develop/UPDI4AVR-USB/src/updi.cpp:159
    _set_repeat[4] = 0x24;  /* LD PTR++ DATA1 */
     806:	81 50       	subi	r24, 0x01	; 1
     808:	80 93 21 60 	sts	0x6021, r24	; 0x806021 <UPDI::_set_repeat+0x2>
/Users/askn/Develop/UPDI4AVR-USB/src/updi.cpp:160
    return send_bytes(_set_ptr24, 5)
     80c:	84 e2       	ldi	r24, 0x24	; 36
     80e:	80 93 23 60 	sts	0x6023, r24	; 0x806023 <UPDI::_set_repeat+0x4>
     812:	65 e0       	ldi	r22, 0x05	; 5
     814:	70 e0       	ldi	r23, 0x00	; 0
     816:	84 e2       	ldi	r24, 0x24	; 36
/Users/askn/Develop/UPDI4AVR-USB/src/updi.cpp:163
      && is_ack()
      && send_bytes(_set_repeat, sizeof(_set_repeat))
      && recv_bytes(&packet.in.data[0], _wLength);
     818:	90 e6       	ldi	r25, 0x60	; 96
     81a:	83 de       	rcall	.-762    	; 0x522 <UPDI::send_bytes(unsigned char const*, unsigned int)>
/Users/askn/Develop/UPDI4AVR-USB/src/updi.cpp:161
    }
    _CAPS32(_set_ptr24[2])->dword = _dwAddr;
    _set_repeat[2] = _wLength - 1;
    _set_repeat[4] = 0x24;  /* LD PTR++ DATA1 */
    return send_bytes(_set_ptr24, 5)
      && is_ack()
     81c:	88 23       	and	r24, r24
     81e:	11 f3       	breq	.-60     	; 0x7e4 <UPDI::recv_bytes_block(unsigned long, unsigned int)+0x12>
     820:	bd de       	rcall	.-646    	; 0x59c <UPDI::is_ack()>
     822:	88 23       	and	r24, r24
/Users/askn/Develop/UPDI4AVR-USB/src/updi.cpp:162
      && send_bytes(_set_repeat, sizeof(_set_repeat))
     824:	f9 f2       	breq	.-66     	; 0x7e4 <UPDI::recv_bytes_block(unsigned long, unsigned int)+0x12>
     826:	65 e0       	ldi	r22, 0x05	; 5
     828:	70 e0       	ldi	r23, 0x00	; 0
     82a:	8f e1       	ldi	r24, 0x1F	; 31
     82c:	90 e6       	ldi	r25, 0x60	; 96
     82e:	79 de       	rcall	.-782    	; 0x522 <UPDI::send_bytes(unsigned char const*, unsigned int)>
     830:	88 23       	and	r24, r24
     832:	c1 f2       	breq	.-80     	; 0x7e4 <UPDI::recv_bytes_block(unsigned long, unsigned int)+0x12>
/Users/askn/Develop/UPDI4AVR-USB/src/updi.cpp:163
      && recv_bytes(&packet.in.data[0], _wLength);
     834:	be 01       	movw	r22, r28
     836:	8c ed       	ldi	r24, 0xDC	; 220
     838:	90 e6       	ldi	r25, 0x60	; 96
/Users/askn/Develop/UPDI4AVR-USB/src/updi.cpp:164
  }
     83a:	df 91       	pop	r29
/Users/askn/Develop/UPDI4AVR-USB/src/updi.cpp:163
    _set_repeat[2] = _wLength - 1;
    _set_repeat[4] = 0x24;  /* LD PTR++ DATA1 */
    return send_bytes(_set_ptr24, 5)
      && is_ack()
      && send_bytes(_set_repeat, sizeof(_set_repeat))
      && recv_bytes(&packet.in.data[0], _wLength);
     83c:	cf 91       	pop	r28
     83e:	85 cf       	rjmp	.-246    	; 0x74a <UPDI::recv_bytes(unsigned char*, unsigned int)>

00000840 <NVM::V0::read_memory()>:
_ZN3NVM2V011read_memoryEv():
/Users/askn/Develop/UPDI4AVR-USB/src/nvmv0.cpp:114
    UPDI::nvm_ctrl(0x04);         /* NVM_CMD_PBC */
    nvm_wait();
    return UPDI::nvm_ctrl(0x00);
  }

  size_t read_memory (void) {
     840:	cf 93       	push	r28
     842:	df 93       	push	r29
/Users/askn/Develop/UPDI4AVR-USB/src/nvmv0.cpp:115
    uint8_t  m_type = packet.out.bMType;
     844:	80 91 dc 60 	lds	r24, 0x60DC	; 0x8060dc <packet+0x7>
/Users/askn/Develop/UPDI4AVR-USB/src/nvmv0.cpp:116
    uint16_t _wAddr = packet.out.dwAddr;
     848:	60 91 dd 60 	lds	r22, 0x60DD	; 0x8060dd <packet+0x8>
     84c:	30 91 de 60 	lds	r19, 0x60DE	; 0x8060de <packet+0x9>
/Users/askn/Develop/UPDI4AVR-USB/src/nvmv0.cpp:118
    size_t _wLength = packet.out.dwLength;
    if (m_type == 0xB4) {
     850:	84 3b       	cpi	r24, 0xB4	; 180
     852:	51 f4       	brne	.+20     	; 0x868 <NVM::V0::read_memory()+0x28>
/Users/askn/Develop/UPDI4AVR-USB/src/nvmv0.cpp:120
      /* MTYPE_SIGN_JTAG */
      _wAddr = PROD_SIG + ((uint8_t)_wAddr & 0x7F);
     854:	6f 77       	andi	r22, 0x7F	; 127
     856:	70 e0       	ldi	r23, 0x00	; 0
     858:	7f 5e       	subi	r23, 0xEF	; 239
/Users/askn/Develop/UPDI4AVR-USB/src/nvmv0.cpp:127
    else if (m_type == 0xB0) {
      /* MTYPE_FLASH_PAGE (PROGMEM) */
      _wAddr += Device_Descriptor.UPDI.prog_base;
    }
    if (bit_is_set(PGCONF, PGCONF_PROG_bp)
     && UPDI::recv_bytes_block(_wAddr, _wLength))
     85a:	f9 99       	sbic	0x1f, 1	; 31
     85c:	0f c0       	rjmp	.+30     	; 0x87c <NVM::V0::read_memory()+0x3c>
/Users/askn/Develop/UPDI4AVR-USB/src/nvmv0.cpp:129
      return _wLength + 1;
    return 0;
     85e:	90 e0       	ldi	r25, 0x00	; 0
     860:	80 e0       	ldi	r24, 0x00	; 0
/Users/askn/Develop/UPDI4AVR-USB/src/nvmv0.cpp:130
  }
     862:	df 91       	pop	r29
     864:	cf 91       	pop	r28
     866:	08 95       	ret
/Users/askn/Develop/UPDI4AVR-USB/src/nvmv0.cpp:116
    return UPDI::nvm_ctrl(0x00);
  }

  size_t read_memory (void) {
    uint8_t  m_type = packet.out.bMType;
    uint16_t _wAddr = packet.out.dwAddr;
     868:	73 2f       	mov	r23, r19
/Users/askn/Develop/UPDI4AVR-USB/src/nvmv0.cpp:122
    size_t _wLength = packet.out.dwLength;
    if (m_type == 0xB4) {
      /* MTYPE_SIGN_JTAG */
      _wAddr = PROD_SIG + ((uint8_t)_wAddr & 0x7F);
    }
    else if (m_type == 0xB0) {
     86a:	80 3b       	cpi	r24, 0xB0	; 176
     86c:	b1 f7       	brne	.-20     	; 0x85a <NVM::V0::read_memory()+0x1a>
/Users/askn/Develop/UPDI4AVR-USB/src/nvmv0.cpp:124
      /* MTYPE_FLASH_PAGE (PROGMEM) */
      _wAddr += Device_Descriptor.UPDI.prog_base;
     86e:	80 91 f3 62 	lds	r24, 0x62F3	; 0x8062f3 <Device_Descriptor>
     872:	90 91 f4 62 	lds	r25, 0x62F4	; 0x8062f4 <Device_Descriptor+0x1>
     876:	68 0f       	add	r22, r24
     878:	79 1f       	adc	r23, r25
     87a:	ef cf       	rjmp	.-34     	; 0x85a <NVM::V0::read_memory()+0x1a>
/Users/askn/Develop/UPDI4AVR-USB/src/nvmv0.cpp:117
  }

  size_t read_memory (void) {
    uint8_t  m_type = packet.out.bMType;
    uint16_t _wAddr = packet.out.dwAddr;
    size_t _wLength = packet.out.dwLength;
     87c:	c0 91 e1 60 	lds	r28, 0x60E1	; 0x8060e1 <packet+0xc>
     880:	d0 91 e2 60 	lds	r29, 0x60E2	; 0x8060e2 <packet+0xd>
/Users/askn/Develop/UPDI4AVR-USB/src/nvmv0.cpp:127
    else if (m_type == 0xB0) {
      /* MTYPE_FLASH_PAGE (PROGMEM) */
      _wAddr += Device_Descriptor.UPDI.prog_base;
    }
    if (bit_is_set(PGCONF, PGCONF_PROG_bp)
     && UPDI::recv_bytes_block(_wAddr, _wLength))
     884:	90 e0       	ldi	r25, 0x00	; 0
     886:	80 e0       	ldi	r24, 0x00	; 0
     888:	ae 01       	movw	r20, r28
     88a:	a3 df       	rcall	.-186    	; 0x7d2 <UPDI::recv_bytes_block(unsigned long, unsigned int)>
     88c:	88 23       	and	r24, r24
     88e:	39 f3       	breq	.-50     	; 0x85e <NVM::V0::read_memory()+0x1e>
/Users/askn/Develop/UPDI4AVR-USB/src/nvmv0.cpp:128
      return _wLength + 1;
     890:	ce 01       	movw	r24, r28
     892:	01 96       	adiw	r24, 0x01	; 1
     894:	e6 cf       	rjmp	.-52     	; 0x862 <NVM::V0::read_memory()+0x22>

00000896 <NVM::V2::read_memory()>:
_ZN3NVM2V211read_memoryEv():
/Users/askn/Develop/UPDI4AVR-USB/src/nvmv2.cpp:116

  size_t prog_init (void) {
    return nvm_ctrl_change(0x00);
  }

  size_t read_memory (void) {
     896:	cf 93       	push	r28
     898:	df 93       	push	r29
/Users/askn/Develop/UPDI4AVR-USB/src/nvmv2.cpp:120
    uint8_t   m_type = packet.out.bMType;
    uint32_t _dwAddr = packet.out.dwAddr;
    size_t  _wLength = packet.out.dwLength;
    if (bit_is_set(PGCONF, PGCONF_PROG_bp)) {
     89a:	f9 99       	sbic	0x1f, 1	; 31
/Users/askn/Develop/UPDI4AVR-USB/src/nvmv2.cpp:133
        _dwAddr = PROD_SIG + ((uint8_t)_dwAddr & 0x7F);
      }
      if (UPDI::recv_bytes_block(_dwAddr, _wLength))
        return _wLength + 1;
    }
    return 0;
     89c:	05 c0       	rjmp	.+10     	; 0x8a8 <NVM::V2::read_memory()+0x12>
/Users/askn/Develop/UPDI4AVR-USB/src/nvmv2.cpp:134
  }
     89e:	90 e0       	ldi	r25, 0x00	; 0
     8a0:	80 e0       	ldi	r24, 0x00	; 0
     8a2:	df 91       	pop	r29
/Users/askn/Develop/UPDI4AVR-USB/src/nvmv2.cpp:117
  size_t prog_init (void) {
    return nvm_ctrl_change(0x00);
  }

  size_t read_memory (void) {
    uint8_t   m_type = packet.out.bMType;
     8a4:	cf 91       	pop	r28
     8a6:	08 95       	ret
/Users/askn/Develop/UPDI4AVR-USB/src/nvmv2.cpp:118
    uint32_t _dwAddr = packet.out.dwAddr;
     8a8:	20 91 dc 60 	lds	r18, 0x60DC	; 0x8060dc <packet+0x7>
     8ac:	60 91 dd 60 	lds	r22, 0x60DD	; 0x8060dd <packet+0x8>
     8b0:	70 91 de 60 	lds	r23, 0x60DE	; 0x8060de <packet+0x9>
     8b4:	80 91 df 60 	lds	r24, 0x60DF	; 0x8060df <packet+0xa>
/Users/askn/Develop/UPDI4AVR-USB/src/nvmv2.cpp:119
    size_t  _wLength = packet.out.dwLength;
     8b8:	90 91 e0 60 	lds	r25, 0x60E0	; 0x8060e0 <packet+0xb>
     8bc:	c0 91 e1 60 	lds	r28, 0x60E1	; 0x8060e1 <packet+0xc>
/Users/askn/Develop/UPDI4AVR-USB/src/nvmv2.cpp:121
    if (bit_is_set(PGCONF, PGCONF_PROG_bp)) {
      if (m_type == 0xB0) {
     8c0:	d0 91 e2 60 	lds	r29, 0x60E2	; 0x8060e2 <packet+0xd>
/Users/askn/Develop/UPDI4AVR-USB/src/nvmv2.cpp:123
        /* MTYPE_FLASH_PAGE (PROGMEM) */
        _dwAddr += PROG_START;
     8c4:	20 3b       	cpi	r18, 0xB0	; 176
     8c6:	49 f4       	brne	.+18     	; 0x8da <NVM::V2::read_memory()+0x44>
/Users/askn/Develop/UPDI4AVR-USB/src/nvmv2.cpp:124
        return UPDI::recv_words_block(_dwAddr, _wLength) ? _wLength + 1 : 0;
     8c8:	80 58       	subi	r24, 0x80	; 128
     8ca:	9f 4f       	sbci	r25, 0xFF	; 255
     8cc:	ae 01       	movw	r20, r28
/Users/askn/Develop/UPDI4AVR-USB/src/nvmv2.cpp:130
      }
      if (m_type == 0xB4) {
        /* MTYPE_SIGN_JTAG */
        _dwAddr = PROD_SIG + ((uint8_t)_dwAddr & 0x7F);
      }
      if (UPDI::recv_bytes_block(_dwAddr, _wLength))
     8ce:	51 df       	rcall	.-350    	; 0x772 <UPDI::recv_words_block(unsigned long, unsigned int)>
     8d0:	88 23       	and	r24, r24
/Users/askn/Develop/UPDI4AVR-USB/src/nvmv2.cpp:131
        return _wLength + 1;
     8d2:	29 f3       	breq	.-54     	; 0x89e <NVM::V2::read_memory()+0x8>
     8d4:	ce 01       	movw	r24, r28
/Users/askn/Develop/UPDI4AVR-USB/src/nvmv2.cpp:126
      if (m_type == 0xB0) {
        /* MTYPE_FLASH_PAGE (PROGMEM) */
        _dwAddr += PROG_START;
        return UPDI::recv_words_block(_dwAddr, _wLength) ? _wLength + 1 : 0;
      }
      if (m_type == 0xB4) {
     8d6:	01 96       	adiw	r24, 0x01	; 1
     8d8:	e4 cf       	rjmp	.-56     	; 0x8a2 <NVM::V2::read_memory()+0xc>
/Users/askn/Develop/UPDI4AVR-USB/src/nvmv2.cpp:128
        /* MTYPE_SIGN_JTAG */
        _dwAddr = PROD_SIG + ((uint8_t)_dwAddr & 0x7F);
     8da:	24 3b       	cpi	r18, 0xB4	; 180
     8dc:	39 f4       	brne	.+14     	; 0x8ec <NVM::V2::read_memory()+0x56>
     8de:	6f 77       	andi	r22, 0x7F	; 127
     8e0:	70 e0       	ldi	r23, 0x00	; 0
     8e2:	7f 5e       	subi	r23, 0xEF	; 239
     8e4:	07 2e       	mov	r0, r23
     8e6:	00 0c       	add	r0, r0
/Users/askn/Develop/UPDI4AVR-USB/src/nvmv2.cpp:130
      }
      if (UPDI::recv_bytes_block(_dwAddr, _wLength))
     8e8:	88 0b       	sbc	r24, r24
     8ea:	99 0b       	sbc	r25, r25
     8ec:	ae 01       	movw	r20, r28
     8ee:	71 df       	rcall	.-286    	; 0x7d2 <UPDI::recv_bytes_block(unsigned long, unsigned int)>
     8f0:	ef cf       	rjmp	.-34     	; 0x8d0 <NVM::V2::read_memory()+0x3a>

000008f2 <NVM::V3::read_memory()>:
_ZN3NVM2V311read_memoryEv():
     8f2:	d1 cf       	rjmp	.-94     	; 0x896 <NVM::V2::read_memory()>

000008f4 <NVM::V4::read_memory()>:
_ZN3NVM2V411read_memoryEv():
/Users/askn/Develop/UPDI4AVR-USB/src/nvmv4.cpp:119

  size_t prog_init (void) {
    return nvm_ctrl_change(0x00);
  }

  size_t read_memory (void) {
     8f4:	cf 93       	push	r28
/Users/askn/Develop/UPDI4AVR-USB/src/nvmv4.cpp:123
    uint8_t   m_type = packet.out.bMType;
    uint32_t _dwAddr = packet.out.dwAddr;
    size_t  _wLength = packet.out.dwLength;
    if (bit_is_set(PGCONF, PGCONF_PROG_bp)) {
     8f6:	df 93       	push	r29
/Users/askn/Develop/UPDI4AVR-USB/src/nvmv4.cpp:136
        _dwAddr = PROD_SIG + ((uint8_t)_dwAddr & 0x7F);
      }
      if (UPDI::recv_bytes_block(_dwAddr, _wLength))
        return _wLength + 1;
    }
    return 0;
     8f8:	f9 99       	sbic	0x1f, 1	; 31
/Users/askn/Develop/UPDI4AVR-USB/src/nvmv4.cpp:137
  }
     8fa:	05 c0       	rjmp	.+10     	; 0x906 <NVM::V4::read_memory()+0x12>
     8fc:	90 e0       	ldi	r25, 0x00	; 0
     8fe:	80 e0       	ldi	r24, 0x00	; 0
/Users/askn/Develop/UPDI4AVR-USB/src/nvmv4.cpp:120
  size_t prog_init (void) {
    return nvm_ctrl_change(0x00);
  }

  size_t read_memory (void) {
    uint8_t   m_type = packet.out.bMType;
     900:	df 91       	pop	r29
     902:	cf 91       	pop	r28
/Users/askn/Develop/UPDI4AVR-USB/src/nvmv4.cpp:121
    uint32_t _dwAddr = packet.out.dwAddr;
     904:	08 95       	ret
     906:	20 91 dc 60 	lds	r18, 0x60DC	; 0x8060dc <packet+0x7>
     90a:	60 91 dd 60 	lds	r22, 0x60DD	; 0x8060dd <packet+0x8>
     90e:	70 91 de 60 	lds	r23, 0x60DE	; 0x8060de <packet+0x9>
/Users/askn/Develop/UPDI4AVR-USB/src/nvmv4.cpp:122
    size_t  _wLength = packet.out.dwLength;
     912:	80 91 df 60 	lds	r24, 0x60DF	; 0x8060df <packet+0xa>
     916:	90 91 e0 60 	lds	r25, 0x60E0	; 0x8060e0 <packet+0xb>
/Users/askn/Develop/UPDI4AVR-USB/src/nvmv4.cpp:124
    if (bit_is_set(PGCONF, PGCONF_PROG_bp)) {
      if (m_type == 0xB0) {
     91a:	c0 91 e1 60 	lds	r28, 0x60E1	; 0x8060e1 <packet+0xc>
/Users/askn/Develop/UPDI4AVR-USB/src/nvmv4.cpp:126
        /* MTYPE_FLASH_PAGE (PROGMEM) */
        _dwAddr += PROG_START;
     91e:	d0 91 e2 60 	lds	r29, 0x60E2	; 0x8060e2 <packet+0xd>
/Users/askn/Develop/UPDI4AVR-USB/src/nvmv4.cpp:127
        return UPDI::recv_words_block(_dwAddr, _wLength) ? _wLength + 1 : 0;
     922:	20 3b       	cpi	r18, 0xB0	; 176
     924:	49 f4       	brne	.+18     	; 0x938 <NVM::V4::read_memory()+0x44>
     926:	80 58       	subi	r24, 0x80	; 128
/Users/askn/Develop/UPDI4AVR-USB/src/nvmv4.cpp:133
      }
      if (m_type == 0xB4) {
        /* MTYPE_SIGN_JTAG */
        _dwAddr = PROD_SIG + ((uint8_t)_dwAddr & 0x7F);
      }
      if (UPDI::recv_bytes_block(_dwAddr, _wLength))
     928:	9f 4f       	sbci	r25, 0xFF	; 255
     92a:	ae 01       	movw	r20, r28
/Users/askn/Develop/UPDI4AVR-USB/src/nvmv4.cpp:134
        return _wLength + 1;
     92c:	22 df       	rcall	.-444    	; 0x772 <UPDI::recv_words_block(unsigned long, unsigned int)>
     92e:	88 23       	and	r24, r24
     930:	29 f3       	breq	.-54     	; 0x8fc <NVM::V4::read_memory()+0x8>
/Users/askn/Develop/UPDI4AVR-USB/src/nvmv4.cpp:129
      if (m_type == 0xB0) {
        /* MTYPE_FLASH_PAGE (PROGMEM) */
        _dwAddr += PROG_START;
        return UPDI::recv_words_block(_dwAddr, _wLength) ? _wLength + 1 : 0;
      }
      if (m_type == 0xB4) {
     932:	ce 01       	movw	r24, r28
     934:	01 96       	adiw	r24, 0x01	; 1
/Users/askn/Develop/UPDI4AVR-USB/src/nvmv4.cpp:131
        /* MTYPE_SIGN_JTAG */
        _dwAddr = PROD_SIG + ((uint8_t)_dwAddr & 0x7F);
     936:	e4 cf       	rjmp	.-56     	; 0x900 <NVM::V4::read_memory()+0xc>
     938:	24 3b       	cpi	r18, 0xB4	; 180
     93a:	41 f4       	brne	.+16     	; 0x94c <NVM::V4::read_memory()+0x58>
     93c:	6f 77       	andi	r22, 0x7F	; 127
     93e:	70 e0       	ldi	r23, 0x00	; 0
     940:	60 58       	subi	r22, 0x80	; 128
     942:	7f 4e       	sbci	r23, 0xEF	; 239
     944:	07 2e       	mov	r0, r23
/Users/askn/Develop/UPDI4AVR-USB/src/nvmv4.cpp:133
      }
      if (UPDI::recv_bytes_block(_dwAddr, _wLength))
     946:	00 0c       	add	r0, r0
     948:	88 0b       	sbc	r24, r24
     94a:	99 0b       	sbc	r25, r25
     94c:	ae 01       	movw	r20, r28
     94e:	41 df       	rcall	.-382    	; 0x7d2 <UPDI::recv_bytes_block(unsigned long, unsigned int)>
     950:	ee cf       	rjmp	.-36     	; 0x92e <NVM::V4::read_memory()+0x3a>

00000952 <NVM::V5::read_memory()>:
_ZN3NVM2V511read_memoryEv():
     952:	d0 cf       	rjmp	.-96     	; 0x8f4 <NVM::V4::read_memory()>

00000954 <NVM::V6::read_memory()>:
_ZN3NVM2V611read_memoryEv():
     954:	cf cf       	rjmp	.-98     	; 0x8f4 <NVM::V4::read_memory()>

00000956 <UPDI::send_break()>:
_ZN4UPDI10send_breakEv():
/Users/askn/Develop/UPDI4AVR-USB/src/updi.cpp:61
  };

  // MARK: UPDI Low level

  bool send_break (void) {
    USART0_BAUD = USART0_BAUD << 1;
     956:	80 91 08 08 	lds	r24, 0x0808	; 0x800808 <__TEXT_REGION_LENGTH__+0x7f0808>
     95a:	90 91 09 08 	lds	r25, 0x0809	; 0x800809 <__TEXT_REGION_LENGTH__+0x7f0809>
     95e:	88 0f       	add	r24, r24
     960:	99 1f       	adc	r25, r25
     962:	80 93 08 08 	sts	0x0808, r24	; 0x800808 <__TEXT_REGION_LENGTH__+0x7f0808>
     966:	90 93 09 08 	sts	0x0809, r25	; 0x800809 <__TEXT_REGION_LENGTH__+0x7f0809>
/Users/askn/Develop/UPDI4AVR-USB/src/updi.cpp:62
    send(0x00);
     96a:	80 e0       	ldi	r24, 0x00	; 0
     96c:	c9 dd       	rcall	.-1134   	; 0x500 <PDI::send(unsigned char)>
calk_baud_khz():
     96e:	20 91 52 63 	lds	r18, 0x6352	; 0x806352 <_xclk>
/Users/askn/Develop/UPDI4AVR-USB/src/usart.cpp:43
  #endif
  }

  /*** Calculate the baud rate for VCP asynchronous mode. ***/
  uint16_t calk_baud_khz (uint16_t _khz) {
    uint32_t _baud = ((F_CPU / 1000L * 8L) / _khz + 1) / 2;
     972:	30 91 53 63 	lds	r19, 0x6353	; 0x806353 <_xclk+0x1>
     976:	50 e0       	ldi	r21, 0x00	; 0
     978:	40 e0       	ldi	r20, 0x00	; 0
     97a:	60 e0       	ldi	r22, 0x00	; 0
     97c:	71 e7       	ldi	r23, 0x71	; 113
     97e:	82 e0       	ldi	r24, 0x02	; 2
     980:	90 e0       	ldi	r25, 0x00	; 0
     982:	0e 94 45 20 	call	0x408a	; 0x408a <__divmodsi4>
     986:	da 01       	movw	r26, r20
     988:	c9 01       	movw	r24, r18
     98a:	01 96       	adiw	r24, 0x01	; 1
     98c:	a1 1d       	adc	r26, r1
     98e:	b1 1d       	adc	r27, r1
     990:	b5 95       	asr	r27
     992:	a7 95       	ror	r26
     994:	97 95       	ror	r25
/Users/askn/Develop/UPDI4AVR-USB/src/usart.cpp:44
    if (_baud < 64) _baud = 64;
     996:	87 95       	ror	r24
     998:	80 34       	cpi	r24, 0x40	; 64
     99a:	91 05       	cpc	r25, r1
     99c:	a1 05       	cpc	r26, r1
     99e:	b1 05       	cpc	r27, r1
     9a0:	7c f0       	brlt	.+30     	; 0x9c0 <UPDI::send_break()+0x6a>
     9a2:	00 97       	sbiw	r24, 0x00	; 0
     9a4:	21 e0       	ldi	r18, 0x01	; 1
     9a6:	a2 07       	cpc	r26, r18
     9a8:	b1 05       	cpc	r27, r1
     9aa:	20 f0       	brcs	.+8      	; 0x9b4 <UPDI::send_break()+0x5e>
/Users/askn/Develop/UPDI4AVR-USB/src/updi.cpp:63
    USART0_BAUD = USART::calk_baud_khz(_xclk);
     9ac:	8f ef       	ldi	r24, 0xFF	; 255
     9ae:	9f ef       	ldi	r25, 0xFF	; 255
     9b0:	a0 e0       	ldi	r26, 0x00	; 0
/Users/askn/Develop/UPDI4AVR-USB/src/updi.cpp:65
    return true;
  }
     9b2:	b0 e0       	ldi	r27, 0x00	; 0
_ZN4UPDI10send_breakEv():
     9b4:	80 93 08 08 	sts	0x0808, r24	; 0x800808 <__TEXT_REGION_LENGTH__+0x7f0808>
/Users/askn/Develop/UPDI4AVR-USB/src/usart.cpp:44
     9b8:	90 93 09 08 	sts	0x0809, r25	; 0x800809 <__TEXT_REGION_LENGTH__+0x7f0809>
     9bc:	81 e0       	ldi	r24, 0x01	; 1
     9be:	08 95       	ret
/Users/askn/Develop/UPDI4AVR-USB/src/updi.cpp:362

  // MARK: UPDI Session

  size_t timeout_fallback (void) {
    /* If a timeout occurs, the communication speed will be reduced. */
    RXDATA = _xclk - 25;
     9c0:	80 e4       	ldi	r24, 0x40	; 64
     9c2:	90 e0       	ldi	r25, 0x00	; 0
     9c4:	a0 e0       	ldi	r26, 0x00	; 0
/Users/askn/Develop/UPDI4AVR-USB/src/updi.cpp:363
    if (RXDATA < 40) return 0;
     9c6:	b0 e0       	ldi	r27, 0x00	; 0
     9c8:	f5 cf       	rjmp	.-22     	; 0x9b4 <UPDI::send_break()+0x5e>

000009ca <UPDI::timeout_fallback()>:
_ZN4UPDI16timeout_fallbackEv():
     9ca:	80 91 52 63 	lds	r24, 0x6352	; 0x806352 <_xclk>
/Users/askn/Develop/UPDI4AVR-USB/src/updi.cpp:364
    _xclk = RXDATA;
     9ce:	89 51       	subi	r24, 0x19	; 25
     9d0:	8d bb       	out	0x1d, r24	; 29
     9d2:	8d b3       	in	r24, 0x1d	; 29
     9d4:	88 32       	cpi	r24, 0x28	; 40
/Users/askn/Develop/UPDI4AVR-USB/src/updi.cpp:365
    send_break();
     9d6:	70 f0       	brcs	.+28     	; 0x9f4 <UPDI::timeout_fallback()+0x2a>
/Users/askn/Develop/UPDI4AVR-USB/src/updi.cpp:144
    return send_bytes(_set_rsd, 3);
  }

  bool clear_rsd (void) {
    const static uint8_t _clear_rsd[] = {0x55, 0xC2, UPDI_CTRLAV};
    return send_bytes(_clear_rsd, 3);
     9d8:	8d b3       	in	r24, 0x1d	; 29
     9da:	90 e0       	ldi	r25, 0x00	; 0
     9dc:	80 93 52 63 	sts	0x6352, r24	; 0x806352 <_xclk>
     9e0:	90 93 53 63 	sts	0x6353, r25	; 0x806353 <_xclk+0x1>
/Users/askn/Develop/UPDI4AVR-USB/src/updi.cpp:366
    /* If a timeout occurs, the communication speed will be reduced. */
    RXDATA = _xclk - 25;
    if (RXDATA < 40) return 0;
    _xclk = RXDATA;
    send_break();
    return clear_rsd();
     9e4:	b8 df       	rcall	.-144    	; 0x956 <UPDI::send_break()>
clear_rsd():
/Users/askn/Develop/UPDI4AVR-USB/src/updi.cpp:363
  // MARK: UPDI Session

  size_t timeout_fallback (void) {
    /* If a timeout occurs, the communication speed will be reduced. */
    RXDATA = _xclk - 25;
    if (RXDATA < 40) return 0;
     9e6:	63 e0       	ldi	r22, 0x03	; 3
/Users/askn/Develop/UPDI4AVR-USB/src/updi.cpp:367
    _xclk = RXDATA;
    send_break();
    return clear_rsd();
  }
     9e8:	70 e0       	ldi	r23, 0x00	; 0
/Users/askn/Develop/UPDI4AVR-USB/src/pdi.cpp:153

  bool send_byte (const uint8_t _data) {
    return start_txd() && send(_data);
     9ea:	87 e8       	ldi	r24, 0x87	; 135
/Users/askn/Develop/UPDI4AVR-USB/src/tpi.cpp:113
    while (get_sin(0x62) && RXDATA);  /* NVMCSR_REG: IO=0x32 */
    D2PRINTF("<CSR:%02X>\r\n", RXDATA);
    return true;
  }

  bool nvm_ctrl (const uint8_t _nvmcmd) {
     9ec:	90 e6       	ldi	r25, 0x60	; 96
     9ee:	99 dd       	rcall	.-1230   	; 0x522 <UPDI::send_bytes(unsigned char const*, unsigned int)>
_ZN4UPDI16timeout_fallbackEv():
/Users/askn/Develop/UPDI4AVR-USB/src/tpi.cpp:79
    return send(0xC0 | _addr) && send(_data);
  }

  bool set_sout (const uint8_t _addr, const uint8_t _data) {
    D2PRINTF("[SOUT:%02X:%02X]\r\n", _addr, _data);
    return send(0x90 | _addr) && send(_data);
     9f0:	90 e0       	ldi	r25, 0x00	; 0
     9f2:	08 95       	ret
     9f4:	90 e0       	ldi	r25, 0x00	; 0
     9f6:	80 e0       	ldi	r24, 0x00	; 0
     9f8:	08 95       	ret

000009fa <PDI::send_byte(unsigned char) [clone .part.4]>:
_ZN3PDI9send_byteEh.part.4():
/Users/askn/Develop/UPDI4AVR-USB/src/tpi.cpp:115
    return true;
  }

  bool nvm_ctrl (const uint8_t _nvmcmd) {
    return set_sout(0x63, _nvmcmd);   /* NVMCMD_REG: IO=0x33 */
  }
     9fa:	82 cd       	rjmp	.-1276   	; 0x500 <PDI::send(unsigned char)>

000009fc <TPI::nvm_ctrl(unsigned char)>:
_ZN3TPI8nvm_ctrlEh():
     9fc:	cf 93       	push	r28
     9fe:	c8 2f       	mov	r28, r24
set_sout():
     a00:	83 ef       	ldi	r24, 0xF3	; 243
     a02:	7e dd       	rcall	.-1284   	; 0x500 <PDI::send(unsigned char)>
/Users/askn/Develop/UPDI4AVR-USB/src/tpi.cpp:84
    return send(0x90 | _addr) && send(_data);
  }

  bool get_sin (const uint8_t _addr) {
    D2PRINTF("[SIN:%02X]\r\n", _addr);
    return send(0x10 | _addr) && recv();
     a04:	88 23       	and	r24, r24
     a06:	19 f0       	breq	.+6      	; 0xa0e <TPI::nvm_ctrl(unsigned char)+0x12>
     a08:	8c 2f       	mov	r24, r28
_ZN3TPI8nvm_ctrlEh():
     a0a:	cf 91       	pop	r28
set_sout():
     a0c:	f6 cf       	rjmp	.-20     	; 0x9fa <PDI::send_byte(unsigned char) [clone .part.4]>
_ZN3TPI8nvm_ctrlEh():
     a0e:	80 e0       	ldi	r24, 0x00	; 0
     a10:	cf 91       	pop	r28
/Users/askn/Develop/UPDI4AVR-USB/src/tpi.cpp:108
  }

  // MARK: TPI NVM Control

  bool nvm_wait (void) {
    while (get_sin(0x62) && RXDATA);  /* NVMCSR_REG: IO=0x32 */
     a12:	08 95       	ret

00000a14 <TPI::nvm_wait()>:
_ZN3TPI8nvm_waitEv():
     a14:	82 e7       	ldi	r24, 0x72	; 114
     a16:	74 dd       	rcall	.-1304   	; 0x500 <PDI::send(unsigned char)>
     a18:	88 23       	and	r24, r24
     a1a:	31 f0       	breq	.+12     	; 0xa28 <TPI::nvm_wait()+0x14>
/Users/askn/Develop/UPDI4AVR-USB/src/tpi.cpp:111
    D2PRINTF("<CSR:%02X>\r\n", RXDATA);
    return true;
  }
     a1c:	70 dd       	rcall	.-1312   	; 0x4fe <PDI::recv_byte() [clone .part.3]>
     a1e:	88 23       	and	r24, r24
/Users/askn/Develop/UPDI4AVR-USB/src/tpi.cpp:100
  bool get_sld (void) {
    D2PRINTF("[SLD]\r\n");
    return send(0x24) && recv();
  }

  bool set_sst (const uint8_t _data) {
     a20:	19 f0       	breq	.+6      	; 0xa28 <TPI::nvm_wait()+0x14>
     a22:	8d b3       	in	r24, 0x1d	; 29
/Users/askn/Develop/UPDI4AVR-USB/src/tpi.cpp:102
    D2PRINTF("[SST:%02X]\r\n", _data);
    return send(0x64) && send(_data);
     a24:	81 11       	cpse	r24, r1
     a26:	f6 cf       	rjmp	.-20     	; 0xa14 <TPI::nvm_wait()>
     a28:	81 e0       	ldi	r24, 0x01	; 1
     a2a:	08 95       	ret

00000a2c <TPI::set_sst(unsigned char)>:
_ZN3TPI7set_sstEh():
     a2c:	cf 93       	push	r28
     a2e:	c8 2f       	mov	r28, r24
/Users/askn/Develop/UPDI4AVR-USB/src/tpi.cpp:103
  }
     a30:	84 e6       	ldi	r24, 0x64	; 100
     a32:	66 dd       	rcall	.-1332   	; 0x500 <PDI::send(unsigned char)>
     a34:	88 23       	and	r24, r24
     a36:	19 f0       	breq	.+6      	; 0xa3e <TPI::set_sst(unsigned char)+0x12>
     a38:	8c 2f       	mov	r24, r28
     a3a:	cf 91       	pop	r28
/Users/askn/Develop/UPDI4AVR-USB/src/tpi.cpp:97
        && send(_addr >> 8);
  }

  bool get_sld (void) {
    D2PRINTF("[SLD]\r\n");
    return send(0x24) && recv();
     a3c:	de cf       	rjmp	.-68     	; 0x9fa <PDI::send_byte(unsigned char) [clone .part.4]>
     a3e:	80 e0       	ldi	r24, 0x00	; 0
     a40:	cf 91       	pop	r28
     a42:	08 95       	ret

00000a44 <TPI::get_sld()>:
_ZN3TPI7get_sldEv():
     a44:	84 e2       	ldi	r24, 0x24	; 36
     a46:	5c dd       	rcall	.-1352   	; 0x500 <PDI::send(unsigned char)>
/Users/askn/Develop/UPDI4AVR-USB/src/tpi.cpp:98
  }
     a48:	81 11       	cpse	r24, r1
     a4a:	59 cd       	rjmp	.-1358   	; 0x4fe <PDI::recv_byte() [clone .part.3]>
/Users/askn/Develop/UPDI4AVR-USB/src/tpi.cpp:87
  bool get_sin (const uint8_t _addr) {
    D2PRINTF("[SIN:%02X]\r\n", _addr);
    return send(0x10 | _addr) && recv();
  }

  bool set_sstpr (const uint16_t _addr) {
     a4c:	80 e0       	ldi	r24, 0x00	; 0
     a4e:	08 95       	ret

00000a50 <TPI::set_sstpr(unsigned int)>:
_ZN3TPI9set_sstprEj():
     a50:	cf 93       	push	r28
     a52:	df 93       	push	r29
/Users/askn/Develop/UPDI4AVR-USB/src/tpi.cpp:89
    D2PRINTF("[SSTPR:%04X]\r\n", _addr);
    return send(0x68)
     a54:	d8 2f       	mov	r29, r24
     a56:	c9 2f       	mov	r28, r25
     a58:	88 e6       	ldi	r24, 0x68	; 104
/Users/askn/Develop/UPDI4AVR-USB/src/tpi.cpp:92
        && send(_addr & 0xFF)
        && send(0x69)
        && send(_addr >> 8);
     a5a:	52 dd       	rcall	.-1372   	; 0x500 <PDI::send(unsigned char)>
     a5c:	88 23       	and	r24, r24
/Users/askn/Develop/UPDI4AVR-USB/src/tpi.cpp:90
  }

  bool set_sstpr (const uint16_t _addr) {
    D2PRINTF("[SSTPR:%04X]\r\n", _addr);
    return send(0x68)
        && send(_addr & 0xFF)
     a5e:	61 f0       	breq	.+24     	; 0xa78 <TPI::set_sstpr(unsigned int)+0x28>
     a60:	8d 2f       	mov	r24, r29
     a62:	4e dd       	rcall	.-1380   	; 0x500 <PDI::send(unsigned char)>
     a64:	88 23       	and	r24, r24
     a66:	41 f0       	breq	.+16     	; 0xa78 <TPI::set_sstpr(unsigned int)+0x28>
/Users/askn/Develop/UPDI4AVR-USB/src/tpi.cpp:91
        && send(0x69)
     a68:	89 e6       	ldi	r24, 0x69	; 105
     a6a:	4a dd       	rcall	.-1388   	; 0x500 <PDI::send(unsigned char)>
     a6c:	88 23       	and	r24, r24
     a6e:	21 f0       	breq	.+8      	; 0xa78 <TPI::set_sstpr(unsigned int)+0x28>
     a70:	8c 2f       	mov	r24, r28
/Users/askn/Develop/UPDI4AVR-USB/src/tpi.cpp:92
        && send(_addr >> 8);
     a72:	df 91       	pop	r29
/Users/askn/Develop/UPDI4AVR-USB/src/tpi.cpp:93
  }
     a74:	cf 91       	pop	r28
     a76:	44 cd       	rjmp	.-1400   	; 0x500 <PDI::send(unsigned char)>
/Users/askn/Develop/UPDI4AVR-USB/src/tpi.cpp:92
  bool set_sstpr (const uint16_t _addr) {
    D2PRINTF("[SSTPR:%04X]\r\n", _addr);
    return send(0x68)
        && send(_addr & 0xFF)
        && send(0x69)
        && send(_addr >> 8);
     a78:	80 e0       	ldi	r24, 0x00	; 0
     a7a:	df 91       	pop	r29
/Users/askn/Develop/UPDI4AVR-USB/src/tpi.cpp:93
  }
     a7c:	cf 91       	pop	r28
     a7e:	08 95       	ret

00000a80 <TPI::idle_clock(unsigned int)>:
_ZN3TPI10idle_clockEj():
     a80:	30 e0       	ldi	r19, 0x00	; 0
     a82:	20 e0       	ldi	r18, 0x00	; 0
/Users/askn/Develop/UPDI4AVR-USB/src/tpi.cpp:46
  };

  // MARK: TPI Low level

  void idle_clock (const size_t clock) {
    for (size_t i = 0; i < clock; i++) {
     a84:	40 91 08 04 	lds	r20, 0x0408	; 0x800408 <__TEXT_REGION_LENGTH__+0x7f0408>
/Users/askn/Develop/UPDI4AVR-USB/src/tpi.cpp:47
      loop_until_bit_is_set(TCLK_IN, TCLK_bp);
     a88:	42 ff       	sbrs	r20, 2
     a8a:	fc cf       	rjmp	.-8      	; 0xa84 <TPI::idle_clock(unsigned int)+0x4>
     a8c:	40 91 08 04 	lds	r20, 0x0408	; 0x800408 <__TEXT_REGION_LENGTH__+0x7f0408>
/Users/askn/Develop/UPDI4AVR-USB/src/tpi.cpp:48
      loop_until_bit_is_clear(TCLK_IN, TCLK_bp);
     a90:	42 fd       	sbrc	r20, 2
     a92:	fc cf       	rjmp	.-8      	; 0xa8c <TPI::idle_clock(unsigned int)+0xc>
     a94:	2f 5f       	subi	r18, 0xFF	; 255
     a96:	3f 4f       	sbci	r19, 0xFF	; 255
/Users/askn/Develop/UPDI4AVR-USB/src/tpi.cpp:46
  };

  // MARK: TPI Low level

  void idle_clock (const size_t clock) {
    for (size_t i = 0; i < clock; i++) {
     a98:	82 17       	cp	r24, r18
     a9a:	93 07       	cpc	r25, r19
     a9c:	99 f7       	brne	.-26     	; 0xa84 <TPI::idle_clock(unsigned int)+0x4>
     a9e:	08 95       	ret

00000aa0 <SYS::get_vdd()>:
_ZN3SYS7get_vddEv():
     aa0:	80 91 0a 06 	lds	r24, 0x060A	; 0x80060a <__TEXT_REGION_LENGTH__+0x7f060a>
/Users/askn/Develop/UPDI4AVR-USB/src/sys.cpp:391
    ADC0_COMMAND = ADC_MODE_BURST_gc;
    get_vdd();
  }

  uint16_t get_vdd (void) {
    ADC0_COMMAND |= ADC_START_IMMEDIATE_gc;
     aa4:	81 60       	ori	r24, 0x01	; 1
     aa6:	80 93 0a 06 	sts	0x060A, r24	; 0x80060a <__TEXT_REGION_LENGTH__+0x7f060a>
     aaa:	80 91 07 06 	lds	r24, 0x0607	; 0x800607 <__TEXT_REGION_LENGTH__+0x7f0607>
/Users/askn/Develop/UPDI4AVR-USB/src/sys.cpp:392
    loop_until_bit_is_set(ADC0_INTFLAGS, ADC_SAMPRDY_bp);
     aae:	81 ff       	sbrs	r24, 1
     ab0:	fc cf       	rjmp	.-8      	; 0xaaa <SYS::get_vdd()+0xa>
     ab2:	80 91 0c 06 	lds	r24, 0x060C	; 0x80060c <__TEXT_REGION_LENGTH__+0x7f060c>
/Users/askn/Develop/UPDI4AVR-USB/src/sys.cpp:393
    uint16_t _adc_reading = ADC0_RESULT;
     ab6:	90 91 0d 06 	lds	r25, 0x060D	; 0x80060d <__TEXT_REGION_LENGTH__+0x7f060d>
     aba:	9c 01       	movw	r18, r24
     abc:	36 95       	lsr	r19
/Users/askn/Develop/UPDI4AVR-USB/src/sys.cpp:394
    _adc_reading += (_adc_reading >> 2);
     abe:	27 95       	ror	r18
     ac0:	36 95       	lsr	r19
     ac2:	27 95       	ror	r18
     ac4:	82 0f       	add	r24, r18
     ac6:	93 1f       	adc	r25, r19
/Users/askn/Develop/UPDI4AVR-USB/src/sys.cpp:396
    return _adc_reading;
  }
     ac8:	08 95       	ret

00000aca <SYS::is_boundary_flash_page(unsigned long)>:
_ZN3SYS22is_boundary_flash_pageEm():
     aca:	cf 92       	push	r12
     acc:	df 92       	push	r13
/Users/askn/Develop/UPDI4AVR-USB/src/sys.cpp:360
   * Flash memory boundary check
   *
   * True when a page area address different from the previous time is detected.
   * Indicates the need to erase a page in FLASH/USERROW/BOOTROW of the AVR-Dx series.
   */
  bool is_boundary_flash_page (uint32_t _dwAddr) {
     ace:	ef 92       	push	r14
     ad0:	ff 92       	push	r15
     ad2:	ab 01       	movw	r20, r22
     ad4:	bc 01       	movw	r22, r24
     ad6:	80 91 20 63 	lds	r24, 0x6320	; 0x806320 <Device_Descriptor+0x2d>
/Users/askn/Develop/UPDI4AVR-USB/src/sys.cpp:361
    uint32_t _mask = ~(((uint16_t)Device_Descriptor.UPDI.flash_page_size_msb << 8)
     ada:	28 2f       	mov	r18, r24
     adc:	30 e0       	ldi	r19, 0x00	; 0
     ade:	32 2f       	mov	r19, r18
     ae0:	22 27       	eor	r18, r18
     ae2:	80 91 f5 62 	lds	r24, 0x62F5	; 0x8062f5 <Device_Descriptor+0x2>
/Users/askn/Develop/UPDI4AVR-USB/src/sys.cpp:362
                                + Device_Descriptor.UPDI.flash_page_size - 1);
     ae6:	82 0f       	add	r24, r18
     ae8:	93 2f       	mov	r25, r19
     aea:	91 1d       	adc	r25, r1
     aec:	91 95       	neg	r25
     aee:	81 95       	neg	r24
/Users/askn/Develop/UPDI4AVR-USB/src/sys.cpp:361
   *
   * True when a page area address different from the previous time is detected.
   * Indicates the need to erase a page in FLASH/USERROW/BOOTROW of the AVR-Dx series.
   */
  bool is_boundary_flash_page (uint32_t _dwAddr) {
    uint32_t _mask = ~(((uint16_t)Device_Descriptor.UPDI.flash_page_size_msb << 8)
     af0:	91 09       	sbc	r25, r1
     af2:	b0 e0       	ldi	r27, 0x00	; 0
     af4:	a0 e0       	ldi	r26, 0x00	; 0
     af6:	84 23       	and	r24, r20
     af8:	95 23       	and	r25, r21
/Users/askn/Develop/UPDI4AVR-USB/src/sys.cpp:363
                                + Device_Descriptor.UPDI.flash_page_size - 1);
    uint32_t _after_page = _dwAddr & _mask;
     afa:	a6 23       	and	r26, r22
     afc:	b7 23       	and	r27, r23
     afe:	21 e0       	ldi	r18, 0x01	; 1
     b00:	c0 90 24 63 	lds	r12, 0x6324	; 0x806324 <_before_page>
/Users/askn/Develop/UPDI4AVR-USB/src/sys.cpp:364
    bool _result = _before_page != _after_page;
     b04:	d0 90 25 63 	lds	r13, 0x6325	; 0x806325 <_before_page+0x1>
     b08:	e0 90 26 63 	lds	r14, 0x6326	; 0x806326 <_before_page+0x2>
     b0c:	f0 90 27 63 	lds	r15, 0x6327	; 0x806327 <_before_page+0x3>
     b10:	c8 16       	cp	r12, r24
     b12:	d9 06       	cpc	r13, r25
     b14:	ea 06       	cpc	r14, r26
     b16:	fb 06       	cpc	r15, r27
     b18:	09 f4       	brne	.+2      	; 0xb1c <SYS::is_boundary_flash_page(unsigned long)+0x52>
     b1a:	20 e0       	ldi	r18, 0x00	; 0
     b1c:	80 93 24 63 	sts	0x6324, r24	; 0x806324 <_before_page>
/Users/askn/Develop/UPDI4AVR-USB/src/sys.cpp:365
    _before_page = _after_page;
     b20:	90 93 25 63 	sts	0x6325, r25	; 0x806325 <_before_page+0x1>
     b24:	a0 93 26 63 	sts	0x6326, r26	; 0x806326 <_before_page+0x2>
     b28:	b0 93 27 63 	sts	0x6327, r27	; 0x806327 <_before_page+0x3>
     b2c:	82 2f       	mov	r24, r18
     b2e:	ff 90       	pop	r15
/Users/askn/Develop/UPDI4AVR-USB/src/sys.cpp:367
    return _result;
  }
     b30:	ef 90       	pop	r14
     b32:	df 90       	pop	r13
     b34:	cf 90       	pop	r12
     b36:	08 95       	ret

00000b38 <SYS::LED_Flash()>:
_ZN3SYS9LED_FlashEv():
     b38:	80 91 50 63 	lds	r24, 0x6350	; 0x806350 <_led_mode>
/Users/askn/Develop/UPDI4AVR-USB/src/sys.cpp:195
      _led_mode = 1;
    }
  }

  WEAK void LED_TM (uint8_t _mode, uint16_t _ccmp) {
    if (_led_mode != _mode) {
     b3c:	82 30       	cpi	r24, 0x02	; 2
     b3e:	b1 f0       	breq	.+44     	; 0xb6c <SYS::LED_Flash()+0x34>
     b40:	10 92 2a 0a 	sts	0x0A2A, r1	; 0x800a2a <__TEXT_REGION_LENGTH__+0x7f0a2a>
/Users/askn/Develop/UPDI4AVR-USB/src/sys.cpp:197
      D1PRINTF(" LED=%d\r\n", _mode);
      TCA0_SPLIT_LCMP1 = 0;             /* turn off TCA0_WO1 */
     b44:	8f e0       	ldi	r24, 0x0F	; 15
     b46:	80 93 00 0a 	sts	0x0A00, r24	; 0x800a00 <__TEXT_REGION_LENGTH__+0x7f0a00>
/Users/askn/Develop/UPDI4AVR-USB/src/sys.cpp:198
      TCA0_SPLIT_CTRLA = TCA_SPLIT_ENABLE_bm | TCA_SPLIT_CLKSEL_DIV1024_gc;
     b4a:	2e e0       	ldi	r18, 0x0E	; 14
     b4c:	30 e0       	ldi	r19, 0x00	; 0
/Users/askn/Develop/UPDI4AVR-USB/src/sys.cpp:199
      TCB0_CNT   = (_ccmp >> 1) - 2;
     b4e:	20 93 0a 0b 	sts	0x0B0A, r18	; 0x800b0a <__TEXT_REGION_LENGTH__+0x7f0b0a>
     b52:	30 93 0b 0b 	sts	0x0B0B, r19	; 0x800b0b <__TEXT_REGION_LENGTH__+0x7f0b0b>
     b56:	90 e2       	ldi	r25, 0x20	; 32
     b58:	90 93 0c 0b 	sts	0x0B0C, r25	; 0x800b0c <__TEXT_REGION_LENGTH__+0x7f0b0c>
/Users/askn/Develop/UPDI4AVR-USB/src/sys.cpp:200
      TCB0_CCMPL = _ccmp;
     b5c:	90 e1       	ldi	r25, 0x10	; 16
     b5e:	90 93 0d 0b 	sts	0x0B0D, r25	; 0x800b0d <__TEXT_REGION_LENGTH__+0x7f0b0d>
/Users/askn/Develop/UPDI4AVR-USB/src/sys.cpp:201
      TCB0_CCMPH = _ccmp >> 1;          /* compare TCB0_WO */
     b62:	80 93 00 0b 	sts	0x0B00, r24	; 0x800b00 <__TEXT_REGION_LENGTH__+0x7f0b00>
/Users/askn/Develop/UPDI4AVR-USB/src/sys.cpp:202
      TCB0_CTRLA = TCB_ENABLE_bm | TCB_CLKSEL_EVENT_gc;
     b66:	82 e0       	ldi	r24, 0x02	; 2
     b68:	80 93 50 63 	sts	0x6350, r24	; 0x806350 <_led_mode>
/Users/askn/Develop/UPDI4AVR-USB/src/sys.cpp:203
      _led_mode = _mode;
     b6c:	08 95       	ret

00000b6e <SYS::LED_HeartBeat()>:
_ZN3SYS13LED_HeartBeatEv():
     b6e:	80 91 50 63 	lds	r24, 0x6350	; 0x806350 <_led_mode>
/Users/askn/Develop/UPDI4AVR-USB/src/sys.cpp:181
  * LED operation switching
  */

  /* Heartbeat (waiting) */
  WEAK void LED_HeartBeat (void) {
    if (_led_mode != 1) {
     b72:	81 30       	cpi	r24, 0x01	; 1
     b74:	c1 f0       	breq	.+48     	; 0xba6 <SYS::LED_HeartBeat()+0x38>
     b76:	84 ec       	ldi	r24, 0xC4	; 196
     b78:	80 93 26 0a 	sts	0x0A26, r24	; 0x800a26 <__TEXT_REGION_LENGTH__+0x7f0a26>
/Users/askn/Develop/UPDI4AVR-USB/src/sys.cpp:183
      D1PRINTF(" LED=HB\r\n");
      TCA0_SPLIT_LPER  = TM_HBEAT - 1;
     b7c:	82 e6       	ldi	r24, 0x62	; 98
     b7e:	80 93 2a 0a 	sts	0x0A2A, r24	; 0x800a2a <__TEXT_REGION_LENGTH__+0x7f0a2a>
/Users/askn/Develop/UPDI4AVR-USB/src/sys.cpp:184
      TCA0_SPLIT_LCMP1 = TM_HBEAT >> 1; /* compare TCA0_WO1 */
     b82:	9f e0       	ldi	r25, 0x0F	; 15
     b84:	90 93 00 0a 	sts	0x0A00, r25	; 0x800a00 <__TEXT_REGION_LENGTH__+0x7f0a00>
/Users/askn/Develop/UPDI4AVR-USB/src/sys.cpp:185
      TCA0_SPLIT_CTRLA = TCA_SPLIT_ENABLE_bm | TCA_SPLIT_CLKSEL_DIV1024_gc;
     b88:	10 92 0a 0b 	sts	0x0B0A, r1	; 0x800b0a <__TEXT_REGION_LENGTH__+0x7f0b0a>
/Users/askn/Develop/UPDI4AVR-USB/src/sys.cpp:186
      TCB0_CNT   = 0;
     b8c:	10 92 0b 0b 	sts	0x0B0B, r1	; 0x800b0b <__TEXT_REGION_LENGTH__+0x7f0b0b>
     b90:	95 ec       	ldi	r25, 0xC5	; 197
     b92:	90 93 0c 0b 	sts	0x0B0C, r25	; 0x800b0c <__TEXT_REGION_LENGTH__+0x7f0b0c>
/Users/askn/Develop/UPDI4AVR-USB/src/sys.cpp:187
      TCB0_CCMPL = TM_HBEAT;
     b96:	80 93 0d 0b 	sts	0x0B0D, r24	; 0x800b0d <__TEXT_REGION_LENGTH__+0x7f0b0d>
/Users/askn/Develop/UPDI4AVR-USB/src/sys.cpp:188
      TCB0_CCMPH = TM_HBEAT >> 1;       /* compare TCB0_WO */
     b9a:	85 e0       	ldi	r24, 0x05	; 5
     b9c:	80 93 00 0b 	sts	0x0B00, r24	; 0x800b00 <__TEXT_REGION_LENGTH__+0x7f0b00>
/Users/askn/Develop/UPDI4AVR-USB/src/sys.cpp:189
      TCB0_CTRLA = TCB_ENABLE_bm | TCB_CLKSEL_TCA0_gc;
     ba0:	81 e0       	ldi	r24, 0x01	; 1
     ba2:	80 93 50 63 	sts	0x6350, r24	; 0x806350 <_led_mode>
/Users/askn/Develop/UPDI4AVR-USB/src/sys.cpp:190
      _led_mode = 1;
     ba6:	08 95       	ret

00000ba8 <USART::change_vcp()>:
_ZN5USART10change_vcpEv():
     ba8:	0f 93       	push	r16
/Users/askn/Develop/UPDI4AVR-USB/src/sys.cpp:192
    }
  }
     baa:	1f 93       	push	r17
/Users/askn/Develop/UPDI4AVR-USB/src/usart.cpp:141
    #endif
  }

  /*** Activates VCP operation. ***/
  /* Detailed parameters are specified in SET_LINE_ENCODING. */
  void change_vcp (void) {
     bac:	cf 93       	push	r28
     bae:	df 93       	push	r29
     bb0:	00 d0       	rcall	.+0      	; 0xbb2 <USART::change_vcp()+0xa>
     bb2:	00 d0       	rcall	.+0      	; 0xbb4 <USART::change_vcp()+0xc>
     bb4:	cd b7       	in	r28, 0x3d	; 61
     bb6:	de b7       	in	r29, 0x3e	; 62
     bb8:	20 91 a1 60 	lds	r18, 0x60A1	; 0x8060a1 <_set_line_encoding>
/Users/askn/Develop/UPDI4AVR-USB/src/usart.cpp:143
    uint8_t _ctrlb = USART_RXEN_bm | USART_TXEN_bm | USART_ODME_bm;
    uint32_t _baud = _set_line_encoding.dwDTERate;
     bbc:	30 91 a2 60 	lds	r19, 0x60A2	; 0x8060a2 <_set_line_encoding+0x1>
     bc0:	40 91 a3 60 	lds	r20, 0x60A3	; 0x8060a3 <_set_line_encoding+0x2>
     bc4:	50 91 a4 60 	lds	r21, 0x60A4	; 0x8060a4 <_set_line_encoding+0x3>
     bc8:	21 15       	cp	r18, r1
     bca:	31 05       	cpc	r19, r1
/Users/askn/Develop/UPDI4AVR-USB/src/usart.cpp:146
    D1PRINTF(" BAUD=%ld", _baud);
    /* If the BAUD value is small, select double speed mode. */
    if (!_baud) _baud = 9600UL;
     bcc:	41 05       	cpc	r20, r1
     bce:	51 05       	cpc	r21, r1
     bd0:	21 f4       	brne	.+8      	; 0xbda <USART::change_vcp()+0x32>
     bd2:	20 e8       	ldi	r18, 0x80	; 128
     bd4:	35 e2       	ldi	r19, 0x25	; 37
     bd6:	40 e0       	ldi	r20, 0x00	; 0
     bd8:	50 e0       	ldi	r21, 0x00	; 0
     bda:	60 e0       	ldi	r22, 0x00	; 0
     bdc:	78 e6       	ldi	r23, 0x68	; 104
/Users/askn/Develop/UPDI4AVR-USB/src/usart.cpp:147
    if (_baud) _baud = (((F_CPU * 8L) / _baud) + 1) >> 1;
     bde:	89 e8       	ldi	r24, 0x89	; 137
     be0:	99 e0       	ldi	r25, 0x09	; 9
     be2:	0e 94 23 20 	call	0x4046	; 0x4046 <__udivmodsi4>
     be6:	da 01       	movw	r26, r20
     be8:	c9 01       	movw	r24, r18
     bea:	01 96       	adiw	r24, 0x01	; 1
     bec:	a1 1d       	adc	r26, r1
     bee:	b1 1d       	adc	r27, r1
     bf0:	ac 01       	movw	r20, r24
     bf2:	bd 01       	movw	r22, r26
     bf4:	76 95       	lsr	r23
     bf6:	67 95       	ror	r22
     bf8:	57 95       	ror	r21
     bfa:	47 95       	ror	r20
     bfc:	40 36       	cpi	r20, 0x60	; 96
     bfe:	51 05       	cpc	r21, r1
/Users/askn/Develop/UPDI4AVR-USB/src/usart.cpp:148
    if (_baud < 96) {
     c00:	61 05       	cpc	r22, r1
     c02:	71 05       	cpc	r23, r1
     c04:	08 f0       	brcs	.+2      	; 0xc08 <USART::change_vcp()+0x60>
     c06:	55 c0       	rjmp	.+170    	; 0xcb2 <USART::change_vcp()+0x10a>
     c08:	ac 01       	movw	r20, r24
     c0a:	bd 01       	movw	r22, r26
/Users/askn/Develop/UPDI4AVR-USB/src/usart.cpp:149
      _baud <<= 1;
     c0c:	4e 7f       	andi	r20, 0xFE	; 254
     c0e:	aa ec       	ldi	r26, 0xCA	; 202
     c10:	8a 01       	movw	r16, r20
/Users/askn/Develop/UPDI4AVR-USB/src/usart.cpp:150
      _ctrlb |= USART_RXMODE_CLK2X_gc;
     c12:	9b 01       	movw	r18, r22
/Users/askn/Develop/UPDI4AVR-USB/src/usart.cpp:153
    }
    D1PRINTF("->%04X\r\n", _baud);
    if (_baud < 0x10000UL && _baud >= 64) {
     c14:	00 54       	subi	r16, 0x40	; 64
     c16:	11 09       	sbc	r17, r1
     c18:	21 09       	sbc	r18, r1
     c1a:	31 09       	sbc	r19, r1
     c1c:	00 3c       	cpi	r16, 0xC0	; 192
     c1e:	1f 4f       	sbci	r17, 0xFF	; 255
     c20:	21 05       	cpc	r18, r1
     c22:	31 05       	cpc	r19, r1
     c24:	c0 f5       	brcc	.+112    	; 0xc96 <USART::change_vcp()+0xee>
     c26:	90 91 a7 60 	lds	r25, 0x60A7	; 0x8060a7 <_set_line_encoding+0x6>
/Users/askn/Develop/UPDI4AVR-USB/src/usart.cpp:154
      uint8_t _bits = _set_line_encoding.bDataBits - 5;
     c2a:	95 50       	subi	r25, 0x05	; 5
     c2c:	00 91 2a 60 	lds	r16, 0x602A	; 0x80602a <UPDI::_set_ptr24+0x6>
/Users/askn/Develop/UPDI4AVR-USB/src/usart.cpp:155
      uint8_t _ctrlc = (uint8_t[]){
     c30:	10 91 2b 60 	lds	r17, 0x602B	; 0x80602b <UPDI::_set_ptr24+0x7>
     c34:	20 91 2c 60 	lds	r18, 0x602C	; 0x80602c <UPDI::_set_ptr24+0x8>
     c38:	30 91 2d 60 	lds	r19, 0x602D	; 0x80602d <UPDI::_set_ptr24+0x9>
     c3c:	09 83       	std	Y+1, r16	; 0x01
     c3e:	1a 83       	std	Y+2, r17	; 0x02
     c40:	2b 83       	std	Y+3, r18	; 0x03
     c42:	3c 83       	std	Y+4, r19	; 0x04
/Users/askn/Develop/UPDI4AVR-USB/src/usart.cpp:157
        USART_PMODE_DISABLED_gc, USART_PMODE_ODD_gc, USART_PMODE_EVEN_gc, USART_PMODE_DISABLED_gc
      }[_set_line_encoding.bParityType & 3]
     c44:	e0 91 a6 60 	lds	r30, 0x60A6	; 0x8060a6 <_set_line_encoding+0x5>
     c48:	e3 70       	andi	r30, 0x03	; 3
     c4a:	ec 0f       	add	r30, r28
     c4c:	fd 2f       	mov	r31, r29
     c4e:	f1 1d       	adc	r31, r1
/Users/askn/Develop/UPDI4AVR-USB/src/usart.cpp:158
      + _set_line_encoding.bCharFormat ? USART_SBMODE_2BIT_gc : USART_SBMODE_1BIT_gc;
     c50:	21 81       	ldd	r18, Z+1	; 0x01
     c52:	80 91 a5 60 	lds	r24, 0x60A5	; 0x8060a5 <_set_line_encoding+0x4>
     c56:	28 0f       	add	r18, r24
     c58:	33 27       	eor	r19, r19
     c5a:	33 1f       	adc	r19, r19
     c5c:	80 e0       	ldi	r24, 0x00	; 0
     c5e:	23 2b       	or	r18, r19
/Users/askn/Develop/UPDI4AVR-USB/src/usart.cpp:159
      if (_bits < 4) {
     c60:	09 f0       	breq	.+2      	; 0xc64 <USART::change_vcp()+0xbc>
     c62:	88 e0       	ldi	r24, 0x08	; 8
/Users/askn/Develop/UPDI4AVR-USB/src/usart.cpp:160
        _ctrlc += _bits; /* USART_CHSIZE_[5,6,7,8]BIT_gc */
     c64:	94 30       	cpi	r25, 0x04	; 4
/Users/askn/Develop/UPDI4AVR-USB/src/usart.cpp:175
      }
      else {
        _ctrlc += USART_CHSIZE_8BIT_gc;
        #endif
      }
      ATOMIC_BLOCK(ATOMIC_RESTORESTATE) {
     c66:	38 f5       	brcc	.+78     	; 0xcb6 <USART::change_vcp()+0x10e>
/Users/askn/Library/Arduino15/packages/MultiX-Zinnia/tools/avr8-gcc/7.3.0-avr8-gnu-toolchain/avr/include/util/atomic.h:50
    return 1;
}

static __inline__ uint8_t __iCliRetVal(void)
{
    cli();
     c68:	89 0f       	add	r24, r25
/Users/askn/Develop/UPDI4AVR-USB/src/usart.cpp:176
        PORTMUX_USARTROUTEA = PORTMUX_USART_VCP;
     c6a:	9f b7       	in	r25, 0x3f	; 63
__iCliRetVal():
     c6c:	f8 94       	cli
_ZN5USART10change_vcpEv():
     c6e:	22 e1       	ldi	r18, 0x12	; 18
/Users/askn/Develop/UPDI4AVR-USB/src/usart.cpp:177
        USART0_STATUS = USART_DREIF_bm;
     c70:	20 93 e2 05 	sts	0x05E2, r18	; 0x8005e2 <__TEXT_REGION_LENGTH__+0x7f05e2>
     c74:	20 e2       	ldi	r18, 0x20	; 32
/Users/askn/Develop/UPDI4AVR-USB/src/usart.cpp:178
        USART0_BAUD = (uint16_t)_baud;
     c76:	20 93 04 08 	sts	0x0804, r18	; 0x800804 <__TEXT_REGION_LENGTH__+0x7f0804>
     c7a:	40 93 08 08 	sts	0x0808, r20	; 0x800808 <__TEXT_REGION_LENGTH__+0x7f0808>
/Users/askn/Develop/UPDI4AVR-USB/src/usart.cpp:179
        USART0_CTRLC = _ctrlc;
     c7e:	50 93 09 08 	sts	0x0809, r21	; 0x800809 <__TEXT_REGION_LENGTH__+0x7f0809>
/Users/askn/Develop/UPDI4AVR-USB/src/usart.cpp:180
        USART0_CTRLA = USART_RXCIF_bm;
     c82:	80 93 07 08 	sts	0x0807, r24	; 0x800807 <__TEXT_REGION_LENGTH__+0x7f0807>
     c86:	80 e8       	ldi	r24, 0x80	; 128
/Users/askn/Develop/UPDI4AVR-USB/src/usart.cpp:181
        USART0_CTRLB = _ctrlb;
     c88:	80 93 05 08 	sts	0x0805, r24	; 0x800805 <__TEXT_REGION_LENGTH__+0x7f0805>
/Users/askn/Develop/UPDI4AVR-USB/src/usart.cpp:182
        bit_set(GPCONF, GPCONF_VCP_bp);
     c8c:	a0 93 06 08 	sts	0x0806, r26	; 0x800806 <__TEXT_REGION_LENGTH__+0x7f0806>
/Users/askn/Develop/UPDI4AVR-USB/src/usart.cpp:185
      }
      D1PRINTF(" USART=VCP\r\n");
      drain();
     c90:	f1 9a       	sbi	0x1e, 1	; 30
__iRestore():
     c92:	9f bf       	out	0x3f, r25	; 63
_ZN5USART10change_vcpEv():
/Users/askn/Develop/UPDI4AVR-USB/src/usart.cpp:191
    }
    else {
      /* If outside the supported range, the USART will remain in the BREAK state. */
      D1PRINTF(" VCP=FAIL\r\n");
    }
    GPCONF &= ~GPCONF_SW0_gm;
     c94:	30 db       	rcall	.-2464   	; 0x2f6 <USART::drain(unsigned int) [clone .constprop.11]>
     c96:	8e b3       	in	r24, 0x1e	; 30
     c98:	8f 73       	andi	r24, 0x3F	; 63
/Users/askn/Develop/UPDI4AVR-USB/src/usart.cpp:192
    pinLogicOpen(PIN_SYS_SW0);
     c9a:	8e bb       	out	0x1e, r24	; 30
/Users/askn/Develop/UPDI4AVR-USB/src/usart.cpp:193
    if (bit_is_set(GPCONF, GPCONF_USB_bp))
     c9c:	a6 98       	cbi	0x14, 6	; 20
     c9e:	f0 9b       	sbis	0x1e, 0	; 30
/Users/askn/Develop/UPDI4AVR-USB/src/usart.cpp:197
      SYS::LED_HeartBeat();
    else
      SYS::LED_Flash();
  }
     ca0:	0c c0       	rjmp	.+24     	; 0xcba <USART::change_vcp()+0x112>
     ca2:	24 96       	adiw	r28, 0x04	; 4
     ca4:	cd bf       	out	0x3d, r28	; 61
     ca6:	de bf       	out	0x3e, r29	; 62
     ca8:	df 91       	pop	r29
     caa:	cf 91       	pop	r28
     cac:	1f 91       	pop	r17
/Users/askn/Develop/UPDI4AVR-USB/src/usart.cpp:194
      D1PRINTF(" VCP=FAIL\r\n");
    }
    GPCONF &= ~GPCONF_SW0_gm;
    pinLogicOpen(PIN_SYS_SW0);
    if (bit_is_set(GPCONF, GPCONF_USB_bp))
      SYS::LED_HeartBeat();
     cae:	0f 91       	pop	r16
     cb0:	5e cf       	rjmp	.-324    	; 0xb6e <SYS::LED_HeartBeat()>
/Users/askn/Develop/UPDI4AVR-USB/src/usart.cpp:142
  }

  /*** Activates VCP operation. ***/
  /* Detailed parameters are specified in SET_LINE_ENCODING. */
  void change_vcp (void) {
    uint8_t _ctrlb = USART_RXEN_bm | USART_TXEN_bm | USART_ODME_bm;
     cb2:	a8 ec       	ldi	r26, 0xC8	; 200
     cb4:	ad cf       	rjmp	.-166    	; 0xc10 <USART::change_vcp()+0x68>
/Users/askn/Develop/UPDI4AVR-USB/src/usart.cpp:172
        usart_receiver    = &USB::vcp_receiver_9bit;
        usart_transmitter = &USB::vcp_transceiver_9bit;
        #else
      }
      else {
        _ctrlc += USART_CHSIZE_8BIT_gc;
     cb6:	8d 5f       	subi	r24, 0xFD	; 253
     cb8:	d8 cf       	rjmp	.-80     	; 0xc6a <USART::change_vcp()+0xc2>
/Users/askn/Develop/UPDI4AVR-USB/src/usart.cpp:197
    pinLogicOpen(PIN_SYS_SW0);
    if (bit_is_set(GPCONF, GPCONF_USB_bp))
      SYS::LED_HeartBeat();
    else
      SYS::LED_Flash();
  }
     cba:	24 96       	adiw	r28, 0x04	; 4
     cbc:	cd bf       	out	0x3d, r28	; 61
     cbe:	de bf       	out	0x3e, r29	; 62
     cc0:	df 91       	pop	r29
     cc2:	cf 91       	pop	r28
     cc4:	1f 91       	pop	r17
     cc6:	0f 91       	pop	r16
/Users/askn/Develop/UPDI4AVR-USB/src/usart.cpp:196
    GPCONF &= ~GPCONF_SW0_gm;
    pinLogicOpen(PIN_SYS_SW0);
    if (bit_is_set(GPCONF, GPCONF_USB_bp))
      SYS::LED_HeartBeat();
    else
      SYS::LED_Flash();
     cc8:	37 cf       	rjmp	.-402    	; 0xb38 <SYS::LED_Flash()>

00000cca <USB::break_off()>:
_ZN3USB9break_offEv():
     cca:	f1 9b       	sbis	0x1e, 1	; 30
/Users/askn/Develop/UPDI4AVR-USB/src/usb.cpp:373
    bit_set(GPCONF, GPCONF_BRK_bp);
  }

  void break_off (void) {
    if (bit_is_set(GPCONF, GPCONF_VCP_bp)
     && bit_is_set(GPCONF, GPCONF_BRK_bp)) {
     ccc:	04 c0       	rjmp	.+8      	; 0xcd6 <USB::break_off()+0xc>
     cce:	f3 9b       	sbis	0x1e, 3	; 30
     cd0:	02 c0       	rjmp	.+4      	; 0xcd6 <USB::break_off()+0xc>
     cd2:	6a df       	rcall	.-300    	; 0xba8 <USART::change_vcp()>
/Users/askn/Develop/UPDI4AVR-USB/src/usb.cpp:374
      USART::change_vcp();
     cd4:	f4 9a       	sbi	0x1e, 4	; 30
     cd6:	f3 98       	cbi	0x1e, 3	; 30
/Users/askn/Develop/UPDI4AVR-USB/src/usb.cpp:375
      bit_set(GPCONF, GPCONF_OPN_bp);
     cd8:	08 95       	ret

00000cda <PDI::get_mtype_offset(unsigned char)>:
_ZN3PDI16get_mtype_offsetEh():
/Users/askn/Develop/UPDI4AVR-USB/src/usb.cpp:377
    }
    bit_clear(GPCONF, GPCONF_BRK_bp);
     cda:	82 32       	cpi	r24, 0x22	; 34
/Users/askn/Develop/UPDI4AVR-USB/src/usb.cpp:378
  }
     cdc:	49 f4       	brne	.+18     	; 0xcf0 <PDI::get_mtype_offset(unsigned char)+0x16>
/Users/askn/Develop/UPDI4AVR-USB/src/pdi.cpp:187
  }

  // MARK: PDI NVM API

  uint32_t get_mtype_offset (uint8_t m_type) {
    if      (m_type == 0x22) return Device_Descriptor.Xmega.nvm_eeprom_offset;    /* MTYPE_EEPROM (EEPROM) */
     cde:	60 91 fb 62 	lds	r22, 0x62FB	; 0x8062fb <Device_Descriptor+0x8>
     ce2:	70 91 fc 62 	lds	r23, 0x62FC	; 0x8062fc <Device_Descriptor+0x9>
     ce6:	80 91 fd 62 	lds	r24, 0x62FD	; 0x8062fd <Device_Descriptor+0xa>
     cea:	90 91 fe 62 	lds	r25, 0x62FE	; 0x8062fe <Device_Descriptor+0xb>
     cee:	08 95       	ret
     cf0:	80 3b       	cpi	r24, 0xB0	; 176
     cf2:	49 f4       	brne	.+18     	; 0xd06 <PDI::get_mtype_offset(unsigned char)+0x2c>
/Users/askn/Develop/UPDI4AVR-USB/src/pdi.cpp:188
    else if (m_type == 0xB0) return Device_Descriptor.Xmega.nvm_boot_offset;      /* MTYPE_FLASH_PAGE (BOOTCODE) */
     cf4:	60 91 f7 62 	lds	r22, 0x62F7	; 0x8062f7 <Device_Descriptor+0x4>
     cf8:	70 91 f8 62 	lds	r23, 0x62F8	; 0x8062f8 <Device_Descriptor+0x5>
     cfc:	80 91 f9 62 	lds	r24, 0x62F9	; 0x8062f9 <Device_Descriptor+0x6>
     d00:	90 91 fa 62 	lds	r25, 0x62FA	; 0x8062fa <Device_Descriptor+0x7>
     d04:	08 95       	ret
     d06:	81 3b       	cpi	r24, 0xB1	; 177
     d08:	51 f3       	breq	.-44     	; 0xcde <PDI::get_mtype_offset(unsigned char)+0x4>
/Users/askn/Develop/UPDI4AVR-USB/src/pdi.cpp:189
    else if (m_type == 0xB1) return Device_Descriptor.Xmega.nvm_eeprom_offset;    /* MTYPE_EEPROM_PAGE (EEPROM) */
     d0a:	82 3b       	cpi	r24, 0xB2	; 178
     d0c:	49 f4       	brne	.+18     	; 0xd20 <PDI::get_mtype_offset(unsigned char)+0x46>
/Users/askn/Develop/UPDI4AVR-USB/src/pdi.cpp:190
    else if (m_type == 0xB2) return Device_Descriptor.Xmega.nvm_fuse_offset;      /* MTYPE_FUSE_BITS (FUSE) */
     d0e:	60 91 ff 62 	lds	r22, 0x62FF	; 0x8062ff <Device_Descriptor+0xc>
     d12:	70 91 00 63 	lds	r23, 0x6300	; 0x806300 <Device_Descriptor+0xd>
     d16:	80 91 01 63 	lds	r24, 0x6301	; 0x806301 <Device_Descriptor+0xe>
     d1a:	90 91 02 63 	lds	r25, 0x6302	; 0x806302 <Device_Descriptor+0xf>
     d1e:	08 95       	ret
     d20:	83 3b       	cpi	r24, 0xB3	; 179
     d22:	49 f4       	brne	.+18     	; 0xd36 <PDI::get_mtype_offset(unsigned char)+0x5c>
/Users/askn/Develop/UPDI4AVR-USB/src/pdi.cpp:191
    else if (m_type == 0xB3) return Device_Descriptor.Xmega.nvm_lock_offset;      /* MTYPE_LOCK_BITS (LOCK) */
     d24:	60 91 03 63 	lds	r22, 0x6303	; 0x806303 <Device_Descriptor+0x10>
     d28:	70 91 04 63 	lds	r23, 0x6304	; 0x806304 <Device_Descriptor+0x11>
     d2c:	80 91 05 63 	lds	r24, 0x6305	; 0x806305 <Device_Descriptor+0x12>
     d30:	90 91 06 63 	lds	r25, 0x6306	; 0x806306 <Device_Descriptor+0x13>
     d34:	08 95       	ret
     d36:	84 3b       	cpi	r24, 0xB4	; 180
     d38:	89 f4       	brne	.+34     	; 0xd5c <PDI::get_mtype_offset(unsigned char)+0x82>
/Users/askn/Develop/UPDI4AVR-USB/src/pdi.cpp:192
    else if (m_type == 0xB4) return Device_Descriptor.Xmega.nvm_data_offset
     d3a:	20 91 20 63 	lds	r18, 0x6320	; 0x806320 <Device_Descriptor+0x2d>
/Users/askn/Develop/UPDI4AVR-USB/src/pdi.cpp:193
                                  + Device_Descriptor.Xmega.mcu_base_addr;        /* MTYPE_SIGN_JTAG */
     d3e:	30 91 21 63 	lds	r19, 0x6321	; 0x806321 <Device_Descriptor+0x2e>
     d42:	60 91 0f 63 	lds	r22, 0x630F	; 0x80630f <Device_Descriptor+0x1c>
     d46:	70 91 10 63 	lds	r23, 0x6310	; 0x806310 <Device_Descriptor+0x1d>
     d4a:	80 91 11 63 	lds	r24, 0x6311	; 0x806311 <Device_Descriptor+0x1e>
     d4e:	90 91 12 63 	lds	r25, 0x6312	; 0x806312 <Device_Descriptor+0x1f>
     d52:	62 0f       	add	r22, r18
     d54:	73 1f       	adc	r23, r19
     d56:	81 1d       	adc	r24, r1
     d58:	91 1d       	adc	r25, r1
     d5a:	08 95       	ret
     d5c:	80 3c       	cpi	r24, 0xC0	; 192
     d5e:	49 f4       	brne	.+18     	; 0xd72 <PDI::get_mtype_offset(unsigned char)+0x98>
/Users/askn/Develop/UPDI4AVR-USB/src/pdi.cpp:194
    else if (m_type == 0xC0) return Device_Descriptor.Xmega.nvm_app_offset;       /* MTYPE_FLASH (APPCODE) */
     d60:	60 91 f3 62 	lds	r22, 0x62F3	; 0x8062f3 <Device_Descriptor>
     d64:	70 91 f4 62 	lds	r23, 0x62F4	; 0x8062f4 <Device_Descriptor+0x1>
     d68:	80 91 f5 62 	lds	r24, 0x62F5	; 0x8062f5 <Device_Descriptor+0x2>
     d6c:	90 91 f6 62 	lds	r25, 0x62F6	; 0x8062f6 <Device_Descriptor+0x3>
     d70:	08 95       	ret
/Users/askn/Develop/UPDI4AVR-USB/src/pdi.cpp:195
    else if (m_type == 0xC1) return Device_Descriptor.Xmega.nvm_boot_offset;      /* MTYPE_BOOT_FLASH (BOOTCODE) */
     d72:	81 3c       	cpi	r24, 0xC1	; 193
     d74:	09 f4       	brne	.+2      	; 0xd78 <PDI::get_mtype_offset(unsigned char)+0x9e>
/Users/askn/Develop/UPDI4AVR-USB/src/pdi.cpp:196
    else if (m_type == 0xC4) return Device_Descriptor.Xmega.nvm_eeprom_offset;    /* MTYPE_EEPROM_XMEGA (EEPROM) */
     d76:	be cf       	rjmp	.-132    	; 0xcf4 <PDI::get_mtype_offset(unsigned char)+0x1a>
     d78:	84 3c       	cpi	r24, 0xC4	; 196
     d7a:	09 f4       	brne	.+2      	; 0xd7e <PDI::get_mtype_offset(unsigned char)+0xa4>
/Users/askn/Develop/UPDI4AVR-USB/src/pdi.cpp:197
    else if (m_type == 0xC5) return Device_Descriptor.Xmega.nvm_user_sig_offset;  /* MTYPE_USERSIG (USERROW) */
     d7c:	b0 cf       	rjmp	.-160    	; 0xcde <PDI::get_mtype_offset(unsigned char)+0x4>
     d7e:	85 3c       	cpi	r24, 0xC5	; 197
     d80:	49 f4       	brne	.+18     	; 0xd94 <PDI::get_mtype_offset(unsigned char)+0xba>
     d82:	60 91 07 63 	lds	r22, 0x6307	; 0x806307 <Device_Descriptor+0x14>
     d86:	70 91 08 63 	lds	r23, 0x6308	; 0x806308 <Device_Descriptor+0x15>
     d8a:	80 91 09 63 	lds	r24, 0x6309	; 0x806309 <Device_Descriptor+0x16>
     d8e:	90 91 0a 63 	lds	r25, 0x630A	; 0x80630a <Device_Descriptor+0x17>
/Users/askn/Develop/UPDI4AVR-USB/src/pdi.cpp:198
    else if (m_type == 0xC6) return Device_Descriptor.Xmega.nvm_prod_sig_offset;  /* MTYPE_PRODSIG (PRODSIG) */
     d92:	08 95       	ret
     d94:	86 3c       	cpi	r24, 0xC6	; 198
     d96:	49 f4       	brne	.+18     	; 0xdaa <PDI::get_mtype_offset(unsigned char)+0xd0>
     d98:	60 91 0b 63 	lds	r22, 0x630B	; 0x80630b <Device_Descriptor+0x18>
     d9c:	70 91 0c 63 	lds	r23, 0x630C	; 0x80630c <Device_Descriptor+0x19>
/Users/askn/Develop/UPDI4AVR-USB/src/pdi.cpp:199
    else                     return Device_Descriptor.Xmega.nvm_data_offset;
     da0:	80 91 0d 63 	lds	r24, 0x630D	; 0x80630d <Device_Descriptor+0x1a>
     da4:	90 91 0e 63 	lds	r25, 0x630E	; 0x80630e <Device_Descriptor+0x1b>
     da8:	08 95       	ret
     daa:	60 91 0f 63 	lds	r22, 0x630F	; 0x80630f <Device_Descriptor+0x1c>
/Users/askn/Develop/UPDI4AVR-USB/src/pdi.cpp:200
  }
     dae:	70 91 10 63 	lds	r23, 0x6310	; 0x806310 <Device_Descriptor+0x1d>
/Users/askn/Develop/UPDI4AVR-USB/src/pdi.cpp:74
  };

  // MARK: PDI Low level

  bool idle_clock (const size_t clock) {
    for (size_t i = 0; i < clock; i++) {
     db2:	80 91 11 63 	lds	r24, 0x6311	; 0x806311 <Device_Descriptor+0x1e>
/Users/askn/Develop/UPDI4AVR-USB/src/pdi.cpp:75
      loop_until_bit_is_set(PCLK_IN, PCLK_bp);
     db6:	90 91 12 63 	lds	r25, 0x6312	; 0x806312 <Device_Descriptor+0x1f>
/Users/askn/Develop/UPDI4AVR-USB/src/pdi.cpp:76
      loop_until_bit_is_clear(PCLK_IN, PCLK_bp);
     dba:	08 95       	ret

00000dbc <PDI::idle_clock(unsigned int)>:
_ZN3PDI10idle_clockEj():
     dbc:	30 e0       	ldi	r19, 0x00	; 0
     dbe:	20 e0       	ldi	r18, 0x00	; 0
/Users/askn/Develop/UPDI4AVR-USB/src/pdi.cpp:74
  };

  // MARK: PDI Low level

  bool idle_clock (const size_t clock) {
    for (size_t i = 0; i < clock; i++) {
     dc0:	40 91 08 04 	lds	r20, 0x0408	; 0x800408 <__TEXT_REGION_LENGTH__+0x7f0408>
     dc4:	46 ff       	sbrs	r20, 6
     dc6:	fc cf       	rjmp	.-8      	; 0xdc0 <PDI::idle_clock(unsigned int)+0x4>
     dc8:	40 91 08 04 	lds	r20, 0x0408	; 0x800408 <__TEXT_REGION_LENGTH__+0x7f0408>
/Users/askn/Develop/UPDI4AVR-USB/src/pdi.cpp:79
      loop_until_bit_is_set(PCLK_IN, PCLK_bp);
      loop_until_bit_is_clear(PCLK_IN, PCLK_bp);
    }
    return true;
  }
     dcc:	46 fd       	sbrc	r20, 6
/Users/askn/Develop/UPDI4AVR-USB/src/pdi.cpp:95
    }
    return true;
  }

  bool stop_txd (void) {
    if (bit_is_set(PGCONF, PGCONF_XDIR_bp)) {
     dce:	fc cf       	rjmp	.-8      	; 0xdc8 <PDI::idle_clock(unsigned int)+0xc>
     dd0:	2f 5f       	subi	r18, 0xFF	; 255
/Users/askn/Develop/UPDI4AVR-USB/src/pdi.cpp:96
      idle_clock(1);
     dd2:	3f 4f       	sbci	r19, 0xFF	; 255
     dd4:	82 17       	cp	r24, r18
     dd6:	93 07       	cpc	r25, r19
     dd8:	99 f7       	brne	.-26     	; 0xdc0 <PDI::idle_clock(unsigned int)+0x4>
/Users/askn/Develop/UPDI4AVR-USB/src/pdi.cpp:97
      pinLogicOpen(PIN_PGM_PDAT);
     dda:	81 e0       	ldi	r24, 0x01	; 1
/Users/askn/Develop/UPDI4AVR-USB/src/pdi.cpp:98
      USART0_CTRLB = USART_RXEN_bm | USART_ODME_bm;
     ddc:	08 95       	ret

00000dde <PDI::stop_txd()>:
_ZN3PDI8stop_txdEv():
     dde:	fb 9b       	sbis	0x1f, 3	; 31
     de0:	08 c0       	rjmp	.+16     	; 0xdf2 <PDI::stop_txd()+0x14>
/Users/askn/Develop/UPDI4AVR-USB/src/pdi.cpp:102
      bit_clear(PGCONF, PGCONF_XDIR_bp);
    }
    return true;
  }
     de2:	81 e0       	ldi	r24, 0x01	; 1
     de4:	90 e0       	ldi	r25, 0x00	; 0
/Users/askn/Develop/UPDI4AVR-USB/src/pdi.cpp:125
    // D2PRINTF("(%02X:%02X)", RXSTAT, RXDATA);
    return RXSTAT == 0;
  }

  bool recv_byte (void) {
    return stop_txd() && recv();
     de6:	ea df       	rcall	.-44     	; 0xdbc <PDI::idle_clock(unsigned int)>
     de8:	04 98       	cbi	0x00, 4	; 0
     dea:	88 e8       	ldi	r24, 0x88	; 136
     dec:	80 93 06 08 	sts	0x0806, r24	; 0x800806 <__TEXT_REGION_LENGTH__+0x7f0806>
/Users/askn/Develop/UPDI4AVR-USB/src/pdi.cpp:126
  }
     df0:	fb 98       	cbi	0x1f, 3	; 31
/Users/askn/Develop/UPDI4AVR-USB/src/pdi.cpp:84
  }

  /* To run push-pull TxD in single-wire mode with loopback, */
  /* controlling the USART becomes a bit more complicated.   */
  bool start_txd (void) {
    if (bit_is_clear(PGCONF, PGCONF_XDIR_bp)) {
     df2:	81 e0       	ldi	r24, 0x01	; 1
     df4:	08 95       	ret

00000df6 <PDI::recv_byte()>:
_ZN3PDI9recv_byteEv():
/Users/askn/Develop/UPDI4AVR-USB/src/pdi.cpp:85
      idle_clock(1);
     df6:	f3 df       	rcall	.-26     	; 0xdde <PDI::stop_txd()>
     df8:	81 11       	cpse	r24, r1
     dfa:	81 cb       	rjmp	.-2302   	; 0x4fe <PDI::recv_byte() [clone .part.3]>
     dfc:	80 e0       	ldi	r24, 0x00	; 0
/Users/askn/Develop/UPDI4AVR-USB/src/pdi.cpp:86
      digitalWriteMacro(PIN_PGM_PDAT, HIGH);
     dfe:	08 95       	ret

00000e00 <PDI::start_txd()>:
_ZN3PDI9start_txdEv():
/Users/askn/Develop/UPDI4AVR-USB/src/pdi.cpp:87
      pinLogicPull(PIN_PGM_PDAT);
     e00:	fb 99       	sbic	0x1f, 3	; 31
/Users/askn/Develop/UPDI4AVR-USB/src/pdi.cpp:88
      USART0_CTRLB = USART_RXEN_bm | USART_TXEN_bm;
     e02:	09 c0       	rjmp	.+18     	; 0xe16 <PDI::start_txd()+0x16>
     e04:	81 e0       	ldi	r24, 0x01	; 1
/Users/askn/Develop/UPDI4AVR-USB/src/pdi.cpp:89
      bit_set(PGCONF, PGCONF_XDIR_bp);
     e06:	90 e0       	ldi	r25, 0x00	; 0
/Users/askn/Develop/UPDI4AVR-USB/src/pdi.cpp:92
    }
    return true;
  }
     e08:	d9 df       	rcall	.-78     	; 0xdbc <PDI::idle_clock(unsigned int)>
     e0a:	0c 9a       	sbi	0x01, 4	; 1
/Users/askn/Develop/UPDI4AVR-USB/src/pdi.cpp:175
  }

  bool pdibus_wait (void) {
    do {
      /* ACC STATUS check */
      idle_clock(2);
     e0c:	04 9a       	sbi	0x00, 4	; 0
     e0e:	80 ec       	ldi	r24, 0xC0	; 192
     e10:	80 93 06 08 	sts	0x0806, r24	; 0x800806 <__TEXT_REGION_LENGTH__+0x7f0806>
/Users/askn/Develop/UPDI4AVR-USB/src/pdi.cpp:153
    USART0_TXDATAL = _data;
    return recv() && _data == RXDATA;
  }

  bool send_byte (const uint8_t _data) {
    return start_txd() && send(_data);
     e14:	fb 9a       	sbi	0x1f, 3	; 31
     e16:	81 e0       	ldi	r24, 0x01	; 1
     e18:	08 95       	ret

00000e1a <PDI::pdibus_wait()>:
_ZN3PDI11pdibus_waitEv():
     e1a:	82 e0       	ldi	r24, 0x02	; 2
/Users/askn/Develop/UPDI4AVR-USB/src/pdi.cpp:181
      if (send_byte(0x80)) {
        if (recv_byte() && bit_is_set(RXDATA, 1)) return true;
      }
      else break;
    } while (true);
    return false;
     e1c:	90 e0       	ldi	r25, 0x00	; 0
     e1e:	ce df       	rcall	.-100    	; 0xdbc <PDI::idle_clock(unsigned int)>
send_byte():
     e20:	ef df       	rcall	.-34     	; 0xe00 <PDI::start_txd()>
     e22:	81 11       	cpse	r24, r1
     e24:	02 c0       	rjmp	.+4      	; 0xe2a <PDI::pdibus_wait()+0x10>
_ZN3PDI11pdibus_waitEv():
/Users/askn/Develop/UPDI4AVR-USB/src/pdi.cpp:176

  bool pdibus_wait (void) {
    do {
      /* ACC STATUS check */
      idle_clock(2);
      if (send_byte(0x80)) {
     e26:	80 e0       	ldi	r24, 0x00	; 0
     e28:	08 95       	ret
send_byte():
/Users/askn/Develop/UPDI4AVR-USB/src/pdi.cpp:177
        if (recv_byte() && bit_is_set(RXDATA, 1)) return true;
     e2a:	80 e8       	ldi	r24, 0x80	; 128
     e2c:	e6 dd       	rcall	.-1076   	; 0x9fa <PDI::send_byte(unsigned char) [clone .part.4]>
_ZN3PDI11pdibus_waitEv():
     e2e:	88 23       	and	r24, r24
     e30:	d1 f3       	breq	.-12     	; 0xe26 <PDI::pdibus_wait()+0xc>
     e32:	e1 df       	rcall	.-62     	; 0xdf6 <PDI::recv_byte()>
     e34:	88 23       	and	r24, r24
/Users/askn/Develop/UPDI4AVR-USB/src/pdi.cpp:182
      }
      else break;
    } while (true);
    return false;
  }
     e36:	89 f3       	breq	.-30     	; 0xe1a <PDI::pdibus_wait()>
/Users/askn/Develop/UPDI4AVR-USB/src/pdi.cpp:164
    };
    _CAPS32(_set_ptr[1])->dword = _dwAddr;
    return send_bytes(_set_ptr, sizeof(_set_ptr)) && send(_data);
  }

  bool send_bytes (const uint8_t* _data, size_t _len) {
     e38:	e9 9b       	sbis	0x1d, 1	; 29
     e3a:	ef cf       	rjmp	.-34     	; 0xe1a <PDI::pdibus_wait()>
     e3c:	08 95       	ret

00000e3e <PDI::send_bytes(unsigned char const*, unsigned int)>:
_ZN3PDI10send_bytesEPKhj():
     e3e:	ef 92       	push	r14
     e40:	ff 92       	push	r15
     e42:	0f 93       	push	r16
/Users/askn/Develop/UPDI4AVR-USB/src/pdi.cpp:165
    start_txd();
     e44:	1f 93       	push	r17
     e46:	cf 93       	push	r28
     e48:	df 93       	push	r29
/Users/askn/Develop/UPDI4AVR-USB/src/pdi.cpp:167
    do {
      if (!send(*_data++)) return false;
     e4a:	7c 01       	movw	r14, r24
     e4c:	8b 01       	movw	r16, r22
     e4e:	d8 df       	rcall	.-80     	; 0xe00 <PDI::start_txd()>
     e50:	e7 01       	movw	r28, r14
     e52:	89 91       	ld	r24, Y+
/Users/askn/Develop/UPDI4AVR-USB/src/pdi.cpp:168
    } while (--_len);
     e54:	55 db       	rcall	.-2390   	; 0x500 <PDI::send(unsigned char)>
     e56:	88 23       	and	r24, r24
     e58:	19 f0       	breq	.+6      	; 0xe60 <PDI::send_bytes(unsigned char const*, unsigned int)+0x22>
/Users/askn/Develop/UPDI4AVR-USB/src/pdi.cpp:170
    return true;
  }
     e5a:	01 50       	subi	r16, 0x01	; 1
     e5c:	11 09       	sbc	r17, r1
     e5e:	c9 f7       	brne	.-14     	; 0xe52 <PDI::send_bytes(unsigned char const*, unsigned int)+0x14>
     e60:	df 91       	pop	r29
     e62:	cf 91       	pop	r28
     e64:	1f 91       	pop	r17
     e66:	0f 91       	pop	r16
/Users/askn/Develop/UPDI4AVR-USB/src/pdi.cpp:371
    if (bit_is_set(PGCONF, PGCONF_PGIA_bp)) return 1;
    return send_bytes(_leave, sizeof(_leave));
  }

  size_t enter_progmode (void) {
    if (bit_is_set(PGCONF, PGCONF_PROG_bp)) return 1;
     e68:	ff 90       	pop	r15
     e6a:	ef 90       	pop	r14
/Users/askn/Develop/UPDI4AVR-USB/src/pdi.cpp:374

    /* Enter NVMPROGKEY */
    if (send_bytes(nvmprog_key, sizeof(nvmprog_key)) && pdibus_wait()) {
     e6c:	08 95       	ret

00000e6e <PDI::enter_progmode()>:
_ZN3PDI14enter_progmodeEv():
     e6e:	f9 99       	sbic	0x1f, 1	; 31
     e70:	0e c0       	rjmp	.+28     	; 0xe8e <PDI::enter_progmode()+0x20>
     e72:	69 e0       	ldi	r22, 0x09	; 9
     e74:	70 e0       	ldi	r23, 0x00	; 0
     e76:	83 e5       	ldi	r24, 0x53	; 83
/Users/askn/Develop/UPDI4AVR-USB/src/pdi.cpp:380
      bit_set(PGCONF, PGCONF_PROG_bp);
      D1PRINTF("  NVMP_ON:%02X\r\n", RXDATA);
      return 1;
    }
    D1PRINTF("  Fail:%02X\r\n", RXDATA);
    return 0;
     e78:	90 e6       	ldi	r25, 0x60	; 96
     e7a:	e1 df       	rcall	.-62     	; 0xe3e <PDI::send_bytes(unsigned char const*, unsigned int)>
     e7c:	81 11       	cpse	r24, r1
/Users/askn/Develop/UPDI4AVR-USB/src/pdi.cpp:374

  size_t enter_progmode (void) {
    if (bit_is_set(PGCONF, PGCONF_PROG_bp)) return 1;

    /* Enter NVMPROGKEY */
    if (send_bytes(nvmprog_key, sizeof(nvmprog_key)) && pdibus_wait()) {
     e7e:	03 c0       	rjmp	.+6      	; 0xe86 <PDI::enter_progmode()+0x18>
     e80:	90 e0       	ldi	r25, 0x00	; 0
     e82:	80 e0       	ldi	r24, 0x00	; 0
     e84:	08 95       	ret
/Users/askn/Develop/UPDI4AVR-USB/src/pdi.cpp:375
      bit_set(PGCONF, PGCONF_PROG_bp);
     e86:	c9 df       	rcall	.-110    	; 0xe1a <PDI::pdibus_wait()>
/Users/askn/Develop/UPDI4AVR-USB/src/pdi.cpp:371
    if (bit_is_set(PGCONF, PGCONF_PGIA_bp)) return 1;
    return send_bytes(_leave, sizeof(_leave));
  }

  size_t enter_progmode (void) {
    if (bit_is_set(PGCONF, PGCONF_PROG_bp)) return 1;
     e88:	88 23       	and	r24, r24
     e8a:	d1 f3       	breq	.-12     	; 0xe80 <PDI::enter_progmode()+0x12>
/Users/askn/Develop/UPDI4AVR-USB/src/pdi.cpp:381
      D1PRINTF("  NVMP_ON:%02X\r\n", RXDATA);
      return 1;
    }
    D1PRINTF("  Fail:%02X\r\n", RXDATA);
    return 0;
  }
     e8c:	f9 9a       	sbi	0x1f, 1	; 31
/Users/askn/Develop/UPDI4AVR-USB/src/pdi.cpp:366
  size_t disconnect (void) {
    const static uint8_t _leave[] = {
      0xC0, 0x02,       /* NVM disable */
      0xC1, 0x00        /* leave SYSRST */
    };
    if (bit_is_set(PGCONF, PGCONF_PGIA_bp)) return 1;
     e8e:	81 e0       	ldi	r24, 0x01	; 1
     e90:	90 e0       	ldi	r25, 0x00	; 0
/Users/askn/Develop/UPDI4AVR-USB/src/pdi.cpp:367
    return send_bytes(_leave, sizeof(_leave));
     e92:	08 95       	ret

00000e94 <PDI::disconnect()>:
_ZN3PDI10disconnectEv():
     e94:	f8 99       	sbic	0x1f, 0	; 31
     e96:	07 c0       	rjmp	.+14     	; 0xea6 <PDI::disconnect()+0x12>
     e98:	64 e0       	ldi	r22, 0x04	; 4
     e9a:	70 e0       	ldi	r23, 0x00	; 0
     e9c:	8f e4       	ldi	r24, 0x4F	; 79
     e9e:	90 e6       	ldi	r25, 0x60	; 96
/Users/askn/Develop/UPDI4AVR-USB/src/pdi.cpp:366
  size_t disconnect (void) {
    const static uint8_t _leave[] = {
      0xC0, 0x02,       /* NVM disable */
      0xC1, 0x00        /* leave SYSRST */
    };
    if (bit_is_set(PGCONF, PGCONF_PGIA_bp)) return 1;
     ea0:	ce df       	rcall	.-100    	; 0xe3e <PDI::send_bytes(unsigned char const*, unsigned int)>
     ea2:	90 e0       	ldi	r25, 0x00	; 0
/Users/askn/Develop/UPDI4AVR-USB/src/pdi.cpp:210

  bool nvm_cmdex (void) {
    return send_byte(0x010001CBUL, 1);        /* 0x01CA: NVMCTRL_CTRLA */
  }

  bool nvm_wait (void) {
     ea4:	08 95       	ret
     ea6:	81 e0       	ldi	r24, 0x01	; 1
     ea8:	90 e0       	ldi	r25, 0x00	; 0
     eaa:	08 95       	ret

00000eac <PDI::nvm_wait()>:
_ZN3PDI8nvm_waitEv():
/Users/askn/Develop/UPDI4AVR-USB/src/pdi.cpp:132

  bool recv_byte (uint32_t _dwAddr) {
    static uint8_t _set_ptr[] = {
      0x0C, 0, 0, 0, 0    /* LDS ADDR4 DATA1 */
    };
    _CAPS32(_set_ptr[1])->dword = _dwAddr;
     eac:	cf 92       	push	r12
     eae:	df 92       	push	r13
     eb0:	ef 92       	push	r14
     eb2:	ff 92       	push	r15
recv_byte():
     eb4:	8f ec       	ldi	r24, 0xCF	; 207
     eb6:	c8 2e       	mov	r12, r24
     eb8:	dd 24       	eor	r13, r13
     eba:	d3 94       	inc	r13
     ebc:	e1 2c       	mov	r14, r1
     ebe:	fd 2c       	mov	r15, r13
     ec0:	c0 92 06 60 	sts	0x6006, r12	; 0x806006 <PDI::recv_byte(unsigned long)::_set_ptr+0x1>
     ec4:	d0 92 07 60 	sts	0x6007, r13	; 0x806007 <PDI::recv_byte(unsigned long)::_set_ptr+0x2>
/Users/askn/Develop/UPDI4AVR-USB/src/pdi.cpp:133
    return send_bytes(_set_ptr, sizeof(_set_ptr)) && recv_byte();
     ec8:	e0 92 08 60 	sts	0x6008, r14	; 0x806008 <PDI::recv_byte(unsigned long)::_set_ptr+0x3>
     ecc:	f0 92 09 60 	sts	0x6009, r15	; 0x806009 <PDI::recv_byte(unsigned long)::_set_ptr+0x4>
     ed0:	65 e0       	ldi	r22, 0x05	; 5
     ed2:	70 e0       	ldi	r23, 0x00	; 0
     ed4:	85 e0       	ldi	r24, 0x05	; 5
     ed6:	90 e6       	ldi	r25, 0x60	; 96
/Users/askn/Develop/UPDI4AVR-USB/src/pdi.cpp:211
  bool nvm_cmdex (void) {
    return send_byte(0x010001CBUL, 1);        /* 0x01CA: NVMCTRL_CTRLA */
  }

  bool nvm_wait (void) {
    do { recv_byte(0x010001CFUL); } while (RXDATA & 0xC0); /* 0x01CF: NVMCTRL_STATUS */
     ed8:	b2 df       	rcall	.-156    	; 0xe3e <PDI::send_bytes(unsigned char const*, unsigned int)>
     eda:	81 11       	cpse	r24, r1
     edc:	8c df       	rcall	.-232    	; 0xdf6 <PDI::recv_byte()>
_ZN3PDI8nvm_waitEv():
/Users/askn/Develop/UPDI4AVR-USB/src/pdi.cpp:213
    return true;
  }
     ede:	8d b3       	in	r24, 0x1d	; 29
     ee0:	80 7c       	andi	r24, 0xC0	; 192
     ee2:	71 f7       	brne	.-36     	; 0xec0 <PDI::nvm_wait()+0x14>
     ee4:	81 e0       	ldi	r24, 0x01	; 1
     ee6:	ff 90       	pop	r15
     ee8:	ef 90       	pop	r14
/Users/askn/Develop/UPDI4AVR-USB/src/pdi.cpp:160

  bool send_byte (uint32_t _dwAddr, uint8_t _data) {
    static uint8_t _set_ptr[] = {
      0x4C, 0, 0, 0, 0    /* STS ADDR4 DATA1 */
    };
    _CAPS32(_set_ptr[1])->dword = _dwAddr;
     eea:	df 90       	pop	r13
     eec:	cf 90       	pop	r12
     eee:	08 95       	ret

00000ef0 <PDI::nvm_cmdex()>:
_ZN3PDI9nvm_cmdexEv():
     ef0:	8b ec       	ldi	r24, 0xCB	; 203
     ef2:	91 e0       	ldi	r25, 0x01	; 1
     ef4:	a0 e0       	ldi	r26, 0x00	; 0
     ef6:	b1 e0       	ldi	r27, 0x01	; 1
     ef8:	80 93 01 60 	sts	0x6001, r24	; 0x806001 <__DATA_REGION_ORIGIN__+0x1>
     efc:	90 93 02 60 	sts	0x6002, r25	; 0x806002 <__DATA_REGION_ORIGIN__+0x2>
     f00:	a0 93 03 60 	sts	0x6003, r26	; 0x806003 <__DATA_REGION_ORIGIN__+0x3>
/Users/askn/Develop/UPDI4AVR-USB/src/pdi.cpp:161
    return send_bytes(_set_ptr, sizeof(_set_ptr)) && send(_data);
     f04:	b0 93 04 60 	sts	0x6004, r27	; 0x806004 <__DATA_REGION_ORIGIN__+0x4>
     f08:	65 e0       	ldi	r22, 0x05	; 5
     f0a:	70 e0       	ldi	r23, 0x00	; 0
     f0c:	80 e0       	ldi	r24, 0x00	; 0
     f0e:	90 e6       	ldi	r25, 0x60	; 96
     f10:	96 df       	rcall	.-212    	; 0xe3e <PDI::send_bytes(unsigned char const*, unsigned int)>
     f12:	88 23       	and	r24, r24
     f14:	11 f0       	breq	.+4      	; 0xf1a <PDI::nvm_cmdex()+0x2a>
/Users/askn/Develop/UPDI4AVR-USB/src/pdi.cpp:208
    return send_byte(0x010001CAUL, _nvmcmd);  /* 0x01CA: NVMCTRL_CMD */
  }

  bool nvm_cmdex (void) {
    return send_byte(0x010001CBUL, 1);        /* 0x01CA: NVMCTRL_CTRLA */
  }
     f16:	81 e0       	ldi	r24, 0x01	; 1
     f18:	70 cd       	rjmp	.-1312   	; 0x9fa <PDI::send_byte(unsigned char) [clone .part.4]>
/Users/askn/Develop/UPDI4AVR-USB/src/pdi.cpp:202
    else if (m_type == 0xC5) return Device_Descriptor.Xmega.nvm_user_sig_offset;  /* MTYPE_USERSIG (USERROW) */
    else if (m_type == 0xC6) return Device_Descriptor.Xmega.nvm_prod_sig_offset;  /* MTYPE_PRODSIG (PRODSIG) */
    else                     return Device_Descriptor.Xmega.nvm_data_offset;
  }

  bool nvm_cmd (uint8_t _nvmcmd) {
     f1a:	80 e0       	ldi	r24, 0x00	; 0
     f1c:	08 95       	ret

00000f1e <PDI::nvm_cmd(unsigned char)>:
_ZN3PDI7nvm_cmdEh():
/Users/askn/Develop/UPDI4AVR-USB/src/pdi.cpp:160

  bool send_byte (uint32_t _dwAddr, uint8_t _data) {
    static uint8_t _set_ptr[] = {
      0x4C, 0, 0, 0, 0    /* STS ADDR4 DATA1 */
    };
    _CAPS32(_set_ptr[1])->dword = _dwAddr;
     f1e:	cf 93       	push	r28
     f20:	c8 2f       	mov	r28, r24
send_byte():
     f22:	8a ec       	ldi	r24, 0xCA	; 202
     f24:	91 e0       	ldi	r25, 0x01	; 1
     f26:	a0 e0       	ldi	r26, 0x00	; 0
     f28:	b1 e0       	ldi	r27, 0x01	; 1
     f2a:	80 93 01 60 	sts	0x6001, r24	; 0x806001 <__DATA_REGION_ORIGIN__+0x1>
     f2e:	90 93 02 60 	sts	0x6002, r25	; 0x806002 <__DATA_REGION_ORIGIN__+0x2>
     f32:	a0 93 03 60 	sts	0x6003, r26	; 0x806003 <__DATA_REGION_ORIGIN__+0x3>
/Users/askn/Develop/UPDI4AVR-USB/src/pdi.cpp:161
    return send_bytes(_set_ptr, sizeof(_set_ptr)) && send(_data);
     f36:	b0 93 04 60 	sts	0x6004, r27	; 0x806004 <__DATA_REGION_ORIGIN__+0x4>
     f3a:	65 e0       	ldi	r22, 0x05	; 5
     f3c:	70 e0       	ldi	r23, 0x00	; 0
     f3e:	80 e0       	ldi	r24, 0x00	; 0
     f40:	90 e6       	ldi	r25, 0x60	; 96
     f42:	7d df       	rcall	.-262    	; 0xe3e <PDI::send_bytes(unsigned char const*, unsigned int)>
     f44:	88 23       	and	r24, r24
/Users/askn/Develop/UPDI4AVR-USB/src/pdi.cpp:204
    else                     return Device_Descriptor.Xmega.nvm_data_offset;
  }

  bool nvm_cmd (uint8_t _nvmcmd) {
    return send_byte(0x010001CAUL, _nvmcmd);  /* 0x01CA: NVMCTRL_CMD */
  }
     f46:	19 f0       	breq	.+6      	; 0xf4e <PDI::nvm_cmd(unsigned char)+0x30>
     f48:	8c 2f       	mov	r24, r28
_ZN3PDI7nvm_cmdEh():
     f4a:	cf 91       	pop	r28
send_byte():
     f4c:	56 cd       	rjmp	.-1364   	; 0x9fa <PDI::send_byte(unsigned char) [clone .part.4]>
_ZN3PDI7nvm_cmdEh():
     f4e:	80 e0       	ldi	r24, 0x00	; 0
     f50:	cf 91       	pop	r28
/Users/askn/Develop/UPDI4AVR-USB/src/pdi.cpp:266
      }
    }
    return _rspsize;
  }

  size_t write_memory (void) {
     f52:	08 95       	ret

00000f54 <PDI::write_memory()>:
_ZN3PDI12write_memoryEv():
     f54:	cf 92       	push	r12
     f56:	df 92       	push	r13
     f58:	ef 92       	push	r14
     f5a:	ff 92       	push	r15
     f5c:	0f 93       	push	r16
     f5e:	1f 93       	push	r17
/Users/askn/Develop/UPDI4AVR-USB/src/pdi.cpp:268
    uint8_t _nvm_cmd = 0, _nvm_pclr = 0, _nvm_pset = 0;
    uint8_t   m_type = packet.out.bMType;
     f60:	cf 93       	push	r28
     f62:	df 93       	push	r29
/Users/askn/Develop/UPDI4AVR-USB/src/pdi.cpp:269
    uint32_t _dwAddr = packet.out.dwAddr + get_mtype_offset(m_type);
     f64:	c0 91 dc 60 	lds	r28, 0x60DC	; 0x8060dc <packet+0x7>
     f68:	c0 90 dd 60 	lds	r12, 0x60DD	; 0x8060dd <packet+0x8>
     f6c:	d0 90 de 60 	lds	r13, 0x60DE	; 0x8060de <packet+0x9>
     f70:	e0 90 df 60 	lds	r14, 0x60DF	; 0x8060df <packet+0xa>
     f74:	f0 90 e0 60 	lds	r15, 0x60E0	; 0x8060e0 <packet+0xb>
/Users/askn/Develop/UPDI4AVR-USB/src/pdi.cpp:270
    size_t  _wLength = packet.out.dwLength;
     f78:	8c 2f       	mov	r24, r28
     f7a:	af de       	rcall	.-674    	; 0xcda <PDI::get_mtype_offset(unsigned char)>
     f7c:	00 91 e1 60 	lds	r16, 0x60E1	; 0x8060e1 <packet+0xc>
/Users/askn/Develop/UPDI4AVR-USB/src/pdi.cpp:269
  }

  size_t write_memory (void) {
    uint8_t _nvm_cmd = 0, _nvm_pclr = 0, _nvm_pset = 0;
    uint8_t   m_type = packet.out.bMType;
    uint32_t _dwAddr = packet.out.dwAddr + get_mtype_offset(m_type);
     f80:	10 91 e2 60 	lds	r17, 0x60E2	; 0x8060e2 <packet+0xd>
/Users/askn/Develop/UPDI4AVR-USB/src/pdi.cpp:271
    size_t  _wLength = packet.out.dwLength;
    _CAPS32(_set_ptr32[1])->dword = _dwAddr;
     f84:	c6 0e       	add	r12, r22
     f86:	d7 1e       	adc	r13, r23
     f88:	e8 1e       	adc	r14, r24
     f8a:	f9 1e       	adc	r15, r25
     f8c:	c0 92 0f 60 	sts	0x600F, r12	; 0x80600f <PDI::_set_ptr32+0x1>
/Users/askn/Develop/UPDI4AVR-USB/src/pdi.cpp:272
    _CAPS16(_set_repeat[1])->word = _wLength - 1;
     f90:	d0 92 10 60 	sts	0x6010, r13	; 0x806010 <PDI::_set_ptr32+0x2>
     f94:	e0 92 11 60 	sts	0x6011, r14	; 0x806011 <PDI::_set_ptr32+0x3>
     f98:	f0 92 12 60 	sts	0x6012, r15	; 0x806012 <PDI::_set_ptr32+0x4>
/Users/askn/Develop/UPDI4AVR-USB/src/pdi.cpp:273
    _set_repeat[3] = 0x64;  /* ST PTR++ DATA1 */
     f9c:	c8 01       	movw	r24, r16
/Users/askn/Develop/UPDI4AVR-USB/src/pdi.cpp:275
    D1PRINTF(" L=%04X,A=%08lX,", _wLength, _dwAddr);
    nvm_wait();
     f9e:	01 97       	sbiw	r24, 0x01	; 1
     fa0:	80 93 0b 60 	sts	0x600B, r24	; 0x80600b <PDI::_set_repeat+0x1>
/Users/askn/Develop/UPDI4AVR-USB/src/pdi.cpp:276
    if (m_type == 0xC0) {                                           /* APPCODE or FLASH */
     fa4:	90 93 0c 60 	sts	0x600C, r25	; 0x80600c <PDI::_set_repeat+0x2>
/Users/askn/Develop/UPDI4AVR-USB/src/pdi.cpp:279
      _nvm_cmd = 0x25; _nvm_pclr = 0x26; _nvm_pset = 0x23;
    }
    else if (m_type == 0xB0 || m_type == 0xC1) {                    /* BOOTCODE */
     fa8:	84 e6       	ldi	r24, 0x64	; 100
     faa:	80 93 0d 60 	sts	0x600D, r24	; 0x80600d <PDI::_set_repeat+0x3>
     fae:	7e df       	rcall	.-260    	; 0xeac <PDI::nvm_wait()>
     fb0:	c0 3c       	cpi	r28, 0xC0	; 192
/Users/askn/Develop/UPDI4AVR-USB/src/pdi.cpp:282
      _nvm_cmd = 0x2D; _nvm_pclr = 0x26; _nvm_pset = 0x23;
    }
    else if (m_type == 0x22 || m_type == 0xB1 || m_type == 0xC4) {  /* EEPROM */
     fb2:	09 f4       	brne	.+2      	; 0xfb6 <PDI::write_memory()+0x62>
     fb4:	3f c0       	rjmp	.+126    	; 0x1034 <PDI::write_memory()+0xe0>
     fb6:	c0 3b       	cpi	r28, 0xB0	; 176
     fb8:	09 f4       	brne	.+2      	; 0xfbc <PDI::write_memory()+0x68>
     fba:	78 c0       	rjmp	.+240    	; 0x10ac <PDI::write_memory()+0x158>
     fbc:	c1 3c       	cpi	r28, 0xC1	; 193
     fbe:	09 f4       	brne	.+2      	; 0xfc2 <PDI::write_memory()+0x6e>
     fc0:	75 c0       	rjmp	.+234    	; 0x10ac <PDI::write_memory()+0x158>
/Users/askn/Develop/UPDI4AVR-USB/src/pdi.cpp:285
      _nvm_cmd = 0x35; _nvm_pclr = 0x36; _nvm_pset = 0x33;
    }
    else if (m_type == 0xC5) {                                      /* USERSIG */
     fc2:	c2 32       	cpi	r28, 0x22	; 34
     fc4:	09 f4       	brne	.+2      	; 0xfc8 <PDI::write_memory()+0x74>
     fc6:	76 c0       	rjmp	.+236    	; 0x10b4 <PDI::write_memory()+0x160>
/Users/askn/Develop/UPDI4AVR-USB/src/pdi.cpp:289
      _nvm_cmd = 0x1A; _nvm_pclr = 0x26; _nvm_pset = 0x23;
    }
    else {
      if      (m_type == 0xB2) _nvm_cmd = 0x4C;   /* FUSE */
     fc8:	c1 3b       	cpi	r28, 0xB1	; 177
     fca:	09 f4       	brne	.+2      	; 0xfce <PDI::write_memory()+0x7a>
/Users/askn/Develop/UPDI4AVR-USB/src/pdi.cpp:290
      else if (m_type == 0xB3) _nvm_cmd = 0x08;   /* LOCK */
     fcc:	73 c0       	rjmp	.+230    	; 0x10b4 <PDI::write_memory()+0x160>
     fce:	c4 3c       	cpi	r28, 0xC4	; 196
/Users/askn/Develop/UPDI4AVR-USB/src/pdi.cpp:291
      else return 0;
     fd0:	09 f4       	brne	.+2      	; 0xfd4 <PDI::write_memory()+0x80>
     fd2:	70 c0       	rjmp	.+224    	; 0x10b4 <PDI::write_memory()+0x160>
     fd4:	c5 3c       	cpi	r28, 0xC5	; 197
/Users/askn/Develop/UPDI4AVR-USB/src/pdi.cpp:289
    }
    else if (m_type == 0xC5) {                                      /* USERSIG */
      _nvm_cmd = 0x1A; _nvm_pclr = 0x26; _nvm_pset = 0x23;
    }
    else {
      if      (m_type == 0xB2) _nvm_cmd = 0x4C;   /* FUSE */
     fd6:	09 f4       	brne	.+2      	; 0xfda <PDI::write_memory()+0x86>
/Users/askn/Develop/UPDI4AVR-USB/src/pdi.cpp:292
      else if (m_type == 0xB3) _nvm_cmd = 0x08;   /* LOCK */
      else return 0;
      return (nvm_cmd(_nvm_cmd)
     fd8:	71 c0       	rjmp	.+226    	; 0x10bc <PDI::write_memory()+0x168>
/Users/askn/Develop/UPDI4AVR-USB/src/pdi.cpp:296
           && send_bytes(_set_ptr32, sizeof(_set_ptr32))
           && send_bytes(_set_repeat, sizeof(_set_repeat))
           && send_bytes(&packet.out.memData[0], _wLength)
           && nvm_wait());
     fda:	c2 3b       	cpi	r28, 0xB2	; 178
     fdc:	31 f0       	breq	.+12     	; 0xfea <PDI::write_memory()+0x96>
/Users/askn/Develop/UPDI4AVR-USB/src/pdi.cpp:311
     && send_bytes(&packet.out.memData[0], _wLength)
     && nvm_cmd(_nvm_cmd)
     && send_bytes(_set_ptr32, sizeof(_set_ptr32))
     && send(0x64)  /* ST */
     && send(0xFF)  /* dummy byte */
     && nvm_wait());
     fde:	88 e0       	ldi	r24, 0x08	; 8
/Users/askn/Develop/UPDI4AVR-USB/src/pdi.cpp:312
  }
     fe0:	c3 3b       	cpi	r28, 0xB3	; 179
     fe2:	21 f0       	breq	.+8      	; 0xfec <PDI::write_memory()+0x98>
     fe4:	90 e0       	ldi	r25, 0x00	; 0
     fe6:	80 e0       	ldi	r24, 0x00	; 0
     fe8:	06 c0       	rjmp	.+12     	; 0xff6 <PDI::write_memory()+0xa2>
     fea:	8c e4       	ldi	r24, 0x4C	; 76
     fec:	98 df       	rcall	.-208    	; 0xf1e <PDI::nvm_cmd(unsigned char)>
     fee:	81 11       	cpse	r24, r1
     ff0:	0b c0       	rjmp	.+22     	; 0x1008 <PDI::write_memory()+0xb4>
/Users/askn/Develop/UPDI4AVR-USB/src/pdi.cpp:293
    else {
      if      (m_type == 0xB2) _nvm_cmd = 0x4C;   /* FUSE */
      else if (m_type == 0xB3) _nvm_cmd = 0x08;   /* LOCK */
      else return 0;
      return (nvm_cmd(_nvm_cmd)
           && send_bytes(_set_ptr32, sizeof(_set_ptr32))
     ff2:	80 e0       	ldi	r24, 0x00	; 0
     ff4:	90 e0       	ldi	r25, 0x00	; 0
     ff6:	df 91       	pop	r29
     ff8:	cf 91       	pop	r28
     ffa:	1f 91       	pop	r17
     ffc:	0f 91       	pop	r16
     ffe:	ff 90       	pop	r15
    1000:	ef 90       	pop	r14
/Users/askn/Develop/UPDI4AVR-USB/src/pdi.cpp:294
           && send_bytes(_set_repeat, sizeof(_set_repeat))
    1002:	df 90       	pop	r13
    1004:	cf 90       	pop	r12
    1006:	08 95       	ret
    1008:	65 e0       	ldi	r22, 0x05	; 5
    100a:	70 e0       	ldi	r23, 0x00	; 0
    100c:	8e e0       	ldi	r24, 0x0E	; 14
    100e:	90 e6       	ldi	r25, 0x60	; 96
    1010:	16 df       	rcall	.-468    	; 0xe3e <PDI::send_bytes(unsigned char const*, unsigned int)>
/Users/askn/Develop/UPDI4AVR-USB/src/pdi.cpp:295
           && send_bytes(&packet.out.memData[0], _wLength)
    1012:	88 23       	and	r24, r24
    1014:	71 f3       	breq	.-36     	; 0xff2 <PDI::write_memory()+0x9e>
    1016:	64 e0       	ldi	r22, 0x04	; 4
    1018:	70 e0       	ldi	r23, 0x00	; 0
    101a:	8a e0       	ldi	r24, 0x0A	; 10
/Users/askn/Develop/UPDI4AVR-USB/src/pdi.cpp:310
     && send_bytes(_set_repeat, sizeof(_set_repeat))
     && send_bytes(&packet.out.memData[0], _wLength)
     && nvm_cmd(_nvm_cmd)
     && send_bytes(_set_ptr32, sizeof(_set_ptr32))
     && send(0x64)  /* ST */
     && send(0xFF)  /* dummy byte */
    101c:	90 e6       	ldi	r25, 0x60	; 96
    101e:	0f df       	rcall	.-482    	; 0xe3e <PDI::send_bytes(unsigned char const*, unsigned int)>
/Users/askn/Develop/UPDI4AVR-USB/src/pdi.cpp:311
     && nvm_wait());
    1020:	88 23       	and	r24, r24
    1022:	39 f3       	breq	.-50     	; 0xff2 <PDI::write_memory()+0x9e>
    1024:	b8 01       	movw	r22, r16
/Users/askn/Develop/UPDI4AVR-USB/src/pdi.cpp:277
    _CAPS16(_set_repeat[1])->word = _wLength - 1;
    _set_repeat[3] = 0x64;  /* ST PTR++ DATA1 */
    D1PRINTF(" L=%04X,A=%08lX,", _wLength, _dwAddr);
    nvm_wait();
    if (m_type == 0xC0) {                                           /* APPCODE or FLASH */
      _nvm_cmd = 0x25; _nvm_pclr = 0x26; _nvm_pset = 0x23;
    1026:	86 ee       	ldi	r24, 0xE6	; 230
    1028:	90 e6       	ldi	r25, 0x60	; 96
    102a:	09 df       	rcall	.-494    	; 0xe3e <PDI::send_bytes(unsigned char const*, unsigned int)>
/Users/askn/Develop/UPDI4AVR-USB/src/pdi.cpp:300
           && send_bytes(&packet.out.memData[0], _wLength)
           && nvm_wait());
    }

    /* FLASH, BOOTCODE, APPCODE or EEPROM */
    return (nvm_cmd(_nvm_pclr)
    102c:	88 23       	and	r24, r24
/Users/askn/Develop/UPDI4AVR-USB/src/pdi.cpp:311
     && send_bytes(&packet.out.memData[0], _wLength)
     && nvm_cmd(_nvm_cmd)
     && send_bytes(_set_ptr32, sizeof(_set_ptr32))
     && send(0x64)  /* ST */
     && send(0xFF)  /* dummy byte */
     && nvm_wait());
    102e:	09 f3       	breq	.-62     	; 0xff2 <PDI::write_memory()+0x9e>
    1030:	3d df       	rcall	.-390    	; 0xeac <PDI::nvm_wait()>
/Users/askn/Develop/UPDI4AVR-USB/src/pdi.cpp:301
           && nvm_wait());
    }

    /* FLASH, BOOTCODE, APPCODE or EEPROM */
    return (nvm_cmd(_nvm_pclr)
     && nvm_cmdex()
    1032:	e0 cf       	rjmp	.-64     	; 0xff4 <PDI::write_memory()+0xa0>
    1034:	d3 e2       	ldi	r29, 0x23	; 35
    1036:	86 e2       	ldi	r24, 0x26	; 38
    1038:	c5 e2       	ldi	r28, 0x25	; 37
/Users/askn/Develop/UPDI4AVR-USB/src/pdi.cpp:302
     && nvm_wait()
    103a:	71 df       	rcall	.-286    	; 0xf1e <PDI::nvm_cmd(unsigned char)>
    103c:	88 23       	and	r24, r24
    103e:	c9 f2       	breq	.-78     	; 0xff2 <PDI::write_memory()+0x9e>
    1040:	57 df       	rcall	.-338    	; 0xef0 <PDI::nvm_cmdex()>
/Users/askn/Develop/UPDI4AVR-USB/src/pdi.cpp:303
     && nvm_cmd(_nvm_pset)
    1042:	88 23       	and	r24, r24
    1044:	b1 f2       	breq	.-84     	; 0xff2 <PDI::write_memory()+0x9e>
    1046:	32 df       	rcall	.-412    	; 0xeac <PDI::nvm_wait()>
    1048:	88 23       	and	r24, r24
/Users/askn/Develop/UPDI4AVR-USB/src/pdi.cpp:304
     && send_bytes(_set_ptr32, sizeof(_set_ptr32))
    104a:	99 f2       	breq	.-90     	; 0xff2 <PDI::write_memory()+0x9e>
    104c:	8d 2f       	mov	r24, r29
    104e:	67 df       	rcall	.-306    	; 0xf1e <PDI::nvm_cmd(unsigned char)>
    1050:	88 23       	and	r24, r24
    1052:	79 f2       	breq	.-98     	; 0xff2 <PDI::write_memory()+0x9e>
    1054:	65 e0       	ldi	r22, 0x05	; 5
    1056:	70 e0       	ldi	r23, 0x00	; 0
    1058:	8e e0       	ldi	r24, 0x0E	; 14
    105a:	90 e6       	ldi	r25, 0x60	; 96
/Users/askn/Develop/UPDI4AVR-USB/src/pdi.cpp:305
     && send_bytes(_set_repeat, sizeof(_set_repeat))
    105c:	f0 de       	rcall	.-544    	; 0xe3e <PDI::send_bytes(unsigned char const*, unsigned int)>
    105e:	88 23       	and	r24, r24
    1060:	09 f4       	brne	.+2      	; 0x1064 <PDI::write_memory()+0x110>
    1062:	c7 cf       	rjmp	.-114    	; 0xff2 <PDI::write_memory()+0x9e>
    1064:	64 e0       	ldi	r22, 0x04	; 4
    1066:	70 e0       	ldi	r23, 0x00	; 0
    1068:	8a e0       	ldi	r24, 0x0A	; 10
    106a:	90 e6       	ldi	r25, 0x60	; 96
    106c:	e8 de       	rcall	.-560    	; 0xe3e <PDI::send_bytes(unsigned char const*, unsigned int)>
/Users/askn/Develop/UPDI4AVR-USB/src/pdi.cpp:306
     && send_bytes(&packet.out.memData[0], _wLength)
    106e:	88 23       	and	r24, r24
    1070:	09 f4       	brne	.+2      	; 0x1074 <PDI::write_memory()+0x120>
    1072:	bf cf       	rjmp	.-130    	; 0xff2 <PDI::write_memory()+0x9e>
    1074:	b8 01       	movw	r22, r16
    1076:	86 ee       	ldi	r24, 0xE6	; 230
    1078:	90 e6       	ldi	r25, 0x60	; 96
/Users/askn/Develop/UPDI4AVR-USB/src/pdi.cpp:307
     && nvm_cmd(_nvm_cmd)
    107a:	e1 de       	rcall	.-574    	; 0xe3e <PDI::send_bytes(unsigned char const*, unsigned int)>
    107c:	88 23       	and	r24, r24
    107e:	09 f4       	brne	.+2      	; 0x1082 <PDI::write_memory()+0x12e>
    1080:	b8 cf       	rjmp	.-144    	; 0xff2 <PDI::write_memory()+0x9e>
    1082:	8c 2f       	mov	r24, r28
    1084:	4c df       	rcall	.-360    	; 0xf1e <PDI::nvm_cmd(unsigned char)>
/Users/askn/Develop/UPDI4AVR-USB/src/pdi.cpp:308
     && send_bytes(_set_ptr32, sizeof(_set_ptr32))
    1086:	88 23       	and	r24, r24
    1088:	09 f4       	brne	.+2      	; 0x108c <PDI::write_memory()+0x138>
    108a:	b3 cf       	rjmp	.-154    	; 0xff2 <PDI::write_memory()+0x9e>
    108c:	65 e0       	ldi	r22, 0x05	; 5
    108e:	70 e0       	ldi	r23, 0x00	; 0
    1090:	8e e0       	ldi	r24, 0x0E	; 14
    1092:	90 e6       	ldi	r25, 0x60	; 96
    1094:	d4 de       	rcall	.-600    	; 0xe3e <PDI::send_bytes(unsigned char const*, unsigned int)>
    1096:	88 23       	and	r24, r24
/Users/askn/Develop/UPDI4AVR-USB/src/pdi.cpp:309
     && send(0x64)  /* ST */
    1098:	09 f4       	brne	.+2      	; 0x109c <PDI::write_memory()+0x148>
    109a:	ab cf       	rjmp	.-170    	; 0xff2 <PDI::write_memory()+0x9e>
    109c:	84 e6       	ldi	r24, 0x64	; 100
    109e:	30 da       	rcall	.-2976   	; 0x500 <PDI::send(unsigned char)>
    10a0:	88 23       	and	r24, r24
    10a2:	09 f4       	brne	.+2      	; 0x10a6 <PDI::write_memory()+0x152>
/Users/askn/Develop/UPDI4AVR-USB/src/pdi.cpp:310
     && send(0xFF)  /* dummy byte */
    10a4:	a6 cf       	rjmp	.-180    	; 0xff2 <PDI::write_memory()+0x9e>
    10a6:	8f ef       	ldi	r24, 0xFF	; 255
    10a8:	2b da       	rcall	.-2986   	; 0x500 <PDI::send(unsigned char)>
    10aa:	c0 cf       	rjmp	.-128    	; 0x102c <PDI::write_memory()+0xd8>
/Users/askn/Develop/UPDI4AVR-USB/src/pdi.cpp:280
    nvm_wait();
    if (m_type == 0xC0) {                                           /* APPCODE or FLASH */
      _nvm_cmd = 0x25; _nvm_pclr = 0x26; _nvm_pset = 0x23;
    }
    else if (m_type == 0xB0 || m_type == 0xC1) {                    /* BOOTCODE */
      _nvm_cmd = 0x2D; _nvm_pclr = 0x26; _nvm_pset = 0x23;
    10ac:	d3 e2       	ldi	r29, 0x23	; 35
    10ae:	86 e2       	ldi	r24, 0x26	; 38
    10b0:	cd e2       	ldi	r28, 0x2D	; 45
    10b2:	c3 cf       	rjmp	.-122    	; 0x103a <PDI::write_memory()+0xe6>
/Users/askn/Develop/UPDI4AVR-USB/src/pdi.cpp:283
    }
    else if (m_type == 0x22 || m_type == 0xB1 || m_type == 0xC4) {  /* EEPROM */
      _nvm_cmd = 0x35; _nvm_pclr = 0x36; _nvm_pset = 0x33;
    10b4:	d3 e3       	ldi	r29, 0x33	; 51
    10b6:	86 e3       	ldi	r24, 0x36	; 54
    10b8:	c5 e3       	ldi	r28, 0x35	; 53
    10ba:	bf cf       	rjmp	.-130    	; 0x103a <PDI::write_memory()+0xe6>
/Users/askn/Develop/UPDI4AVR-USB/src/pdi.cpp:286
    }
    else if (m_type == 0xC5) {                                      /* USERSIG */
      _nvm_cmd = 0x1A; _nvm_pclr = 0x26; _nvm_pset = 0x23;
    10bc:	d3 e2       	ldi	r29, 0x23	; 35
    10be:	86 e2       	ldi	r24, 0x26	; 38
    10c0:	ca e1       	ldi	r28, 0x1A	; 26
    10c2:	bb cf       	rjmp	.-138    	; 0x103a <PDI::write_memory()+0xe6>

000010c4 <PDI::read_memory()>:
_ZN3PDI11read_memoryEv():
/Users/askn/Develop/UPDI4AVR-USB/src/pdi.cpp:239
    /* Any other sections specified will be ignored, */
    /* but the command will return successful completion. */
    return 1;
  }

  size_t read_memory (void) {
    10c4:	4f 92       	push	r4
    10c6:	5f 92       	push	r5
    10c8:	6f 92       	push	r6
    10ca:	7f 92       	push	r7
    10cc:	8f 92       	push	r8
    10ce:	9f 92       	push	r9
    10d0:	af 92       	push	r10
    10d2:	bf 92       	push	r11
    10d4:	cf 92       	push	r12
    10d6:	df 92       	push	r13
    10d8:	ef 92       	push	r14
    10da:	ff 92       	push	r15
    10dc:	0f 93       	push	r16
    10de:	1f 93       	push	r17
    10e0:	cf 93       	push	r28
/Users/askn/Develop/UPDI4AVR-USB/src/pdi.cpp:241
    uint8_t   m_type = packet.out.bMType;
    uint32_t _dwAddr = packet.out.dwAddr + get_mtype_offset(m_type);
    10e2:	df 93       	push	r29
    10e4:	80 90 dd 60 	lds	r8, 0x60DD	; 0x8060dd <packet+0x8>
    10e8:	90 90 de 60 	lds	r9, 0x60DE	; 0x8060de <packet+0x9>
    10ec:	a0 90 df 60 	lds	r10, 0x60DF	; 0x8060df <packet+0xa>
    10f0:	b0 90 e0 60 	lds	r11, 0x60E0	; 0x8060e0 <packet+0xb>
    10f4:	80 91 dc 60 	lds	r24, 0x60DC	; 0x8060dc <packet+0x7>
    10f8:	f0 dd       	rcall	.-1056   	; 0xcda <PDI::get_mtype_offset(unsigned char)>
/Users/askn/Develop/UPDI4AVR-USB/src/pdi.cpp:242
    size_t  _wLength = packet.out.dwLength;
    10fa:	2b 01       	movw	r4, r22
    10fc:	3c 01       	movw	r6, r24
    10fe:	c0 90 e1 60 	lds	r12, 0x60E1	; 0x8060e1 <packet+0xc>
    1102:	d0 90 e2 60 	lds	r13, 0x60E2	; 0x8060e2 <packet+0xd>
    1106:	e0 90 e3 60 	lds	r14, 0x60E3	; 0x8060e3 <packet+0xe>
/Users/askn/Develop/UPDI4AVR-USB/src/pdi.cpp:245
    size_t  _rspsize = 0;
    D1PRINTF(" L=%04X,A=%08lX,", _wLength, _dwAddr);
    if (!nvm_cmd(0x43)) return 0;
    110a:	f0 90 e4 60 	lds	r15, 0x60E4	; 0x8060e4 <packet+0xf>
    110e:	83 e4       	ldi	r24, 0x43	; 67
    1110:	06 df       	rcall	.-500    	; 0xf1e <PDI::nvm_cmd(unsigned char)>
    1112:	88 23       	and	r24, r24
    1114:	09 f4       	brne	.+2      	; 0x1118 <PDI::read_memory()+0x54>
/Users/askn/Develop/UPDI4AVR-USB/src/pdi.cpp:241
    return 1;
  }

  size_t read_memory (void) {
    uint8_t   m_type = packet.out.bMType;
    uint32_t _dwAddr = packet.out.dwAddr + get_mtype_offset(m_type);
    1116:	64 c0       	rjmp	.+200    	; 0x11e0 <PDI::read_memory()+0x11c>
    1118:	84 0c       	add	r8, r4
    111a:	95 1c       	adc	r9, r5
    111c:	a6 1c       	adc	r10, r6
/Users/askn/Develop/UPDI4AVR-USB/src/pdi.cpp:242
    size_t  _wLength = packet.out.dwLength;
    111e:	b7 1c       	adc	r11, r7
/Users/askn/Develop/UPDI4AVR-USB/src/pdi.cpp:246
    size_t  _rspsize = 0;
    D1PRINTF(" L=%04X,A=%08lX,", _wLength, _dwAddr);
    if (!nvm_cmd(0x43)) return 0;
    if (_wLength == 1) {
    1120:	e6 01       	movw	r28, r12
    1122:	c1 30       	cpi	r28, 0x01	; 1
    1124:	d1 05       	cpc	r29, r1
/Users/askn/Develop/UPDI4AVR-USB/src/pdi.cpp:132

  bool recv_byte (uint32_t _dwAddr) {
    static uint8_t _set_ptr[] = {
      0x0C, 0, 0, 0, 0    /* LDS ADDR4 DATA1 */
    };
    _CAPS32(_set_ptr[1])->dword = _dwAddr;
    1126:	51 f5       	brne	.+84     	; 0x117c <PDI::read_memory()+0xb8>
recv_byte():
    1128:	80 92 06 60 	sts	0x6006, r8	; 0x806006 <PDI::recv_byte(unsigned long)::_set_ptr+0x1>
    112c:	90 92 07 60 	sts	0x6007, r9	; 0x806007 <PDI::recv_byte(unsigned long)::_set_ptr+0x2>
    1130:	a0 92 08 60 	sts	0x6008, r10	; 0x806008 <PDI::recv_byte(unsigned long)::_set_ptr+0x3>
/Users/askn/Develop/UPDI4AVR-USB/src/pdi.cpp:133
    return send_bytes(_set_ptr, sizeof(_set_ptr)) && recv_byte();
    1134:	b0 92 09 60 	sts	0x6009, r11	; 0x806009 <PDI::recv_byte(unsigned long)::_set_ptr+0x4>
    1138:	65 e0       	ldi	r22, 0x05	; 5
    113a:	70 e0       	ldi	r23, 0x00	; 0
    113c:	85 e0       	ldi	r24, 0x05	; 5
    113e:	90 e6       	ldi	r25, 0x60	; 96
    1140:	7e de       	rcall	.-772    	; 0xe3e <PDI::send_bytes(unsigned char const*, unsigned int)>
    1142:	88 23       	and	r24, r24
    1144:	09 f4       	brne	.+2      	; 0x1148 <PDI::read_memory()+0x84>
    1146:	4c c0       	rjmp	.+152    	; 0x11e0 <PDI::read_memory()+0x11c>
    1148:	56 de       	rcall	.-852    	; 0xdf6 <PDI::recv_byte()>
    114a:	88 23       	and	r24, r24
/Users/askn/Develop/UPDI4AVR-USB/src/pdi.cpp:248
    size_t  _rspsize = 0;
    D1PRINTF(" L=%04X,A=%08lX,", _wLength, _dwAddr);
    if (!nvm_cmd(0x43)) return 0;
    if (_wLength == 1) {
      if (recv_byte(_dwAddr)) {
        packet.in.data[0] = RXDATA;
    114c:	09 f4       	brne	.+2      	; 0x1150 <PDI::read_memory()+0x8c>
    114e:	48 c0       	rjmp	.+144    	; 0x11e0 <PDI::read_memory()+0x11c>
_ZN3PDI11read_memoryEv():
/Users/askn/Develop/UPDI4AVR-USB/src/pdi.cpp:249
        _rspsize = 1 + _wLength;
    1150:	8d b3       	in	r24, 0x1d	; 29
    1152:	80 93 dc 60 	sts	0x60DC, r24	; 0x8060dc <packet+0x7>
/Users/askn/Develop/UPDI4AVR-USB/src/pdi.cpp:264
        _rspsize = 1 + _wLength;
        D2PRINTHEX(&packet.in.data[0], _wLength, ':');
      }
    }
    return _rspsize;
  }
    1156:	82 e0       	ldi	r24, 0x02	; 2
    1158:	90 e0       	ldi	r25, 0x00	; 0
    115a:	df 91       	pop	r29
    115c:	cf 91       	pop	r28
    115e:	1f 91       	pop	r17
    1160:	0f 91       	pop	r16
    1162:	ff 90       	pop	r15
    1164:	ef 90       	pop	r14
    1166:	df 90       	pop	r13
    1168:	cf 90       	pop	r12
    116a:	bf 90       	pop	r11
    116c:	af 90       	pop	r10
    116e:	9f 90       	pop	r9
    1170:	8f 90       	pop	r8
/Users/askn/Develop/UPDI4AVR-USB/src/pdi.cpp:253
        packet.in.data[0] = RXDATA;
        _rspsize = 1 + _wLength;
      }
    }
    else {
      _CAPS32(_set_ptr32[1])->dword = _dwAddr;
    1172:	7f 90       	pop	r7
    1174:	6f 90       	pop	r6
    1176:	5f 90       	pop	r5
    1178:	4f 90       	pop	r4
    117a:	08 95       	ret
    117c:	80 92 0f 60 	sts	0x600F, r8	; 0x80600f <PDI::_set_ptr32+0x1>
/Users/askn/Develop/UPDI4AVR-USB/src/pdi.cpp:254
      _CAPS16(_set_repeat[1])->word = _wLength - 1;
    1180:	90 92 10 60 	sts	0x6010, r9	; 0x806010 <PDI::_set_ptr32+0x2>
    1184:	a0 92 11 60 	sts	0x6011, r10	; 0x806011 <PDI::_set_ptr32+0x3>
/Users/askn/Develop/UPDI4AVR-USB/src/pdi.cpp:255
      _set_repeat[3] = 0x24;  /* LD PTR++ DATA1 */
    1188:	b0 92 12 60 	sts	0x6012, r11	; 0x806012 <PDI::_set_ptr32+0x4>
/Users/askn/Develop/UPDI4AVR-USB/src/pdi.cpp:256
      if (send_bytes(_set_ptr32, sizeof(_set_ptr32))
    118c:	c6 01       	movw	r24, r12
    118e:	01 97       	sbiw	r24, 0x01	; 1
    1190:	80 93 0b 60 	sts	0x600B, r24	; 0x80600b <PDI::_set_repeat+0x1>
/Users/askn/Develop/UPDI4AVR-USB/src/pdi.cpp:258
       && send_bytes(_set_repeat, sizeof(_set_repeat))
       && recv_bytes(&packet.in.data[0], _wLength)) {
    1194:	90 93 0c 60 	sts	0x600C, r25	; 0x80600c <PDI::_set_repeat+0x2>
/Users/askn/Develop/UPDI4AVR-USB/src/pdi.cpp:257
    else {
      _CAPS32(_set_ptr32[1])->dword = _dwAddr;
      _CAPS16(_set_repeat[1])->word = _wLength - 1;
      _set_repeat[3] = 0x24;  /* LD PTR++ DATA1 */
      if (send_bytes(_set_ptr32, sizeof(_set_ptr32))
       && send_bytes(_set_repeat, sizeof(_set_repeat))
    1198:	84 e2       	ldi	r24, 0x24	; 36
    119a:	80 93 0d 60 	sts	0x600D, r24	; 0x80600d <PDI::_set_repeat+0x3>
    119e:	65 e0       	ldi	r22, 0x05	; 5
    11a0:	70 e0       	ldi	r23, 0x00	; 0
    11a2:	8e e0       	ldi	r24, 0x0E	; 14
    11a4:	90 e6       	ldi	r25, 0x60	; 96
    11a6:	4b de       	rcall	.-874    	; 0xe3e <PDI::send_bytes(unsigned char const*, unsigned int)>
/Users/askn/Develop/UPDI4AVR-USB/src/pdi.cpp:137
    _CAPS32(_set_ptr[1])->dword = _dwAddr;
    return send_bytes(_set_ptr, sizeof(_set_ptr)) && recv_byte();
  }

  bool recv_bytes (uint8_t* _data, size_t _len) {
    stop_txd();
    11a8:	88 23       	and	r24, r24
    11aa:	d1 f0       	breq	.+52     	; 0x11e0 <PDI::read_memory()+0x11c>
/Users/askn/Develop/UPDI4AVR-USB/src/pdi.cpp:141
    do {
      if (!recv()) return false;
      *_data++ = RXDATA;
    } while (--_len);
    11ac:	64 e0       	ldi	r22, 0x04	; 4
    11ae:	70 e0       	ldi	r23, 0x00	; 0
/Users/askn/Develop/UPDI4AVR-USB/src/pdi.cpp:139
  }

  bool recv_bytes (uint8_t* _data, size_t _len) {
    stop_txd();
    do {
      if (!recv()) return false;
    11b0:	8a e0       	ldi	r24, 0x0A	; 10
    11b2:	90 e6       	ldi	r25, 0x60	; 96
    11b4:	44 de       	rcall	.-888    	; 0xe3e <PDI::send_bytes(unsigned char const*, unsigned int)>
    11b6:	88 23       	and	r24, r24
/Users/askn/Develop/UPDI4AVR-USB/src/pdi.cpp:140
      *_data++ = RXDATA;
    11b8:	99 f0       	breq	.+38     	; 0x11e0 <PDI::read_memory()+0x11c>
recv_bytes():
    11ba:	11 de       	rcall	.-990    	; 0xdde <PDI::stop_txd()>
    11bc:	05 ed       	ldi	r16, 0xD5	; 213
    11be:	10 e6       	ldi	r17, 0x60	; 96
/Users/askn/Develop/UPDI4AVR-USB/src/pdi.cpp:141
    } while (--_len);
    11c0:	cb 52       	subi	r28, 0x2B	; 43
    11c2:	df 49       	sbci	r29, 0x9F	; 159
    11c4:	8b d9       	rcall	.-3306   	; 0x4dc <PDI::recv()>
/Users/askn/Develop/UPDI4AVR-USB/src/pdi.cpp:259
      _CAPS16(_set_repeat[1])->word = _wLength - 1;
      _set_repeat[3] = 0x24;  /* LD PTR++ DATA1 */
      if (send_bytes(_set_ptr32, sizeof(_set_ptr32))
       && send_bytes(_set_repeat, sizeof(_set_repeat))
       && recv_bytes(&packet.in.data[0], _wLength)) {
        _rspsize = 1 + _wLength;
    11c6:	88 23       	and	r24, r24
    11c8:	59 f0       	breq	.+22     	; 0x11e0 <PDI::read_memory()+0x11c>
/Users/askn/Develop/UPDI4AVR-USB/src/pdi.cpp:245
    uint8_t   m_type = packet.out.bMType;
    uint32_t _dwAddr = packet.out.dwAddr + get_mtype_offset(m_type);
    size_t  _wLength = packet.out.dwLength;
    size_t  _rspsize = 0;
    D1PRINTF(" L=%04X,A=%08lX,", _wLength, _dwAddr);
    if (!nvm_cmd(0x43)) return 0;
    11ca:	8d b3       	in	r24, 0x1d	; 29
    11cc:	f8 01       	movw	r30, r16
    11ce:	87 83       	std	Z+7, r24	; 0x07
/Users/askn/Develop/UPDI4AVR-USB/src/pdi.cpp:216
    do { recv_byte(0x010001CFUL); } while (RXDATA & 0xC0); /* 0x01CF: NVMCTRL_STATUS */
    return true;
  }

  size_t erase_memory (void) {
    uint8_t   e_type = packet.out.bEType;
    11d0:	0f 5f       	subi	r16, 0xFF	; 255
    11d2:	1f 4f       	sbci	r17, 0xFF	; 255
/Users/askn/Develop/UPDI4AVR-USB/src/pdi.cpp:218
    uint32_t _dwAddr = packet.out.dwAddr;
    _CAPS32(_set_ptr32[1])->dword = _dwAddr;
    11d4:	0c 17       	cp	r16, r28
    11d6:	1d 07       	cpc	r17, r29
    11d8:	a9 f7       	brne	.-22     	; 0x11c4 <PDI::read_memory()+0x100>
_ZN3PDI11read_memoryEv():
    11da:	c6 01       	movw	r24, r12
    11dc:	01 96       	adiw	r24, 0x01	; 1
    11de:	bd cf       	rjmp	.-134    	; 0x115a <PDI::read_memory()+0x96>
    11e0:	90 e0       	ldi	r25, 0x00	; 0
    11e2:	80 e0       	ldi	r24, 0x00	; 0
    11e4:	ba cf       	rjmp	.-140    	; 0x115a <PDI::read_memory()+0x96>

000011e6 <PDI::erase_memory()>:
_ZN3PDI12erase_memoryEv():
    11e6:	cf 93       	push	r28
    11e8:	c0 91 dc 60 	lds	r28, 0x60DC	; 0x8060dc <packet+0x7>
    11ec:	80 91 dd 60 	lds	r24, 0x60DD	; 0x8060dd <packet+0x8>
/Users/askn/Develop/UPDI4AVR-USB/src/pdi.cpp:219
    nvm_wait();
    11f0:	90 91 de 60 	lds	r25, 0x60DE	; 0x8060de <packet+0x9>
/Users/askn/Develop/UPDI4AVR-USB/src/pdi.cpp:220
    if (e_type == 0x00) {
    11f4:	a0 91 df 60 	lds	r26, 0x60DF	; 0x8060df <packet+0xa>
/Users/askn/Develop/UPDI4AVR-USB/src/pdi.cpp:222
      /* XMEGA_ERASE_CHIP */
      if (!(nvm_cmd(0x40) && nvm_cmdex() && pdibus_wait() && nvm_wait())) return 0;
    11f8:	b0 91 e0 60 	lds	r27, 0x60E0	; 0x8060e0 <packet+0xb>
    11fc:	80 93 0f 60 	sts	0x600F, r24	; 0x80600f <PDI::_set_ptr32+0x1>
    1200:	90 93 10 60 	sts	0x6010, r25	; 0x806010 <PDI::_set_ptr32+0x2>
    1204:	a0 93 11 60 	sts	0x6011, r26	; 0x806011 <PDI::_set_ptr32+0x3>
    1208:	b0 93 12 60 	sts	0x6012, r27	; 0x806012 <PDI::_set_ptr32+0x4>
    120c:	4f de       	rcall	.-866    	; 0xeac <PDI::nvm_wait()>
/Users/askn/Develop/UPDI4AVR-USB/src/pdi.cpp:231
    else if (e_type == 0x07) {
      /* XMEGA_ERASE_USERSIG */
      if (!(nvm_cmd(0x18)
         && send_bytes(_set_ptr32, sizeof(_set_ptr32))
         && send(0x64)
         && send(0xFF)
    120e:	c1 11       	cpse	r28, r1
    1210:	11 c0       	rjmp	.+34     	; 0x1234 <PDI::erase_memory()+0x4e>
/Users/askn/Develop/UPDI4AVR-USB/src/pdi.cpp:232
         && nvm_wait())) return 0;
    1212:	80 e4       	ldi	r24, 0x40	; 64
/Users/askn/Develop/UPDI4AVR-USB/src/pdi.cpp:222
    uint32_t _dwAddr = packet.out.dwAddr;
    _CAPS32(_set_ptr32[1])->dword = _dwAddr;
    nvm_wait();
    if (e_type == 0x00) {
      /* XMEGA_ERASE_CHIP */
      if (!(nvm_cmd(0x40) && nvm_cmdex() && pdibus_wait() && nvm_wait())) return 0;
    1214:	84 de       	rcall	.-760    	; 0xf1e <PDI::nvm_cmd(unsigned char)>
    1216:	81 11       	cpse	r24, r1
/Users/askn/Develop/UPDI4AVR-USB/src/pdi.cpp:236
         && send(0xFF)
         && nvm_wait())) return 0;
    }
    /* Any other sections specified will be ignored, */
    /* but the command will return successful completion. */
    return 1;
    1218:	04 c0       	rjmp	.+8      	; 0x1222 <PDI::erase_memory()+0x3c>
    121a:	90 e0       	ldi	r25, 0x00	; 0
/Users/askn/Develop/UPDI4AVR-USB/src/pdi.cpp:226
      /* XMEGA_ERASE_CHIP */
      if (!(nvm_cmd(0x40) && nvm_cmdex() && pdibus_wait() && nvm_wait())) return 0;
    }
    /* Section erasure is only used with USERSIG. */
    /* Unlike READ/WRITE, the address is given as an absolute value. */
    else if (e_type == 0x07) {
    121c:	80 e0       	ldi	r24, 0x00	; 0
/Users/askn/Develop/UPDI4AVR-USB/src/pdi.cpp:228
      /* XMEGA_ERASE_USERSIG */
      if (!(nvm_cmd(0x18)
    121e:	cf 91       	pop	r28
    1220:	08 95       	ret
    1222:	66 de       	rcall	.-820    	; 0xef0 <PDI::nvm_cmdex()>
    1224:	88 23       	and	r24, r24
    1226:	c9 f3       	breq	.-14     	; 0x121a <PDI::erase_memory()+0x34>
/Users/askn/Develop/UPDI4AVR-USB/src/pdi.cpp:229
         && send_bytes(_set_ptr32, sizeof(_set_ptr32))
    1228:	f8 dd       	rcall	.-1040   	; 0xe1a <PDI::pdibus_wait()>
    122a:	88 23       	and	r24, r24
    122c:	b1 f3       	breq	.-20     	; 0x121a <PDI::erase_memory()+0x34>
    122e:	3e de       	rcall	.-900    	; 0xeac <PDI::nvm_wait()>
    1230:	90 e0       	ldi	r25, 0x00	; 0
    1232:	f5 cf       	rjmp	.-22     	; 0x121e <PDI::erase_memory()+0x38>
    1234:	81 e0       	ldi	r24, 0x01	; 1
/Users/askn/Develop/UPDI4AVR-USB/src/pdi.cpp:230
         && send(0x64)
    1236:	90 e0       	ldi	r25, 0x00	; 0
    1238:	c7 30       	cpi	r28, 0x07	; 7
    123a:	89 f7       	brne	.-30     	; 0x121e <PDI::erase_memory()+0x38>
    123c:	88 e1       	ldi	r24, 0x18	; 24
/Users/askn/Develop/UPDI4AVR-USB/src/pdi.cpp:231
         && send(0xFF)
    123e:	6f de       	rcall	.-802    	; 0xf1e <PDI::nvm_cmd(unsigned char)>
    1240:	88 23       	and	r24, r24
    1242:	59 f3       	breq	.-42     	; 0x121a <PDI::erase_memory()+0x34>
    1244:	65 e0       	ldi	r22, 0x05	; 5
/Users/askn/Develop/UPDI4AVR-USB/src/pdi.cpp:105
    }
    return true;
  }

  bool send_break (void) {
    stop_txd();
    1246:	70 e0       	ldi	r23, 0x00	; 0
    1248:	8e e0       	ldi	r24, 0x0E	; 14
/Users/askn/Develop/UPDI4AVR-USB/src/pdi.cpp:106
    digitalWriteMacro(PIN_PGM_PDAT, LOW);
    124a:	90 e6       	ldi	r25, 0x60	; 96
/Users/askn/Develop/UPDI4AVR-USB/src/pdi.cpp:108
    pinLogicPull(PIN_PGM_PDAT);
    idle_clock(16);
    124c:	f8 dd       	rcall	.-1040   	; 0xe3e <PDI::send_bytes(unsigned char const*, unsigned int)>
    124e:	88 23       	and	r24, r24
    1250:	21 f3       	breq	.-56     	; 0x121a <PDI::erase_memory()+0x34>
    1252:	84 e6       	ldi	r24, 0x64	; 100
/Users/askn/Develop/UPDI4AVR-USB/src/pdi.cpp:110
    digitalWriteMacro(PIN_PGM_PDAT, HIGH);
    idle_clock(2);
    1254:	55 d9       	rcall	.-3414   	; 0x500 <PDI::send(unsigned char)>
    1256:	88 23       	and	r24, r24
    1258:	01 f3       	breq	.-64     	; 0x121a <PDI::erase_memory()+0x34>
    125a:	8f ef       	ldi	r24, 0xFF	; 255
/Users/askn/Develop/UPDI4AVR-USB/src/pdi.cpp:111
    digitalWriteMacro(PIN_PGM_PDAT, LOW);
    125c:	51 d9       	rcall	.-3422   	; 0x500 <PDI::send(unsigned char)>
/Users/askn/Develop/UPDI4AVR-USB/src/pdi.cpp:112
    idle_clock(16);
    125e:	e5 cf       	rjmp	.-54     	; 0x122a <PDI::erase_memory()+0x44>

00001260 <PDI::send_break()>:
_ZN3PDI10send_breakEv():
    1260:	be dd       	rcall	.-1156   	; 0xdde <PDI::stop_txd()>
    1262:	0c 98       	cbi	0x01, 4	; 1
    1264:	04 9a       	sbi	0x00, 4	; 0
/Users/askn/Develop/UPDI4AVR-USB/src/pdi.cpp:113
    return start_txd();
    1266:	80 e1       	ldi	r24, 0x10	; 16
/Users/askn/Develop/UPDI4AVR-USB/src/pdi.cpp:319
  // MARK: PDI Session

  size_t timeout_fallback (void) {
    D1PRINTF(" Fail\r\n");
    /* If a timeout occurs, the communication speed will be reduced. */
    _xclk -= 500;
    1268:	90 e0       	ldi	r25, 0x00	; 0
    126a:	a8 dd       	rcall	.-1200   	; 0xdbc <PDI::idle_clock(unsigned int)>
    126c:	0c 9a       	sbi	0x01, 4	; 1
    126e:	82 e0       	ldi	r24, 0x02	; 2
    1270:	90 e0       	ldi	r25, 0x00	; 0
    1272:	a4 dd       	rcall	.-1208   	; 0xdbc <PDI::idle_clock(unsigned int)>
    1274:	0c 98       	cbi	0x01, 4	; 1
    1276:	80 e1       	ldi	r24, 0x10	; 16
/Users/askn/Develop/UPDI4AVR-USB/src/pdi.cpp:320
    if (_xclk < 500) return 0;
    1278:	90 e0       	ldi	r25, 0x00	; 0
    127a:	a0 dd       	rcall	.-1216   	; 0xdbc <PDI::idle_clock(unsigned int)>
/Users/askn/Develop/UPDI4AVR-USB/src/pdi.cpp:321
    USART::change_pdi();
    127c:	c1 cd       	rjmp	.-1150   	; 0xe00 <PDI::start_txd()>

0000127e <PDI::timeout_fallback()>:
_ZN3PDI16timeout_fallbackEv():
/Users/askn/Develop/UPDI4AVR-USB/src/pdi.cpp:322
    return send_break();
    127e:	80 91 52 63 	lds	r24, 0x6352	; 0x806352 <_xclk>
/Users/askn/Develop/UPDI4AVR-USB/src/pdi.cpp:320

  size_t timeout_fallback (void) {
    D1PRINTF(" Fail\r\n");
    /* If a timeout occurs, the communication speed will be reduced. */
    _xclk -= 500;
    if (_xclk < 500) return 0;
    1282:	90 91 53 63 	lds	r25, 0x6353	; 0x806353 <_xclk+0x1>
/Users/askn/Develop/UPDI4AVR-USB/src/nvmv6.cpp:60
  constexpr auto NVM_STATUS = 0x1007;
  constexpr auto PROD_SIG   = 0x1080;
  constexpr auto PROG_START = 0x800000;

  uint8_t nvm_wait (void) {
    do { UPDI::recv_byte(NVM_STATUS); } while (RXDATA & 3);
    1286:	84 5f       	subi	r24, 0xF4	; 244
    1288:	91 40       	sbci	r25, 0x01	; 1
    128a:	80 93 52 63 	sts	0x6352, r24	; 0x806352 <_xclk>
    128e:	90 93 53 63 	sts	0x6353, r25	; 0x806353 <_xclk+0x1>
    1292:	84 3f       	cpi	r24, 0xF4	; 244
    1294:	91 40       	sbci	r25, 0x01	; 1
    1296:	20 f0       	brcs	.+8      	; 0x12a0 <PDI::timeout_fallback()+0x22>
/Users/askn/Develop/UPDI4AVR-USB/src/nvmv6.cpp:62
    return RXDATA;
  }
    1298:	d3 d8       	rcall	.-3674   	; 0x440 <USART::change_pdi()>
/Users/askn/Develop/UPDI4AVR-USB/src/nvmv6.cpp:64

  bool nvm_ctrl_change (uint8_t _nvmcmd) {
    129a:	e2 df       	rcall	.-60     	; 0x1260 <PDI::send_break()>
    129c:	90 e0       	ldi	r25, 0x00	; 0
/Users/askn/Develop/UPDI4AVR-USB/src/nvmv6.cpp:65
    nvm_wait();
    129e:	08 95       	ret
    12a0:	90 e0       	ldi	r25, 0x00	; 0
/Users/askn/Develop/UPDI4AVR-USB/src/nvmv6.cpp:66
    if (UPDI::recv_byte(NVM_CTRL) && RXDATA == _nvmcmd) return true;
    12a2:	80 e0       	ldi	r24, 0x00	; 0
    12a4:	08 95       	ret

000012a6 <NVM::V6::nvm_wait()>:
_ZN3NVM2V68nvm_waitEv():
    12a6:	67 e0       	ldi	r22, 0x07	; 7
    12a8:	70 e1       	ldi	r23, 0x10	; 16
    12aa:	80 e0       	ldi	r24, 0x00	; 0
    12ac:	90 e0       	ldi	r25, 0x00	; 0
    12ae:	65 d9       	rcall	.-3382   	; 0x57a <UPDI::recv_byte(unsigned long)>
    12b0:	8d b3       	in	r24, 0x1d	; 29
    12b2:	83 70       	andi	r24, 0x03	; 3
    12b4:	c1 f7       	brne	.-16     	; 0x12a6 <NVM::V6::nvm_wait()>
/Users/askn/Develop/UPDI4AVR-USB/src/nvmv6.cpp:70
    if (!UPDI::nvm_ctrl(0x00)) return false;
    if (0 != _nvmcmd) return UPDI::nvm_ctrl(_nvmcmd);
    return true;
  }
    12b6:	8d b3       	in	r24, 0x1d	; 29
/Users/askn/Develop/UPDI4AVR-USB/src/nvmv6.cpp:67
  }

  bool nvm_ctrl_change (uint8_t _nvmcmd) {
    nvm_wait();
    if (UPDI::recv_byte(NVM_CTRL) && RXDATA == _nvmcmd) return true;
    if (!UPDI::nvm_ctrl(0x00)) return false;
    12b8:	08 95       	ret

000012ba <NVM::V6::nvm_ctrl_change(unsigned char)>:
_ZN3NVM2V615nvm_ctrl_changeEh():
    12ba:	cf 93       	push	r28
    12bc:	c8 2f       	mov	r28, r24
    12be:	f3 df       	rcall	.-26     	; 0x12a6 <NVM::V6::nvm_wait()>
    12c0:	60 e0       	ldi	r22, 0x00	; 0
/Users/askn/Develop/UPDI4AVR-USB/src/nvmv2.cpp:65

  bool nvm_ctrl_change (uint8_t _nvmcmd) {
    nvm_wait();
    if (UPDI::recv_byte(NVM_CTRL) && RXDATA == _nvmcmd) return true;
    if (!UPDI::nvm_ctrl(0x00)) return false;
    if (0 != _nvmcmd) return UPDI::nvm_ctrl(_nvmcmd);
    12c2:	70 e1       	ldi	r23, 0x10	; 16
    12c4:	80 e0       	ldi	r24, 0x00	; 0
    12c6:	90 e0       	ldi	r25, 0x00	; 0
/Users/askn/Develop/UPDI4AVR-USB/src/nvmv6.cpp:70
    if (0 != _nvmcmd) return UPDI::nvm_ctrl(_nvmcmd);
    return true;
  }
    12c8:	58 d9       	rcall	.-3408   	; 0x57a <UPDI::recv_byte(unsigned long)>
/Users/askn/Develop/UPDI4AVR-USB/src/nvmv2.cpp:65
    12ca:	88 23       	and	r24, r24
    12cc:	31 f0       	breq	.+12     	; 0x12da <NVM::V6::nvm_ctrl_change(unsigned char)+0x20>
/Users/askn/Develop/UPDI4AVR-USB/src/nvmv6.cpp:116
      && nvm_ctrl_change(0x00)
    );
  }

  size_t prog_init (void) {
    return nvm_ctrl_change(0x00);
    12ce:	8d b3       	in	r24, 0x1d	; 29
    12d0:	8c 13       	cpse	r24, r28
    12d2:	03 c0       	rjmp	.+6      	; 0x12da <NVM::V6::nvm_ctrl_change(unsigned char)+0x20>
/Users/askn/Develop/UPDI4AVR-USB/src/nvmv6.cpp:117
  }
    12d4:	81 e0       	ldi	r24, 0x01	; 1
    12d6:	cf 91       	pop	r28
/Users/askn/Develop/UPDI4AVR-USB/src/nvmv6.cpp:78
    D2PRINTF(" NVM_V6_FLPER=%06lX\r\n", _dwAddr);
    return (
      nvm_ctrl_change(0x08)   /* NVM_V6_CMD_FLPER */
      && UPDI::send_byte(_dwAddr, 0xFF)
      && (nvm_wait() & 0x73) == 0
      && nvm_ctrl_change(0x00)
    12d8:	08 95       	ret
    12da:	80 e0       	ldi	r24, 0x00	; 0
/Users/askn/Develop/UPDI4AVR-USB/src/nvmv6.cpp:72
    if (!UPDI::nvm_ctrl(0x00)) return false;
    if (0 != _nvmcmd) return UPDI::nvm_ctrl(_nvmcmd);
    return true;
  }

  bool erase_flash_page (uint32_t _dwAddr) {
    12dc:	c3 d9       	rcall	.-3194   	; 0x664 <UPDI::nvm_ctrl(unsigned char)>
    12de:	88 23       	and	r24, r24
    12e0:	d1 f3       	breq	.-12     	; 0x12d6 <NVM::V6::nvm_ctrl_change(unsigned char)+0x1c>
    12e2:	cc 23       	and	r28, r28
    12e4:	b9 f3       	breq	.-18     	; 0x12d4 <NVM::V6::nvm_ctrl_change(unsigned char)+0x1a>
/Users/askn/Develop/UPDI4AVR-USB/src/nvmv6.cpp:75
    D2PRINTF(" NVM_V6_FLPER=%06lX\r\n", _dwAddr);
    return (
      nvm_ctrl_change(0x08)   /* NVM_V6_CMD_FLPER */
    12e6:	8c 2f       	mov	r24, r28
    12e8:	cf 91       	pop	r28
    12ea:	bc c9       	rjmp	.-3208   	; 0x664 <UPDI::nvm_ctrl(unsigned char)>

000012ec <NVM::V6::prog_init()>:
_ZN3NVM2V69prog_initEv():
/Users/askn/Develop/UPDI4AVR-USB/src/nvmv6.cpp:78
      && UPDI::send_byte(_dwAddr, 0xFF)
      && (nvm_wait() & 0x73) == 0
      && nvm_ctrl_change(0x00)
    12ec:	80 e0       	ldi	r24, 0x00	; 0
/Users/askn/Develop/UPDI4AVR-USB/src/nvmv6.cpp:76

  bool erase_flash_page (uint32_t _dwAddr) {
    D2PRINTF(" NVM_V6_FLPER=%06lX\r\n", _dwAddr);
    return (
      nvm_ctrl_change(0x08)   /* NVM_V6_CMD_FLPER */
      && UPDI::send_byte(_dwAddr, 0xFF)
    12ee:	e5 df       	rcall	.-54     	; 0x12ba <NVM::V6::nvm_ctrl_change(unsigned char)>
    12f0:	90 e0       	ldi	r25, 0x00	; 0
    12f2:	08 95       	ret

000012f4 <NVM::V6::write_eeprom(unsigned long, unsigned int) [clone .part.5]>:
_ZN3NVM2V616erase_flash_pageEm.part.1():
    12f4:	80 e0       	ldi	r24, 0x00	; 0
    12f6:	e1 cf       	rjmp	.-62     	; 0x12ba <NVM::V6::nvm_ctrl_change(unsigned char)>

000012f8 <NVM::V6::erase_flash_page(unsigned long)>:
_ZN3NVM2V616erase_flash_pageEm():
    12f8:	cf 92       	push	r12
    12fa:	df 92       	push	r13
/Users/askn/Develop/UPDI4AVR-USB/src/nvmv6.cpp:77
      && (nvm_wait() & 0x73) == 0
    12fc:	ef 92       	push	r14
    12fe:	ff 92       	push	r15
    1300:	6b 01       	movw	r12, r22
/Users/askn/Develop/UPDI4AVR-USB/src/nvmv6.cpp:80
      && nvm_ctrl_change(0x00)
    );
  }
    1302:	7c 01       	movw	r14, r24
    1304:	88 e0       	ldi	r24, 0x08	; 8
    1306:	d9 df       	rcall	.-78     	; 0x12ba <NVM::V6::nvm_ctrl_change(unsigned char)>
    1308:	88 23       	and	r24, r24
    130a:	71 f0       	breq	.+28     	; 0x1328 <NVM::V6::erase_flash_page(unsigned long)+0x30>
    130c:	4f ef       	ldi	r20, 0xFF	; 255
    130e:	c7 01       	movw	r24, r14
    1310:	b6 01       	movw	r22, r12
    1312:	8b d9       	rcall	.-3306   	; 0x62a <UPDI::send_byte(unsigned long, unsigned char)>
    1314:	88 23       	and	r24, r24
    1316:	41 f0       	breq	.+16     	; 0x1328 <NVM::V6::erase_flash_page(unsigned long)+0x30>
    1318:	c6 df       	rcall	.-116    	; 0x12a6 <NVM::V6::nvm_wait()>
/Users/askn/Develop/UPDI4AVR-USB/src/nvmv3.cpp:55
  constexpr auto NVM_STATUS = 0x1006;
  constexpr auto PROD_SIG   = 0x1100;
  constexpr auto PROG_START = 0x800000;

  uint8_t nvm_wait (void) {
    do { UPDI::recv_byte(NVM_STATUS); } while (RXDATA & 3);
    131a:	83 77       	andi	r24, 0x73	; 115
    131c:	29 f4       	brne	.+10     	; 0x1328 <NVM::V6::erase_flash_page(unsigned long)+0x30>
    131e:	ff 90       	pop	r15
    1320:	ef 90       	pop	r14
    1322:	df 90       	pop	r13
    1324:	cf 90       	pop	r12
    1326:	e6 cf       	rjmp	.-52     	; 0x12f4 <NVM::V6::write_eeprom(unsigned long, unsigned int) [clone .part.5]>
/Users/askn/Develop/UPDI4AVR-USB/src/nvmv3.cpp:57
    return RXDATA;
  }
    1328:	80 e0       	ldi	r24, 0x00	; 0
/Users/askn/Develop/UPDI4AVR-USB/src/nvmv3.cpp:73
    D2PRINTF(" NVM_V3_FLPERW=%06lX\r\n", _dwAddr);
    return (
      nvm_ctrl_change(0x00)
      && UPDI::send_words_block(_dwAddr, _wLength)
      && nvm_ctrl_change(0x05)  /* NVM_V3_CMD_FLPERW */
      && (nvm_wait() & 0x73) == 0
    132a:	ff 90       	pop	r15
    132c:	ef 90       	pop	r14
    132e:	df 90       	pop	r13
    1330:	cf 90       	pop	r12
    1332:	08 95       	ret

00001334 <NVM::V3::nvm_wait()>:
_ZN3NVM2V38nvm_waitEv():
    1334:	66 e0       	ldi	r22, 0x06	; 6
/Users/askn/Develop/UPDI4AVR-USB/src/nvmv3.cpp:75
    );
  }
    1336:	70 e1       	ldi	r23, 0x10	; 16
/Users/askn/Develop/UPDI4AVR-USB/src/nvmv3.cpp:59
  uint8_t nvm_wait (void) {
    do { UPDI::recv_byte(NVM_STATUS); } while (RXDATA & 3);
    return RXDATA;
  }

  bool nvm_ctrl_change (uint8_t _nvmcmd) {
    1338:	80 e0       	ldi	r24, 0x00	; 0
    133a:	90 e0       	ldi	r25, 0x00	; 0
/Users/askn/Develop/UPDI4AVR-USB/src/nvmv3.cpp:60
    nvm_wait();
    133c:	1e d9       	rcall	.-3524   	; 0x57a <UPDI::recv_byte(unsigned long)>
    133e:	8d b3       	in	r24, 0x1d	; 29
/Users/askn/Develop/UPDI4AVR-USB/src/nvmv3.cpp:61
    if (UPDI::recv_byte(NVM_CTRL) && RXDATA == _nvmcmd) return true;
    1340:	83 70       	andi	r24, 0x03	; 3
    1342:	c1 f7       	brne	.-16     	; 0x1334 <NVM::V3::nvm_wait()>
    1344:	8d b3       	in	r24, 0x1d	; 29
    1346:	08 95       	ret

00001348 <NVM::V3::write_eeprom(unsigned long, unsigned int) [clone .part.3]>:
_ZN3NVM2V317write_words_flashEmj.part.1():
    1348:	f5 df       	rcall	.-22     	; 0x1334 <NVM::V3::nvm_wait()>
    134a:	98 2f       	mov	r25, r24
    134c:	93 77       	andi	r25, 0x73	; 115
    134e:	81 e0       	ldi	r24, 0x01	; 1
    1350:	09 f0       	breq	.+2      	; 0x1354 <NVM::V3::write_eeprom(unsigned long, unsigned int) [clone .part.3]+0xc>
    1352:	80 e0       	ldi	r24, 0x00	; 0
/Users/askn/Develop/UPDI4AVR-USB/src/nvmv3.cpp:65
    if (!UPDI::nvm_ctrl(0x00)) return false;
    if (0 != _nvmcmd) return UPDI::nvm_ctrl(_nvmcmd);
    return true;
  }
    1354:	08 95       	ret

00001356 <NVM::V3::nvm_ctrl_change(unsigned char)>:
_ZN3NVM2V315nvm_ctrl_changeEh():
/Users/askn/Develop/UPDI4AVR-USB/src/nvmv3.cpp:62
  }

  bool nvm_ctrl_change (uint8_t _nvmcmd) {
    nvm_wait();
    if (UPDI::recv_byte(NVM_CTRL) && RXDATA == _nvmcmd) return true;
    if (!UPDI::nvm_ctrl(0x00)) return false;
    1356:	cf 93       	push	r28
    1358:	c8 2f       	mov	r28, r24
    135a:	ec df       	rcall	.-40     	; 0x1334 <NVM::V3::nvm_wait()>
    135c:	60 e0       	ldi	r22, 0x00	; 0
/Users/askn/Develop/UPDI4AVR-USB/src/nvmv2.cpp:65
    135e:	70 e1       	ldi	r23, 0x10	; 16
    1360:	80 e0       	ldi	r24, 0x00	; 0
    if (0 != _nvmcmd) return UPDI::nvm_ctrl(_nvmcmd);
    return true;
  }
    1362:	90 e0       	ldi	r25, 0x00	; 0
    1364:	0a d9       	rcall	.-3564   	; 0x57a <UPDI::recv_byte(unsigned long)>
    1366:	88 23       	and	r24, r24
/Users/askn/Develop/UPDI4AVR-USB/src/nvmv4.cpp:116
      && nvm_ctrl_change(0x00)
    );
  }

  size_t prog_init (void) {
    return nvm_ctrl_change(0x00);
    1368:	31 f0       	breq	.+12     	; 0x1376 <NVM::V3::nvm_ctrl_change(unsigned char)+0x20>
    136a:	8d b3       	in	r24, 0x1d	; 29
/Users/askn/Develop/UPDI4AVR-USB/src/nvmv4.cpp:117
  }
    136c:	8c 13       	cpse	r24, r28
    136e:	03 c0       	rjmp	.+6      	; 0x1376 <NVM::V3::nvm_ctrl_change(unsigned char)+0x20>
/Users/askn/Develop/UPDI4AVR-USB/src/nvmv4.cpp:78
    D2PRINTF(" NVM_V4_FLPER=%06lX\r\n", _dwAddr);
    return (
      nvm_ctrl_change(0x08)   /* NVM_V4_CMD_FLPER */
      && UPDI::send_byte(_dwAddr, 0xFF)
      && (nvm_wait() & 0x73) == 0
      && nvm_ctrl_change(0x00)
    1370:	81 e0       	ldi	r24, 0x01	; 1
    1372:	cf 91       	pop	r28
    1374:	08 95       	ret
/Users/askn/Develop/UPDI4AVR-USB/src/nvmv3.cpp:98
      && (nvm_wait() & 0x73) == 0
    );
  }

  size_t prog_init (void) {
    nvm_ctrl_change(0x0F);      /* NVM_V3_CMD_FLPBCLR */
    1376:	80 e0       	ldi	r24, 0x00	; 0
    1378:	75 d9       	rcall	.-3350   	; 0x664 <UPDI::nvm_ctrl(unsigned char)>
/Users/askn/Develop/UPDI4AVR-USB/src/nvmv3.cpp:99
    nvm_ctrl_change(0x1F);      /* NVM_V3_CMD_EEPBCLR */
    137a:	88 23       	and	r24, r24
    137c:	d1 f3       	breq	.-12     	; 0x1372 <NVM::V3::nvm_ctrl_change(unsigned char)+0x1c>
    137e:	cc 23       	and	r28, r28
/Users/askn/Develop/UPDI4AVR-USB/src/nvmv3.cpp:100
    return nvm_ctrl_change(0x00);
    1380:	b9 f3       	breq	.-18     	; 0x1370 <NVM::V3::nvm_ctrl_change(unsigned char)+0x1a>
    1382:	8c 2f       	mov	r24, r28
    1384:	cf 91       	pop	r28
/Users/askn/Develop/UPDI4AVR-USB/src/nvmv3.cpp:101
  }
    1386:	6e c9       	rjmp	.-3364   	; 0x664 <UPDI::nvm_ctrl(unsigned char)>

00001388 <NVM::V4::prog_init()>:
_ZN3NVM2V49prog_initEv():
    1388:	80 e0       	ldi	r24, 0x00	; 0
/Users/askn/Develop/UPDI4AVR-USB/src/nvmv3.cpp:77
      && nvm_ctrl_change(0x05)  /* NVM_V3_CMD_FLPERW */
      && (nvm_wait() & 0x73) == 0
    );
  }

  bool write_bytes_flash (uint32_t _dwAddr, size_t _wLength) {
    138a:	e5 df       	rcall	.-54     	; 0x1356 <NVM::V3::nvm_ctrl_change(unsigned char)>
    138c:	90 e0       	ldi	r25, 0x00	; 0
    138e:	08 95       	ret

00001390 <NVM::V4::write_eeprom(unsigned long, unsigned int) [clone .part.5]>:
_ZN3NVM2V416erase_flash_pageEm.part.1():
    1390:	80 e0       	ldi	r24, 0x00	; 0
    1392:	e1 cf       	rjmp	.-62     	; 0x1356 <NVM::V3::nvm_ctrl_change(unsigned char)>

00001394 <NVM::V3::prog_init()>:
_ZN3NVM2V39prog_initEv():
    1394:	8f e0       	ldi	r24, 0x0F	; 15
    1396:	df df       	rcall	.-66     	; 0x1356 <NVM::V3::nvm_ctrl_change(unsigned char)>
    1398:	8f e1       	ldi	r24, 0x1F	; 31
/Users/askn/Develop/UPDI4AVR-USB/src/nvmv3.cpp:80
    D2PRINTF(" NVM_V3_FLPERW=%06lX\r\n", _dwAddr);
    return (
      nvm_ctrl_change(0x00)
    139a:	dd df       	rcall	.-70     	; 0x1356 <NVM::V3::nvm_ctrl_change(unsigned char)>
    139c:	80 e0       	ldi	r24, 0x00	; 0
/Users/askn/Develop/UPDI4AVR-USB/src/nvmv3.cpp:83
      && UPDI::send_bytes_block(_dwAddr, _wLength)
      && nvm_ctrl_change(0x05)  /* NVM_V3_CMD_FLPERW */
      && (nvm_wait() & 0x73) == 0
    139e:	db df       	rcall	.-74     	; 0x1356 <NVM::V3::nvm_ctrl_change(unsigned char)>
    13a0:	90 e0       	ldi	r25, 0x00	; 0
/Users/askn/Develop/UPDI4AVR-USB/src/nvmv3.cpp:81

  bool write_bytes_flash (uint32_t _dwAddr, size_t _wLength) {
    D2PRINTF(" NVM_V3_FLPERW=%06lX\r\n", _dwAddr);
    return (
      nvm_ctrl_change(0x00)
      && UPDI::send_bytes_block(_dwAddr, _wLength)
    13a2:	08 95       	ret

000013a4 <NVM::V5::prog_init()>:
_ZN3NVM2V59prog_initEv():
    13a4:	f7 cf       	rjmp	.-18     	; 0x1394 <NVM::V3::prog_init()>

000013a6 <NVM::V3::write_bytes_flash(unsigned long, unsigned int)>:
_ZN3NVM2V317write_bytes_flashEmj():
    13a6:	cf 92       	push	r12
    13a8:	df 92       	push	r13
    13aa:	ef 92       	push	r14
/Users/askn/Develop/UPDI4AVR-USB/src/nvmv3.cpp:82
      && nvm_ctrl_change(0x05)  /* NVM_V3_CMD_FLPERW */
    13ac:	ff 92       	push	r15
    13ae:	cf 93       	push	r28
    13b0:	df 93       	push	r29
    13b2:	6b 01       	movw	r12, r22
    13b4:	7c 01       	movw	r14, r24
/Users/askn/Develop/UPDI4AVR-USB/src/nvmv3.cpp:85
      && (nvm_wait() & 0x73) == 0
    );
  }
    13b6:	ea 01       	movw	r28, r20
    13b8:	80 e0       	ldi	r24, 0x00	; 0
    13ba:	cd df       	rcall	.-102    	; 0x1356 <NVM::V3::nvm_ctrl_change(unsigned char)>
    13bc:	88 23       	and	r24, r24
    13be:	89 f0       	breq	.+34     	; 0x13e2 <NVM::V3::write_bytes_flash(unsigned long, unsigned int)+0x3c>
    13c0:	ae 01       	movw	r20, r28
    13c2:	c7 01       	movw	r24, r14
    13c4:	b6 01       	movw	r22, r12
    13c6:	7e d9       	rcall	.-3332   	; 0x6c4 <UPDI::send_bytes_block(unsigned long, unsigned int)>
    13c8:	88 23       	and	r24, r24
    13ca:	59 f0       	breq	.+22     	; 0x13e2 <NVM::V3::write_bytes_flash(unsigned long, unsigned int)+0x3c>
    13cc:	85 e0       	ldi	r24, 0x05	; 5
    13ce:	c3 df       	rcall	.-122    	; 0x1356 <NVM::V3::nvm_ctrl_change(unsigned char)>
    13d0:	88 23       	and	r24, r24
    13d2:	39 f0       	breq	.+14     	; 0x13e2 <NVM::V3::write_bytes_flash(unsigned long, unsigned int)+0x3c>
/Users/askn/Develop/UPDI4AVR-USB/src/nvmv3.cpp:67
    if (!UPDI::nvm_ctrl(0x00)) return false;
    if (0 != _nvmcmd) return UPDI::nvm_ctrl(_nvmcmd);
    return true;
  }

  bool write_words_flash (uint32_t _dwAddr, size_t _wLength) {
    13d4:	df 91       	pop	r29
    13d6:	cf 91       	pop	r28
    13d8:	ff 90       	pop	r15
    13da:	ef 90       	pop	r14
    13dc:	df 90       	pop	r13
    13de:	cf 90       	pop	r12
    13e0:	b3 cf       	rjmp	.-154    	; 0x1348 <NVM::V3::write_eeprom(unsigned long, unsigned int) [clone .part.3]>
    13e2:	80 e0       	ldi	r24, 0x00	; 0
    13e4:	df 91       	pop	r29
/Users/askn/Develop/UPDI4AVR-USB/src/nvmv3.cpp:70
    D2PRINTF(" NVM_V3_FLPERW=%06lX\r\n", _dwAddr);
    return (
      nvm_ctrl_change(0x00)
    13e6:	cf 91       	pop	r28
    13e8:	ff 90       	pop	r15
    13ea:	ef 90       	pop	r14
/Users/askn/Develop/UPDI4AVR-USB/src/nvmv3.cpp:73
      && UPDI::send_words_block(_dwAddr, _wLength)
      && nvm_ctrl_change(0x05)  /* NVM_V3_CMD_FLPERW */
      && (nvm_wait() & 0x73) == 0
    13ec:	df 90       	pop	r13
    13ee:	cf 90       	pop	r12
/Users/askn/Develop/UPDI4AVR-USB/src/nvmv3.cpp:71

  bool write_words_flash (uint32_t _dwAddr, size_t _wLength) {
    D2PRINTF(" NVM_V3_FLPERW=%06lX\r\n", _dwAddr);
    return (
      nvm_ctrl_change(0x00)
      && UPDI::send_words_block(_dwAddr, _wLength)
    13f0:	08 95       	ret

000013f2 <NVM::V3::write_words_flash(unsigned long, unsigned int)>:
_ZN3NVM2V317write_words_flashEmj():
    13f2:	cf 92       	push	r12
    13f4:	df 92       	push	r13
    13f6:	ef 92       	push	r14
    13f8:	ff 92       	push	r15
    13fa:	cf 93       	push	r28
    13fc:	df 93       	push	r29
/Users/askn/Develop/UPDI4AVR-USB/src/nvmv3.cpp:72
      && nvm_ctrl_change(0x05)  /* NVM_V3_CMD_FLPERW */
    13fe:	6b 01       	movw	r12, r22
    1400:	7c 01       	movw	r14, r24
    1402:	ea 01       	movw	r28, r20
    1404:	80 e0       	ldi	r24, 0x00	; 0
    1406:	a7 df       	rcall	.-178    	; 0x1356 <NVM::V3::nvm_ctrl_change(unsigned char)>
/Users/askn/Develop/UPDI4AVR-USB/src/nvmv3.cpp:75
      && (nvm_wait() & 0x73) == 0
    );
  }
    1408:	88 23       	and	r24, r24
    140a:	89 f0       	breq	.+34     	; 0x142e <NVM::V3::write_words_flash(unsigned long, unsigned int)+0x3c>
    140c:	ae 01       	movw	r20, r28
    140e:	c7 01       	movw	r24, r14
    1410:	b6 01       	movw	r22, r12
    1412:	cd d8       	rcall	.-3686   	; 0x5ae <UPDI::send_words_block(unsigned long, unsigned int)>
    1414:	88 23       	and	r24, r24
    1416:	59 f0       	breq	.+22     	; 0x142e <NVM::V3::write_words_flash(unsigned long, unsigned int)+0x3c>
    1418:	85 e0       	ldi	r24, 0x05	; 5
    141a:	9d df       	rcall	.-198    	; 0x1356 <NVM::V3::nvm_ctrl_change(unsigned char)>
    141c:	88 23       	and	r24, r24
    141e:	39 f0       	breq	.+14     	; 0x142e <NVM::V3::write_words_flash(unsigned long, unsigned int)+0x3c>
    1420:	df 91       	pop	r29
    1422:	cf 91       	pop	r28
    1424:	ff 90       	pop	r15
/Users/askn/Develop/UPDI4AVR-USB/src/nvmv4.cpp:72
    if (!UPDI::nvm_ctrl(0x00)) return false;
    if (0 != _nvmcmd) return UPDI::nvm_ctrl(_nvmcmd);
    return true;
  }

  bool erase_flash_page (uint32_t _dwAddr) {
    1426:	ef 90       	pop	r14
    1428:	df 90       	pop	r13
    142a:	cf 90       	pop	r12
    142c:	8d cf       	rjmp	.-230    	; 0x1348 <NVM::V3::write_eeprom(unsigned long, unsigned int) [clone .part.3]>
    142e:	80 e0       	ldi	r24, 0x00	; 0
/Users/askn/Develop/UPDI4AVR-USB/src/nvmv4.cpp:75
    D2PRINTF(" NVM_V4_FLPER=%06lX\r\n", _dwAddr);
    return (
      nvm_ctrl_change(0x08)   /* NVM_V4_CMD_FLPER */
    1430:	df 91       	pop	r29
    1432:	cf 91       	pop	r28
/Users/askn/Develop/UPDI4AVR-USB/src/nvmv4.cpp:78
      && UPDI::send_byte(_dwAddr, 0xFF)
      && (nvm_wait() & 0x73) == 0
      && nvm_ctrl_change(0x00)
    1434:	ff 90       	pop	r15
    1436:	ef 90       	pop	r14
/Users/askn/Develop/UPDI4AVR-USB/src/nvmv4.cpp:76

  bool erase_flash_page (uint32_t _dwAddr) {
    D2PRINTF(" NVM_V4_FLPER=%06lX\r\n", _dwAddr);
    return (
      nvm_ctrl_change(0x08)   /* NVM_V4_CMD_FLPER */
      && UPDI::send_byte(_dwAddr, 0xFF)
    1438:	df 90       	pop	r13
    143a:	cf 90       	pop	r12
    143c:	08 95       	ret

0000143e <NVM::V4::erase_flash_page(unsigned long)>:
_ZN3NVM2V416erase_flash_pageEm():
    143e:	cf 92       	push	r12
    1440:	df 92       	push	r13
    1442:	ef 92       	push	r14
/Users/askn/Develop/UPDI4AVR-USB/src/nvmv4.cpp:77
      && (nvm_wait() & 0x73) == 0
    1444:	ff 92       	push	r15
    1446:	6b 01       	movw	r12, r22
    1448:	7c 01       	movw	r14, r24
    144a:	88 e0       	ldi	r24, 0x08	; 8
/Users/askn/Develop/UPDI4AVR-USB/src/nvmv4.cpp:80
      && nvm_ctrl_change(0x00)
    );
  }
    144c:	84 df       	rcall	.-248    	; 0x1356 <NVM::V3::nvm_ctrl_change(unsigned char)>
    144e:	88 23       	and	r24, r24
    1450:	71 f0       	breq	.+28     	; 0x146e <NVM::V4::erase_flash_page(unsigned long)+0x30>
    1452:	4f ef       	ldi	r20, 0xFF	; 255
    1454:	c7 01       	movw	r24, r14
    1456:	b6 01       	movw	r22, r12
    1458:	e8 d8       	rcall	.-3632   	; 0x62a <UPDI::send_byte(unsigned long, unsigned char)>
    145a:	88 23       	and	r24, r24
    145c:	41 f0       	breq	.+16     	; 0x146e <NVM::V4::erase_flash_page(unsigned long)+0x30>
    145e:	6a df       	rcall	.-300    	; 0x1334 <NVM::V3::nvm_wait()>
/Users/askn/Develop/UPDI4AVR-USB/src/nvmv0.cpp:62
  constexpr auto NVM_STATUS = 0x1002;
  constexpr auto NVM_DATA   = 0x1006;
  constexpr auto PROD_SIG   = 0x1100;

  uint8_t nvm_wait (void) {
    do { UPDI::recv_byte(NVM_STATUS); } while (RXDATA & 3);
    1460:	83 77       	andi	r24, 0x73	; 115
    1462:	29 f4       	brne	.+10     	; 0x146e <NVM::V4::erase_flash_page(unsigned long)+0x30>
    1464:	ff 90       	pop	r15
    1466:	ef 90       	pop	r14
    1468:	df 90       	pop	r13
    146a:	cf 90       	pop	r12
    146c:	91 cf       	rjmp	.-222    	; 0x1390 <NVM::V4::write_eeprom(unsigned long, unsigned int) [clone .part.5]>
    146e:	80 e0       	ldi	r24, 0x00	; 0
    1470:	ff 90       	pop	r15
/Users/askn/Develop/UPDI4AVR-USB/src/nvmv0.cpp:63
    return RXDATA;
    1472:	ef 90       	pop	r14
/Users/askn/Develop/UPDI4AVR-USB/src/nvmv0.cpp:64
  }
    1474:	df 90       	pop	r13
/Users/askn/Develop/UPDI4AVR-USB/src/nvmv0.cpp:108
      && (nvm_wait() & 7) == 0
    );
  }

  size_t prog_init (void) {
    nvm_wait();
    1476:	cf 90       	pop	r12
    1478:	08 95       	ret

0000147a <NVM::V0::nvm_wait()>:
_ZN3NVM2V08nvm_waitEv():
/Users/askn/Develop/UPDI4AVR-USB/src/nvmv0.cpp:109
    UPDI::nvm_ctrl(0x04);         /* NVM_CMD_PBC */
    147a:	62 e0       	ldi	r22, 0x02	; 2
    147c:	70 e1       	ldi	r23, 0x10	; 16
    147e:	80 e0       	ldi	r24, 0x00	; 0
/Users/askn/Develop/UPDI4AVR-USB/src/nvmv0.cpp:110
    nvm_wait();
    1480:	90 e0       	ldi	r25, 0x00	; 0
    1482:	7b d8       	rcall	.-3850   	; 0x57a <UPDI::recv_byte(unsigned long)>
/Users/askn/Develop/UPDI4AVR-USB/src/nvmv0.cpp:111
    return UPDI::nvm_ctrl(0x00);
    1484:	8d b3       	in	r24, 0x1d	; 29
    1486:	83 70       	andi	r24, 0x03	; 3
    1488:	c1 f7       	brne	.-16     	; 0x147a <NVM::V0::nvm_wait()>
/Users/askn/Develop/UPDI4AVR-USB/src/nvmv0.cpp:112
  }
    148a:	8d b3       	in	r24, 0x1d	; 29
    148c:	08 95       	ret

0000148e <NVM::V0::prog_init()>:
_ZN3NVM2V09prog_initEv():
/Users/askn/Develop/UPDI4AVR-USB/src/nvmv2.cpp:61
  uint8_t nvm_wait (void) {
    do { UPDI::recv_byte(NVM_STATUS); } while (RXDATA & 3);
    return RXDATA;
  }

  bool nvm_ctrl_change (uint8_t _nvmcmd) {
    148e:	f5 df       	rcall	.-22     	; 0x147a <NVM::V0::nvm_wait()>
    1490:	84 e0       	ldi	r24, 0x04	; 4
/Users/askn/Develop/UPDI4AVR-USB/src/nvmv2.cpp:62
    nvm_wait();
    1492:	e8 d8       	rcall	.-3632   	; 0x664 <UPDI::nvm_ctrl(unsigned char)>
    1494:	f2 df       	rcall	.-28     	; 0x147a <NVM::V0::nvm_wait()>
/Users/askn/Develop/UPDI4AVR-USB/src/nvmv2.cpp:63
    if (UPDI::recv_byte(NVM_CTRL) && RXDATA == _nvmcmd) return true;
    1496:	80 e0       	ldi	r24, 0x00	; 0
    1498:	e5 d8       	rcall	.-3638   	; 0x664 <UPDI::nvm_ctrl(unsigned char)>
    149a:	90 e0       	ldi	r25, 0x00	; 0
    149c:	08 95       	ret

0000149e <NVM::V2::nvm_ctrl_change(unsigned char)>:
_ZN3NVM2V215nvm_ctrl_changeEh():
    149e:	cf 93       	push	r28
    14a0:	c8 2f       	mov	r28, r24
    14a2:	eb df       	rcall	.-42     	; 0x147a <NVM::V0::nvm_wait()>
    14a4:	60 e0       	ldi	r22, 0x00	; 0
    14a6:	70 e1       	ldi	r23, 0x10	; 16
    14a8:	80 e0       	ldi	r24, 0x00	; 0
    14aa:	90 e0       	ldi	r25, 0x00	; 0
    14ac:	66 d8       	rcall	.-3892   	; 0x57a <UPDI::recv_byte(unsigned long)>
/Users/askn/Develop/UPDI4AVR-USB/src/nvmv2.cpp:67
    if (!UPDI::nvm_ctrl(0x00)) return false;
    if (0 != _nvmcmd) return UPDI::nvm_ctrl(_nvmcmd);
    return true;
  }
    14ae:	88 23       	and	r24, r24
    14b0:	31 f0       	breq	.+12     	; 0x14be <NVM::V2::nvm_ctrl_change(unsigned char)+0x20>
/Users/askn/Develop/UPDI4AVR-USB/src/nvmv2.cpp:64
  }

  bool nvm_ctrl_change (uint8_t _nvmcmd) {
    nvm_wait();
    if (UPDI::recv_byte(NVM_CTRL) && RXDATA == _nvmcmd) return true;
    if (!UPDI::nvm_ctrl(0x00)) return false;
    14b2:	8d b3       	in	r24, 0x1d	; 29
    14b4:	8c 13       	cpse	r24, r28
    14b6:	03 c0       	rjmp	.+6      	; 0x14be <NVM::V2::nvm_ctrl_change(unsigned char)+0x20>
    14b8:	81 e0       	ldi	r24, 0x01	; 1
    14ba:	cf 91       	pop	r28
/Users/askn/Develop/UPDI4AVR-USB/src/nvmv2.cpp:65
    if (0 != _nvmcmd) return UPDI::nvm_ctrl(_nvmcmd);
    14bc:	08 95       	ret
    14be:	80 e0       	ldi	r24, 0x00	; 0
    14c0:	d1 d8       	rcall	.-3678   	; 0x664 <UPDI::nvm_ctrl(unsigned char)>
/Users/askn/Develop/UPDI4AVR-USB/src/nvmv2.cpp:67
    return true;
  }
    14c2:	88 23       	and	r24, r24
/Users/askn/Develop/UPDI4AVR-USB/src/nvmv2.cpp:65

  bool nvm_ctrl_change (uint8_t _nvmcmd) {
    nvm_wait();
    if (UPDI::recv_byte(NVM_CTRL) && RXDATA == _nvmcmd) return true;
    if (!UPDI::nvm_ctrl(0x00)) return false;
    if (0 != _nvmcmd) return UPDI::nvm_ctrl(_nvmcmd);
    14c4:	d1 f3       	breq	.-12     	; 0x14ba <NVM::V2::nvm_ctrl_change(unsigned char)+0x1c>
    14c6:	cc 23       	and	r28, r28
/Users/askn/Develop/UPDI4AVR-USB/src/nvmv2.cpp:113
      && nvm_ctrl_change(0x00)
    );
  }

  size_t prog_init (void) {
    return nvm_ctrl_change(0x00);
    14c8:	b9 f3       	breq	.-18     	; 0x14b8 <NVM::V2::nvm_ctrl_change(unsigned char)+0x1a>
    14ca:	8c 2f       	mov	r24, r28
    14cc:	cf 91       	pop	r28
/Users/askn/Develop/UPDI4AVR-USB/src/nvmv2.cpp:114
  }
    14ce:	ca c8       	rjmp	.-3692   	; 0x664 <UPDI::nvm_ctrl(unsigned char)>

000014d0 <NVM::V2::prog_init()>:
_ZN3NVM2V29prog_initEv():
    14d0:	80 e0       	ldi	r24, 0x00	; 0
/Users/askn/Develop/UPDI4AVR-USB/src/nvmv2.cpp:75
    D2PRINTF(" NVM_V2_FLPER=%06lX\r\n", _dwAddr);
    return (
      nvm_ctrl_change(0x08)   /* NVM_V2_CMD_FLPER */
      && UPDI::send_byte(_dwAddr, 0xFF)
      && (nvm_wait() & 0x73) == 0
      && nvm_ctrl_change(0x00)
    14d2:	e5 df       	rcall	.-54     	; 0x149e <NVM::V2::nvm_ctrl_change(unsigned char)>
    14d4:	90 e0       	ldi	r25, 0x00	; 0
    14d6:	08 95       	ret

000014d8 <NVM::V2::write_eeprom(unsigned long, unsigned int) [clone .part.5]>:
_ZN3NVM2V216erase_flash_pageEm.part.1():
/Users/askn/Develop/UPDI4AVR-USB/src/nvmv2.cpp:69
    if (!UPDI::nvm_ctrl(0x00)) return false;
    if (0 != _nvmcmd) return UPDI::nvm_ctrl(_nvmcmd);
    return true;
  }

  bool erase_flash_page (uint32_t _dwAddr) {
    14d8:	80 e0       	ldi	r24, 0x00	; 0
    14da:	e1 cf       	rjmp	.-62     	; 0x149e <NVM::V2::nvm_ctrl_change(unsigned char)>

000014dc <NVM::V2::erase_flash_page(unsigned long)>:
_ZN3NVM2V216erase_flash_pageEm():
    14dc:	cf 92       	push	r12
    14de:	df 92       	push	r13
    14e0:	ef 92       	push	r14
    14e2:	ff 92       	push	r15
/Users/askn/Develop/UPDI4AVR-USB/src/nvmv2.cpp:72
    D2PRINTF(" NVM_V2_FLPER=%06lX\r\n", _dwAddr);
    return (
      nvm_ctrl_change(0x08)   /* NVM_V2_CMD_FLPER */
    14e4:	6b 01       	movw	r12, r22
    14e6:	7c 01       	movw	r14, r24
    14e8:	88 e0       	ldi	r24, 0x08	; 8
/Users/askn/Develop/UPDI4AVR-USB/src/nvmv2.cpp:75
      && UPDI::send_byte(_dwAddr, 0xFF)
      && (nvm_wait() & 0x73) == 0
      && nvm_ctrl_change(0x00)
    14ea:	d9 df       	rcall	.-78     	; 0x149e <NVM::V2::nvm_ctrl_change(unsigned char)>
    14ec:	88 23       	and	r24, r24
/Users/askn/Develop/UPDI4AVR-USB/src/nvmv2.cpp:73

  bool erase_flash_page (uint32_t _dwAddr) {
    D2PRINTF(" NVM_V2_FLPER=%06lX\r\n", _dwAddr);
    return (
      nvm_ctrl_change(0x08)   /* NVM_V2_CMD_FLPER */
      && UPDI::send_byte(_dwAddr, 0xFF)
    14ee:	71 f0       	breq	.+28     	; 0x150c <NVM::V2::erase_flash_page(unsigned long)+0x30>
    14f0:	4f ef       	ldi	r20, 0xFF	; 255
    14f2:	c7 01       	movw	r24, r14
    14f4:	b6 01       	movw	r22, r12
    14f6:	99 d8       	rcall	.-3790   	; 0x62a <UPDI::send_byte(unsigned long, unsigned char)>
    14f8:	88 23       	and	r24, r24
    14fa:	41 f0       	breq	.+16     	; 0x150c <NVM::V2::erase_flash_page(unsigned long)+0x30>
/Users/askn/Develop/UPDI4AVR-USB/src/nvmv2.cpp:74
      && (nvm_wait() & 0x73) == 0
    14fc:	be df       	rcall	.-132    	; 0x147a <NVM::V0::nvm_wait()>
    14fe:	83 77       	andi	r24, 0x73	; 115
    1500:	29 f4       	brne	.+10     	; 0x150c <NVM::V2::erase_flash_page(unsigned long)+0x30>
    1502:	ff 90       	pop	r15
/Users/askn/Develop/UPDI4AVR-USB/src/nvmv2.cpp:77
      && nvm_ctrl_change(0x00)
    );
  }
    1504:	ef 90       	pop	r14
    1506:	df 90       	pop	r13
    1508:	cf 90       	pop	r12
    150a:	e6 cf       	rjmp	.-52     	; 0x14d8 <NVM::V2::write_eeprom(unsigned long, unsigned int) [clone .part.5]>
    150c:	80 e0       	ldi	r24, 0x00	; 0
    150e:	ff 90       	pop	r15
    1510:	ef 90       	pop	r14
    1512:	df 90       	pop	r13
    1514:	cf 90       	pop	r12
    1516:	08 95       	ret

00001518 <NVM::V1::write_memory()>:
_ZN3NVM2V112write_memoryEv():
    1518:	90 e0       	ldi	r25, 0x00	; 0
    151a:	80 e0       	ldi	r24, 0x00	; 0
    151c:	08 95       	ret

0000151e <NVM::V1::read_memory()>:
_ZN3NVM2V111read_memoryEv():
    151e:	90 e0       	ldi	r25, 0x00	; 0
    1520:	80 e0       	ldi	r24, 0x00	; 0
    1522:	08 95       	ret

00001524 <NVM::V1::erase_memory()>:
_ZN3NVM2V112erase_memoryEv():
    1524:	90 e0       	ldi	r25, 0x00	; 0
    1526:	80 e0       	ldi	r24, 0x00	; 0
    1528:	08 95       	ret

0000152a <ISP::spi_exchange(unsigned char)>:
_ZN3ISP12spi_exchangeEh():
    152a:	8d bb       	out	0x1d, r24	; 29
    152c:	88 e0       	ldi	r24, 0x08	; 8
/Users/askn/Develop/UPDI4AVR-USB/src/isp.cpp:72
  NOINIT uint16_t _base_addr;
  NOINIT uint8_t _ser[4], _res[4];
  NOINIT uint8_t _pgm_retry;

  uint8_t spi_exchange (const uint8_t _data) {
    RXDATA = _data;
    152e:	ef 9b       	sbis	0x1d, 7	; 29
    1530:	18 c0       	rjmp	.+48     	; 0x1562 <ISP::spi_exchange(unsigned char)+0x38>
/Users/askn/Develop/UPDI4AVR-USB/src/isp.cpp:74
    for (uint8_t _i = 0; _i < 8; _i++) {
      if (RXDATA & 0x80) digitalWriteMacro(PIN_PGM_MOSI, HIGH);
    1532:	08 9a       	sbi	0x01, 0	; 1
    1534:	90 91 0b 0a 	lds	r25, 0x0A0B	; 0x800a0b <__TEXT_REGION_LENGTH__+0x7f0a0b>
/Users/askn/Develop/UPDI4AVR-USB/src/isp.cpp:77
      else               digitalWriteMacro(PIN_PGM_MOSI, LOW);

      loop_until_bit_is_set(TCA0_SPLIT_INTFLAGS, TCA_SPLIT_LUNF_bp);
    1538:	90 ff       	sbrs	r25, 0
    153a:	fc cf       	rjmp	.-8      	; 0x1534 <ISP::spi_exchange(unsigned char)+0xa>
    153c:	0a 9a       	sbi	0x01, 2	; 1
    153e:	9d b3       	in	r25, 0x1d	; 29
/Users/askn/Develop/UPDI4AVR-USB/src/isp.cpp:78
      digitalWriteMacro(PIN_PGM_MSCK, HIGH);
    1540:	99 0f       	add	r25, r25
/Users/askn/Develop/UPDI4AVR-USB/src/isp.cpp:79
      RXDATA <<= 1;
    1542:	9d bb       	out	0x1d, r25	; 29
    1544:	90 91 0b 0a 	lds	r25, 0x0A0B	; 0x800a0b <__TEXT_REGION_LENGTH__+0x7f0a0b>
/Users/askn/Develop/UPDI4AVR-USB/src/isp.cpp:80
      bit_is_clear(TCA0_SPLIT_INTFLAGS, TCA_SPLIT_LUNF_bp);
    1548:	13 99       	sbic	0x02, 3	; 2
    154a:	e8 9a       	sbi	0x1d, 0	; 29
/Users/askn/Develop/UPDI4AVR-USB/src/isp.cpp:81
      if (digitalReadMacro(PIN_PGM_MISO)) RXDATA |= 1;
    154c:	90 91 0b 0a 	lds	r25, 0x0A0B	; 0x800a0b <__TEXT_REGION_LENGTH__+0x7f0a0b>
/Users/askn/Develop/UPDI4AVR-USB/src/isp.cpp:83

      loop_until_bit_is_set(TCA0_SPLIT_INTFLAGS, TCA_SPLIT_LUNF_bp);
    1550:	90 ff       	sbrs	r25, 0
    1552:	fc cf       	rjmp	.-8      	; 0x154c <ISP::spi_exchange(unsigned char)+0x22>
    1554:	0a 98       	cbi	0x01, 2	; 1
    1556:	90 91 0b 0a 	lds	r25, 0x0A0B	; 0x800a0b <__TEXT_REGION_LENGTH__+0x7f0a0b>
/Users/askn/Develop/UPDI4AVR-USB/src/isp.cpp:85
      digitalWriteMacro(PIN_PGM_MSCK, LOW);
      bit_is_clear(TCA0_SPLIT_INTFLAGS, TCA_SPLIT_LUNF_bp);
    155a:	81 50       	subi	r24, 0x01	; 1
    155c:	41 f7       	brne	.-48     	; 0x152e <ISP::spi_exchange(unsigned char)+0x4>
/Users/askn/Develop/UPDI4AVR-USB/src/isp.cpp:73
  NOINIT uint8_t _ser[4], _res[4];
  NOINIT uint8_t _pgm_retry;

  uint8_t spi_exchange (const uint8_t _data) {
    RXDATA = _data;
    for (uint8_t _i = 0; _i < 8; _i++) {
    155e:	8d b3       	in	r24, 0x1d	; 29
/Users/askn/Develop/UPDI4AVR-USB/src/isp.cpp:87

      loop_until_bit_is_set(TCA0_SPLIT_INTFLAGS, TCA_SPLIT_LUNF_bp);
      digitalWriteMacro(PIN_PGM_MSCK, LOW);
      bit_is_clear(TCA0_SPLIT_INTFLAGS, TCA_SPLIT_LUNF_bp);
    };
    return RXDATA;
    1560:	08 95       	ret
/Users/askn/Develop/UPDI4AVR-USB/src/isp.cpp:88
  }
    1562:	08 98       	cbi	0x01, 0	; 1
/Users/askn/Develop/UPDI4AVR-USB/src/isp.cpp:75

  uint8_t spi_exchange (const uint8_t _data) {
    RXDATA = _data;
    for (uint8_t _i = 0; _i < 8; _i++) {
      if (RXDATA & 0x80) digitalWriteMacro(PIN_PGM_MOSI, HIGH);
      else               digitalWriteMacro(PIN_PGM_MOSI, LOW);
    1564:	e7 cf       	rjmp	.-50     	; 0x1534 <ISP::spi_exchange(unsigned char)+0xa>

00001566 <ISP::spi_transaction(unsigned char*)>:
_ZN3ISP15spi_transactionEPh():
    1566:	ff 92       	push	r15
/Users/askn/Develop/UPDI4AVR-USB/src/isp.cpp:90
      bit_is_clear(TCA0_SPLIT_INTFLAGS, TCA_SPLIT_LUNF_bp);
    };
    return RXDATA;
  }

  void spi_transaction (uint8_t _cmd[]) {
    1568:	0f 93       	push	r16
    156a:	1f 93       	push	r17
    156c:	cf 93       	push	r28
    156e:	df 93       	push	r29
    1570:	8c 01       	movw	r16, r24
    1572:	ff b6       	in	r15, 0x3f	; 63
__iCliRetVal():
/Users/askn/Develop/UPDI4AVR-USB/src/isp.cpp:91
    ATOMIC_BLOCK(ATOMIC_RESTORESTATE) {
    1574:	f8 94       	cli
_ZN3ISP15spi_transactionEPh():
/Users/askn/Library/Arduino15/packages/MultiX-Zinnia/tools/avr8-gcc/7.3.0-avr8-gnu-toolchain/avr/include/util/atomic.h:50
    1576:	fc 01       	movw	r30, r24
/Users/askn/Develop/UPDI4AVR-USB/src/isp.cpp:92
      _res[0] = spi_exchange(_cmd[0]);
    1578:	80 81       	ld	r24, Z
    157a:	d7 df       	rcall	.-82     	; 0x152a <ISP::spi_exchange(unsigned char)>
    157c:	cc ea       	ldi	r28, 0xAC	; 172
    157e:	d0 e6       	ldi	r29, 0x60	; 96
    1580:	88 83       	st	Y, r24
    1582:	f8 01       	movw	r30, r16
    1584:	81 81       	ldd	r24, Z+1	; 0x01
/Users/askn/Develop/UPDI4AVR-USB/src/isp.cpp:93
      _res[1] = spi_exchange(_cmd[1]);
    1586:	d1 df       	rcall	.-94     	; 0x152a <ISP::spi_exchange(unsigned char)>
    1588:	89 83       	std	Y+1, r24	; 0x01
    158a:	f8 01       	movw	r30, r16
    158c:	82 81       	ldd	r24, Z+2	; 0x02
    158e:	cd df       	rcall	.-102    	; 0x152a <ISP::spi_exchange(unsigned char)>
/Users/askn/Develop/UPDI4AVR-USB/src/isp.cpp:94
      _res[2] = spi_exchange(_cmd[2]);
    1590:	8a 83       	std	Y+2, r24	; 0x02
    1592:	f8 01       	movw	r30, r16
    1594:	83 81       	ldd	r24, Z+3	; 0x03
    1596:	c9 df       	rcall	.-110    	; 0x152a <ISP::spi_exchange(unsigned char)>
    1598:	8b 83       	std	Y+3, r24	; 0x03
__iRestore():
/Users/askn/Develop/UPDI4AVR-USB/src/isp.cpp:95
      _res[3] = spi_exchange(_cmd[3]);
    159a:	ff be       	out	0x3f, r15	; 63
_ZN3ISP15spi_transactionEPh():
    159c:	df 91       	pop	r29
    159e:	cf 91       	pop	r28
    15a0:	1f 91       	pop	r17
    15a2:	0f 91       	pop	r16
/Users/askn/Library/Arduino15/packages/MultiX-Zinnia/tools/avr8-gcc/7.3.0-avr8-gnu-toolchain/avr/include/util/atomic.h:70
    (void)__s;
}

static __inline__ void __iRestore(const  uint8_t *__s)
{
    SREG = *__s;
    15a4:	ff 90       	pop	r15
/Users/askn/Develop/UPDI4AVR-USB/src/isp.cpp:103
    if (bit_is_clear(PGCONF, PGCONF_PGIA_bp)) {
      DPRINTF(" S/"); DPRINTHEX(_cmd, 4, ':');
      DPRINTF(" R/"); DPRINTHEX(_res, 4, ':');
    }
  #endif
  }
    15a6:	08 95       	ret

000015a8 <ISP::write_fuse_byte()>:
_ZN3ISP15write_fuse_byteEv():
    15a8:	8b ed       	ldi	r24, 0xDB	; 219
    15aa:	90 e6       	ldi	r25, 0x60	; 96
    15ac:	dc df       	rcall	.-72     	; 0x1566 <ISP::spi_transaction(unsigned char*)>
    15ae:	90 e0       	ldi	r25, 0x00	; 0
    15b0:	80 e0       	ldi	r24, 0x00	; 0
/Users/askn/Develop/UPDI4AVR-USB/src/isp.cpp:227
    return 0;
  }

  size_t write_fuse_byte (void) {
    /* Send FUSE write command. */
    spi_transaction(&packet.out.data[0]);
    15b2:	08 95       	ret

000015b4 <ISP::read_fuse_byte()>:
_ZN3ISP14read_fuse_byteEv():
    15b4:	8c ed       	ldi	r24, 0xDC	; 220
    15b6:	90 e6       	ldi	r25, 0x60	; 96
    15b8:	d6 df       	rcall	.-84     	; 0x1566 <ISP::spi_transaction(unsigned char*)>
/Users/askn/Develop/UPDI4AVR-USB/src/isp.cpp:229
    return 0;
  }
    15ba:	a5 ed       	ldi	r26, 0xD5	; 213
    15bc:	b0 e6       	ldi	r27, 0x60	; 96
    15be:	16 96       	adiw	r26, 0x06	; 6
/Users/askn/Develop/UPDI4AVR-USB/src/isp.cpp:109

  // MARK: ISP NVM API

  size_t read_fuse_byte (void) {
    /* Send FUSE read command. */
    spi_transaction(&packet.out.data[1]);
    15c0:	ec 91       	ld	r30, X
    15c2:	16 97       	sbiw	r26, 0x06	; 6
    15c4:	f0 e0       	ldi	r31, 0x00	; 0
    15c6:	e5 55       	subi	r30, 0x55	; 85
/Users/askn/Develop/UPDI4AVR-USB/src/isp.cpp:112

    /* Read and return the value at the specified position. */
    packet.in.isp.data[0] = _res[packet.out.data[0] - 1];
    15c8:	ff 49       	sbci	r31, 0x9F	; 159
    15ca:	80 81       	ld	r24, Z
    15cc:	17 96       	adiw	r26, 0x07	; 7
    15ce:	8c 93       	st	X, r24
    15d0:	81 e0       	ldi	r24, 0x01	; 1
    15d2:	90 e0       	ldi	r25, 0x00	; 0
    15d4:	08 95       	ret

000015d6 <USB::setup_device(bool) [clone .part.2]>:
_ZN3USB12setup_deviceEb.part.2():
    15d6:	cf 93       	push	r28
    15d8:	df 93       	push	r29
    15da:	c0 e0       	ldi	r28, 0x00	; 0
    15dc:	dc e0       	ldi	r29, 0x0C	; 12
/Users/askn/Develop/UPDI4AVR-USB/src/isp.cpp:114
    return 1;
  }
    15de:	18 82       	st	Y, r1
    15e0:	10 92 04 0c 	sts	0x0C04, r1	; 0x800c04 <__TEXT_REGION_LENGTH__+0x7f0c04>
/Users/askn/Develop/UPDI4AVR-USB/src/usb.cpp:236
    EP_MEM.cci_header.wIndex        = 1;    /* Interface#1 */
    EP_MEM.cci_header.wLength       = 2;
    EP_MEM.cci_wValue               = _state;
  }

  void setup_device (bool _force) {
    15e4:	8a e7       	ldi	r24, 0x7A	; 122
    15e6:	94 e6       	ldi	r25, 0x64	; 100
/Users/askn/Develop/UPDI4AVR-USB/src/usb.cpp:240
    if (_led_mode != 3) SYS::LED_Flash();
    USB0_ADDR = 0;
    if (USB0_CTRLA || _force) {
      USB0_CTRLA = 0;
    15e8:	80 93 06 0c 	sts	0x0C06, r24	; 0x800c06 <__TEXT_REGION_LENGTH__+0x7f0c06>
    15ec:	90 93 07 0c 	sts	0x0C07, r25	; 0x800c07 <__TEXT_REGION_LENGTH__+0x7f0c07>
/Users/askn/Develop/UPDI4AVR-USB/src/usb.cpp:241
      USB0_FIFOWP = 0;
    15f0:	81 e0       	ldi	r24, 0x01	; 1
/Users/askn/Develop/UPDI4AVR-USB/src/usb.cpp:242
      USB0_EPPTR = (uint16_t)&EP_TABLE.EP;
    15f2:	80 93 01 0c 	sts	0x0C01, r24	; 0x800c01 <__TEXT_REGION_LENGTH__+0x7f0c01>
    15f6:	8e b3       	in	r24, 0x1e	; 30
    15f8:	80 7c       	andi	r24, 0xC0	; 192
    15fa:	8e bb       	out	0x1e, r24	; 30
    15fc:	1f ba       	out	0x1f, r1	; 31
/Users/askn/Develop/UPDI4AVR-USB/src/usb.cpp:243
      USB0_CTRLB = USB_ATTACH_bm;
    15fe:	1c ba       	out	0x1c, r1	; 28
    1600:	10 92 70 64 	sts	0x6470, r1	; 0x806470 <_send_break>
/Users/askn/Develop/UPDI4AVR-USB/src/usb.cpp:244
      GPCONF &= GPCONF_SW0_gm;
    1604:	10 92 71 64 	sts	0x6471, r1	; 0x806471 <_send_break+0x1>
    1608:	10 92 6f 64 	sts	0x646F, r1	; 0x80646f <_send_count>
/Users/askn/Develop/UPDI4AVR-USB/src/usb.cpp:246
      PGCONF = 0;
      RXSTAT = 0;
    160c:	10 92 6e 64 	sts	0x646E, r1	; 0x80646e <_recv_count>
/Users/askn/Develop/UPDI4AVR-USB/src/usb.cpp:247
      _send_break = 0;
    1610:	10 92 6d 64 	sts	0x646D, r1	; 0x80646d <_set_config>
    1614:	10 92 6c 64 	sts	0x646C, r1	; 0x80646c <_sof_count>
/Users/askn/Develop/UPDI4AVR-USB/src/usb.cpp:248
      _send_count = 0;
    1618:	4a e4       	ldi	r20, 0x4A	; 74
/Users/askn/Develop/UPDI4AVR-USB/src/usb.cpp:249
      _recv_count = 0;
    161a:	50 e0       	ldi	r21, 0x00	; 0
    161c:	61 e0       	ldi	r22, 0x01	; 1
/Users/askn/Develop/UPDI4AVR-USB/src/usb.cpp:250
      _set_config = 0;
    161e:	72 e0       	ldi	r23, 0x02	; 2
    1620:	82 e7       	ldi	r24, 0x72	; 114
/Users/askn/Develop/UPDI4AVR-USB/src/usb.cpp:251
      _sof_count = 0;
    1622:	94 e6       	ldi	r25, 0x64	; 100
    1624:	0e 94 06 20 	call	0x400c	; 0x400c <memcpy_P>
set_cci_data():
/Users/askn/Develop/UPDI4AVR-USB/src/usb.cpp:252
      memcpy_P(&EP_TABLE, &ep_init, sizeof(EP_TABLE_t));
    1628:	e4 e5       	ldi	r30, 0x54	; 84
    162a:	f3 e6       	ldi	r31, 0x63	; 99
    162c:	81 ea       	ldi	r24, 0xA1	; 161
    162e:	80 87       	std	Z+8, r24	; 0x08
    1630:	80 e2       	ldi	r24, 0x20	; 32
    1632:	81 87       	std	Z+9, r24	; 0x09
/Users/askn/Develop/UPDI4AVR-USB/src/usb.cpp:228
    return _size;
  }

  void set_cci_data (uint16_t _state) {
    _set_serial_state = _state;
    EP_MEM.cci_header.bmRequestType = 0xA1; /* REQTYPE_DIRECTION | REQTYPE_CLASS | RECIPIENT_INTERFACE */
    1634:	12 86       	std	Z+10, r1	; 0x0a
    1636:	13 86       	std	Z+11, r1	; 0x0b
    1638:	81 e0       	ldi	r24, 0x01	; 1
    163a:	90 e0       	ldi	r25, 0x00	; 0
/Users/askn/Develop/UPDI4AVR-USB/src/usb.cpp:229
    EP_MEM.cci_header.bRequest      = 0x20; /* CDC_REQ_SerialState */
    163c:	84 87       	std	Z+12, r24	; 0x0c
    163e:	95 87       	std	Z+13, r25	; 0x0d
/Users/askn/Develop/UPDI4AVR-USB/src/usb.cpp:230
    EP_MEM.cci_header.wValue        = 0;
    1640:	82 e0       	ldi	r24, 0x02	; 2
    1642:	90 e0       	ldi	r25, 0x00	; 0
/Users/askn/Develop/UPDI4AVR-USB/src/usb.cpp:231
    EP_MEM.cci_header.wIndex        = 1;    /* Interface#1 */
    1644:	86 87       	std	Z+14, r24	; 0x0e
    1646:	97 87       	std	Z+15, r25	; 0x0f
    1648:	10 8a       	std	Z+16, r1	; 0x10
    164a:	11 8a       	std	Z+17, r1	; 0x11
_ZN3USB12setup_deviceEb.part.2():
/Users/askn/Develop/UPDI4AVR-USB/src/usb.cpp:232
    EP_MEM.cci_header.wLength       = 2;
    164c:	83 e8       	ldi	r24, 0x83	; 131
    164e:	88 83       	st	Y, r24
    1650:	df 91       	pop	r29
    1652:	cf 91       	pop	r28
/Users/askn/Develop/UPDI4AVR-USB/src/usb.cpp:233
    EP_MEM.cci_wValue               = _state;
    1654:	08 95       	ret

00001656 <USART::disable_vcp() [clone .part.1]>:
_ZN5USART11disable_vcpEv.part.1():
/Users/askn/Develop/UPDI4AVR-USB/src/usb.cpp:254
      _recv_count = 0;
      _set_config = 0;
      _sof_count = 0;
      memcpy_P(&EP_TABLE, &ep_init, sizeof(EP_TABLE_t));
      set_cci_data(0x00);
      USB0_CTRLA = USB_ENABLE_bm | (USB_ENDPOINTS_MAX - 1);
    1656:	8a e1       	ldi	r24, 0x1A	; 26
    1658:	8a 95       	dec	r24
/Users/askn/Develop/UPDI4AVR-USB/src/usb.cpp:256
    }
  }
    165a:	f1 f7       	brne	.-4      	; 0x1658 <USART::disable_vcp() [clone .part.1]+0x2>
    165c:	00 c0       	rjmp	.+0      	; 0x165e <USART::disable_vcp() [clone .part.1]+0x8>
    165e:	8f b7       	in	r24, 0x3f	; 63
__iCliRetVal():
/Users/askn/Library/Arduino15/packages/MultiX-Zinnia/hardware/modernAVR/0.4.5/cores/modernAVR/api/delay_busywait.h:33
static __inline__ __attribute__((__always_inline__)) void delay_micros (uint32_t _us);
static __inline__ __attribute__((__always_inline__)) void delay_millis (uint32_t _ms);

void delay_micros (uint32_t _us) {
  if (F_CPU >= 1000000L) {
    __builtin_avr_delay_cycles((F_CPU / 1000000L) * _us);
    1660:	f8 94       	cli
_ZN5USART11disable_vcpEv.part.1():
    1662:	10 92 06 08 	sts	0x0806, r1	; 0x800806 <__TEXT_REGION_LENGTH__+0x7f0806>
    1666:	10 92 05 08 	sts	0x0805, r1	; 0x800805 <__TEXT_REGION_LENGTH__+0x7f0805>
/Users/askn/Library/Arduino15/packages/MultiX-Zinnia/tools/avr8-gcc/7.3.0-avr8-gnu-toolchain/avr/include/util/atomic.h:50
    return 1;
}

static __inline__ uint8_t __iCliRetVal(void)
{
    cli();
    166a:	1c ba       	out	0x1c, r1	; 28
/Users/askn/Develop/UPDI4AVR-USB/src/usart.cpp:77
      /* Allow time to move USART0_TXDATA */
      delay_micros(4);
      ATOMIC_BLOCK(ATOMIC_RESTORESTATE) {
        /* Simply clearing the CTRLB does not disable the USART completely.                    */
        /* This errata is not documented for the AVR-DU, but is the same as for tinyAVR-0 etc. */
        USART0_CTRLB = 0;
    166c:	1d ba       	out	0x1d, r1	; 29
    166e:	95 e1       	ldi	r25, 0x15	; 21
/Users/askn/Develop/UPDI4AVR-USB/src/usart.cpp:78
        USART0_CTRLA = 0;
    1670:	90 93 e2 05 	sts	0x05E2, r25	; 0x8005e2 <__TEXT_REGION_LENGTH__+0x7f05e2>
/Users/askn/Develop/UPDI4AVR-USB/src/usart.cpp:79
        RXSTAT = 0;
    1674:	f1 98       	cbi	0x1e, 1	; 30
__iRestore():
/Users/askn/Develop/UPDI4AVR-USB/src/usart.cpp:80
        RXDATA = 0;
    1676:	8f bf       	out	0x3f, r24	; 63
_ZN5USART11disable_vcpEv.part.1():
/Users/askn/Develop/UPDI4AVR-USB/src/usart.cpp:81
        PORTMUX_USARTROUTEA = PORTMUX_USART_NONE;
    1678:	88 e0       	ldi	r24, 0x08	; 8
    167a:	80 93 12 04 	sts	0x0412, r24	; 0x800412 <__TEXT_REGION_LENGTH__+0x7f0412>
/Users/askn/Develop/UPDI4AVR-USB/src/usart.cpp:82
        bit_clear(GPCONF, GPCONF_VCP_bp);
    167e:	02 98       	cbi	0x00, 2	; 0
/Users/askn/Library/Arduino15/packages/MultiX-Zinnia/tools/avr8-gcc/7.3.0-avr8-gnu-toolchain/avr/include/util/atomic.h:70
    (void)__s;
}

static __inline__ void __iRestore(const  uint8_t *__s)
{
    SREG = *__s;
    1680:	03 98       	cbi	0x00, 3	; 0
/Users/askn/Develop/UPDI4AVR-USB/src/usart.cpp:84
      }
      pinControlRegister(PIN_VCP_TXD) = PORT_PULLUPEN_bm;
    1682:	08 95       	ret

00001684 <USART::setup()>:
_ZN5USART5setupEv():
    1684:	80 91 50 63 	lds	r24, 0x6350	; 0x806350 <_led_mode>
/Users/askn/Develop/UPDI4AVR-USB/src/usart.cpp:85
      pinLogicOpen(PIN_VCP_TXD);
    1688:	84 30       	cpi	r24, 0x04	; 4
/Users/askn/Develop/UPDI4AVR-USB/src/usart.cpp:86
      pinLogicOpen(PIN_VCP_RXD);
    168a:	b1 f0       	breq	.+44     	; 0x16b8 <USART::setup()+0x34>
/Users/askn/Develop/UPDI4AVR-USB/src/usart.cpp:88
    }
  }
    168c:	10 92 2a 0a 	sts	0x0A2A, r1	; 0x800a2a <__TEXT_REGION_LENGTH__+0x7f0a2a>
/Users/askn/Develop/UPDI4AVR-USB/src/sys.cpp:195

  WEAK void LED_TM (uint8_t _mode, uint16_t _ccmp) {
    if (_led_mode != _mode) {
    1690:	8f e0       	ldi	r24, 0x0F	; 15
    1692:	80 93 00 0a 	sts	0x0A00, r24	; 0x800a00 <__TEXT_REGION_LENGTH__+0x7f0a00>
/Users/askn/Develop/UPDI4AVR-USB/src/sys.cpp:197
      D1PRINTF(" LED=%d\r\n", _mode);
      TCA0_SPLIT_LCMP1 = 0;             /* turn off TCA0_WO1 */
    1696:	24 e0       	ldi	r18, 0x04	; 4
    1698:	30 e0       	ldi	r19, 0x00	; 0
/Users/askn/Develop/UPDI4AVR-USB/src/sys.cpp:198
      TCA0_SPLIT_CTRLA = TCA_SPLIT_ENABLE_bm | TCA_SPLIT_CLKSEL_DIV1024_gc;
    169a:	20 93 0a 0b 	sts	0x0B0A, r18	; 0x800b0a <__TEXT_REGION_LENGTH__+0x7f0b0a>
    169e:	30 93 0b 0b 	sts	0x0B0B, r19	; 0x800b0b <__TEXT_REGION_LENGTH__+0x7f0b0b>
/Users/askn/Develop/UPDI4AVR-USB/src/sys.cpp:199
      TCB0_CNT   = (_ccmp >> 1) - 2;
    16a2:	9c e0       	ldi	r25, 0x0C	; 12
    16a4:	90 93 0c 0b 	sts	0x0B0C, r25	; 0x800b0c <__TEXT_REGION_LENGTH__+0x7f0b0c>
    16a8:	96 e0       	ldi	r25, 0x06	; 6
    16aa:	90 93 0d 0b 	sts	0x0B0D, r25	; 0x800b0d <__TEXT_REGION_LENGTH__+0x7f0b0d>
/Users/askn/Develop/UPDI4AVR-USB/src/sys.cpp:200
      TCB0_CCMPL = _ccmp;
    16ae:	80 93 00 0b 	sts	0x0B00, r24	; 0x800b00 <__TEXT_REGION_LENGTH__+0x7f0b00>
/Users/askn/Develop/UPDI4AVR-USB/src/sys.cpp:201
      TCB0_CCMPH = _ccmp >> 1;          /* compare TCB0_WO */
    16b2:	84 e0       	ldi	r24, 0x04	; 4
    16b4:	80 93 50 63 	sts	0x6350, r24	; 0x806350 <_led_mode>
disable_vcp():
/Users/askn/Develop/UPDI4AVR-USB/src/sys.cpp:202
      TCB0_CTRLA = TCB_ENABLE_bm | TCB_CLKSEL_EVENT_gc;
    16b8:	80 91 06 08 	lds	r24, 0x0806	; 0x800806 <__TEXT_REGION_LENGTH__+0x7f0806>
/Users/askn/Develop/UPDI4AVR-USB/src/sys.cpp:203
      _led_mode = _mode;
    16bc:	81 11       	cpse	r24, r1
    16be:	cb df       	rcall	.-106    	; 0x1656 <USART::disable_vcp() [clone .part.1]>
_ZN5USART5setupEv():
    16c0:	00 98       	cbi	0x00, 0	; 0
/Users/askn/Develop/UPDI4AVR-USB/src/usart.cpp:70
    } while (--_delay);
  }

  /*** Stop the VCP and release the ports in use. ***/
  void disable_vcp (void) {
    if (USART0_CTRLB) {
    16c2:	01 98       	cbi	0x00, 1	; 0
    16c4:	02 98       	cbi	0x00, 2	; 0
    16c6:	80 91 51 63 	lds	r24, 0x6351	; 0x806351 <_jtag_arch>
    16ca:	83 30       	cpi	r24, 0x03	; 3
/Users/askn/Develop/UPDI4AVR-USB/src/usart.cpp:27
namespace USART {

  void setup (void) {
    SYS::LED_Fast();
    disable_vcp();
    pinLogicOpen(PIN_PGM_TDAT);
    16cc:	19 f4       	brne	.+6      	; 0x16d4 <USART::setup()+0x50>
/Users/askn/Develop/UPDI4AVR-USB/src/usart.cpp:28
    pinLogicOpen(PIN_PGM_TRST);
    16ce:	04 9a       	sbi	0x00, 4	; 0
/Users/askn/Develop/UPDI4AVR-USB/src/usart.cpp:29
    pinLogicOpen(PIN_PGM_TCLK);
    16d0:	06 98       	cbi	0x00, 6	; 0
/Users/askn/Develop/UPDI4AVR-USB/src/usart.cpp:31
  #ifdef CONFIG_PGM_PDI_ENABLE
    if (_jtag_arch == 3) {
    16d2:	08 95       	ret
    16d4:	04 98       	cbi	0x00, 4	; 0
    16d6:	fc cf       	rjmp	.-8      	; 0x16d0 <USART::setup()+0x4c>

000016d8 <UPDI::sys_wait_clear(unsigned char)>:
_ZN4UPDI14sys_wait_clearEh():
    16d8:	cf 93       	push	r28
/Users/askn/Develop/UPDI4AVR-USB/src/usart.cpp:32
      pinLogicPull(PIN_PGM_PDAT);
    16da:	df 93       	push	r29
delay_micros():
/Users/askn/Develop/UPDI4AVR-USB/src/usart.cpp:37
    }
    else {
      pinLogicOpen(PIN_PGM_PDAT);
    }
    pinLogicOpen(PIN_PGM_PCLK);
    16dc:	e2 e1       	ldi	r30, 0x12	; 18
/Users/askn/Develop/UPDI4AVR-USB/src/usart.cpp:39
  #endif
  }
    16de:	f1 e0       	ldi	r31, 0x01	; 1
/Users/askn/Develop/UPDI4AVR-USB/src/usart.cpp:35
  #ifdef CONFIG_PGM_PDI_ENABLE
    if (_jtag_arch == 3) {
      pinLogicPull(PIN_PGM_PDAT);
    }
    else {
      pinLogicOpen(PIN_PGM_PDAT);
    16e0:	31 97       	sbiw	r30, 0x01	; 1
    16e2:	f1 f7       	brne	.-4      	; 0x16e0 <UPDI::sys_wait_clear(unsigned char)+0x8>
/Users/askn/Develop/UPDI4AVR-USB/src/updi.cpp:255
      sys_status();
    } while (bit_is_clear(RXDATA, _bit));
    return true;
  }

  bool sys_wait_clear (uint8_t _bit) {
    16e4:	00 c0       	rjmp	.+0      	; 0x16e6 <UPDI::sys_wait_clear(unsigned char)+0xe>
    16e6:	00 00       	nop
/Users/askn/Library/Arduino15/packages/MultiX-Zinnia/hardware/modernAVR/0.4.5/cores/modernAVR/api/delay_busywait.h:33
    16e8:	c1 e0       	ldi	r28, 0x01	; 1
    16ea:	d0 e0       	ldi	r29, 0x00	; 0
    16ec:	02 c0       	rjmp	.+4      	; 0x16f2 <UPDI::sys_wait_clear(unsigned char)+0x1a>
    16ee:	cc 0f       	add	r28, r28
    16f0:	dd 1f       	adc	r29, r29
    16f2:	8a 95       	dec	r24
    16f4:	e2 f7       	brpl	.-8      	; 0x16ee <UPDI::sys_wait_clear(unsigned char)+0x16>
_ZN4UPDI14sys_wait_clearEh():
    16f6:	0e 94 ab 02 	call	0x556	; 0x556 <UPDI::sys_status()>
    16fa:	8d b3       	in	r24, 0x1d	; 29
    16fc:	90 e0       	ldi	r25, 0x00	; 0
    16fe:	8c 23       	and	r24, r28
/Users/askn/Develop/UPDI4AVR-USB/src/updi.cpp:258
    SYS::delay_55us();
    do {
      sys_status();
    1700:	9d 23       	and	r25, r29
    1702:	89 2b       	or	r24, r25
/Users/askn/Develop/UPDI4AVR-USB/src/updi.cpp:259
    } while (bit_is_set(RXDATA, _bit));
    1704:	c1 f7       	brne	.-16     	; 0x16f6 <UPDI::sys_wait_clear(unsigned char)+0x1e>
    1706:	81 e0       	ldi	r24, 0x01	; 1
    1708:	df 91       	pop	r29
    170a:	cf 91       	pop	r28
    170c:	08 95       	ret

0000170e <UPDI::sys_wait_set(unsigned char)>:
_ZN4UPDI12sys_wait_setEh():
    170e:	cf 93       	push	r28
/Users/askn/Develop/UPDI4AVR-USB/src/updi.cpp:261
    return true;
  }
    1710:	df 93       	push	r29
delay_micros():
    1712:	e2 e1       	ldi	r30, 0x12	; 18
    1714:	f1 e0       	ldi	r31, 0x01	; 1
/Users/askn/Develop/UPDI4AVR-USB/src/updi.cpp:247
      key_status();
    } while (bit_is_set(RXDATA, _bit));
    return true;
  }

  bool sys_wait_set (uint8_t _bit) {
    1716:	31 97       	sbiw	r30, 0x01	; 1
    1718:	f1 f7       	brne	.-4      	; 0x1716 <UPDI::sys_wait_set(unsigned char)+0x8>
/Users/askn/Library/Arduino15/packages/MultiX-Zinnia/hardware/modernAVR/0.4.5/cores/modernAVR/api/delay_busywait.h:33
    171a:	00 c0       	rjmp	.+0      	; 0x171c <UPDI::sys_wait_set(unsigned char)+0xe>
    171c:	00 00       	nop
    171e:	c1 e0       	ldi	r28, 0x01	; 1
    1720:	d0 e0       	ldi	r29, 0x00	; 0
    1722:	02 c0       	rjmp	.+4      	; 0x1728 <UPDI::sys_wait_set(unsigned char)+0x1a>
    1724:	cc 0f       	add	r28, r28
    1726:	dd 1f       	adc	r29, r29
    1728:	8a 95       	dec	r24
    172a:	e2 f7       	brpl	.-8      	; 0x1724 <UPDI::sys_wait_set(unsigned char)+0x16>
_ZN4UPDI12sys_wait_setEh():
    172c:	0e 94 ab 02 	call	0x556	; 0x556 <UPDI::sys_status()>
    1730:	8d b3       	in	r24, 0x1d	; 29
    1732:	90 e0       	ldi	r25, 0x00	; 0
/Users/askn/Develop/UPDI4AVR-USB/src/updi.cpp:250
    SYS::delay_55us();
    do {
      sys_status();
    1734:	8c 23       	and	r24, r28
    1736:	9d 23       	and	r25, r29
/Users/askn/Develop/UPDI4AVR-USB/src/updi.cpp:251
    } while (bit_is_clear(RXDATA, _bit));
    1738:	89 2b       	or	r24, r25
    173a:	c1 f3       	breq	.-16     	; 0x172c <UPDI::sys_wait_set(unsigned char)+0x1e>
    173c:	81 e0       	ldi	r24, 0x01	; 1
    173e:	df 91       	pop	r29
    1740:	cf 91       	pop	r28
/Users/askn/Develop/UPDI4AVR-USB/src/updi.cpp:253
    return true;
  }
    1742:	08 95       	ret

00001744 <UPDI::key_wait_set(unsigned char)>:
_ZN4UPDI12key_wait_setEh():
    1744:	cf 93       	push	r28
    1746:	df 93       	push	r29
delay_micros():
    1748:	e2 e1       	ldi	r30, 0x12	; 18
/Users/askn/Develop/UPDI4AVR-USB/src/updi.cpp:231
  bool sys_status (void) {
    const static uint8_t _sys_stat[] = {0x55, 0x8B};
    return send_bytes(_sys_stat, 2) && recv();
  }

  bool key_wait_set (uint8_t _bit) {
    174a:	f1 e0       	ldi	r31, 0x01	; 1
    174c:	31 97       	sbiw	r30, 0x01	; 1
/Users/askn/Library/Arduino15/packages/MultiX-Zinnia/hardware/modernAVR/0.4.5/cores/modernAVR/api/delay_busywait.h:33
    174e:	f1 f7       	brne	.-4      	; 0x174c <UPDI::key_wait_set(unsigned char)+0x8>
    1750:	00 c0       	rjmp	.+0      	; 0x1752 <UPDI::key_wait_set(unsigned char)+0xe>
    1752:	00 00       	nop
    1754:	c1 e0       	ldi	r28, 0x01	; 1
    1756:	d0 e0       	ldi	r29, 0x00	; 0
    1758:	02 c0       	rjmp	.+4      	; 0x175e <UPDI::key_wait_set(unsigned char)+0x1a>
    175a:	cc 0f       	add	r28, r28
    175c:	dd 1f       	adc	r29, r29
    175e:	8a 95       	dec	r24
    1760:	e2 f7       	brpl	.-8      	; 0x175a <UPDI::key_wait_set(unsigned char)+0x16>
_ZN4UPDI12key_wait_setEh():
    1762:	0e 94 b4 02 	call	0x568	; 0x568 <UPDI::key_status()>
/Users/askn/Develop/UPDI4AVR-USB/src/updi.cpp:234
    SYS::delay_55us();
    do {
      key_status();
    1766:	8d b3       	in	r24, 0x1d	; 29
    1768:	90 e0       	ldi	r25, 0x00	; 0
/Users/askn/Develop/UPDI4AVR-USB/src/updi.cpp:235
    } while (bit_is_clear(RXDATA, _bit));
    176a:	8c 23       	and	r24, r28
    176c:	9d 23       	and	r25, r29
    176e:	89 2b       	or	r24, r25
    1770:	c1 f3       	breq	.-16     	; 0x1762 <UPDI::key_wait_set(unsigned char)+0x1e>
    1772:	81 e0       	ldi	r24, 0x01	; 1
/Users/askn/Develop/UPDI4AVR-USB/src/updi.cpp:237
    return true;
  }
    1774:	df 91       	pop	r29
    1776:	cf 91       	pop	r28
    1778:	08 95       	ret

0000177a <UPDI::set_nvmprog_key(bool)>:
_ZN4UPDI15set_nvmprog_keyEb():
    177a:	cf 93       	push	r28
/Users/askn/Develop/UPDI4AVR-USB/src/updi.cpp:263
      sys_status();
    } while (bit_is_set(RXDATA, _bit));
    return true;
  }

  bool set_nvmprog_key (bool _reset = true) {
    177c:	c8 2f       	mov	r28, r24
    177e:	6a e0       	ldi	r22, 0x0A	; 10
/Users/askn/Develop/UPDI4AVR-USB/src/updi.cpp:265
    D1PRINTF(" PROG_KEY=");   /* wait set NVMPROG */
    if (!send_bytes(nvmprog_key, sizeof(nvmprog_key)) || !key_wait_set(4)) return false;
    1780:	70 e0       	ldi	r23, 0x00	; 0
    1782:	83 e6       	ldi	r24, 0x63	; 99
    1784:	90 e6       	ldi	r25, 0x60	; 96
    1786:	0e 94 91 02 	call	0x522	; 0x522 <UPDI::send_bytes(unsigned char const*, unsigned int)>
    178a:	81 11       	cpse	r24, r1
    178c:	03 c0       	rjmp	.+6      	; 0x1794 <UPDI::set_nvmprog_key(bool)+0x1a>
    178e:	80 e0       	ldi	r24, 0x00	; 0
    1790:	cf 91       	pop	r28
/Users/askn/Develop/UPDI4AVR-USB/src/updi.cpp:267
    return _reset ? sys_reset(false) : true;
  }
    1792:	08 95       	ret
    1794:	84 e0       	ldi	r24, 0x04	; 4
/Users/askn/Develop/UPDI4AVR-USB/src/updi.cpp:265
    return true;
  }

  bool set_nvmprog_key (bool _reset = true) {
    D1PRINTF(" PROG_KEY=");   /* wait set NVMPROG */
    if (!send_bytes(nvmprog_key, sizeof(nvmprog_key)) || !key_wait_set(4)) return false;
    1796:	d6 df       	rcall	.-84     	; 0x1744 <UPDI::key_wait_set(unsigned char)>
    1798:	88 23       	and	r24, r24
    179a:	c9 f3       	breq	.-14     	; 0x178e <UPDI::set_nvmprog_key(bool)+0x14>
    179c:	cc 23       	and	r28, r28
/Users/askn/Develop/UPDI4AVR-USB/src/updi.cpp:266
    return _reset ? sys_reset(false) : true;
    179e:	c1 f3       	breq	.-16     	; 0x1790 <UPDI::set_nvmprog_key(bool)+0x16>
sys_reset():
    17a0:	66 e0       	ldi	r22, 0x06	; 6
/Users/askn/Develop/UPDI4AVR-USB/src/updi.cpp:134
    const static uint8_t _reset[] = {
      0x55, 0xC8, 0x59, /* SYSRST */
      0x55, 0xC8, 0x00, /* SYSRUN */
      0x55, 0xC3, 0x04  /* UPDIDIS */
    };
    return send_bytes(_reset, _leave ? 9 : 6);
    17a2:	70 e0       	ldi	r23, 0x00	; 0
    17a4:	87 e9       	ldi	r24, 0x97	; 151
    17a6:	90 e6       	ldi	r25, 0x60	; 96
_ZN4UPDI15set_nvmprog_keyEb():
    17a8:	cf 91       	pop	r28
sys_reset():
/Users/askn/Develop/UPDI4AVR-USB/src/updi.cpp:267

  bool set_nvmprog_key (bool _reset = true) {
    D1PRINTF(" PROG_KEY=");   /* wait set NVMPROG */
    if (!send_bytes(nvmprog_key, sizeof(nvmprog_key)) || !key_wait_set(4)) return false;
    return _reset ? sys_reset(false) : true;
  }
    17aa:	0c 94 91 02 	jmp	0x522	; 0x522 <UPDI::send_bytes(unsigned char const*, unsigned int)>

000017ae <UPDI::enter_progmode()>:
_ZN4UPDI14enter_progmodeEv():
/Users/askn/Develop/UPDI4AVR-USB/src/updi.cpp:134
    const static uint8_t _reset[] = {
      0x55, 0xC8, 0x59, /* SYSRST */
      0x55, 0xC8, 0x00, /* SYSRUN */
      0x55, 0xC3, 0x04  /* UPDIDIS */
    };
    return send_bytes(_reset, _leave ? 9 : 6);
    17ae:	f9 9b       	sbis	0x1f, 1	; 31
/Users/askn/Develop/UPDI4AVR-USB/src/updi.cpp:468
  inline size_t disconnect (void) {
    return sys_reset(true);
  }

  size_t enter_progmode (void) {
    if (bit_is_set(PGCONF, PGCONF_PROG_bp)) return 1;
    17b0:	03 c0       	rjmp	.+6      	; 0x17b8 <UPDI::enter_progmode()+0xa>
    17b2:	81 e0       	ldi	r24, 0x01	; 1
/Users/askn/Develop/UPDI4AVR-USB/src/updi.cpp:477

    /* Verify that the NVMPROG bit is cleared. */
    /* A locked device does not have LOCKSTATUS cleared. */
    if (key_wait_clear(4) && sys_status() && bit_is_clear(RXDATA, 0)) {
      bit_set(PGCONF, PGCONF_PROG_bp);
      (*Command_Table.prog_init)();
    17b4:	90 e0       	ldi	r25, 0x00	; 0
    17b6:	08 95       	ret
    17b8:	81 e0       	ldi	r24, 0x01	; 1
/Users/askn/Develop/UPDI4AVR-USB/src/updi.cpp:471

  size_t enter_progmode (void) {
    if (bit_is_set(PGCONF, PGCONF_PROG_bp)) return 1;

    /* Enter NVMPROGKEY. */
    if (!set_nvmprog_key()) return 0;
    17ba:	df df       	rcall	.-66     	; 0x177a <UPDI::set_nvmprog_key(bool)>
    17bc:	88 23       	and	r24, r24
    17be:	b9 f0       	breq	.+46     	; 0x17ee <UPDI::enter_progmode()+0x40>
delay_micros():
    17c0:	82 e1       	ldi	r24, 0x12	; 18
    17c2:	91 e0       	ldi	r25, 0x01	; 1
/Users/askn/Library/Arduino15/packages/MultiX-Zinnia/hardware/modernAVR/0.4.5/cores/modernAVR/api/delay_busywait.h:33
    17c4:	01 97       	sbiw	r24, 0x01	; 1
    17c6:	f1 f7       	brne	.-4      	; 0x17c4 <UPDI::enter_progmode()+0x16>
    17c8:	00 c0       	rjmp	.+0      	; 0x17ca <UPDI::enter_progmode()+0x1c>
    17ca:	00 00       	nop
key_wait_clear():
    17cc:	0e 94 b4 02 	call	0x568	; 0x568 <UPDI::key_status()>
/Users/askn/Develop/UPDI4AVR-USB/src/updi.cpp:242
  }

  bool key_wait_clear (uint8_t _bit) {
    SYS::delay_55us();
    do {
      key_status();
    17d0:	ec 99       	sbic	0x1d, 4	; 29
    17d2:	fc cf       	rjmp	.-8      	; 0x17cc <UPDI::enter_progmode()+0x1e>
_ZN4UPDI14enter_progmodeEv():
/Users/askn/Develop/UPDI4AVR-USB/src/updi.cpp:243
    } while (bit_is_set(RXDATA, _bit));
    17d4:	0e 94 ab 02 	call	0x556	; 0x556 <UPDI::sys_status()>
/Users/askn/Develop/UPDI4AVR-USB/src/updi.cpp:475
    /* Enter NVMPROGKEY. */
    if (!set_nvmprog_key()) return 0;

    /* Verify that the NVMPROG bit is cleared. */
    /* A locked device does not have LOCKSTATUS cleared. */
    if (key_wait_clear(4) && sys_status() && bit_is_clear(RXDATA, 0)) {
    17d8:	88 23       	and	r24, r24
    17da:	59 f3       	breq	.-42     	; 0x17b2 <UPDI::enter_progmode()+0x4>
    17dc:	e8 99       	sbic	0x1d, 0	; 29
    17de:	e9 cf       	rjmp	.-46     	; 0x17b2 <UPDI::enter_progmode()+0x4>
    17e0:	f9 9a       	sbi	0x1f, 1	; 31
    17e2:	e0 91 48 63 	lds	r30, 0x6348	; 0x806348 <Command_Table>
/Users/askn/Develop/UPDI4AVR-USB/src/updi.cpp:477
      bit_set(PGCONF, PGCONF_PROG_bp);
      (*Command_Table.prog_init)();
    17e6:	f0 91 49 63 	lds	r31, 0x6349	; 0x806349 <Command_Table+0x1>
    17ea:	09 95       	icall
    17ec:	e2 cf       	rjmp	.-60     	; 0x17b2 <UPDI::enter_progmode()+0x4>
    17ee:	90 e0       	ldi	r25, 0x00	; 0
    17f0:	80 e0       	ldi	r24, 0x00	; 0
/Users/askn/Develop/UPDI4AVR-USB/src/updi.cpp:471

  size_t enter_progmode (void) {
    if (bit_is_set(PGCONF, PGCONF_PROG_bp)) return 1;

    /* Enter NVMPROGKEY. */
    if (!set_nvmprog_key()) return 0;
    17f2:	08 95       	ret

000017f4 <UPDI::write_userrow()>:
_ZN4UPDI13write_userrowEv():
    17f4:	cf 92       	push	r12
/Users/askn/Develop/UPDI4AVR-USB/src/updi.cpp:483
    }
    D1PRINTF("%02X\r\n", RXDATA);

    /* In either case it returns success. */
    return 1;
  }
    17f6:	df 92       	push	r13
/Users/askn/Develop/UPDI4AVR-USB/src/updi.cpp:309
  /*
   * Use the UPDI ACC to write to the USERROW of the locked chip.
   * The write start address should match the USERROW address.
   * The write length should match the USERROW field.
   */
  bool write_userrow (void) {
    17f8:	ef 92       	push	r14
    17fa:	ff 92       	push	r15
    17fc:	cf 93       	push	r28
    17fe:	df 93       	push	r29
    1800:	f8 99       	sbic	0x1f, 0	; 31
    1802:	09 c0       	rjmp	.+18     	; 0x1816 <UPDI::write_userrow()+0x22>
/Users/askn/Develop/UPDI4AVR-USB/src/updi.cpp:318
    uint32_t _dwAddr = packet.out.dwAddr;
    size_t  _wLength = packet.out.dwLength;
    if (bit_is_clear(PGCONF, PGCONF_PGIA_bp)
     || m_type != 0xC5
     || _wLength != Device_Descriptor.UPDI.user_sig_bytes
     || (uint16_t)_dwAddr != Device_Descriptor.UPDI.user_sig_base) return false;
    1804:	c0 e0       	ldi	r28, 0x00	; 0
    1806:	8c 2f       	mov	r24, r28
    1808:	df 91       	pop	r29
/Users/askn/Develop/UPDI4AVR-USB/src/updi.cpp:339
      sys_wait_set(3);    /* wait set PROGSTART */
      D1PRINTF(" RE_PROGSTART=%02X\r\n", RXDATA);
      return true;
    }
    else return sys_reset(false);
  }
    180a:	cf 91       	pop	r28
    180c:	ff 90       	pop	r15
    180e:	ef 90       	pop	r14
    1810:	df 90       	pop	r13
    1812:	cf 90       	pop	r12
    1814:	08 95       	ret
    1816:	80 91 dc 60 	lds	r24, 0x60DC	; 0x8060dc <packet+0x7>
/Users/askn/Develop/UPDI4AVR-USB/src/updi.cpp:316
    const static uint8_t _urowstop[] = { 0x55, 0xC7, 0x20 };  /* ASI_KEY_STATUS <= UROWWR */
    uint8_t   m_type = packet.out.bMType;
    uint32_t _dwAddr = packet.out.dwAddr;
    size_t  _wLength = packet.out.dwLength;
    if (bit_is_clear(PGCONF, PGCONF_PGIA_bp)
     || m_type != 0xC5
    181a:	85 3c       	cpi	r24, 0xC5	; 197
    181c:	99 f7       	brne	.-26     	; 0x1804 <UPDI::write_userrow()+0x10>
    181e:	c0 91 0b 63 	lds	r28, 0x630B	; 0x80630b <Device_Descriptor+0x18>
/Users/askn/Develop/UPDI4AVR-USB/src/updi.cpp:317
     || _wLength != Device_Descriptor.UPDI.user_sig_bytes
    1822:	d0 91 0c 63 	lds	r29, 0x630C	; 0x80630c <Device_Descriptor+0x19>
    1826:	80 91 e1 60 	lds	r24, 0x60E1	; 0x8060e1 <packet+0xc>
    182a:	90 91 e2 60 	lds	r25, 0x60E2	; 0x8060e2 <packet+0xd>
    182e:	c8 17       	cp	r28, r24
    1830:	d9 07       	cpc	r29, r25
    1832:	41 f7       	brne	.-48     	; 0x1804 <UPDI::write_userrow()+0x10>
    1834:	c0 90 dd 60 	lds	r12, 0x60DD	; 0x8060dd <packet+0x8>
/Users/askn/Develop/UPDI4AVR-USB/src/updi.cpp:313
   */
  bool write_userrow (void) {
    const static uint8_t _urowdone[] = { 0x55, 0xCA, 0x03 };  /* ASI_SYS_CTRLA <= UROWDONE|CLKREQ */
    const static uint8_t _urowstop[] = { 0x55, 0xC7, 0x20 };  /* ASI_KEY_STATUS <= UROWWR */
    uint8_t   m_type = packet.out.bMType;
    uint32_t _dwAddr = packet.out.dwAddr;
    1838:	d0 90 de 60 	lds	r13, 0x60DE	; 0x8060de <packet+0x9>
    183c:	e0 90 df 60 	lds	r14, 0x60DF	; 0x8060df <packet+0xa>
    1840:	f0 90 e0 60 	lds	r15, 0x60E0	; 0x8060e0 <packet+0xb>
    1844:	80 91 15 63 	lds	r24, 0x6315	; 0x806315 <Device_Descriptor+0x22>
/Users/askn/Develop/UPDI4AVR-USB/src/updi.cpp:318
    size_t  _wLength = packet.out.dwLength;
    if (bit_is_clear(PGCONF, PGCONF_PGIA_bp)
     || m_type != 0xC5
     || _wLength != Device_Descriptor.UPDI.user_sig_bytes
     || (uint16_t)_dwAddr != Device_Descriptor.UPDI.user_sig_base) return false;
    1848:	90 91 16 63 	lds	r25, 0x6316	; 0x806316 <Device_Descriptor+0x23>
    184c:	8c 15       	cp	r24, r12
    184e:	9d 05       	cpc	r25, r13
    1850:	c9 f6       	brne	.-78     	; 0x1804 <UPDI::write_userrow()+0x10>
    1852:	0e 94 7b 01 	call	0x2f6	; 0x2f6 <USART::drain(unsigned int) [clone .constprop.11]>
set_urowwrite_key():
/Users/askn/Develop/UPDI4AVR-USB/src/updi.cpp:319
    USART::drain();
    1856:	6a e0       	ldi	r22, 0x0A	; 10
/Users/askn/Develop/UPDI4AVR-USB/src/updi.cpp:278
    return sys_reset(false);
  }

  bool set_urowwrite_key (void) {
    D1PRINTF(" UROW_KEY=");   /* wait set UROWWRITE */
    if (!send_bytes(urowwrite_key, sizeof(urowwrite_key)) || !key_wait_set(5)) return false;
    1858:	70 e0       	ldi	r23, 0x00	; 0
    185a:	87 e7       	ldi	r24, 0x77	; 119
    185c:	90 e6       	ldi	r25, 0x60	; 96
    185e:	0e 94 91 02 	call	0x522	; 0x522 <UPDI::send_bytes(unsigned char const*, unsigned int)>
    1862:	88 23       	and	r24, r24
    1864:	79 f2       	breq	.-98     	; 0x1804 <UPDI::write_userrow()+0x10>
    1866:	85 e0       	ldi	r24, 0x05	; 5
    1868:	6d df       	rcall	.-294    	; 0x1744 <UPDI::key_wait_set(unsigned char)>
    186a:	88 23       	and	r24, r24
    186c:	59 f2       	breq	.-106    	; 0x1804 <UPDI::write_userrow()+0x10>
sys_reset():
    186e:	66 e0       	ldi	r22, 0x06	; 6
/Users/askn/Develop/UPDI4AVR-USB/src/updi.cpp:134
    const static uint8_t _reset[] = {
      0x55, 0xC8, 0x59, /* SYSRST */
      0x55, 0xC8, 0x00, /* SYSRUN */
      0x55, 0xC3, 0x04  /* UPDIDIS */
    };
    return send_bytes(_reset, _leave ? 9 : 6);
    1870:	70 e0       	ldi	r23, 0x00	; 0
    1872:	87 e9       	ldi	r24, 0x97	; 151
    1874:	90 e6       	ldi	r25, 0x60	; 96
    1876:	0e 94 91 02 	call	0x522	; 0x522 <UPDI::send_bytes(unsigned char const*, unsigned int)>
_ZN4UPDI13write_userrowEv():
/Users/askn/Develop/UPDI4AVR-USB/src/updi.cpp:322
     || _wLength != Device_Descriptor.UPDI.user_sig_bytes
     || (uint16_t)_dwAddr != Device_Descriptor.UPDI.user_sig_base) return false;
    USART::drain();
    D1PRINTF(" ENTER_UROW=%04lX:%04X\r\n", _dwAddr, _wLength);
    DFLUSH();
    if (!set_urowwrite_key()) return false;
    187a:	88 23       	and	r24, r24
    187c:	19 f2       	breq	.-122    	; 0x1804 <UPDI::write_userrow()+0x10>
/Users/askn/Develop/UPDI4AVR-USB/src/updi.cpp:323
    sys_wait_set(2);      /* wait set UROWPROG */
    187e:	82 e0       	ldi	r24, 0x02	; 2
    1880:	46 df       	rcall	.-372    	; 0x170e <UPDI::sys_wait_set(unsigned char)>
    1882:	ae 01       	movw	r20, r28
/Users/askn/Develop/UPDI4AVR-USB/src/updi.cpp:326
    D1PRINTF("<SYS:%02X:%d>\r\n", RXDATA, bit_is_clear(RXDATA, 2));
    DFLUSH();
    send_words_block(_dwAddr, _wLength);
    1884:	c7 01       	movw	r24, r14
    1886:	b6 01       	movw	r22, r12
    1888:	0e 94 d7 02 	call	0x5ae	; 0x5ae <UPDI::send_words_block(unsigned long, unsigned int)>
delay_micros():
    188c:	83 ef       	ldi	r24, 0xF3	; 243
/Users/askn/Library/Arduino15/packages/MultiX-Zinnia/hardware/modernAVR/0.4.5/cores/modernAVR/api/delay_busywait.h:33
    188e:	91 e0       	ldi	r25, 0x01	; 1
    1890:	01 97       	sbiw	r24, 0x01	; 1
    1892:	f1 f7       	brne	.-4      	; 0x1890 <UPDI::write_userrow()+0x9c>
    1894:	00 c0       	rjmp	.+0      	; 0x1896 <UPDI::write_userrow()+0xa2>
    1896:	00 00       	nop
_ZN4UPDI13write_userrowEv():
    1898:	63 e0       	ldi	r22, 0x03	; 3
/Users/askn/Develop/UPDI4AVR-USB/src/updi.cpp:328
    SYS::delay_100us();
    send_bytes(_urowdone, 3);
    189a:	70 e0       	ldi	r23, 0x00	; 0
    189c:	84 e8       	ldi	r24, 0x84	; 132
    189e:	90 e6       	ldi	r25, 0x60	; 96
    18a0:	0e 94 91 02 	call	0x522	; 0x522 <UPDI::send_bytes(unsigned char const*, unsigned int)>
    18a4:	82 e0       	ldi	r24, 0x02	; 2
/Users/askn/Develop/UPDI4AVR-USB/src/updi.cpp:329
    sys_wait_clear(2);    /* wait clear UROWPROG */
    18a6:	18 df       	rcall	.-464    	; 0x16d8 <UPDI::sys_wait_clear(unsigned char)>
    18a8:	63 e0       	ldi	r22, 0x03	; 3
/Users/askn/Develop/UPDI4AVR-USB/src/updi.cpp:332
    D1PRINTF("<SYS:%02X:%d>\r\n", RXDATA, bit_is_clear(RXDATA, 2));
    DFLUSH();
    send_bytes(_urowstop, 3);
    18aa:	70 e0       	ldi	r23, 0x00	; 0
    18ac:	81 e8       	ldi	r24, 0x81	; 129
    18ae:	90 e6       	ldi	r25, 0x60	; 96
    18b0:	0e 94 91 02 	call	0x522	; 0x522 <UPDI::send_bytes(unsigned char const*, unsigned int)>
/Users/askn/Develop/UPDI4AVR-USB/src/updi.cpp:333
    if (bit_is_set(PGCONF, PGCONF_PROG_bp) && set_nvmprog_key()) {
    18b4:	f9 99       	sbic	0x1f, 1	; 31
/Users/askn/Develop/UPDI4AVR-USB/src/updi.cpp:134
    const static uint8_t _reset[] = {
      0x55, 0xC8, 0x59, /* SYSRST */
      0x55, 0xC8, 0x00, /* SYSRUN */
      0x55, 0xC3, 0x04  /* UPDIDIS */
    };
    return send_bytes(_reset, _leave ? 9 : 6);
    18b6:	0c c0       	rjmp	.+24     	; 0x18d0 <UPDI::write_userrow()+0xdc>
sys_reset():
    18b8:	66 e0       	ldi	r22, 0x06	; 6
    18ba:	70 e0       	ldi	r23, 0x00	; 0
    18bc:	87 e9       	ldi	r24, 0x97	; 151
/Users/askn/Develop/UPDI4AVR-USB/src/updi.cpp:339
      sys_wait_set(3);    /* wait set PROGSTART */
      D1PRINTF(" RE_PROGSTART=%02X\r\n", RXDATA);
      return true;
    }
    else return sys_reset(false);
  }
    18be:	90 e6       	ldi	r25, 0x60	; 96
_ZN4UPDI13write_userrowEv():
    18c0:	df 91       	pop	r29
    18c2:	cf 91       	pop	r28
    18c4:	ff 90       	pop	r15
    18c6:	ef 90       	pop	r14
/Users/askn/Develop/UPDI4AVR-USB/src/updi.cpp:134
    const static uint8_t _reset[] = {
      0x55, 0xC8, 0x59, /* SYSRST */
      0x55, 0xC8, 0x00, /* SYSRUN */
      0x55, 0xC3, 0x04  /* UPDIDIS */
    };
    return send_bytes(_reset, _leave ? 9 : 6);
    18c8:	df 90       	pop	r13
    18ca:	cf 90       	pop	r12
sys_reset():
/Users/askn/Develop/UPDI4AVR-USB/src/updi.cpp:333
    send_bytes(_urowdone, 3);
    sys_wait_clear(2);    /* wait clear UROWPROG */
    D1PRINTF("<SYS:%02X:%d>\r\n", RXDATA, bit_is_clear(RXDATA, 2));
    DFLUSH();
    send_bytes(_urowstop, 3);
    if (bit_is_set(PGCONF, PGCONF_PROG_bp) && set_nvmprog_key()) {
    18cc:	0c 94 91 02 	jmp	0x522	; 0x522 <UPDI::send_bytes(unsigned char const*, unsigned int)>
_ZN4UPDI13write_userrowEv():
    18d0:	81 e0       	ldi	r24, 0x01	; 1
    18d2:	53 df       	rcall	.-346    	; 0x177a <UPDI::set_nvmprog_key(bool)>
    18d4:	c8 2f       	mov	r28, r24
    18d6:	88 23       	and	r24, r24
/Users/askn/Develop/UPDI4AVR-USB/src/updi.cpp:334
      sys_wait_set(3);    /* wait set PROGSTART */
    18d8:	79 f3       	breq	.-34     	; 0x18b8 <UPDI::write_userrow()+0xc4>
    18da:	83 e0       	ldi	r24, 0x03	; 3
    18dc:	18 df       	rcall	.-464    	; 0x170e <UPDI::sys_wait_set(unsigned char)>
    18de:	93 cf       	rjmp	.-218    	; 0x1806 <UPDI::write_userrow()+0x12>

000018e0 <NVM::V0::write_memory()>:
_ZN3NVM2V012write_memoryEv():
/Users/askn/Develop/UPDI4AVR-USB/src/nvmv0.cpp:142
    }
    /* Page erase will not be used if received. */
    return 1;
  }

  size_t write_memory (void) {
    18e0:	4f 92       	push	r4
    18e2:	5f 92       	push	r5
    18e4:	6f 92       	push	r6
    18e6:	7f 92       	push	r7
    18e8:	af 92       	push	r10
    18ea:	bf 92       	push	r11
    18ec:	cf 92       	push	r12
    18ee:	df 92       	push	r13
    18f0:	ef 92       	push	r14
    18f2:	ff 92       	push	r15
    18f4:	0f 93       	push	r16
    18f6:	1f 93       	push	r17
    18f8:	cf 93       	push	r28
    18fa:	df 93       	push	r29
    18fc:	00 d0       	rcall	.+0      	; 0x18fe <NVM::V0::write_memory()+0x1e>
    18fe:	00 d0       	rcall	.+0      	; 0x1900 <NVM::V0::write_memory()+0x20>
    1900:	cd b7       	in	r28, 0x3d	; 61
/Users/askn/Develop/UPDI4AVR-USB/src/nvmv0.cpp:146
    uint8_t  m_type = packet.out.bMType;
    uint16_t _wAddr = packet.out.dwAddr;
    size_t _wLength = packet.out.dwLength;
    if (bit_is_clear(PGCONF, PGCONF_PROG_bp)) return UPDI::write_userrow();
    1902:	de b7       	in	r29, 0x3e	; 62
    1904:	f9 99       	sbic	0x1f, 1	; 31
    1906:	14 c0       	rjmp	.+40     	; 0x1930 <NVM::V0::write_memory()+0x50>
    1908:	75 df       	rcall	.-278    	; 0x17f4 <UPDI::write_userrow()>
/Users/askn/Develop/UPDI4AVR-USB/src/nvmv0.cpp:166
      _wAddr += Device_Descriptor.UPDI.prog_base;
      return write_flash(_wAddr, _wLength);
    }
    else {
      /* MTYPE_SRAM */
      return UPDI::send_bytes_block(_wAddr, _wLength);
    190a:	90 e0       	ldi	r25, 0x00	; 0
/Users/askn/Develop/UPDI4AVR-USB/src/nvmv0.cpp:168
    }
  }
    190c:	24 96       	adiw	r28, 0x04	; 4
    190e:	cd bf       	out	0x3d, r28	; 61
    1910:	de bf       	out	0x3e, r29	; 62
    1912:	df 91       	pop	r29
    1914:	cf 91       	pop	r28
    1916:	1f 91       	pop	r17
    1918:	0f 91       	pop	r16
    191a:	ff 90       	pop	r15
    191c:	ef 90       	pop	r14
    191e:	df 90       	pop	r13
    1920:	cf 90       	pop	r12
    1922:	bf 90       	pop	r11
    1924:	af 90       	pop	r10
    1926:	7f 90       	pop	r7
    1928:	6f 90       	pop	r6
    192a:	5f 90       	pop	r5
    192c:	4f 90       	pop	r4
/Users/askn/Develop/UPDI4AVR-USB/src/nvmv0.cpp:143
    /* Page erase will not be used if received. */
    return 1;
  }

  size_t write_memory (void) {
    uint8_t  m_type = packet.out.bMType;
    192e:	08 95       	ret
    1930:	80 91 dc 60 	lds	r24, 0x60DC	; 0x8060dc <packet+0x7>
/Users/askn/Develop/UPDI4AVR-USB/src/nvmv0.cpp:144
    uint16_t _wAddr = packet.out.dwAddr;
    1934:	c0 90 dd 60 	lds	r12, 0x60DD	; 0x8060dd <packet+0x8>
    1938:	d0 90 de 60 	lds	r13, 0x60DE	; 0x8060de <packet+0x9>
    193c:	e0 90 df 60 	lds	r14, 0x60DF	; 0x8060df <packet+0xa>
    1940:	f0 90 e0 60 	lds	r15, 0x60E0	; 0x8060e0 <packet+0xb>
/Users/askn/Develop/UPDI4AVR-USB/src/nvmv0.cpp:145
    size_t _wLength = packet.out.dwLength;
    1944:	96 01       	movw	r18, r12
    1946:	00 91 e1 60 	lds	r16, 0x60E1	; 0x8060e1 <packet+0xc>
/Users/askn/Develop/UPDI4AVR-USB/src/nvmv0.cpp:147
    if (bit_is_clear(PGCONF, PGCONF_PROG_bp)) return UPDI::write_userrow();
    if (m_type == 0xB2 || m_type == 0xB3) {
    194a:	10 91 e2 60 	lds	r17, 0x60E2	; 0x8060e2 <packet+0xd>
    194e:	9e e4       	ldi	r25, 0x4E	; 78
    1950:	98 0f       	add	r25, r24
    1952:	92 30       	cpi	r25, 0x02	; 2
    1954:	08 f0       	brcs	.+2      	; 0x1958 <NVM::V0::write_memory()+0x78>
    1956:	46 c0       	rjmp	.+140    	; 0x19e4 <NVM::V0::write_memory()+0x104>
    1958:	85 ed       	ldi	r24, 0xD5	; 213
    195a:	e8 2e       	mov	r14, r24
/Users/askn/Develop/UPDI4AVR-USB/src/nvmv0.cpp:73
      uint16_t data;  /* NVMCTRL_REG_DATA */
      uint16_t addr;  /* NVMCTRL_REG_ADDR */
    } fuses;
    for (size_t _i = 0; _i < _wLength; _i++) {
      fuses.data = packet.out.memData[_i];
      fuses.addr = _wAddr + _i;
    195c:	80 e6       	ldi	r24, 0x60	; 96
    195e:	f8 2e       	mov	r15, r24
write_fuse():
    1960:	c9 01       	movw	r24, r18
    1962:	85 5d       	subi	r24, 0xD5	; 213
/Users/askn/Develop/UPDI4AVR-USB/src/nvmv0.cpp:71
  bool write_fuse (uint16_t _wAddr, size_t _wLength) {
    struct fuse_packet_t {
      uint16_t data;  /* NVMCTRL_REG_DATA */
      uint16_t addr;  /* NVMCTRL_REG_ADDR */
    } fuses;
    for (size_t _i = 0; _i < _wLength; _i++) {
    1964:	90 46       	sbci	r25, 0x60	; 96
    1966:	6c 01       	movw	r12, r24
    1968:	c7 01       	movw	r24, r14
    196a:	85 5d       	subi	r24, 0xD5	; 213
/Users/askn/Develop/UPDI4AVR-USB/src/nvmv0.cpp:72
      fuses.data = packet.out.memData[_i];
    196c:	90 46       	sbci	r25, 0x60	; 96
    196e:	80 17       	cp	r24, r16
    1970:	91 07       	cpc	r25, r17
    1972:	b0 f5       	brcc	.+108    	; 0x19e0 <NVM::V0::write_memory()+0x100>
    1974:	f7 01       	movw	r30, r14
/Users/askn/Develop/UPDI4AVR-USB/src/nvmv0.cpp:73
      fuses.addr = _wAddr + _i;
    1976:	81 89       	ldd	r24, Z+17	; 0x11
    1978:	90 e0       	ldi	r25, 0x00	; 0
    197a:	89 83       	std	Y+1, r24	; 0x01
    197c:	9a 83       	std	Y+2, r25	; 0x02
/Users/askn/Develop/UPDI4AVR-USB/src/nvmv0.cpp:75
      D2PRINTF(" NVM_V0_WFU=%04X<%02X\r\n", fuses.addr, fuses.data);
      nvm_wait();
    197e:	c6 01       	movw	r24, r12
    1980:	8e 0d       	add	r24, r14
    1982:	9f 1d       	adc	r25, r15
    1984:	8b 83       	std	Y+3, r24	; 0x03
    1986:	9c 83       	std	Y+4, r25	; 0x04
    1988:	78 dd       	rcall	.-1296   	; 0x147a <NVM::V0::nvm_wait()>
    198a:	ce 01       	movw	r24, r28
    198c:	01 96       	adiw	r24, 0x01	; 1
    198e:	5c 01       	movw	r10, r24
/Users/askn/Develop/UPDI4AVR-USB/src/updi.cpp:207
      && clear_rsd();
  }

  bool send_bytes_data (uint32_t _dwAddr, uint8_t* _data, size_t _wLength) {
    for (size_t _i = 0; _i < _wLength; _i++) {
      if (!send_byte(_dwAddr++, *_data++)) return false;
    1990:	66 e0       	ldi	r22, 0x06	; 6
    1992:	70 e1       	ldi	r23, 0x10	; 16
    1994:	80 e0       	ldi	r24, 0x00	; 0
    1996:	90 e0       	ldi	r25, 0x00	; 0
send_bytes_data():
    1998:	f5 01       	movw	r30, r10
    199a:	41 91       	ld	r20, Z+
    199c:	5f 01       	movw	r10, r30
    199e:	2b 01       	movw	r4, r22
    19a0:	3c 01       	movw	r6, r24
    19a2:	ff ef       	ldi	r31, 0xFF	; 255
    19a4:	4f 1a       	sub	r4, r31
    19a6:	5f 0a       	sbc	r5, r31
/Users/askn/Develop/UPDI4AVR-USB/src/nvmv0.cpp:78
      if (!(UPDI::send_bytes_data(NVM_DATA, (uint8_t*)&fuses, 4)
        && UPDI::nvm_ctrl(0x07)   /* NVM_CMD_WFU */
        && (nvm_wait() & 7) == 0)) return false;
    19a8:	6f 0a       	sbc	r6, r31
    19aa:	7f 0a       	sbc	r7, r31
    19ac:	0e 94 15 03 	call	0x62a	; 0x62a <UPDI::send_byte(unsigned long, unsigned char)>
/Users/askn/Develop/UPDI4AVR-USB/src/updi.cpp:206
      && send_bytes(&packet.out.memData[0], _wLength & ~1)
      && clear_rsd();
  }

  bool send_bytes_data (uint32_t _dwAddr, uint8_t* _data, size_t _wLength) {
    for (size_t _i = 0; _i < _wLength; _i++) {
    19b0:	81 11       	cpse	r24, r1
    19b2:	02 c0       	rjmp	.+4      	; 0x19b8 <NVM::V0::write_memory()+0xd8>
_ZN3NVM2V012write_memoryEv():
    19b4:	80 e0       	ldi	r24, 0x00	; 0
    19b6:	a9 cf       	rjmp	.-174    	; 0x190a <NVM::V0::write_memory()+0x2a>
    19b8:	c3 01       	movw	r24, r6
/Users/askn/Develop/UPDI4AVR-USB/src/nvmv0.cpp:77
      fuses.data = packet.out.memData[_i];
      fuses.addr = _wAddr + _i;
      D2PRINTF(" NVM_V0_WFU=%04X<%02X\r\n", fuses.addr, fuses.data);
      nvm_wait();
      if (!(UPDI::send_bytes_data(NVM_DATA, (uint8_t*)&fuses, 4)
        && UPDI::nvm_ctrl(0x07)   /* NVM_CMD_WFU */
    19ba:	b2 01       	movw	r22, r4
send_bytes_data():
    19bc:	6a 30       	cpi	r22, 0x0A	; 10
    19be:	20 e1       	ldi	r18, 0x10	; 16
    19c0:	72 07       	cpc	r23, r18
/Users/askn/Develop/UPDI4AVR-USB/src/nvmv0.cpp:78
        && (nvm_wait() & 7) == 0)) return false;
    19c2:	81 05       	cpc	r24, r1
    19c4:	91 05       	cpc	r25, r1
    19c6:	41 f7       	brne	.-48     	; 0x1998 <NVM::V0::write_memory()+0xb8>
write_fuse():
    19c8:	87 e0       	ldi	r24, 0x07	; 7
    19ca:	0e 94 32 03 	call	0x664	; 0x664 <UPDI::nvm_ctrl(unsigned char)>
/Users/askn/Develop/UPDI4AVR-USB/src/nvmv0.cpp:76
    for (size_t _i = 0; _i < _wLength; _i++) {
      fuses.data = packet.out.memData[_i];
      fuses.addr = _wAddr + _i;
      D2PRINTF(" NVM_V0_WFU=%04X<%02X\r\n", fuses.addr, fuses.data);
      nvm_wait();
      if (!(UPDI::send_bytes_data(NVM_DATA, (uint8_t*)&fuses, 4)
    19ce:	88 23       	and	r24, r24
    19d0:	89 f3       	breq	.-30     	; 0x19b4 <NVM::V0::write_memory()+0xd4>
/Users/askn/Develop/UPDI4AVR-USB/src/nvmv0.cpp:80
        && UPDI::nvm_ctrl(0x07)   /* NVM_CMD_WFU */
        && (nvm_wait() & 7) == 0)) return false;
    }
    return true;
    19d2:	53 dd       	rcall	.-1370   	; 0x147a <NVM::V0::nvm_wait()>
    19d4:	9f ef       	ldi	r25, 0xFF	; 255
/Users/askn/Develop/UPDI4AVR-USB/src/nvmv0.cpp:152
    if (m_type == 0xB2 || m_type == 0xB3) {
      /* MTYPE_FUSE_BITS */
      /* MTYPE_LOCK_BITS */
      return write_fuse(_wAddr, _wLength);
    }
    else if (m_type == 0x22 || m_type == 0xC4 || m_type == 0xC5) {
    19d6:	e9 1a       	sub	r14, r25
    19d8:	f9 0a       	sbc	r15, r25
    19da:	87 70       	andi	r24, 0x07	; 7
    19dc:	29 f2       	breq	.-118    	; 0x1968 <NVM::V0::write_memory()+0x88>
    19de:	ea cf       	rjmp	.-44     	; 0x19b4 <NVM::V0::write_memory()+0xd4>
_ZN3NVM2V012write_memoryEv():
/Users/askn/Develop/UPDI4AVR-USB/src/nvmv0.cpp:99
    );
  }

  bool write_eeprom (uint16_t _wAddr, size_t _wLength) {
    D2PRINTF(" NVM_V0_ERWP=%04X\r\n", _wAddr);
    nvm_wait();
    19e0:	81 e0       	ldi	r24, 0x01	; 1
    19e2:	93 cf       	rjmp	.-218    	; 0x190a <NVM::V0::write_memory()+0x2a>
/Users/askn/Develop/UPDI4AVR-USB/src/nvmv0.cpp:101
    return (
      UPDI::send_bytes_block(_wAddr, _wLength)
    19e4:	82 32       	cpi	r24, 0x22	; 34
    19e6:	21 f0       	breq	.+8      	; 0x19f0 <NVM::V0::write_memory()+0x110>
    19e8:	9c e3       	ldi	r25, 0x3C	; 60
    19ea:	98 0f       	add	r25, r24
    19ec:	92 30       	cpi	r25, 0x02	; 2
/Users/askn/Develop/UPDI4AVR-USB/src/nvmv0.cpp:91
      nvm_wait();
      UPDI::nvm_ctrl(0x04);       /* NVM_CMD_PBC */
    }
    nvm_wait();
    return (
      UPDI::send_bytes_block(_wAddr, _wLength)
    19ee:	60 f4       	brcc	.+24     	; 0x1a08 <NVM::V0::write_memory()+0x128>
write_eeprom():
    19f0:	44 dd       	rcall	.-1400   	; 0x147a <NVM::V0::nvm_wait()>
/Users/askn/Develop/UPDI4AVR-USB/src/nvmv0.cpp:93
      && UPDI::nvm_ctrl(0x03)     /* NVM_CMD_ERWP */
      && (nvm_wait() & 7) == 0
    19f2:	c7 01       	movw	r24, r14
    19f4:	b6 01       	movw	r22, r12
    19f6:	88 27       	eor	r24, r24
    19f8:	99 27       	eor	r25, r25
/Users/askn/Develop/UPDI4AVR-USB/src/nvmv0.cpp:158
      /* MTYPE_EEPROM */
      /* MTYPE_EEPROM_XMEGA */
      /* MTYPE_USERSIG (USERROW) */
      return write_eeprom(_wAddr, _wLength);
    }
    else if (m_type == 0xB0 || m_type == 0xC0) {
    19fa:	a8 01       	movw	r20, r16
write_flash():
    19fc:	0e 94 62 03 	call	0x6c4	; 0x6c4 <UPDI::send_bytes_block(unsigned long, unsigned int)>
    1a00:	81 11       	cpse	r24, r1
/Users/askn/Develop/UPDI4AVR-USB/src/nvmv0.cpp:161
      /* MTYPE_FLASH_PAGE (PROGMEM) */
      /* MTYPE_FLASH (alias) */
      _wAddr += Device_Descriptor.UPDI.prog_base;
    1a02:	1c c0       	rjmp	.+56     	; 0x1a3c <NVM::V0::write_memory()+0x15c>
    1a04:	90 e0       	ldi	r25, 0x00	; 0
    1a06:	23 c0       	rjmp	.+70     	; 0x1a4e <NVM::V0::write_memory()+0x16e>
_ZN3NVM2V012write_memoryEv():
    1a08:	80 3b       	cpi	r24, 0xB0	; 176
    1a0a:	11 f0       	breq	.+4      	; 0x1a10 <NVM::V0::write_memory()+0x130>
    1a0c:	80 3c       	cpi	r24, 0xC0	; 192
/Users/askn/Develop/UPDI4AVR-USB/src/nvmv0.cpp:85
    return true;
  }

  bool write_flash (uint16_t _wAddr, size_t _wLength) {
    D2PRINTF(" NVM_V0_ERWP=%04X\r\n", _wAddr);
    if (SYS::is_boundary_flash_page(_wAddr)) {
    1a0e:	09 f5       	brne	.+66     	; 0x1a52 <NVM::V0::write_memory()+0x172>
    1a10:	60 91 f3 62 	lds	r22, 0x62F3	; 0x8062f3 <Device_Descriptor>
    1a14:	70 91 f4 62 	lds	r23, 0x62F4	; 0x8062f4 <Device_Descriptor+0x1>
    1a18:	c6 0e       	add	r12, r22
    1a1a:	d7 1e       	adc	r13, r23
write_flash():
/Users/askn/Develop/UPDI4AVR-USB/src/nvmv0.cpp:86
      nvm_wait();
    1a1c:	f1 2c       	mov	r15, r1
    1a1e:	e1 2c       	mov	r14, r1
/Users/askn/Develop/UPDI4AVR-USB/src/nvmv0.cpp:87
      UPDI::nvm_ctrl(0x04);       /* NVM_CMD_PBC */
    1a20:	c7 01       	movw	r24, r14
    1a22:	b6 01       	movw	r22, r12
    1a24:	52 d8       	rcall	.-3932   	; 0xaca <SYS::is_boundary_flash_page(unsigned long)>
/Users/askn/Develop/UPDI4AVR-USB/src/nvmv0.cpp:89
    }
    nvm_wait();
    1a26:	88 23       	and	r24, r24
    1a28:	21 f0       	breq	.+8      	; 0x1a32 <NVM::V0::write_memory()+0x152>
/Users/askn/Develop/UPDI4AVR-USB/src/nvmv0.cpp:91
    return (
      UPDI::send_bytes_block(_wAddr, _wLength)
    1a2a:	27 dd       	rcall	.-1458   	; 0x147a <NVM::V0::nvm_wait()>
    1a2c:	84 e0       	ldi	r24, 0x04	; 4
    1a2e:	0e 94 32 03 	call	0x664	; 0x664 <UPDI::nvm_ctrl(unsigned char)>
/Users/askn/Develop/UPDI4AVR-USB/src/nvmv0.cpp:92
      && UPDI::nvm_ctrl(0x03)     /* NVM_CMD_ERWP */
    1a32:	23 dd       	rcall	.-1466   	; 0x147a <NVM::V0::nvm_wait()>
    1a34:	a8 01       	movw	r20, r16
    1a36:	c7 01       	movw	r24, r14
/Users/askn/Develop/UPDI4AVR-USB/src/nvmv0.cpp:93
      && (nvm_wait() & 7) == 0
    1a38:	b6 01       	movw	r22, r12
    1a3a:	e0 cf       	rjmp	.-64     	; 0x19fc <NVM::V0::write_memory()+0x11c>
    1a3c:	83 e0       	ldi	r24, 0x03	; 3
    1a3e:	0e 94 32 03 	call	0x664	; 0x664 <UPDI::nvm_ctrl(unsigned char)>
/Users/askn/Develop/UPDI4AVR-USB/src/nvmv0.cpp:162
    }
    else if (m_type == 0xB0 || m_type == 0xC0) {
      /* MTYPE_FLASH_PAGE (PROGMEM) */
      /* MTYPE_FLASH (alias) */
      _wAddr += Device_Descriptor.UPDI.prog_base;
      return write_flash(_wAddr, _wLength);
    1a42:	88 23       	and	r24, r24
/Users/askn/Develop/UPDI4AVR-USB/src/nvmv0.cpp:166
    }
    else {
      /* MTYPE_SRAM */
      return UPDI::send_bytes_block(_wAddr, _wLength);
    1a44:	f9 f2       	breq	.-66     	; 0x1a04 <NVM::V0::write_memory()+0x124>
    1a46:	19 dd       	rcall	.-1486   	; 0x147a <NVM::V0::nvm_wait()>
    1a48:	87 70       	andi	r24, 0x07	; 7
    1a4a:	91 e0       	ldi	r25, 0x01	; 1
    1a4c:	d9 f6       	brne	.-74     	; 0x1a04 <NVM::V0::write_memory()+0x124>
_ZN3NVM2V012write_memoryEv():
    1a4e:	89 2f       	mov	r24, r25
    1a50:	5c cf       	rjmp	.-328    	; 0x190a <NVM::V0::write_memory()+0x2a>
    1a52:	c7 01       	movw	r24, r14
/Users/askn/Develop/UPDI4AVR-USB/src/nvmv2.cpp:155
    /* Page erase will not be used if received. */
    /* Instead, page erase is determined by the is_boundary_flash_page function. */
    return 1;
  }

  size_t write_memory (void) {
    1a54:	b6 01       	movw	r22, r12
    1a56:	88 27       	eor	r24, r24
    1a58:	99 27       	eor	r25, r25
    1a5a:	a8 01       	movw	r20, r16
    1a5c:	0e 94 62 03 	call	0x6c4	; 0x6c4 <UPDI::send_bytes_block(unsigned long, unsigned int)>
/Users/askn/Develop/UPDI4AVR-USB/src/nvmv2.cpp:159
    uint8_t   m_type = packet.out.bMType;
    uint32_t _dwAddr = packet.out.dwAddr;
    size_t  _wLength = packet.out.dwLength;
    if (bit_is_clear(PGCONF, PGCONF_PROG_bp)) return UPDI::write_userrow();
    1a60:	54 cf       	rjmp	.-344    	; 0x190a <NVM::V0::write_memory()+0x2a>

00001a62 <NVM::V2::write_memory()>:
_ZN3NVM2V212write_memoryEv():
    1a62:	cf 92       	push	r12
    1a64:	df 92       	push	r13
/Users/askn/Develop/UPDI4AVR-USB/src/nvmv2.cpp:179
      _dwAddr += PROG_START;
      return write_words_flash(_dwAddr, _wLength);
    }
    else {
      /* MTYPE_SRAM */
      return UPDI::send_bytes_block(_dwAddr, _wLength);
    1a66:	ef 92       	push	r14
/Users/askn/Develop/UPDI4AVR-USB/src/nvmv2.cpp:181
    }
  }
    1a68:	ff 92       	push	r15
    1a6a:	cf 93       	push	r28
    1a6c:	df 93       	push	r29
    1a6e:	f9 99       	sbic	0x1f, 1	; 31
    1a70:	09 c0       	rjmp	.+18     	; 0x1a84 <NVM::V2::write_memory()+0x22>
    1a72:	c0 de       	rcall	.-640    	; 0x17f4 <UPDI::write_userrow()>
/Users/askn/Develop/UPDI4AVR-USB/src/nvmv2.cpp:156
    /* Instead, page erase is determined by the is_boundary_flash_page function. */
    return 1;
  }

  size_t write_memory (void) {
    uint8_t   m_type = packet.out.bMType;
    1a74:	90 e0       	ldi	r25, 0x00	; 0
    1a76:	df 91       	pop	r29
/Users/askn/Develop/UPDI4AVR-USB/src/nvmv2.cpp:157
    uint32_t _dwAddr = packet.out.dwAddr;
    1a78:	cf 91       	pop	r28
    1a7a:	ff 90       	pop	r15
    1a7c:	ef 90       	pop	r14
    1a7e:	df 90       	pop	r13
    1a80:	cf 90       	pop	r12
    1a82:	08 95       	ret
    1a84:	80 91 dc 60 	lds	r24, 0x60DC	; 0x8060dc <packet+0x7>
/Users/askn/Develop/UPDI4AVR-USB/src/nvmv2.cpp:158
    size_t  _wLength = packet.out.dwLength;
    1a88:	c0 90 dd 60 	lds	r12, 0x60DD	; 0x8060dd <packet+0x8>
    1a8c:	d0 90 de 60 	lds	r13, 0x60DE	; 0x8060de <packet+0x9>
/Users/askn/Develop/UPDI4AVR-USB/src/nvmv2.cpp:160
    if (bit_is_clear(PGCONF, PGCONF_PROG_bp)) return UPDI::write_userrow();
    if (m_type == 0x22 || m_type == 0xB2 || m_type == 0xB3 || m_type == 0xC4) {
    1a90:	e0 90 df 60 	lds	r14, 0x60DF	; 0x8060df <packet+0xa>
    1a94:	f0 90 e0 60 	lds	r15, 0x60E0	; 0x8060e0 <packet+0xb>
    1a98:	c0 91 e1 60 	lds	r28, 0x60E1	; 0x8060e1 <packet+0xc>
    1a9c:	d0 91 e2 60 	lds	r29, 0x60E2	; 0x8060e2 <packet+0xd>
/Users/askn/Develop/UPDI4AVR-USB/src/nvmv2.cpp:105
  }

  bool write_eeprom (uint32_t _dwAddr, size_t _wLength) {
    D2PRINTF(" NVM_V2_EEERWR=%06lX\r\n", _dwAddr);
    return (
      nvm_ctrl_change(0x13)   /* NVM_V2_CMD_EEERWR */
    1aa0:	82 32       	cpi	r24, 0x22	; 34
    1aa2:	31 f0       	breq	.+12     	; 0x1ab0 <NVM::V2::write_memory()+0x4e>
    1aa4:	9e e4       	ldi	r25, 0x4E	; 78
/Users/askn/Develop/UPDI4AVR-USB/src/nvmv2.cpp:108
      && UPDI::send_bytes_block_slow(_dwAddr, _wLength)
      && (nvm_wait() & 0x73) == 0
      && nvm_ctrl_change(0x00)
    1aa6:	98 0f       	add	r25, r24
    1aa8:	92 30       	cpi	r25, 0x02	; 2
/Users/askn/Develop/UPDI4AVR-USB/src/nvmv2.cpp:87
    D2PRINTF(" NVM_V2_FLWR=%06lX\r\n", _dwAddr);
    return (
      nvm_ctrl_change(0x02)   /* NVM_V2_CMD_FLWR */
      && UPDI::send_words_block(_dwAddr, _wLength)
      && (nvm_wait() & 0x73) == 0
      && nvm_ctrl_change(0x00)
    1aaa:	10 f0       	brcs	.+4      	; 0x1ab0 <NVM::V2::write_memory()+0x4e>
    1aac:	84 3c       	cpi	r24, 0xC4	; 196
/Users/askn/Develop/UPDI4AVR-USB/src/nvmv2.cpp:106

  bool write_eeprom (uint32_t _dwAddr, size_t _wLength) {
    D2PRINTF(" NVM_V2_EEERWR=%06lX\r\n", _dwAddr);
    return (
      nvm_ctrl_change(0x13)   /* NVM_V2_CMD_EEERWR */
      && UPDI::send_bytes_block_slow(_dwAddr, _wLength)
    1aae:	91 f4       	brne	.+36     	; 0x1ad4 <NVM::V2::write_memory()+0x72>
write_eeprom():
    1ab0:	83 e1       	ldi	r24, 0x13	; 19
    1ab2:	f5 dc       	rcall	.-1558   	; 0x149e <NVM::V2::nvm_ctrl_change(unsigned char)>
    1ab4:	81 11       	cpse	r24, r1
    1ab6:	02 c0       	rjmp	.+4      	; 0x1abc <NVM::V2::write_memory()+0x5a>
_ZN3NVM2V212write_memoryEv():
    1ab8:	80 e0       	ldi	r24, 0x00	; 0
/Users/askn/Develop/UPDI4AVR-USB/src/nvmv2.cpp:107
      && (nvm_wait() & 0x73) == 0
    1aba:	dc cf       	rjmp	.-72     	; 0x1a74 <NVM::V2::write_memory()+0x12>
write_eeprom():
    1abc:	ae 01       	movw	r20, r28
    1abe:	c7 01       	movw	r24, r14
    1ac0:	b6 01       	movw	r22, r12
    1ac2:	0e 94 38 03 	call	0x670	; 0x670 <UPDI::send_bytes_block_slow(unsigned long, unsigned int)>
/Users/askn/Develop/UPDI4AVR-USB/src/nvmv2.cpp:167
      /* MTYPE_LOCK_BITS */
      /* MTYPE_EEPROM */
      /* MTYPE_EEPROM_XMEGA */
      return write_eeprom(_dwAddr, _wLength);
    }
    else if (m_type == 0xC0 || m_type == 0xC5) {
    1ac6:	88 23       	and	r24, r24
    1ac8:	b9 f3       	breq	.-18     	; 0x1ab8 <NVM::V2::write_memory()+0x56>
    1aca:	d7 dc       	rcall	.-1618   	; 0x147a <NVM::V0::nvm_wait()>
/Users/askn/Develop/UPDI4AVR-USB/src/nvmv2.cpp:92
      && nvm_ctrl_change(0x00)
    );
  }

  bool write_bytes_flash (uint32_t _dwAddr, size_t _wLength) {
    if (SYS::is_boundary_flash_page(_dwAddr)) erase_flash_page(_dwAddr);
    1acc:	83 77       	andi	r24, 0x73	; 115
    1ace:	a1 f7       	brne	.-24     	; 0x1ab8 <NVM::V2::write_memory()+0x56>
    1ad0:	03 dd       	rcall	.-1530   	; 0x14d8 <NVM::V2::write_eeprom(unsigned long, unsigned int) [clone .part.5]>
    1ad2:	d0 cf       	rjmp	.-96     	; 0x1a74 <NVM::V2::write_memory()+0x12>
_ZN3NVM2V212write_memoryEv():
    1ad4:	80 3c       	cpi	r24, 0xC0	; 192
    1ad6:	11 f0       	breq	.+4      	; 0x1adc <NVM::V2::write_memory()+0x7a>
    1ad8:	85 3c       	cpi	r24, 0xC5	; 197
    1ada:	c9 f4       	brne	.+50     	; 0x1b0e <NVM::V2::write_memory()+0xac>
write_bytes_flash():
    1adc:	c7 01       	movw	r24, r14
    1ade:	b6 01       	movw	r22, r12
/Users/askn/Develop/UPDI4AVR-USB/src/nvmv2.cpp:95
    D2PRINTF(" NVM_V2_FLWR=%06lX\r\n", _dwAddr);
    return (
      nvm_ctrl_change(0x02)   /* NVM_V2_CMD_FLWR */
    1ae0:	0e 94 65 05 	call	0xaca	; 0xaca <SYS::is_boundary_flash_page(unsigned long)>
/Users/askn/Develop/UPDI4AVR-USB/src/nvmv2.cpp:98
      && UPDI::send_bytes_block_slow(_dwAddr, _wLength)
      && (nvm_wait() & 0x73) == 0
      && nvm_ctrl_change(0x00)
    1ae4:	88 23       	and	r24, r24
/Users/askn/Develop/UPDI4AVR-USB/src/nvmv2.cpp:96
  bool write_bytes_flash (uint32_t _dwAddr, size_t _wLength) {
    if (SYS::is_boundary_flash_page(_dwAddr)) erase_flash_page(_dwAddr);
    D2PRINTF(" NVM_V2_FLWR=%06lX\r\n", _dwAddr);
    return (
      nvm_ctrl_change(0x02)   /* NVM_V2_CMD_FLWR */
      && UPDI::send_bytes_block_slow(_dwAddr, _wLength)
    1ae6:	19 f0       	breq	.+6      	; 0x1aee <NVM::V2::write_memory()+0x8c>
    1ae8:	c7 01       	movw	r24, r14
    1aea:	b6 01       	movw	r22, r12
    1aec:	f7 dc       	rcall	.-1554   	; 0x14dc <NVM::V2::erase_flash_page(unsigned long)>
    1aee:	82 e0       	ldi	r24, 0x02	; 2
    1af0:	d6 dc       	rcall	.-1620   	; 0x149e <NVM::V2::nvm_ctrl_change(unsigned char)>
    1af2:	88 23       	and	r24, r24
/Users/askn/Develop/UPDI4AVR-USB/src/nvmv2.cpp:97
      && (nvm_wait() & 0x73) == 0
    1af4:	09 f3       	breq	.-62     	; 0x1ab8 <NVM::V2::write_memory()+0x56>
    1af6:	ae 01       	movw	r20, r28
    1af8:	c7 01       	movw	r24, r14
    1afa:	b6 01       	movw	r22, r12
    1afc:	0e 94 38 03 	call	0x670	; 0x670 <UPDI::send_bytes_block_slow(unsigned long, unsigned int)>
/Users/askn/Develop/UPDI4AVR-USB/src/nvmv2.cpp:172
    else if (m_type == 0xC0 || m_type == 0xC5) {
      /* MTYPE_FLASH (alias) */
      /* MTYPE_USERSIG (USERROW) */
      return write_bytes_flash(_dwAddr, _wLength);
    }
    else if (m_type == 0xB0) {
    1b00:	88 23       	and	r24, r24
/Users/askn/Develop/UPDI4AVR-USB/src/nvmv2.cpp:174
      /* MTYPE_FLASH_PAGE (PROGMEM) */
      _dwAddr += PROG_START;
    1b02:	d1 f2       	breq	.-76     	; 0x1ab8 <NVM::V2::write_memory()+0x56>
    1b04:	ba dc       	rcall	.-1676   	; 0x147a <NVM::V0::nvm_wait()>
    1b06:	83 77       	andi	r24, 0x73	; 115
/Users/askn/Develop/UPDI4AVR-USB/src/nvmv2.cpp:81
    );
  }

  bool write_words_flash (uint32_t _dwAddr, size_t _wLength) {
    if (bit_is_clear(PGCONF, PGCONF_ERSE_bp)
      && SYS::is_boundary_flash_page(_dwAddr)) erase_flash_page(_dwAddr);
    1b08:	b9 f6       	brne	.-82     	; 0x1ab8 <NVM::V2::write_memory()+0x56>
    1b0a:	e6 dc       	rcall	.-1588   	; 0x14d8 <NVM::V2::write_eeprom(unsigned long, unsigned int) [clone .part.5]>
    1b0c:	b3 cf       	rjmp	.-154    	; 0x1a74 <NVM::V2::write_memory()+0x12>
_ZN3NVM2V212write_memoryEv():
    1b0e:	80 3b       	cpi	r24, 0xB0	; 176
    1b10:	09 f5       	brne	.+66     	; 0x1b54 <NVM::V2::write_memory()+0xf2>
    1b12:	80 e8       	ldi	r24, 0x80	; 128
    1b14:	e8 0e       	add	r14, r24
    1b16:	f1 1c       	adc	r15, r1
write_words_flash():
    1b18:	fa 99       	sbic	0x1f, 2	; 31
    1b1a:	09 c0       	rjmp	.+18     	; 0x1b2e <NVM::V2::write_memory()+0xcc>
    1b1c:	c7 01       	movw	r24, r14
/Users/askn/Develop/UPDI4AVR-USB/src/nvmv2.cpp:84
    D2PRINTF(" NVM_V2_FLWR=%06lX\r\n", _dwAddr);
    return (
      nvm_ctrl_change(0x02)   /* NVM_V2_CMD_FLWR */
    1b1e:	b6 01       	movw	r22, r12
    1b20:	0e 94 65 05 	call	0xaca	; 0xaca <SYS::is_boundary_flash_page(unsigned long)>
/Users/askn/Develop/UPDI4AVR-USB/src/nvmv2.cpp:87
      && UPDI::send_words_block(_dwAddr, _wLength)
      && (nvm_wait() & 0x73) == 0
      && nvm_ctrl_change(0x00)
    1b24:	88 23       	and	r24, r24
    1b26:	19 f0       	breq	.+6      	; 0x1b2e <NVM::V2::write_memory()+0xcc>
/Users/askn/Develop/UPDI4AVR-USB/src/nvmv2.cpp:85
    if (bit_is_clear(PGCONF, PGCONF_ERSE_bp)
      && SYS::is_boundary_flash_page(_dwAddr)) erase_flash_page(_dwAddr);
    D2PRINTF(" NVM_V2_FLWR=%06lX\r\n", _dwAddr);
    return (
      nvm_ctrl_change(0x02)   /* NVM_V2_CMD_FLWR */
      && UPDI::send_words_block(_dwAddr, _wLength)
    1b28:	c7 01       	movw	r24, r14
    1b2a:	b6 01       	movw	r22, r12
    1b2c:	d7 dc       	rcall	.-1618   	; 0x14dc <NVM::V2::erase_flash_page(unsigned long)>
    1b2e:	82 e0       	ldi	r24, 0x02	; 2
    1b30:	b6 dc       	rcall	.-1684   	; 0x149e <NVM::V2::nvm_ctrl_change(unsigned char)>
    1b32:	88 23       	and	r24, r24
    1b34:	09 f4       	brne	.+2      	; 0x1b38 <NVM::V2::write_memory()+0xd6>
/Users/askn/Develop/UPDI4AVR-USB/src/nvmv2.cpp:86
      && (nvm_wait() & 0x73) == 0
    1b36:	c0 cf       	rjmp	.-128    	; 0x1ab8 <NVM::V2::write_memory()+0x56>
    1b38:	ae 01       	movw	r20, r28
    1b3a:	c7 01       	movw	r24, r14
    1b3c:	b6 01       	movw	r22, r12
    1b3e:	0e 94 d7 02 	call	0x5ae	; 0x5ae <UPDI::send_words_block(unsigned long, unsigned int)>
    1b42:	88 23       	and	r24, r24
/Users/askn/Develop/UPDI4AVR-USB/src/nvmv2.cpp:179
      _dwAddr += PROG_START;
      return write_words_flash(_dwAddr, _wLength);
    }
    else {
      /* MTYPE_SRAM */
      return UPDI::send_bytes_block(_dwAddr, _wLength);
    1b44:	09 f4       	brne	.+2      	; 0x1b48 <NVM::V2::write_memory()+0xe6>
    1b46:	b8 cf       	rjmp	.-144    	; 0x1ab8 <NVM::V2::write_memory()+0x56>
    1b48:	98 dc       	rcall	.-1744   	; 0x147a <NVM::V0::nvm_wait()>
    1b4a:	83 77       	andi	r24, 0x73	; 115
    1b4c:	09 f0       	breq	.+2      	; 0x1b50 <NVM::V2::write_memory()+0xee>
    1b4e:	b4 cf       	rjmp	.-152    	; 0x1ab8 <NVM::V2::write_memory()+0x56>
/Users/askn/Develop/UPDI4AVR-USB/src/nvmv3.cpp:133
    }
    /* Page erase will not be used if received. */
    return 1;
  }

  size_t write_memory (void) {
    1b50:	c3 dc       	rcall	.-1658   	; 0x14d8 <NVM::V2::write_eeprom(unsigned long, unsigned int) [clone .part.5]>
    1b52:	90 cf       	rjmp	.-224    	; 0x1a74 <NVM::V2::write_memory()+0x12>
_ZN3NVM2V212write_memoryEv():
    1b54:	ae 01       	movw	r20, r28
    1b56:	c7 01       	movw	r24, r14
    1b58:	b6 01       	movw	r22, r12
/Users/askn/Develop/UPDI4AVR-USB/src/nvmv3.cpp:137
    uint8_t   m_type = packet.out.bMType;
    uint32_t _dwAddr = packet.out.dwAddr;
    size_t  _wLength = packet.out.dwLength;
    if (bit_is_clear(PGCONF, PGCONF_PROG_bp)) return UPDI::write_userrow();
    1b5a:	0e 94 62 03 	call	0x6c4	; 0x6c4 <UPDI::send_bytes_block(unsigned long, unsigned int)>
    1b5e:	8a cf       	rjmp	.-236    	; 0x1a74 <NVM::V2::write_memory()+0x12>

00001b60 <NVM::V3::write_memory()>:
_ZN3NVM2V312write_memoryEv():
    1b60:	cf 92       	push	r12
/Users/askn/Develop/UPDI4AVR-USB/src/nvmv3.cpp:157
      _dwAddr += PROG_START;
      return write_words_flash(_dwAddr, _wLength);
    }
    else {
      /* MTYPE_SRAM */
      return UPDI::send_bytes_block(_dwAddr, _wLength);
    1b62:	df 92       	push	r13
/Users/askn/Develop/UPDI4AVR-USB/src/nvmv3.cpp:159
    }
  }
    1b64:	ef 92       	push	r14
    1b66:	ff 92       	push	r15
    1b68:	cf 93       	push	r28
    1b6a:	df 93       	push	r29
    1b6c:	f9 99       	sbic	0x1f, 1	; 31
    1b6e:	09 c0       	rjmp	.+18     	; 0x1b82 <NVM::V3::write_memory()+0x22>
    1b70:	41 de       	rcall	.-894    	; 0x17f4 <UPDI::write_userrow()>
/Users/askn/Develop/UPDI4AVR-USB/src/nvmv3.cpp:134
    /* Page erase will not be used if received. */
    return 1;
  }

  size_t write_memory (void) {
    uint8_t   m_type = packet.out.bMType;
    1b72:	90 e0       	ldi	r25, 0x00	; 0
    1b74:	df 91       	pop	r29
/Users/askn/Develop/UPDI4AVR-USB/src/nvmv3.cpp:135
    uint32_t _dwAddr = packet.out.dwAddr;
    1b76:	cf 91       	pop	r28
    1b78:	ff 90       	pop	r15
    1b7a:	ef 90       	pop	r14
    1b7c:	df 90       	pop	r13
    1b7e:	cf 90       	pop	r12
    1b80:	08 95       	ret
    1b82:	80 91 dc 60 	lds	r24, 0x60DC	; 0x8060dc <packet+0x7>
/Users/askn/Develop/UPDI4AVR-USB/src/nvmv3.cpp:136
    size_t  _wLength = packet.out.dwLength;
    1b86:	c0 90 dd 60 	lds	r12, 0x60DD	; 0x8060dd <packet+0x8>
    1b8a:	d0 90 de 60 	lds	r13, 0x60DE	; 0x8060de <packet+0x9>
/Users/askn/Develop/UPDI4AVR-USB/src/nvmv3.cpp:138
    if (bit_is_clear(PGCONF, PGCONF_PROG_bp)) return UPDI::write_userrow();
    if (m_type == 0x22 || m_type == 0xB2 || m_type == 0xB3 || m_type == 0xC4) {
    1b8e:	e0 90 df 60 	lds	r14, 0x60DF	; 0x8060df <packet+0xa>
    1b92:	f0 90 e0 60 	lds	r15, 0x60E0	; 0x8060e0 <packet+0xb>
    1b96:	c0 91 e1 60 	lds	r28, 0x60E1	; 0x8060e1 <packet+0xc>
    1b9a:	d0 91 e2 60 	lds	r29, 0x60E2	; 0x8060e2 <packet+0xd>
/Users/askn/Develop/UPDI4AVR-USB/src/nvmv3.cpp:90
  }

  bool write_eeprom (uint32_t _dwAddr, size_t _wLength) {
    D2PRINTF(" NVM_V3_EEPERW=%06lX\r\n", _dwAddr);
    return (
      nvm_ctrl_change(0x10)
    1b9e:	82 32       	cpi	r24, 0x22	; 34
    1ba0:	31 f0       	breq	.+12     	; 0x1bae <NVM::V3::write_memory()+0x4e>
/Users/askn/Develop/UPDI4AVR-USB/src/nvmv3.cpp:93
      && UPDI::send_bytes_block(_dwAddr, _wLength)
      && nvm_ctrl_change(0x15)  /* NVM_V3_CMD_EEPERW */
      && (nvm_wait() & 0x73) == 0
    1ba2:	9e e4       	ldi	r25, 0x4E	; 78
    1ba4:	98 0f       	add	r25, r24
    1ba6:	92 30       	cpi	r25, 0x02	; 2
    1ba8:	10 f0       	brcs	.+4      	; 0x1bae <NVM::V3::write_memory()+0x4e>
/Users/askn/Develop/UPDI4AVR-USB/src/nvmv3.cpp:91

  bool write_eeprom (uint32_t _dwAddr, size_t _wLength) {
    D2PRINTF(" NVM_V3_EEPERW=%06lX\r\n", _dwAddr);
    return (
      nvm_ctrl_change(0x10)
      && UPDI::send_bytes_block(_dwAddr, _wLength)
    1baa:	84 3c       	cpi	r24, 0xC4	; 196
    1bac:	99 f4       	brne	.+38     	; 0x1bd4 <NVM::V3::write_memory()+0x74>
write_eeprom():
    1bae:	80 e1       	ldi	r24, 0x10	; 16
    1bb0:	d2 db       	rcall	.-2140   	; 0x1356 <NVM::V3::nvm_ctrl_change(unsigned char)>
    1bb2:	81 11       	cpse	r24, r1
/Users/askn/Develop/UPDI4AVR-USB/src/nvmv3.cpp:92
      && nvm_ctrl_change(0x15)  /* NVM_V3_CMD_EEPERW */
    1bb4:	02 c0       	rjmp	.+4      	; 0x1bba <NVM::V3::write_memory()+0x5a>
_ZN3NVM2V312write_memoryEv():
    1bb6:	80 e0       	ldi	r24, 0x00	; 0
    1bb8:	dc cf       	rjmp	.-72     	; 0x1b72 <NVM::V3::write_memory()+0x12>
write_eeprom():
    1bba:	ae 01       	movw	r20, r28
    1bbc:	c7 01       	movw	r24, r14
    1bbe:	b6 01       	movw	r22, r12
    1bc0:	0e 94 62 03 	call	0x6c4	; 0x6c4 <UPDI::send_bytes_block(unsigned long, unsigned int)>
/Users/askn/Develop/UPDI4AVR-USB/src/nvmv3.cpp:145
      /* MTYPE_LOCK_BITS */
      /* MTYPE_EEPROM */
      /* MTYPE_EEPROM_XMEGA */
      return write_eeprom(_dwAddr, _wLength);
    }
    else if (m_type == 0xC0 || m_type == 0xC5) {
    1bc4:	88 23       	and	r24, r24
    1bc6:	b9 f3       	breq	.-18     	; 0x1bb6 <NVM::V3::write_memory()+0x56>
    1bc8:	85 e1       	ldi	r24, 0x15	; 21
/Users/askn/Develop/UPDI4AVR-USB/src/nvmv3.cpp:148
      /* MTYPE_FLASH (alias) */
      /* MTYPE_USERSIG (USERROW) */
      return write_bytes_flash(_dwAddr, _wLength);
    1bca:	c5 db       	rcall	.-2166   	; 0x1356 <NVM::V3::nvm_ctrl_change(unsigned char)>
    1bcc:	88 23       	and	r24, r24
    1bce:	99 f3       	breq	.-26     	; 0x1bb6 <NVM::V3::write_memory()+0x56>
    1bd0:	bb db       	rcall	.-2186   	; 0x1348 <NVM::V3::write_eeprom(unsigned long, unsigned int) [clone .part.3]>
    1bd2:	cf cf       	rjmp	.-98     	; 0x1b72 <NVM::V3::write_memory()+0x12>
_ZN3NVM2V312write_memoryEv():
/Users/askn/Develop/UPDI4AVR-USB/src/nvmv3.cpp:150
    }
    else if (m_type == 0xB0) {
    1bd4:	80 3c       	cpi	r24, 0xC0	; 192
    1bd6:	11 f0       	breq	.+4      	; 0x1bdc <NVM::V3::write_memory()+0x7c>
/Users/askn/Develop/UPDI4AVR-USB/src/nvmv3.cpp:152
      /* MTYPE_FLASH_PAGE (PROGMEM) */
      _dwAddr += PROG_START;
    1bd8:	85 3c       	cpi	r24, 0xC5	; 197
    1bda:	29 f4       	brne	.+10     	; 0x1be6 <NVM::V3::write_memory()+0x86>
    1bdc:	ae 01       	movw	r20, r28
    1bde:	c7 01       	movw	r24, r14
/Users/askn/Develop/UPDI4AVR-USB/src/nvmv3.cpp:153
      return write_words_flash(_dwAddr, _wLength);
    1be0:	b6 01       	movw	r22, r12
    1be2:	e1 db       	rcall	.-2110   	; 0x13a6 <NVM::V3::write_bytes_flash(unsigned long, unsigned int)>
    1be4:	c6 cf       	rjmp	.-116    	; 0x1b72 <NVM::V3::write_memory()+0x12>
    1be6:	80 3b       	cpi	r24, 0xB0	; 176
/Users/askn/Develop/UPDI4AVR-USB/src/nvmv3.cpp:157
    }
    else {
      /* MTYPE_SRAM */
      return UPDI::send_bytes_block(_dwAddr, _wLength);
    1be8:	39 f4       	brne	.+14     	; 0x1bf8 <NVM::V3::write_memory()+0x98>
    1bea:	c7 01       	movw	r24, r14
    1bec:	b6 01       	movw	r22, r12
    1bee:	80 58       	subi	r24, 0x80	; 128
    1bf0:	9f 4f       	sbci	r25, 0xFF	; 255
/Users/askn/Develop/UPDI4AVR-USB/src/nvmv4.cpp:158
    /* Page erase will not be used if received. */
    /* Instead, page erase is determined by the is_boundary_flash_page function. */
    return 1;
  }

  size_t write_memory (void) {
    1bf2:	ae 01       	movw	r20, r28
    1bf4:	fe db       	rcall	.-2052   	; 0x13f2 <NVM::V3::write_words_flash(unsigned long, unsigned int)>
    1bf6:	bd cf       	rjmp	.-134    	; 0x1b72 <NVM::V3::write_memory()+0x12>
    1bf8:	ae 01       	movw	r20, r28
    1bfa:	c7 01       	movw	r24, r14
    1bfc:	b6 01       	movw	r22, r12
/Users/askn/Develop/UPDI4AVR-USB/src/nvmv4.cpp:162
    uint8_t   m_type = packet.out.bMType;
    uint32_t _dwAddr = packet.out.dwAddr;
    size_t  _wLength = packet.out.dwLength;
    if (bit_is_clear(PGCONF, PGCONF_PROG_bp)) return UPDI::write_userrow();
    1bfe:	0e 94 62 03 	call	0x6c4	; 0x6c4 <UPDI::send_bytes_block(unsigned long, unsigned int)>
    1c02:	b7 cf       	rjmp	.-146    	; 0x1b72 <NVM::V3::write_memory()+0x12>

00001c04 <NVM::V4::write_memory()>:
_ZN3NVM2V412write_memoryEv():
    1c04:	cf 92       	push	r12
/Users/askn/Develop/UPDI4AVR-USB/src/nvmv4.cpp:182
      _dwAddr += PROG_START;
      return write_words_flash(_dwAddr, _wLength);
    }
    else {
      /* MTYPE_SRAM */
      return UPDI::send_bytes_block(_dwAddr, _wLength);
    1c06:	df 92       	push	r13
/Users/askn/Develop/UPDI4AVR-USB/src/nvmv4.cpp:184
    }
  }
    1c08:	ef 92       	push	r14
    1c0a:	ff 92       	push	r15
    1c0c:	cf 93       	push	r28
    1c0e:	df 93       	push	r29
    1c10:	f9 99       	sbic	0x1f, 1	; 31
    1c12:	09 c0       	rjmp	.+18     	; 0x1c26 <NVM::V4::write_memory()+0x22>
    1c14:	ef dd       	rcall	.-1058   	; 0x17f4 <UPDI::write_userrow()>
/Users/askn/Develop/UPDI4AVR-USB/src/nvmv4.cpp:159
    /* Instead, page erase is determined by the is_boundary_flash_page function. */
    return 1;
  }

  size_t write_memory (void) {
    uint8_t   m_type = packet.out.bMType;
    1c16:	90 e0       	ldi	r25, 0x00	; 0
    1c18:	df 91       	pop	r29
/Users/askn/Develop/UPDI4AVR-USB/src/nvmv4.cpp:160
    uint32_t _dwAddr = packet.out.dwAddr;
    1c1a:	cf 91       	pop	r28
    1c1c:	ff 90       	pop	r15
    1c1e:	ef 90       	pop	r14
    1c20:	df 90       	pop	r13
    1c22:	cf 90       	pop	r12
    1c24:	08 95       	ret
    1c26:	80 91 dc 60 	lds	r24, 0x60DC	; 0x8060dc <packet+0x7>
/Users/askn/Develop/UPDI4AVR-USB/src/nvmv4.cpp:161
    size_t  _wLength = packet.out.dwLength;
    1c2a:	c0 90 dd 60 	lds	r12, 0x60DD	; 0x8060dd <packet+0x8>
    1c2e:	d0 90 de 60 	lds	r13, 0x60DE	; 0x8060de <packet+0x9>
/Users/askn/Develop/UPDI4AVR-USB/src/nvmv4.cpp:163
    if (bit_is_clear(PGCONF, PGCONF_PROG_bp)) return UPDI::write_userrow();
    if (m_type == 0x22 || m_type == 0xB2 || m_type == 0xB3 || m_type == 0xC4) {
    1c32:	e0 90 df 60 	lds	r14, 0x60DF	; 0x8060df <packet+0xa>
    1c36:	f0 90 e0 60 	lds	r15, 0x60E0	; 0x8060e0 <packet+0xb>
    1c3a:	c0 91 e1 60 	lds	r28, 0x60E1	; 0x8060e1 <packet+0xc>
    1c3e:	d0 91 e2 60 	lds	r29, 0x60E2	; 0x8060e2 <packet+0xd>
/Users/askn/Develop/UPDI4AVR-USB/src/nvmv4.cpp:108
  }

  bool write_eeprom (uint32_t _dwAddr, size_t _wLength) {
    D2PRINTF(" NVM_V4_EEERWR=%06lX\r\n", _dwAddr);
    return (
      nvm_ctrl_change(0x13)   /* NVM_V4_CMD_EEERWR */
    1c42:	82 32       	cpi	r24, 0x22	; 34
/Users/askn/Develop/UPDI4AVR-USB/src/nvmv4.cpp:111
      && UPDI::send_bytes_block_slow(_dwAddr, _wLength)
      && (nvm_wait() & 0x73) == 0
      && nvm_ctrl_change(0x00)
    1c44:	31 f0       	breq	.+12     	; 0x1c52 <NVM::V4::write_memory()+0x4e>
    1c46:	9e e4       	ldi	r25, 0x4E	; 78
/Users/askn/Develop/UPDI4AVR-USB/src/nvmv4.cpp:90
    D2PRINTF(" NVM_V4_FLWR=%06lX\r\n", _dwAddr);
    return (
      nvm_ctrl_change(0x02)   /* NVM_V4_CMD_FLWR */
      && UPDI::send_words_block(_dwAddr, _wLength)
      && (nvm_wait() & 0x73) == 0
      && nvm_ctrl_change(0x00)
    1c48:	98 0f       	add	r25, r24
/Users/askn/Develop/UPDI4AVR-USB/src/nvmv4.cpp:109

  bool write_eeprom (uint32_t _dwAddr, size_t _wLength) {
    D2PRINTF(" NVM_V4_EEERWR=%06lX\r\n", _dwAddr);
    return (
      nvm_ctrl_change(0x13)   /* NVM_V4_CMD_EEERWR */
      && UPDI::send_bytes_block_slow(_dwAddr, _wLength)
    1c4a:	92 30       	cpi	r25, 0x02	; 2
    1c4c:	10 f0       	brcs	.+4      	; 0x1c52 <NVM::V4::write_memory()+0x4e>
    1c4e:	84 3c       	cpi	r24, 0xC4	; 196
    1c50:	91 f4       	brne	.+36     	; 0x1c76 <NVM::V4::write_memory()+0x72>
write_eeprom():
    1c52:	83 e1       	ldi	r24, 0x13	; 19
    1c54:	80 db       	rcall	.-2304   	; 0x1356 <NVM::V3::nvm_ctrl_change(unsigned char)>
    1c56:	81 11       	cpse	r24, r1
/Users/askn/Develop/UPDI4AVR-USB/src/nvmv4.cpp:110
      && (nvm_wait() & 0x73) == 0
    1c58:	02 c0       	rjmp	.+4      	; 0x1c5e <NVM::V4::write_memory()+0x5a>
_ZN3NVM2V412write_memoryEv():
    1c5a:	80 e0       	ldi	r24, 0x00	; 0
    1c5c:	dc cf       	rjmp	.-72     	; 0x1c16 <NVM::V4::write_memory()+0x12>
write_eeprom():
    1c5e:	ae 01       	movw	r20, r28
    1c60:	c7 01       	movw	r24, r14
    1c62:	b6 01       	movw	r22, r12
/Users/askn/Develop/UPDI4AVR-USB/src/nvmv4.cpp:170
      /* MTYPE_LOCK_BITS */
      /* MTYPE_EEPROM */
      /* MTYPE_EEPROM_XMEGA */
      return write_eeprom(_dwAddr, _wLength);
    }
    else if (m_type == 0xC0 || m_type == 0xC5) {
    1c64:	0e 94 38 03 	call	0x670	; 0x670 <UPDI::send_bytes_block_slow(unsigned long, unsigned int)>
    1c68:	88 23       	and	r24, r24
/Users/askn/Develop/UPDI4AVR-USB/src/nvmv4.cpp:95
      && nvm_ctrl_change(0x00)
    );
  }

  bool write_bytes_flash (uint32_t _dwAddr, size_t _wLength) {
    if (SYS::is_boundary_flash_page(_dwAddr)) erase_flash_page(_dwAddr);
    1c6a:	b9 f3       	breq	.-18     	; 0x1c5a <NVM::V4::write_memory()+0x56>
    1c6c:	63 db       	rcall	.-2362   	; 0x1334 <NVM::V3::nvm_wait()>
    1c6e:	83 77       	andi	r24, 0x73	; 115
    1c70:	a1 f7       	brne	.-24     	; 0x1c5a <NVM::V4::write_memory()+0x56>
    1c72:	8e db       	rcall	.-2276   	; 0x1390 <NVM::V4::write_eeprom(unsigned long, unsigned int) [clone .part.5]>
    1c74:	d0 cf       	rjmp	.-96     	; 0x1c16 <NVM::V4::write_memory()+0x12>
_ZN3NVM2V412write_memoryEv():
    1c76:	80 3c       	cpi	r24, 0xC0	; 192
    1c78:	11 f0       	breq	.+4      	; 0x1c7e <NVM::V4::write_memory()+0x7a>
    1c7a:	85 3c       	cpi	r24, 0xC5	; 197
/Users/askn/Develop/UPDI4AVR-USB/src/nvmv4.cpp:98
    D2PRINTF(" NVM_V4_FLWR=%06lX\r\n", _dwAddr);
    return (
      nvm_ctrl_change(0x02)   /* NVM_V4_CMD_FLWR */
    1c7c:	c9 f4       	brne	.+50     	; 0x1cb0 <NVM::V4::write_memory()+0xac>
write_bytes_flash():
    1c7e:	c7 01       	movw	r24, r14
    1c80:	b6 01       	movw	r22, r12
/Users/askn/Develop/UPDI4AVR-USB/src/nvmv4.cpp:101
      && UPDI::send_bytes_block_slow(_dwAddr, _wLength)
      && (nvm_wait() & 0x73) == 0
      && nvm_ctrl_change(0x00)
    1c82:	0e 94 65 05 	call	0xaca	; 0xaca <SYS::is_boundary_flash_page(unsigned long)>
/Users/askn/Develop/UPDI4AVR-USB/src/nvmv4.cpp:99
  bool write_bytes_flash (uint32_t _dwAddr, size_t _wLength) {
    if (SYS::is_boundary_flash_page(_dwAddr)) erase_flash_page(_dwAddr);
    D2PRINTF(" NVM_V4_FLWR=%06lX\r\n", _dwAddr);
    return (
      nvm_ctrl_change(0x02)   /* NVM_V4_CMD_FLWR */
      && UPDI::send_bytes_block_slow(_dwAddr, _wLength)
    1c86:	88 23       	and	r24, r24
    1c88:	19 f0       	breq	.+6      	; 0x1c90 <NVM::V4::write_memory()+0x8c>
    1c8a:	c7 01       	movw	r24, r14
    1c8c:	b6 01       	movw	r22, r12
    1c8e:	d7 db       	rcall	.-2130   	; 0x143e <NVM::V4::erase_flash_page(unsigned long)>
    1c90:	82 e0       	ldi	r24, 0x02	; 2
    1c92:	61 db       	rcall	.-2366   	; 0x1356 <NVM::V3::nvm_ctrl_change(unsigned char)>
/Users/askn/Develop/UPDI4AVR-USB/src/nvmv4.cpp:100
      && (nvm_wait() & 0x73) == 0
    1c94:	88 23       	and	r24, r24
    1c96:	09 f3       	breq	.-62     	; 0x1c5a <NVM::V4::write_memory()+0x56>
    1c98:	ae 01       	movw	r20, r28
    1c9a:	c7 01       	movw	r24, r14
    1c9c:	b6 01       	movw	r22, r12
    1c9e:	0e 94 38 03 	call	0x670	; 0x670 <UPDI::send_bytes_block_slow(unsigned long, unsigned int)>
/Users/askn/Develop/UPDI4AVR-USB/src/nvmv4.cpp:175
    else if (m_type == 0xC0 || m_type == 0xC5) {
      /* MTYPE_FLASH (alias) */
      /* MTYPE_USERSIG (USERROW, BOOTROW) */
      return write_bytes_flash(_dwAddr, _wLength);
    }
    else if (m_type == 0xB0) {
    1ca2:	88 23       	and	r24, r24
/Users/askn/Develop/UPDI4AVR-USB/src/nvmv4.cpp:177
      /* MTYPE_FLASH_PAGE (PROGMEM) */
      _dwAddr += PROG_START;
    1ca4:	d1 f2       	breq	.-76     	; 0x1c5a <NVM::V4::write_memory()+0x56>
    1ca6:	46 db       	rcall	.-2420   	; 0x1334 <NVM::V3::nvm_wait()>
    1ca8:	83 77       	andi	r24, 0x73	; 115
/Users/askn/Develop/UPDI4AVR-USB/src/nvmv4.cpp:84
    );
  }

  bool write_words_flash (uint32_t _dwAddr, size_t _wLength) {
    if (bit_is_clear(PGCONF, PGCONF_ERSE_bp)
      && SYS::is_boundary_flash_page(_dwAddr)) erase_flash_page(_dwAddr);
    1caa:	b9 f6       	brne	.-82     	; 0x1c5a <NVM::V4::write_memory()+0x56>
    1cac:	71 db       	rcall	.-2334   	; 0x1390 <NVM::V4::write_eeprom(unsigned long, unsigned int) [clone .part.5]>
    1cae:	b3 cf       	rjmp	.-154    	; 0x1c16 <NVM::V4::write_memory()+0x12>
_ZN3NVM2V412write_memoryEv():
    1cb0:	80 3b       	cpi	r24, 0xB0	; 176
    1cb2:	09 f5       	brne	.+66     	; 0x1cf6 <NVM::V4::write_memory()+0xf2>
    1cb4:	80 e8       	ldi	r24, 0x80	; 128
    1cb6:	e8 0e       	add	r14, r24
    1cb8:	f1 1c       	adc	r15, r1
write_words_flash():
    1cba:	fa 99       	sbic	0x1f, 2	; 31
    1cbc:	09 c0       	rjmp	.+18     	; 0x1cd0 <NVM::V4::write_memory()+0xcc>
/Users/askn/Develop/UPDI4AVR-USB/src/nvmv4.cpp:87
    D2PRINTF(" NVM_V4_FLWR=%06lX\r\n", _dwAddr);
    return (
      nvm_ctrl_change(0x02)   /* NVM_V4_CMD_FLWR */
    1cbe:	c7 01       	movw	r24, r14
    1cc0:	b6 01       	movw	r22, r12
    1cc2:	0e 94 65 05 	call	0xaca	; 0xaca <SYS::is_boundary_flash_page(unsigned long)>
/Users/askn/Develop/UPDI4AVR-USB/src/nvmv4.cpp:90
      && UPDI::send_words_block(_dwAddr, _wLength)
      && (nvm_wait() & 0x73) == 0
      && nvm_ctrl_change(0x00)
    1cc6:	88 23       	and	r24, r24
    1cc8:	19 f0       	breq	.+6      	; 0x1cd0 <NVM::V4::write_memory()+0xcc>
/Users/askn/Develop/UPDI4AVR-USB/src/nvmv4.cpp:88
    if (bit_is_clear(PGCONF, PGCONF_ERSE_bp)
      && SYS::is_boundary_flash_page(_dwAddr)) erase_flash_page(_dwAddr);
    D2PRINTF(" NVM_V4_FLWR=%06lX\r\n", _dwAddr);
    return (
      nvm_ctrl_change(0x02)   /* NVM_V4_CMD_FLWR */
      && UPDI::send_words_block(_dwAddr, _wLength)
    1cca:	c7 01       	movw	r24, r14
    1ccc:	b6 01       	movw	r22, r12
    1cce:	b7 db       	rcall	.-2194   	; 0x143e <NVM::V4::erase_flash_page(unsigned long)>
    1cd0:	82 e0       	ldi	r24, 0x02	; 2
    1cd2:	41 db       	rcall	.-2430   	; 0x1356 <NVM::V3::nvm_ctrl_change(unsigned char)>
    1cd4:	88 23       	and	r24, r24
    1cd6:	09 f4       	brne	.+2      	; 0x1cda <NVM::V4::write_memory()+0xd6>
/Users/askn/Develop/UPDI4AVR-USB/src/nvmv4.cpp:89
      && (nvm_wait() & 0x73) == 0
    1cd8:	c0 cf       	rjmp	.-128    	; 0x1c5a <NVM::V4::write_memory()+0x56>
    1cda:	ae 01       	movw	r20, r28
    1cdc:	c7 01       	movw	r24, r14
    1cde:	b6 01       	movw	r22, r12
    1ce0:	0e 94 d7 02 	call	0x5ae	; 0x5ae <UPDI::send_words_block(unsigned long, unsigned int)>
    1ce4:	88 23       	and	r24, r24
    1ce6:	09 f4       	brne	.+2      	; 0x1cea <NVM::V4::write_memory()+0xe6>
/Users/askn/Develop/UPDI4AVR-USB/src/nvmv4.cpp:182
      _dwAddr += PROG_START;
      return write_words_flash(_dwAddr, _wLength);
    }
    else {
      /* MTYPE_SRAM */
      return UPDI::send_bytes_block(_dwAddr, _wLength);
    1ce8:	b8 cf       	rjmp	.-144    	; 0x1c5a <NVM::V4::write_memory()+0x56>
    1cea:	24 db       	rcall	.-2488   	; 0x1334 <NVM::V3::nvm_wait()>
    1cec:	83 77       	andi	r24, 0x73	; 115
    1cee:	09 f0       	breq	.+2      	; 0x1cf2 <NVM::V4::write_memory()+0xee>
    1cf0:	b4 cf       	rjmp	.-152    	; 0x1c5a <NVM::V4::write_memory()+0x56>
/Users/askn/Develop/UPDI4AVR-USB/src/nvmv5.cpp:136
    }
    /* Page erase will not be used if received. */
    return 1;
  }

  size_t write_memory (void) {
    1cf2:	4e db       	rcall	.-2404   	; 0x1390 <NVM::V4::write_eeprom(unsigned long, unsigned int) [clone .part.5]>
    1cf4:	90 cf       	rjmp	.-224    	; 0x1c16 <NVM::V4::write_memory()+0x12>
_ZN3NVM2V412write_memoryEv():
    1cf6:	ae 01       	movw	r20, r28
    1cf8:	c7 01       	movw	r24, r14
    1cfa:	b6 01       	movw	r22, r12
    1cfc:	0e 94 62 03 	call	0x6c4	; 0x6c4 <UPDI::send_bytes_block(unsigned long, unsigned int)>
/Users/askn/Develop/UPDI4AVR-USB/src/nvmv5.cpp:140
    uint8_t   m_type = packet.out.bMType;
    uint32_t _dwAddr = packet.out.dwAddr;
    size_t  _wLength = packet.out.dwLength;
    if (bit_is_clear(PGCONF, PGCONF_PROG_bp)) return UPDI::write_userrow();
    1d00:	8a cf       	rjmp	.-236    	; 0x1c16 <NVM::V4::write_memory()+0x12>

00001d02 <NVM::V5::write_memory()>:
_ZN3NVM2V512write_memoryEv():
    1d02:	cf 92       	push	r12
    1d04:	df 92       	push	r13
/Users/askn/Develop/UPDI4AVR-USB/src/nvmv5.cpp:160
      _dwAddr += PROG_START;
      return write_words_flash(_dwAddr, _wLength);
    }
    else {
      /* MTYPE_SRAM */
      return UPDI::send_bytes_block(_dwAddr, _wLength);
    1d06:	ef 92       	push	r14
/Users/askn/Develop/UPDI4AVR-USB/src/nvmv5.cpp:162
    }
  }
    1d08:	ff 92       	push	r15
    1d0a:	cf 93       	push	r28
    1d0c:	df 93       	push	r29
    1d0e:	f9 99       	sbic	0x1f, 1	; 31
    1d10:	09 c0       	rjmp	.+18     	; 0x1d24 <NVM::V5::write_memory()+0x22>
    1d12:	70 dd       	rcall	.-1312   	; 0x17f4 <UPDI::write_userrow()>
    1d14:	90 e0       	ldi	r25, 0x00	; 0
/Users/askn/Develop/UPDI4AVR-USB/src/nvmv5.cpp:137
    /* Page erase will not be used if received. */
    return 1;
  }

  size_t write_memory (void) {
    uint8_t   m_type = packet.out.bMType;
    1d16:	df 91       	pop	r29
    1d18:	cf 91       	pop	r28
/Users/askn/Develop/UPDI4AVR-USB/src/nvmv5.cpp:138
    uint32_t _dwAddr = packet.out.dwAddr;
    1d1a:	ff 90       	pop	r15
    1d1c:	ef 90       	pop	r14
    1d1e:	df 90       	pop	r13
    1d20:	cf 90       	pop	r12
    1d22:	08 95       	ret
    1d24:	80 91 dc 60 	lds	r24, 0x60DC	; 0x8060dc <packet+0x7>
/Users/askn/Develop/UPDI4AVR-USB/src/nvmv5.cpp:139
    size_t  _wLength = packet.out.dwLength;
    1d28:	c0 90 dd 60 	lds	r12, 0x60DD	; 0x8060dd <packet+0x8>
    1d2c:	d0 90 de 60 	lds	r13, 0x60DE	; 0x8060de <packet+0x9>
/Users/askn/Develop/UPDI4AVR-USB/src/nvmv5.cpp:141
    if (bit_is_clear(PGCONF, PGCONF_PROG_bp)) return UPDI::write_userrow();
    if (m_type == 0x22 || m_type == 0xB2 || m_type == 0xB3 || m_type == 0xC4) {
    1d30:	e0 90 df 60 	lds	r14, 0x60DF	; 0x8060df <packet+0xa>
    1d34:	f0 90 e0 60 	lds	r15, 0x60E0	; 0x8060e0 <packet+0xb>
    1d38:	c0 91 e1 60 	lds	r28, 0x60E1	; 0x8060e1 <packet+0xc>
    1d3c:	d0 91 e2 60 	lds	r29, 0x60E2	; 0x8060e2 <packet+0xd>
/Users/askn/Develop/UPDI4AVR-USB/src/nvmv5.cpp:93
  }

  bool write_eeprom (uint32_t _dwAddr, size_t _wLength) {
    D2PRINTF(" NVM_V5_EEPERW=%06lX\r\n", _dwAddr);
    return (
      nvm_ctrl_change(0x00)
    1d40:	82 32       	cpi	r24, 0x22	; 34
    1d42:	31 f0       	breq	.+12     	; 0x1d50 <NVM::V5::write_memory()+0x4e>
/Users/askn/Develop/UPDI4AVR-USB/src/nvmv5.cpp:96
      && UPDI::send_bytes_block(_dwAddr, _wLength)
      && nvm_ctrl_change(0x15)  /* NVM_V5_CMD_EEPERW */
      && (nvm_wait() & 0x73) == 0
    1d44:	9e e4       	ldi	r25, 0x4E	; 78
    1d46:	98 0f       	add	r25, r24
    1d48:	92 30       	cpi	r25, 0x02	; 2
    1d4a:	10 f0       	brcs	.+4      	; 0x1d50 <NVM::V5::write_memory()+0x4e>
/Users/askn/Develop/UPDI4AVR-USB/src/nvmv5.cpp:94

  bool write_eeprom (uint32_t _dwAddr, size_t _wLength) {
    D2PRINTF(" NVM_V5_EEPERW=%06lX\r\n", _dwAddr);
    return (
      nvm_ctrl_change(0x00)
      && UPDI::send_bytes_block(_dwAddr, _wLength)
    1d4c:	84 3c       	cpi	r24, 0xC4	; 196
    1d4e:	99 f4       	brne	.+38     	; 0x1d76 <NVM::V5::write_memory()+0x74>
write_eeprom():
    1d50:	80 e0       	ldi	r24, 0x00	; 0
    1d52:	01 db       	rcall	.-2558   	; 0x1356 <NVM::V3::nvm_ctrl_change(unsigned char)>
    1d54:	81 11       	cpse	r24, r1
/Users/askn/Develop/UPDI4AVR-USB/src/nvmv5.cpp:95
      && nvm_ctrl_change(0x15)  /* NVM_V5_CMD_EEPERW */
    1d56:	02 c0       	rjmp	.+4      	; 0x1d5c <NVM::V5::write_memory()+0x5a>
_ZN3NVM2V512write_memoryEv():
    1d58:	80 e0       	ldi	r24, 0x00	; 0
    1d5a:	dc cf       	rjmp	.-72     	; 0x1d14 <NVM::V5::write_memory()+0x12>
write_eeprom():
    1d5c:	ae 01       	movw	r20, r28
    1d5e:	c7 01       	movw	r24, r14
    1d60:	b6 01       	movw	r22, r12
    1d62:	0e 94 62 03 	call	0x6c4	; 0x6c4 <UPDI::send_bytes_block(unsigned long, unsigned int)>
/Users/askn/Develop/UPDI4AVR-USB/src/nvmv5.cpp:148
      /* MTYPE_LOCK_BITS */
      /* MTYPE_EEPROM */
      /* MTYPE_EEPROM_XMEGA */
      return write_eeprom(_dwAddr, _wLength);
    }
    else if (m_type == 0xC0 || m_type == 0xC5) {
    1d66:	88 23       	and	r24, r24
    1d68:	b9 f3       	breq	.-18     	; 0x1d58 <NVM::V5::write_memory()+0x56>
    1d6a:	85 e1       	ldi	r24, 0x15	; 21
    1d6c:	f4 da       	rcall	.-2584   	; 0x1356 <NVM::V3::nvm_ctrl_change(unsigned char)>
/Users/askn/Develop/UPDI4AVR-USB/src/nvmv5.cpp:151
      /* MTYPE_FLASH (alias) */
      /* MTYPE_USERSIG (USERROW, BOOTROW) */
      return write_bytes_flash(_dwAddr, _wLength);
    1d6e:	88 23       	and	r24, r24
    1d70:	99 f3       	breq	.-26     	; 0x1d58 <NVM::V5::write_memory()+0x56>
    1d72:	ea da       	rcall	.-2604   	; 0x1348 <NVM::V3::write_eeprom(unsigned long, unsigned int) [clone .part.3]>
    1d74:	cf cf       	rjmp	.-98     	; 0x1d14 <NVM::V5::write_memory()+0x12>
_ZN3NVM2V512write_memoryEv():
    1d76:	80 3c       	cpi	r24, 0xC0	; 192
/Users/askn/Develop/UPDI4AVR-USB/src/nvmv5.cpp:153
    }
    else if (m_type == 0xB0) {
    1d78:	11 f0       	breq	.+4      	; 0x1d7e <NVM::V5::write_memory()+0x7c>
    1d7a:	85 3c       	cpi	r24, 0xC5	; 197
/Users/askn/Develop/UPDI4AVR-USB/src/nvmv5.cpp:155
      /* MTYPE_FLASH_PAGE (PROGMEM) */
      _dwAddr += PROG_START;
    1d7c:	29 f4       	brne	.+10     	; 0x1d88 <NVM::V5::write_memory()+0x86>
    1d7e:	ae 01       	movw	r20, r28
/Users/askn/Develop/UPDI4AVR-USB/src/nvmv5.cpp:156
      return write_words_flash(_dwAddr, _wLength);
    1d80:	c7 01       	movw	r24, r14
    1d82:	b6 01       	movw	r22, r12
    1d84:	10 db       	rcall	.-2528   	; 0x13a6 <NVM::V3::write_bytes_flash(unsigned long, unsigned int)>
/Users/askn/Develop/UPDI4AVR-USB/src/nvmv5.cpp:160
    }
    else {
      /* MTYPE_SRAM */
      return UPDI::send_bytes_block(_dwAddr, _wLength);
    1d86:	c6 cf       	rjmp	.-116    	; 0x1d14 <NVM::V5::write_memory()+0x12>
    1d88:	80 3b       	cpi	r24, 0xB0	; 176
    1d8a:	39 f4       	brne	.+14     	; 0x1d9a <NVM::V5::write_memory()+0x98>
    1d8c:	c7 01       	movw	r24, r14
    1d8e:	b6 01       	movw	r22, r12
    1d90:	80 58       	subi	r24, 0x80	; 128
/Users/askn/Develop/UPDI4AVR-USB/src/nvmv6.cpp:158
    /* Page erase will not be used if received. */
    /* Instead, page erase is determined by the is_boundary_flash_page function. */
    return 1;
  }

  size_t write_memory (void) {
    1d92:	9f 4f       	sbci	r25, 0xFF	; 255
    1d94:	ae 01       	movw	r20, r28
    1d96:	2d db       	rcall	.-2470   	; 0x13f2 <NVM::V3::write_words_flash(unsigned long, unsigned int)>
    1d98:	bd cf       	rjmp	.-134    	; 0x1d14 <NVM::V5::write_memory()+0x12>
    1d9a:	ae 01       	movw	r20, r28
    1d9c:	c7 01       	movw	r24, r14
/Users/askn/Develop/UPDI4AVR-USB/src/nvmv6.cpp:162
    uint8_t   m_type = packet.out.bMType;
    uint32_t _dwAddr = packet.out.dwAddr;
    size_t  _wLength = packet.out.dwLength;
    if (bit_is_clear(PGCONF, PGCONF_PROG_bp)) return UPDI::write_userrow();
    1d9e:	b6 01       	movw	r22, r12
    1da0:	0e 94 62 03 	call	0x6c4	; 0x6c4 <UPDI::send_bytes_block(unsigned long, unsigned int)>
/Users/askn/Develop/UPDI4AVR-USB/src/nvmv6.cpp:182
      _dwAddr += PROG_START;
      return write_words_flash(_dwAddr, _wLength);
    }
    else {
      /* MTYPE_SRAM */
      return UPDI::send_bytes_block(_dwAddr, _wLength);
    1da4:	b7 cf       	rjmp	.-146    	; 0x1d14 <NVM::V5::write_memory()+0x12>

00001da6 <NVM::V6::write_memory()>:
_ZN3NVM2V612write_memoryEv():
/Users/askn/Develop/UPDI4AVR-USB/src/nvmv6.cpp:184
    }
  }
    1da6:	cf 92       	push	r12
    1da8:	df 92       	push	r13
    1daa:	ef 92       	push	r14
    1dac:	ff 92       	push	r15
    1dae:	cf 93       	push	r28
    1db0:	df 93       	push	r29
/Users/askn/Develop/UPDI4AVR-USB/src/nvmv6.cpp:159
    /* Instead, page erase is determined by the is_boundary_flash_page function. */
    return 1;
  }

  size_t write_memory (void) {
    uint8_t   m_type = packet.out.bMType;
    1db2:	f9 99       	sbic	0x1f, 1	; 31
    1db4:	09 c0       	rjmp	.+18     	; 0x1dc8 <NVM::V6::write_memory()+0x22>
/Users/askn/Develop/UPDI4AVR-USB/src/nvmv6.cpp:160
    uint32_t _dwAddr = packet.out.dwAddr;
    1db6:	1e dd       	rcall	.-1476   	; 0x17f4 <UPDI::write_userrow()>
    1db8:	90 e0       	ldi	r25, 0x00	; 0
    1dba:	df 91       	pop	r29
    1dbc:	cf 91       	pop	r28
    1dbe:	ff 90       	pop	r15
    1dc0:	ef 90       	pop	r14
    1dc2:	df 90       	pop	r13
    1dc4:	cf 90       	pop	r12
/Users/askn/Develop/UPDI4AVR-USB/src/nvmv6.cpp:161
    size_t  _wLength = packet.out.dwLength;
    1dc6:	08 95       	ret
    1dc8:	80 91 dc 60 	lds	r24, 0x60DC	; 0x8060dc <packet+0x7>
/Users/askn/Develop/UPDI4AVR-USB/src/nvmv6.cpp:163
    if (bit_is_clear(PGCONF, PGCONF_PROG_bp)) return UPDI::write_userrow();
    if (m_type == 0x22 || m_type == 0xB2 || m_type == 0xB3 || m_type == 0xC4) {
    1dcc:	c0 90 dd 60 	lds	r12, 0x60DD	; 0x8060dd <packet+0x8>
    1dd0:	d0 90 de 60 	lds	r13, 0x60DE	; 0x8060de <packet+0x9>
    1dd4:	e0 90 df 60 	lds	r14, 0x60DF	; 0x8060df <packet+0xa>
    1dd8:	f0 90 e0 60 	lds	r15, 0x60E0	; 0x8060e0 <packet+0xb>
/Users/askn/Develop/UPDI4AVR-USB/src/nvmv6.cpp:108
  }

  bool write_eeprom (uint32_t _dwAddr, size_t _wLength) {
    D2PRINTF(" NVM_V6_EEERWR=%06lX\r\n", _dwAddr);
    return (
      nvm_ctrl_change(0x13)   /* NVM_V6_CMD_EEERWR */
    1ddc:	c0 91 e1 60 	lds	r28, 0x60E1	; 0x8060e1 <packet+0xc>
/Users/askn/Develop/UPDI4AVR-USB/src/nvmv6.cpp:111
      && UPDI::send_bytes_block_slow(_dwAddr, _wLength)
      && (nvm_wait() & 0x73) == 0
      && nvm_ctrl_change(0x00)
    1de0:	d0 91 e2 60 	lds	r29, 0x60E2	; 0x8060e2 <packet+0xd>
/Users/askn/Develop/UPDI4AVR-USB/src/nvmv6.cpp:90
    D2PRINTF(" NVM_V6_FLWR=%06lX\r\n", _dwAddr);
    return (
      nvm_ctrl_change(0x02)   /* NVM_V6_CMD_FLWR */
      && UPDI::send_words_block(_dwAddr, _wLength)
      && (nvm_wait() & 0x73) == 0
      && nvm_ctrl_change(0x00)
    1de4:	82 32       	cpi	r24, 0x22	; 34
    1de6:	31 f0       	breq	.+12     	; 0x1df4 <NVM::V6::write_memory()+0x4e>
/Users/askn/Develop/UPDI4AVR-USB/src/nvmv6.cpp:109

  bool write_eeprom (uint32_t _dwAddr, size_t _wLength) {
    D2PRINTF(" NVM_V6_EEERWR=%06lX\r\n", _dwAddr);
    return (
      nvm_ctrl_change(0x13)   /* NVM_V6_CMD_EEERWR */
      && UPDI::send_bytes_block_slow(_dwAddr, _wLength)
    1de8:	9e e4       	ldi	r25, 0x4E	; 78
    1dea:	98 0f       	add	r25, r24
    1dec:	92 30       	cpi	r25, 0x02	; 2
    1dee:	10 f0       	brcs	.+4      	; 0x1df4 <NVM::V6::write_memory()+0x4e>
    1df0:	84 3c       	cpi	r24, 0xC4	; 196
    1df2:	91 f4       	brne	.+36     	; 0x1e18 <NVM::V6::write_memory()+0x72>
write_eeprom():
/Users/askn/Develop/UPDI4AVR-USB/src/nvmv6.cpp:110
      && (nvm_wait() & 0x73) == 0
    1df4:	83 e1       	ldi	r24, 0x13	; 19
    1df6:	61 da       	rcall	.-2878   	; 0x12ba <NVM::V6::nvm_ctrl_change(unsigned char)>
    1df8:	81 11       	cpse	r24, r1
    1dfa:	02 c0       	rjmp	.+4      	; 0x1e00 <NVM::V6::write_memory()+0x5a>
_ZN3NVM2V612write_memoryEv():
    1dfc:	80 e0       	ldi	r24, 0x00	; 0
    1dfe:	dc cf       	rjmp	.-72     	; 0x1db8 <NVM::V6::write_memory()+0x12>
write_eeprom():
    1e00:	ae 01       	movw	r20, r28
/Users/askn/Develop/UPDI4AVR-USB/src/nvmv6.cpp:170
      /* MTYPE_LOCK_BITS */
      /* MTYPE_EEPROM */
      /* MTYPE_EEPROM_XMEGA */
      return write_eeprom(_dwAddr, _wLength);
    }
    else if (m_type == 0xC0 || m_type == 0xC5) {
    1e02:	c7 01       	movw	r24, r14
    1e04:	b6 01       	movw	r22, r12
    1e06:	0e 94 38 03 	call	0x670	; 0x670 <UPDI::send_bytes_block_slow(unsigned long, unsigned int)>
/Users/askn/Develop/UPDI4AVR-USB/src/nvmv6.cpp:95
      && nvm_ctrl_change(0x00)
    );
  }

  bool write_bytes_flash (uint32_t _dwAddr, size_t _wLength) {
    if (SYS::is_boundary_flash_page(_dwAddr)) erase_flash_page(_dwAddr);
    1e0a:	88 23       	and	r24, r24
    1e0c:	b9 f3       	breq	.-18     	; 0x1dfc <NVM::V6::write_memory()+0x56>
    1e0e:	4b da       	rcall	.-2922   	; 0x12a6 <NVM::V6::nvm_wait()>
    1e10:	83 77       	andi	r24, 0x73	; 115
    1e12:	a1 f7       	brne	.-24     	; 0x1dfc <NVM::V6::write_memory()+0x56>
    1e14:	6f da       	rcall	.-2850   	; 0x12f4 <NVM::V6::write_eeprom(unsigned long, unsigned int) [clone .part.5]>
    1e16:	d0 cf       	rjmp	.-96     	; 0x1db8 <NVM::V6::write_memory()+0x12>
_ZN3NVM2V612write_memoryEv():
    1e18:	80 3c       	cpi	r24, 0xC0	; 192
    1e1a:	11 f0       	breq	.+4      	; 0x1e20 <NVM::V6::write_memory()+0x7a>
    1e1c:	85 3c       	cpi	r24, 0xC5	; 197
/Users/askn/Develop/UPDI4AVR-USB/src/nvmv6.cpp:98
    D2PRINTF(" NVM_V6_FLWR=%06lX\r\n", _dwAddr);
    return (
      nvm_ctrl_change(0x02)   /* NVM_V6_CMD_FLWR */
    1e1e:	c9 f4       	brne	.+50     	; 0x1e52 <NVM::V6::write_memory()+0xac>
write_bytes_flash():
    1e20:	c7 01       	movw	r24, r14
    1e22:	b6 01       	movw	r22, r12
/Users/askn/Develop/UPDI4AVR-USB/src/nvmv6.cpp:101
      && UPDI::send_bytes_block_slow(_dwAddr, _wLength)
      && (nvm_wait() & 0x73) == 0
      && nvm_ctrl_change(0x00)
    1e24:	0e 94 65 05 	call	0xaca	; 0xaca <SYS::is_boundary_flash_page(unsigned long)>
/Users/askn/Develop/UPDI4AVR-USB/src/nvmv6.cpp:99
  bool write_bytes_flash (uint32_t _dwAddr, size_t _wLength) {
    if (SYS::is_boundary_flash_page(_dwAddr)) erase_flash_page(_dwAddr);
    D2PRINTF(" NVM_V6_FLWR=%06lX\r\n", _dwAddr);
    return (
      nvm_ctrl_change(0x02)   /* NVM_V6_CMD_FLWR */
      && UPDI::send_bytes_block_slow(_dwAddr, _wLength)
    1e28:	88 23       	and	r24, r24
    1e2a:	19 f0       	breq	.+6      	; 0x1e32 <NVM::V6::write_memory()+0x8c>
    1e2c:	c7 01       	movw	r24, r14
    1e2e:	b6 01       	movw	r22, r12
    1e30:	63 da       	rcall	.-2874   	; 0x12f8 <NVM::V6::erase_flash_page(unsigned long)>
    1e32:	82 e0       	ldi	r24, 0x02	; 2
    1e34:	42 da       	rcall	.-2940   	; 0x12ba <NVM::V6::nvm_ctrl_change(unsigned char)>
/Users/askn/Develop/UPDI4AVR-USB/src/nvmv6.cpp:100
      && (nvm_wait() & 0x73) == 0
    1e36:	88 23       	and	r24, r24
    1e38:	09 f3       	breq	.-62     	; 0x1dfc <NVM::V6::write_memory()+0x56>
    1e3a:	ae 01       	movw	r20, r28
    1e3c:	c7 01       	movw	r24, r14
    1e3e:	b6 01       	movw	r22, r12
    1e40:	0e 94 38 03 	call	0x670	; 0x670 <UPDI::send_bytes_block_slow(unsigned long, unsigned int)>
/Users/askn/Develop/UPDI4AVR-USB/src/nvmv6.cpp:175
    else if (m_type == 0xC0 || m_type == 0xC5) {
      /* MTYPE_FLASH (alias) */
      /* MTYPE_USERSIG (USERROW, BOOTROW) */
      return write_bytes_flash(_dwAddr, _wLength);
    }
    else if (m_type == 0xB0) {
    1e44:	88 23       	and	r24, r24
    1e46:	d1 f2       	breq	.-76     	; 0x1dfc <NVM::V6::write_memory()+0x56>
/Users/askn/Develop/UPDI4AVR-USB/src/nvmv6.cpp:177
      /* MTYPE_FLASH_PAGE (PROGMEM) */
      _dwAddr += PROG_START;
    1e48:	2e da       	rcall	.-2980   	; 0x12a6 <NVM::V6::nvm_wait()>
    1e4a:	83 77       	andi	r24, 0x73	; 115
    1e4c:	b9 f6       	brne	.-82     	; 0x1dfc <NVM::V6::write_memory()+0x56>
/Users/askn/Develop/UPDI4AVR-USB/src/nvmv6.cpp:84
    );
  }

  bool write_words_flash (uint32_t _dwAddr, size_t _wLength) {
    if (bit_is_clear(PGCONF, PGCONF_ERSE_bp)
      && SYS::is_boundary_flash_page(_dwAddr)) erase_flash_page(_dwAddr);
    1e4e:	52 da       	rcall	.-2908   	; 0x12f4 <NVM::V6::write_eeprom(unsigned long, unsigned int) [clone .part.5]>
    1e50:	b3 cf       	rjmp	.-154    	; 0x1db8 <NVM::V6::write_memory()+0x12>
_ZN3NVM2V612write_memoryEv():
    1e52:	80 3b       	cpi	r24, 0xB0	; 176
    1e54:	09 f5       	brne	.+66     	; 0x1e98 <NVM::V6::write_memory()+0xf2>
    1e56:	80 e8       	ldi	r24, 0x80	; 128
    1e58:	e8 0e       	add	r14, r24
    1e5a:	f1 1c       	adc	r15, r1
write_words_flash():
    1e5c:	fa 99       	sbic	0x1f, 2	; 31
    1e5e:	09 c0       	rjmp	.+18     	; 0x1e72 <NVM::V6::write_memory()+0xcc>
    1e60:	c7 01       	movw	r24, r14
    1e62:	b6 01       	movw	r22, r12
    1e64:	0e 94 65 05 	call	0xaca	; 0xaca <SYS::is_boundary_flash_page(unsigned long)>
/Users/askn/Develop/UPDI4AVR-USB/src/nvmv6.cpp:87
    D2PRINTF(" NVM_V6_FLWR=%06lX\r\n", _dwAddr);
    return (
      nvm_ctrl_change(0x02)   /* NVM_V6_CMD_FLWR */
    1e68:	88 23       	and	r24, r24
/Users/askn/Develop/UPDI4AVR-USB/src/nvmv6.cpp:90
      && UPDI::send_words_block(_dwAddr, _wLength)
      && (nvm_wait() & 0x73) == 0
      && nvm_ctrl_change(0x00)
    1e6a:	19 f0       	breq	.+6      	; 0x1e72 <NVM::V6::write_memory()+0xcc>
    1e6c:	c7 01       	movw	r24, r14
    1e6e:	b6 01       	movw	r22, r12
/Users/askn/Develop/UPDI4AVR-USB/src/nvmv6.cpp:88
    if (bit_is_clear(PGCONF, PGCONF_ERSE_bp)
      && SYS::is_boundary_flash_page(_dwAddr)) erase_flash_page(_dwAddr);
    D2PRINTF(" NVM_V6_FLWR=%06lX\r\n", _dwAddr);
    return (
      nvm_ctrl_change(0x02)   /* NVM_V6_CMD_FLWR */
      && UPDI::send_words_block(_dwAddr, _wLength)
    1e70:	43 da       	rcall	.-2938   	; 0x12f8 <NVM::V6::erase_flash_page(unsigned long)>
    1e72:	82 e0       	ldi	r24, 0x02	; 2
    1e74:	22 da       	rcall	.-3004   	; 0x12ba <NVM::V6::nvm_ctrl_change(unsigned char)>
    1e76:	88 23       	and	r24, r24
    1e78:	09 f4       	brne	.+2      	; 0x1e7c <NVM::V6::write_memory()+0xd6>
    1e7a:	c0 cf       	rjmp	.-128    	; 0x1dfc <NVM::V6::write_memory()+0x56>
    1e7c:	ae 01       	movw	r20, r28
/Users/askn/Develop/UPDI4AVR-USB/src/nvmv6.cpp:89
      && (nvm_wait() & 0x73) == 0
    1e7e:	c7 01       	movw	r24, r14
    1e80:	b6 01       	movw	r22, r12
    1e82:	0e 94 d7 02 	call	0x5ae	; 0x5ae <UPDI::send_words_block(unsigned long, unsigned int)>
    1e86:	88 23       	and	r24, r24
    1e88:	09 f4       	brne	.+2      	; 0x1e8c <NVM::V6::write_memory()+0xe6>
    1e8a:	b8 cf       	rjmp	.-144    	; 0x1dfc <NVM::V6::write_memory()+0x56>
    1e8c:	0c da       	rcall	.-3048   	; 0x12a6 <NVM::V6::nvm_wait()>
/Users/askn/Develop/UPDI4AVR-USB/src/nvmv6.cpp:182
      _dwAddr += PROG_START;
      return write_words_flash(_dwAddr, _wLength);
    }
    else {
      /* MTYPE_SRAM */
      return UPDI::send_bytes_block(_dwAddr, _wLength);
    1e8e:	83 77       	andi	r24, 0x73	; 115
    1e90:	09 f0       	breq	.+2      	; 0x1e94 <NVM::V6::write_memory()+0xee>
    1e92:	b4 cf       	rjmp	.-152    	; 0x1dfc <NVM::V6::write_memory()+0x56>
    1e94:	2f da       	rcall	.-2978   	; 0x12f4 <NVM::V6::write_eeprom(unsigned long, unsigned int) [clone .part.5]>
    1e96:	90 cf       	rjmp	.-224    	; 0x1db8 <NVM::V6::write_memory()+0x12>
_ZN3NVM2V612write_memoryEv():
/Users/askn/Develop/UPDI4AVR-USB/src/updi.cpp:284
    return sys_reset(false);
  }

  bool chip_erase (void) {
    D1PRINTF(" CHIP_ERASE");
    USART::drain();
    1e98:	ae 01       	movw	r20, r28
    1e9a:	c7 01       	movw	r24, r14
/Users/askn/Develop/UPDI4AVR-USB/src/updi.cpp:270
    if (!send_bytes(nvmprog_key, sizeof(nvmprog_key)) || !key_wait_set(4)) return false;
    return _reset ? sys_reset(false) : true;
  }

  bool set_erase_key (void) {
    if (bit_is_clear(PGCONF, PGCONF_PROG_bp)) set_nvmprog_key(false);
    1e9c:	b6 01       	movw	r22, r12
    1e9e:	0e 94 62 03 	call	0x6c4	; 0x6c4 <UPDI::send_bytes_block(unsigned long, unsigned int)>
    1ea2:	8a cf       	rjmp	.-236    	; 0x1db8 <NVM::V6::write_memory()+0x12>

00001ea4 <UPDI::chip_erase()>:
_ZN4UPDI10chip_eraseEv():
    1ea4:	0e 94 7b 01 	call	0x2f6	; 0x2f6 <USART::drain(unsigned int) [clone .constprop.11]>
set_erase_key():
/Users/askn/Develop/UPDI4AVR-USB/src/updi.cpp:272
    D1PRINTF(" ERASE_KEY=");  /* wait set CHIPERASE */
    if (!send_bytes(erase_key, sizeof(erase_key)) || !key_wait_set(3)) return false;
    1ea8:	f9 99       	sbic	0x1f, 1	; 31
    1eaa:	02 c0       	rjmp	.+4      	; 0x1eb0 <UPDI::chip_erase()+0xc>
    1eac:	80 e0       	ldi	r24, 0x00	; 0
    1eae:	65 dc       	rcall	.-1846   	; 0x177a <UPDI::set_nvmprog_key(bool)>
    1eb0:	6a e0       	ldi	r22, 0x0A	; 10
    1eb2:	70 e0       	ldi	r23, 0x00	; 0
    1eb4:	8d e6       	ldi	r24, 0x6D	; 109
/Users/askn/Develop/UPDI4AVR-USB/src/updi.cpp:301
      sys_wait_set(3);      /* wait set PROGSTART */
    }
    D1PRINTF(" PROGSTART=%02X\r\n", RXDATA);
    bit_set(PGCONF, PGCONF_ERSE_bp);
    bit_set(PGCONF, PGCONF_PROG_bp);
    return (*Command_Table.prog_init)();
    1eb6:	90 e6       	ldi	r25, 0x60	; 96
    1eb8:	0e 94 91 02 	call	0x522	; 0x522 <UPDI::send_bytes(unsigned char const*, unsigned int)>
/Users/askn/Develop/UPDI4AVR-USB/src/updi.cpp:272
  }

  bool set_erase_key (void) {
    if (bit_is_clear(PGCONF, PGCONF_PROG_bp)) set_nvmprog_key(false);
    D1PRINTF(" ERASE_KEY=");  /* wait set CHIPERASE */
    if (!send_bytes(erase_key, sizeof(erase_key)) || !key_wait_set(3)) return false;
    1ebc:	81 11       	cpse	r24, r1
    1ebe:	02 c0       	rjmp	.+4      	; 0x1ec4 <UPDI::chip_erase()+0x20>
_ZN4UPDI10chip_eraseEv():
    1ec0:	20 e0       	ldi	r18, 0x00	; 0
    1ec2:	45 c0       	rjmp	.+138    	; 0x1f4e <UPDI::chip_erase()+0xaa>
set_erase_key():
/Users/askn/Develop/UPDI4AVR-USB/src/updi.cpp:134
    const static uint8_t _reset[] = {
      0x55, 0xC8, 0x59, /* SYSRST */
      0x55, 0xC8, 0x00, /* SYSRUN */
      0x55, 0xC3, 0x04  /* UPDIDIS */
    };
    return send_bytes(_reset, _leave ? 9 : 6);
    1ec4:	83 e0       	ldi	r24, 0x03	; 3
    1ec6:	3e dc       	rcall	.-1924   	; 0x1744 <UPDI::key_wait_set(unsigned char)>
    1ec8:	88 23       	and	r24, r24
    1eca:	d1 f3       	breq	.-12     	; 0x1ec0 <UPDI::chip_erase()+0x1c>
sys_reset():
    1ecc:	66 e0       	ldi	r22, 0x06	; 6
    1ece:	70 e0       	ldi	r23, 0x00	; 0
/Users/askn/Develop/UPDI4AVR-USB/src/updi.cpp:285
  }

  bool chip_erase (void) {
    D1PRINTF(" CHIP_ERASE");
    USART::drain();
    if (!set_erase_key()) return false;
    1ed0:	87 e9       	ldi	r24, 0x97	; 151
    1ed2:	90 e6       	ldi	r25, 0x60	; 96
/Users/askn/Library/Arduino15/packages/MultiX-Zinnia/hardware/modernAVR/0.4.5/cores/modernAVR/api/delay_busywait.h:42
  }
}

void delay_millis (uint32_t _ms) {
  if (F_CPU >= 1000000L) {
    __builtin_avr_delay_cycles((F_CPU / 1000L) * _ms);
    1ed4:	0e 94 91 02 	call	0x522	; 0x522 <UPDI::send_bytes(unsigned char const*, unsigned int)>
_ZN4UPDI10chip_eraseEv():
    1ed8:	88 23       	and	r24, r24
    1eda:	91 f3       	breq	.-28     	; 0x1ec0 <UPDI::chip_erase()+0x1c>
delay_millis():
    1edc:	2f e1       	ldi	r18, 0x1F	; 31
    1ede:	81 ea       	ldi	r24, 0xA1	; 161
    1ee0:	97 e0       	ldi	r25, 0x07	; 7
    1ee2:	21 50       	subi	r18, 0x01	; 1
    1ee4:	80 40       	sbci	r24, 0x00	; 0
    1ee6:	90 40       	sbci	r25, 0x00	; 0
    1ee8:	e1 f7       	brne	.-8      	; 0x1ee2 <UPDI::chip_erase()+0x3e>
    1eea:	00 c0       	rjmp	.+0      	; 0x1eec <UPDI::chip_erase()+0x48>
    1eec:	00 00       	nop
    1eee:	2f e1       	ldi	r18, 0x1F	; 31
    1ef0:	81 ea       	ldi	r24, 0xA1	; 161
    1ef2:	97 e0       	ldi	r25, 0x07	; 7
    1ef4:	21 50       	subi	r18, 0x01	; 1
    1ef6:	80 40       	sbci	r24, 0x00	; 0
/Users/askn/Develop/UPDI4AVR-USB/src/updi.cpp:289
    D1PRINTF(" WAIT");
    SYS::delay_125ms();
    SYS::delay_125ms();
    USART::drain();
    1ef8:	90 40       	sbci	r25, 0x00	; 0
    1efa:	e1 f7       	brne	.-8      	; 0x1ef4 <UPDI::chip_erase()+0x50>
/Users/askn/Develop/UPDI4AVR-USB/src/updi.cpp:290
    sys_wait_clear(5);      /* wait clear RSTSYS */
    1efc:	00 c0       	rjmp	.+0      	; 0x1efe <UPDI::chip_erase()+0x5a>
    1efe:	00 00       	nop
_ZN4UPDI10chip_eraseEv():
    1f00:	0e 94 7b 01 	call	0x2f6	; 0x2f6 <USART::drain(unsigned int) [clone .constprop.11]>
/Users/askn/Develop/UPDI4AVR-USB/src/updi.cpp:291
    sys_wait_clear(0);      /* wait clear LOCKSTATUS */
    1f04:	85 e0       	ldi	r24, 0x05	; 5
    1f06:	e8 db       	rcall	.-2096   	; 0x16d8 <UPDI::sys_wait_clear(unsigned char)>
/Users/askn/Library/Arduino15/packages/MultiX-Zinnia/hardware/modernAVR/0.4.5/cores/modernAVR/api/delay_busywait.h:33
static __inline__ __attribute__((__always_inline__)) void delay_micros (uint32_t _us);
static __inline__ __attribute__((__always_inline__)) void delay_millis (uint32_t _ms);

void delay_micros (uint32_t _us) {
  if (F_CPU >= 1000000L) {
    __builtin_avr_delay_cycles((F_CPU / 1000000L) * _us);
    1f08:	80 e0       	ldi	r24, 0x00	; 0
    1f0a:	e6 db       	rcall	.-2100   	; 0x16d8 <UPDI::sys_wait_clear(unsigned char)>
delay_micros():
    1f0c:	82 e1       	ldi	r24, 0x12	; 18
    1f0e:	91 e0       	ldi	r25, 0x01	; 1
    1f10:	01 97       	sbiw	r24, 0x01	; 1
    1f12:	f1 f7       	brne	.-4      	; 0x1f10 <UPDI::chip_erase()+0x6c>
/Users/askn/Develop/UPDI4AVR-USB/src/updi.cpp:242
  }

  bool key_wait_clear (uint8_t _bit) {
    SYS::delay_55us();
    do {
      key_status();
    1f14:	00 c0       	rjmp	.+0      	; 0x1f16 <UPDI::chip_erase()+0x72>
    1f16:	00 00       	nop
key_wait_clear():
/Users/askn/Develop/UPDI4AVR-USB/src/updi.cpp:243
    } while (bit_is_set(RXDATA, _bit));
    1f18:	0e 94 b4 02 	call	0x568	; 0x568 <UPDI::key_status()>
/Users/askn/Develop/UPDI4AVR-USB/src/updi.cpp:294
    USART::drain();
    sys_wait_clear(5);      /* wait clear RSTSYS */
    sys_wait_clear(0);      /* wait clear LOCKSTATUS */
    D1PRINTF(" <SYS:%02X>\r\n", RXDATA);
    key_wait_clear(3);      /* wait clear CHIPERASE */
    if (sys_status() && bit_is_clear(RXDATA, 3)) {
    1f1c:	eb 99       	sbic	0x1d, 3	; 29
    1f1e:	fc cf       	rjmp	.-8      	; 0x1f18 <UPDI::chip_erase()+0x74>
_ZN4UPDI10chip_eraseEv():
    1f20:	0e 94 ab 02 	call	0x556	; 0x556 <UPDI::sys_status()>
    1f24:	88 23       	and	r24, r24
    1f26:	41 f0       	breq	.+16     	; 0x1f38 <UPDI::chip_erase()+0x94>
/Users/askn/Develop/UPDI4AVR-USB/src/updi.cpp:295
      if (!set_nvmprog_key(true)) return false;
    1f28:	eb 99       	sbic	0x1d, 3	; 29
    1f2a:	06 c0       	rjmp	.+12     	; 0x1f38 <UPDI::chip_erase()+0x94>
    1f2c:	81 e0       	ldi	r24, 0x01	; 1
    1f2e:	25 dc       	rcall	.-1974   	; 0x177a <UPDI::set_nvmprog_key(bool)>
    1f30:	88 23       	and	r24, r24
/Users/askn/Develop/UPDI4AVR-USB/src/updi.cpp:296
      sys_wait_set(3);      /* wait set PROGSTART */
    1f32:	31 f2       	breq	.-116    	; 0x1ec0 <UPDI::chip_erase()+0x1c>
    1f34:	83 e0       	ldi	r24, 0x03	; 3
    1f36:	eb db       	rcall	.-2090   	; 0x170e <UPDI::sys_wait_set(unsigned char)>
/Users/askn/Develop/UPDI4AVR-USB/src/updi.cpp:299
    }
    D1PRINTF(" PROGSTART=%02X\r\n", RXDATA);
    bit_set(PGCONF, PGCONF_ERSE_bp);
    1f38:	fa 9a       	sbi	0x1f, 2	; 31
/Users/askn/Develop/UPDI4AVR-USB/src/updi.cpp:300
    bit_set(PGCONF, PGCONF_PROG_bp);
    1f3a:	f9 9a       	sbi	0x1f, 1	; 31
/Users/askn/Develop/UPDI4AVR-USB/src/updi.cpp:301
    return (*Command_Table.prog_init)();
    1f3c:	e0 91 48 63 	lds	r30, 0x6348	; 0x806348 <Command_Table>
    1f40:	f0 91 49 63 	lds	r31, 0x6349	; 0x806349 <Command_Table+0x1>
    1f44:	09 95       	icall
    1f46:	21 e0       	ldi	r18, 0x01	; 1
    1f48:	89 2b       	or	r24, r25
    1f4a:	09 f4       	brne	.+2      	; 0x1f4e <UPDI::chip_erase()+0xaa>
    1f4c:	b9 cf       	rjmp	.-142    	; 0x1ec0 <UPDI::chip_erase()+0x1c>
/Users/askn/Develop/UPDI4AVR-USB/src/updi.cpp:302
  }
    1f4e:	82 2f       	mov	r24, r18
    1f50:	08 95       	ret

00001f52 <NVM::V0::erase_memory()>:
_ZN3NVM2V012erase_memoryEv():
/Users/askn/Develop/UPDI4AVR-USB/src/nvmv0.cpp:134
    return 0;
  }

  size_t erase_memory (void) {
    uint8_t e_type = packet.out.bEType;
    if (e_type == 0x00) {
    1f52:	80 91 dc 60 	lds	r24, 0x60DC	; 0x8060dc <packet+0x7>
    1f56:	81 11       	cpse	r24, r1
    1f58:	03 c0       	rjmp	.+6      	; 0x1f60 <NVM::V0::erase_memory()+0xe>
/Users/askn/Develop/UPDI4AVR-USB/src/nvmv0.cpp:136
      /* XMEGA_ERASE_CHIP */
      return UPDI::chip_erase();
    1f5a:	a4 df       	rcall	.-184    	; 0x1ea4 <UPDI::chip_erase()>
    1f5c:	90 e0       	ldi	r25, 0x00	; 0
    1f5e:	08 95       	ret
    1f60:	81 e0       	ldi	r24, 0x01	; 1
/Users/askn/Develop/UPDI4AVR-USB/src/nvmv0.cpp:139
    }
    /* Page erase will not be used if received. */
    return 1;
    1f62:	90 e0       	ldi	r25, 0x00	; 0
    1f64:	08 95       	ret

00001f66 <NVM::V3::erase_memory()>:
_ZN3NVM2V312erase_memoryEv():
/Users/askn/Develop/UPDI4AVR-USB/src/nvmv0.cpp:140
  }
    1f66:	f5 cf       	rjmp	.-22     	; 0x1f52 <NVM::V0::erase_memory()>

00001f68 <NVM::V5::erase_memory()>:
_ZN3NVM2V512erase_memoryEv():
    1f68:	f4 cf       	rjmp	.-24     	; 0x1f52 <NVM::V0::erase_memory()>

00001f6a <NVM::V2::erase_memory()>:
_ZN3NVM2V212erase_memoryEv():
    1f6a:	80 91 dc 60 	lds	r24, 0x60DC	; 0x8060dc <packet+0x7>
    1f6e:	81 11       	cpse	r24, r1
/Users/askn/Develop/UPDI4AVR-USB/src/nvmv2.cpp:137
    }
    return 0;
  }

  size_t erase_memory (void) {
    uint8_t e_type = packet.out.bEType;
    1f70:	03 c0       	rjmp	.+6      	; 0x1f78 <NVM::V2::erase_memory()+0xe>
    1f72:	98 df       	rcall	.-208    	; 0x1ea4 <UPDI::chip_erase()>
/Users/askn/Develop/UPDI4AVR-USB/src/nvmv2.cpp:138
    if (e_type == 0x00) {
    1f74:	90 e0       	ldi	r25, 0x00	; 0
    1f76:	08 95       	ret
/Users/askn/Develop/UPDI4AVR-USB/src/nvmv2.cpp:140
      /* XMEGA_ERASE_CHIP */
      return UPDI::chip_erase();
    1f78:	87 30       	cpi	r24, 0x07	; 7
    1f7a:	51 f4       	brne	.+20     	; 0x1f90 <NVM::V2::erase_memory()+0x26>
/Users/askn/Develop/UPDI4AVR-USB/src/nvmv2.cpp:147
    else {
      /* NOTE: AVRDUDE<=7.3 may pass the wrong M_TYPE. */
      /* For safety, only USERROW and BOOTROW are allowed to erase pages. */
      if (e_type == 0x07) {
        /* XMEGA_ERASE_USERSIG */
        return erase_flash_page(packet.out.dwAddr);
    1f7c:	60 91 dd 60 	lds	r22, 0x60DD	; 0x8060dd <packet+0x8>
/Users/askn/Develop/UPDI4AVR-USB/src/nvmv2.cpp:145
      return UPDI::chip_erase();
    }
    else {
      /* NOTE: AVRDUDE<=7.3 may pass the wrong M_TYPE. */
      /* For safety, only USERROW and BOOTROW are allowed to erase pages. */
      if (e_type == 0x07) {
    1f80:	70 91 de 60 	lds	r23, 0x60DE	; 0x8060de <packet+0x9>
/Users/askn/Develop/UPDI4AVR-USB/src/nvmv2.cpp:147
        /* XMEGA_ERASE_USERSIG */
        return erase_flash_page(packet.out.dwAddr);
    1f84:	80 91 df 60 	lds	r24, 0x60DF	; 0x8060df <packet+0xa>
    1f88:	90 91 e0 60 	lds	r25, 0x60E0	; 0x8060e0 <packet+0xb>
    1f8c:	a7 da       	rcall	.-2738   	; 0x14dc <NVM::V2::erase_flash_page(unsigned long)>
    1f8e:	f2 cf       	rjmp	.-28     	; 0x1f74 <NVM::V2::erase_memory()+0xa>
    1f90:	81 e0       	ldi	r24, 0x01	; 1
    1f92:	90 e0       	ldi	r25, 0x00	; 0
    1f94:	08 95       	ret

00001f96 <NVM::V4::erase_memory()>:
_ZN3NVM2V412erase_memoryEv():
    1f96:	80 91 dc 60 	lds	r24, 0x60DC	; 0x8060dc <packet+0x7>
/Users/askn/Develop/UPDI4AVR-USB/src/nvmv2.cpp:152
      }
    }
    /* Page erase will not be used if received. */
    /* Instead, page erase is determined by the is_boundary_flash_page function. */
    return 1;
    1f9a:	81 11       	cpse	r24, r1
    1f9c:	03 c0       	rjmp	.+6      	; 0x1fa4 <NVM::V4::erase_memory()+0xe>
/Users/askn/Develop/UPDI4AVR-USB/src/nvmv2.cpp:153
  }
    1f9e:	82 df       	rcall	.-252    	; 0x1ea4 <UPDI::chip_erase()>
/Users/askn/Develop/UPDI4AVR-USB/src/nvmv4.cpp:140
    }
    return 0;
  }

  size_t erase_memory (void) {
    uint8_t e_type = packet.out.bEType;
    1fa0:	90 e0       	ldi	r25, 0x00	; 0
    1fa2:	08 95       	ret
/Users/askn/Develop/UPDI4AVR-USB/src/nvmv4.cpp:141
    if (e_type == 0x00) {
    1fa4:	87 30       	cpi	r24, 0x07	; 7
    1fa6:	51 f4       	brne	.+20     	; 0x1fbc <NVM::V4::erase_memory()+0x26>
/Users/askn/Develop/UPDI4AVR-USB/src/nvmv4.cpp:143
      /* XMEGA_ERASE_CHIP */
      return UPDI::chip_erase();
    1fa8:	60 91 dd 60 	lds	r22, 0x60DD	; 0x8060dd <packet+0x8>
/Users/askn/Develop/UPDI4AVR-USB/src/nvmv4.cpp:150
    else {
      /* NOTE: AVRDUDE<=7.3 may pass the wrong M_TYPE. */
      /* For safety, only USERROW and BOOTROW are allowed to erase pages. */
      if (e_type == 0x07) {
        /* XMEGA_ERASE_USERSIG */
        return erase_flash_page(packet.out.dwAddr);
    1fac:	70 91 de 60 	lds	r23, 0x60DE	; 0x8060de <packet+0x9>
/Users/askn/Develop/UPDI4AVR-USB/src/nvmv4.cpp:148
      return UPDI::chip_erase();
    }
    else {
      /* NOTE: AVRDUDE<=7.3 may pass the wrong M_TYPE. */
      /* For safety, only USERROW and BOOTROW are allowed to erase pages. */
      if (e_type == 0x07) {
    1fb0:	80 91 df 60 	lds	r24, 0x60DF	; 0x8060df <packet+0xa>
/Users/askn/Develop/UPDI4AVR-USB/src/nvmv4.cpp:150
        /* XMEGA_ERASE_USERSIG */
        return erase_flash_page(packet.out.dwAddr);
    1fb4:	90 91 e0 60 	lds	r25, 0x60E0	; 0x8060e0 <packet+0xb>
    1fb8:	42 da       	rcall	.-2940   	; 0x143e <NVM::V4::erase_flash_page(unsigned long)>
    1fba:	f2 cf       	rjmp	.-28     	; 0x1fa0 <NVM::V4::erase_memory()+0xa>
    1fbc:	81 e0       	ldi	r24, 0x01	; 1
    1fbe:	90 e0       	ldi	r25, 0x00	; 0
    1fc0:	08 95       	ret

00001fc2 <NVM::V6::erase_memory()>:
_ZN3NVM2V612erase_memoryEv():
    1fc2:	80 91 dc 60 	lds	r24, 0x60DC	; 0x8060dc <packet+0x7>
    1fc6:	81 11       	cpse	r24, r1
    1fc8:	03 c0       	rjmp	.+6      	; 0x1fd0 <NVM::V6::erase_memory()+0xe>
/Users/askn/Develop/UPDI4AVR-USB/src/nvmv4.cpp:155
      }
    }
    /* Page erase will not be used if received. */
    /* Instead, page erase is determined by the is_boundary_flash_page function. */
    return 1;
    1fca:	6c df       	rcall	.-296    	; 0x1ea4 <UPDI::chip_erase()>
    1fcc:	90 e0       	ldi	r25, 0x00	; 0
/Users/askn/Develop/UPDI4AVR-USB/src/nvmv4.cpp:156
  }
    1fce:	08 95       	ret
/Users/askn/Develop/UPDI4AVR-USB/src/nvmv6.cpp:140
    }
    return 0;
  }

  size_t erase_memory (void) {
    uint8_t e_type = packet.out.bEType;
    1fd0:	87 30       	cpi	r24, 0x07	; 7
    1fd2:	51 f4       	brne	.+20     	; 0x1fe8 <NVM::V6::erase_memory()+0x26>
/Users/askn/Develop/UPDI4AVR-USB/src/nvmv6.cpp:141
    if (e_type == 0x00) {
    1fd4:	60 91 dd 60 	lds	r22, 0x60DD	; 0x8060dd <packet+0x8>
/Users/askn/Develop/UPDI4AVR-USB/src/nvmv6.cpp:143
      /* XMEGA_ERASE_CHIP */
      return UPDI::chip_erase();
    1fd8:	70 91 de 60 	lds	r23, 0x60DE	; 0x8060de <packet+0x9>
/Users/askn/Develop/UPDI4AVR-USB/src/nvmv6.cpp:150
    else {
      /* NOTE: AVRDUDE<=7.3 may pass the wrong M_TYPE. */
      /* For safety, only USERROW and BOOTROW are allowed to erase pages. */
      if (e_type == 0x07) {
        /* XMEGA_ERASE_USERSIG */
        return erase_flash_page(packet.out.dwAddr);
    1fdc:	80 91 df 60 	lds	r24, 0x60DF	; 0x8060df <packet+0xa>
/Users/askn/Develop/UPDI4AVR-USB/src/nvmv6.cpp:148
      return UPDI::chip_erase();
    }
    else {
      /* NOTE: AVRDUDE<=7.3 may pass the wrong M_TYPE. */
      /* For safety, only USERROW and BOOTROW are allowed to erase pages. */
      if (e_type == 0x07) {
    1fe0:	90 91 e0 60 	lds	r25, 0x60E0	; 0x8060e0 <packet+0xb>
/Users/askn/Develop/UPDI4AVR-USB/src/nvmv6.cpp:150
        /* XMEGA_ERASE_USERSIG */
        return erase_flash_page(packet.out.dwAddr);
    1fe4:	89 d9       	rcall	.-3310   	; 0x12f8 <NVM::V6::erase_flash_page(unsigned long)>
    1fe6:	f2 cf       	rjmp	.-28     	; 0x1fcc <NVM::V6::erase_memory()+0xa>
    1fe8:	81 e0       	ldi	r24, 0x01	; 1
    1fea:	90 e0       	ldi	r25, 0x00	; 0
    1fec:	08 95       	ret

00001fee <SYS::power_reset(bool, bool) [clone .part.5]>:
_ZN3SYS11power_resetEbb.part.5():
    1fee:	88 23       	and	r24, r24
    1ff0:	49 f0       	breq	.+18     	; 0x2004 <__DATA_REGION_LENGTH__+0x4>
delay_millis():
    1ff2:	2f e7       	ldi	r18, 0x7F	; 127
    1ff4:	88 e3       	ldi	r24, 0x38	; 56
    1ff6:	91 e0       	ldi	r25, 0x01	; 1
    1ff8:	21 50       	subi	r18, 0x01	; 1
/Users/askn/Develop/UPDI4AVR-USB/src/nvmv6.cpp:155
      }
    }
    /* Page erase will not be used if received. */
    /* Instead, page erase is determined by the is_boundary_flash_page function. */
    return 1;
    1ffa:	80 40       	sbci	r24, 0x00	; 0
/Users/askn/Develop/UPDI4AVR-USB/src/nvmv6.cpp:156
  }
    1ffc:	90 40       	sbci	r25, 0x00	; 0
/Users/askn/Develop/UPDI4AVR-USB/src/sys.cpp:259
      pinControlRegister(PIN_VCP_RXD)  &= ~PORT_PULLUPEN_bm;
  #endif
    }
    if (_on) {
  #ifdef CONFIG_PGM_VPOWER_ENABLE
      if (_off) delay_20ms();   /* discharge duration */
    1ffe:	e1 f7       	brne	.-8      	; 0x1ff8 <SYS::power_reset(bool, bool) [clone .part.5]+0xa>
    2000:	00 c0       	rjmp	.+0      	; 0x2002 <__DATA_REGION_LENGTH__+0x2>
/Users/askn/Library/Arduino15/packages/MultiX-Zinnia/hardware/modernAVR/0.4.5/cores/modernAVR/api/delay_busywait.h:42
  }
}

void delay_millis (uint32_t _ms) {
  if (F_CPU >= 1000000L) {
    __builtin_avr_delay_cycles((F_CPU / 1000L) * _ms);
    2002:	00 00       	nop
_ZN3SYS11power_resetEbb.part.5():
    2004:	6b 98       	cbi	0x0d, 3	; 13
    2006:	80 91 12 04 	lds	r24, 0x0412	; 0x800412 <__TEXT_REGION_LENGTH__+0x7f0412>
    200a:	88 60       	ori	r24, 0x08	; 8
    200c:	80 93 12 04 	sts	0x0412, r24	; 0x800412 <__TEXT_REGION_LENGTH__+0x7f0412>
    2010:	80 91 13 04 	lds	r24, 0x0413	; 0x800413 <__TEXT_REGION_LENGTH__+0x7f0413>
/Users/askn/Develop/UPDI4AVR-USB/src/sys.cpp:260
      digitalWriteMacro(PIN_PGM_VPOWER, LOW);   /* VTG on */
    2014:	88 60       	ori	r24, 0x08	; 8
/Users/askn/Develop/UPDI4AVR-USB/src/sys.cpp:261
      pinControlRegister(PIN_VCP_TXD)  |= PORT_PULLUPEN_bm;   /* internal shared TCLK */
    2016:	80 93 13 04 	sts	0x0413, r24	; 0x800413 <__TEXT_REGION_LENGTH__+0x7f0413>
    201a:	80 91 10 04 	lds	r24, 0x0410	; 0x800410 <__TEXT_REGION_LENGTH__+0x7f0410>
/Users/askn/Develop/UPDI4AVR-USB/src/sys.cpp:262
      pinControlRegister(PIN_VCP_RXD)  |= PORT_PULLUPEN_bm;
    201e:	88 60       	ori	r24, 0x08	; 8
    2020:	80 93 10 04 	sts	0x0410, r24	; 0x800410 <__TEXT_REGION_LENGTH__+0x7f0410>
    2024:	80 91 11 04 	lds	r24, 0x0411	; 0x800411 <__TEXT_REGION_LENGTH__+0x7f0411>
/Users/askn/Develop/UPDI4AVR-USB/src/sys.cpp:263
      pinControlRegister(PIN_PGM_TDAT) |= PORT_PULLUPEN_bm;
    2028:	88 60       	ori	r24, 0x08	; 8
    202a:	80 93 11 04 	sts	0x0411, r24	; 0x800411 <__TEXT_REGION_LENGTH__+0x7f0411>
    202e:	08 95       	ret

00002030 <SYS::power_reset(bool, bool)>:
_ZN3SYS11power_resetEbb():
    2030:	88 23       	and	r24, r24
/Users/askn/Develop/UPDI4AVR-USB/src/sys.cpp:264
      pinControlRegister(PIN_PGM_TRST) |= PORT_PULLUPEN_bm;
    2032:	a9 f0       	breq	.+42     	; 0x205e <SYS::power_reset(bool, bool)+0x2e>
    2034:	6b 9a       	sbi	0x0d, 3	; 13
    2036:	90 91 11 04 	lds	r25, 0x0411	; 0x800411 <__TEXT_REGION_LENGTH__+0x7f0411>
    203a:	97 7f       	andi	r25, 0xF7	; 247
/Users/askn/Develop/UPDI4AVR-USB/src/sys.cpp:267
  #endif
    }
  }
    203c:	90 93 11 04 	sts	0x0411, r25	; 0x800411 <__TEXT_REGION_LENGTH__+0x7f0411>
/Users/askn/Develop/UPDI4AVR-USB/src/sys.cpp:251
  #ifdef CONFIG_PGM_VPOWER_ENABLE
      digitalWriteMacro(PIN_PGM_VPOWER, HIGH);  /* VTG off */
      /* Temporarily disable the pullup to stop current leakage when VTG=OFF. */
      /* It would be easier to just set the pin output LOW,                   */
      /* but we do it this way because of possible conflicts.                 */
      pinControlRegister(PIN_PGM_TRST) &= ~PORT_PULLUPEN_bm;
    2040:	90 91 10 04 	lds	r25, 0x0410	; 0x800410 <__TEXT_REGION_LENGTH__+0x7f0410>
    2044:	97 7f       	andi	r25, 0xF7	; 247
    2046:	90 93 10 04 	sts	0x0410, r25	; 0x800410 <__TEXT_REGION_LENGTH__+0x7f0410>
/Users/askn/Develop/UPDI4AVR-USB/src/sys.cpp:252
      pinControlRegister(PIN_PGM_TDAT) &= ~PORT_PULLUPEN_bm;
    204a:	90 91 12 04 	lds	r25, 0x0412	; 0x800412 <__TEXT_REGION_LENGTH__+0x7f0412>
    204e:	97 7f       	andi	r25, 0xF7	; 247
    2050:	90 93 12 04 	sts	0x0412, r25	; 0x800412 <__TEXT_REGION_LENGTH__+0x7f0412>
/Users/askn/Develop/UPDI4AVR-USB/src/sys.cpp:253
      pinControlRegister(PIN_VCP_TXD)  &= ~PORT_PULLUPEN_bm;  /* internal shared TCLK */
    2054:	90 91 13 04 	lds	r25, 0x0413	; 0x800413 <__TEXT_REGION_LENGTH__+0x7f0413>
    2058:	97 7f       	andi	r25, 0xF7	; 247
    205a:	90 93 13 04 	sts	0x0413, r25	; 0x800413 <__TEXT_REGION_LENGTH__+0x7f0413>
/Users/askn/Develop/UPDI4AVR-USB/src/sys.cpp:254
      pinControlRegister(PIN_VCP_RXD)  &= ~PORT_PULLUPEN_bm;
    205e:	61 11       	cpse	r22, r1
    2060:	c6 cf       	rjmp	.-116    	; 0x1fee <SYS::power_reset(bool, bool) [clone .part.5]>
    2062:	08 95       	ret

00002064 <TPI::connect()>:
_ZN3TPI7connectEv():
    2064:	0f 93       	push	r16
/Users/askn/Develop/UPDI4AVR-USB/src/sys.cpp:257
  #endif
    }
    if (_on) {
    2066:	1f 93       	push	r17
    2068:	cf 93       	push	r28
    206a:	df 93       	push	r29
/Users/askn/Develop/UPDI4AVR-USB/src/sys.cpp:267
      pinControlRegister(PIN_VCP_RXD)  |= PORT_PULLUPEN_bm;
      pinControlRegister(PIN_PGM_TDAT) |= PORT_PULLUPEN_bm;
      pinControlRegister(PIN_PGM_TRST) |= PORT_PULLUPEN_bm;
  #endif
    }
  }
    206c:	00 d0       	rcall	.+0      	; 0x206e <TPI::connect()+0xa>
/Users/askn/Develop/UPDI4AVR-USB/src/tpi.cpp:230
    return nvm_ctrl(0x00);
  }

  // MARK: TPI Session

  size_t connect (void) {
    206e:	cd b7       	in	r28, 0x3d	; 61
    2070:	de b7       	in	r29, 0x3e	; 62
    2072:	1f ba       	out	0x1f, r1	; 31
    2074:	07 db       	rcall	.-2546   	; 0x1684 <USART::setup()>
    2076:	ff 9a       	sbi	0x1f, 7	; 31
    2078:	01 9a       	sbi	0x00, 1	; 0
    207a:	80 91 23 63 	lds	r24, 0x6323	; 0x806323 <_jtag_vpow>
/Users/askn/Develop/UPDI4AVR-USB/src/tpi.cpp:232
    PGCONF = 0;
    USART::setup();
    207e:	81 11       	cpse	r24, r1
    2080:	05 c0       	rjmp	.+10     	; 0x208c <TPI::connect()+0x28>
/Users/askn/Develop/UPDI4AVR-USB/src/tpi.cpp:233
    bit_set(PGCONF, PGCONF_PGIF_bp);
    2082:	81 e0       	ldi	r24, 0x01	; 1
/Users/askn/Develop/UPDI4AVR-USB/src/tpi.cpp:235

    pinLogicPull(PIN_PGM_TRST);
    2084:	80 93 23 63 	sts	0x6323, r24	; 0x806323 <_jtag_vpow>
power_reset():
/Users/askn/Develop/UPDI4AVR-USB/src/tpi.cpp:236
    if (_jtag_vpow == 0) {
    2088:	80 e0       	ldi	r24, 0x00	; 0
    208a:	b1 df       	rcall	.-158    	; 0x1fee <SYS::power_reset(bool, bool) [clone .part.5]>
delay_micros():
    208c:	83 ed       	ldi	r24, 0xD3	; 211
/Users/askn/Develop/UPDI4AVR-USB/src/tpi.cpp:237
      _jtag_vpow = 1;
    208e:	90 e3       	ldi	r25, 0x30	; 48
    2090:	01 97       	sbiw	r24, 0x01	; 1
    2092:	f1 f7       	brne	.-4      	; 0x2090 <TPI::connect()+0x2c>
    2094:	00 c0       	rjmp	.+0      	; 0x2096 <TPI::connect()+0x32>
    2096:	00 00       	nop
_ZN3TPI7connectEv():
    2098:	80 91 f1 62 	lds	r24, 0x62F1	; 0x8062f1 <_packet_length>
/Users/askn/Library/Arduino15/packages/MultiX-Zinnia/hardware/modernAVR/0.4.5/cores/modernAVR/api/delay_busywait.h:33
static __inline__ __attribute__((__always_inline__)) void delay_micros (uint32_t _us);
static __inline__ __attribute__((__always_inline__)) void delay_millis (uint32_t _ms);

void delay_micros (uint32_t _us) {
  if (F_CPU >= 1000000L) {
    __builtin_avr_delay_cycles((F_CPU / 1000000L) * _us);
    209c:	90 91 f2 62 	lds	r25, 0x62F2	; 0x8062f2 <_packet_length+0x1>
    20a0:	07 97       	sbiw	r24, 0x07	; 7
    20a2:	20 f0       	brcs	.+8      	; 0x20ac <TPI::connect()+0x48>
    20a4:	80 91 db 60 	lds	r24, 0x60DB	; 0x8060db <packet+0x6>
/Users/askn/Develop/UPDI4AVR-USB/src/tpi.cpp:245
    SYS::delay_2500us();

    /* Called with `-xhvtpi` hvtpi_support */
    /* or SW0 holding start */
  #ifdef CONFIG_HVC_ENABLE
    if ((_packet_length > 6 && packet.out.tpi.bType) || bit_is_set(GPCONF, GPCONF_HLD_bp)) {
    20a8:	81 11       	cpse	r24, r1
    20aa:	02 c0       	rjmp	.+4      	; 0x20b0 <TPI::connect()+0x4c>
    20ac:	f6 9b       	sbis	0x1e, 6	; 30
    20ae:	11 c0       	rjmp	.+34     	; 0x20d2 <TPI::connect()+0x6e>
    20b0:	01 98       	cbi	0x00, 1	; 0
hvc_enable():
    20b2:	80 e6       	ldi	r24, 0x60	; 96
    20b4:	80 93 01 0a 	sts	0x0A01, r24	; 0x800a01 <__TEXT_REGION_LENGTH__+0x7f0a01>
    20b8:	10 92 21 0a 	sts	0x0A21, r1	; 0x800a21 <__TEXT_REGION_LENGTH__+0x7f0a21>
    20bc:	81 e0       	ldi	r24, 0x01	; 1
/Users/askn/Develop/UPDI4AVR-USB/src/tpi.cpp:247
      /* External Reset : Activation High-Voltage mode */
      pinLogicOpen(PIN_PGM_TRST);
    20be:	80 93 00 0a 	sts	0x0A00, r24	; 0x800a00 <__TEXT_REGION_LENGTH__+0x7f0a00>
delay_micros():
/Users/askn/Develop/UPDI4AVR-USB/src/sys.cpp:400
    return _adc_reading;
  }

  void hvc_enable (void) {
  #ifdef CONFIG_HVC_ENABLE
    TCA0_SPLIT_CTRLB = TCA_SPLIT_HCMP2EN_bm | TCA_SPLIT_HCMP1EN_bm;
    20c2:	e3 ef       	ldi	r30, 0xF3	; 243
    20c4:	f1 e0       	ldi	r31, 0x01	; 1
/Users/askn/Develop/UPDI4AVR-USB/src/sys.cpp:401
    TCA0_SPLIT_HCNT  = 0;
    20c6:	31 97       	sbiw	r30, 0x01	; 1
    20c8:	f1 f7       	brne	.-4      	; 0x20c6 <TPI::connect()+0x62>
/Users/askn/Develop/UPDI4AVR-USB/src/sys.cpp:402
    TCA0_SPLIT_CTRLA = TCA_SPLIT_ENABLE_bm | TCA_SPLIT_CLKSEL_DIV1_gc;
    20ca:	00 c0       	rjmp	.+0      	; 0x20cc <TPI::connect()+0x68>
    20cc:	00 00       	nop
_ZN3TPI7connectEv():
    20ce:	69 9a       	sbi	0x0d, 1	; 13
/Users/askn/Library/Arduino15/packages/MultiX-Zinnia/hardware/modernAVR/0.4.5/cores/modernAVR/api/delay_busywait.h:33
    20d0:	fc 9a       	sbi	0x1f, 4	; 31
delay_millis():
    20d2:	ff e1       	ldi	r31, 0x1F	; 31
    20d4:	21 ea       	ldi	r18, 0xA1	; 161
    20d6:	87 e0       	ldi	r24, 0x07	; 7
    20d8:	f1 50       	subi	r31, 0x01	; 1
    20da:	20 40       	sbci	r18, 0x00	; 0
/Users/askn/Develop/UPDI4AVR-USB/src/tpi.cpp:249
      SYS::hvc_enable();
      digitalWriteMacro(PIN_HVC_SELECT2, HIGH);
    20dc:	80 40       	sbci	r24, 0x00	; 0
/Users/askn/Develop/UPDI4AVR-USB/src/tpi.cpp:251
      D1PRINTF("<HVEN>");
      bit_set(PGCONF, PGCONF_HVEN_bp);
    20de:	e1 f7       	brne	.-8      	; 0x20d8 <TPI::connect()+0x74>
/Users/askn/Library/Arduino15/packages/MultiX-Zinnia/hardware/modernAVR/0.4.5/cores/modernAVR/api/delay_busywait.h:42
  }
}

void delay_millis (uint32_t _ms) {
  if (F_CPU >= 1000000L) {
    __builtin_avr_delay_cycles((F_CPU / 1000L) * _ms);
    20e0:	00 c0       	rjmp	.+0      	; 0x20e2 <TPI::connect()+0x7e>
    20e2:	00 00       	nop
change_tpi():
    20e4:	8f b7       	in	r24, 0x3f	; 63
__iCliRetVal():
    20e6:	f8 94       	cli
change_tpi():
    20e8:	90 e1       	ldi	r25, 0x10	; 16
    20ea:	90 93 e2 05 	sts	0x05E2, r25	; 0x8005e2 <__TEXT_REGION_LENGTH__+0x7f05e2>
    20ee:	90 e8       	ldi	r25, 0x80	; 128
    20f0:	90 93 12 04 	sts	0x0412, r25	; 0x800412 <__TEXT_REGION_LENGTH__+0x7f0412>
/Users/askn/Library/Arduino15/packages/MultiX-Zinnia/tools/avr8-gcc/7.3.0-avr8-gnu-toolchain/avr/include/util/atomic.h:50
    return 1;
}

static __inline__ uint8_t __iCliRetVal(void)
{
    cli();
    20f4:	02 9a       	sbi	0x00, 2	; 0
/Users/askn/Develop/UPDI4AVR-USB/src/usart.cpp:109

  /*** Set up single-wire synchronous mode for TPI operation. ***/
  /* The VCD-TxD is repurposed to transmit the synchronous clock. */
  void change_tpi (void) {
    ATOMIC_BLOCK(ATOMIC_RESTORESTATE) {
      PORTMUX_USARTROUTEA = PORTMUX_USART_PGM;
    20f6:	90 e2       	ldi	r25, 0x20	; 32
    20f8:	90 93 04 08 	sts	0x0804, r25	; 0x800804 <__TEXT_REGION_LENGTH__+0x7f0804>
/Users/askn/Develop/UPDI4AVR-USB/src/usart.cpp:110
      pinControlRegister(PIN_PGM_TCLK) = PORT_INVEN_bm;
    20fc:	20 e0       	ldi	r18, 0x00	; 0
    20fe:	3a e0       	ldi	r19, 0x0A	; 10
    2100:	20 93 08 08 	sts	0x0808, r18	; 0x800808 <__TEXT_REGION_LENGTH__+0x7f0808>
/Users/askn/Develop/UPDI4AVR-USB/src/usart.cpp:112
      pinLogicPull(PIN_PGM_TCLK);   /* CONFIG_PGM_TYPE!=1 is internal shared VTxD */
      USART0_STATUS = USART_DREIF_bm;
    2104:	30 93 09 08 	sts	0x0809, r19	; 0x800809 <__TEXT_REGION_LENGTH__+0x7f0809>
    2108:	9b e6       	ldi	r25, 0x6B	; 107
/Users/askn/Develop/UPDI4AVR-USB/src/usart.cpp:113
      USART0_BAUD  = sync_baud_khz(TPI_CLK);
    210a:	90 93 07 08 	sts	0x0807, r25	; 0x800807 <__TEXT_REGION_LENGTH__+0x7f0807>
    210e:	9a e0       	ldi	r25, 0x0A	; 10
    2110:	90 93 05 08 	sts	0x0805, r25	; 0x800805 <__TEXT_REGION_LENGTH__+0x7f0805>
    2114:	98 ec       	ldi	r25, 0xC8	; 200
/Users/askn/Develop/UPDI4AVR-USB/src/usart.cpp:114
      USART0_CTRLC = USART_CHSIZE_8BIT_gc | USART_PMODE_EVEN_gc | USART_CMODE_SYNCHRONOUS_gc | USART_SBMODE_2BIT_gc;
    2116:	90 93 06 08 	sts	0x0806, r25	; 0x800806 <__TEXT_REGION_LENGTH__+0x7f0806>
__iRestore():
    211a:	8f bf       	out	0x3f, r24	; 63
_ZN3TPI7connectEv():
/Users/askn/Develop/UPDI4AVR-USB/src/usart.cpp:115
      USART0_CTRLA = USART_LBME_bm | USART_RS485_INT_gc;
    211c:	84 e1       	ldi	r24, 0x14	; 20
    211e:	90 e0       	ldi	r25, 0x00	; 0
    2120:	0e 94 40 05 	call	0xa80	; 0xa80 <TPI::idle_clock(unsigned int)>
set_sstcs():
/Users/askn/Develop/UPDI4AVR-USB/src/usart.cpp:116
      USART0_CTRLB = USART_RXEN_bm | USART_TXEN_bm | USART_ODME_bm;
    2124:	82 ec       	ldi	r24, 0xC2	; 194
    2126:	0e 94 80 02 	call	0x500	; 0x500 <PDI::send(unsigned char)>
/Users/askn/Develop/UPDI4AVR-USB/src/tpi.cpp:260
    /* Required rest time after PoR, 32-128 ms */
    SYS::delay_125ms();

    /*** Activate clock ***/
    USART::change_tpi();
    idle_clock(20);
    212a:	81 11       	cpse	r24, r1
    212c:	09 c0       	rjmp	.+18     	; 0x2140 <TPI::connect()+0xdc>
_ZN3TPI7connectEv():
    212e:	90 e0       	ldi	r25, 0x00	; 0
/Users/askn/Develop/UPDI4AVR-USB/src/tpi.cpp:74
    return send(0x80 | _addr) && recv();
  }

  bool set_sstcs (const uint8_t _addr, const uint8_t _data) {
    D2PRINTF("[SSTCS:%02X:%02X]\r\n", _addr, _data);
    return send(0xC0 | _addr) && send(_data);
    2130:	80 e0       	ldi	r24, 0x00	; 0
    2132:	0f 90       	pop	r0
    2134:	0f 90       	pop	r0
    2136:	df 91       	pop	r29
    2138:	cf 91       	pop	r28
/Users/askn/Develop/UPDI4AVR-USB/src/tpi.cpp:263
    /*** Activate clock ***/
    USART::change_tpi();
    idle_clock(20);

    /*** Set TPIPCR Guard Time ****/
    if (!set_sstcs(0x02, TPI_GVAL)) return 0;
    213a:	1f 91       	pop	r17
    213c:	0f 91       	pop	r16
/Users/askn/Develop/UPDI4AVR-USB/src/tpi.cpp:305
          bit_set(PGCONF, PGCONF_PROG_bp);
          return 1;
        }
      }
    } while (true);
  }
    213e:	08 95       	ret
set_sstcs():
    2140:	85 e0       	ldi	r24, 0x05	; 5
    2142:	0e 94 fd 04 	call	0x9fa	; 0x9fa <PDI::send_byte(unsigned char) [clone .part.4]>
_ZN3TPI7connectEv():
    2146:	88 23       	and	r24, r24
    2148:	91 f3       	breq	.-28     	; 0x212e <TPI::connect()+0xca>
get_sldcs():
    214a:	8f e8       	ldi	r24, 0x8F	; 143
    214c:	0e 94 80 02 	call	0x500	; 0x500 <PDI::send(unsigned char)>
    2150:	88 23       	and	r24, r24
/Users/askn/Develop/UPDI4AVR-USB/src/tpi.cpp:263
    /*** Activate clock ***/
    USART::change_tpi();
    idle_clock(20);

    /*** Set TPIPCR Guard Time ****/
    if (!set_sstcs(0x02, TPI_GVAL)) return 0;
    2152:	d9 f3       	breq	.-10     	; 0x214a <TPI::connect()+0xe6>
    2154:	0e 94 7f 02 	call	0x4fe	; 0x4fe <PDI::recv_byte() [clone .part.3]>
_ZN3TPI7connectEv():
/Users/askn/Develop/UPDI4AVR-USB/src/tpi.cpp:69

  /*** TPI control and CSS area command ***/

  bool get_sldcs (const uint8_t _addr) {
    D2PRINTF("[SLDCS:%02X]\r\n", _addr);
    return send(0x80 | _addr) && recv();
    2158:	88 23       	and	r24, r24
    215a:	b9 f3       	breq	.-18     	; 0x214a <TPI::connect()+0xe6>
    215c:	8d b3       	in	r24, 0x1d	; 29
    215e:	80 38       	cpi	r24, 0x80	; 128
    2160:	a1 f7       	brne	.-24     	; 0x214a <TPI::connect()+0xe6>
    2162:	f8 9a       	sbi	0x1f, 0	; 31
/Users/askn/Develop/UPDI4AVR-USB/src/tpi.cpp:266

    /*** Set TPIPCR Guard Time ****/
    if (!set_sstcs(0x02, TPI_GVAL)) return 0;

    /*** Check TPIIR code : Fixed 0x80 ***/
    while (!(get_sldcs(0x0F) && (RXDATA == 0x80)));
    2164:	ff 98       	cbi	0x1f, 7	; 31
    2166:	03 e5       	ldi	r16, 0x53	; 83
    2168:	10 e6       	ldi	r17, 0x60	; 96
    216a:	f8 01       	movw	r30, r16
    216c:	81 91       	ld	r24, Z+
/Users/askn/Develop/UPDI4AVR-USB/src/tpi.cpp:267
    bit_set(PGCONF, PGCONF_PGIA_bp);
    216e:	8f 01       	movw	r16, r30
/Users/askn/Develop/UPDI4AVR-USB/src/tpi.cpp:268
    bit_clear(PGCONF, PGCONF_PGIF_bp);
    2170:	0e 94 80 02 	call	0x500	; 0x500 <PDI::send(unsigned char)>
    2174:	88 23       	and	r24, r24
/Users/askn/Develop/UPDI4AVR-USB/src/tpi.cpp:274

    /*** Activate NVMPROG mode ***/
    do {
      D1PRINTF(" SKEY\r\n");
      for (uint8_t i = 0; i < (uint8_t)sizeof(nvmprog_key); i++) {
        if (!send(nvmprog_key[i])) return 0;
    2176:	d9 f2       	breq	.-74     	; 0x212e <TPI::connect()+0xca>
    2178:	f0 e6       	ldi	r31, 0x60	; 96
    217a:	0c 35       	cpi	r16, 0x5C	; 92
    217c:	1f 07       	cpc	r17, r31
    217e:	a9 f7       	brne	.-22     	; 0x216a <TPI::connect()+0x106>
    2180:	18 e0       	ldi	r17, 0x08	; 8
    2182:	84 e1       	ldi	r24, 0x14	; 20
/Users/askn/Develop/UPDI4AVR-USB/src/tpi.cpp:273
    bit_clear(PGCONF, PGCONF_PGIF_bp);

    /*** Activate NVMPROG mode ***/
    do {
      D1PRINTF(" SKEY\r\n");
      for (uint8_t i = 0; i < (uint8_t)sizeof(nvmprog_key); i++) {
    2184:	90 e0       	ldi	r25, 0x00	; 0
    2186:	0e 94 40 05 	call	0xa80	; 0xa80 <TPI::idle_clock(unsigned int)>
get_sldcs():
    218a:	80 e8       	ldi	r24, 0x80	; 128
    218c:	0e 94 80 02 	call	0x500	; 0x500 <PDI::send(unsigned char)>
/Users/askn/Develop/UPDI4AVR-USB/src/tpi.cpp:277
        if (!send(nvmprog_key[i])) return 0;
      }
      for (uint8_t _i = 0; _i < 8; _i++) {
        idle_clock(20);
    2190:	81 11       	cpse	r24, r1
    2192:	03 c0       	rjmp	.+6      	; 0x219a <TPI::connect()+0x136>
    2194:	11 50       	subi	r17, 0x01	; 1
_ZN3TPI7connectEv():
/Users/askn/Develop/UPDI4AVR-USB/src/tpi.cpp:69

  /*** TPI control and CSS area command ***/

  bool get_sldcs (const uint8_t _addr) {
    D2PRINTF("[SLDCS:%02X]\r\n", _addr);
    return send(0x80 | _addr) && recv();
    2196:	a9 f7       	brne	.-22     	; 0x2182 <TPI::connect()+0x11e>
    2198:	e6 cf       	rjmp	.-52     	; 0x2166 <TPI::connect()+0x102>
get_sldcs():
    219a:	0e 94 7f 02 	call	0x4fe	; 0x4fe <PDI::recv_byte() [clone .part.3]>
_ZN3TPI7connectEv():
    219e:	88 23       	and	r24, r24
    21a0:	c9 f3       	breq	.-14     	; 0x2194 <TPI::connect()+0x130>
/Users/askn/Develop/UPDI4AVR-USB/src/tpi.cpp:276
    do {
      D1PRINTF(" SKEY\r\n");
      for (uint8_t i = 0; i < (uint8_t)sizeof(nvmprog_key); i++) {
        if (!send(nvmprog_key[i])) return 0;
      }
      for (uint8_t _i = 0; _i < 8; _i++) {
    21a2:	8d b3       	in	r24, 0x1d	; 29
    21a4:	82 30       	cpi	r24, 0x02	; 2
    21a6:	b1 f7       	brne	.-20     	; 0x2194 <TPI::connect()+0x130>
    21a8:	19 82       	std	Y+1, r1	; 0x01
/Users/askn/Develop/UPDI4AVR-USB/src/tpi.cpp:278
        idle_clock(20);
        if (get_sldcs(0x00) && RXDATA == 0x02) {  /* get TPISR */
    21aa:	1a 82       	std	Y+2, r1	; 0x02
    21ac:	81 ec       	ldi	r24, 0xC1	; 193
    21ae:	9f e3       	ldi	r25, 0x3F	; 63
    21b0:	0e 94 28 05 	call	0xa50	; 0xa50 <TPI::set_sstpr(unsigned int)>
/Users/askn/Develop/UPDI4AVR-USB/src/tpi.cpp:291
          * Other is written in 1 word chunks.
          *
          * The original PICKit4 probably does the same thing,
          * since the JTAG3 protocol does not include these notifications.
          */
          uint16_t _signature = 0;
    21b4:	88 23       	and	r24, r24
/Users/askn/Develop/UPDI4AVR-USB/src/tpi.cpp:292
          if (set_sstpr(0x3FC1) && get_sld()) {
    21b6:	a9 f0       	breq	.+42     	; 0x21e2 <TPI::connect()+0x17e>
    21b8:	0e 94 22 05 	call	0xa44	; 0xa44 <TPI::get_sld()>
    21bc:	88 23       	and	r24, r24
    21be:	89 f0       	breq	.+34     	; 0x21e2 <TPI::connect()+0x17e>
    21c0:	8d b3       	in	r24, 0x1d	; 29
    21c2:	8a 83       	std	Y+2, r24	; 0x02
    21c4:	0e 94 22 05 	call	0xa44	; 0xa44 <TPI::get_sld()>
    21c8:	88 23       	and	r24, r24
/Users/askn/Develop/UPDI4AVR-USB/src/tpi.cpp:293
            _CAPS16(_signature)->bytes[1] = RXDATA;
    21ca:	11 f0       	breq	.+4      	; 0x21d0 <TPI::connect()+0x16c>
/Users/askn/Develop/UPDI4AVR-USB/src/tpi.cpp:294
            if (get_sld()) _CAPS16(_signature)->bytes[0] = RXDATA;
    21cc:	8d b3       	in	r24, 0x1d	; 29
    21ce:	89 83       	std	Y+1, r24	; 0x01
    21d0:	89 81       	ldd	r24, Y+1	; 0x01
    21d2:	9a 81       	ldd	r25, Y+2	; 0x02
    21d4:	8e 30       	cpi	r24, 0x0E	; 14
    21d6:	22 e9       	ldi	r18, 0x92	; 146
/Users/askn/Develop/UPDI4AVR-USB/src/tpi.cpp:296
          }
          _tpi_chunks = _signature == 0x920E ? 8  /* ATtiny40 */
    21d8:	92 07       	cpc	r25, r18
    21da:	29 f0       	breq	.+10     	; 0x21e6 <TPI::connect()+0x182>
    21dc:	8f 30       	cpi	r24, 0x0F	; 15
    21de:	91 49       	sbci	r25, 0x91	; 145
    21e0:	49 f0       	breq	.+18     	; 0x21f4 <TPI::connect()+0x190>
    21e2:	82 e0       	ldi	r24, 0x02	; 2
    21e4:	01 c0       	rjmp	.+2      	; 0x21e8 <TPI::connect()+0x184>
    21e6:	88 e0       	ldi	r24, 0x08	; 8
    21e8:	80 93 d3 60 	sts	0x60D3, r24	; 0x8060d3 <_tpi_chunks>
    21ec:	f9 9a       	sbi	0x1f, 1	; 31
    21ee:	81 e0       	ldi	r24, 0x01	; 1
    21f0:	90 e0       	ldi	r25, 0x00	; 0
    21f2:	9f cf       	rjmp	.-194    	; 0x2132 <TPI::connect()+0xce>
/Users/askn/Develop/UPDI4AVR-USB/src/tpi.cpp:300
                      : _signature == 0x910F ? 4  /* ATtiny20 */
                      : 2;                        /* Othres   */
          D1PRINTF(" SIG>%04X:%02X\r\n", _signature, _tpi_chunks);
          bit_set(PGCONF, PGCONF_PROG_bp);
    21f4:	84 e0       	ldi	r24, 0x04	; 4
/Users/askn/Develop/UPDI4AVR-USB/src/tpi.cpp:301
          return 1;
    21f6:	f8 cf       	rjmp	.-16     	; 0x21e8 <TPI::connect()+0x184>

000021f8 <PDI::connect()>:
_ZN3PDI7connectEv():
    21f8:	45 da       	rcall	.-2934   	; 0x1684 <USART::setup()>
    21fa:	ff 9a       	sbi	0x1f, 7	; 31
/Users/askn/Develop/UPDI4AVR-USB/src/tpi.cpp:296
          uint16_t _signature = 0;
          if (set_sstpr(0x3FC1) && get_sld()) {
            _CAPS16(_signature)->bytes[1] = RXDATA;
            if (get_sld()) _CAPS16(_signature)->bytes[0] = RXDATA;
          }
          _tpi_chunks = _signature == 0x920E ? 8  /* ATtiny40 */
    21fc:	10 92 14 04 	sts	0x0414, r1	; 0x800414 <__TEXT_REGION_LENGTH__+0x7f0414>
/Users/askn/Develop/UPDI4AVR-USB/src/pdi.cpp:332
      0xC2, PDI_GVAL,   /* Set GUADTIME in ASI_CTRL */
      0xC1, 0x59,       /* SYSRST */
      0x82              /* Read back ASI_CTRL */
    };

    USART::setup();
    2200:	0c 98       	cbi	0x01, 4	; 1
    2202:	04 9a       	sbi	0x00, 4	; 0
/Users/askn/Develop/UPDI4AVR-USB/src/pdi.cpp:333
    bit_set(PGCONF, PGCONF_PGIF_bp);
    2204:	06 9a       	sbi	0x00, 6	; 0
/Users/askn/Develop/UPDI4AVR-USB/src/pdi.cpp:334
    pinControlRegister(PIN_PGM_PDAT) = 0;
    2206:	80 91 23 63 	lds	r24, 0x6323	; 0x806323 <_jtag_vpow>
/Users/askn/Develop/UPDI4AVR-USB/src/pdi.cpp:336

    digitalWriteMacro(PIN_PGM_PDAT, LOW);
    220a:	81 11       	cpse	r24, r1
/Users/askn/Develop/UPDI4AVR-USB/src/pdi.cpp:337
    pinLogicPull(PIN_PGM_PDAT);
    220c:	05 c0       	rjmp	.+10     	; 0x2218 <PDI::connect()+0x20>
/Users/askn/Develop/UPDI4AVR-USB/src/pdi.cpp:338
    pinLogicPull(PIN_PGM_PCLK);
    220e:	81 e0       	ldi	r24, 0x01	; 1
/Users/askn/Develop/UPDI4AVR-USB/src/pdi.cpp:339
    if (_jtag_vpow == 0) {
    2210:	80 93 23 63 	sts	0x6323, r24	; 0x806323 <_jtag_vpow>
power_reset():
    2214:	80 e0       	ldi	r24, 0x00	; 0
    2216:	eb de       	rcall	.-554    	; 0x1fee <SYS::power_reset(bool, bool) [clone .part.5]>
_ZN3PDI7connectEv():
/Users/askn/Develop/UPDI4AVR-USB/src/pdi.cpp:340
      _jtag_vpow = 1;
    2218:	0c 9a       	sbi	0x01, 4	; 1
delay_micros():
    221a:	82 e1       	ldi	r24, 0x12	; 18
    221c:	91 e0       	ldi	r25, 0x01	; 1
    221e:	01 97       	sbiw	r24, 0x01	; 1
    2220:	f1 f7       	brne	.-4      	; 0x221e <PDI::connect()+0x26>
    2222:	00 c0       	rjmp	.+0      	; 0x2224 <PDI::connect()+0x2c>
/Users/askn/Develop/UPDI4AVR-USB/src/pdi.cpp:343
      SYS::power_reset(false, true);
    }
    digitalWriteMacro(PIN_PGM_PDAT, HIGH);
    2224:	00 00       	nop
_ZN3PDI7connectEv():
/Users/askn/Library/Arduino15/packages/MultiX-Zinnia/hardware/modernAVR/0.4.5/cores/modernAVR/api/delay_busywait.h:33
static __inline__ __attribute__((__always_inline__)) void delay_micros (uint32_t _us);
static __inline__ __attribute__((__always_inline__)) void delay_millis (uint32_t _ms);

void delay_micros (uint32_t _us) {
  if (F_CPU >= 1000000L) {
    __builtin_avr_delay_cycles((F_CPU / 1000000L) * _us);
    2226:	0e 94 20 02 	call	0x440	; 0x440 <USART::change_pdi()>
    222a:	80 e1       	ldi	r24, 0x10	; 16
    222c:	90 e0       	ldi	r25, 0x00	; 0
    222e:	0e 94 de 06 	call	0xdbc	; 0xdbc <PDI::idle_clock(unsigned int)>
/Users/askn/Develop/UPDI4AVR-USB/src/pdi.cpp:347
    SYS::delay_55us();

    /* Send at least a certain number of IDLE bits to PCLK within 100us after PoR. */
    USART::change_pdi();
    2232:	65 e0       	ldi	r22, 0x05	; 5
    2234:	70 e0       	ldi	r23, 0x00	; 0
/Users/askn/Develop/UPDI4AVR-USB/src/pdi.cpp:348
    idle_clock(16);
    2236:	8a e4       	ldi	r24, 0x4A	; 74
    2238:	90 e6       	ldi	r25, 0x60	; 96
    223a:	0e 94 1f 07 	call	0xe3e	; 0xe3e <PDI::send_bytes(unsigned char const*, unsigned int)>
/Users/askn/Develop/UPDI4AVR-USB/src/pdi.cpp:350

    while (!(send_bytes(_init, sizeof(_init)) && recv_byte() && RXDATA == PDI_GVAL)) {
    223e:	81 11       	cpse	r24, r1
    2240:	03 c0       	rjmp	.+6      	; 0x2248 <PDI::connect()+0x50>
    2242:	0e d8       	rcall	.-4068   	; 0x1260 <PDI::send_break()>
    2244:	0d d8       	rcall	.-4070   	; 0x1260 <PDI::send_break()>
    2246:	f5 cf       	rjmp	.-22     	; 0x2232 <PDI::connect()+0x3a>
    2248:	0e 94 fb 06 	call	0xdf6	; 0xdf6 <PDI::recv_byte()>
    224c:	88 23       	and	r24, r24
/Users/askn/Develop/UPDI4AVR-USB/src/pdi.cpp:351
      send_break();
    224e:	c9 f3       	breq	.-14     	; 0x2242 <PDI::connect()+0x4a>
    2250:	8d b3       	in	r24, 0x1d	; 29
/Users/askn/Develop/UPDI4AVR-USB/src/pdi.cpp:352
      send_break();
    2252:	85 30       	cpi	r24, 0x05	; 5
    2254:	b1 f7       	brne	.-20     	; 0x2242 <PDI::connect()+0x4a>
    2256:	f8 9a       	sbi	0x1f, 0	; 31
/Users/askn/Develop/UPDI4AVR-USB/src/pdi.cpp:350

    /* Send at least a certain number of IDLE bits to PCLK within 100us after PoR. */
    USART::change_pdi();
    idle_clock(16);

    while (!(send_bytes(_init, sizeof(_init)) && recv_byte() && RXDATA == PDI_GVAL)) {
    2258:	ff 98       	cbi	0x1f, 7	; 31
    225a:	81 e0       	ldi	r24, 0x01	; 1
    225c:	90 e0       	ldi	r25, 0x00	; 0
    225e:	08 95       	ret

00002260 <ISP::connect()>:
_ZN3ISP7connectEv():
    2260:	cf 93       	push	r28
    2262:	80 e8       	ldi	r24, 0x80	; 128
    2264:	8f bb       	out	0x1f, r24	; 31
/Users/askn/Develop/UPDI4AVR-USB/src/pdi.cpp:356
      send_break();
      send_break();
    }

    D1PRINTF("  PDI_ON:GVAL=%02X\r\n", RXDATA);
    bit_set(PGCONF, PGCONF_PGIA_bp);
    2266:	0e da       	rcall	.-3044   	; 0x1684 <USART::setup()>
/Users/askn/Develop/UPDI4AVR-USB/src/pdi.cpp:357
    bit_clear(PGCONF, PGCONF_PGIF_bp);
    2268:	10 92 00 0a 	sts	0x0A00, r1	; 0x800a00 <__TEXT_REGION_LENGTH__+0x7f0a00>
/Users/askn/Develop/UPDI4AVR-USB/src/pdi.cpp:359
    return 1;
  }
    226c:	10 92 b0 60 	sts	0x60B0, r1	; 0x8060b0 <ISP::_base_addr>
/Users/askn/Develop/UPDI4AVR-USB/src/isp.cpp:239
   * We will begin with low-voltage SPI control.
   * High-voltage dWire control is separate.
   *
   * 
   */
  size_t connect (void) {
    2270:	10 92 b1 60 	sts	0x60B1, r1	; 0x8060b1 <ISP::_base_addr+0x1>
/Users/askn/Develop/UPDI4AVR-USB/src/isp.cpp:241
    int _ret;
    PGCONF = PGCONF_PGIF_bm;
    2274:	8f e0       	ldi	r24, 0x0F	; 15
/Users/askn/Develop/UPDI4AVR-USB/src/isp.cpp:242
    USART::setup();
    2276:	80 93 02 04 	sts	0x0402, r24	; 0x800402 <__TEXT_REGION_LENGTH__+0x7f0402>
/Users/askn/Develop/UPDI4AVR-USB/src/isp.cpp:243
    TCA0_SPLIT_CTRLA = 0;
    227a:	88 e0       	ldi	r24, 0x08	; 8
    227c:	80 93 11 04 	sts	0x0411, r24	; 0x800411 <__TEXT_REGION_LENGTH__+0x7f0411>
/Users/askn/Develop/UPDI4AVR-USB/src/isp.cpp:244
    _base_addr = 0;
    2280:	10 92 13 04 	sts	0x0413, r1	; 0x800413 <__TEXT_REGION_LENGTH__+0x7f0413>
    2284:	10 92 12 04 	sts	0x0412, r1	; 0x800412 <__TEXT_REGION_LENGTH__+0x7f0412>
/Users/askn/Develop/UPDI4AVR-USB/src/isp.cpp:247

    /* Change the necessary port settings. */
    portRegister(PIN_PGM_TRST).DIRCLR = SPI_MASK | pinBitmask(PIN_PGM_MISO);
    2288:	10 92 10 04 	sts	0x0410, r1	; 0x800410 <__TEXT_REGION_LENGTH__+0x7f0410>
/Users/askn/Develop/UPDI4AVR-USB/src/isp.cpp:248
    pinControlRegister(PIN_PGM_TRST) = PORT_ISC_INTDISABLE_gc | PORT_PULLUPEN_bm;
    228c:	87 e0       	ldi	r24, 0x07	; 7
    228e:	80 93 06 04 	sts	0x0406, r24	; 0x800406 <__TEXT_REGION_LENGTH__+0x7f0406>
/Users/askn/Develop/UPDI4AVR-USB/src/isp.cpp:249
    pinControlRegister(PIN_PGM_MISO) = PORT_ISC_INTDISABLE_gc;
    2292:	80 93 01 04 	sts	0x0401, r24	; 0x800401 <__TEXT_REGION_LENGTH__+0x7f0401>
/Users/askn/Develop/UPDI4AVR-USB/src/isp.cpp:250
    pinControlRegister(PIN_PGM_MSCK) = PORT_ISC_INTDISABLE_gc;
    2296:	20 91 52 63 	lds	r18, 0x6352	; 0x806352 <_xclk>
/Users/askn/Develop/UPDI4AVR-USB/src/isp.cpp:251
    pinControlRegister(PIN_PGM_MOSI) = PORT_ISC_INTDISABLE_gc;
    229a:	30 91 53 63 	lds	r19, 0x6353	; 0x806353 <_xclk+0x1>
/Users/askn/Develop/UPDI4AVR-USB/src/isp.cpp:253

    portRegister(PIN_PGM_TRST).OUTCLR = SPI_MASK;
    229e:	50 e0       	ldi	r21, 0x00	; 0
    22a0:	40 e0       	ldi	r20, 0x00	; 0
    22a2:	60 e1       	ldi	r22, 0x10	; 16
/Users/askn/Develop/UPDI4AVR-USB/src/isp.cpp:254
    portRegister(PIN_PGM_TRST).DIRSET = SPI_MASK;
    22a4:	77 e2       	ldi	r23, 0x27	; 39
    22a6:	80 e0       	ldi	r24, 0x00	; 0
/Users/askn/Develop/UPDI4AVR-USB/src/isp.cpp:258

    /* Bit-banging accuracy */
    uint8_t _period = TCA_SPLIT_ENABLE_bm | TCA_SPLIT_CLKSEL_DIV1_gc;
    _ret = (F_CPU / 2000) / _xclk;
    22a8:	90 e0       	ldi	r25, 0x00	; 0
    22aa:	0e 94 45 20 	call	0x408a	; 0x408a <__divmodsi4>
    22ae:	c9 01       	movw	r24, r18
    22b0:	00 97       	sbiw	r24, 0x00	; 0
    22b2:	09 f4       	brne	.+2      	; 0x22b6 <ISP::connect()+0x56>
    22b4:	50 c0       	rjmp	.+160    	; 0x2356 <ISP::connect()+0xf6>
    22b6:	2f 3f       	cpi	r18, 0xFF	; 255
    22b8:	31 05       	cpc	r19, r1
    22ba:	09 f0       	breq	.+2      	; 0x22be <ISP::connect()+0x5e>
    22bc:	0c f4       	brge	.+2      	; 0x22c0 <ISP::connect()+0x60>
    22be:	4f c0       	rjmp	.+158    	; 0x235e <ISP::connect()+0xfe>
    22c0:	54 e0       	ldi	r21, 0x04	; 4
/Users/askn/Develop/UPDI4AVR-USB/src/isp.cpp:259
    if (_ret == 0) _ret = 7;          /* Under-limit: 1250 kbps */
    22c2:	95 95       	asr	r25
    22c4:	87 95       	ror	r24
    22c6:	5a 95       	dec	r21
/Users/askn/Develop/UPDI4AVR-USB/src/isp.cpp:260
    else if (_ret > 255) {
    22c8:	e1 f7       	brne	.-8      	; 0x22c2 <ISP::connect()+0x62>
    22ca:	8f 3f       	cpi	r24, 0xFF	; 255
    22cc:	91 05       	cpc	r25, r1
    22ce:	09 f0       	breq	.+2      	; 0x22d2 <ISP::connect()+0x72>
    22d0:	0c f4       	brge	.+2      	; 0x22d4 <ISP::connect()+0x74>
/Users/askn/Develop/UPDI4AVR-USB/src/isp.cpp:261
      _ret >>= 4;
    22d2:	47 c0       	rjmp	.+142    	; 0x2362 <ISP::connect()+0x102>
    22d4:	83 2f       	mov	r24, r19
    22d6:	99 27       	eor	r25, r25
    22d8:	87 fd       	sbrc	r24, 7
    22da:	9a 95       	dec	r25
/Users/askn/Develop/UPDI4AVR-USB/src/isp.cpp:263
      _period = TCA_SPLIT_ENABLE_bm | TCA_SPLIT_CLKSEL_DIV16_gc;
      if (_ret > 255) {
    22dc:	2d e0       	ldi	r18, 0x0D	; 13
    22de:	30 91 08 04 	lds	r19, 0x0408	; 0x800408 <__TEXT_REGION_LENGTH__+0x7f0408>
    22e2:	37 70       	andi	r19, 0x07	; 7
    22e4:	09 f0       	breq	.+2      	; 0x22e8 <ISP::connect()+0x88>
/Users/askn/Develop/UPDI4AVR-USB/src/isp.cpp:264
        _ret >>= 4;
    22e6:	42 c0       	rjmp	.+132    	; 0x236c <ISP::connect()+0x10c>
    22e8:	10 92 01 0a 	sts	0x0A01, r1	; 0x800a01 <__TEXT_REGION_LENGTH__+0x7f0a01>
    22ec:	3f ef       	ldi	r19, 0xFF	; 255
/Users/askn/Develop/UPDI4AVR-USB/src/isp.cpp:265
        _period = TCA_SPLIT_ENABLE_bm | TCA_SPLIT_CLKSEL_DIV256_gc;
    22ee:	38 0f       	add	r19, r24
/Users/askn/Develop/UPDI4AVR-USB/src/isp.cpp:271
        if (_ret > 255) _ret = 255;
      }
    }

    /* If reading back the BUS yields zero, it is normal. */
    if (portRegister(PIN_PGM_TRST).IN & SPI_MASK) {
    22f0:	30 93 20 0a 	sts	0x0A20, r19	; 0x800a20 <__TEXT_REGION_LENGTH__+0x7f0a20>
    22f4:	30 93 26 0a 	sts	0x0A26, r19	; 0x800a26 <__TEXT_REGION_LENGTH__+0x7f0a26>
    22f8:	95 95       	asr	r25
/Users/askn/Develop/UPDI4AVR-USB/src/isp.cpp:277
      D1PRINTF(" SPI Bus Fail\r\n");
      return -1;
    }

    /* TCA0_WO0 setup */
    TCA0_SPLIT_CTRLB = 0;
    22fa:	87 95       	ror	r24
    22fc:	80 93 28 0a 	sts	0x0A28, r24	; 0x800a28 <__TEXT_REGION_LENGTH__+0x7f0a28>
/Users/askn/Develop/UPDI4AVR-USB/src/isp.cpp:278
    TCA0_SPLIT_LCNT  = _ret - 1;
    2300:	20 93 00 0a 	sts	0x0A00, r18	; 0x800a00 <__TEXT_REGION_LENGTH__+0x7f0a00>
    2304:	c3 e0       	ldi	r28, 0x03	; 3
/Users/askn/Develop/UPDI4AVR-USB/src/isp.cpp:279
    TCA0_SPLIT_LPER  = _ret - 1;
    2306:	09 9a       	sbi	0x01, 1	; 1
    2308:	11 9b       	sbis	0x02, 1	; 2
/Users/askn/Develop/UPDI4AVR-USB/src/isp.cpp:280
    TCA0_SPLIT_LCMP0 = _ret >> 1;
    230a:	fe cf       	rjmp	.-4      	; 0x2308 <ISP::connect()+0xa8>
delay_micros():
    230c:	83 ef       	ldi	r24, 0xF3	; 243
    230e:	91 e0       	ldi	r25, 0x01	; 1
    2310:	01 97       	sbiw	r24, 0x01	; 1
/Users/askn/Develop/UPDI4AVR-USB/src/isp.cpp:281
    TCA0_SPLIT_CTRLA = _period;
    2312:	f1 f7       	brne	.-4      	; 0x2310 <ISP::connect()+0xb0>
    2314:	00 c0       	rjmp	.+0      	; 0x2316 <ISP::connect()+0xb6>
    2316:	00 00       	nop
_ZN3ISP7connectEv():
/Users/askn/Develop/UPDI4AVR-USB/src/isp.cpp:285
    D1PRINTF(" XCK=%d>%d,%02X\r\n", _xclk, _ret, _period);

    for (uint8_t _i = 0; _i < 3; _i++) {
      digitalWriteMacro(PIN_PGM_TRST, HIGH);
    2318:	09 98       	cbi	0x01, 1	; 1
/Users/askn/Develop/UPDI4AVR-USB/src/isp.cpp:286
      while (!digitalReadMacro(PIN_PGM_TRST));
    231a:	11 99       	sbic	0x02, 1	; 2
    231c:	fe cf       	rjmp	.-4      	; 0x231a <ISP::connect()+0xba>
delay_millis():
/Users/askn/Library/Arduino15/packages/MultiX-Zinnia/hardware/modernAVR/0.4.5/cores/modernAVR/api/delay_busywait.h:33
    231e:	9f ef       	ldi	r25, 0xFF	; 255
    2320:	20 e7       	ldi	r18, 0x70	; 112
    2322:	82 e0       	ldi	r24, 0x02	; 2
    2324:	91 50       	subi	r25, 0x01	; 1
    2326:	20 40       	sbci	r18, 0x00	; 0
    2328:	80 40       	sbci	r24, 0x00	; 0
/Users/askn/Develop/UPDI4AVR-USB/src/isp.cpp:291

      /* Pulse must be minimum 2 target CPU clock cycles
        so 100 usec is ok for CPU speeds above 20 KHz */
      SYS::delay_100us();
      digitalWriteMacro(PIN_PGM_TRST, LOW);
    232a:	e1 f7       	brne	.-8      	; 0x2324 <ISP::connect()+0xc4>
/Users/askn/Develop/UPDI4AVR-USB/src/isp.cpp:292
      while (digitalReadMacro(PIN_PGM_TRST));
    232c:	00 c0       	rjmp	.+0      	; 0x232e <ISP::connect()+0xce>
    232e:	00 00       	nop
_ZN3ISP7connectEv():
/Users/askn/Library/Arduino15/packages/MultiX-Zinnia/hardware/modernAVR/0.4.5/cores/modernAVR/api/delay_busywait.h:42
  }
}

void delay_millis (uint32_t _ms) {
  if (F_CPU >= 1000000L) {
    __builtin_avr_delay_cycles((F_CPU / 1000L) * _ms);
    2330:	82 ee       	ldi	r24, 0xE2	; 226
    2332:	90 e6       	ldi	r25, 0x60	; 96
    2334:	18 d9       	rcall	.-3536   	; 0x1566 <ISP::spi_transaction(unsigned char*)>
    2336:	e0 91 e1 60 	lds	r30, 0x60E1	; 0x8060e1 <packet+0xc>
    233a:	f0 e0       	ldi	r31, 0x00	; 0
    233c:	e5 55       	subi	r30, 0x55	; 85
    233e:	ff 49       	sbci	r31, 0x9F	; 159
    2340:	90 81       	ld	r25, Z
/Users/askn/Develop/UPDI4AVR-USB/src/isp.cpp:296
      SYS::delay_40ms();

      /* Programming start command. */
      spi_transaction(&packet.out.data[7]);
    2342:	80 91 e0 60 	lds	r24, 0x60E0	; 0x8060e0 <packet+0xb>
    2346:	98 13       	cpse	r25, r24
    2348:	0e c0       	rjmp	.+28     	; 0x2366 <ISP::connect()+0x106>
/Users/askn/Develop/UPDI4AVR-USB/src/isp.cpp:299

      /* Verification after reading. */
      if (_res[packet.out.data[6] - 1] == packet.out.data[5]) {
    234a:	83 e0       	ldi	r24, 0x03	; 3
    234c:	8f bb       	out	0x1f, r24	; 31
    234e:	90 e0       	ldi	r25, 0x00	; 0
    2350:	80 e0       	ldi	r24, 0x00	; 0
    2352:	cf 91       	pop	r28
    2354:	08 95       	ret
    2356:	21 e0       	ldi	r18, 0x01	; 1
    2358:	87 e0       	ldi	r24, 0x07	; 7
    235a:	90 e0       	ldi	r25, 0x00	; 0
    235c:	c0 cf       	rjmp	.-128    	; 0x22de <ISP::connect()+0x7e>
/Users/askn/Develop/UPDI4AVR-USB/src/isp.cpp:300
        PGCONF = PGCONF_PGIA_bm | PGCONF_PROG_bm;
    235e:	21 e0       	ldi	r18, 0x01	; 1
    2360:	be cf       	rjmp	.-132    	; 0x22de <ISP::connect()+0x7e>
    2362:	29 e0       	ldi	r18, 0x09	; 9
    2364:	bc cf       	rjmp	.-136    	; 0x22de <ISP::connect()+0x7e>
/Users/askn/Develop/UPDI4AVR-USB/src/isp.cpp:308
      }
    }

    /* Time out on failure. */
    for (;;);
  }
    2366:	c1 50       	subi	r28, 0x01	; 1
    2368:	71 f6       	brne	.-100    	; 0x2306 <ISP::connect()+0xa6>
/Users/askn/Develop/UPDI4AVR-USB/src/isp.cpp:257

    portRegister(PIN_PGM_TRST).OUTCLR = SPI_MASK;
    portRegister(PIN_PGM_TRST).DIRSET = SPI_MASK;

    /* Bit-banging accuracy */
    uint8_t _period = TCA_SPLIT_ENABLE_bm | TCA_SPLIT_CLKSEL_DIV1_gc;
    236a:	ff cf       	rjmp	.-2      	; 0x236a <ISP::connect()+0x10a>
/Users/askn/Develop/UPDI4AVR-USB/src/isp.cpp:259
    _ret = (F_CPU / 2000) / _xclk;
    if (_ret == 0) _ret = 7;          /* Under-limit: 1250 kbps */
    236c:	8f ef       	ldi	r24, 0xFF	; 255
    236e:	9f ef       	ldi	r25, 0xFF	; 255
    2370:	f0 cf       	rjmp	.-32     	; 0x2352 <ISP::connect()+0xf2>

00002372 <UPDI::connect()>:
_ZN4UPDI7connectEv():
/Users/askn/Develop/UPDI4AVR-USB/src/isp.cpp:257

    portRegister(PIN_PGM_TRST).OUTCLR = SPI_MASK;
    portRegister(PIN_PGM_TRST).DIRSET = SPI_MASK;

    /* Bit-banging accuracy */
    uint8_t _period = TCA_SPLIT_ENABLE_bm | TCA_SPLIT_CLKSEL_DIV1_gc;
    2372:	cf 93       	push	r28
    2374:	10 92 28 63 	sts	0x6328, r1	; 0x806328 <_sib>
/Users/askn/Develop/UPDI4AVR-USB/src/isp.cpp:262
    _ret = (F_CPU / 2000) / _xclk;
    if (_ret == 0) _ret = 7;          /* Under-limit: 1250 kbps */
    else if (_ret > 255) {
      _ret >>= 4;
      _period = TCA_SPLIT_ENABLE_bm | TCA_SPLIT_CLKSEL_DIV16_gc;
    2378:	8f ef       	ldi	r24, 0xFF	; 255
    237a:	9f ef       	ldi	r25, 0xFF	; 255
/Users/askn/Develop/UPDI4AVR-USB/src/isp.cpp:284
    TCA0_SPLIT_LPER  = _ret - 1;
    TCA0_SPLIT_LCMP0 = _ret >> 1;
    TCA0_SPLIT_CTRLA = _period;
    D1PRINTF(" XCK=%d>%d,%02X\r\n", _xclk, _ret, _period);

    for (uint8_t _i = 0; _i < 3; _i++) {
    237c:	dc 01       	movw	r26, r24
    237e:	80 93 24 63 	sts	0x6324, r24	; 0x806324 <_before_page>
/Users/askn/Develop/UPDI4AVR-USB/src/isp.cpp:273
    }

    /* If reading back the BUS yields zero, it is normal. */
    if (portRegister(PIN_PGM_TRST).IN & SPI_MASK) {
      D1PRINTF(" SPI Bus Fail\r\n");
      return -1;
    2382:	90 93 25 63 	sts	0x6325, r25	; 0x806325 <_before_page+0x1>
/Users/askn/Develop/UPDI4AVR-USB/src/updi.cpp:375
   * For UPDI communication, first set the following:
   * - Keep forced reset for wakeup
   * - Ignore communication collisions
   * - Make guard time short enough
   */
  size_t connect (void) {
    2386:	a0 93 26 63 	sts	0x6326, r26	; 0x806326 <_before_page+0x2>
/Users/askn/Develop/UPDI4AVR-USB/src/updi.cpp:385
      0x55, 0x82        /* LDCS CTRLA */
    };
    const static uint8_t _sib256[] = {
      0x55, 0xE6        /* SIB 256bits */
    };
    _sib[0] = 0;
    238a:	b0 93 27 63 	sts	0x6327, r27	; 0x806327 <_before_page+0x3>
setup():
/Users/askn/Develop/UPDI4AVR-USB/src/updi.cpp:386
    _before_page = -1L;
    238e:	8b e6       	ldi	r24, 0x6B	; 107
    2390:	92 e0       	ldi	r25, 0x02	; 2
    2392:	80 93 48 63 	sts	0x6348, r24	; 0x806348 <Command_Table>
    2396:	90 93 49 63 	sts	0x6349, r25	; 0x806349 <Command_Table+0x1>
    239a:	8f e8       	ldi	r24, 0x8F	; 143
    239c:	9a e0       	ldi	r25, 0x0A	; 10
    239e:	80 93 4a 63 	sts	0x634A, r24	; 0x80634a <Command_Table+0x2>
/Users/askn/Develop/UPDI4AVR-USB/src/nvmv1.cpp:71
    // else if (m_type == 0xD3)   /* MTYPE_SIB */ /* This is in its own memory space. */
    return 0;
  }

  bool setup (void) {
    Command_Table.prog_init    = &prog_init;
    23a2:	90 93 4b 63 	sts	0x634B, r25	; 0x80634b <Command_Table+0x3>
    23a6:	82 e9       	ldi	r24, 0x92	; 146
    23a8:	9a e0       	ldi	r25, 0x0A	; 10
    23aa:	80 93 4c 63 	sts	0x634C, r24	; 0x80634c <Command_Table+0x4>
/Users/askn/Develop/UPDI4AVR-USB/src/nvmv1.cpp:72
    Command_Table.read_memory  = &read_memory;
    23ae:	90 93 4d 63 	sts	0x634D, r25	; 0x80634d <Command_Table+0x5>
    23b2:	8c e8       	ldi	r24, 0x8C	; 140
    23b4:	9a e0       	ldi	r25, 0x0A	; 10
    23b6:	80 93 4e 63 	sts	0x634E, r24	; 0x80634e <Command_Table+0x6>
/Users/askn/Develop/UPDI4AVR-USB/src/nvmv1.cpp:73
    Command_Table.erase_memory = &erase_memory;
    23ba:	90 93 4f 63 	sts	0x634F, r25	; 0x80634f <Command_Table+0x7>
_ZN4UPDI7connectEv():
    23be:	62 d9       	rcall	.-3388   	; 0x1684 <USART::setup()>
    23c0:	ff 9a       	sbi	0x1f, 7	; 31
    23c2:	08 98       	cbi	0x01, 0	; 1
    23c4:	09 98       	cbi	0x01, 1	; 1
/Users/askn/Develop/UPDI4AVR-USB/src/nvmv1.cpp:74
    Command_Table.write_memory = &write_memory;
    23c6:	80 91 23 63 	lds	r24, 0x6323	; 0x806323 <_jtag_vpow>
    23ca:	81 11       	cpse	r24, r1
    23cc:	05 c0       	rjmp	.+10     	; 0x23d8 <UPDI::connect()+0x66>
    23ce:	81 e0       	ldi	r24, 0x01	; 1
    23d0:	80 93 23 63 	sts	0x6323, r24	; 0x806323 <_jtag_vpow>
power_reset():
/Users/askn/Develop/UPDI4AVR-USB/src/updi.cpp:388
    NVM::V1::setup();   /* default is dummy callback */
    USART::setup();
    23d4:	80 e0       	ldi	r24, 0x00	; 0
/Users/askn/Develop/UPDI4AVR-USB/src/updi.cpp:389
    bit_set(PGCONF, PGCONF_PGIF_bp);
    23d6:	0b de       	rcall	.-1002   	; 0x1fee <SYS::power_reset(bool, bool) [clone .part.5]>
_ZN4UPDI7connectEv():
/Users/askn/Develop/UPDI4AVR-USB/src/updi.cpp:392

    /* If possible, perform a hardware reset of the device. */
    digitalWriteMacro(PIN_PGM_TDAT, LOW);
    23d8:	80 91 f1 62 	lds	r24, 0x62F1	; 0x8062f1 <_packet_length>
/Users/askn/Develop/UPDI4AVR-USB/src/updi.cpp:394
    digitalWriteMacro(PIN_PGM_TRST, LOW);
    if (_jtag_vpow == 0) {
    23dc:	90 91 f2 62 	lds	r25, 0x62F2	; 0x8062f2 <_packet_length+0x1>
    23e0:	07 97       	sbiw	r24, 0x07	; 7
    23e2:	40 f0       	brcs	.+16     	; 0x23f4 <UPDI::connect()+0x82>
/Users/askn/Develop/UPDI4AVR-USB/src/updi.cpp:395
      _jtag_vpow = 1;
    23e4:	80 91 dc 60 	lds	r24, 0x60DC	; 0x8060dc <packet+0x7>
    23e8:	88 23       	and	r24, r24
    23ea:	21 f0       	breq	.+8      	; 0x23f4 <UPDI::connect()+0x82>
    23ec:	80 91 d4 60 	lds	r24, 0x60D4	; 0x8060d4 <_jtag_hvctrl>
/Users/askn/Develop/UPDI4AVR-USB/src/updi.cpp:403

    /* High-Voltage control */
  #ifdef CONFIG_HVC_ENABLE
    uint8_t _hvvar = Device_Descriptor.UPDI.hvupdi_variant;
    bool _hven = (_packet_length >= 7 && packet.out.bMType && _jtag_hvctrl)
              || bit_is_set(GPCONF, GPCONF_HLD_bp);
    23f0:	81 11       	cpse	r24, r1
    23f2:	02 c0       	rjmp	.+4      	; 0x23f8 <UPDI::connect()+0x86>
    23f4:	f6 9b       	sbis	0x1e, 6	; 30
    23f6:	22 c0       	rjmp	.+68     	; 0x243c <UPDI::connect()+0xca>
    23f8:	80 91 22 63 	lds	r24, 0x6322	; 0x806322 <Device_Descriptor+0x2f>
/Users/askn/Develop/UPDI4AVR-USB/src/updi.cpp:402
    }

    /* High-Voltage control */
  #ifdef CONFIG_HVC_ENABLE
    uint8_t _hvvar = Device_Descriptor.UPDI.hvupdi_variant;
    bool _hven = (_packet_length >= 7 && packet.out.bMType && _jtag_hvctrl)
    23fc:	81 30       	cpi	r24, 0x01	; 1
    23fe:	f1 f0       	breq	.+60     	; 0x243c <UPDI::connect()+0xca>
hvc_enable():
    2400:	90 e6       	ldi	r25, 0x60	; 96
    2402:	90 93 01 0a 	sts	0x0A01, r25	; 0x800a01 <__TEXT_REGION_LENGTH__+0x7f0a01>
    2406:	10 92 21 0a 	sts	0x0A21, r1	; 0x800a21 <__TEXT_REGION_LENGTH__+0x7f0a21>
    240a:	91 e0       	ldi	r25, 0x01	; 1
/Users/askn/Develop/UPDI4AVR-USB/src/updi.cpp:403
              || bit_is_set(GPCONF, GPCONF_HLD_bp);
    240c:	90 93 00 0a 	sts	0x0A00, r25	; 0x800a00 <__TEXT_REGION_LENGTH__+0x7f0a00>
delay_micros():
/Users/askn/Develop/UPDI4AVR-USB/src/updi.cpp:401
      SYS::power_reset(false, true);
    }

    /* High-Voltage control */
  #ifdef CONFIG_HVC_ENABLE
    uint8_t _hvvar = Device_Descriptor.UPDI.hvupdi_variant;
    2410:	e3 ef       	ldi	r30, 0xF3	; 243
    2412:	f1 e0       	ldi	r31, 0x01	; 1
/Users/askn/Develop/UPDI4AVR-USB/src/updi.cpp:404
    bool _hven = (_packet_length >= 7 && packet.out.bMType && _jtag_hvctrl)
              || bit_is_set(GPCONF, GPCONF_HLD_bp);
    if (_hven && _hvvar != 1) {
    2414:	31 97       	sbiw	r30, 0x01	; 1
    2416:	f1 f7       	brne	.-4      	; 0x2414 <UPDI::connect()+0xa2>
/Users/askn/Develop/UPDI4AVR-USB/src/sys.cpp:400
    return _adc_reading;
  }

  void hvc_enable (void) {
  #ifdef CONFIG_HVC_ENABLE
    TCA0_SPLIT_CTRLB = TCA_SPLIT_HCMP2EN_bm | TCA_SPLIT_HCMP1EN_bm;
    2418:	00 c0       	rjmp	.+0      	; 0x241a <UPDI::connect()+0xa8>
    241a:	00 00       	nop
_ZN4UPDI7connectEv():
    241c:	81 11       	cpse	r24, r1
/Users/askn/Develop/UPDI4AVR-USB/src/sys.cpp:401
    TCA0_SPLIT_HCNT  = 0;
    241e:	6c c0       	rjmp	.+216    	; 0x24f8 <UPDI::connect()+0x186>
    2420:	68 9a       	sbi	0x0d, 0	; 13
delay_micros():
/Users/askn/Develop/UPDI4AVR-USB/src/sys.cpp:402
    TCA0_SPLIT_CTRLA = TCA_SPLIT_ENABLE_bm | TCA_SPLIT_CLKSEL_DIV1_gc;
    2422:	8f e9       	ldi	r24, 0x9F	; 159
    2424:	9f e0       	ldi	r25, 0x0F	; 15
    2426:	01 97       	sbiw	r24, 0x01	; 1
/Users/askn/Library/Arduino15/packages/MultiX-Zinnia/hardware/modernAVR/0.4.5/cores/modernAVR/api/delay_busywait.h:33
static __inline__ __attribute__((__always_inline__)) void delay_micros (uint32_t _us);
static __inline__ __attribute__((__always_inline__)) void delay_millis (uint32_t _ms);

void delay_micros (uint32_t _us) {
  if (F_CPU >= 1000000L) {
    __builtin_avr_delay_cycles((F_CPU / 1000000L) * _us);
    2428:	f1 f7       	brne	.-4      	; 0x2426 <UPDI::connect()+0xb4>
    242a:	00 c0       	rjmp	.+0      	; 0x242c <UPDI::connect()+0xba>
    242c:	00 00       	nop
hvc_leave():
    242e:	10 92 01 0a 	sts	0x0A01, r1	; 0x800a01 <__TEXT_REGION_LENGTH__+0x7f0a01>
    2432:	8f e0       	ldi	r24, 0x0F	; 15
/Users/askn/Develop/UPDI4AVR-USB/src/updi.cpp:407
      D1PRINTF("<HVC:V%d>", _hvvar);
      SYS::hvc_enable();
      if (_hvvar == 0) {
    2434:	80 93 00 0a 	sts	0x0A00, r24	; 0x800a00 <__TEXT_REGION_LENGTH__+0x7f0a00>
_ZN4UPDI7connectEv():
/Users/askn/Develop/UPDI4AVR-USB/src/updi.cpp:408
        digitalWriteMacro(PIN_HVC_SELECT1, HIGH);
    2438:	68 98       	cbi	0x0d, 0	; 13
/Users/askn/Library/Arduino15/packages/MultiX-Zinnia/hardware/modernAVR/0.4.5/cores/modernAVR/api/delay_busywait.h:33
    243a:	6a 98       	cbi	0x0d, 2	; 13
    243c:	00 9a       	sbi	0x00, 0	; 0
delay_micros():
    243e:	e3 ed       	ldi	r30, 0xD3	; 211
    2440:	f0 e3       	ldi	r31, 0x30	; 48
    2442:	31 97       	sbiw	r30, 0x01	; 1
    2444:	f1 f7       	brne	.-4      	; 0x2442 <UPDI::connect()+0xd0>
/Users/askn/Develop/UPDI4AVR-USB/src/sys.cpp:409
  #endif
  }

  void hvc_leave (void) {
  #ifdef CONFIG_HVC_ENABLE
    TCA0_SPLIT_CTRLB = 0;
    2446:	00 c0       	rjmp	.+0      	; 0x2448 <UPDI::connect()+0xd6>
    2448:	00 00       	nop
_ZN4UPDI7connectEv():
/Users/askn/Develop/UPDI4AVR-USB/src/sys.cpp:410
    TCA0_SPLIT_CTRLA = TCA_SPLIT_ENABLE_bm | TCA_SPLIT_CLKSEL_DIV1024_gc;
    244a:	00 98       	cbi	0x00, 0	; 0
    244c:	10 9b       	sbis	0x02, 0	; 2
    244e:	fe cf       	rjmp	.-4      	; 0x244c <UPDI::connect()+0xda>
change_updi():
/Users/askn/Develop/UPDI4AVR-USB/src/updi.cpp:416
        digitalWriteMacro(PIN_HVC_SELECT3, HIGH);
      }
      /* Most early silicon requires a pulse of 700us or more. */
      SYS::delay_800us();
      SYS::hvc_leave();
      digitalWriteMacro(PIN_HVC_SELECT1, LOW);
    2450:	cf b7       	in	r28, 0x3f	; 63
__iCliRetVal():
/Users/askn/Develop/UPDI4AVR-USB/src/updi.cpp:417
      digitalWriteMacro(PIN_HVC_SELECT3, LOW);
    2452:	f8 94       	cli
change_updi():
/Users/askn/Develop/UPDI4AVR-USB/src/updi.cpp:423
      /* From this point onwards, UPDI activation must be successful within 64ms. */
    }
  #endif

    /* In most cases, a 2.5 ms LOW signal is sufficient to initiate UPDI activation. */
    pinLogicPull(PIN_PGM_TDAT);
    2454:	80 e1       	ldi	r24, 0x10	; 16
/Users/askn/Library/Arduino15/packages/MultiX-Zinnia/hardware/modernAVR/0.4.5/cores/modernAVR/api/delay_busywait.h:33
    2456:	80 93 e2 05 	sts	0x05E2, r24	; 0x8005e2 <__TEXT_REGION_LENGTH__+0x7f05e2>
    245a:	80 e2       	ldi	r24, 0x20	; 32
    245c:	80 93 04 08 	sts	0x0804, r24	; 0x800804 <__TEXT_REGION_LENGTH__+0x7f0804>
calk_baud_khz():
    2460:	20 91 52 63 	lds	r18, 0x6352	; 0x806352 <_xclk>
/Users/askn/Develop/UPDI4AVR-USB/src/updi.cpp:428
    SYS::delay_2500us();
    pinLogicOpen(PIN_PGM_TDAT);

    /* When UPDI is activated, it becomes a HIGH signal. */
    while (!digitalReadMacro(PIN_PGM_TDAT));
    2464:	30 91 53 63 	lds	r19, 0x6353	; 0x806353 <_xclk+0x1>
/Users/askn/Develop/UPDI4AVR-USB/src/usart.cpp:92
    }
  }

  /*** Sets up single-wire asynchronous mode for UPDI operation. ***/
  void change_updi (void) {
    ATOMIC_BLOCK(ATOMIC_RESTORESTATE) {
    2468:	50 e0       	ldi	r21, 0x00	; 0
/Users/askn/Library/Arduino15/packages/MultiX-Zinnia/tools/avr8-gcc/7.3.0-avr8-gnu-toolchain/avr/include/util/atomic.h:50
    246a:	40 e0       	ldi	r20, 0x00	; 0
/Users/askn/Develop/UPDI4AVR-USB/src/usart.cpp:93
      PORTMUX_USARTROUTEA = PORTMUX_USART_PGM;
    246c:	60 e0       	ldi	r22, 0x00	; 0
    246e:	71 e7       	ldi	r23, 0x71	; 113
    2470:	82 e0       	ldi	r24, 0x02	; 2
/Users/askn/Develop/UPDI4AVR-USB/src/usart.cpp:94
      USART0_STATUS = USART_DREIF_bm;
    2472:	90 e0       	ldi	r25, 0x00	; 0
    2474:	0e 94 45 20 	call	0x408a	; 0x408a <__divmodsi4>
/Users/askn/Develop/UPDI4AVR-USB/src/usart.cpp:43
  #endif
  }

  /*** Calculate the baud rate for VCP asynchronous mode. ***/
  uint16_t calk_baud_khz (uint16_t _khz) {
    uint32_t _baud = ((F_CPU / 1000L * 8L) / _khz + 1) / 2;
    2478:	da 01       	movw	r26, r20
    247a:	c9 01       	movw	r24, r18
    247c:	01 96       	adiw	r24, 0x01	; 1
    247e:	a1 1d       	adc	r26, r1
    2480:	b1 1d       	adc	r27, r1
    2482:	b5 95       	asr	r27
    2484:	a7 95       	ror	r26
    2486:	97 95       	ror	r25
    2488:	87 95       	ror	r24
    248a:	80 34       	cpi	r24, 0x40	; 64
    248c:	91 05       	cpc	r25, r1
    248e:	a1 05       	cpc	r26, r1
    2490:	b1 05       	cpc	r27, r1
    2492:	bc f1       	brlt	.+110    	; 0x2502 <UPDI::connect()+0x190>
    2494:	00 97       	sbiw	r24, 0x00	; 0
    2496:	f1 e0       	ldi	r31, 0x01	; 1
    2498:	af 07       	cpc	r26, r31
    249a:	b1 05       	cpc	r27, r1
    249c:	20 f0       	brcs	.+8      	; 0x24a6 <UPDI::connect()+0x134>
    249e:	8f ef       	ldi	r24, 0xFF	; 255
    24a0:	9f ef       	ldi	r25, 0xFF	; 255
/Users/askn/Develop/UPDI4AVR-USB/src/usart.cpp:44
    if (_baud < 64) _baud = 64;
    24a2:	a0 e0       	ldi	r26, 0x00	; 0
    24a4:	b0 e0       	ldi	r27, 0x00	; 0
change_updi():
    24a6:	80 93 08 08 	sts	0x0808, r24	; 0x800808 <__TEXT_REGION_LENGTH__+0x7f0808>
    24aa:	90 93 09 08 	sts	0x0809, r25	; 0x800809 <__TEXT_REGION_LENGTH__+0x7f0809>
    24ae:	8b e2       	ldi	r24, 0x2B	; 43
    24b0:	80 93 07 08 	sts	0x0807, r24	; 0x800807 <__TEXT_REGION_LENGTH__+0x7f0807>
    24b4:	8a e0       	ldi	r24, 0x0A	; 10
    24b6:	80 93 05 08 	sts	0x0805, r24	; 0x800805 <__TEXT_REGION_LENGTH__+0x7f0805>
    24ba:	88 ec       	ldi	r24, 0xC8	; 200
    24bc:	80 93 06 08 	sts	0x0806, r24	; 0x800806 <__TEXT_REGION_LENGTH__+0x7f0806>
__iRestore():
/Users/askn/Develop/UPDI4AVR-USB/src/usart.cpp:95
  /*** Sets up single-wire asynchronous mode for UPDI operation. ***/
  void change_updi (void) {
    ATOMIC_BLOCK(ATOMIC_RESTORESTATE) {
      PORTMUX_USARTROUTEA = PORTMUX_USART_PGM;
      USART0_STATUS = USART_DREIF_bm;
      USART0_BAUD  = calk_baud_khz(_xclk);
    24c0:	cf bf       	out	0x3f, r28	; 63
_ZN4UPDI7connectEv():
    24c2:	6b e0       	ldi	r22, 0x0B	; 11
    24c4:	70 e0       	ldi	r23, 0x00	; 0
/Users/askn/Develop/UPDI4AVR-USB/src/usart.cpp:96
      USART0_CTRLC = USART_CHSIZE_8BIT_gc | USART_PMODE_EVEN_gc | USART_SBMODE_2BIT_gc;
    24c6:	8c e8       	ldi	r24, 0x8C	; 140
    24c8:	90 e6       	ldi	r25, 0x60	; 96
    24ca:	0e 94 91 02 	call	0x522	; 0x522 <UPDI::send_bytes(unsigned char const*, unsigned int)>
/Users/askn/Develop/UPDI4AVR-USB/src/usart.cpp:99
      /* The RS485_INT:_BV(1) attribute is undocumented but works fine.     */
      /* Without it, an additional delay is required before sending a byte. */
      USART0_CTRLA = USART_LBME_bm | USART_RS485_INT_gc;
    24ce:	88 23       	and	r24, r24
    24d0:	e9 f0       	breq	.+58     	; 0x250c <UPDI::connect()+0x19a>
/Users/askn/Develop/UPDI4AVR-USB/src/usart.cpp:100
      USART0_CTRLB = USART_RXEN_bm | USART_TXEN_bm | USART_ODME_bm;
    24d2:	0e 94 6e 02 	call	0x4dc	; 0x4dc <PDI::recv()>
    24d6:	88 23       	and	r24, r24
/Users/askn/Library/Arduino15/packages/MultiX-Zinnia/tools/avr8-gcc/7.3.0-avr8-gnu-toolchain/avr/include/util/atomic.h:70
    (void)__s;
}

static __inline__ void __iRestore(const  uint8_t *__s)
{
    SREG = *__s;
    24d8:	c9 f0       	breq	.+50     	; 0x250c <UPDI::connect()+0x19a>
/Users/askn/Develop/UPDI4AVR-USB/src/updi.cpp:434
    USART::change_updi();

    /* It will send a series of commands and check the response. */
    /* If the response is invalid, it will send a BREAK character and try again. */
    /* If UPDI does not respond, a timeout occurs. */
    while (!(send_bytes(_init, sizeof(_init)) && recv() && (RXDATA == UPDI_CTRLAV))) {
    24da:	8d b3       	in	r24, 0x1d	; 29
    24dc:	85 31       	cpi	r24, 0x15	; 21
    24de:	b1 f4       	brne	.+44     	; 0x250c <UPDI::connect()+0x19a>
    24e0:	62 e0       	ldi	r22, 0x02	; 2
    24e2:	70 e0       	ldi	r23, 0x00	; 0
    24e4:	8a e8       	ldi	r24, 0x8A	; 138
    24e6:	90 e6       	ldi	r25, 0x60	; 96
    24e8:	0e 94 91 02 	call	0x522	; 0x522 <UPDI::send_bytes(unsigned char const*, unsigned int)>
    24ec:	81 11       	cpse	r24, r1
    24ee:	11 c0       	rjmp	.+34     	; 0x2512 <UPDI::connect()+0x1a0>
    24f0:	90 e0       	ldi	r25, 0x00	; 0
    24f2:	80 e0       	ldi	r24, 0x00	; 0
    24f4:	cf 91       	pop	r28
    24f6:	08 95       	ret
/Users/askn/Develop/UPDI4AVR-USB/src/updi.cpp:440
      send_break();
    }

    /* Read the SIB from the ACC. */
    /* This can be done even on a locked device. */
    if (send_bytes(_sib256, sizeof(_sib256)) && recv_bytes(_sib, 32)) {
    24f8:	82 30       	cpi	r24, 0x02	; 2
    24fa:	09 f0       	breq	.+2      	; 0x24fe <UPDI::connect()+0x18c>
    24fc:	92 cf       	rjmp	.-220    	; 0x2422 <UPDI::connect()+0xb0>
    24fe:	6a 9a       	sbi	0x0d, 2	; 13
    2500:	90 cf       	rjmp	.-224    	; 0x2422 <UPDI::connect()+0xb0>
    2502:	80 e4       	ldi	r24, 0x40	; 64
    2504:	90 e0       	ldi	r25, 0x00	; 0
    2506:	a0 e0       	ldi	r26, 0x00	; 0
/Users/askn/Develop/UPDI4AVR-USB/src/updi.cpp:460
        bit_clear(PGCONF, PGCONF_PGIF_bp);
        return 5;
      }
    }
    D1PRINTF(" FAIL:%02X,%02X\r\n", RXSTAT, RXDATA);
    return 0;
    2508:	b0 e0       	ldi	r27, 0x00	; 0
    250a:	cd cf       	rjmp	.-102    	; 0x24a6 <UPDI::connect()+0x134>
/Users/askn/Develop/UPDI4AVR-USB/src/updi.cpp:461
  }
    250c:	0e 94 ab 04 	call	0x956	; 0x956 <UPDI::send_break()>
/Users/askn/Develop/UPDI4AVR-USB/src/updi.cpp:410
      D1PRINTF("<HVC:V%d>", _hvvar);
      SYS::hvc_enable();
      if (_hvvar == 0) {
        digitalWriteMacro(PIN_HVC_SELECT1, HIGH);
      }
      else if (_hvvar == 2) {
    2510:	d8 cf       	rjmp	.-80     	; 0x24c2 <UPDI::connect()+0x150>
    2512:	60 e2       	ldi	r22, 0x20	; 32
    2514:	70 e0       	ldi	r23, 0x00	; 0
/Users/askn/Develop/UPDI4AVR-USB/src/updi.cpp:411
        digitalWriteMacro(PIN_HVC_SELECT3, HIGH);
    2516:	88 e2       	ldi	r24, 0x28	; 40
    2518:	93 e6       	ldi	r25, 0x63	; 99
/Users/askn/Develop/UPDI4AVR-USB/src/usart.cpp:44
  }

  /*** Calculate the baud rate for VCP asynchronous mode. ***/
  uint16_t calk_baud_khz (uint16_t _khz) {
    uint32_t _baud = ((F_CPU / 1000L * 8L) / _khz + 1) / 2;
    if (_baud < 64) _baud = 64;
    251a:	0e 94 a5 03 	call	0x74a	; 0x74a <UPDI::recv_bytes(unsigned char*, unsigned int)>
    251e:	88 23       	and	r24, r24
    2520:	39 f3       	breq	.-50     	; 0x24f0 <UPDI::connect()+0x17e>
    2522:	80 91 32 63 	lds	r24, 0x6332	; 0x806332 <_sib+0xa>
/Users/askn/Develop/UPDI4AVR-USB/src/updi.cpp:435

    /* It will send a series of commands and check the response. */
    /* If the response is invalid, it will send a BREAK character and try again. */
    /* If UPDI does not respond, a timeout occurs. */
    while (!(send_bytes(_init, sizeof(_init)) && recv() && (RXDATA == UPDI_CTRLAV))) {
      send_break();
    2526:	86 33       	cpi	r24, 0x36	; 54
    2528:	61 f5       	brne	.+88     	; 0x2582 <UPDI::connect()+0x210>
setup():
/Users/askn/Develop/UPDI4AVR-USB/src/updi.cpp:440
    }

    /* Read the SIB from the ACC. */
    /* This can be done even on a locked device. */
    if (send_bytes(_sib256, sizeof(_sib256)) && recv_bytes(_sib, 32)) {
    252a:	86 e7       	ldi	r24, 0x76	; 118
    252c:	99 e0       	ldi	r25, 0x09	; 9
    252e:	80 93 48 63 	sts	0x6348, r24	; 0x806348 <Command_Table>
    2532:	90 93 49 63 	sts	0x6349, r25	; 0x806349 <Command_Table+0x1>
    2536:	8a ea       	ldi	r24, 0xAA	; 170
    2538:	94 e0       	ldi	r25, 0x04	; 4
/Users/askn/Develop/UPDI4AVR-USB/src/updi.cpp:444
      size_t _result = 0;
      D1PRINTF(" NVM:%02X,SIB=\"%s\"\r\n", _sib[10], _sib);
      /* Depending on the SIB, different low-level methods are executed. */
      if      (_sib[10] == '6') _result = NVM::V6::setup();
    253a:	80 93 4a 63 	sts	0x634A, r24	; 0x80634a <Command_Table+0x2>
    253e:	90 93 4b 63 	sts	0x634B, r25	; 0x80634b <Command_Table+0x3>
/Users/askn/Develop/UPDI4AVR-USB/src/nvmv6.cpp:187
      return UPDI::send_bytes_block(_dwAddr, _wLength);
    }
  }

  bool setup (void) {
    Command_Table.prog_init    = &prog_init;
    2542:	81 ee       	ldi	r24, 0xE1	; 225
    2544:	9f e0       	ldi	r25, 0x0F	; 15
    2546:	80 93 4c 63 	sts	0x634C, r24	; 0x80634c <Command_Table+0x4>
    254a:	90 93 4d 63 	sts	0x634D, r25	; 0x80634d <Command_Table+0x5>
/Users/askn/Develop/UPDI4AVR-USB/src/nvmv6.cpp:188
    Command_Table.read_memory  = &read_memory;
    254e:	83 ed       	ldi	r24, 0xD3	; 211
    2550:	9e e0       	ldi	r25, 0x0E	; 14
    2552:	80 93 4e 63 	sts	0x634E, r24	; 0x80634e <Command_Table+0x6>
    2556:	90 93 4f 63 	sts	0x634F, r25	; 0x80634f <Command_Table+0x7>
_ZN4UPDI7connectEv():
/Users/askn/Develop/UPDI4AVR-USB/src/nvmv6.cpp:189
    Command_Table.erase_memory = &erase_memory;
    255a:	80 91 28 63 	lds	r24, 0x6328	; 0x806328 <_sib>
    255e:	e8 e2       	ldi	r30, 0x28	; 40
    2560:	f3 e6       	ldi	r31, 0x63	; 99
    2562:	80 32       	cpi	r24, 0x20	; 32
    2564:	11 f4       	brne	.+4      	; 0x256a <UPDI::connect()+0x1f8>
/Users/askn/Develop/UPDI4AVR-USB/src/nvmv6.cpp:190
    Command_Table.write_memory = &write_memory;
    2566:	ec e2       	ldi	r30, 0x2C	; 44
    2568:	f3 e6       	ldi	r31, 0x63	; 99
/Users/askn/Develop/UPDI4AVR-USB/src/nvmv0.cpp:174

  bool setup (void) {
    Command_Table.prog_init    = &prog_init;
    Command_Table.read_memory  = &read_memory;
    Command_Table.erase_memory = &erase_memory;
    Command_Table.write_memory = &write_memory;
    256a:	84 e0       	ldi	r24, 0x04	; 4
    256c:	ac ed       	ldi	r26, 0xDC	; 220
    256e:	b0 e6       	ldi	r27, 0x60	; 96
    2570:	01 90       	ld	r0, Z+
/Users/askn/Develop/UPDI4AVR-USB/src/updi.cpp:453
      else if (_sib[10] == '2') _result = NVM::V2::setup();
      else if (_sib[10] == '0') _result = NVM::V0::setup();
      if (_result) {
        /* If the SIB is obtained, the first 4-characters are returned. */
        /* If the 1st character is blank, the next 4-characters are returned. */
        memcpy(&packet.in.data[0], _sib[0] == ' ' ? &_sib[4] : &_sib[0], 4);
    2572:	0d 92       	st	X+, r0
    2574:	8a 95       	dec	r24
    2576:	e1 f7       	brne	.-8      	; 0x2570 <UPDI::connect()+0x1fe>
    2578:	f8 9a       	sbi	0x1f, 0	; 31
    257a:	ff 98       	cbi	0x1f, 7	; 31
    257c:	85 e0       	ldi	r24, 0x05	; 5
    257e:	90 e0       	ldi	r25, 0x00	; 0
    2580:	b9 cf       	rjmp	.-142    	; 0x24f4 <UPDI::connect()+0x182>
    2582:	85 33       	cpi	r24, 0x35	; 53
    2584:	a9 f4       	brne	.+42     	; 0x25b0 <UPDI::connect()+0x23e>
setup():
    2586:	82 ed       	ldi	r24, 0xD2	; 210
    2588:	99 e0       	ldi	r25, 0x09	; 9
    258a:	80 93 48 63 	sts	0x6348, r24	; 0x806348 <Command_Table>
    258e:	90 93 49 63 	sts	0x6349, r25	; 0x806349 <Command_Table+0x1>
/Users/askn/Develop/UPDI4AVR-USB/src/updi.cpp:455
        bit_set(PGCONF, PGCONF_PGIA_bp);
        bit_clear(PGCONF, PGCONF_PGIF_bp);
    2592:	89 ea       	ldi	r24, 0xA9	; 169
/Users/askn/Develop/UPDI4AVR-USB/src/updi.cpp:456
        return 5;
    2594:	94 e0       	ldi	r25, 0x04	; 4
    2596:	80 93 4a 63 	sts	0x634A, r24	; 0x80634a <Command_Table+0x2>
/Users/askn/Develop/UPDI4AVR-USB/src/updi.cpp:445
    if (send_bytes(_sib256, sizeof(_sib256)) && recv_bytes(_sib, 32)) {
      size_t _result = 0;
      D1PRINTF(" NVM:%02X,SIB=\"%s\"\r\n", _sib[10], _sib);
      /* Depending on the SIB, different low-level methods are executed. */
      if      (_sib[10] == '6') _result = NVM::V6::setup();
      else if (_sib[10] == '5') _result = NVM::V5::setup();
    259a:	90 93 4b 63 	sts	0x634B, r25	; 0x80634b <Command_Table+0x3>
/Users/askn/Develop/UPDI4AVR-USB/src/nvmv5.cpp:165
    }
  }

  bool setup (void) {
    Command_Table.prog_init    = &prog_init;
    259e:	84 eb       	ldi	r24, 0xB4	; 180
    25a0:	9f e0       	ldi	r25, 0x0F	; 15
    25a2:	80 93 4c 63 	sts	0x634C, r24	; 0x80634c <Command_Table+0x4>
    25a6:	90 93 4d 63 	sts	0x634D, r25	; 0x80634d <Command_Table+0x5>
/Users/askn/Develop/UPDI4AVR-USB/src/nvmv5.cpp:166
    Command_Table.read_memory  = &read_memory;
    25aa:	81 e8       	ldi	r24, 0x81	; 129
    25ac:	9e e0       	ldi	r25, 0x0E	; 14
    25ae:	d1 cf       	rjmp	.-94     	; 0x2552 <UPDI::connect()+0x1e0>
_ZN4UPDI7connectEv():
    25b0:	84 33       	cpi	r24, 0x34	; 52
    25b2:	a9 f4       	brne	.+42     	; 0x25de <UPDI::connect()+0x26c>
setup():
    25b4:	84 ec       	ldi	r24, 0xC4	; 196
/Users/askn/Develop/UPDI4AVR-USB/src/nvmv5.cpp:167
    Command_Table.erase_memory = &erase_memory;
    25b6:	99 e0       	ldi	r25, 0x09	; 9
    25b8:	80 93 48 63 	sts	0x6348, r24	; 0x806348 <Command_Table>
    25bc:	90 93 49 63 	sts	0x6349, r25	; 0x806349 <Command_Table+0x1>
    25c0:	8a e7       	ldi	r24, 0x7A	; 122
/Users/askn/Develop/UPDI4AVR-USB/src/nvmv5.cpp:168
    Command_Table.write_memory = &write_memory;
    25c2:	94 e0       	ldi	r25, 0x04	; 4
    25c4:	80 93 4a 63 	sts	0x634A, r24	; 0x80634a <Command_Table+0x2>
/Users/askn/Develop/UPDI4AVR-USB/src/updi.cpp:446
      else if (_sib[10] == '4') _result = NVM::V4::setup();
    25c8:	90 93 4b 63 	sts	0x634B, r25	; 0x80634b <Command_Table+0x3>
/Users/askn/Develop/UPDI4AVR-USB/src/nvmv4.cpp:187
      return UPDI::send_bytes_block(_dwAddr, _wLength);
    }
  }

  bool setup (void) {
    Command_Table.prog_init    = &prog_init;
    25cc:	8b ec       	ldi	r24, 0xCB	; 203
    25ce:	9f e0       	ldi	r25, 0x0F	; 15
    25d0:	80 93 4c 63 	sts	0x634C, r24	; 0x80634c <Command_Table+0x4>
    25d4:	90 93 4d 63 	sts	0x634D, r25	; 0x80634d <Command_Table+0x5>
/Users/askn/Develop/UPDI4AVR-USB/src/nvmv4.cpp:188
    Command_Table.read_memory  = &read_memory;
    25d8:	82 e0       	ldi	r24, 0x02	; 2
    25da:	9e e0       	ldi	r25, 0x0E	; 14
    25dc:	ba cf       	rjmp	.-140    	; 0x2552 <UPDI::connect()+0x1e0>
_ZN4UPDI7connectEv():
    25de:	83 33       	cpi	r24, 0x33	; 51
    25e0:	a9 f4       	brne	.+42     	; 0x260c <UPDI::connect()+0x29a>
setup():
    25e2:	8a ec       	ldi	r24, 0xCA	; 202
/Users/askn/Develop/UPDI4AVR-USB/src/nvmv4.cpp:189
    Command_Table.erase_memory = &erase_memory;
    25e4:	99 e0       	ldi	r25, 0x09	; 9
    25e6:	80 93 48 63 	sts	0x6348, r24	; 0x806348 <Command_Table>
    25ea:	90 93 49 63 	sts	0x6349, r25	; 0x806349 <Command_Table+0x1>
    25ee:	89 e7       	ldi	r24, 0x79	; 121
/Users/askn/Develop/UPDI4AVR-USB/src/nvmv4.cpp:190
    Command_Table.write_memory = &write_memory;
    25f0:	94 e0       	ldi	r25, 0x04	; 4
    25f2:	80 93 4a 63 	sts	0x634A, r24	; 0x80634a <Command_Table+0x2>
/Users/askn/Develop/UPDI4AVR-USB/src/updi.cpp:447
      else if (_sib[10] == '3') _result = NVM::V3::setup();
    25f6:	90 93 4b 63 	sts	0x634B, r25	; 0x80634b <Command_Table+0x3>
/Users/askn/Develop/UPDI4AVR-USB/src/nvmv3.cpp:162
    }
  }

  bool setup (void) {
    Command_Table.prog_init    = &prog_init;
    25fa:	83 eb       	ldi	r24, 0xB3	; 179
    25fc:	9f e0       	ldi	r25, 0x0F	; 15
    25fe:	80 93 4c 63 	sts	0x634C, r24	; 0x80634c <Command_Table+0x4>
    2602:	90 93 4d 63 	sts	0x634D, r25	; 0x80634d <Command_Table+0x5>
/Users/askn/Develop/UPDI4AVR-USB/src/nvmv3.cpp:163
    Command_Table.read_memory  = &read_memory;
    2606:	80 eb       	ldi	r24, 0xB0	; 176
    2608:	9d e0       	ldi	r25, 0x0D	; 13
    260a:	a3 cf       	rjmp	.-186    	; 0x2552 <UPDI::connect()+0x1e0>
_ZN4UPDI7connectEv():
    260c:	82 33       	cpi	r24, 0x32	; 50
    260e:	a9 f4       	brne	.+42     	; 0x263a <UPDI::connect()+0x2c8>
setup():
    2610:	88 e6       	ldi	r24, 0x68	; 104
/Users/askn/Develop/UPDI4AVR-USB/src/nvmv3.cpp:164
    Command_Table.erase_memory = &erase_memory;
    2612:	9a e0       	ldi	r25, 0x0A	; 10
    2614:	80 93 48 63 	sts	0x6348, r24	; 0x806348 <Command_Table>
    2618:	90 93 49 63 	sts	0x6349, r25	; 0x806349 <Command_Table+0x1>
    261c:	8b e4       	ldi	r24, 0x4B	; 75
/Users/askn/Develop/UPDI4AVR-USB/src/nvmv3.cpp:165
    Command_Table.write_memory = &write_memory;
    261e:	94 e0       	ldi	r25, 0x04	; 4
    2620:	80 93 4a 63 	sts	0x634A, r24	; 0x80634a <Command_Table+0x2>
/Users/askn/Develop/UPDI4AVR-USB/src/updi.cpp:448
      else if (_sib[10] == '2') _result = NVM::V2::setup();
    2624:	90 93 4b 63 	sts	0x634B, r25	; 0x80634b <Command_Table+0x3>
/Users/askn/Develop/UPDI4AVR-USB/src/nvmv2.cpp:184
      return UPDI::send_bytes_block(_dwAddr, _wLength);
    }
  }

  bool setup (void) {
    Command_Table.prog_init    = &prog_init;
    2628:	85 eb       	ldi	r24, 0xB5	; 181
    262a:	9f e0       	ldi	r25, 0x0F	; 15
    262c:	80 93 4c 63 	sts	0x634C, r24	; 0x80634c <Command_Table+0x4>
    2630:	90 93 4d 63 	sts	0x634D, r25	; 0x80634d <Command_Table+0x5>
/Users/askn/Develop/UPDI4AVR-USB/src/nvmv2.cpp:185
    Command_Table.read_memory  = &read_memory;
    2634:	81 e3       	ldi	r24, 0x31	; 49
    2636:	9d e0       	ldi	r25, 0x0D	; 13
    2638:	8c cf       	rjmp	.-232    	; 0x2552 <UPDI::connect()+0x1e0>
_ZN4UPDI7connectEv():
    263a:	80 33       	cpi	r24, 0x30	; 48
    263c:	09 f0       	breq	.+2      	; 0x2640 <UPDI::connect()+0x2ce>
    263e:	58 cf       	rjmp	.-336    	; 0x24f0 <UPDI::connect()+0x17e>
setup():
/Users/askn/Develop/UPDI4AVR-USB/src/nvmv2.cpp:186
    Command_Table.erase_memory = &erase_memory;
    2640:	87 e4       	ldi	r24, 0x47	; 71
    2642:	9a e0       	ldi	r25, 0x0A	; 10
    2644:	80 93 48 63 	sts	0x6348, r24	; 0x806348 <Command_Table>
    2648:	90 93 49 63 	sts	0x6349, r25	; 0x806349 <Command_Table+0x1>
/Users/askn/Develop/UPDI4AVR-USB/src/nvmv2.cpp:187
    Command_Table.write_memory = &write_memory;
    264c:	80 e2       	ldi	r24, 0x20	; 32
    264e:	94 e0       	ldi	r25, 0x04	; 4
    2650:	80 93 4a 63 	sts	0x634A, r24	; 0x80634a <Command_Table+0x2>
/Users/askn/Develop/UPDI4AVR-USB/src/updi.cpp:449
      else if (_sib[10] == '0') _result = NVM::V0::setup();
    2654:	90 93 4b 63 	sts	0x634B, r25	; 0x80634b <Command_Table+0x3>
/Users/askn/Develop/UPDI4AVR-USB/src/nvmv0.cpp:171
      return UPDI::send_bytes_block(_wAddr, _wLength);
    }
  }

  bool setup (void) {
    Command_Table.prog_init    = &prog_init;
    2658:	89 ea       	ldi	r24, 0xA9	; 169
    265a:	9f e0       	ldi	r25, 0x0F	; 15
    265c:	80 93 4c 63 	sts	0x634C, r24	; 0x80634c <Command_Table+0x4>
    2660:	90 93 4d 63 	sts	0x634D, r25	; 0x80634d <Command_Table+0x5>
/Users/askn/Develop/UPDI4AVR-USB/src/nvmv0.cpp:172
    Command_Table.read_memory  = &read_memory;
    2664:	80 e7       	ldi	r24, 0x70	; 112
    2666:	9c e0       	ldi	r25, 0x0C	; 12
    2668:	74 cf       	rjmp	.-280    	; 0x2552 <UPDI::connect()+0x1e0>

0000266a <TPI::write_memory()>:
_ZN3TPI12write_memoryEv():
    266a:	4f 92       	push	r4
    266c:	5f 92       	push	r5
    266e:	6f 92       	push	r6
/Users/askn/Develop/UPDI4AVR-USB/src/nvmv0.cpp:173
    Command_Table.erase_memory = &erase_memory;
    2670:	7f 92       	push	r7
    2672:	8f 92       	push	r8
    2674:	9f 92       	push	r9
    2676:	af 92       	push	r10
    2678:	bf 92       	push	r11
    267a:	cf 92       	push	r12
/Users/askn/Develop/UPDI4AVR-USB/src/nvmv0.cpp:174
    Command_Table.write_memory = &write_memory;
    267c:	df 92       	push	r13
    267e:	ef 92       	push	r14
    2680:	ff 92       	push	r15
/Users/askn/Develop/UPDI4AVR-USB/src/tpi.cpp:165
    }
    D1PRINTHEX(&packet.in.data, _wLength, ':');
    return _wLength;
  }

  size_t write_memory (void) {
    2682:	0f 93       	push	r16
    2684:	1f 93       	push	r17
    2686:	cf 93       	push	r28
    2688:	df 93       	push	r29
    268a:	20 91 db 60 	lds	r18, 0x60DB	; 0x8060db <packet+0x6>
bswap16():
    268e:	c0 90 df 60 	lds	r12, 0x60DF	; 0x8060df <packet+0xa>
    2692:	d0 90 e0 60 	lds	r13, 0x60E0	; 0x8060e0 <packet+0xb>
    2696:	dc 24       	eor	r13, r12
    2698:	cd 24       	eor	r12, r13
    269a:	dc 24       	eor	r13, r12
    269c:	e0 90 e1 60 	lds	r14, 0x60E1	; 0x8060e1 <packet+0xc>
    26a0:	f0 90 e2 60 	lds	r15, 0x60E2	; 0x8060e2 <packet+0xd>
/Users/askn/Develop/UPDI4AVR-USB/src/tpi.cpp:166
    uint8_t   m_type = packet.out.tpi.read.bMType;
    26a4:	fe 24       	eor	r15, r14
/Users/askn/Library/Arduino15/packages/MultiX-Zinnia/hardware/modernAVR/0.4.5/cores/modernAVR/api/cpp/btools.cpp:45
//
// Byte convert
//

uint16_t bswap16 (uint16_t _word) {
  return __builtin_bswap16(_word);
    26a6:	ef 24       	eor	r14, r15
    26a8:	fe 24       	eor	r15, r14
_ZN3TPI12write_memoryEv():
    26aa:	40 90 d3 60 	lds	r4, 0x60D3	; 0x8060d3 <_tpi_chunks>
    26ae:	64 2c       	mov	r6, r4
    26b0:	71 2c       	mov	r7, r1
    26b2:	c3 01       	movw	r24, r6
    26b4:	01 97       	sbiw	r24, 0x01	; 1
    26b6:	c3 ee       	ldi	r28, 0xE3	; 227
    26b8:	d0 e6       	ldi	r29, 0x60	; 96
    26ba:	3f ef       	ldi	r19, 0xFF	; 255
    26bc:	ac 01       	movw	r20, r24
    26be:	4c 21       	and	r20, r12
    26c0:	5d 21       	and	r21, r13
/Users/askn/Develop/UPDI4AVR-USB/src/tpi.cpp:174
    uint8_t *_p = &packet.out.tpi.write.memData[0];
    bool _result = true;

    /* To accommodate older host programs, */
    /* the address must be aligned to the top of the page. */
    while (_dwAddr & (_tpi_chunks - 1)) {
    26c2:	45 2b       	or	r20, r21
    26c4:	79 f4       	brne	.+30     	; 0x26e4 <TPI::write_memory()+0x7a>
    26c6:	3f ef       	ldi	r19, 0xFF	; 255
    26c8:	4c 01       	movw	r8, r24
    26ca:	8e 20       	and	r8, r14
    26cc:	9f 20       	and	r9, r15
/Users/askn/Develop/UPDI4AVR-USB/src/tpi.cpp:169

  size_t write_memory (void) {
    uint8_t   m_type = packet.out.tpi.read.bMType;
    uint16_t _dwAddr = bswap16(_CAPS32(packet.out.tpi.write.dwAddr)->words[1]);
    size_t  _wLength = bswap16(packet.out.tpi.write.wLength);
    uint8_t *_p = &packet.out.tpi.write.memData[0];
    26ce:	81 14       	cp	r8, r1
    26d0:	91 04       	cpc	r9, r1
/Users/askn/Develop/UPDI4AVR-USB/src/tpi.cpp:178
    /* the address must be aligned to the top of the page. */
    while (_dwAddr & (_tpi_chunks - 1)) {
      _dwAddr--;
      _wLength++;
      --_p;
      *_p = 0xFF;     /* NAND masked dummy bytes */
    26d2:	81 f0       	breq	.+32     	; 0x26f4 <TPI::write_memory()+0x8a>
/Users/askn/Develop/UPDI4AVR-USB/src/tpi.cpp:174
    uint8_t *_p = &packet.out.tpi.write.memData[0];
    bool _result = true;

    /* To accommodate older host programs, */
    /* the address must be aligned to the top of the page. */
    while (_dwAddr & (_tpi_chunks - 1)) {
    26d4:	f6 01       	movw	r30, r12
    26d6:	ee 0d       	add	r30, r14
    26d8:	ff 1d       	adc	r31, r15
    26da:	30 83       	st	Z, r19
    26dc:	ff ef       	ldi	r31, 0xFF	; 255
/Users/askn/Develop/UPDI4AVR-USB/src/tpi.cpp:181
      _wLength++;
      --_p;
      *_p = 0xFF;     /* NAND masked dummy bytes */
    }
    while (_wLength & (_tpi_chunks - 1)) {
      *((uint8_t*)(_dwAddr + _wLength)) = 0xFF;
    26de:	ef 1a       	sub	r14, r31
/Users/askn/Develop/UPDI4AVR-USB/src/tpi.cpp:180
      _dwAddr--;
      _wLength++;
      --_p;
      *_p = 0xFF;     /* NAND masked dummy bytes */
    }
    while (_wLength & (_tpi_chunks - 1)) {
    26e0:	ff 0a       	sbc	r15, r31
    26e2:	f2 cf       	rjmp	.-28     	; 0x26c8 <TPI::write_memory()+0x5e>
    26e4:	41 e0       	ldi	r20, 0x01	; 1
    26e6:	c4 1a       	sub	r12, r20
    26e8:	d1 08       	sbc	r13, r1
    26ea:	ef ef       	ldi	r30, 0xFF	; 255
/Users/askn/Develop/UPDI4AVR-USB/src/tpi.cpp:181
      *((uint8_t*)(_dwAddr + _wLength)) = 0xFF;
    26ec:	ee 1a       	sub	r14, r30
    26ee:	fe 0a       	sbc	r15, r30
    26f0:	3a 93       	st	-Y, r19
    26f2:	e4 cf       	rjmp	.-56     	; 0x26bc <TPI::write_memory()+0x52>
/Users/askn/Develop/UPDI4AVR-USB/src/tpi.cpp:182
      _wLength++;
    26f4:	21 30       	cpi	r18, 0x01	; 1
    26f6:	21 f5       	brne	.+72     	; 0x2740 <TPI::write_memory()+0xd6>
    26f8:	b1 2c       	mov	r11, r1
    26fa:	a1 2c       	mov	r10, r1
/Users/askn/Develop/UPDI4AVR-USB/src/tpi.cpp:175
    bool _result = true;

    /* To accommodate older host programs, */
    /* the address must be aligned to the top of the page. */
    while (_dwAddr & (_tpi_chunks - 1)) {
      _dwAddr--;
    26fc:	86 01       	movw	r16, r12
    26fe:	0a 0d       	add	r16, r10
    2700:	1b 1d       	adc	r17, r11
/Users/askn/Develop/UPDI4AVR-USB/src/tpi.cpp:176
      _wLength++;
    2702:	ae 14       	cp	r10, r14
    2704:	bf 04       	cpc	r11, r15
    2706:	08 f0       	brcs	.+2      	; 0x270a <TPI::write_memory()+0xa0>
/Users/askn/Develop/UPDI4AVR-USB/src/tpi.cpp:178
      --_p;
      *_p = 0xFF;     /* NAND masked dummy bytes */
    2708:	9d c0       	rjmp	.+314    	; 0x2844 <TPI::write_memory()+0x1da>
    270a:	0e 94 0a 05 	call	0xa14	; 0xa14 <TPI::nvm_wait()>
/Users/askn/Develop/UPDI4AVR-USB/src/tpi.cpp:190
    D1PRINTHEX(_p, _wLength, ':');

    /* For the flash code area, the page erase can be */
    /* omitted if the chip has already been erased.   */
    /* 0x01: XPRG_MEM_TYPE_APPL */
    if (m_type != 0x01) {
    270e:	88 23       	and	r24, r24
/Users/askn/Develop/UPDI4AVR-USB/src/tpi.cpp:169

  size_t write_memory (void) {
    uint8_t   m_type = packet.out.tpi.read.bMType;
    uint16_t _dwAddr = bswap16(_CAPS32(packet.out.tpi.write.dwAddr)->words[1]);
    size_t  _wLength = bswap16(packet.out.tpi.write.wLength);
    uint8_t *_p = &packet.out.tpi.write.memData[0];
    2710:	81 f0       	breq	.+32     	; 0x2732 <TPI::write_memory()+0xc8>
    2712:	c8 01       	movw	r24, r16
    2714:	0e 94 28 05 	call	0xa50	; 0xa50 <TPI::set_sstpr(unsigned int)>
    2718:	88 23       	and	r24, r24
/Users/askn/Develop/UPDI4AVR-USB/src/tpi.cpp:203
        && nvm_ctrl(0x00);
      if (!_result) return 0;
    }

    /* WRITE_PAGE */
    for (size_t _i = 0; _i < _wLength; _i += _tpi_chunks) {
    271a:	59 f0       	breq	.+22     	; 0x2732 <TPI::write_memory()+0xc8>
    271c:	8d e1       	ldi	r24, 0x1D	; 29
    271e:	0e 94 fe 04 	call	0x9fc	; 0x9fc <TPI::nvm_ctrl(unsigned char)>
/Users/askn/Develop/UPDI4AVR-USB/src/tpi.cpp:205
      D1PRINTF(" CODE_WRITE=%04X:%02X\r\n", _dwAddr, _tpi_chunks);
      _result &= nvm_wait()
    2722:	88 23       	and	r24, r24
    2724:	31 f0       	breq	.+12     	; 0x2732 <TPI::write_memory()+0xc8>
/Users/askn/Develop/UPDI4AVR-USB/src/tpi.cpp:209
              && set_sstpr(_dwAddr)
              && nvm_ctrl(0x1D)
              && set_sst(*_p++)
              && set_sst(*_p++);
    2726:	88 81       	ld	r24, Y
    2728:	0e 94 16 05 	call	0xa2c	; 0xa2c <TPI::set_sst(unsigned char)>
/Users/askn/Develop/UPDI4AVR-USB/src/tpi.cpp:206

    /* WRITE_PAGE */
    for (size_t _i = 0; _i < _wLength; _i += _tpi_chunks) {
      D1PRINTF(" CODE_WRITE=%04X:%02X\r\n", _dwAddr, _tpi_chunks);
      _result &= nvm_wait()
              && set_sstpr(_dwAddr)
    272c:	81 11       	cpse	r24, r1
    272e:	37 c0       	rjmp	.+110    	; 0x279e <TPI::write_memory()+0x134>
    2730:	21 96       	adiw	r28, 0x01	; 1
    2732:	f3 e0       	ldi	r31, 0x03	; 3
/Users/askn/Develop/UPDI4AVR-USB/src/tpi.cpp:207
              && nvm_ctrl(0x1D)
    2734:	f4 15       	cp	r31, r4
    2736:	08 f4       	brcc	.+2      	; 0x273a <TPI::write_memory()+0xd0>
    2738:	47 c0       	rjmp	.+142    	; 0x27c8 <TPI::write_memory()+0x15e>
    273a:	0e 94 0a 05 	call	0xa14	; 0xa14 <TPI::nvm_wait()>
/Users/askn/Develop/UPDI4AVR-USB/src/tpi.cpp:208
              && set_sst(*_p++)
    273e:	1d c0       	rjmp	.+58     	; 0x277a <TPI::write_memory()+0x110>
    2740:	0e 94 0a 05 	call	0xa14	; 0xa14 <TPI::nvm_wait()>
    2744:	88 23       	and	r24, r24
    2746:	c9 f0       	breq	.+50     	; 0x277a <TPI::write_memory()+0x110>
    2748:	c6 01       	movw	r24, r12
/Users/askn/Develop/UPDI4AVR-USB/src/tpi.cpp:211
              && set_sst(*_p++);
      /* The 2-word or 4-word write model requires a 12-bit wait for each word written. */
      if (_tpi_chunks >= 4) {
    274a:	81 60       	ori	r24, 0x01	; 1
    274c:	0e 94 28 05 	call	0xa50	; 0xa50 <TPI::set_sstpr(unsigned int)>
    2750:	88 23       	and	r24, r24
/Users/askn/Develop/UPDI4AVR-USB/src/tpi.cpp:221
        idle_clock(16);
        _result &= set_sst(*_p++) && set_sst(*_p++);
        idle_clock(16);
        _result &= set_sst(*_p++) && set_sst(*_p++);
      }
      _result &= nvm_wait();
    2752:	99 f0       	breq	.+38     	; 0x277a <TPI::write_memory()+0x110>
    2754:	84 e1       	ldi	r24, 0x14	; 20
    2756:	0e 94 fe 04 	call	0x9fc	; 0x9fc <TPI::nvm_ctrl(unsigned char)>
/Users/askn/Develop/UPDI4AVR-USB/src/tpi.cpp:193
    /* omitted if the chip has already been erased.   */
    /* 0x01: XPRG_MEM_TYPE_APPL */
    if (m_type != 0x01) {
      /* SECTION_ERASE */
      D1PRINTF(" SECTION_ERASE=%04X\r\n", _dwAddr | 1);
      _result &= nvm_wait()
    275a:	88 23       	and	r24, r24
/Users/askn/Develop/UPDI4AVR-USB/src/tpi.cpp:198
        && set_sstpr(_dwAddr | 1)
        && nvm_ctrl(0x14)
        && set_sst(0xFF)
        && nvm_wait()
        && nvm_ctrl(0x00);
    275c:	71 f0       	breq	.+28     	; 0x277a <TPI::write_memory()+0x110>
    275e:	8f ef       	ldi	r24, 0xFF	; 255
/Users/askn/Develop/UPDI4AVR-USB/src/tpi.cpp:194
    /* 0x01: XPRG_MEM_TYPE_APPL */
    if (m_type != 0x01) {
      /* SECTION_ERASE */
      D1PRINTF(" SECTION_ERASE=%04X\r\n", _dwAddr | 1);
      _result &= nvm_wait()
        && set_sstpr(_dwAddr | 1)
    2760:	0e 94 16 05 	call	0xa2c	; 0xa2c <TPI::set_sst(unsigned char)>
    2764:	88 23       	and	r24, r24
    2766:	49 f0       	breq	.+18     	; 0x277a <TPI::write_memory()+0x110>
    2768:	0e 94 0a 05 	call	0xa14	; 0xa14 <TPI::nvm_wait()>
/Users/askn/Develop/UPDI4AVR-USB/src/tpi.cpp:195
        && nvm_ctrl(0x14)
    276c:	88 23       	and	r24, r24
    276e:	29 f0       	breq	.+10     	; 0x277a <TPI::write_memory()+0x110>
    2770:	80 e0       	ldi	r24, 0x00	; 0
    2772:	0e 94 fe 04 	call	0x9fc	; 0x9fc <TPI::nvm_ctrl(unsigned char)>
/Users/askn/Develop/UPDI4AVR-USB/src/tpi.cpp:196
        && set_sst(0xFF)
    2776:	81 11       	cpse	r24, r1
    2778:	bf cf       	rjmp	.-130    	; 0x26f8 <TPI::write_memory()+0x8e>
    277a:	c4 01       	movw	r24, r8
    277c:	df 91       	pop	r29
    277e:	cf 91       	pop	r28
/Users/askn/Develop/UPDI4AVR-USB/src/tpi.cpp:197
        && nvm_wait()
    2780:	1f 91       	pop	r17
    2782:	0f 91       	pop	r16
    2784:	ff 90       	pop	r15
    2786:	ef 90       	pop	r14
/Users/askn/Develop/UPDI4AVR-USB/src/tpi.cpp:198
        && nvm_ctrl(0x00);
    2788:	df 90       	pop	r13
    278a:	cf 90       	pop	r12
    278c:	bf 90       	pop	r11
    278e:	af 90       	pop	r10
    2790:	9f 90       	pop	r9
/Users/askn/Develop/UPDI4AVR-USB/src/tpi.cpp:226
      _result &= nvm_wait();
      if (!_result) return 0;
      _dwAddr += _tpi_chunks;
    }
    return nvm_ctrl(0x00);
  }
    2792:	8f 90       	pop	r8
    2794:	7f 90       	pop	r7
    2796:	6f 90       	pop	r6
    2798:	5f 90       	pop	r5
    279a:	4f 90       	pop	r4
    279c:	08 95       	ret
    279e:	8e 01       	movw	r16, r28
    27a0:	0e 5f       	subi	r16, 0xFE	; 254
    27a2:	1f 4f       	sbci	r17, 0xFF	; 255
    27a4:	89 81       	ldd	r24, Y+1	; 0x01
    27a6:	0e 94 16 05 	call	0xa2c	; 0xa2c <TPI::set_sst(unsigned char)>
    27aa:	58 2e       	mov	r5, r24
    27ac:	43 e0       	ldi	r20, 0x03	; 3
    27ae:	e8 01       	movw	r28, r16
    27b0:	44 15       	cp	r20, r4
    27b2:	58 f0       	brcs	.+22     	; 0x27ca <TPI::write_memory()+0x160>
    27b4:	0e 94 0a 05 	call	0xa14	; 0xa14 <TPI::nvm_wait()>
/Users/askn/Develop/UPDI4AVR-USB/src/tpi.cpp:209
      D1PRINTF(" CODE_WRITE=%04X:%02X\r\n", _dwAddr, _tpi_chunks);
      _result &= nvm_wait()
              && set_sstpr(_dwAddr)
              && nvm_ctrl(0x1D)
              && set_sst(*_p++)
              && set_sst(*_p++);
    27b8:	55 20       	and	r5, r5
    27ba:	f9 f2       	breq	.-66     	; 0x277a <TPI::write_memory()+0x110>
    27bc:	88 23       	and	r24, r24
    27be:	e9 f2       	breq	.-70     	; 0x277a <TPI::write_memory()+0x110>
    27c0:	a6 0c       	add	r10, r6
    27c2:	b7 1c       	adc	r11, r7
/Users/askn/Develop/UPDI4AVR-USB/src/tpi.cpp:211
      /* The 2-word or 4-word write model requires a 12-bit wait for each word written. */
      if (_tpi_chunks >= 4) {
    27c4:	e8 01       	movw	r28, r16
/Users/askn/Develop/UPDI4AVR-USB/src/tpi.cpp:209
      D1PRINTF(" CODE_WRITE=%04X:%02X\r\n", _dwAddr, _tpi_chunks);
      _result &= nvm_wait()
              && set_sstpr(_dwAddr)
              && nvm_ctrl(0x1D)
              && set_sst(*_p++)
              && set_sst(*_p++);
    27c6:	9a cf       	rjmp	.-204    	; 0x26fc <TPI::write_memory()+0x92>
/Users/askn/Develop/UPDI4AVR-USB/src/tpi.cpp:211
      /* The 2-word or 4-word write model requires a 12-bit wait for each word written. */
      if (_tpi_chunks >= 4) {
    27c8:	51 2c       	mov	r5, r1
    27ca:	80 e1       	ldi	r24, 0x10	; 16
/Users/askn/Develop/UPDI4AVR-USB/src/tpi.cpp:221
        idle_clock(16);
        _result &= set_sst(*_p++) && set_sst(*_p++);
        idle_clock(16);
        _result &= set_sst(*_p++) && set_sst(*_p++);
      }
      _result &= nvm_wait();
    27cc:	90 e0       	ldi	r25, 0x00	; 0
    27ce:	0e 94 40 05 	call	0xa80	; 0xa80 <TPI::idle_clock(unsigned int)>
/Users/askn/Develop/UPDI4AVR-USB/src/tpi.cpp:222
      if (!_result) return 0;
    27d2:	88 81       	ld	r24, Y
    27d4:	0e 94 16 05 	call	0xa2c	; 0xa2c <TPI::set_sst(unsigned char)>
/Users/askn/Develop/UPDI4AVR-USB/src/tpi.cpp:203
        && nvm_ctrl(0x00);
      if (!_result) return 0;
    }

    /* WRITE_PAGE */
    for (size_t _i = 0; _i < _wLength; _i += _tpi_chunks) {
    27d8:	8e 01       	movw	r16, r28
    27da:	81 11       	cpse	r24, r1
    27dc:	21 c0       	rjmp	.+66     	; 0x2820 <TPI::write_memory()+0x1b6>
    27de:	0f 5f       	subi	r16, 0xFF	; 255
/Users/askn/Develop/UPDI4AVR-USB/src/tpi.cpp:211
              && set_sstpr(_dwAddr)
              && nvm_ctrl(0x1D)
              && set_sst(*_p++)
              && set_sst(*_p++);
      /* The 2-word or 4-word write model requires a 12-bit wait for each word written. */
      if (_tpi_chunks >= 4) {
    27e0:	1f 4f       	sbci	r17, 0xFF	; 255
/Users/askn/Develop/UPDI4AVR-USB/src/tpi.cpp:212
        idle_clock(16);
    27e2:	58 22       	and	r5, r24
    27e4:	88 e0       	ldi	r24, 0x08	; 8
    27e6:	48 12       	cpse	r4, r24
    27e8:	e5 cf       	rjmp	.-54     	; 0x27b4 <TPI::write_memory()+0x14a>
/Users/askn/Develop/UPDI4AVR-USB/src/tpi.cpp:213
        _result &= set_sst(*_p++) && set_sst(*_p++);
    27ea:	80 e1       	ldi	r24, 0x10	; 16
    27ec:	90 e0       	ldi	r25, 0x00	; 0
    27ee:	0e 94 40 05 	call	0xa80	; 0xa80 <TPI::idle_clock(unsigned int)>
    27f2:	f8 01       	movw	r30, r16
    27f4:	80 81       	ld	r24, Z
    27f6:	0e 94 16 05 	call	0xa2c	; 0xa2c <TPI::set_sst(unsigned char)>
    27fa:	e8 01       	movw	r28, r16
/Users/askn/Develop/UPDI4AVR-USB/src/tpi.cpp:215
      }
      if (_tpi_chunks == 8) {
    27fc:	81 11       	cpse	r24, r1
    27fe:	16 c0       	rjmp	.+44     	; 0x282c <TPI::write_memory()+0x1c2>
    2800:	21 96       	adiw	r28, 0x01	; 1
/Users/askn/Develop/UPDI4AVR-USB/src/tpi.cpp:216
        idle_clock(16);
    2802:	58 22       	and	r5, r24
    2804:	80 e1       	ldi	r24, 0x10	; 16
    2806:	90 e0       	ldi	r25, 0x00	; 0
    2808:	0e 94 40 05 	call	0xa80	; 0xa80 <TPI::idle_clock(unsigned int)>
/Users/askn/Develop/UPDI4AVR-USB/src/tpi.cpp:217
        _result &= set_sst(*_p++) && set_sst(*_p++);
    280c:	88 81       	ld	r24, Y
    280e:	0e 94 16 05 	call	0xa2c	; 0xa2c <TPI::set_sst(unsigned char)>
    2812:	8e 01       	movw	r16, r28
    2814:	81 11       	cpse	r24, r1
    2816:	10 c0       	rjmp	.+32     	; 0x2838 <TPI::write_memory()+0x1ce>
    2818:	0f 5f       	subi	r16, 0xFF	; 255
    281a:	1f 4f       	sbci	r17, 0xFF	; 255
/Users/askn/Develop/UPDI4AVR-USB/src/tpi.cpp:218
        idle_clock(16);
    281c:	58 22       	and	r5, r24
    281e:	ca cf       	rjmp	.-108    	; 0x27b4 <TPI::write_memory()+0x14a>
    2820:	0e 5f       	subi	r16, 0xFE	; 254
    2822:	1f 4f       	sbci	r17, 0xFF	; 255
/Users/askn/Develop/UPDI4AVR-USB/src/tpi.cpp:219
        _result &= set_sst(*_p++) && set_sst(*_p++);
    2824:	89 81       	ldd	r24, Y+1	; 0x01
    2826:	0e 94 16 05 	call	0xa2c	; 0xa2c <TPI::set_sst(unsigned char)>
    282a:	db cf       	rjmp	.-74     	; 0x27e2 <TPI::write_memory()+0x178>
    282c:	22 96       	adiw	r28, 0x02	; 2
    282e:	f8 01       	movw	r30, r16
    2830:	81 81       	ldd	r24, Z+1	; 0x01
    2832:	0e 94 16 05 	call	0xa2c	; 0xa2c <TPI::set_sst(unsigned char)>
    2836:	e5 cf       	rjmp	.-54     	; 0x2802 <TPI::write_memory()+0x198>
/Users/askn/Develop/UPDI4AVR-USB/src/tpi.cpp:213
              && set_sst(*_p++)
              && set_sst(*_p++);
      /* The 2-word or 4-word write model requires a 12-bit wait for each word written. */
      if (_tpi_chunks >= 4) {
        idle_clock(16);
        _result &= set_sst(*_p++) && set_sst(*_p++);
    2838:	0e 5f       	subi	r16, 0xFE	; 254
    283a:	1f 4f       	sbci	r17, 0xFF	; 255
    283c:	89 81       	ldd	r24, Y+1	; 0x01
    283e:	0e 94 16 05 	call	0xa2c	; 0xa2c <TPI::set_sst(unsigned char)>
    2842:	ec cf       	rjmp	.-40     	; 0x281c <TPI::write_memory()+0x1b2>
/Users/askn/Develop/UPDI4AVR-USB/src/tpi.cpp:217
      }
      if (_tpi_chunks == 8) {
        idle_clock(16);
        _result &= set_sst(*_p++) && set_sst(*_p++);
    2844:	80 e0       	ldi	r24, 0x00	; 0
    2846:	0e 94 fe 04 	call	0x9fc	; 0x9fc <TPI::nvm_ctrl(unsigned char)>
    284a:	88 2e       	mov	r8, r24
    284c:	91 2c       	mov	r9, r1
    284e:	95 cf       	rjmp	.-214    	; 0x277a <TPI::write_memory()+0x110>

00002850 <TPI::read_memory()>:
_ZN3TPI11read_memoryEv():
/Users/askn/Develop/UPDI4AVR-USB/src/tpi.cpp:219
        idle_clock(16);
        _result &= set_sst(*_p++) && set_sst(*_p++);
    2850:	0f 93       	push	r16
    2852:	1f 93       	push	r17
    2854:	cf 93       	push	r28
    2856:	df 93       	push	r29
bswap16():
    2858:	80 91 de 60 	lds	r24, 0x60DE	; 0x8060de <packet+0x9>
/Users/askn/Develop/UPDI4AVR-USB/src/tpi.cpp:225
      }
      _result &= nvm_wait();
      if (!_result) return 0;
      _dwAddr += _tpi_chunks;
    }
    return nvm_ctrl(0x00);
    285c:	90 91 df 60 	lds	r25, 0x60DF	; 0x8060df <packet+0xa>
    2860:	c0 91 e0 60 	lds	r28, 0x60E0	; 0x8060e0 <packet+0xb>
    2864:	d0 91 e1 60 	lds	r29, 0x60E1	; 0x8060e1 <packet+0xc>
/Users/askn/Develop/UPDI4AVR-USB/src/tpi.cpp:148
        }
    }
    return 0;
  }

  size_t read_memory (void) {
    2868:	dc 27       	eor	r29, r28
    286a:	cd 27       	eor	r28, r29
    286c:	dc 27       	eor	r29, r28
_ZN3TPI11read_memoryEv():
    286e:	98 27       	eor	r25, r24
/Users/askn/Library/Arduino15/packages/MultiX-Zinnia/hardware/modernAVR/0.4.5/cores/modernAVR/api/cpp/btools.cpp:45
    2870:	89 27       	eor	r24, r25
    2872:	98 27       	eor	r25, r24
    2874:	0e 94 28 05 	call	0xa50	; 0xa50 <TPI::set_sstpr(unsigned int)>
    2878:	05 ed       	ldi	r16, 0xD5	; 213
    287a:	10 e6       	ldi	r17, 0x60	; 96
    287c:	c8 01       	movw	r24, r16
    287e:	85 5d       	subi	r24, 0xD5	; 213
    2880:	90 46       	sbci	r25, 0x60	; 96
    2882:	8c 17       	cp	r24, r28
    2884:	9d 07       	cpc	r25, r29
/Users/askn/Develop/UPDI4AVR-USB/src/tpi.cpp:155
    uint16_t _dwAddr = bswap16(_CAPS32(packet.out.tpi.read.dwAddr)->words[1]);
    size_t  _wLength = bswap16(packet.out.tpi.read.wLength);
    uint8_t *_q = &packet.in.data[0];
    size_t _cnt = 0;
    D1PRINTF(" READ=%04X:%d ", _dwAddr, _wLength);
    set_sstpr(_dwAddr);
    2886:	60 f4       	brcc	.+24     	; 0x28a0 <TPI::read_memory()+0x50>
    2888:	0e 94 22 05 	call	0xa44	; 0xa44 <TPI::get_sld()>
    288c:	0f 5f       	subi	r16, 0xFF	; 255
    288e:	1f 4f       	sbci	r17, 0xFF	; 255
    2890:	88 23       	and	r24, r24
    2892:	21 f0       	breq	.+8      	; 0x289c <TPI::read_memory()+0x4c>
/Users/askn/Develop/UPDI4AVR-USB/src/tpi.cpp:156
    while (_cnt < _wLength) {
    2894:	8d b3       	in	r24, 0x1d	; 29
    2896:	f8 01       	movw	r30, r16
    2898:	86 83       	std	Z+6, r24	; 0x06
    289a:	f0 cf       	rjmp	.-32     	; 0x287c <TPI::read_memory()+0x2c>
    289c:	d0 e0       	ldi	r29, 0x00	; 0
/Users/askn/Develop/UPDI4AVR-USB/src/tpi.cpp:157
      if (!get_sld()) return 0;
    289e:	c0 e0       	ldi	r28, 0x00	; 0
    28a0:	ce 01       	movw	r24, r28
    28a2:	df 91       	pop	r29
    28a4:	cf 91       	pop	r28
    28a6:	1f 91       	pop	r17
    28a8:	0f 91       	pop	r16
/Users/askn/Develop/UPDI4AVR-USB/src/tpi.cpp:158
      *_q++ = RXDATA;
    28aa:	08 95       	ret

000028ac <TPI::erase_memory()>:
_ZN3TPI12erase_memoryEv():
    28ac:	cf 93       	push	r28
    28ae:	df 93       	push	r29
bswap16():
    28b0:	c0 91 de 60 	lds	r28, 0x60DE	; 0x8060de <packet+0x9>
/Users/askn/Develop/UPDI4AVR-USB/src/tpi.cpp:157
    uint8_t *_q = &packet.in.data[0];
    size_t _cnt = 0;
    D1PRINTF(" READ=%04X:%d ", _dwAddr, _wLength);
    set_sstpr(_dwAddr);
    while (_cnt < _wLength) {
      if (!get_sld()) return 0;
    28b4:	d0 91 df 60 	lds	r29, 0x60DF	; 0x8060df <packet+0xa>
/Users/askn/Develop/UPDI4AVR-USB/src/tpi.cpp:163
      *_q++ = RXDATA;
      ++_cnt;
    }
    D1PRINTHEX(&packet.in.data, _wLength, ':');
    return _wLength;
  }
    28b8:	dc 27       	eor	r29, r28
    28ba:	cd 27       	eor	r28, r29
    28bc:	dc 27       	eor	r29, r28
_ZN3TPI12erase_memoryEv():
    28be:	80 91 db 60 	lds	r24, 0x60DB	; 0x8060db <packet+0x6>
/Users/askn/Develop/UPDI4AVR-USB/src/tpi.cpp:117

  bool nvm_ctrl (const uint8_t _nvmcmd) {
    return set_sout(0x63, _nvmcmd);   /* NVMCMD_REG: IO=0x33 */
  }

  size_t erase_memory (void) {
    28c2:	81 30       	cpi	r24, 0x01	; 1
    28c4:	e9 f4       	brne	.+58     	; 0x2900 <TPI::erase_memory()+0x54>
/Users/askn/Library/Arduino15/packages/MultiX-Zinnia/hardware/modernAVR/0.4.5/cores/modernAVR/api/cpp/btools.cpp:45
    28c6:	0e 94 0a 05 	call	0xa14	; 0xa14 <TPI::nvm_wait()>
    28ca:	81 11       	cpse	r24, r1
    28cc:	05 c0       	rjmp	.+10     	; 0x28d8 <TPI::erase_memory()+0x2c>
    28ce:	90 e0       	ldi	r25, 0x00	; 0
    28d0:	80 e0       	ldi	r24, 0x00	; 0
    28d2:	df 91       	pop	r29
/Users/askn/Develop/UPDI4AVR-USB/src/tpi.cpp:120
    uint8_t   m_type = packet.out.tpi.read.bMType;
    uint16_t _dwAddr = bswap16(_CAPS32(packet.out.tpi.read.dwAddr)->words[1]);
    if (m_type == 0x01) {
    28d4:	cf 91       	pop	r28
    28d6:	08 95       	ret
    28d8:	ce 01       	movw	r24, r28
    28da:	81 60       	ori	r24, 0x01	; 1
/Users/askn/Develop/UPDI4AVR-USB/src/tpi.cpp:123
      /* XPRG_ERASE_CHIP */
      D1PRINTF(" CHIP_ERASE=%04X\r\n", _dwAddr);
      if (nvm_wait()
    28dc:	0e 94 28 05 	call	0xa50	; 0xa50 <TPI::set_sstpr(unsigned int)>
/Users/askn/Develop/UPDI4AVR-USB/src/tpi.cpp:127
        && set_sstpr(_dwAddr | 1)
        && nvm_ctrl(0x10)
        && set_sst(0xFF)
        && nvm_wait()) {
    28e0:	88 23       	and	r24, r24
    28e2:	a9 f3       	breq	.-22     	; 0x28ce <TPI::erase_memory()+0x22>
/Users/askn/Develop/UPDI4AVR-USB/src/tpi.cpp:145
        && set_sst(0xFF)
        && nvm_wait()) {
          return 1;
        }
    }
    return 0;
    28e4:	80 e1       	ldi	r24, 0x10	; 16
    28e6:	0e 94 fe 04 	call	0x9fc	; 0x9fc <TPI::nvm_ctrl(unsigned char)>
/Users/askn/Develop/UPDI4AVR-USB/src/tpi.cpp:146
  }
    28ea:	88 23       	and	r24, r24
    28ec:	81 f3       	breq	.-32     	; 0x28ce <TPI::erase_memory()+0x22>
/Users/askn/Develop/UPDI4AVR-USB/src/tpi.cpp:124
    uint16_t _dwAddr = bswap16(_CAPS32(packet.out.tpi.read.dwAddr)->words[1]);
    if (m_type == 0x01) {
      /* XPRG_ERASE_CHIP */
      D1PRINTF(" CHIP_ERASE=%04X\r\n", _dwAddr);
      if (nvm_wait()
        && set_sstpr(_dwAddr | 1)
    28ee:	8f ef       	ldi	r24, 0xFF	; 255
    28f0:	0e 94 16 05 	call	0xa2c	; 0xa2c <TPI::set_sst(unsigned char)>
    28f4:	88 23       	and	r24, r24
    28f6:	59 f3       	breq	.-42     	; 0x28ce <TPI::erase_memory()+0x22>
    28f8:	0e 94 0a 05 	call	0xa14	; 0xa14 <TPI::nvm_wait()>
/Users/askn/Develop/UPDI4AVR-USB/src/tpi.cpp:139
      /* Currently not called on AVRDUDE<=8.0. */
      /* It may be called from terminal mode.  */
      D1PRINTF(" SECTION_ERASE=%04X\r\n", _dwAddr);
      if (nvm_wait()
        && set_sstpr(_dwAddr | 1)
        && nvm_ctrl(0x14)
    28fc:	90 e0       	ldi	r25, 0x00	; 0
    28fe:	e9 cf       	rjmp	.-46     	; 0x28d2 <TPI::erase_memory()+0x26>
    2900:	0e 94 0a 05 	call	0xa14	; 0xa14 <TPI::nvm_wait()>
/Users/askn/Develop/UPDI4AVR-USB/src/tpi.cpp:140
        && set_sst(0xFF)
    2904:	88 23       	and	r24, r24
    2906:	19 f3       	breq	.-58     	; 0x28ce <TPI::erase_memory()+0x22>
    2908:	ce 01       	movw	r24, r28
    290a:	81 60       	ori	r24, 0x01	; 1
    290c:	0e 94 28 05 	call	0xa50	; 0xa50 <TPI::set_sstpr(unsigned int)>
/Users/askn/Develop/UPDI4AVR-USB/src/tpi.cpp:141
        && nvm_wait()) {
    2910:	88 23       	and	r24, r24
/Users/askn/Develop/UPDI4AVR-USB/src/tpi.cpp:145
          return 1;
        }
    }
    return 0;
    2912:	e9 f2       	breq	.-70     	; 0x28ce <TPI::erase_memory()+0x22>
    2914:	84 e1       	ldi	r24, 0x14	; 20
/Users/askn/Develop/UPDI4AVR-USB/src/tpi.cpp:137
      /* 0x02: XPRG_ERASE_APP */
      /* 0x09: XPRG_ERASE_CONFIG */
      /* Currently not called on AVRDUDE<=8.0. */
      /* It may be called from terminal mode.  */
      D1PRINTF(" SECTION_ERASE=%04X\r\n", _dwAddr);
      if (nvm_wait()
    2916:	e7 cf       	rjmp	.-50     	; 0x28e6 <TPI::erase_memory()+0x3a>

00002918 <ISP::read_flash()>:
_ZN3ISP10read_flashEv():
    2918:	bf 92       	push	r11
/Users/askn/Develop/UPDI4AVR-USB/src/tpi.cpp:141
        && set_sstpr(_dwAddr | 1)
        && nvm_ctrl(0x14)
        && set_sst(0xFF)
        && nvm_wait()) {
    291a:	cf 92       	push	r12
    291c:	df 92       	push	r13
/Users/askn/Develop/UPDI4AVR-USB/src/tpi.cpp:138
      /* 0x09: XPRG_ERASE_CONFIG */
      /* Currently not called on AVRDUDE<=8.0. */
      /* It may be called from terminal mode.  */
      D1PRINTF(" SECTION_ERASE=%04X\r\n", _dwAddr);
      if (nvm_wait()
        && set_sstpr(_dwAddr | 1)
    291e:	ef 92       	push	r14
    2920:	ff 92       	push	r15
    2922:	0f 93       	push	r16
    2924:	1f 93       	push	r17
    2926:	cf 93       	push	r28
    2928:	df 93       	push	r29
/Users/askn/Develop/UPDI4AVR-USB/src/tpi.cpp:139
        && nvm_ctrl(0x14)
    292a:	00 d0       	rcall	.+0      	; 0x292c <ISP::read_flash()+0x14>
    292c:	cd b7       	in	r28, 0x3d	; 61
/Users/askn/Develop/UPDI4AVR-USB/src/isp.cpp:133
      _addr += 1;
    }
    return _length;
  }

  size_t read_flash (void) {
    292e:	de b7       	in	r29, 0x3e	; 62
    2930:	80 91 b0 60 	lds	r24, 0x60B0	; 0x8060b0 <ISP::_base_addr>
    2934:	90 91 b1 60 	lds	r25, 0x60B1	; 0x8060b1 <ISP::_base_addr+0x1>
    2938:	89 83       	std	Y+1, r24	; 0x01
    293a:	9a 83       	std	Y+2, r25	; 0x02
bswap16():
    293c:	00 91 db 60 	lds	r16, 0x60DB	; 0x8060db <packet+0x6>
    2940:	10 91 dc 60 	lds	r17, 0x60DC	; 0x8060dc <packet+0x7>
    2944:	10 27       	eor	r17, r16
/Users/askn/Develop/UPDI4AVR-USB/src/isp.cpp:134
    uint16_t _addr = _base_addr;
    2946:	01 27       	eor	r16, r17
    2948:	10 27       	eor	r17, r16
_ZN3ISP10read_flashEv():
    294a:	b0 90 dd 60 	lds	r11, 0x60DD	; 0x8060dd <packet+0x8>
    294e:	f1 2c       	mov	r15, r1
    2950:	ee 24       	eor	r14, r14
/Users/askn/Library/Arduino15/packages/MultiX-Zinnia/hardware/modernAVR/0.4.5/cores/modernAVR/api/cpp/btools.cpp:45
    2952:	ea 94       	dec	r14
    2954:	cf 2c       	mov	r12, r15
    2956:	d1 2c       	mov	r13, r1
    2958:	c0 16       	cp	r12, r16
    295a:	d1 06       	cpc	r13, r17
    295c:	68 f5       	brcc	.+90     	; 0x29b8 <ISP::read_flash()+0xa0>
    295e:	b0 92 a8 60 	sts	0x60A8, r11	; 0x8060a8 <__bss_end>
/Users/askn/Develop/UPDI4AVR-USB/src/isp.cpp:136
    size_t _length = bswap16(packet.out.isp.wValue);
    uint8_t _type = packet.out.isp.data[2];
    2962:	8a 81       	ldd	r24, Y+2	; 0x02
/Users/askn/Develop/UPDI4AVR-USB/src/isp.cpp:138
    D1PRINTF(" M=$%04X, L=%d, T=$%02X\r\n", _addr << 1, _length, _type);
    for (uint8_t _index = 0; _index < _length;) {
    2964:	80 93 a9 60 	sts	0x60A9, r24	; 0x8060a9 <__bss_end+0x1>
/Users/askn/Develop/UPDI4AVR-USB/src/isp.cpp:142
      _ser[0] = _type;
      _ser[1] = _CAPS16(_addr)->bytes[1];
      _ser[2] = _CAPS16(_addr)->bytes[0];
      _ser[3] = 0xFF;
    2968:	89 81       	ldd	r24, Y+1	; 0x01
/Users/askn/Develop/UPDI4AVR-USB/src/isp.cpp:138
  size_t read_flash (void) {
    uint16_t _addr = _base_addr;
    size_t _length = bswap16(packet.out.isp.wValue);
    uint8_t _type = packet.out.isp.data[2];
    D1PRINTF(" M=$%04X, L=%d, T=$%02X\r\n", _addr << 1, _length, _type);
    for (uint8_t _index = 0; _index < _length;) {
    296a:	80 93 aa 60 	sts	0x60AA, r24	; 0x8060aa <__bss_end+0x2>
    296e:	e0 92 ab 60 	sts	0x60AB, r14	; 0x8060ab <__bss_end+0x3>
    2972:	88 ea       	ldi	r24, 0xA8	; 168
/Users/askn/Develop/UPDI4AVR-USB/src/isp.cpp:139
      _ser[0] = _type;
    2974:	90 e6       	ldi	r25, 0x60	; 96
    2976:	0e 94 b3 0a 	call	0x1566	; 0x1566 <ISP::spi_transaction(unsigned char*)>
/Users/askn/Develop/UPDI4AVR-USB/src/isp.cpp:140
      _ser[1] = _CAPS16(_addr)->bytes[1];
    297a:	f6 01       	movw	r30, r12
    297c:	eb 52       	subi	r30, 0x2B	; 43
/Users/askn/Develop/UPDI4AVR-USB/src/isp.cpp:141
      _ser[2] = _CAPS16(_addr)->bytes[0];
    297e:	ff 49       	sbci	r31, 0x9F	; 159
    2980:	80 91 af 60 	lds	r24, 0x60AF	; 0x8060af <ISP::_res+0x3>
/Users/askn/Develop/UPDI4AVR-USB/src/isp.cpp:142
      _ser[3] = 0xFF;
    2984:	87 83       	std	Z+7, r24	; 0x07
    2986:	80 91 a8 60 	lds	r24, 0x60A8	; 0x8060a8 <__bss_end>
/Users/askn/Develop/UPDI4AVR-USB/src/isp.cpp:143
      spi_transaction(_ser);
    298a:	88 60       	ori	r24, 0x08	; 8
    298c:	80 93 a8 60 	sts	0x60A8, r24	; 0x8060a8 <__bss_end>
/Users/askn/Develop/UPDI4AVR-USB/src/isp.cpp:144
      packet.in.isp.data[_index++] = _res[3];
    2990:	88 ea       	ldi	r24, 0xA8	; 168
    2992:	90 e6       	ldi	r25, 0x60	; 96
    2994:	0e 94 b3 0a 	call	0x1566	; 0x1566 <ISP::spi_transaction(unsigned char*)>
    2998:	e1 e0       	ldi	r30, 0x01	; 1
/Users/askn/Develop/UPDI4AVR-USB/src/isp.cpp:145
      _ser[0] |= 0x08;
    299a:	ef 0d       	add	r30, r15
    299c:	f0 e0       	ldi	r31, 0x00	; 0
    299e:	f3 94       	inc	r15
    29a0:	f3 94       	inc	r15
    29a2:	eb 52       	subi	r30, 0x2B	; 43
/Users/askn/Develop/UPDI4AVR-USB/src/isp.cpp:146
      spi_transaction(_ser);
    29a4:	ff 49       	sbci	r31, 0x9F	; 159
    29a6:	80 91 af 60 	lds	r24, 0x60AF	; 0x8060af <ISP::_res+0x3>
    29aa:	87 83       	std	Z+7, r24	; 0x07
/Users/askn/Develop/UPDI4AVR-USB/src/isp.cpp:147
      packet.in.isp.data[_index++] = _res[3];
    29ac:	89 81       	ldd	r24, Y+1	; 0x01
    29ae:	9a 81       	ldd	r25, Y+2	; 0x02
    29b0:	01 96       	adiw	r24, 0x01	; 1
    29b2:	89 83       	std	Y+1, r24	; 0x01
    29b4:	9a 83       	std	Y+2, r25	; 0x02
    29b6:	ce cf       	rjmp	.-100    	; 0x2954 <ISP::read_flash()+0x3c>
    29b8:	c8 01       	movw	r24, r16
    29ba:	0f 90       	pop	r0
    29bc:	0f 90       	pop	r0
    29be:	df 91       	pop	r29
/Users/askn/Develop/UPDI4AVR-USB/src/isp.cpp:148
      _addr += 1;
    29c0:	cf 91       	pop	r28
    29c2:	1f 91       	pop	r17
    29c4:	0f 91       	pop	r16
    29c6:	ff 90       	pop	r15
    29c8:	ef 90       	pop	r14
    29ca:	df 90       	pop	r13
/Users/askn/Develop/UPDI4AVR-USB/src/isp.cpp:151
    }
    return _length;
  }
    29cc:	cf 90       	pop	r12
    29ce:	bf 90       	pop	r11
    29d0:	08 95       	ret

000029d2 <ISP::read_memories()>:
_ZN3ISP13read_memoriesEv():
    29d2:	cf 92       	push	r12
    29d4:	df 92       	push	r13
    29d6:	ef 92       	push	r14
    29d8:	ff 92       	push	r15
    29da:	0f 93       	push	r16
    29dc:	1f 93       	push	r17
    29de:	cf 93       	push	r28
    29e0:	df 93       	push	r29
    29e2:	00 d0       	rcall	.+0      	; 0x29e4 <ISP::read_memories()+0x12>
    29e4:	cd b7       	in	r28, 0x3d	; 61
/Users/askn/Develop/UPDI4AVR-USB/src/isp.cpp:116
    /* Read and return the value at the specified position. */
    packet.in.isp.data[0] = _res[packet.out.data[0] - 1];
    return 1;
  }

  size_t read_memories (void) {
    29e6:	de b7       	in	r29, 0x3e	; 62
    29e8:	80 91 b0 60 	lds	r24, 0x60B0	; 0x8060b0 <ISP::_base_addr>
    29ec:	90 91 b1 60 	lds	r25, 0x60B1	; 0x8060b1 <ISP::_base_addr+0x1>
    29f0:	89 83       	std	Y+1, r24	; 0x01
    29f2:	9a 83       	std	Y+2, r25	; 0x02
bswap16():
    29f4:	00 91 db 60 	lds	r16, 0x60DB	; 0x8060db <packet+0x6>
    29f8:	10 91 dc 60 	lds	r17, 0x60DC	; 0x8060dc <packet+0x7>
/Users/askn/Develop/UPDI4AVR-USB/src/isp.cpp:117
    uint16_t _addr = _base_addr;
    29fc:	10 27       	eor	r17, r16
    29fe:	01 27       	eor	r16, r17
    2a00:	10 27       	eor	r17, r16
_ZN3ISP13read_memoriesEv():
    2a02:	c0 90 dd 60 	lds	r12, 0x60DD	; 0x8060dd <packet+0x8>
    2a06:	85 ed       	ldi	r24, 0xD5	; 213
/Users/askn/Library/Arduino15/packages/MultiX-Zinnia/hardware/modernAVR/0.4.5/cores/modernAVR/api/cpp/btools.cpp:45
    2a08:	e8 2e       	mov	r14, r24
    2a0a:	80 e6       	ldi	r24, 0x60	; 96
    2a0c:	f8 2e       	mov	r15, r24
    2a0e:	dd 24       	eor	r13, r13
    2a10:	da 94       	dec	r13
    2a12:	c7 01       	movw	r24, r14
    2a14:	85 5d       	subi	r24, 0xD5	; 213
/Users/askn/Develop/UPDI4AVR-USB/src/isp.cpp:119
    size_t _length = bswap16(packet.out.isp.wValue);
    uint8_t _type = packet.out.isp.data[2];
    2a16:	90 46       	sbci	r25, 0x60	; 96
    2a18:	80 17       	cp	r24, r16
    2a1a:	91 07       	cpc	r25, r17
    2a1c:	d8 f4       	brcc	.+54     	; 0x2a54 <ISP::read_memories()+0x82>
    2a1e:	c0 92 a8 60 	sts	0x60A8, r12	; 0x8060a8 <__bss_end>
/Users/askn/Develop/UPDI4AVR-USB/src/isp.cpp:125
    D1PRINTF(" M=$%04X, L=%d, T=$%02X\r\n", _addr, _length, _type);
    for (size_t _index = 0; _index < _length; _index++) {
      _ser[0] = _type;
      _ser[1] = _CAPS16(_addr)->bytes[1];
      _ser[2] = _CAPS16(_addr)->bytes[0];
      _ser[3] = 0xFF;
    2a22:	8a 81       	ldd	r24, Y+2	; 0x02
    2a24:	80 93 a9 60 	sts	0x60A9, r24	; 0x8060a9 <__bss_end+0x1>
/Users/askn/Develop/UPDI4AVR-USB/src/isp.cpp:121
  size_t read_memories (void) {
    uint16_t _addr = _base_addr;
    size_t _length = bswap16(packet.out.isp.wValue);
    uint8_t _type = packet.out.isp.data[2];
    D1PRINTF(" M=$%04X, L=%d, T=$%02X\r\n", _addr, _length, _type);
    for (size_t _index = 0; _index < _length; _index++) {
    2a28:	89 81       	ldd	r24, Y+1	; 0x01
    2a2a:	80 93 aa 60 	sts	0x60AA, r24	; 0x8060aa <__bss_end+0x2>
    2a2e:	d0 92 ab 60 	sts	0x60AB, r13	; 0x8060ab <__bss_end+0x3>
/Users/askn/Develop/UPDI4AVR-USB/src/isp.cpp:122
      _ser[0] = _type;
    2a32:	88 ea       	ldi	r24, 0xA8	; 168
    2a34:	90 e6       	ldi	r25, 0x60	; 96
/Users/askn/Develop/UPDI4AVR-USB/src/isp.cpp:123
      _ser[1] = _CAPS16(_addr)->bytes[1];
    2a36:	0e 94 b3 0a 	call	0x1566	; 0x1566 <ISP::spi_transaction(unsigned char*)>
    2a3a:	80 91 af 60 	lds	r24, 0x60AF	; 0x8060af <ISP::_res+0x3>
/Users/askn/Develop/UPDI4AVR-USB/src/isp.cpp:124
      _ser[2] = _CAPS16(_addr)->bytes[0];
    2a3e:	f7 01       	movw	r30, r14
    2a40:	87 83       	std	Z+7, r24	; 0x07
/Users/askn/Develop/UPDI4AVR-USB/src/isp.cpp:125
      _ser[3] = 0xFF;
    2a42:	89 81       	ldd	r24, Y+1	; 0x01
    2a44:	9a 81       	ldd	r25, Y+2	; 0x02
/Users/askn/Develop/UPDI4AVR-USB/src/isp.cpp:126
      spi_transaction(_ser);
    2a46:	01 96       	adiw	r24, 0x01	; 1
    2a48:	89 83       	std	Y+1, r24	; 0x01
    2a4a:	9a 83       	std	Y+2, r25	; 0x02
    2a4c:	ff ef       	ldi	r31, 0xFF	; 255
/Users/askn/Develop/UPDI4AVR-USB/src/isp.cpp:127
      packet.in.isp.data[_index] = _res[3];
    2a4e:	ef 1a       	sub	r14, r31
    2a50:	ff 0a       	sbc	r15, r31
    2a52:	df cf       	rjmp	.-66     	; 0x2a12 <ISP::read_memories()+0x40>
    2a54:	c8 01       	movw	r24, r16
/Users/askn/Develop/UPDI4AVR-USB/src/isp.cpp:128
      _addr += 1;
    2a56:	0f 90       	pop	r0
    2a58:	0f 90       	pop	r0
    2a5a:	df 91       	pop	r29
    2a5c:	cf 91       	pop	r28
    2a5e:	1f 91       	pop	r17
    2a60:	0f 91       	pop	r16
    2a62:	ff 90       	pop	r15
    2a64:	ef 90       	pop	r14
    2a66:	df 90       	pop	r13
/Users/askn/Develop/UPDI4AVR-USB/src/isp.cpp:131
    }
    return _length;
  }
    2a68:	cf 90       	pop	r12
    2a6a:	08 95       	ret

00002a6c <Timeout::delay_rtc_millis(unsigned int)>:
_ZN7Timeout16delay_rtc_millisEj():
    2a6c:	20 91 41 01 	lds	r18, 0x0141	; 0x800141 <__TEXT_REGION_LENGTH__+0x7f0141>
    2a70:	21 11       	cpse	r18, r1
    2a72:	fc cf       	rjmp	.-8      	; 0x2a6c <Timeout::delay_rtc_millis(unsigned int)>
    2a74:	20 91 48 01 	lds	r18, 0x0148	; 0x800148 <__TEXT_REGION_LENGTH__+0x7f0148>
    2a78:	30 91 49 01 	lds	r19, 0x0149	; 0x800149 <__TEXT_REGION_LENGTH__+0x7f0149>
    2a7c:	82 0f       	add	r24, r18
/Users/askn/Develop/UPDI4AVR-USB/src/timeout.cpp:58

  /*
   * Timeout delay.
   */
  void delay_rtc_millis (uint16_t _ms) {
    while (RTC_STATUS);
    2a7e:	93 1f       	adc	r25, r19
    2a80:	20 91 48 01 	lds	r18, 0x0148	; 0x800148 <__TEXT_REGION_LENGTH__+0x7f0148>
    2a84:	30 91 49 01 	lds	r19, 0x0149	; 0x800149 <__TEXT_REGION_LENGTH__+0x7f0149>
/Users/askn/Develop/UPDI4AVR-USB/src/timeout.cpp:59
    _ms += RTC_CNT;
    2a88:	28 17       	cp	r18, r24
    2a8a:	39 07       	cpc	r19, r25
    2a8c:	11 f0       	breq	.+4      	; 0x2a92 <Timeout::delay_rtc_millis(unsigned int)+0x26>
    2a8e:	a8 95       	wdr
    2a90:	f7 cf       	rjmp	.-18     	; 0x2a80 <Timeout::delay_rtc_millis(unsigned int)+0x14>
/Users/askn/Develop/UPDI4AVR-USB/src/timeout.cpp:60
    while (RTC_CNT != _ms) {
    2a92:	08 95       	ret

00002a94 <ISP::chip_erase()>:
_ZN3ISP10chip_eraseEv():
    2a94:	8d ed       	ldi	r24, 0xDD	; 221
    2a96:	90 e6       	ldi	r25, 0x60	; 96
    2a98:	0e 94 b3 0a 	call	0x1566	; 0x1566 <ISP::spi_transaction(unsigned char*)>
    2a9c:	80 91 dc 60 	lds	r24, 0x60DC	; 0x8060dc <packet+0x7>
/Users/askn/Develop/UPDI4AVR-USB/src/timeout.cpp:61
      wdt_reset();
    2aa0:	90 e0       	ldi	r25, 0x00	; 0
    2aa2:	00 97       	sbiw	r24, 0x00	; 0
/Users/askn/Develop/UPDI4AVR-USB/src/timeout.cpp:63
    }
  }
    2aa4:	11 f4       	brne	.+4      	; 0x2aaa <ISP::chip_erase()+0x16>
/Users/askn/Develop/UPDI4AVR-USB/src/isp.cpp:155
    return _length;
  }

  size_t chip_erase (void) {
    /* Send chip erase command. */
    spi_transaction(&packet.out.data[2]);
    2aa6:	89 e0       	ldi	r24, 0x09	; 9
    2aa8:	90 e0       	ldi	r25, 0x00	; 0
    2aaa:	e0 df       	rcall	.-64     	; 0x2a6c <Timeout::delay_rtc_millis(unsigned int)>
    2aac:	90 e0       	ldi	r25, 0x00	; 0
/Users/askn/Develop/UPDI4AVR-USB/src/isp.cpp:156
    uint16_t _delay = packet.out.data[1];
    2aae:	80 e0       	ldi	r24, 0x00	; 0
    2ab0:	08 95       	ret

00002ab2 <ISP::write_flash()>:
_ZN3ISP11write_flashEv():
    2ab2:	7f 92       	push	r7
/Users/askn/Develop/UPDI4AVR-USB/src/isp.cpp:157
    if (_delay == 0) _delay = 9;
    2ab4:	8f 92       	push	r8
    2ab6:	9f 92       	push	r9
    2ab8:	af 92       	push	r10
    2aba:	bf 92       	push	r11
/Users/askn/Develop/UPDI4AVR-USB/src/isp.cpp:158
    Timeout::delay_rtc_millis(_delay);
    2abc:	cf 92       	push	r12
    2abe:	df 92       	push	r13
/Users/askn/Develop/UPDI4AVR-USB/src/isp.cpp:160
    return 0;
  }
    2ac0:	ef 92       	push	r14
    2ac2:	ff 92       	push	r15
    2ac4:	0f 93       	push	r16
/Users/askn/Develop/UPDI4AVR-USB/src/isp.cpp:162

  size_t write_flash (void) {
    2ac6:	1f 93       	push	r17
    2ac8:	cf 93       	push	r28
    2aca:	df 93       	push	r29
    2acc:	00 d0       	rcall	.+0      	; 0x2ace <ISP::write_flash()+0x1c>
    2ace:	cd b7       	in	r28, 0x3d	; 61
    2ad0:	de b7       	in	r29, 0x3e	; 62
    2ad2:	80 91 b0 60 	lds	r24, 0x60B0	; 0x8060b0 <ISP::_base_addr>
    2ad6:	90 91 b1 60 	lds	r25, 0x60B1	; 0x8060b1 <ISP::_base_addr+0x1>
    2ada:	89 83       	std	Y+1, r24	; 0x01
    2adc:	9a 83       	std	Y+2, r25	; 0x02
bswap16():
    2ade:	80 90 db 60 	lds	r8, 0x60DB	; 0x8060db <packet+0x6>
    2ae2:	90 90 dc 60 	lds	r9, 0x60DC	; 0x8060dc <packet+0x7>
/Users/askn/Develop/UPDI4AVR-USB/src/isp.cpp:168
    /* _length must be a power of 2 (not verified). */
    /* The lower bits of _addr must be zero-filled accordingly. */
    /* Ex) addr=$0000(word)                   */
    /* 00:20:C1:0A:40:4C:20:00:00:01:02:03:04 */
    /* lenBE|  |ms|WW|FF|RR|     |words...    */
    uint16_t _addr = _base_addr;
    2ae6:	98 24       	eor	r9, r8
    2ae8:	89 24       	eor	r8, r9
    2aea:	98 24       	eor	r9, r8
_ZN3ISP11write_flashEv():
    2aec:	00 91 de 60 	lds	r16, 0x60DE	; 0x8060de <packet+0x9>
    2af0:	10 e0       	ldi	r17, 0x00	; 0
/Users/askn/Library/Arduino15/packages/MultiX-Zinnia/hardware/modernAVR/0.4.5/cores/modernAVR/api/cpp/btools.cpp:45
    2af2:	64 01       	movw	r12, r8
    2af4:	d6 94       	lsr	r13
    2af6:	c7 94       	ror	r12
    2af8:	77 24       	eor	r7, r7
    2afa:	7a 94       	dec	r7
    2afc:	7c 0c       	add	r7, r12
    2afe:	a1 2c       	mov	r10, r1
/Users/askn/Develop/UPDI4AVR-USB/src/isp.cpp:170
    size_t _length = bswap16(packet.out.isp.wValue);
    uint16_t _delay = packet.out.data[3];
    2b00:	8a 2d       	mov	r24, r10
    2b02:	90 e0       	ldi	r25, 0x00	; 0
    2b04:	88 15       	cp	r24, r8
/Users/askn/Develop/UPDI4AVR-USB/src/isp.cpp:171
    uint8_t _mask = (_length >> 1) - 1;
    2b06:	99 05       	cpc	r25, r9
    2b08:	78 f5       	brcc	.+94     	; 0x2b68 <ISP::write_flash()+0xb6>
    2b0a:	20 91 df 60 	lds	r18, 0x60DF	; 0x8060df <packet+0xa>
    2b0e:	20 93 a8 60 	sts	0x60A8, r18	; 0x8060a8 <__bss_end>
/Users/askn/Develop/UPDI4AVR-USB/src/isp.cpp:173
    D1PRINTF(" M=$%04X, L=%d\r\n", _addr, _length);
    for (uint8_t _index = 0; _index < _length; _index += 2) {
    2b12:	10 92 a9 60 	sts	0x60A9, r1	; 0x8060a9 <__bss_end+0x1>
    2b16:	b9 80       	ldd	r11, Y+1	; 0x01
    2b18:	b7 20       	and	r11, r7
    2b1a:	b0 92 aa 60 	sts	0x60AA, r11	; 0x8060aa <__bss_end+0x2>
/Users/askn/Develop/UPDI4AVR-USB/src/isp.cpp:174
      _ser[0] = packet.out.isp.data[4];
    2b1e:	9c 01       	movw	r18, r24
    2b20:	2b 52       	subi	r18, 0x2B	; 43
    2b22:	3f 49       	sbci	r19, 0x9F	; 159
    2b24:	79 01       	movw	r14, r18
/Users/askn/Develop/UPDI4AVR-USB/src/isp.cpp:175
      _ser[1] = 0;
    2b26:	f9 01       	movw	r30, r18
    2b28:	87 85       	ldd	r24, Z+15	; 0x0f
/Users/askn/Develop/UPDI4AVR-USB/src/isp.cpp:176
      _ser[2] = _CAPS16(_addr)->bytes[0] & _mask;
    2b2a:	80 93 ab 60 	sts	0x60AB, r24	; 0x8060ab <__bss_end+0x3>
    2b2e:	88 ea       	ldi	r24, 0xA8	; 168
    2b30:	90 e6       	ldi	r25, 0x60	; 96
/Users/askn/Develop/UPDI4AVR-USB/src/isp.cpp:177
      _ser[3] = packet.out.data[_index + 9];
    2b32:	0e 94 b3 0a 	call	0x1566	; 0x1566 <ISP::spi_transaction(unsigned char*)>
    2b36:	80 91 df 60 	lds	r24, 0x60DF	; 0x8060df <packet+0xa>
    2b3a:	88 60       	ori	r24, 0x08	; 8
    2b3c:	80 93 a8 60 	sts	0x60A8, r24	; 0x8060a8 <__bss_end>
    2b40:	10 92 a9 60 	sts	0x60A9, r1	; 0x8060a9 <__bss_end+0x1>
/Users/askn/Develop/UPDI4AVR-USB/src/isp.cpp:178
      spi_transaction(_ser);
    2b44:	b0 92 aa 60 	sts	0x60AA, r11	; 0x8060aa <__bss_end+0x2>
    2b48:	f7 01       	movw	r30, r14
/Users/askn/Develop/UPDI4AVR-USB/src/isp.cpp:179
      _ser[0] = packet.out.isp.data[4] | 0x08;
    2b4a:	80 89       	ldd	r24, Z+16	; 0x10
    2b4c:	80 93 ab 60 	sts	0x60AB, r24	; 0x8060ab <__bss_end+0x3>
    2b50:	88 ea       	ldi	r24, 0xA8	; 168
    2b52:	90 e6       	ldi	r25, 0x60	; 96
/Users/askn/Develop/UPDI4AVR-USB/src/isp.cpp:180
      _ser[1] = 0;
    2b54:	0e 94 b3 0a 	call	0x1566	; 0x1566 <ISP::spi_transaction(unsigned char*)>
/Users/askn/Develop/UPDI4AVR-USB/src/isp.cpp:181
      _ser[2] = _CAPS16(_addr)->bytes[0] & _mask;
    2b58:	89 81       	ldd	r24, Y+1	; 0x01
    2b5a:	9a 81       	ldd	r25, Y+2	; 0x02
/Users/askn/Develop/UPDI4AVR-USB/src/isp.cpp:182
      _ser[3] = packet.out.data[_index + 10];
    2b5c:	01 96       	adiw	r24, 0x01	; 1
    2b5e:	89 83       	std	Y+1, r24	; 0x01
    2b60:	9a 83       	std	Y+2, r25	; 0x02
    2b62:	a3 94       	inc	r10
/Users/askn/Develop/UPDI4AVR-USB/src/isp.cpp:183
      spi_transaction(_ser);
    2b64:	a3 94       	inc	r10
    2b66:	cc cf       	rjmp	.-104    	; 0x2b00 <ISP::write_flash()+0x4e>
    2b68:	80 91 e0 60 	lds	r24, 0x60E0	; 0x8060e0 <packet+0xb>
/Users/askn/Develop/UPDI4AVR-USB/src/isp.cpp:184
      _addr += 1;
    2b6c:	80 93 a8 60 	sts	0x60A8, r24	; 0x8060a8 <__bss_end>
    2b70:	80 91 b1 60 	lds	r24, 0x60B1	; 0x8060b1 <ISP::_base_addr+0x1>
    2b74:	80 93 a9 60 	sts	0x60A9, r24	; 0x8060a9 <__bss_end+0x1>
/Users/askn/Develop/UPDI4AVR-USB/src/isp.cpp:173
    uint16_t _addr = _base_addr;
    size_t _length = bswap16(packet.out.isp.wValue);
    uint16_t _delay = packet.out.data[3];
    uint8_t _mask = (_length >> 1) - 1;
    D1PRINTF(" M=$%04X, L=%d\r\n", _addr, _length);
    for (uint8_t _index = 0; _index < _length; _index += 2) {
    2b78:	c1 94       	neg	r12
    2b7a:	80 91 b0 60 	lds	r24, 0x60B0	; 0x8060b0 <ISP::_base_addr>
/Users/askn/Develop/UPDI4AVR-USB/src/isp.cpp:186
      _ser[2] = _CAPS16(_addr)->bytes[0] & _mask;
      _ser[3] = packet.out.data[_index + 10];
      spi_transaction(_ser);
      _addr += 1;
    }
    _ser[0] = packet.out.isp.data[5];
    2b7e:	c8 22       	and	r12, r24
    2b80:	c0 92 aa 60 	sts	0x60AA, r12	; 0x8060aa <__bss_end+0x2>
/Users/askn/Develop/UPDI4AVR-USB/src/isp.cpp:187
    _ser[1] = _CAPS16(_base_addr)->bytes[1];
    2b84:	8f ef       	ldi	r24, 0xFF	; 255
    2b86:	80 93 ab 60 	sts	0x60AB, r24	; 0x8060ab <__bss_end+0x3>
    2b8a:	88 ea       	ldi	r24, 0xA8	; 168
/Users/askn/Develop/UPDI4AVR-USB/src/isp.cpp:188
    _ser[2] = _CAPS16(_base_addr)->bytes[0] & ~_mask;
    2b8c:	90 e6       	ldi	r25, 0x60	; 96
    2b8e:	0e 94 b3 0a 	call	0x1566	; 0x1566 <ISP::spi_transaction(unsigned char*)>
    2b92:	01 15       	cp	r16, r1
    2b94:	11 05       	cpc	r17, r1
    2b96:	11 f4       	brne	.+4      	; 0x2b9c <ISP::write_flash()+0xea>
/Users/askn/Develop/UPDI4AVR-USB/src/isp.cpp:189
    _ser[3] = 0xFF;
    2b98:	05 e0       	ldi	r16, 0x05	; 5
    2b9a:	10 e0       	ldi	r17, 0x00	; 0
    2b9c:	c8 01       	movw	r24, r16
/Users/askn/Develop/UPDI4AVR-USB/src/isp.cpp:190
    spi_transaction(_ser);
    2b9e:	66 df       	rcall	.-308    	; 0x2a6c <Timeout::delay_rtc_millis(unsigned int)>
    2ba0:	90 e0       	ldi	r25, 0x00	; 0
    2ba2:	80 e0       	ldi	r24, 0x00	; 0
    2ba4:	0f 90       	pop	r0
/Users/askn/Develop/UPDI4AVR-USB/src/isp.cpp:191
    if (_delay == 0) _delay = 5;
    2ba6:	0f 90       	pop	r0
    2ba8:	df 91       	pop	r29
    2baa:	cf 91       	pop	r28
    2bac:	1f 91       	pop	r17
    2bae:	0f 91       	pop	r16
/Users/askn/Develop/UPDI4AVR-USB/src/isp.cpp:192
    Timeout::delay_rtc_millis(_delay);
    2bb0:	ff 90       	pop	r15
    2bb2:	ef 90       	pop	r14
    2bb4:	df 90       	pop	r13
/Users/askn/Develop/UPDI4AVR-USB/src/isp.cpp:194
    return 0;
  }
    2bb6:	cf 90       	pop	r12
    2bb8:	bf 90       	pop	r11
    2bba:	af 90       	pop	r10
    2bbc:	9f 90       	pop	r9
    2bbe:	8f 90       	pop	r8
    2bc0:	7f 90       	pop	r7
    2bc2:	08 95       	ret

00002bc4 <ISP::write_eeprom()>:
_ZN3ISP12write_eepromEv():
    2bc4:	cf 92       	push	r12
    2bc6:	df 92       	push	r13
    2bc8:	ef 92       	push	r14
    2bca:	ff 92       	push	r15
    2bcc:	0f 93       	push	r16
    2bce:	1f 93       	push	r17
    2bd0:	cf 93       	push	r28
    2bd2:	df 93       	push	r29
    2bd4:	00 d0       	rcall	.+0      	; 0x2bd6 <ISP::write_eeprom()+0x12>
    2bd6:	cd b7       	in	r28, 0x3d	; 61
    2bd8:	de b7       	in	r29, 0x3e	; 62
/Users/askn/Develop/UPDI4AVR-USB/src/isp.cpp:196

  size_t write_eeprom (void) {
    2bda:	80 91 b0 60 	lds	r24, 0x60B0	; 0x8060b0 <ISP::_base_addr>
    2bde:	90 91 b1 60 	lds	r25, 0x60B1	; 0x8060b1 <ISP::_base_addr+0x1>
    2be2:	89 83       	std	Y+1, r24	; 0x01
    2be4:	9a 83       	std	Y+2, r25	; 0x02
bswap16():
    2be6:	00 91 db 60 	lds	r16, 0x60DB	; 0x8060db <packet+0x6>
    2bea:	10 91 dc 60 	lds	r17, 0x60DC	; 0x8060dc <packet+0x7>
/Users/askn/Develop/UPDI4AVR-USB/src/isp.cpp:202
    /* _length must be a power of 2 (not verified). */
    /* The lower bits of _addr must be zero-filled accordingly. */
    /* Ex) addr=$0000(byte)                   */
    /* 00:04:C1:05:C1:C2:A0:00:00:01:02:03:04 */
    /* lenBE|  |ms|WW|FF|RR|     |bytes...    */
    uint16_t _addr = _base_addr;
    2bee:	10 27       	eor	r17, r16
    2bf0:	01 27       	eor	r16, r17
    2bf2:	10 27       	eor	r17, r16
_ZN3ISP12write_eepromEv():
    2bf4:	e0 90 de 60 	lds	r14, 0x60DE	; 0x8060de <packet+0x9>
/Users/askn/Library/Arduino15/packages/MultiX-Zinnia/hardware/modernAVR/0.4.5/cores/modernAVR/api/cpp/btools.cpp:45
    2bf8:	f1 2c       	mov	r15, r1
    2bfa:	cc 24       	eor	r12, r12
    2bfc:	ca 94       	dec	r12
    2bfe:	c0 0e       	add	r12, r16
    2c00:	d1 2c       	mov	r13, r1
    2c02:	8d 2d       	mov	r24, r13
    2c04:	90 e0       	ldi	r25, 0x00	; 0
/Users/askn/Develop/UPDI4AVR-USB/src/isp.cpp:204
    size_t _length = bswap16(packet.out.isp.wValue);
    uint16_t _delay = packet.out.data[3];
    2c06:	80 17       	cp	r24, r16
    2c08:	91 07       	cpc	r25, r17
    2c0a:	d8 f4       	brcc	.+54     	; 0x2c42 <ISP::write_eeprom()+0x7e>
/Users/askn/Develop/UPDI4AVR-USB/src/isp.cpp:205
    uint8_t _mask = _length - 1;
    2c0c:	20 91 df 60 	lds	r18, 0x60DF	; 0x8060df <packet+0xa>
    2c10:	20 93 a8 60 	sts	0x60A8, r18	; 0x8060a8 <__bss_end>
/Users/askn/Develop/UPDI4AVR-USB/src/isp.cpp:207
    D1PRINTF(" M=$%04X, L=%d\r\n", _addr, _length);
    for (uint8_t _index = 0; _index < _length; _index++) {
    2c14:	10 92 a9 60 	sts	0x60A9, r1	; 0x8060a9 <__bss_end+0x1>
    2c18:	29 81       	ldd	r18, Y+1	; 0x01
    2c1a:	2c 21       	and	r18, r12
    2c1c:	20 93 aa 60 	sts	0x60AA, r18	; 0x8060aa <__bss_end+0x2>
/Users/askn/Develop/UPDI4AVR-USB/src/isp.cpp:208
      _ser[0] = packet.out.isp.data[4];
    2c20:	8b 52       	subi	r24, 0x2B	; 43
    2c22:	9f 49       	sbci	r25, 0x9F	; 159
    2c24:	fc 01       	movw	r30, r24
/Users/askn/Develop/UPDI4AVR-USB/src/isp.cpp:209
      _ser[1] = 0;
    2c26:	87 85       	ldd	r24, Z+15	; 0x0f
    2c28:	80 93 ab 60 	sts	0x60AB, r24	; 0x8060ab <__bss_end+0x3>
/Users/askn/Develop/UPDI4AVR-USB/src/isp.cpp:210
      _ser[2] = _CAPS16(_addr)->bytes[0] & _mask;
    2c2c:	88 ea       	ldi	r24, 0xA8	; 168
    2c2e:	90 e6       	ldi	r25, 0x60	; 96
    2c30:	0e 94 b3 0a 	call	0x1566	; 0x1566 <ISP::spi_transaction(unsigned char*)>
/Users/askn/Develop/UPDI4AVR-USB/src/isp.cpp:211
      _ser[3] = packet.out.data[_index + 9];
    2c34:	89 81       	ldd	r24, Y+1	; 0x01
    2c36:	9a 81       	ldd	r25, Y+2	; 0x02
    2c38:	01 96       	adiw	r24, 0x01	; 1
    2c3a:	89 83       	std	Y+1, r24	; 0x01
/Users/askn/Develop/UPDI4AVR-USB/src/isp.cpp:212
      spi_transaction(_ser);
    2c3c:	9a 83       	std	Y+2, r25	; 0x02
    2c3e:	d3 94       	inc	r13
    2c40:	e0 cf       	rjmp	.-64     	; 0x2c02 <ISP::write_eeprom()+0x3e>
    2c42:	80 91 e0 60 	lds	r24, 0x60E0	; 0x8060e0 <packet+0xb>
/Users/askn/Develop/UPDI4AVR-USB/src/isp.cpp:213
      _addr += 1;
    2c46:	80 93 a8 60 	sts	0x60A8, r24	; 0x8060a8 <__bss_end>
    2c4a:	80 91 b1 60 	lds	r24, 0x60B1	; 0x8060b1 <ISP::_base_addr+0x1>
/Users/askn/Develop/UPDI4AVR-USB/src/isp.cpp:207
    uint16_t _addr = _base_addr;
    size_t _length = bswap16(packet.out.isp.wValue);
    uint16_t _delay = packet.out.data[3];
    uint8_t _mask = _length - 1;
    D1PRINTF(" M=$%04X, L=%d\r\n", _addr, _length);
    for (uint8_t _index = 0; _index < _length; _index++) {
    2c4e:	80 93 a9 60 	sts	0x60A9, r24	; 0x8060a9 <__bss_end+0x1>
/Users/askn/Develop/UPDI4AVR-USB/src/isp.cpp:215
      _ser[2] = _CAPS16(_addr)->bytes[0] & _mask;
      _ser[3] = packet.out.data[_index + 9];
      spi_transaction(_ser);
      _addr += 1;
    }
    _ser[0] = packet.out.isp.data[5];
    2c52:	01 95       	neg	r16
    2c54:	80 91 b0 60 	lds	r24, 0x60B0	; 0x8060b0 <ISP::_base_addr>
    2c58:	08 23       	and	r16, r24
/Users/askn/Develop/UPDI4AVR-USB/src/isp.cpp:216
    _ser[1] = _CAPS16(_base_addr)->bytes[1];
    2c5a:	00 93 aa 60 	sts	0x60AA, r16	; 0x8060aa <__bss_end+0x2>
    2c5e:	8f ef       	ldi	r24, 0xFF	; 255
    2c60:	80 93 ab 60 	sts	0x60AB, r24	; 0x8060ab <__bss_end+0x3>
/Users/askn/Develop/UPDI4AVR-USB/src/isp.cpp:217
    _ser[2] = _CAPS16(_base_addr)->bytes[0] & ~_mask;
    2c64:	88 ea       	ldi	r24, 0xA8	; 168
    2c66:	90 e6       	ldi	r25, 0x60	; 96
    2c68:	0e 94 b3 0a 	call	0x1566	; 0x1566 <ISP::spi_transaction(unsigned char*)>
    2c6c:	e1 14       	cp	r14, r1
/Users/askn/Develop/UPDI4AVR-USB/src/isp.cpp:218
    _ser[3] = 0xFF;
    2c6e:	f1 04       	cpc	r15, r1
    2c70:	19 f4       	brne	.+6      	; 0x2c78 <ISP::write_eeprom()+0xb4>
/Users/askn/Develop/UPDI4AVR-USB/src/isp.cpp:219
    spi_transaction(_ser);
    2c72:	84 e0       	ldi	r24, 0x04	; 4
    2c74:	e8 2e       	mov	r14, r24
    2c76:	f1 2c       	mov	r15, r1
    2c78:	c7 01       	movw	r24, r14
/Users/askn/Develop/UPDI4AVR-USB/src/isp.cpp:220
    if (_delay == 0) _delay = 4;
    2c7a:	f8 de       	rcall	.-528    	; 0x2a6c <Timeout::delay_rtc_millis(unsigned int)>
    2c7c:	90 e0       	ldi	r25, 0x00	; 0
    2c7e:	80 e0       	ldi	r24, 0x00	; 0
    2c80:	0f 90       	pop	r0
    2c82:	0f 90       	pop	r0
    2c84:	df 91       	pop	r29
/Users/askn/Develop/UPDI4AVR-USB/src/isp.cpp:221
    Timeout::delay_rtc_millis(_delay);
    2c86:	cf 91       	pop	r28
    2c88:	1f 91       	pop	r17
    2c8a:	0f 91       	pop	r16
/Users/askn/Develop/UPDI4AVR-USB/src/isp.cpp:223
    return 0;
  }
    2c8c:	ff 90       	pop	r15
    2c8e:	ef 90       	pop	r14
    2c90:	df 90       	pop	r13
    2c92:	cf 90       	pop	r12
    2c94:	08 95       	ret

00002c96 <ISP::timeout_fallback()>:
_ZN3ISP16timeout_fallbackEv():
    2c96:	a8 95       	wdr
    2c98:	80 91 b2 60 	lds	r24, 0x60B2	; 0x8060b2 <ISP::_pgm_retry>
    2c9c:	81 50       	subi	r24, 0x01	; 1
    2c9e:	80 93 b2 60 	sts	0x60B2, r24	; 0x8060b2 <ISP::_pgm_retry>
    2ca2:	88 23       	and	r24, r24
    2ca4:	e1 f0       	breq	.+56     	; 0x2cde <ISP::timeout_fallback()+0x48>
/Users/askn/Develop/UPDI4AVR-USB/src/isp.cpp:311
    /* Time out on failure. */
    for (;;);
  }

  size_t timeout_fallback (void) {
    wdt_reset();
    2ca6:	80 91 52 63 	lds	r24, 0x6352	; 0x806352 <_xclk>
/Users/askn/Develop/UPDI4AVR-USB/src/isp.cpp:313
    D1PRINTF(" Fail\r\n");
    if (--_pgm_retry == 0) return 0;
    2caa:	90 91 53 63 	lds	r25, 0x6353	; 0x806353 <_xclk+0x1>
    2cae:	85 36       	cpi	r24, 0x65	; 101
    2cb0:	91 05       	cpc	r25, r1
    2cb2:	40 f0       	brcs	.+16     	; 0x2cc4 <ISP::timeout_fallback()+0x2e>
    2cb4:	c2 97       	sbiw	r24, 0x32	; 50
/Users/askn/Develop/UPDI4AVR-USB/src/isp.cpp:315
    /* If a timeout occurs, the communication speed will be reduced. */
    if (_xclk > 100) _xclk -= 50;
    2cb6:	80 93 52 63 	sts	0x6352, r24	; 0x806352 <_xclk>
    2cba:	90 93 53 63 	sts	0x6353, r25	; 0x806353 <_xclk+0x1>
    2cbe:	81 e0       	ldi	r24, 0x01	; 1
    2cc0:	90 e0       	ldi	r25, 0x00	; 0
    2cc2:	08 95       	ret
    2cc4:	82 30       	cpi	r24, 0x02	; 2
/Users/askn/Develop/UPDI4AVR-USB/src/isp.cpp:316
    else if (_xclk > 1) _xclk = (_xclk >> 1) + (_xclk >> 2);
    2cc6:	91 05       	cpc	r25, r1
    2cc8:	d0 f3       	brcs	.-12     	; 0x2cbe <ISP::timeout_fallback()+0x28>
    2cca:	9c 01       	movw	r18, r24
    2ccc:	36 95       	lsr	r19
    2cce:	27 95       	ror	r18
    2cd0:	96 95       	lsr	r25
/Users/askn/Develop/UPDI4AVR-USB/src/isp.cpp:318
    return 1;
  }
    2cd2:	87 95       	ror	r24
/Users/askn/Develop/UPDI4AVR-USB/src/isp.cpp:316
    wdt_reset();
    D1PRINTF(" Fail\r\n");
    if (--_pgm_retry == 0) return 0;
    /* If a timeout occurs, the communication speed will be reduced. */
    if (_xclk > 100) _xclk -= 50;
    else if (_xclk > 1) _xclk = (_xclk >> 1) + (_xclk >> 2);
    2cd4:	96 95       	lsr	r25
    2cd6:	87 95       	ror	r24
    2cd8:	82 0f       	add	r24, r18
    2cda:	93 1f       	adc	r25, r19
    2cdc:	ec cf       	rjmp	.-40     	; 0x2cb6 <ISP::timeout_fallback()+0x20>
    2cde:	90 e0       	ldi	r25, 0x00	; 0
    2ce0:	80 e0       	ldi	r24, 0x00	; 0
    2ce2:	08 95       	ret

00002ce4 <__vector_19>:
__vector_19():
    2ce4:	1f 92       	push	r1
    2ce6:	0f 92       	push	r0
    2ce8:	0f b6       	in	r0, 0x3f	; 63
    2cea:	0f 92       	push	r0
    2cec:	11 24       	eor	r1, r1
/Users/askn/Develop/UPDI4AVR-USB/src/isp.cpp:313
  }

  size_t timeout_fallback (void) {
    wdt_reset();
    D1PRINTF(" Fail\r\n");
    if (--_pgm_retry == 0) return 0;
    2cee:	2f 93       	push	r18
    2cf0:	3f 93       	push	r19
    2cf2:	4f 93       	push	r20
/Users/askn/Develop/UPDI4AVR-USB/src/usart.cpp:247
  }

};

/*** CMSIS-DAP VCOM,VCP transceiver ***/
ISR(USART0_RXC_vect) {
    2cf4:	5f 93       	push	r21
    2cf6:	6f 93       	push	r22
    2cf8:	7f 93       	push	r23
    2cfa:	8f 93       	push	r24
    2cfc:	9f 93       	push	r25
    2cfe:	af 93       	push	r26
    2d00:	bf 93       	push	r27
    2d02:	cf 93       	push	r28
    2d04:	ef 93       	push	r30
    2d06:	ff 93       	push	r31
vcp_receiver():
    2d08:	c0 91 01 08 	lds	r28, 0x0801	; 0x800801 <__TEXT_REGION_LENGTH__+0x7f0801>
    2d0c:	20 91 00 08 	lds	r18, 0x0800	; 0x800800 <__TEXT_REGION_LENGTH__+0x7f0800>
    2d10:	8c 2f       	mov	r24, r28
    2d12:	86 74       	andi	r24, 0x46	; 70
    2d14:	a9 f4       	brne	.+42     	; 0x2d40 <__vector_19+0x5c>
write_byte():
    2d16:	f2 99       	sbic	0x1e, 2	; 30
/Users/askn/Develop/UPDI4AVR-USB/src/usb.cpp:455
  void read_drop (void) {
    if (bit_is_set(EP_CDO.STATUS, USB_BUSNAK_bp)) ep_cdo_listen();
  }

  void vcp_receiver (void) {
    uint8_t _d = USART0_RXDATAH;
    2d18:	28 c0       	rjmp	.+80     	; 0x2d6a <__vector_19+0x86>
__vector_19():
    2d1a:	8c ee       	ldi	r24, 0xEC	; 236
/Users/askn/Develop/UPDI4AVR-USB/src/usb.cpp:456
    uint8_t _c = USART0_RXDATAL;
    2d1c:	93 e6       	ldi	r25, 0x63	; 99
write_byte():
    2d1e:	e0 91 6f 64 	lds	r30, 0x646F	; 0x80646f <_send_count>
/Users/askn/Develop/UPDI4AVR-USB/src/usb.cpp:457
    if (!(_d & (USART_BUFOVF_bm | USART_FERR_bm | USART_PERR_bm))) {
    2d22:	31 e0       	ldi	r19, 0x01	; 1
    2d24:	3e 0f       	add	r19, r30
/Users/askn/Develop/UPDI4AVR-USB/src/usb.cpp:419
  // MARK: VCP

  void write_byte (const uint8_t _c) {
    /* The double buffer consists of two blocks. */
    uint8_t* _buf = bit_is_set(GPCONF, GPCONF_DBL_bp)
      ? &EP_MEM.cdi_data[64]
    2d26:	30 93 6f 64 	sts	0x646F, r19	; 0x80646f <_send_count>
    2d2a:	e8 0f       	add	r30, r24
    2d2c:	f9 2f       	mov	r31, r25
/Users/askn/Develop/UPDI4AVR-USB/src/usb.cpp:421
      : &EP_MEM.cdi_data[0];
    _buf[_send_count++] = _c;
    2d2e:	f1 1d       	adc	r31, r1
    2d30:	20 83       	st	Z, r18
    2d32:	80 91 6f 64 	lds	r24, 0x646F	; 0x80646f <_send_count>
    2d36:	80 34       	cpi	r24, 0x40	; 64
    2d38:	d8 f4       	brcc	.+54     	; 0x2d70 <__vector_19+0x8c>
    2d3a:	8e e1       	ldi	r24, 0x1E	; 30
    2d3c:	80 93 6c 64 	sts	0x646C, r24	; 0x80646c <_sof_count>
vcp_receiver():
    2d40:	8c b3       	in	r24, 0x1c	; 28
/Users/askn/Develop/UPDI4AVR-USB/src/usb.cpp:422
    if (_send_count < 64) _sof_count = 30;
    2d42:	c8 2b       	or	r28, r24
    2d44:	cc bb       	out	0x1c, r28	; 28
__vector_19():
    2d46:	ff 91       	pop	r31
    2d48:	ef 91       	pop	r30
    2d4a:	cf 91       	pop	r28
    2d4c:	bf 91       	pop	r27
    2d4e:	af 91       	pop	r26
/Users/askn/Develop/UPDI4AVR-USB/src/usb.cpp:460
    uint8_t _d = USART0_RXDATAH;
    uint8_t _c = USART0_RXDATAL;
    if (!(_d & (USART_BUFOVF_bm | USART_FERR_bm | USART_PERR_bm))) {
      write_byte(_c);
    }
    RXSTAT |= _d;
    2d50:	9f 91       	pop	r25
    2d52:	8f 91       	pop	r24
    2d54:	7f 91       	pop	r23
/Users/askn/Develop/UPDI4AVR-USB/src/usart.cpp:253
#if defined(CONFIG_VCP_9BIT_SUPPORT)
  usart_receiver();
#else
  USB::vcp_receiver();
#endif
}
    2d56:	6f 91       	pop	r22
    2d58:	5f 91       	pop	r21
    2d5a:	4f 91       	pop	r20
    2d5c:	3f 91       	pop	r19
    2d5e:	2f 91       	pop	r18
    2d60:	0f 90       	pop	r0
    2d62:	0f be       	out	0x3f, r0	; 63
    2d64:	0f 90       	pop	r0
    2d66:	1f 90       	pop	r1
    2d68:	18 95       	reti
    2d6a:	8c e2       	ldi	r24, 0x2C	; 44
    2d6c:	94 e6       	ldi	r25, 0x64	; 100
    2d6e:	d7 cf       	rjmp	.-82     	; 0x2d1e <__vector_19+0x3a>
write_byte():
    2d70:	0e 94 d4 01 	call	0x3a8	; 0x3a8 <USB::ep_cdi_listen()>
    2d74:	e5 cf       	rjmp	.-54     	; 0x2d40 <__vector_19+0x5c>

00002d76 <__vector_4>:
__vector_4():
    2d76:	11 24       	eor	r1, r1
/Users/askn/Develop/UPDI4AVR-USB/src/usb.cpp:419
  // MARK: VCP

  void write_byte (const uint8_t _c) {
    /* The double buffer consists of two blocks. */
    uint8_t* _buf = bit_is_set(GPCONF, GPCONF_DBL_bp)
      ? &EP_MEM.cdi_data[64]
    2d78:	62 e0       	ldi	r22, 0x02	; 2
    2d7a:	70 e0       	ldi	r23, 0x00	; 0
    2d7c:	8c eb       	ldi	r24, 0xBC	; 188
/Users/askn/Develop/UPDI4AVR-USB/src/usb.cpp:423
      : &EP_MEM.cdi_data[0];
    _buf[_send_count++] = _c;
    if (_send_count < 64) _sof_count = 30;
    else ep_cdi_listen();
    2d7e:	90 e6       	ldi	r25, 0x60	; 96
    2d80:	0e 94 e6 1f 	call	0x3fcc	; 0x3fcc <longjmp>

00002d84 <Timeout::stop()>:
_ZN7Timeout4stopEv():
/Users/askn/Develop/UPDI4AVR-USB/src/timeout.cpp:98
ISR(RTC_CNT_vect, ISR_NAKED) {
  /***
    This interrupt is a global escape due to timeout.
    There is no return to the source of the interrupt.
  ***/
  __asm__ __volatile__ ("EOR R1,R1");
    2d84:	10 92 42 01 	sts	0x0142, r1	; 0x800142 <__TEXT_REGION_LENGTH__+0x7f0142>
/Users/askn/Develop/UPDI4AVR-USB/src/timeout.cpp:99
  longjmp(TIMEOUT_CONTEXT, 2);
    2d88:	82 e0       	ldi	r24, 0x02	; 2
    2d8a:	80 93 43 01 	sts	0x0143, r24	; 0x800143 <__TEXT_REGION_LENGTH__+0x7f0143>
    2d8e:	18 95       	reti

00002d90 <Timeout::command(unsigned int (*)(), unsigned int (*)(), unsigned int)>:
_ZN7Timeout7commandEPFjvES1_j():
    2d90:	cf 93       	push	r28
/Users/askn/Develop/UPDI4AVR-USB/src/timeout.cpp:41
   * Exit from the timeout block.
   * The last RETI is required.
   */
  __attribute__((used, naked, noinline))
  void stop (void) {
    RTC_INTCTRL  = 0;
    2d92:	df 93       	push	r29
    2d94:	cd b7       	in	r28, 0x3d	; 61
/Users/askn/Develop/UPDI4AVR-USB/src/timeout.cpp:42
    RTC_INTFLAGS = RTC_CMP_bm;
    2d96:	de b7       	in	r29, 0x3e	; 62
    2d98:	28 97       	sbiw	r28, 0x08	; 8
    2d9a:	cd bf       	out	0x3d, r28	; 61
/Users/askn/Develop/UPDI4AVR-USB/src/timeout.cpp:43
    reti();
    2d9c:	de bf       	out	0x3e, r29	; 62
/Users/askn/Develop/UPDI4AVR-USB/src/timeout.cpp:70
  /*
   * Timeout block.
   * Does not work with interrupts disabled.
   * RETI must be called after the interrupt is suspended.
   */
  size_t command (size_t (*func_p)(void), size_t (*fail_p)(void), uint16_t _ms) {
    2d9e:	8d 83       	std	Y+5, r24	; 0x05
    2da0:	9e 83       	std	Y+6, r25	; 0x06
    2da2:	6b 83       	std	Y+3, r22	; 0x03
    2da4:	7c 83       	std	Y+4, r23	; 0x04
    2da6:	4f 83       	std	Y+7, r20	; 0x07
    2da8:	58 87       	std	Y+8, r21	; 0x08
    2daa:	19 82       	std	Y+1, r1	; 0x01
    2dac:	1a 82       	std	Y+2, r1	; 0x02
    2dae:	89 81       	ldd	r24, Y+1	; 0x01
    2db0:	9a 81       	ldd	r25, Y+2	; 0x02
    2db2:	89 2b       	or	r24, r25
    2db4:	11 f5       	brne	.+68     	; 0x2dfa <Timeout::command(unsigned int (*)(), unsigned int (*)(), unsigned int)+0x6a>
    2db6:	8c eb       	ldi	r24, 0xBC	; 188
/Users/askn/Develop/UPDI4AVR-USB/src/timeout.cpp:71
    volatile size_t _result = 0;
    2db8:	90 e6       	ldi	r25, 0x60	; 96
    2dba:	0e 94 c6 1f 	call	0x3f8c	; 0x3f8c <setjmp>
/Users/askn/Develop/UPDI4AVR-USB/src/timeout.cpp:72
    while (_result == 0) {
    2dbe:	89 2b       	or	r24, r25
    2dc0:	21 f5       	brne	.+72     	; 0x2e0a <Timeout::command(unsigned int (*)(), unsigned int (*)(), unsigned int)+0x7a>
start():
    2dc2:	e1 e4       	ldi	r30, 0x41	; 65
/Users/askn/Develop/UPDI4AVR-USB/src/timeout.cpp:73
      if (setjmp(TIMEOUT_CONTEXT) == 0) {
    2dc4:	f1 e0       	ldi	r31, 0x01	; 1
    2dc6:	80 81       	ld	r24, Z
    2dc8:	81 11       	cpse	r24, r1
    2dca:	fd cf       	rjmp	.-6      	; 0x2dc6 <Timeout::command(unsigned int (*)(), unsigned int (*)(), unsigned int)+0x36>
    2dcc:	80 91 48 01 	lds	r24, 0x0148	; 0x800148 <__TEXT_REGION_LENGTH__+0x7f0148>
/Users/askn/Develop/UPDI4AVR-USB/src/timeout.cpp:29
  /*
   * Timeout after the specified time.
   * To be precise, in 1/1024 sec units.
   */
  void start (uint16_t _ms) {
    while (RTC_STATUS);
    2dd0:	90 91 49 01 	lds	r25, 0x0149	; 0x800149 <__TEXT_REGION_LENGTH__+0x7f0149>
    2dd4:	2f 81       	ldd	r18, Y+7	; 0x07
    2dd6:	38 85       	ldd	r19, Y+8	; 0x08
    2dd8:	82 0f       	add	r24, r18
/Users/askn/Develop/UPDI4AVR-USB/src/timeout.cpp:30
    RTC_CMP = RTC_CNT + _ms;
    2dda:	93 1f       	adc	r25, r19
    2ddc:	80 93 4c 01 	sts	0x014C, r24	; 0x80014c <__TEXT_REGION_LENGTH__+0x7f014c>
    2de0:	90 93 4d 01 	sts	0x014D, r25	; 0x80014d <__TEXT_REGION_LENGTH__+0x7f014d>
    2de4:	82 e0       	ldi	r24, 0x02	; 2
    2de6:	80 93 43 01 	sts	0x0143, r24	; 0x800143 <__TEXT_REGION_LENGTH__+0x7f0143>
    2dea:	80 93 42 01 	sts	0x0142, r24	; 0x800142 <__TEXT_REGION_LENGTH__+0x7f0142>
_ZN7Timeout7commandEPFjvES1_j():
    2dee:	ed 81       	ldd	r30, Y+5	; 0x05
    2df0:	fe 81       	ldd	r31, Y+6	; 0x06
/Users/askn/Develop/UPDI4AVR-USB/src/timeout.cpp:31
    RTC_INTFLAGS = RTC_CMP_bm;
    2df2:	09 95       	icall
    2df4:	89 83       	std	Y+1, r24	; 0x01
    2df6:	9a 83       	std	Y+2, r25	; 0x02
/Users/askn/Develop/UPDI4AVR-USB/src/timeout.cpp:32
    RTC_INTCTRL  = RTC_CMP_bm;
    2df8:	c5 df       	rcall	.-118    	; 0x2d84 <Timeout::stop()>
    2dfa:	89 81       	ldd	r24, Y+1	; 0x01
/Users/askn/Develop/UPDI4AVR-USB/src/timeout.cpp:75
  size_t command (size_t (*func_p)(void), size_t (*fail_p)(void), uint16_t _ms) {
    volatile size_t _result = 0;
    while (_result == 0) {
      if (setjmp(TIMEOUT_CONTEXT) == 0) {
        Timeout::start(_ms);
        _result = (*func_p)();
    2dfc:	9a 81       	ldd	r25, Y+2	; 0x02
    2dfe:	28 96       	adiw	r28, 0x08	; 8
    2e00:	cd bf       	out	0x3d, r28	; 61
    2e02:	de bf       	out	0x3e, r29	; 62
    2e04:	df 91       	pop	r29
/Users/askn/Develop/UPDI4AVR-USB/src/timeout.cpp:76
        Timeout::stop();
    2e06:	cf 91       	pop	r28
    2e08:	08 95       	ret
/Users/askn/Develop/UPDI4AVR-USB/src/timeout.cpp:84
      Timeout::stop();
      D1PRINTF("[TO]");
      if (!fail_p) break;
      if (!(*fail_p)()) break;
    }
    return _result;
    2e0a:	bc df       	rcall	.-136    	; 0x2d84 <Timeout::stop()>
    2e0c:	2b 81       	ldd	r18, Y+3	; 0x03
/Users/askn/Develop/UPDI4AVR-USB/src/timeout.cpp:85
  }
    2e0e:	3c 81       	ldd	r19, Y+4	; 0x04
    2e10:	21 15       	cp	r18, r1
    2e12:	31 05       	cpc	r19, r1
    2e14:	91 f3       	breq	.-28     	; 0x2dfa <Timeout::command(unsigned int (*)(), unsigned int (*)(), unsigned int)+0x6a>
    2e16:	f9 01       	movw	r30, r18
    2e18:	09 95       	icall
/Users/askn/Develop/UPDI4AVR-USB/src/timeout.cpp:79
        Timeout::start(_ms);
        _result = (*func_p)();
        Timeout::stop();
        break;
      }
      Timeout::stop();
    2e1a:	89 2b       	or	r24, r25
    2e1c:	41 f6       	brne	.-112    	; 0x2dae <Timeout::command(unsigned int (*)(), unsigned int (*)(), unsigned int)+0x1e>
/Users/askn/Develop/UPDI4AVR-USB/src/timeout.cpp:81
      D1PRINTF("[TO]");
      if (!fail_p) break;
    2e1e:	ed cf       	rjmp	.-38     	; 0x2dfa <Timeout::command(unsigned int (*)(), unsigned int (*)(), unsigned int)+0x6a>

00002e20 <ISP::jtag_scope_isp()>:
_ZN3ISP14jtag_scope_ispEv():
    2e20:	80 91 da 60 	lds	r24, 0x60DA	; 0x8060da <packet+0x5>
    2e24:	80 31       	cpi	r24, 0x10	; 16
    2e26:	b9 f4       	brne	.+46     	; 0x2e56 <ISP::jtag_scope_isp()+0x36>
/Users/askn/Develop/UPDI4AVR-USB/src/timeout.cpp:82
      if (!(*fail_p)()) break;
    2e28:	80 91 f1 62 	lds	r24, 0x62F1	; 0x8062f1 <_packet_length>
    2e2c:	86 50       	subi	r24, 0x06	; 6
    2e2e:	8b 30       	cpi	r24, 0x0B	; 11
    2e30:	38 f4       	brcc	.+14     	; 0x2e40 <ISP::jtag_scope_isp()+0x20>
/Users/askn/Develop/UPDI4AVR-USB/src/isp.cpp:354
  size_t jtag_scope_isp (void) {
    int _rspsize = -2;
    /* Return 1 for _rspsize, whether the operation succeeds or fails.
       Indicate the size of the returned data by incrementing _rspsize by 1. */
    uint8_t _length = _packet_length - 6;
    uint8_t _cmd = packet.out.cmd;
    2e32:	80 e8       	ldi	r24, 0x80	; 128
    2e34:	80 93 db 60 	sts	0x60DB, r24	; 0x8060db <packet+0x6>
/Users/askn/Develop/UPDI4AVR-USB/src/isp.cpp:362
    if (_length)
      D1PRINTHEX(&packet.out.data, _length, ':', 16, "\r\n  ");
    else
      D1PRINTF("\r\n");
  #endif
    if (_cmd == 0x10) {         /* CMD_ENTER_PROGMODE_ISP */
    2e38:	21 e0       	ldi	r18, 0x01	; 1
/Users/askn/Develop/UPDI4AVR-USB/src/isp.cpp:353
   */
  size_t jtag_scope_isp (void) {
    int _rspsize = -2;
    /* Return 1 for _rspsize, whether the operation succeeds or fails.
       Indicate the size of the returned data by incrementing _rspsize by 1. */
    uint8_t _length = _packet_length - 6;
    2e3a:	30 e0       	ldi	r19, 0x00	; 0
    2e3c:	c9 01       	movw	r24, r18
    2e3e:	08 95       	ret
/Users/askn/Develop/UPDI4AVR-USB/src/isp.cpp:364
    else
      D1PRINTF("\r\n");
  #endif
    if (_cmd == 0x10) {         /* CMD_ENTER_PROGMODE_ISP */
      D1PRINTF(" ISP_CMD_ENTER_PROGMODE\r\n");
      if (_length >= 11) {
    2e40:	84 e0       	ldi	r24, 0x04	; 4
    2e42:	80 93 b2 60 	sts	0x60B2, r24	; 0x8060b2 <ISP::_pgm_retry>
/Users/askn/Develop/UPDI4AVR-USB/src/isp.cpp:451
    if (_rspsize == -2) {
      packet.in.isp.res = 0x80; /* STATUS_CMD_TOUT */
      _rspsize = 1;
    }
    else if (_rspsize == -1) {
      packet.in.isp.res = 0xC0; /* STATUS_CMD_FAILED */
    2e46:	4c e2       	ldi	r20, 0x2C	; 44
    2e48:	51 e0       	ldi	r21, 0x01	; 1
/Users/askn/Develop/UPDI4AVR-USB/src/isp.cpp:452
      _rspsize = 1;
    2e4a:	6b e4       	ldi	r22, 0x4B	; 75
    2e4c:	76 e1       	ldi	r23, 0x16	; 22
/Users/askn/Develop/UPDI4AVR-USB/src/isp.cpp:474

  #if !defined(NDEBUG) && defined(DEBUG)
    D1PRINTF(" ISP_RES L=%d\r\n  ", _rspsize);
    D1PRINTHEX(&packet.in.isp.cmd, _rspsize + 1, ':', 16, "\r\n  ");
  #endif
    return _rspsize;
    2e4e:	80 e3       	ldi	r24, 0x30	; 48
/Users/askn/Develop/UPDI4AVR-USB/src/isp.cpp:475
  }
    2e50:	91 e1       	ldi	r25, 0x11	; 17
/Users/askn/Develop/UPDI4AVR-USB/src/isp.cpp:365
      D1PRINTF("\r\n");
  #endif
    if (_cmd == 0x10) {         /* CMD_ENTER_PROGMODE_ISP */
      D1PRINTF(" ISP_CMD_ENTER_PROGMODE\r\n");
      if (_length >= 11) {
        _pgm_retry = 4;
    2e52:	9e df       	rcall	.-196    	; 0x2d90 <Timeout::command(unsigned int (*)(), unsigned int (*)(), unsigned int)>
    2e54:	98 c0       	rjmp	.+304    	; 0x2f86 <ISP::jtag_scope_isp()+0x166>
    2e56:	81 31       	cpi	r24, 0x11	; 17
/Users/askn/Develop/UPDI4AVR-USB/src/isp.cpp:366
        _rspsize = Timeout::command(&connect, &timeout_fallback, 300);
    2e58:	41 f5       	brne	.+80     	; 0x2eaa <ISP::jtag_scope_isp()+0x8a>
sign_off():
    2e5a:	8f b3       	in	r24, 0x1f	; 31
    2e5c:	88 23       	and	r24, r24
    2e5e:	11 f1       	breq	.+68     	; 0x2ea4 <ISP::jtag_scope_isp()+0x84>
    2e60:	10 92 00 0a 	sts	0x0A00, r1	; 0x800a00 <__TEXT_REGION_LENGTH__+0x7f0a00>
/Users/askn/Develop/UPDI4AVR-USB/src/isp.cpp:438
      D1PRINTF(" ISP_CMD_READ_%s\r\n",
        _cmd == 0x18 ? "FUSE" :
        _cmd == 0x1A ? "LOCK" :
        _cmd == 0x1B ? "SIGNATURE" : "OSCCAL"
      );
      _rspsize = Timeout::command(&read_fuse_byte);
    2e64:	8f e0       	ldi	r24, 0x0F	; 15
    2e66:	80 93 00 0a 	sts	0x0A00, r24	; 0x800a00 <__TEXT_REGION_LENGTH__+0x7f0a00>
/Users/askn/Develop/UPDI4AVR-USB/src/isp.cpp:371
        _rspsize = Timeout::command(&connect, &timeout_fallback, 300);
        /* If STATUS_CMD_FAILED is returned here,
           CMD3_START_DW_DEBUG will be sent next. */
      }
    }
    else if (_cmd == 0x11) {    /* CMD_LEAVE_PROGMODE_ISP */
    2e6a:	97 e0       	ldi	r25, 0x07	; 7
    2e6c:	90 93 06 04 	sts	0x0406, r25	; 0x800406 <__TEXT_REGION_LENGTH__+0x7f0406>
/Users/askn/Develop/UPDI4AVR-USB/src/isp.cpp:321
    else if (_xclk > 1) _xclk = (_xclk >> 1) + (_xclk >> 2);
    return 1;
  }

  size_t sign_off (void) {
    if (PGCONF) {
    2e70:	88 e0       	ldi	r24, 0x08	; 8
    2e72:	80 93 12 04 	sts	0x0412, r24	; 0x800412 <__TEXT_REGION_LENGTH__+0x7f0412>
/Users/askn/Develop/UPDI4AVR-USB/src/isp.cpp:323
      /* TCA0_WO0 reset */
      TCA0_SPLIT_CTRLA = 0;
    2e76:	80 93 13 04 	sts	0x0413, r24	; 0x800413 <__TEXT_REGION_LENGTH__+0x7f0413>
/Users/askn/Develop/UPDI4AVR-USB/src/isp.cpp:324
      TCA0_SPLIT_CTRLA = TCA_SPLIT_ENABLE_bm | TCA_SPLIT_CLKSEL_DIV1024_gc;
    2e7a:	80 93 10 04 	sts	0x0410, r24	; 0x800410 <__TEXT_REGION_LENGTH__+0x7f0410>
/Users/askn/Develop/UPDI4AVR-USB/src/isp.cpp:326

      portRegister(PIN_PGM_TRST).OUTCLR = SPI_MASK;
    2e7e:	8c e0       	ldi	r24, 0x0C	; 12
    2e80:	80 93 11 04 	sts	0x0411, r24	; 0x800411 <__TEXT_REGION_LENGTH__+0x7f0411>
/Users/askn/Develop/UPDI4AVR-USB/src/isp.cpp:327
      pinControlRegister(PIN_VCP_TXD)  = PORT_PULLUPEN_bm | PORT_ISC_INTDISABLE_gc;
    2e84:	90 93 02 04 	sts	0x0402, r25	; 0x800402 <__TEXT_REGION_LENGTH__+0x7f0402>
    2e88:	61 e0       	ldi	r22, 0x01	; 1
/Users/askn/Develop/UPDI4AVR-USB/src/isp.cpp:328
      pinControlRegister(PIN_VCP_RXD)  = PORT_PULLUPEN_bm | PORT_ISC_INTDISABLE_gc;
    2e8a:	81 e0       	ldi	r24, 0x01	; 1
    2e8c:	d1 d8       	rcall	.-3678   	; 0x2030 <SYS::power_reset(bool, bool)>
delay_micros():
/Users/askn/Develop/UPDI4AVR-USB/src/isp.cpp:329
      pinControlRegister(PIN_PGM_TDAT) = PORT_PULLUPEN_bm | PORT_ISC_INTDISABLE_gc;
    2e8e:	83 ed       	ldi	r24, 0xD3	; 211
    2e90:	90 e3       	ldi	r25, 0x30	; 48
/Users/askn/Develop/UPDI4AVR-USB/src/isp.cpp:330
      pinControlRegister(PIN_PGM_TRST) = PORT_PULLUPEN_bm | PORT_ISC_INPUT_DISABLE_gc;
    2e92:	01 97       	sbiw	r24, 0x01	; 1
    2e94:	f1 f7       	brne	.-4      	; 0x2e92 <ISP::jtag_scope_isp()+0x72>
    2e96:	00 c0       	rjmp	.+0      	; 0x2e98 <ISP::jtag_scope_isp()+0x78>
/Users/askn/Develop/UPDI4AVR-USB/src/isp.cpp:331
      portRegister(PIN_PGM_TRST).DIRCLR = SPI_MASK;
    2e98:	00 00       	nop
sign_off():
    2e9a:	1f ba       	out	0x1f, r1	; 31
/Users/askn/Develop/UPDI4AVR-USB/src/isp.cpp:333

      SYS::power_reset();
    2e9c:	0e 94 42 0b 	call	0x1684	; 0x1684 <USART::setup()>
    2ea0:	0e 94 d4 05 	call	0xba8	; 0xba8 <USART::change_vcp()>
_ZN3ISP14jtag_scope_ispEv():
/Users/askn/Library/Arduino15/packages/MultiX-Zinnia/hardware/modernAVR/0.4.5/cores/modernAVR/api/delay_busywait.h:33
    2ea4:	10 92 db 60 	sts	0x60DB, r1	; 0x8060db <packet+0x6>
    2ea8:	c7 cf       	rjmp	.-114    	; 0x2e38 <ISP::jtag_scope_isp()+0x18>
    2eaa:	8d 31       	cpi	r24, 0x1D	; 29
    2eac:	81 f4       	brne	.+32     	; 0x2ece <ISP::jtag_scope_isp()+0xae>
    2eae:	60 91 db 60 	lds	r22, 0x60DB	; 0x8060db <packet+0x6>
/Users/askn/Develop/UPDI4AVR-USB/src/isp.cpp:336
      SYS::delay_2500us();
      PGCONF = 0;
      USART::setup();
    2eb2:	70 91 dc 60 	lds	r23, 0x60DC	; 0x8060dc <packet+0x7>
/Users/askn/Develop/UPDI4AVR-USB/src/isp.cpp:337
      USART::change_vcp();
    2eb6:	61 15       	cp	r22, r1
    2eb8:	71 05       	cpc	r23, r1
/Users/askn/Develop/UPDI4AVR-USB/src/isp.cpp:455
    else if (_rspsize == -1) {
      packet.in.isp.res = 0xC0; /* STATUS_CMD_FAILED */
      _rspsize = 1;
    }
    else {
      packet.in.isp.res = 0x00; /* STATUS_CMD_OK */
    2eba:	a1 f3       	breq	.-24     	; 0x2ea4 <ISP::jtag_scope_isp()+0x84>
    2ebc:	88 ee       	ldi	r24, 0xE8	; 232
    2ebe:	93 e0       	ldi	r25, 0x03	; 3
/Users/askn/Develop/UPDI4AVR-USB/src/isp.cpp:375
    }
    else if (_cmd == 0x11) {    /* CMD_LEAVE_PROGMODE_ISP */
      D1PRINTF(" ISP_CMD_LEAVE_PROGMODE\r\n");
      _rspsize = sign_off();
    }
    else if (_cmd == 0x1D) {    /* CMD_SET_SCK */
    2ec0:	0e 94 0f 20 	call	0x401e	; 0x401e <__udivmodhi4>
/Users/askn/Develop/UPDI4AVR-USB/src/isp.cpp:376
      uint16_t _data = packet.out.isp.wValue;
    2ec4:	60 93 52 63 	sts	0x6352, r22	; 0x806352 <_xclk>
    2ec8:	70 93 53 63 	sts	0x6353, r23	; 0x806353 <_xclk+0x1>
/Users/askn/Develop/UPDI4AVR-USB/src/isp.cpp:379
      D1PRINTF(" PIC_CMD_SET_SCK=%d\r\n", _data);
      /* This command sends microseconds. */
      if (_data > 0) _xclk = 1000 / _data;  /* convert us to kbps */
    2ecc:	eb cf       	rjmp	.-42     	; 0x2ea4 <ISP::jtag_scope_isp()+0x84>
    2ece:	8e 31       	cpi	r24, 0x1E	; 30
    2ed0:	59 f4       	brne	.+22     	; 0x2ee8 <ISP::jtag_scope_isp()+0xc8>
    2ed2:	80 91 52 63 	lds	r24, 0x6352	; 0x806352 <_xclk>
    2ed6:	90 91 53 63 	lds	r25, 0x6353	; 0x806353 <_xclk+0x1>
    2eda:	80 93 db 60 	sts	0x60DB, r24	; 0x8060db <packet+0x6>
    2ede:	90 93 dc 60 	sts	0x60DC, r25	; 0x8060dc <packet+0x7>
    2ee2:	82 e0       	ldi	r24, 0x02	; 2
/Users/askn/Develop/UPDI4AVR-USB/src/isp.cpp:383
      D1PRINTF(" XCLK=%d\r\n", _xclk);
      _rspsize = 0;
    }
    else if (_cmd == 0x1E) {    /* CMD_GET_SCK */
    2ee4:	90 e0       	ldi	r25, 0x00	; 0
    2ee6:	08 95       	ret
/Users/askn/Develop/UPDI4AVR-USB/src/isp.cpp:386
      D1PRINTF(" PIC_CMD_GET_SCK=%d\r\n", _xclk);
      /* This command gives a non-standard response. */
      packet.in.stk500v2.wValue = _xclk; /* kbps */
    2ee8:	f9 99       	sbic	0x1f, 1	; 31
    2eea:	02 c0       	rjmp	.+4      	; 0x2ef0 <ISP::jtag_scope_isp()+0xd0>
    2eec:	80 ec       	ldi	r24, 0xC0	; 192
    2eee:	a2 cf       	rjmp	.-188    	; 0x2e34 <ISP::jtag_scope_isp()+0x14>
    2ef0:	86 30       	cpi	r24, 0x06	; 6
    2ef2:	79 f4       	brne	.+30     	; 0x2f12 <ISP::jtag_scope_isp()+0xf2>
bswap32():
    2ef4:	60 91 db 60 	lds	r22, 0x60DB	; 0x8060db <packet+0x6>
/Users/askn/Develop/UPDI4AVR-USB/src/isp.cpp:389
      D1PRINTF(" PIC_RES L=2\r\n  ");
      D1PRINTHEX(&packet.in.stk500v2.data, 2, ':');
      return 2;
    2ef8:	70 91 dc 60 	lds	r23, 0x60DC	; 0x8060dc <packet+0x7>
/Users/askn/Develop/UPDI4AVR-USB/src/isp.cpp:443
      _rspsize = Timeout::command(&read_fuse_byte);
    }
    else {
      D1PRINTF(" ISP_CMD_?[%02X]\r\n", _cmd);
      packet.in.isp.res = 0xC9; /* STATUS_CMD_UNKNOWN */
      return 1;
    2efc:	80 91 dd 60 	lds	r24, 0x60DD	; 0x8060dd <packet+0x8>
/Users/askn/Develop/UPDI4AVR-USB/src/isp.cpp:391
      packet.in.stk500v2.wValue = _xclk; /* kbps */
      D1PRINTF(" PIC_RES L=2\r\n  ");
      D1PRINTHEX(&packet.in.stk500v2.data, 2, ':');
      return 2;
    }
    else if (bit_is_clear(PGCONF, PGCONF_PROG_bp)) {
    2f00:	90 91 de 60 	lds	r25, 0x60DE	; 0x8060de <packet+0x9>
/Users/askn/Develop/UPDI4AVR-USB/src/isp.cpp:451
    if (_rspsize == -2) {
      packet.in.isp.res = 0x80; /* STATUS_CMD_TOUT */
      _rspsize = 1;
    }
    else if (_rspsize == -1) {
      packet.in.isp.res = 0xC0; /* STATUS_CMD_FAILED */
    2f04:	0e 94 61 20 	call	0x40c2	; 0x40c2 <__bswapsi2>
_ZN3ISP14jtag_scope_ispEv():
/Users/askn/Develop/UPDI4AVR-USB/src/isp.cpp:396
    else if (bit_is_clear(PGCONF, PGCONF_PROG_bp)) {
      /* The steps below will not be executed unless
         program mode has been successfully entered. */
      _rspsize = -1;
    }
    else if (_cmd == 0x06) {    /* CMD_LOAD_ADDRESS */
    2f08:	60 93 b0 60 	sts	0x60B0, r22	; 0x8060b0 <ISP::_base_addr>
/Users/askn/Library/Arduino15/packages/MultiX-Zinnia/hardware/modernAVR/0.4.5/cores/modernAVR/api/cpp/btools.cpp:49
}

uint32_t bswap32 (uint32_t _dword) {
  return __builtin_bswap32(_dword);
    2f0c:	70 93 b1 60 	sts	0x60B1, r23	; 0x8060b1 <ISP::_base_addr+0x1>
    2f10:	c9 cf       	rjmp	.-110    	; 0x2ea4 <ISP::jtag_scope_isp()+0x84>
    2f12:	82 31       	cpi	r24, 0x12	; 18
    2f14:	39 f4       	brne	.+14     	; 0x2f24 <ISP::jtag_scope_isp()+0x104>
    2f16:	40 e2       	ldi	r20, 0x20	; 32
    2f18:	53 e0       	ldi	r21, 0x03	; 3
    2f1a:	70 e0       	ldi	r23, 0x00	; 0
    2f1c:	60 e0       	ldi	r22, 0x00	; 0
/Users/askn/Develop/UPDI4AVR-USB/src/isp.cpp:397
      _base_addr = bswap32(packet.out.isp.dwValue);
    2f1e:	8a e4       	ldi	r24, 0x4A	; 74
    2f20:	95 e1       	ldi	r25, 0x15	; 21
    2f22:	97 cf       	rjmp	.-210    	; 0x2e52 <ISP::jtag_scope_isp()+0x32>
    2f24:	83 31       	cpi	r24, 0x13	; 19
    2f26:	39 f4       	brne	.+14     	; 0x2f36 <ISP::jtag_scope_isp()+0x116>
/Users/askn/Develop/UPDI4AVR-USB/src/isp.cpp:401
      D1PRINTF(" ISP_CMD_LOAD_ADDRESS=$%04X\r\n", _base_addr);
      _rspsize = 0;
    }
    else if (_cmd == 0x12) {    /* CMD_CHIP_ERASE_ISP */
    2f28:	40 e2       	ldi	r20, 0x20	; 32
    2f2a:	53 e0       	ldi	r21, 0x03	; 3
/Users/askn/Develop/UPDI4AVR-USB/src/isp.cpp:403
      D1PRINTF(" ISP_CMD_CHIP_ERASE\r\n");
      _rspsize = Timeout::command(&chip_erase);
    2f2c:	70 e0       	ldi	r23, 0x00	; 0
    2f2e:	60 e0       	ldi	r22, 0x00	; 0
    2f30:	89 e5       	ldi	r24, 0x59	; 89
    2f32:	95 e1       	ldi	r25, 0x15	; 21
    2f34:	8e cf       	rjmp	.-228    	; 0x2e52 <ISP::jtag_scope_isp()+0x32>
    2f36:	84 31       	cpi	r24, 0x14	; 20
    2f38:	39 f4       	brne	.+14     	; 0x2f48 <ISP::jtag_scope_isp()+0x128>
/Users/askn/Develop/UPDI4AVR-USB/src/isp.cpp:405
    }
    else if (_cmd == 0x13) {    /* CMD_PROGRAM_FLASH_ISP */
    2f3a:	40 e2       	ldi	r20, 0x20	; 32
    2f3c:	53 e0       	ldi	r21, 0x03	; 3
/Users/askn/Develop/UPDI4AVR-USB/src/isp.cpp:407
      D1PRINTF(" ISP_CMD_PROGRAM_FLASH\r\n");
      _rspsize = Timeout::command(&write_flash);
    2f3e:	70 e0       	ldi	r23, 0x00	; 0
    2f40:	60 e0       	ldi	r22, 0x00	; 0
    2f42:	8c e8       	ldi	r24, 0x8C	; 140
    2f44:	94 e1       	ldi	r25, 0x14	; 20
    2f46:	85 cf       	rjmp	.-246    	; 0x2e52 <ISP::jtag_scope_isp()+0x32>
    2f48:	85 31       	cpi	r24, 0x15	; 21
    2f4a:	39 f4       	brne	.+14     	; 0x2f5a <ISP::jtag_scope_isp()+0x13a>
/Users/askn/Develop/UPDI4AVR-USB/src/isp.cpp:409
    }
    else if (_cmd == 0x14) {    /* CMD_READ_FLASH_ISP */
    2f4c:	40 e2       	ldi	r20, 0x20	; 32
    2f4e:	53 e0       	ldi	r21, 0x03	; 3
/Users/askn/Develop/UPDI4AVR-USB/src/isp.cpp:411
      D1PRINTF(" ISP_CMD_READ_FLASH\r\n");
      _rspsize = Timeout::command(&read_flash);
    2f50:	70 e0       	ldi	r23, 0x00	; 0
    2f52:	60 e0       	ldi	r22, 0x00	; 0
    2f54:	82 ee       	ldi	r24, 0xE2	; 226
    2f56:	95 e1       	ldi	r25, 0x15	; 21
    2f58:	7c cf       	rjmp	.-264    	; 0x2e52 <ISP::jtag_scope_isp()+0x32>
    2f5a:	86 31       	cpi	r24, 0x16	; 22
    2f5c:	39 f4       	brne	.+14     	; 0x2f6c <ISP::jtag_scope_isp()+0x14c>
/Users/askn/Develop/UPDI4AVR-USB/src/isp.cpp:413
    }
    else if (_cmd == 0x15) {    /* CMD_PROGRAM_EEPROM_ISP */
    2f5e:	40 e2       	ldi	r20, 0x20	; 32
    2f60:	53 e0       	ldi	r21, 0x03	; 3
/Users/askn/Develop/UPDI4AVR-USB/src/isp.cpp:415
      D1PRINTF(" ISP_CMD_PROGRAM_EEPROM\r\n");
      _rspsize = Timeout::command(&write_eeprom);
    2f62:	70 e0       	ldi	r23, 0x00	; 0
    2f64:	60 e0       	ldi	r22, 0x00	; 0
    2f66:	89 ee       	ldi	r24, 0xE9	; 233
    2f68:	94 e1       	ldi	r25, 0x14	; 20
    2f6a:	73 cf       	rjmp	.-282    	; 0x2e52 <ISP::jtag_scope_isp()+0x32>
    2f6c:	87 31       	cpi	r24, 0x17	; 23
    2f6e:	11 f0       	breq	.+4      	; 0x2f74 <ISP::jtag_scope_isp()+0x154>
/Users/askn/Develop/UPDI4AVR-USB/src/isp.cpp:417
    }
    else if (_cmd == 0x16) {    /* CMD_READ_EEPROM_ISP */
    2f70:	89 31       	cpi	r24, 0x19	; 25
    2f72:	f9 f4       	brne	.+62     	; 0x2fb2 <ISP::jtag_scope_isp()+0x192>
/Users/askn/Develop/UPDI4AVR-USB/src/isp.cpp:419
      D1PRINTF(" ISP_CMD_READ_EEPROM\r\n");
      _rspsize = Timeout::command(&read_memories);
    2f74:	40 e2       	ldi	r20, 0x20	; 32
    2f76:	53 e0       	ldi	r21, 0x03	; 3
    2f78:	70 e0       	ldi	r23, 0x00	; 0
    2f7a:	60 e0       	ldi	r22, 0x00	; 0
    2f7c:	84 ed       	ldi	r24, 0xD4	; 212
    2f7e:	9a e0       	ldi	r25, 0x0A	; 10
    2f80:	07 df       	rcall	.-498    	; 0x2d90 <Timeout::command(unsigned int (*)(), unsigned int (*)(), unsigned int)>
/Users/askn/Develop/UPDI4AVR-USB/src/isp.cpp:421
    }
    else if (_cmd == 0x17       /* CMD_PROGRAM_FUSE_ISP */
    2f82:	00 97       	sbiw	r24, 0x00	; 0
    2f84:	39 f1       	breq	.+78     	; 0x2fd4 <ISP::jtag_scope_isp()+0x1b4>
/Users/askn/Develop/UPDI4AVR-USB/src/isp.cpp:422
          || _cmd == 0x19) {    /* CMD_PROGRAM_LOCK_ISP */
    2f86:	8e 3f       	cpi	r24, 0xFE	; 254
    2f88:	2f ef       	ldi	r18, 0xFF	; 255
/Users/askn/Develop/UPDI4AVR-USB/src/isp.cpp:426
      D1PRINTF(" ISP_CMD_PROGRAM_%s\r\n",
        _cmd == 0x17 ? "FUSE" : "LOCK"
      );
      _rspsize = Timeout::command(&write_fuse_byte);
    2f8a:	92 07       	cpc	r25, r18
    2f8c:	09 f4       	brne	.+2      	; 0x2f90 <ISP::jtag_scope_isp()+0x170>
    2f8e:	51 cf       	rjmp	.-350    	; 0x2e32 <ISP::jtag_scope_isp()+0x12>
    2f90:	8f 3f       	cpi	r24, 0xFF	; 255
    2f92:	98 07       	cpc	r25, r24
    2f94:	09 f4       	brne	.+2      	; 0x2f98 <ISP::jtag_scope_isp()+0x178>
    2f96:	aa cf       	rjmp	.-172    	; 0x2eec <ISP::jtag_scope_isp()+0xcc>
    2f98:	10 92 db 60 	sts	0x60DB, r1	; 0x8060db <packet+0x6>
/Users/askn/Develop/UPDI4AVR-USB/src/isp.cpp:427
      if (_rspsize == 0) _rspsize = -3;
    2f9c:	18 16       	cp	r1, r24
/Users/askn/Develop/UPDI4AVR-USB/src/isp.cpp:446
      D1PRINTF(" ISP_CMD_?[%02X]\r\n", _cmd);
      packet.in.isp.res = 0xC9; /* STATUS_CMD_UNKNOWN */
      return 1;
    }

    if (_rspsize == -2) {
    2f9e:	19 06       	cpc	r1, r25
    2fa0:	14 f5       	brge	.+68     	; 0x2fe6 <ISP::jtag_scope_isp()+0x1c6>
    2fa2:	fc 01       	movw	r30, r24
    2fa4:	eb 52       	subi	r30, 0x2B	; 43
    2fa6:	ff 49       	sbci	r31, 0x9F	; 159
/Users/askn/Develop/UPDI4AVR-USB/src/isp.cpp:450
      packet.in.isp.res = 0x80; /* STATUS_CMD_TOUT */
      _rspsize = 1;
    }
    else if (_rspsize == -1) {
    2fa8:	17 82       	std	Z+7, r1	; 0x07
    2faa:	9c 01       	movw	r18, r24
    2fac:	2e 5f       	subi	r18, 0xFE	; 254
    2fae:	3f 4f       	sbci	r19, 0xFF	; 255
/Users/askn/Develop/UPDI4AVR-USB/src/isp.cpp:455
      packet.in.isp.res = 0xC0; /* STATUS_CMD_FAILED */
      _rspsize = 1;
    }
    else {
      packet.in.isp.res = 0x00; /* STATUS_CMD_OK */
    2fb0:	45 cf       	rjmp	.-374    	; 0x2e3c <ISP::jtag_scope_isp()+0x1c>
    2fb2:	88 31       	cpi	r24, 0x18	; 24
/Users/askn/Develop/UPDI4AVR-USB/src/isp.cpp:456
      if (_rspsize > 0) {
    2fb4:	19 f0       	breq	.+6      	; 0x2fbc <ISP::jtag_scope_isp()+0x19c>
    2fb6:	8a 51       	subi	r24, 0x1A	; 26
    2fb8:	83 30       	cpi	r24, 0x03	; 3
/Users/askn/Develop/UPDI4AVR-USB/src/isp.cpp:457
        packet.in.data[_rspsize] = 0;
    2fba:	38 f4       	brcc	.+14     	; 0x2fca <ISP::jtag_scope_isp()+0x1aa>
    2fbc:	40 e2       	ldi	r20, 0x20	; 32
    2fbe:	53 e0       	ldi	r21, 0x03	; 3
    2fc0:	70 e0       	ldi	r23, 0x00	; 0
/Users/askn/Develop/UPDI4AVR-USB/src/isp.cpp:458
        _rspsize += 2;
    2fc2:	60 e0       	ldi	r22, 0x00	; 0
    2fc4:	8a ed       	ldi	r24, 0xDA	; 218
    2fc6:	9a e0       	ldi	r25, 0x0A	; 10
    2fc8:	44 cf       	rjmp	.-376    	; 0x2e52 <ISP::jtag_scope_isp()+0x32>
/Users/askn/Develop/UPDI4AVR-USB/src/isp.cpp:429
        _cmd == 0x17 ? "FUSE" : "LOCK"
      );
      _rspsize = Timeout::command(&write_fuse_byte);
      if (_rspsize == 0) _rspsize = -3;
    }
    else if (_cmd == 0x18       /* CMD_READ_FUSE_ISP */
    2fca:	89 ec       	ldi	r24, 0xC9	; 201
    2fcc:	80 93 db 60 	sts	0x60DB, r24	; 0x8060db <packet+0x6>
/Users/askn/Develop/UPDI4AVR-USB/src/isp.cpp:430
          || _cmd == 0x1A       /* CMD_READ_LOCK_ISP */
    2fd0:	81 e0       	ldi	r24, 0x01	; 1
    2fd2:	88 cf       	rjmp	.-240    	; 0x2ee4 <ISP::jtag_scope_isp()+0xc4>
/Users/askn/Develop/UPDI4AVR-USB/src/isp.cpp:438
      D1PRINTF(" ISP_CMD_READ_%s\r\n",
        _cmd == 0x18 ? "FUSE" :
        _cmd == 0x1A ? "LOCK" :
        _cmd == 0x1B ? "SIGNATURE" : "OSCCAL"
      );
      _rspsize = Timeout::command(&read_fuse_byte);
    2fd4:	10 92 db 60 	sts	0x60DB, r1	; 0x8060db <packet+0x6>
    2fd8:	10 92 dc 60 	sts	0x60DC, r1	; 0x8060dc <packet+0x7>
    2fdc:	10 92 dd 60 	sts	0x60DD, r1	; 0x8060dd <packet+0x8>
    2fe0:	22 e0       	ldi	r18, 0x02	; 2
/Users/askn/Develop/UPDI4AVR-USB/src/isp.cpp:442
    }
    else {
      D1PRINTF(" ISP_CMD_?[%02X]\r\n", _cmd);
      packet.in.isp.res = 0xC9; /* STATUS_CMD_UNKNOWN */
    2fe2:	30 e0       	ldi	r19, 0x00	; 0
    2fe4:	2b cf       	rjmp	.-426    	; 0x2e3c <ISP::jtag_scope_isp()+0x1c>
    2fe6:	03 96       	adiw	r24, 0x03	; 3
/Users/askn/Develop/UPDI4AVR-USB/src/isp.cpp:443
      return 1;
    2fe8:	b9 f3       	breq	.-18     	; 0x2fd8 <ISP::jtag_scope_isp()+0x1b8>
    2fea:	26 cf       	rjmp	.-436    	; 0x2e38 <ISP::jtag_scope_isp()+0x18>

00002fec <__vector_24>:
__vector_24():
/Users/askn/Develop/UPDI4AVR-USB/src/isp.cpp:455
    else if (_rspsize == -1) {
      packet.in.isp.res = 0xC0; /* STATUS_CMD_FAILED */
      _rspsize = 1;
    }
    else {
      packet.in.isp.res = 0x00; /* STATUS_CMD_OK */
    2fec:	1f 92       	push	r1
    2fee:	0f 92       	push	r0
/Users/askn/Develop/UPDI4AVR-USB/src/isp.cpp:461
      if (_rspsize > 0) {
        packet.in.data[_rspsize] = 0;
        _rspsize += 2;
      }
      else if (_rspsize == -3) {/* PROGRAM_[FUSE|LOCK] only */
        packet.in.data[0] = 0;
    2ff0:	0f b6       	in	r0, 0x3f	; 63
    2ff2:	0f 92       	push	r0
/Users/askn/Develop/UPDI4AVR-USB/src/isp.cpp:462
        packet.in.data[1] = 0;
    2ff4:	11 24       	eor	r1, r1
    2ff6:	f7 9a       	sbi	0x1e, 7	; 30
/Users/askn/Develop/UPDI4AVR-USB/src/isp.cpp:463
        _rspsize = 2;
    2ff8:	0f 90       	pop	r0
    2ffa:	0f be       	out	0x3f, r0	; 63
    2ffc:	0f 90       	pop	r0
/Users/askn/Develop/UPDI4AVR-USB/src/isp.cpp:460
      packet.in.isp.res = 0x00; /* STATUS_CMD_OK */
      if (_rspsize > 0) {
        packet.in.data[_rspsize] = 0;
        _rspsize += 2;
      }
      else if (_rspsize == -3) {/* PROGRAM_[FUSE|LOCK] only */
    2ffe:	1f 90       	pop	r1
    3000:	18 95       	reti

00003002 <main>:
main():
    3002:	cf 93       	push	r28
/Users/askn/Develop/UPDI4AVR-USB/src/sys.cpp:447
};  /* SYS */

/*
 * SW0 Interrupt Vestor
 */
ISR(portIntrruptVector(PIN_SYS_SW0)) {
    3004:	df 93       	push	r29
    3006:	cd b7       	in	r28, 0x3d	; 61
    3008:	de b7       	in	r29, 0x3e	; 62
    300a:	25 97       	sbiw	r28, 0x05	; 5
    300c:	cd bf       	out	0x3d, r28	; 61
/Users/askn/Develop/UPDI4AVR-USB/src/sys.cpp:448
  bit_set(GPCONF, GPCONF_FAL_bp);
    300e:	de bf       	out	0x3e, r29	; 62
setup():
/Users/askn/Develop/UPDI4AVR-USB/src/sys.cpp:449
}
    3010:	67 e3       	ldi	r22, 0x37	; 55
    3012:	6c b9       	out	0x0c, r22	; 12
    3014:	63 9a       	sbi	0x0c, 3	; 12
    3016:	88 e0       	ldi	r24, 0x08	; 8
    3018:	80 93 12 04 	sts	0x0412, r24	; 0x800412 <__TEXT_REGION_LENGTH__+0x7f0412>
/Users/askn/Develop/UPDI4AVR-USB/src/HAL/AVRDU_CNANO.cpp:52
  #endif

    /* Pull-Up GPIO */
    /* Grouping consecutive lines that assign the same value results in shorter code. */
    pinControlRegister(PIN_VCP_TXD)      = PORT_PULLUPEN_bm;
    pinControlRegister(PIN_VCP_RXD)      = PORT_PULLUPEN_bm;
    301c:	80 93 13 04 	sts	0x0413, r24	; 0x800413 <__TEXT_REGION_LENGTH__+0x7f0413>
/Users/askn/Develop/UPDI4AVR-USB/src/HAL/AVRDU_CNANO.cpp:53
    pinControlRegister(PIN_PGM_TDAT)     = PORT_PULLUPEN_bm;
    3020:	80 93 10 04 	sts	0x0410, r24	; 0x800410 <__TEXT_REGION_LENGTH__+0x7f0410>
/Users/askn/Develop/UPDI4AVR-USB/src/HAL/AVRDU_CNANO.cpp:54
    pinControlRegister(PIN_PGM_TRST)     = PORT_PULLUPEN_bm | PORT_ISC_INPUT_DISABLE_gc;
    3024:	8c e0       	ldi	r24, 0x0C	; 12
    3026:	80 93 11 04 	sts	0x0411, r24	; 0x800411 <__TEXT_REGION_LENGTH__+0x7f0411>
/Users/askn/Develop/UPDI4AVR-USB/src/HAL/AVRDU_CNANO.cpp:55
    pinControlRegister(PIN_SYS_SW0)      = PORT_PULLUPEN_bm | PORT_ISC_FALLING_gc;
    302a:	8b e0       	ldi	r24, 0x0B	; 11
    302c:	80 93 b6 04 	sts	0x04B6, r24	; 0x8004b6 <__TEXT_REGION_LENGTH__+0x7f04b6>
/Users/askn/Develop/UPDI4AVR-USB/src/HAL/AVRDU_CNANO.cpp:56
    pinControlRegister(PIN_SYS_LED0)     = PORT_INVEN_bm    | PORT_ISC_INPUT_DISABLE_gc;
    3030:	84 e8       	ldi	r24, 0x84	; 132
    3032:	80 93 b2 04 	sts	0x04B2, r24	; 0x8004b2 <__TEXT_REGION_LENGTH__+0x7f04b2>
/Users/askn/Develop/UPDI4AVR-USB/src/HAL/AVRDU_CNANO.cpp:57
    pinControlRegister(PIN_HVC_CHGPUMP1) = PORT_INVEN_bm    | PORT_ISC_INPUT_DISABLE_gc;
    3036:	80 93 74 04 	sts	0x0474, r24	; 0x800474 <__TEXT_REGION_LENGTH__+0x7f0474>
/Users/askn/Develop/UPDI4AVR-USB/src/HAL/AVRDU_CNANO.cpp:62
    /* LED0=PF2 on the Curiosity Nano board uses negative logic. */
    /* Assume that LED1=PF3 is positive logic. */

    /* PORTx event generator */
    portRegister(PIN_VCP_RXD).EVGENCTRLA = pinPosition(PIN_VCP_RXD)         /* EVG0 */
    303a:	83 e2       	ldi	r24, 0x23	; 35
    303c:	80 93 18 04 	sts	0x0418, r24	; 0x800418 <__TEXT_REGION_LENGTH__+0x7f0418>
/Users/askn/Develop/UPDI4AVR-USB/src/HAL/AVRDU_CNANO.cpp:66
                                         | pinPosition(PIN_VCP_TXD) << 4;   /* EVG1 */

    /*** Port Multiplexer ***/
    PORTMUX_TCAROUTEA     = PORTMUX_TCA0_PORTD_gc;          /* TCA0_WOn_ALT3 -> PORTD */
    3040:	93 e0       	ldi	r25, 0x03	; 3
    3042:	90 93 e7 05 	sts	0x05E7, r25	; 0x8005e7 <__TEXT_REGION_LENGTH__+0x7f05e7>
/Users/askn/Develop/UPDI4AVR-USB/src/HAL/AVRDU_CNANO.cpp:69

    /*** Event System ***/
    EVSYS_CHANNEL1        = EVSYS_CHANNEL_RTC_EVGEN1_gc;    /* 128Hz periodic. */
    3046:	89 e0       	ldi	r24, 0x09	; 9
    3048:	80 93 11 02 	sts	0x0211, r24	; 0x800211 <__TEXT_REGION_LENGTH__+0x7f0211>
/Users/askn/Develop/UPDI4AVR-USB/src/HAL/AVRDU_CNANO.cpp:70
    EVSYS_CHANNEL2        = EVSYS_CHANNEL_CCL_LUT1_gc;      /* <- Indicator */
    304c:	81 e1       	ldi	r24, 0x11	; 17
    304e:	80 93 12 02 	sts	0x0212, r24	; 0x800212 <__TEXT_REGION_LENGTH__+0x7f0212>
/Users/askn/Develop/UPDI4AVR-USB/src/HAL/AVRDU_CNANO.cpp:71
    EVSYS_CHANNEL3        = EVSYS_CHANNEL_CCL_LUT2_gc;      /* <- LED0 */
    3052:	82 e1       	ldi	r24, 0x12	; 18
    3054:	80 93 13 02 	sts	0x0213, r24	; 0x800213 <__TEXT_REGION_LENGTH__+0x7f0213>
/Users/askn/Develop/UPDI4AVR-USB/src/HAL/AVRDU_CNANO.cpp:72
    EVSYS_CHANNEL4        = EVSYS_CHANNEL_PORTX_EVGEN0(PIN_VCP_RXD);  /* <- VRxD */
    3058:	80 e4       	ldi	r24, 0x40	; 64
    305a:	80 93 14 02 	sts	0x0214, r24	; 0x800214 <__TEXT_REGION_LENGTH__+0x7f0214>
/Users/askn/Develop/UPDI4AVR-USB/src/HAL/AVRDU_CNANO.cpp:73
    EVSYS_CHANNEL5        = EVSYS_CHANNEL_PORTX_EVGEN1(PIN_VCP_TXD);  /* <- VTxD */
    305e:	71 e4       	ldi	r23, 0x41	; 65
    3060:	70 93 15 02 	sts	0x0215, r23	; 0x800215 <__TEXT_REGION_LENGTH__+0x7f0215>
/Users/askn/Develop/UPDI4AVR-USB/src/HAL/AVRDU_CNANO.cpp:75

    EVSYS_USEREVSYSEVOUTF = EVSYS_USER_CHANNEL3_gc;         /* LED0 -> EVOUTF:PIN_PF2 */
    3064:	54 e0       	ldi	r21, 0x04	; 4
    3066:	50 93 2b 02 	sts	0x022B, r21	; 0x80022b <__TEXT_REGION_LENGTH__+0x7f022b>
/Users/askn/Develop/UPDI4AVR-USB/src/HAL/AVRDU_CNANO.cpp:77

    EVSYS_USERCCLLUT1A    = EVSYS_USER_CHANNEL4_gc;         /* <- VRxD */
    306a:	25 e0       	ldi	r18, 0x05	; 5
    306c:	20 93 22 02 	sts	0x0222, r18	; 0x800222 <__TEXT_REGION_LENGTH__+0x7f0222>
/Users/askn/Develop/UPDI4AVR-USB/src/HAL/AVRDU_CNANO.cpp:78
    EVSYS_USERCCLLUT3A    = EVSYS_USER_CHANNEL4_gc;         /* <- VRxD */
    3070:	20 93 26 02 	sts	0x0226, r18	; 0x800226 <__TEXT_REGION_LENGTH__+0x7f0226>
/Users/askn/Develop/UPDI4AVR-USB/src/HAL/AVRDU_CNANO.cpp:79
    EVSYS_USERCCLLUT3B    = EVSYS_USER_CHANNEL5_gc;         /* <- VTxD */
    3074:	36 e0       	ldi	r19, 0x06	; 6
    3076:	30 93 27 02 	sts	0x0227, r19	; 0x800227 <__TEXT_REGION_LENGTH__+0x7f0227>
/Users/askn/Develop/UPDI4AVR-USB/src/HAL/AVRDU_CNANO.cpp:81

    EVSYS_USERTCB1CAPT    = EVSYS_USER_CHANNEL2_gc;         /* TCB1_CAPT <- Strobe */
    307a:	90 93 32 02 	sts	0x0232, r25	; 0x800232 <__TEXT_REGION_LENGTH__+0x7f0232>
/Users/askn/Develop/UPDI4AVR-USB/src/HAL/AVRDU_CNANO.cpp:82
    EVSYS_USERTCB0COUNT   = EVSYS_USER_CHANNEL1_gc;         /* <- 128Hz */
    307e:	42 e0       	ldi	r20, 0x02	; 2
    3080:	40 93 31 02 	sts	0x0231, r20	; 0x800231 <__TEXT_REGION_LENGTH__+0x7f0231>
/Users/askn/Develop/UPDI4AVR-USB/src/HAL/AVRDU_CNANO.cpp:85

    /*** CCL1 : VCP Indicator ***/
    CCL_TRUTH1    = CCL_TRUTH_0_bm | CCL_TRUTH_1_bm;
    3084:	90 93 cf 01 	sts	0x01CF, r25	; 0x8001cf <__TEXT_REGION_LENGTH__+0x7f01cf>
/Users/askn/Develop/UPDI4AVR-USB/src/HAL/AVRDU_CNANO.cpp:86
    CCL_LUT1CTRLB = CCL_INSEL0_USART0_gc                    /* <- UART_TX */
    3088:	60 93 cd 01 	sts	0x01CD, r22	; 0x8001cd <__TEXT_REGION_LENGTH__+0x7f01cd>
/Users/askn/Develop/UPDI4AVR-USB/src/HAL/AVRDU_CNANO.cpp:88
                  | CCL_INSEL1_EVENTA_gc;                   /* <- EVS_CH4 : VRxD */
    CCL_LUT1CTRLA = CCL_ENABLE_bm;
    308c:	81 e0       	ldi	r24, 0x01	; 1
    308e:	80 93 cc 01 	sts	0x01CC, r24	; 0x8001cc <__TEXT_REGION_LENGTH__+0x7f01cc>
/Users/askn/Develop/UPDI4AVR-USB/src/HAL/AVRDU_CNANO.cpp:92

    /*** CCL3 : LED1 (PF3) generator ***/
    /* Do not turn on; 0, 3 */
    CCL_TRUTH3    = ~(CCL_TRUTH_0_bm | CCL_TRUTH_3_bm);
    3092:	66 ef       	ldi	r22, 0xF6	; 246
    3094:	60 93 d7 01 	sts	0x01D7, r22	; 0x8001d7 <__TEXT_REGION_LENGTH__+0x7f01d7>
/Users/askn/Develop/UPDI4AVR-USB/src/HAL/AVRDU_CNANO.cpp:93
    CCL_LUT3CTRLC = CCL_INSEL2_TCB1_gc;                     /* <- TCB1_WO */
    3098:	6a e0       	ldi	r22, 0x0A	; 10
    309a:	60 93 d6 01 	sts	0x01D6, r22	; 0x8001d6 <__TEXT_REGION_LENGTH__+0x7f01d6>
/Users/askn/Develop/UPDI4AVR-USB/src/HAL/AVRDU_CNANO.cpp:94
    CCL_LUT3CTRLB = CCL_INSEL1_EVENTB_gc                    /* <- EVS_CH5 : VTxD */
    309e:	e3 e4       	ldi	r30, 0x43	; 67
    30a0:	e0 93 d5 01 	sts	0x01D5, r30	; 0x8001d5 <__TEXT_REGION_LENGTH__+0x7f01d5>
/Users/askn/Develop/UPDI4AVR-USB/src/HAL/AVRDU_CNANO.cpp:96
                  | CCL_INSEL0_EVENTA_gc;                   /* <- EVS_CH4 : VRxD */
    CCL_LUT3CTRLA = CCL_ENABLE_bm | CCL_OUTEN_bm;           /* -> PIN_PF3 */
    30a4:	70 93 d4 01 	sts	0x01D4, r23	; 0x8001d4 <__TEXT_REGION_LENGTH__+0x7f01d4>
/Users/askn/Develop/UPDI4AVR-USB/src/HAL/AVRDU_CNANO.cpp:99

    /*** CCL2 : LED0 (PF2:ORANGE) Heart-Beat generator ***/
    CCL_TRUTH2    = CCL_TRUTH_1_bm | CCL_TRUTH_2_bm;
    30a8:	30 93 d3 01 	sts	0x01D3, r19	; 0x8001d3 <__TEXT_REGION_LENGTH__+0x7f01d3>
/Users/askn/Develop/UPDI4AVR-USB/src/HAL/AVRDU_CNANO.cpp:100
    CCL_LUT2CTRLC = CCL_INSEL2_TCB1_gc;                     /* <- TCB1_WO */
    30ac:	60 93 d2 01 	sts	0x01D2, r22	; 0x8001d2 <__TEXT_REGION_LENGTH__+0x7f01d2>
/Users/askn/Develop/UPDI4AVR-USB/src/HAL/AVRDU_CNANO.cpp:101
    CCL_LUT2CTRLB = CCL_INSEL1_TCA0_gc                      /* <- TCA0_WO1 */
    30b0:	6a e9       	ldi	r22, 0x9A	; 154
    30b2:	60 93 d1 01 	sts	0x01D1, r22	; 0x8001d1 <__TEXT_REGION_LENGTH__+0x7f01d1>
/Users/askn/Develop/UPDI4AVR-USB/src/HAL/AVRDU_CNANO.cpp:103
                  | CCL_INSEL0_TCB0_gc;                     /* <- TCB0_WO */
    CCL_LUT2CTRLA = CCL_ENABLE_bm;                          /* -> EVS_CH3 */
    30b6:	80 93 d0 01 	sts	0x01D0, r24	; 0x8001d0 <__TEXT_REGION_LENGTH__+0x7f01d0>
/Users/askn/Develop/UPDI4AVR-USB/src/HAL/AVRDU_CNANO.cpp:107

    /*** CCL enable ***/
    /* One of the CCL's is the LED output control. */
    CCL_CTRLA = CCL_ENABLE_bm;
    30ba:	80 93 c0 01 	sts	0x01C0, r24	; 0x8001c0 <__TEXT_REGION_LENGTH__+0x7f01c0>
/Users/askn/Develop/UPDI4AVR-USB/src/HAL/AVRDU_CNANO.cpp:120
     * WO2 : UPDI Bit-banging
     * WO3 : reserved
     * WO4 : Charge-pump output-1 (negative)
     * WO5 : Charge-pump output-2 (positive)
     */
    TCA0_SPLIT_CTRLD = TCA_SPLIT_SPLITM_bm;
    30be:	80 93 03 0a 	sts	0x0A03, r24	; 0x800a03 <__TEXT_REGION_LENGTH__+0x7f0a03>
/Users/askn/Develop/UPDI4AVR-USB/src/HAL/AVRDU_CNANO.cpp:121
    TCA0_SPLIT_LCMP2 = F_CPU / 125000  / 2; /* TCA0_WO2 */
    30c2:	60 e5       	ldi	r22, 0x50	; 80
    30c4:	60 93 2c 0a 	sts	0x0A2C, r22	; 0x800a2c <__TEXT_REGION_LENGTH__+0x7f0a2c>
/Users/askn/Develop/UPDI4AVR-USB/src/HAL/AVRDU_CNANO.cpp:122
    TCA0_SPLIT_HCMP1 = F_CPU / HVC_CLK / 2; /* TCA0_WO4 */
    30c8:	40 93 2b 0a 	sts	0x0A2B, r20	; 0x800a2b <__TEXT_REGION_LENGTH__+0x7f0a2b>
/Users/askn/Develop/UPDI4AVR-USB/src/HAL/AVRDU_CNANO.cpp:123
    TCA0_SPLIT_HCMP2 = F_CPU / HVC_CLK / 2; /* TCA0_WO5 */
    30cc:	40 93 2d 0a 	sts	0x0A2D, r20	; 0x800a2d <__TEXT_REGION_LENGTH__+0x7f0a2d>
/Users/askn/Develop/UPDI4AVR-USB/src/HAL/AVRDU_CNANO.cpp:124
    TCA0_SPLIT_HPER = (F_CPU / HVC_CLK) - 1;
    30d0:	90 93 27 0a 	sts	0x0A27, r25	; 0x800a27 <__TEXT_REGION_LENGTH__+0x7f0a27>
/Users/askn/Develop/UPDI4AVR-USB/src/HAL/AVRDU_CNANO.cpp:127

    /*** TCB0 ***/
    TCB0_CTRLB = TCB_CNTMODE_PWM8_gc;
    30d4:	47 e0       	ldi	r20, 0x07	; 7
    30d6:	40 93 01 0b 	sts	0x0B01, r20	; 0x800b01 <__TEXT_REGION_LENGTH__+0x7f0b01>
/Users/askn/Develop/UPDI4AVR-USB/src/HAL/AVRDU_CNANO.cpp:131

    /*** TCB1 ***/
    /* TCB1 is used to control the LED1 blinking rate. */
    TCB1_CCMP   = TM_VCPBL;
    30da:	63 ec       	ldi	r22, 0xC3	; 195
    30dc:	74 e0       	ldi	r23, 0x04	; 4
    30de:	60 93 1c 0b 	sts	0x0B1C, r22	; 0x800b1c <__TEXT_REGION_LENGTH__+0x7f0b1c>
    30e2:	70 93 1d 0b 	sts	0x0B1D, r23	; 0x800b1d <__TEXT_REGION_LENGTH__+0x7f0b1d>
/Users/askn/Develop/UPDI4AVR-USB/src/HAL/AVRDU_CNANO.cpp:132
    TCB1_EVCTRL = TCB_CAPTEI_bm;
    30e6:	80 93 14 0b 	sts	0x0B14, r24	; 0x800b14 <__TEXT_REGION_LENGTH__+0x7f0b14>
/Users/askn/Develop/UPDI4AVR-USB/src/HAL/AVRDU_CNANO.cpp:133
    TCB1_CTRLB  = TCB_CNTMODE_SINGLE_gc;
    30ea:	30 93 11 0b 	sts	0x0B11, r19	; 0x800b11 <__TEXT_REGION_LENGTH__+0x7f0b11>
/Users/askn/Develop/UPDI4AVR-USB/src/HAL/AVRDU_CNANO.cpp:134
    TCB1_CTRLA  = TCB_ENABLE_bm | TCB_CLKSEL_TCA0_gc;
    30ee:	20 93 10 0b 	sts	0x0B10, r18	; 0x800b10 <__TEXT_REGION_LENGTH__+0x7f0b10>
/Users/askn/Develop/UPDI4AVR-USB/src/HAL/AVRDU_CNANO.cpp:138

    /*** PIT and RTC ***/
    /* EVG0 <- 1024Hz (32768/32) : EVG1 <- 128Hz (32768/256) */
    RTC_PITEVGENCTRLA = RTC_EVGEN0SEL_DIV32_gc | RTC_EVGEN1SEL_DIV256_gc;
    30f2:	24 e7       	ldi	r18, 0x74	; 116
    30f4:	20 93 56 01 	sts	0x0156, r18	; 0x800156 <__TEXT_REGION_LENGTH__+0x7f0156>
/Users/askn/Develop/UPDI4AVR-USB/src/HAL/AVRDU_CNANO.cpp:139
    RTC_PITCTRLA = RTC_PITEN_bm;
    30f8:	80 93 50 01 	sts	0x0150, r24	; 0x800150 <__TEXT_REGION_LENGTH__+0x7f0150>
/Users/askn/Develop/UPDI4AVR-USB/src/HAL/AVRDU_CNANO.cpp:142

    /* Drive a 1024Hz counter for RTC_CNT */
    RTC_CTRLA = RTC_RTCEN_bm | RTC_PRESCALER_DIV32_gc;
    30fc:	29 e2       	ldi	r18, 0x29	; 41
    30fe:	20 93 40 01 	sts	0x0140, r18	; 0x800140 <__TEXT_REGION_LENGTH__+0x7f0140>
setup_adc():
/Users/askn/Develop/UPDI4AVR-USB/src/sys.cpp:378
   * A delay of 1250us is required for the voltage to stabilize.
   * The result is 10-bit, so multiply by 10.0 to convert to 1V * 0.0001.
   * The ADC0 peripheral is operational only during voltage measurements.
   */
  void setup_adc (void) {
    CLKCTRL_MCLKTIMEBASE = F_CPU / 1000000.0;
    3102:	24 e1       	ldi	r18, 0x14	; 20
    3104:	20 93 66 00 	sts	0x0066, r18	; 0x800066 <__TEXT_REGION_LENGTH__+0x7f0066>
/Users/askn/Develop/UPDI4AVR-USB/src/sys.cpp:379
    ADC0_CTRLA = ADC_ENABLE_bm;
    3108:	80 93 00 06 	sts	0x0600, r24	; 0x800600 <__TEXT_REGION_LENGTH__+0x7f0600>
/Users/askn/Develop/UPDI4AVR-USB/src/sys.cpp:380
    ADC0_CTRLB = ADC_PRESC_DIV8_gc;
    310c:	90 93 01 06 	sts	0x0601, r25	; 0x800601 <__TEXT_REGION_LENGTH__+0x7f0601>
/Users/askn/Develop/UPDI4AVR-USB/src/sys.cpp:381
    ADC0_CTRLC = ADC_REFSEL_1V024_gc;
    3110:	50 93 02 06 	sts	0x0602, r21	; 0x800602 <__TEXT_REGION_LENGTH__+0x7f0602>
/Users/askn/Develop/UPDI4AVR-USB/src/sys.cpp:382
    ADC0_CTRLE = 250; /* (SAMPDUR + 0.5) * fCLK_ADC sample duration */
    3114:	8a ef       	ldi	r24, 0xFA	; 250
    3116:	80 93 04 06 	sts	0x0604, r24	; 0x800604 <__TEXT_REGION_LENGTH__+0x7f0604>
/Users/askn/Develop/UPDI4AVR-USB/src/sys.cpp:383
    ADC0_CTRLF = ADC_SAMPNUM_ACC8_gc;
    311a:	90 93 05 06 	sts	0x0605, r25	; 0x800605 <__TEXT_REGION_LENGTH__+0x7f0605>
/Users/askn/Develop/UPDI4AVR-USB/src/sys.cpp:384
    ADC0_MUXPOS = ADC_MUXPOS_VDDDIV10_gc; /* ADC channel VDD * 0.1 */
    311e:	84 e4       	ldi	r24, 0x44	; 68
    3120:	80 93 0b 06 	sts	0x060B, r24	; 0x80060b <__TEXT_REGION_LENGTH__+0x7f060b>
/Users/askn/Develop/UPDI4AVR-USB/src/sys.cpp:385
    loop_until_bit_is_clear(ADC0_STATUS, ADC_ADCBUSY_bp);
    3124:	80 91 08 06 	lds	r24, 0x0608	; 0x800608 <__TEXT_REGION_LENGTH__+0x7f0608>
    3128:	80 fd       	sbrc	r24, 0
    312a:	fc cf       	rjmp	.-8      	; 0x3124 <main+0x122>
/Users/askn/Develop/UPDI4AVR-USB/src/sys.cpp:386
    ADC0_COMMAND = ADC_MODE_BURST_gc;
    312c:	80 e3       	ldi	r24, 0x30	; 48
    312e:	80 93 0a 06 	sts	0x060A, r24	; 0x80060a <__TEXT_REGION_LENGTH__+0x7f060a>
/Users/askn/Develop/UPDI4AVR-USB/src/sys.cpp:387
    get_vdd();
    3132:	0e 94 50 05 	call	0xaa0	; 0xaa0 <SYS::get_vdd()>
main():
/Users/askn/Develop/UPDI4AVR-USB/src/main.cpp:95
}

int main (void) {

  SYS::setup();
  SYS::LED_Flash();
    3136:	0e 94 9c 05 	call	0xb38	; 0xb38 <SYS::LED_Flash()>
/Users/askn/Develop/UPDI4AVR-USB/src/main.cpp:108
  D1PRINTF("__AVR_ARCH__=%d\r\n", __AVR_ARCH__);
  D1PRINTF("HAL_PROFILE=" HAL_PROFILE "\r\n");
  DFLUSH();
#endif

  USART::setup();
    313a:	0e 94 42 0b 	call	0x1684	; 0x1684 <USART::setup()>
/Users/askn/Develop/UPDI4AVR-USB/src/main.cpp:110

  _PROTECTED_WRITE(WDT_CTRLA, WDT_PERIOD_1KCLK_gc);
    313e:	88 ed       	ldi	r24, 0xD8	; 216
    3140:	98 e0       	ldi	r25, 0x08	; 8
    3142:	84 bf       	out	0x34, r24	; 52
    3144:	90 93 00 01 	sts	0x0100, r25	; 0x800100 <__TEXT_REGION_LENGTH__+0x7f0100>
/Users/askn/Develop/UPDI4AVR-USB/src/main.cpp:114

#if defined(PIN_SYS_SW0)
  /* Clear the dirty flag before enabling interrupts. */
  vportRegister(PIN_SYS_SW0).INTFLAGS = ~0;
    3148:	8f ef       	ldi	r24, 0xFF	; 255
    314a:	87 bb       	out	0x17, r24	; 23
/Users/askn/Develop/UPDI4AVR-USB/src/main.cpp:115
  CCL_INTFLAGS = ~0;
    314c:	80 93 c7 01 	sts	0x01C7, r24	; 0x8001c7 <__TEXT_REGION_LENGTH__+0x7f01c7>
/Users/askn/Develop/UPDI4AVR-USB/src/main.cpp:118
#endif

  interrupts();
    3150:	78 94       	sei
/Users/askn/Develop/UPDI4AVR-USB/src/main.cpp:122

#if !defined(PIN_SYS_VDETECT)
  /* If you do not use VBD, insert the shortest possible delay instead. */
  Timeout::delay_rtc_millis(250);
    3152:	8a ef       	ldi	r24, 0xFA	; 250
    3154:	90 e0       	ldi	r25, 0x00	; 0
    3156:	8a dc       	rcall	.-1772   	; 0x2a6c <Timeout::delay_rtc_millis(unsigned int)>
setup_device():
/Users/askn/Develop/UPDI4AVR-USB/src/usb.cpp:237
    EP_MEM.cci_header.wLength       = 2;
    EP_MEM.cci_wValue               = _state;
  }

  void setup_device (bool _force) {
    if (_led_mode != 3) SYS::LED_Flash();
    3158:	80 91 50 63 	lds	r24, 0x6350	; 0x806350 <_led_mode>
    315c:	83 30       	cpi	r24, 0x03	; 3
    315e:	11 f0       	breq	.+4      	; 0x3164 <main+0x162>
    3160:	0e 94 9c 05 	call	0xb38	; 0xb38 <SYS::LED_Flash()>
/Users/askn/Develop/UPDI4AVR-USB/src/usb.cpp:238
    USB0_ADDR = 0;
    3164:	10 92 03 0c 	sts	0x0C03, r1	; 0x800c03 <__TEXT_REGION_LENGTH__+0x7f0c03>
/Users/askn/Develop/UPDI4AVR-USB/src/usb.cpp:239
    if (USB0_CTRLA || _force) {
    3168:	80 91 00 0c 	lds	r24, 0x0C00	; 0x800c00 <__TEXT_REGION_LENGTH__+0x7f0c00>
    316c:	0e 94 eb 0a 	call	0x15d6	; 0x15d6 <USB::setup_device(bool) [clone .part.2]>
main():
/Users/askn/Develop/UPDI4AVR-USB/src/main.cpp:128
  USB::setup_device(true);
#endif

  /* From here on, it's an endless loop. */
  D1PRINTF("<WAITING>\r\n");
  bool _wdt = true;
    3170:	ff 24       	eor	r15, r15
    3172:	f3 94       	inc	r15
request_class():
/Users/askn/Develop/UPDI4AVR-USB/src/usb.cpp:611
    else if (bRequest == 0x21) {  /* GET_LINE_ENCODING */
      memcpy(&EP_MEM.res_encoding, &_set_line_encoding, sizeof(LineEncoding_t));
      if (EP_MEM.res_encoding.dwDTERate == 0) {
        /* Parameters that, if incorrectly accepted,           */
        /* would result in division by zero must be corrected. */
        EP_MEM.res_encoding.dwDTERate = 9600UL;
    3174:	b0 e8       	ldi	r27, 0x80	; 128
    3176:	8b 2e       	mov	r8, r27
    3178:	b5 e2       	ldi	r27, 0x25	; 37
    317a:	9b 2e       	mov	r9, r27
    317c:	a1 2c       	mov	r10, r1
    317e:	b1 2c       	mov	r11, r1
request_standard():
/Users/askn/Develop/UPDI4AVR-USB/src/usb.cpp:566
    }
    else if (bRequest == 0x0A) {  /* GET_INTREFACE */
      /* It seems not to be used. */
      D1PRINTF("<SI:0>\r\n");
      EP_MEM.res_data[0] = 0;
      EP_RES.CNT = 1;
    3180:	cc 24       	eor	r12, r12
    3182:	c3 94       	inc	r12
    3184:	d1 2c       	mov	r13, r1
main():
/Users/askn/Develop/UPDI4AVR-USB/src/usb.cpp:171
      _pgmem = (uint8_t*)&current_descriptor;
      _size = sizeof(current_descriptor);
    }
    else if (_type == 0x06) {     /* QUALIFIER */
      _pgmem = (uint8_t*)&qualifier_descriptor;
      _size = sizeof(qualifier_descriptor);
    3186:	0a e0       	ldi	r16, 0x0A	; 10
    3188:	40 2e       	mov	r4, r16
    318a:	51 2c       	mov	r5, r1
    318c:	3e 01       	movw	r6, r28
    318e:	25 e0       	ldi	r18, 0x05	; 5
    3190:	62 0e       	add	r6, r18
    3192:	71 1c       	adc	r7, r1
/Users/askn/Develop/UPDI4AVR-USB/src/main.cpp:130
  while (true) {
    if (_wdt) wdt_reset();
    3194:	ff 20       	and	r15, r15
    3196:	19 f0       	breq	.+6      	; 0x319e <main+0x19c>
    3198:	a8 95       	wdr
    319a:	ff 24       	eor	r15, r15
    319c:	f3 94       	inc	r15
handling_bus_events():
/Users/askn/Develop/UPDI4AVR-USB/src/usb.cpp:674

  /*** This process is equivalent to a bus interrupt. ***/
  /* The reason for using polling is to prioritize VCP performance. */
  /* The trade-off is that power standby is not available. */
  void handling_bus_events (void) {
    uint8_t busstate = USB0_INTFLAGSA;
    319e:	10 91 0a 0c 	lds	r17, 0x0C0A	; 0x800c0a <__TEXT_REGION_LENGTH__+0x7f0c0a>
/Users/askn/Develop/UPDI4AVR-USB/src/usb.cpp:675
    USB0_INTFLAGSA = busstate;
    31a2:	10 93 0a 0c 	sts	0x0C0A, r17	; 0x800c0a <__TEXT_REGION_LENGTH__+0x7f0c0a>
/Users/askn/Develop/UPDI4AVR-USB/src/usb.cpp:701
    }
    if (bit_is_set(busstate, USB_RESUME_bp)) {
      D1PRINTF("<RESUME:%04X>\r\n", USB0_ADDR);
    }
  #endif
    if (bit_is_set(busstate, USB_SOF_bp)) {
    31a6:	17 ff       	sbrs	r17, 7
    31a8:	14 c0       	rjmp	.+40     	; 0x31d2 <main+0x1d0>
/Users/askn/Develop/UPDI4AVR-USB/src/usb.cpp:703
      /* If there is deferred data for a block transfer, it is sent here. */
      if (_sof_count > 0 && 0 == (--_sof_count)) {
    31aa:	80 91 6c 64 	lds	r24, 0x646C	; 0x80646c <_sof_count>
    31ae:	88 23       	and	r24, r24
    31b0:	81 f0       	breq	.+32     	; 0x31d2 <main+0x1d0>
    31b2:	80 91 6c 64 	lds	r24, 0x646C	; 0x80646c <_sof_count>
    31b6:	81 50       	subi	r24, 0x01	; 1
    31b8:	80 93 6c 64 	sts	0x646C, r24	; 0x80646c <_sof_count>
    31bc:	81 11       	cpse	r24, r1
    31be:	09 c0       	rjmp	.+18     	; 0x31d2 <main+0x1d0>
/Users/askn/Develop/UPDI4AVR-USB/src/usb.cpp:704
        if (bit_is_set(EP_CDI.STATUS, USB_BUSNAK_bp) && _send_count > 0) {
    31c0:	80 91 b2 64 	lds	r24, 0x64B2	; 0x8064b2 <EP_TABLE+0x40>
    31c4:	81 ff       	sbrs	r24, 1
    31c6:	05 c0       	rjmp	.+10     	; 0x31d2 <main+0x1d0>
    31c8:	80 91 6f 64 	lds	r24, 0x646F	; 0x80646f <_send_count>
    31cc:	81 11       	cpse	r24, r1
/Users/askn/Develop/UPDI4AVR-USB/src/usb.cpp:705
          ep_cdi_listen();
    31ce:	0e 94 d4 01 	call	0x3a8	; 0x3a8 <USB::ep_cdi_listen()>
/Users/askn/Develop/UPDI4AVR-USB/src/usb.cpp:710
        }
      }
    }
    if (bit_is_set(busstate, USB_SUSPEND_bp)
     || bit_is_set(busstate, USB_RESUME_bp)) {
    31d2:	81 2f       	mov	r24, r17
    31d4:	80 76       	andi	r24, 0x60	; 96
    31d6:	d9 f0       	breq	.+54     	; 0x320e <main+0x20c>
/Users/askn/Develop/UPDI4AVR-USB/src/usb.cpp:713
      /* This implementation does not transition to power saving mode. */
      /* This is only passed when the USB cable is unplugged. */
      if (bit_is_set(GPCONF, GPCONF_USB_bp)) {
    31d8:	f0 9b       	sbis	0x1e, 0	; 30
    31da:	18 c0       	rjmp	.+48     	; 0x320c <main+0x20a>
usb_detach():
/Users/askn/Develop/UPDI4AVR-USB/src/usb.cpp:259
      USB0_CTRLA = USB_ENABLE_bm | (USB_ENDPOINTS_MAX - 1);
    }
  }

  void usb_detach (void) {
    bit_clear(USB0_CTRLB, USB_ATTACH_bp);
    31dc:	80 91 01 0c 	lds	r24, 0x0C01	; 0x800c01 <__TEXT_REGION_LENGTH__+0x7f0c01>
    31e0:	8e 7f       	andi	r24, 0xFE	; 254
    31e2:	80 93 01 0c 	sts	0x0C01, r24	; 0x800c01 <__TEXT_REGION_LENGTH__+0x7f0c01>
/Users/askn/Develop/UPDI4AVR-USB/src/usb.cpp:260
    bit_clear(GPCONF, GPCONF_USB_bp);
    31e6:	f0 98       	cbi	0x1e, 0	; 30
/Users/askn/Develop/UPDI4AVR-USB/src/usb.cpp:261
    wdt_reset();
    31e8:	a8 95       	wdr
delay_millis():
/Users/askn/Library/Arduino15/packages/MultiX-Zinnia/hardware/modernAVR/0.4.5/cores/modernAVR/api/delay_busywait.h:42
  }
}

void delay_millis (uint32_t _ms) {
  if (F_CPU >= 1000000L) {
    __builtin_avr_delay_cycles((F_CPU / 1000L) * _ms);
    31ea:	4f e1       	ldi	r20, 0x1F	; 31
    31ec:	81 ea       	ldi	r24, 0xA1	; 161
    31ee:	97 e0       	ldi	r25, 0x07	; 7
    31f0:	41 50       	subi	r20, 0x01	; 1
    31f2:	80 40       	sbci	r24, 0x00	; 0
    31f4:	90 40       	sbci	r25, 0x00	; 0
    31f6:	e1 f7       	brne	.-8      	; 0x31f0 <main+0x1ee>
    31f8:	00 c0       	rjmp	.+0      	; 0x31fa <main+0x1f8>
    31fa:	00 00       	nop
usb_detach():
/Users/askn/Develop/UPDI4AVR-USB/src/usb.cpp:263
    SYS::delay_125ms();
    USB0_CTRLA = 0;
    31fc:	10 92 00 0c 	sts	0x0C00, r1	; 0x800c00 <__TEXT_REGION_LENGTH__+0x7f0c00>
reboot():
/Users/askn/Develop/UPDI4AVR-USB/src/sys.cpp:350
   * Always run it after the USB has stopped.
   */
  void reboot (void) {
    D1PRINTF("<REBOOT>\r\n");
    DFLUSH();
    _PROTECTED_WRITE(WDT_CTRLA, WDT_PERIOD_8CLK_gc);
    3200:	88 ed       	ldi	r24, 0xD8	; 216
    3202:	91 e0       	ldi	r25, 0x01	; 1
    3204:	84 bf       	out	0x34, r24	; 52
    3206:	90 93 00 01 	sts	0x0100, r25	; 0x800100 <__TEXT_REGION_LENGTH__+0x7f0100>
    320a:	ff cf       	rjmp	.-2      	; 0x320a <main+0x208>
handling_bus_events():
/Users/askn/Develop/UPDI4AVR-USB/src/usb.cpp:718
      if (bit_is_set(GPCONF, GPCONF_USB_bp)) {
        /* System reboot */
        usb_detach();
        SYS::reboot();
      }
      bit_set(busstate, USB_RESET_bp);
    320c:	10 61       	ori	r17, 0x10	; 16
/Users/askn/Develop/UPDI4AVR-USB/src/usb.cpp:720
    }
    if (bit_is_set(busstate, USB_RESET_bp)) {
    320e:	14 ff       	sbrs	r17, 4
    3210:	0d c0       	rjmp	.+26     	; 0x322c <main+0x22a>
setup_device():
/Users/askn/Develop/UPDI4AVR-USB/src/usb.cpp:237
    EP_MEM.cci_header.wLength       = 2;
    EP_MEM.cci_wValue               = _state;
  }

  void setup_device (bool _force) {
    if (_led_mode != 3) SYS::LED_Flash();
    3212:	80 91 50 63 	lds	r24, 0x6350	; 0x806350 <_led_mode>
    3216:	83 30       	cpi	r24, 0x03	; 3
    3218:	11 f0       	breq	.+4      	; 0x321e <main+0x21c>
    321a:	0e 94 9c 05 	call	0xb38	; 0xb38 <SYS::LED_Flash()>
/Users/askn/Develop/UPDI4AVR-USB/src/usb.cpp:238
    USB0_ADDR = 0;
    321e:	10 92 03 0c 	sts	0x0C03, r1	; 0x800c03 <__TEXT_REGION_LENGTH__+0x7f0c03>
/Users/askn/Develop/UPDI4AVR-USB/src/usb.cpp:239
    if (USB0_CTRLA || _force) {
    3222:	80 91 00 0c 	lds	r24, 0x0C00	; 0x800c00 <__TEXT_REGION_LENGTH__+0x7f0c00>
    3226:	81 11       	cpse	r24, r1
    3228:	0e 94 eb 0a 	call	0x15d6	; 0x15d6 <USB::setup_device(bool) [clone .part.2]>
is_ep_setup():
/Users/askn/Develop/UPDI4AVR-USB/src/usb.cpp:268
    USB0_CTRLA = 0;
  }

  // MARK: Endpoint

  bool is_ep_setup (void) { return bit_is_set(EP_REQ.STATUS, USB_EPSETUP_bp); }
    322c:	80 91 7a 64 	lds	r24, 0x647A	; 0x80647a <EP_TABLE+0x8>
main():
/Users/askn/Develop/UPDI4AVR-USB/src/main.cpp:134

    /*** USB control handling ***/
    USB::handling_bus_events();
    if (USB::is_ep_setup()) USB::handling_control_transactions();
    3230:	84 ff       	sbrs	r24, 4
    3232:	a8 c0       	rjmp	.+336    	; 0x3384 <main+0x382>
handling_control_transactions():
/Users/askn/Develop/UPDI4AVR-USB/src/usb.cpp:644
  /*** Accept the EP0 setup packet. ***/
  /* This process is equivalent to a endpoint interrupt. */
  /* The reason for using polling is to prioritize VCP performance. */
  void handling_control_transactions (void) {
    bool _listen = false;
    uint8_t bmRequestType = EP_MEM.req_data.bmRequestType;
    3234:	10 91 54 63 	lds	r17, 0x6354	; 0x806354 <EP_MEM>
/Users/askn/Develop/UPDI4AVR-USB/src/usb.cpp:645
    EVSYS_SWEVENTA = EVSYS_SWEVENTA_CH2_gc;
    3238:	84 e0       	ldi	r24, 0x04	; 4
    323a:	80 93 00 02 	sts	0x0200, r24	; 0x800200 <__TEXT_REGION_LENGTH__+0x7f0200>
/Users/askn/Develop/UPDI4AVR-USB/src/usb.cpp:650
    D1PRINTF("RQ=%02X:%04X:%02X:%02X:%04X:%04X:%04X\r\n",
      EP_REQ.STATUS, EP_REQ.CNT, EP_MEM.req_data.bmRequestType, EP_MEM.req_data.bRequest,
      EP_MEM.req_data.wValue, EP_MEM.req_data.wIndex, EP_MEM.req_data.wLength);
    /* Accepts subsequent EP0_DATA packets as needed. */
    if (bit_is_clear(bmRequestType, 7)) ep_req_listen();
    323e:	17 ff       	sbrs	r17, 7
    3240:	0e 94 14 02 	call	0x428	; 0x428 <USB::ep_req_listen()>
/Users/askn/Develop/UPDI4AVR-USB/src/usb.cpp:651
    bmRequestType &= (3 << 5);
    3244:	10 76       	andi	r17, 0x60	; 96
/Users/askn/Develop/UPDI4AVR-USB/src/usb.cpp:652
    if (bmRequestType == (0 << 5)) {
    3246:	09 f0       	breq	.+2      	; 0x324a <main+0x248>
    3248:	dd c1       	rjmp	.+954    	; 0x3604 <main+0x602>
request_standard():
/Users/askn/Develop/UPDI4AVR-USB/src/usb.cpp:513
  // MARK: USB Session

  /*** USB Standard Request Enumeration. ***/
  bool request_standard (void) {
    bool _listen = true;
    uint8_t bRequest = EP_MEM.req_data.bRequest;
    324a:	80 91 55 63 	lds	r24, 0x6355	; 0x806355 <EP_MEM+0x1>
/Users/askn/Develop/UPDI4AVR-USB/src/usb.cpp:514
    if (bRequest == 0x00) {       /* GET_STATUS */
    324e:	81 11       	cpse	r24, r1
    3250:	0f c0       	rjmp	.+30     	; 0x3270 <main+0x26e>
/Users/askn/Develop/UPDI4AVR-USB/src/usb.cpp:515
      EP_MEM.res_data[0] = 0;
    3252:	10 92 5c 63 	sts	0x635C, r1	; 0x80635c <EP_MEM+0x8>
/Users/askn/Develop/UPDI4AVR-USB/src/usb.cpp:516
      EP_MEM.res_data[1] = 0;
    3256:	10 92 5d 63 	sts	0x635D, r1	; 0x80635d <EP_MEM+0x9>
/Users/askn/Develop/UPDI4AVR-USB/src/usb.cpp:517
      EP_RES.CNT = 2;
    325a:	82 e0       	ldi	r24, 0x02	; 2
    325c:	90 e0       	ldi	r25, 0x00	; 0
    325e:	80 93 84 64 	sts	0x6484, r24	; 0x806484 <EP_TABLE+0x12>
    3262:	90 93 85 64 	sts	0x6485, r25	; 0x806485 <EP_TABLE+0x13>
handling_control_transactions():
/Users/askn/Develop/UPDI4AVR-USB/src/usb.cpp:664
    else if (bmRequestType == (2 << 5)) {
      _listen = request_vendor();
    }
  #endif
    if (_listen) {
      ep_res_listen();
    3266:	0e 94 08 02 	call	0x410	; 0x410 <USB::ep_res_listen()>
/Users/askn/Develop/UPDI4AVR-USB/src/usb.cpp:665
      ep_req_listen();
    326a:	0e 94 14 02 	call	0x428	; 0x428 <USB::ep_req_listen()>
    326e:	85 c0       	rjmp	.+266    	; 0x337a <main+0x378>
request_standard():
/Users/askn/Develop/UPDI4AVR-USB/src/usb.cpp:519
    if (bRequest == 0x00) {       /* GET_STATUS */
      EP_MEM.res_data[0] = 0;
      EP_MEM.res_data[1] = 0;
      EP_RES.CNT = 2;
    }
    else if (bRequest == 0x01) {  /* CLEAR_FEATURE */
    3270:	81 30       	cpi	r24, 0x01	; 1
    3272:	c9 f4       	brne	.+50     	; 0x32a6 <main+0x2a4>
/Users/askn/Develop/UPDI4AVR-USB/src/usb.cpp:521
      D1PRINTF(" CF=%02X:%02X\r\n", EP_MEM.req_data.wValue, EP_MEM.req_data.wIndex);
      if (0 == (uint8_t)EP_MEM.req_data.wValue) {
    3274:	80 91 56 63 	lds	r24, 0x6356	; 0x806356 <EP_MEM+0x2>
    3278:	81 11       	cpse	r24, r1
    327a:	10 c0       	rjmp	.+32     	; 0x329c <main+0x29a>
/Users/askn/Develop/UPDI4AVR-USB/src/usb.cpp:524
        /* Expects an endpoint number to be passed in. Swaps the high and low */
        /* nibbles to make it a representation of the USB controller. */
        uint8_t _EP = USB_EP_ID_SWAP(EP_MEM.req_data.wIndex);
    327c:	e0 91 58 63 	lds	r30, 0x6358	; 0x806358 <EP_MEM+0x4>
    3280:	e2 95       	swap	r30
/Users/askn/Develop/UPDI4AVR-USB/src/usb.cpp:525
        loop_until_bit_is_clear(USB0_INTFLAGSB, USB_RMWBUSY_bp);
    3282:	80 91 0b 0c 	lds	r24, 0x0C0B	; 0x800c0b <__TEXT_REGION_LENGTH__+0x7f0c0b>
    3286:	82 fd       	sbrc	r24, 2
    3288:	fc cf       	rjmp	.-8      	; 0x3282 <main+0x280>
/Users/askn/Develop/UPDI4AVR-USB/src/usb.cpp:526
        USB_EP_STATUS_CLR(_EP) = USB_STALLED_bm | USB_BUSNAK_bm | USB_TOGGLE_bm;
    328a:	f0 e0       	ldi	r31, 0x00	; 0
    328c:	f5 95       	asr	r31
    328e:	e7 95       	ror	r30
    3290:	f5 95       	asr	r31
    3292:	e7 95       	ror	r30
    3294:	e0 5c       	subi	r30, 0xC0	; 192
    3296:	f3 4f       	sbci	r31, 0xF3	; 243
    3298:	8b e0       	ldi	r24, 0x0B	; 11
    329a:	80 83       	st	Z, r24
request_class():
/Users/askn/Develop/UPDI4AVR-USB/src/usb.cpp:631
      /* Nothing else is used unless programmed by the application. */
      D1PRINTF(" SB=%04X\r\n", EP_MEM.req_data.wValue);
      _send_break = EP_MEM.req_data.wValue;
      if (_send_break) break_on();
      else break_off();
      EP_RES.CNT = 0;
    329c:	10 92 84 64 	sts	0x6484, r1	; 0x806484 <EP_TABLE+0x12>
    32a0:	10 92 85 64 	sts	0x6485, r1	; 0x806485 <EP_TABLE+0x13>
    32a4:	e0 cf       	rjmp	.-64     	; 0x3266 <main+0x264>
request_standard():
/Users/askn/Develop/UPDI4AVR-USB/src/usb.cpp:530
        loop_until_bit_is_clear(USB0_INTFLAGSB, USB_RMWBUSY_bp);
        USB_EP_STATUS_CLR(_EP) = USB_STALLED_bm | USB_BUSNAK_bm | USB_TOGGLE_bm;
      }
      EP_RES.CNT = 0;
    }
    else if (bRequest == 0x04) {  /* SET_FEATURE */
    32a6:	84 30       	cpi	r24, 0x04	; 4
    32a8:	c9 f3       	breq	.-14     	; 0x329c <main+0x29a>
/Users/askn/Develop/UPDI4AVR-USB/src/usb.cpp:535
      /* If used, it will be ignored. */
      D1PRINTF(" SF=%02X:%02X\r\n", EP_MEM.req_data.wValue, EP_MEM.req_data.wIndex);
      EP_RES.CNT = 0;
    }
    else if (bRequest == 0x05) {  /* SET_ADDRESS */
    32aa:	85 30       	cpi	r24, 0x05	; 5
    32ac:	61 f4       	brne	.+24     	; 0x32c6 <main+0x2c4>
/Users/askn/Develop/UPDI4AVR-USB/src/usb.cpp:536
      uint8_t _addr = EP_MEM.req_data.wValue & 0x7F;
    32ae:	10 91 56 63 	lds	r17, 0x6356	; 0x806356 <EP_MEM+0x2>
    32b2:	1f 77       	andi	r17, 0x7F	; 127
/Users/askn/Develop/UPDI4AVR-USB/src/usb.cpp:537
      ep_res_listen();
    32b4:	0e 94 08 02 	call	0x410	; 0x410 <USB::ep_res_listen()>
ep_res_pending():
/Users/askn/Develop/UPDI4AVR-USB/src/usb.cpp:271
  // MARK: Endpoint

  bool is_ep_setup (void) { return bit_is_set(EP_REQ.STATUS, USB_EPSETUP_bp); }
  bool is_not_dap (void) { return bit_is_clear(EP_DPO.STATUS, USB_BUSNAK_bp); }
  void ep_req_pending (void) { loop_until_bit_is_set(EP_REQ.STATUS, USB_BUSNAK_bp); }
  void ep_res_pending (void) { loop_until_bit_is_set(EP_RES.STATUS, USB_BUSNAK_bp); }
    32b8:	80 91 82 64 	lds	r24, 0x6482	; 0x806482 <EP_TABLE+0x10>
    32bc:	81 ff       	sbrs	r24, 1
    32be:	fc cf       	rjmp	.-8      	; 0x32b8 <main+0x2b6>
request_standard():
/Users/askn/Develop/UPDI4AVR-USB/src/usb.cpp:539
    }
    else if (bRequest == 0x05) {  /* SET_ADDRESS */
      uint8_t _addr = EP_MEM.req_data.wValue & 0x7F;
      ep_res_listen();
      ep_res_pending();
      USB0_ADDR = _addr;
    32c0:	10 93 03 0c 	sts	0x0C03, r17	; 0x800c03 <__TEXT_REGION_LENGTH__+0x7f0c03>
    32c4:	eb cf       	rjmp	.-42     	; 0x329c <main+0x29a>
/Users/askn/Develop/UPDI4AVR-USB/src/usb.cpp:543
      D1PRINTF(" USB0_ADDR=%d\r\n", _addr);
      EP_RES.CNT = 0;
    }
    else if (bRequest == 0x06) {  /* GET_DESCRIPTOR */
    32c6:	86 30       	cpi	r24, 0x06	; 6
    32c8:	09 f0       	breq	.+2      	; 0x32cc <main+0x2ca>
    32ca:	7e c1       	rjmp	.+764    	; 0x35c8 <main+0x5c6>
/Users/askn/Develop/UPDI4AVR-USB/src/usb.cpp:544
      size_t _length = EP_MEM.req_data.wLength;
    32cc:	e0 90 5a 63 	lds	r14, 0x635A	; 0x80635a <EP_MEM+0x6>
    32d0:	30 90 5b 63 	lds	r3, 0x635B	; 0x80635b <EP_MEM+0x7>
/Users/askn/Develop/UPDI4AVR-USB/src/usb.cpp:545
      size_t _size = get_descriptor((uint8_t*)&EP_MEM.res_data, EP_MEM.req_data.wValue);
    32d4:	80 91 56 63 	lds	r24, 0x6356	; 0x806356 <EP_MEM+0x2>
    32d8:	90 91 57 63 	lds	r25, 0x6357	; 0x806357 <EP_MEM+0x3>
get_descriptor():
/Users/askn/Develop/UPDI4AVR-USB/src/usb.cpp:156

  size_t get_descriptor (uint8_t* _buffer, uint16_t _index) {
    uint8_t* _pgmem = 0;
    size_t   _size = 0;
    uint8_t  _type = _index >> 8;
    if (_type == 0x01) {          /* DEVICE */
    32dc:	91 30       	cpi	r25, 0x01	; 1
    32de:	01 f5       	brne	.+64     	; 0x3320 <main+0x31e>
/Users/askn/Develop/UPDI4AVR-USB/src/usb.cpp:159
      _pgmem = (uint8_t*)&device_descriptor;
      _size = sizeof(device_descriptor);
      memcpy_P(_buffer, _pgmem, _size);
    32e0:	42 e1       	ldi	r20, 0x12	; 18
    32e2:	50 e0       	ldi	r21, 0x00	; 0
    32e4:	69 ed       	ldi	r22, 0xD9	; 217
    32e6:	71 e0       	ldi	r23, 0x01	; 1
    32e8:	8c e5       	ldi	r24, 0x5C	; 92
    32ea:	93 e6       	ldi	r25, 0x63	; 99
    32ec:	8f d6       	rcall	.+3358   	; 0x400c <memcpy_P>
/Users/askn/Develop/UPDI4AVR-USB/src/usb.cpp:160
      uint32_t _vidpid = *((uint32_t*)EEPROM_START);
    32ee:	80 91 00 14 	lds	r24, 0x1400	; 0x801400 <__TEXT_REGION_LENGTH__+0x7f1400>
    32f2:	90 91 01 14 	lds	r25, 0x1401	; 0x801401 <__TEXT_REGION_LENGTH__+0x7f1401>
    32f6:	a0 91 02 14 	lds	r26, 0x1402	; 0x801402 <__TEXT_REGION_LENGTH__+0x7f1402>
    32fa:	b0 91 03 14 	lds	r27, 0x1403	; 0x801403 <__TEXT_REGION_LENGTH__+0x7f1403>
/Users/askn/Develop/UPDI4AVR-USB/src/usb.cpp:161
      if (_vidpid + 1) _CAPS32(_buffer[8])->dword = _vidpid;
    32fe:	8f 3f       	cpi	r24, 0xFF	; 255
    3300:	ef ef       	ldi	r30, 0xFF	; 255
    3302:	9e 07       	cpc	r25, r30
    3304:	ae 07       	cpc	r26, r30
    3306:	be 07       	cpc	r27, r30
    3308:	41 f0       	breq	.+16     	; 0x331a <main+0x318>
    330a:	80 93 64 63 	sts	0x6364, r24	; 0x806364 <EP_MEM+0x10>
    330e:	90 93 65 63 	sts	0x6365, r25	; 0x806365 <EP_MEM+0x11>
    3312:	a0 93 66 63 	sts	0x6366, r26	; 0x806366 <EP_MEM+0x12>
    3316:	b0 93 67 63 	sts	0x6367, r27	; 0x806367 <EP_MEM+0x13>
main():
/Users/askn/Develop/UPDI4AVR-USB/src/usb.cpp:163
      D1PRINTF(" VID:PID=%04X:%04X\r\n", _CAPS16(_buffer[8])->word, _CAPS16(_buffer[10])->word);
      return _size;
    331a:	02 e1       	ldi	r16, 0x12	; 18
    331c:	10 e0       	ldi	r17, 0x00	; 0
    331e:	1e c0       	rjmp	.+60     	; 0x335c <main+0x35a>
get_descriptor():
/Users/askn/Develop/UPDI4AVR-USB/src/usb.cpp:165
    }
    else if (_type == 0x02) {     /* CONFIGURATION */
    3320:	92 30       	cpi	r25, 0x02	; 2
    3322:	09 f4       	brne	.+2      	; 0x3326 <main+0x324>
    3324:	39 c1       	rjmp	.+626    	; 0x3598 <main+0x596>
/Users/askn/Develop/UPDI4AVR-USB/src/usb.cpp:169
      _pgmem = (uint8_t*)&current_descriptor;
      _size = sizeof(current_descriptor);
    }
    else if (_type == 0x06) {     /* QUALIFIER */
    3326:	96 30       	cpi	r25, 0x06	; 6
    3328:	09 f4       	brne	.+2      	; 0x332c <main+0x32a>
    332a:	3f c1       	rjmp	.+638    	; 0x35aa <main+0x5a8>
/Users/askn/Develop/UPDI4AVR-USB/src/usb.cpp:173
      _pgmem = (uint8_t*)&qualifier_descriptor;
      _size = sizeof(qualifier_descriptor);
    }
    else if (_type == 0x21) {     /* HID */
    332c:	91 32       	cpi	r25, 0x21	; 33
    332e:	09 f4       	brne	.+2      	; 0x3332 <main+0x330>
    3330:	41 c1       	rjmp	.+642    	; 0x35b4 <main+0x5b2>
/Users/askn/Develop/UPDI4AVR-USB/src/usb.cpp:177
      _pgmem = (uint8_t*)&current_descriptor + 18;
      _size = 9;
    }
    else if (_type == 0x22) {     /* REPORT */
    3332:	92 32       	cpi	r25, 0x22	; 34
    3334:	09 f4       	brne	.+2      	; 0x3338 <main+0x336>
    3336:	43 c1       	rjmp	.+646    	; 0x35be <main+0x5bc>
/Users/askn/Develop/UPDI4AVR-USB/src/usb.cpp:181
      _pgmem = (uint8_t*)&report_descriptor;
      _size = sizeof(report_descriptor);
    }
    else if (_index == 0x0300) {  /* LANGUAGE */
    3338:	81 15       	cp	r24, r1
    333a:	f3 e0       	ldi	r31, 0x03	; 3
    333c:	9f 07       	cpc	r25, r31
    333e:	09 f0       	breq	.+2      	; 0x3342 <main+0x340>
    3340:	89 c0       	rjmp	.+274    	; 0x3454 <main+0x452>
/Users/askn/Develop/UPDI4AVR-USB/src/usb.cpp:183
      _size = 4;
      *_buffer++ = 4;
    3342:	84 e0       	ldi	r24, 0x04	; 4
    3344:	80 93 5c 63 	sts	0x635C, r24	; 0x80635c <EP_MEM+0x8>
/Users/askn/Develop/UPDI4AVR-USB/src/usb.cpp:184
      *_buffer++ = 3;
    3348:	93 e0       	ldi	r25, 0x03	; 3
    334a:	90 93 5d 63 	sts	0x635D, r25	; 0x80635d <EP_MEM+0x9>
/Users/askn/Develop/UPDI4AVR-USB/src/usb.cpp:185
      *_buffer++ = 0x09;
    334e:	99 e0       	ldi	r25, 0x09	; 9
    3350:	90 93 5e 63 	sts	0x635E, r25	; 0x80635e <EP_MEM+0xa>
/Users/askn/Develop/UPDI4AVR-USB/src/usb.cpp:186
      *_buffer++ = 0x04;
    3354:	80 93 5f 63 	sts	0x635F, r24	; 0x80635f <EP_MEM+0xb>
main():
/Users/askn/Develop/UPDI4AVR-USB/src/usb.cpp:187
      return _size;
    3358:	04 e0       	ldi	r16, 0x04	; 4
    335a:	10 e0       	ldi	r17, 0x00	; 0
    335c:	8e 2d       	mov	r24, r14
    335e:	93 2d       	mov	r25, r3
    3360:	08 17       	cp	r16, r24
    3362:	19 07       	cpc	r17, r25
    3364:	08 f4       	brcc	.+2      	; 0x3368 <main+0x366>
    3366:	c8 01       	movw	r24, r16
/Users/askn/Develop/UPDI4AVR-USB/src/usb.cpp:214
          for (uint8_t _i = 0; _i < 4; _i++) {
            uint8_t _c = *_p++;
            *_buffer++ = btoh(_c >> 4); *_buffer++ = 0;
            *_buffer++ = btoh(_c     ); *_buffer++ = 0;
          }
          return 22;
    3368:	98 01       	movw	r18, r16
    336a:	8c 01       	movw	r16, r24
request_standard():
/Users/askn/Develop/UPDI4AVR-USB/src/usb.cpp:546
      EP_RES.CNT = 0;
    }
    else if (bRequest == 0x06) {  /* GET_DESCRIPTOR */
      size_t _length = EP_MEM.req_data.wLength;
      size_t _size = get_descriptor((uint8_t*)&EP_MEM.res_data, EP_MEM.req_data.wValue);
      EP_RES.CNT = (_size > _length) ? _length : _size;
    336c:	00 93 84 64 	sts	0x6484, r16	; 0x806484 <EP_TABLE+0x12>
    3370:	10 93 85 64 	sts	0x6485, r17	; 0x806485 <EP_TABLE+0x13>
handling_control_transactions():
/Users/askn/Develop/UPDI4AVR-USB/src/usb.cpp:663
  #ifdef _Not_being_used_STUB_
    else if (bmRequestType == (2 << 5)) {
      _listen = request_vendor();
    }
  #endif
    if (_listen) {
    3374:	23 2b       	or	r18, r19
    3376:	09 f0       	breq	.+2      	; 0x337a <main+0x378>
    3378:	76 cf       	rjmp	.-276    	; 0x3266 <main+0x264>
/Users/askn/Develop/UPDI4AVR-USB/src/usb.cpp:667
      ep_res_listen();
      ep_req_listen();
    }
    USB0_INTFLAGSB |= USB_EPSETUP_bp;
    337a:	80 91 0b 0c 	lds	r24, 0x0C0B	; 0x800c0b <__TEXT_REGION_LENGTH__+0x7f0c0b>
    337e:	84 60       	ori	r24, 0x04	; 4
    3380:	80 93 0b 0c 	sts	0x0C0B, r24	; 0x800c0b <__TEXT_REGION_LENGTH__+0x7f0c0b>
main():
/Users/askn/Develop/UPDI4AVR-USB/src/main.cpp:137

    /* If SW0 was used, work here. */
    if ((PGCONF & (PGCONF_PGIA_bm | PGCONF_PROG_bm)) == 0) {
    3384:	8f b3       	in	r24, 0x1f	; 31
    3386:	83 70       	andi	r24, 0x03	; 3
    3388:	b9 f4       	brne	.+46     	; 0x33b8 <main+0x3b6>
/Users/askn/Develop/UPDI4AVR-USB/src/main.cpp:138
      if      (bit_is_set(GPCONF, GPCONF_HLD_bp)) SYS::reset_leave();
    338a:	f6 9b       	sbis	0x1e, 6	; 30
    338c:	c3 c1       	rjmp	.+902    	; 0x3714 <main+0x712>
reset_leave():
/Users/askn/Develop/UPDI4AVR-USB/src/sys.cpp:320
   * If the VCP is operating, it will return to normal operation,
   * but if the USB is stopped, it will reboot at the end.
   */
  void reset_leave (void) {
    /* bit_is_set(GPCONF, GPCONF_HLD_bp) */
    if (digitalReadMacro(PIN_SYS_SW0)) {
    338e:	b6 9b       	sbis	0x16, 6	; 22
    3390:	13 c0       	rjmp	.+38     	; 0x33b8 <main+0x3b6>
/Users/askn/Develop/UPDI4AVR-USB/src/sys.cpp:321
      pinLogicOpen(PIN_PGM_TRST);
    3392:	01 98       	cbi	0x00, 1	; 0
/Users/askn/Develop/UPDI4AVR-USB/src/sys.cpp:322
      send_bitmap(_updi_bitmap_leave, sizeof(_updi_bitmap_leave) * 8);
    3394:	8e e2       	ldi	r24, 0x2E	; 46
    3396:	90 e6       	ldi	r25, 0x60	; 96
    3398:	0e 94 88 01 	call	0x310	; 0x310 <SYS::send_bitmap(unsigned char const*, unsigned int) [clone .constprop.10]>
/Users/askn/Develop/UPDI4AVR-USB/src/sys.cpp:326

  #ifdef CONFIG_VCP_DTR_RESET
      /* A delay of 64ms or more between when the bootloader starts and when RxD opens. */
      Timeout::delay_rtc_millis(125);
    339c:	8d e7       	ldi	r24, 0x7D	; 125
    339e:	90 e0       	ldi	r25, 0x00	; 0
    33a0:	65 db       	rcall	.-2358   	; 0x2a6c <Timeout::delay_rtc_millis(unsigned int)>
/Users/askn/Develop/UPDI4AVR-USB/src/sys.cpp:329
  #endif

      EVSYS_CHANNEL4 = _ch_save;
    33a2:	80 91 b3 60 	lds	r24, 0x60B3	; 0x8060b3 <SYS::_ch_save>
    33a6:	80 93 14 02 	sts	0x0214, r24	; 0x800214 <__TEXT_REGION_LENGTH__+0x7f0214>
/Users/askn/Develop/UPDI4AVR-USB/src/sys.cpp:330
      if (bit_is_set(GPCONF, GPCONF_USB_bp)) {
    33aa:	f0 9b       	sbis	0x1e, 0	; 30
    33ac:	b0 c1       	rjmp	.+864    	; 0x370e <main+0x70c>
/Users/askn/Develop/UPDI4AVR-USB/src/sys.cpp:331
        LED_HeartBeat();  /* The USB is ready. */
    33ae:	0e 94 b7 05 	call	0xb6e	; 0xb6e <SYS::LED_HeartBeat()>
/Users/askn/Develop/UPDI4AVR-USB/src/sys.cpp:338
      else {
        LED_Flash();
      }
      D1PRINTF("<RST:OUT>\r\n");

      GPCONF &= ~GPCONF_SW0_gm;
    33b2:	8e b3       	in	r24, 0x1e	; 30
    33b4:	8f 73       	andi	r24, 0x3F	; 63
    33b6:	8e bb       	out	0x1e, r24	; 30
main():
/Users/askn/Develop/UPDI4AVR-USB/src/main.cpp:143
      else if (bit_is_set(GPCONF, GPCONF_FAL_bp)) SYS::reset_enter();
    }

    /* If the USB port is not open, go back to the loop beginning. */
    if (bit_is_clear(GPCONF, GPCONF_USB_bp)) {
    33b8:	f0 9b       	sbis	0x1e, 0	; 30
    33ba:	ec ce       	rjmp	.-552    	; 0x3194 <main+0x192>
/Users/askn/Develop/UPDI4AVR-USB/src/main.cpp:155
    /* character arrives every 400 clocks on a 20MHz reference. */
    /* So we avoid using interrupts here and use polling to gain speed. */
  #if defined(CONFIG_VCP_9BIT_SUPPORT)
    if (bit_is_set(GPCONF, GPCONF_VCP_bp)) usart_transmitter();
  #else
    if (bit_is_set(GPCONF, GPCONF_VCP_bp)) USB::vcp_transceiver();
    33bc:	f1 9b       	sbis	0x1e, 1	; 30
    33be:	f6 c1       	rjmp	.+1004   	; 0x37ac <main+0x7aa>
vcp_transceiver():
/Users/askn/Develop/UPDI4AVR-USB/src/usb.cpp:487
    if (bit_is_clear(GPCONF, GPCONF_BRK_bp)
  #if defined(CONFIG_VCP_CTS_ENABLE)
     && !digitalReadMacro(PIN_VCP_CTS)
  #endif
     && bit_is_set(USART0_STATUS, USART_DREIF_bp)
     && read_available()) {
    33c0:	f3 99       	sbic	0x1e, 3	; 30
    33c2:	14 c0       	rjmp	.+40     	; 0x33ec <main+0x3ea>
/Users/askn/Develop/UPDI4AVR-USB/src/usb.cpp:486
  void vcp_transceiver (void) {
    if (bit_is_clear(GPCONF, GPCONF_BRK_bp)
  #if defined(CONFIG_VCP_CTS_ENABLE)
     && !digitalReadMacro(PIN_VCP_CTS)
  #endif
     && bit_is_set(USART0_STATUS, USART_DREIF_bp)
    33c4:	80 91 04 08 	lds	r24, 0x0804	; 0x800804 <__TEXT_REGION_LENGTH__+0x7f0804>
    33c8:	85 ff       	sbrs	r24, 5
    33ca:	10 c0       	rjmp	.+32     	; 0x33ec <main+0x3ea>
read_available():
/Users/askn/Develop/UPDI4AVR-USB/src/usb.cpp:443
    return _c;
  }

  bool read_available (void) {
    uint8_t _s = 0;
    if (bit_is_set(EP_CDO.STATUS, USB_BUSNAK_bp) && bit_is_set(GPCONF, GPCONF_VCP_bp)) {
    33cc:	80 91 aa 64 	lds	r24, 0x64AA	; 0x8064aa <EP_TABLE+0x38>
    33d0:	81 ff       	sbrs	r24, 1
    33d2:	0c c0       	rjmp	.+24     	; 0x33ec <main+0x3ea>
    33d4:	f1 9b       	sbis	0x1e, 1	; 30
    33d6:	0a c0       	rjmp	.+20     	; 0x33ec <main+0x3ea>
/Users/askn/Develop/UPDI4AVR-USB/src/usb.cpp:444
      _s = EP_CDO.CNT - _recv_count;
    33d8:	20 91 ac 64 	lds	r18, 0x64AC	; 0x8064ac <EP_TABLE+0x3a>
    33dc:	30 91 ad 64 	lds	r19, 0x64AD	; 0x8064ad <EP_TABLE+0x3b>
    33e0:	80 91 6e 64 	lds	r24, 0x646E	; 0x80646e <_recv_count>
/Users/askn/Develop/UPDI4AVR-USB/src/usb.cpp:445
      if (_s == 0) ep_cdo_listen();
    33e4:	82 13       	cpse	r24, r18
    33e6:	c3 c1       	rjmp	.+902    	; 0x376e <main+0x76c>
    33e8:	0e 94 c3 01 	call	0x386	; 0x386 <USB::ep_cdo_listen()>
main():
/Users/askn/Develop/UPDI4AVR-USB/src/main.cpp:160
  #endif
    else USB::read_drop();

    /*** If the break value is between 1 and 65534, it will count down. ***/
    if (bit_is_set(GPCONF, GPCONF_BRK_bp)) USB::cci_break_count();
    33ec:	f3 9b       	sbis	0x1e, 3	; 30
    33ee:	26 c0       	rjmp	.+76     	; 0x343c <main+0x43a>
cci_break_count():
/Users/askn/Develop/UPDI4AVR-USB/src/usb.cpp:382
    bit_clear(GPCONF, GPCONF_BRK_bp);
  }

  void cci_break_count (void) {
    /* If the break value is between 1 and 65534, it will count down. */
    if ((_send_break + 1) > 1) {
    33f0:	80 91 70 64 	lds	r24, 0x6470	; 0x806470 <_send_break>
    33f4:	90 91 71 64 	lds	r25, 0x6471	; 0x806471 <_send_break+0x1>
    33f8:	9c 01       	movw	r18, r24
    33fa:	2f 5f       	subi	r18, 0xFF	; 255
    33fc:	3f 4f       	sbci	r19, 0xFF	; 255
    33fe:	22 30       	cpi	r18, 0x02	; 2
    3400:	31 05       	cpc	r19, r1
    3402:	e0 f0       	brcs	.+56     	; 0x343c <main+0x43a>
/Users/askn/Develop/UPDI4AVR-USB/src/usb.cpp:383
      if (_send_break > USB_CCI_INTERVAL) {
    3404:	85 30       	cpi	r24, 0x05	; 5
    3406:	91 05       	cpc	r25, r1
    3408:	08 f4       	brcc	.+2      	; 0x340c <main+0x40a>
    340a:	d5 c1       	rjmp	.+938    	; 0x37b6 <main+0x7b4>
/Users/askn/Develop/UPDI4AVR-USB/src/usb.cpp:384
        if (bit_is_set(EP_CCI.STATUS, USB_BUSNAK_bp)) ep_cci_listen();
    340c:	20 91 a2 64 	lds	r18, 0x64A2	; 0x8064a2 <EP_TABLE+0x30>
    3410:	21 ff       	sbrs	r18, 1
    3412:	14 c0       	rjmp	.+40     	; 0x343c <main+0x43a>
ep_cci_listen():
/Users/askn/Develop/UPDI4AVR-USB/src/usb.cpp:305
    USB_EP_STATUS_CLR(USB_EP_DPO) = ~USB_TOGGLE_bm;
  }

  void ep_cci_listen (void) {
    if ((_send_break + 1) > 1 && _send_break > USB_CCI_INTERVAL) {
      _send_break -= USB_CCI_INTERVAL;
    3414:	04 97       	sbiw	r24, 0x04	; 4
    3416:	80 93 70 64 	sts	0x6470, r24	; 0x806470 <_send_break>
    341a:	90 93 71 64 	sts	0x6471, r25	; 0x806471 <_send_break+0x1>
/Users/askn/Develop/UPDI4AVR-USB/src/usb.cpp:307
    }
    EP_CCI.CNT = 10;
    341e:	40 92 a4 64 	sts	0x64A4, r4	; 0x8064a4 <EP_TABLE+0x32>
    3422:	50 92 a5 64 	sts	0x64A5, r5	; 0x8064a5 <EP_TABLE+0x33>
/Users/askn/Develop/UPDI4AVR-USB/src/usb.cpp:308
    EP_CCI.MCNT = 0;
    3426:	10 92 a8 64 	sts	0x64A8, r1	; 0x8064a8 <EP_TABLE+0x36>
    342a:	10 92 a9 64 	sts	0x64A9, r1	; 0x8064a9 <EP_TABLE+0x37>
/Users/askn/Develop/UPDI4AVR-USB/src/usb.cpp:309
    loop_until_bit_is_clear(USB0_INTFLAGSB, USB_RMWBUSY_bp);
    342e:	80 91 0b 0c 	lds	r24, 0x0C0B	; 0x800c0b <__TEXT_REGION_LENGTH__+0x7f0c0b>
    3432:	82 fd       	sbrc	r24, 2
    3434:	fc cf       	rjmp	.-8      	; 0x342e <main+0x42c>
/Users/askn/Develop/UPDI4AVR-USB/src/usb.cpp:310
    USB_EP_STATUS_CLR(USB_EP_CCI) = ~USB_TOGGLE_bm;
    3436:	8e ef       	ldi	r24, 0xFE	; 254
    3438:	80 93 4a 0c 	sts	0x0C4A, r24	; 0x800c4a <__TEXT_REGION_LENGTH__+0x7f0c4a>
is_not_dap():
/Users/askn/Develop/UPDI4AVR-USB/src/usb.cpp:269
  }

  // MARK: Endpoint

  bool is_ep_setup (void) { return bit_is_set(EP_REQ.STATUS, USB_EPSETUP_bp); }
  bool is_not_dap (void) { return bit_is_clear(EP_DPO.STATUS, USB_BUSNAK_bp); }
    343c:	80 91 9a 64 	lds	r24, 0x649A	; 0x80649a <EP_TABLE+0x28>
main():
/Users/askn/Develop/UPDI4AVR-USB/src/main.cpp:163

    /*** If CMSIS-DAP is not received, return to the top. ***/
    if (USB::is_not_dap()) {
    3440:	81 fd       	sbrc	r24, 1
    3442:	c0 c1       	rjmp	.+896    	; 0x37c4 <main+0x7c2>
/Users/askn/Develop/UPDI4AVR-USB/src/main.cpp:165
      /* To force exit from a non-responsive terminal mode, press SW0. */
      if (bit_is_set(PGCONF, PGCONF_PROG_bp)) {
    3444:	f9 9b       	sbis	0x1f, 1	; 31
    3446:	a6 ce       	rjmp	.-692    	; 0x3194 <main+0x192>
/Users/askn/Develop/UPDI4AVR-USB/src/main.cpp:166
        if (bit_is_set(GPCONF, GPCONF_FAL_bp)) _wdt = false;
    3448:	f7 99       	sbic	0x1e, 7	; 30
    344a:	f1 2c       	mov	r15, r1
/Users/askn/Develop/UPDI4AVR-USB/src/main.cpp:167
        GPCONF &= ~GPCONF_SW0_gm;
    344c:	8e b3       	in	r24, 0x1e	; 30
    344e:	8f 73       	andi	r24, 0x3F	; 63
    3450:	8e bb       	out	0x1e, r24	; 30
    3452:	a0 ce       	rjmp	.-704    	; 0x3194 <main+0x192>
get_descriptor():
/Users/askn/Develop/UPDI4AVR-USB/src/usb.cpp:190
      *_buffer++ = 0x09;
      *_buffer++ = 0x04;
      return _size;
    }
    else {
      switch (_index) {
    3454:	82 30       	cpi	r24, 0x02	; 2
    3456:	23 e0       	ldi	r18, 0x03	; 3
    3458:	92 07       	cpc	r25, r18
    345a:	41 f1       	breq	.+80     	; 0x34ac <main+0x4aa>
    345c:	60 f4       	brcc	.+24     	; 0x3476 <main+0x474>
main():
/Users/askn/Develop/UPDI4AVR-USB/src/usb.cpp:191
        case 0x0301: _pgmem = (uint8_t*)&vstring; _size = sizeof(vstring); break;
    345e:	04 e3       	ldi	r16, 0x34	; 52
    3460:	10 e0       	ldi	r17, 0x00	; 0
    3462:	6d e0       	ldi	r22, 0x0D	; 13
    3464:	71 e0       	ldi	r23, 0x01	; 1
get_descriptor():
/Users/askn/Develop/UPDI4AVR-USB/src/usb.cpp:190
      *_buffer++ = 0x09;
      *_buffer++ = 0x04;
      return _size;
    }
    else {
      switch (_index) {
    3466:	81 30       	cpi	r24, 0x01	; 1
    3468:	93 40       	sbci	r25, 0x03	; 3
    346a:	79 f0       	breq	.+30     	; 0x348a <main+0x488>
main():
/Users/askn/Develop/UPDI4AVR-USB/src/usb.cpp:154
    { /* FRAMENUM */ }
  };

  size_t get_descriptor (uint8_t* _buffer, uint16_t _index) {
    uint8_t* _pgmem = 0;
    size_t   _size = 0;
    346c:	10 e0       	ldi	r17, 0x00	; 0
    346e:	00 e0       	ldi	r16, 0x00	; 0
/Users/askn/Develop/UPDI4AVR-USB/src/usb.cpp:153
    },
    { /* FRAMENUM */ }
  };

  size_t get_descriptor (uint8_t* _buffer, uint16_t _index) {
    uint8_t* _pgmem = 0;
    3470:	70 e0       	ldi	r23, 0x00	; 0
    3472:	60 e0       	ldi	r22, 0x00	; 0
    3474:	0a c0       	rjmp	.+20     	; 0x348a <main+0x488>
get_descriptor():
/Users/askn/Develop/UPDI4AVR-USB/src/usb.cpp:190
      *_buffer++ = 0x09;
      *_buffer++ = 0x04;
      return _size;
    }
    else {
      switch (_index) {
    3476:	83 30       	cpi	r24, 0x03	; 3
    3478:	98 07       	cpc	r25, r24
    347a:	e9 f0       	breq	.+58     	; 0x34b6 <main+0x4b4>
main():
/Users/askn/Develop/UPDI4AVR-USB/src/usb.cpp:193
        case 0x0301: _pgmem = (uint8_t*)&vstring; _size = sizeof(vstring); break;
        case 0x0302: _pgmem = (uint8_t*)&mstring; _size = sizeof(mstring); break;
        case 0x0304: _pgmem = (uint8_t*)&istring; _size = sizeof(istring); break;
    347c:	08 e1       	ldi	r16, 0x18	; 24
    347e:	10 e0       	ldi	r17, 0x00	; 0
    3480:	6f ea       	ldi	r22, 0xAF	; 175
    3482:	70 e0       	ldi	r23, 0x00	; 0
get_descriptor():
/Users/askn/Develop/UPDI4AVR-USB/src/usb.cpp:190
      *_buffer++ = 0x09;
      *_buffer++ = 0x04;
      return _size;
    }
    else {
      switch (_index) {
    3484:	84 30       	cpi	r24, 0x04	; 4
    3486:	93 40       	sbci	r25, 0x03	; 3
    3488:	89 f7       	brne	.-30     	; 0x346c <main+0x46a>
/Users/askn/Develop/UPDI4AVR-USB/src/usb.cpp:217
            *_buffer++ = btoh(_c     ); *_buffer++ = 0;
          }
          return 22;
        }
      }
      *_buffer++ = (uint8_t)_size;
    348a:	00 93 5c 63 	sts	0x635C, r16	; 0x80635c <EP_MEM+0x8>
/Users/askn/Develop/UPDI4AVR-USB/src/usb.cpp:218
      *_buffer++ = 3;
    348e:	83 e0       	ldi	r24, 0x03	; 3
    3490:	80 93 5d 63 	sts	0x635D, r24	; 0x80635d <EP_MEM+0x9>
/Users/askn/Develop/UPDI4AVR-USB/src/usb.cpp:219
      if (_size) memcpy_P(_buffer, _pgmem, _size - 2);
    3494:	a8 01       	movw	r20, r16
    3496:	42 50       	subi	r20, 0x02	; 2
    3498:	51 09       	sbc	r21, r1
    349a:	8e e5       	ldi	r24, 0x5E	; 94
    349c:	93 e6       	ldi	r25, 0x63	; 99
    349e:	01 15       	cp	r16, r1
    34a0:	11 05       	cpc	r17, r1
    34a2:	09 f0       	breq	.+2      	; 0x34a6 <main+0x4a4>
    34a4:	80 c0       	rjmp	.+256    	; 0x35a6 <main+0x5a4>
    34a6:	30 e0       	ldi	r19, 0x00	; 0
    34a8:	20 e0       	ldi	r18, 0x00	; 0
    34aa:	60 cf       	rjmp	.-320    	; 0x336c <main+0x36a>
main():
/Users/askn/Develop/UPDI4AVR-USB/src/usb.cpp:192
      return _size;
    }
    else {
      switch (_index) {
        case 0x0301: _pgmem = (uint8_t*)&vstring; _size = sizeof(vstring); break;
        case 0x0302: _pgmem = (uint8_t*)&mstring; _size = sizeof(mstring); break;
    34ac:	06 e4       	ldi	r16, 0x46	; 70
    34ae:	10 e0       	ldi	r17, 0x00	; 0
    34b0:	67 ec       	ldi	r22, 0xC7	; 199
    34b2:	70 e0       	ldi	r23, 0x00	; 0
    34b4:	ea cf       	rjmp	.-44     	; 0x348a <main+0x488>
get_descriptor():
/Users/askn/Develop/UPDI4AVR-USB/src/usb.cpp:203
           *
           * If the 4 bytes from offset 4 of the EEPROM are anything other
           * than 0xFFFF:FFFF, use them, otherwise generate a 32-bit random
           * serial number using CRC32 from the factory information.
           */
          uint32_t _sn = ((User_EEP_t*)EEPROM_START)->dwSerialNumber;
    34b6:	40 91 04 14 	lds	r20, 0x1404	; 0x801404 <__TEXT_REGION_LENGTH__+0x7f1404>
    34ba:	50 91 05 14 	lds	r21, 0x1405	; 0x801405 <__TEXT_REGION_LENGTH__+0x7f1405>
    34be:	60 91 06 14 	lds	r22, 0x1406	; 0x801406 <__TEXT_REGION_LENGTH__+0x7f1406>
    34c2:	70 91 07 14 	lds	r23, 0x1407	; 0x801407 <__TEXT_REGION_LENGTH__+0x7f1407>
    34c6:	49 83       	std	Y+1, r20	; 0x01
    34c8:	5a 83       	std	Y+2, r21	; 0x02
    34ca:	6b 83       	std	Y+3, r22	; 0x03
    34cc:	7c 83       	std	Y+4, r23	; 0x04
/Users/askn/Develop/UPDI4AVR-USB/src/usb.cpp:204
          if (!(_sn + 1)) _sn = crc32((uint8_t*)SIGNATURES_START, 32);
    34ce:	4f 3f       	cpi	r20, 0xFF	; 255
    34d0:	8f ef       	ldi	r24, 0xFF	; 255
    34d2:	58 07       	cpc	r21, r24
    34d4:	68 07       	cpc	r22, r24
    34d6:	78 07       	cpc	r23, r24
    34d8:	59 f5       	brne	.+86     	; 0x3530 <main+0x52e>
main():
/Users/askn/Library/Arduino15/packages/MultiX-Zinnia/hardware/modernAVR/0.4.5/cores/modernAVR/api/cpp/btools.cpp:210
  return _crc;
}

uint32_t crc32 (void* _data, size_t _len) {
  uint32_t _crc = ~0;
  uint8_t* _p = (uint8_t*)_data;
    34da:	e0 e8       	ldi	r30, 0x80	; 128
    34dc:	f0 e1       	ldi	r31, 0x10	; 16
crc32():
/Users/askn/Library/Arduino15/packages/MultiX-Zinnia/hardware/modernAVR/0.4.5/cores/modernAVR/api/cpp/btools.cpp:211
  while (_len--) _crc = _crc32_update(_crc, *_p++);
    34de:	8f 01       	movw	r16, r30
    34e0:	0f 5f       	subi	r16, 0xFF	; 255
    34e2:	1f 4f       	sbci	r17, 0xFF	; 255
_crc32_update():
/Users/askn/Library/Arduino15/packages/MultiX-Zinnia/hardware/modernAVR/0.4.5/cores/modernAVR/api/cpp/btools.cpp:201
}

/* x32 + x26 + x23 + x22 + x16 + x12 + x11 + x10 + x8 + x7 + x5 + x4 + x2 + x + 1 */
/* (0xEDB88320 rev) init -1 */
uint32_t _crc32_update (uint32_t _crc, uint8_t _data) {
  _crc ^= _data;
    34e4:	20 81       	ld	r18, Z
    34e6:	42 27       	eor	r20, r18
    34e8:	28 e0       	ldi	r18, 0x08	; 8
/Users/askn/Library/Arduino15/packages/MultiX-Zinnia/hardware/modernAVR/0.4.5/cores/modernAVR/api/cpp/btools.cpp:203
  for (uint8_t j = 0; j < 8; j++) {
    _crc = (_crc >> 1) ^ (0xEDB88320UL & -(_crc & 1));
    34ea:	db 01       	movw	r26, r22
    34ec:	ca 01       	movw	r24, r20
    34ee:	b6 95       	lsr	r27
    34f0:	a7 95       	ror	r26
    34f2:	97 95       	ror	r25
    34f4:	87 95       	ror	r24
    34f6:	41 70       	andi	r20, 0x01	; 1
    34f8:	55 27       	eor	r21, r21
    34fa:	66 27       	eor	r22, r22
    34fc:	77 27       	eor	r23, r23
    34fe:	70 95       	com	r23
    3500:	60 95       	com	r22
    3502:	50 95       	com	r21
    3504:	41 95       	neg	r20
    3506:	5f 4f       	sbci	r21, 0xFF	; 255
    3508:	6f 4f       	sbci	r22, 0xFF	; 255
    350a:	7f 4f       	sbci	r23, 0xFF	; 255
    350c:	40 72       	andi	r20, 0x20	; 32
    350e:	53 78       	andi	r21, 0x83	; 131
    3510:	68 7b       	andi	r22, 0xB8	; 184
    3512:	7d 7e       	andi	r23, 0xED	; 237
    3514:	48 27       	eor	r20, r24
    3516:	59 27       	eor	r21, r25
    3518:	6a 27       	eor	r22, r26
    351a:	7b 27       	eor	r23, r27
    351c:	21 50       	subi	r18, 0x01	; 1
/Users/askn/Library/Arduino15/packages/MultiX-Zinnia/hardware/modernAVR/0.4.5/cores/modernAVR/api/cpp/btools.cpp:202

/* x32 + x26 + x23 + x22 + x16 + x12 + x11 + x10 + x8 + x7 + x5 + x4 + x2 + x + 1 */
/* (0xEDB88320 rev) init -1 */
uint32_t _crc32_update (uint32_t _crc, uint8_t _data) {
  _crc ^= _data;
  for (uint8_t j = 0; j < 8; j++) {
    351e:	29 f7       	brne	.-54     	; 0x34ea <main+0x4e8>
    3520:	f8 01       	movw	r30, r16
crc32():
/Users/askn/Library/Arduino15/packages/MultiX-Zinnia/hardware/modernAVR/0.4.5/cores/modernAVR/api/cpp/btools.cpp:211
}

uint32_t crc32 (void* _data, size_t _len) {
  uint32_t _crc = ~0;
  uint8_t* _p = (uint8_t*)_data;
  while (_len--) _crc = _crc32_update(_crc, *_p++);
    3522:	00 3a       	cpi	r16, 0xA0	; 160
    3524:	10 41       	sbci	r17, 0x10	; 16
    3526:	d9 f6       	brne	.-74     	; 0x34de <main+0x4dc>
get_descriptor():
/Users/askn/Develop/UPDI4AVR-USB/src/usb.cpp:204
    3528:	49 83       	std	Y+1, r20	; 0x01
    352a:	5a 83       	std	Y+2, r21	; 0x02
    352c:	6b 83       	std	Y+3, r22	; 0x03
    352e:	7c 83       	std	Y+4, r23	; 0x04
/Users/askn/Develop/UPDI4AVR-USB/src/usb.cpp:206
          uint8_t* _p = (uint8_t*)&_sn;
          *_buffer++ = 22;  *_buffer++ = 3;
    3530:	86 e1       	ldi	r24, 0x16	; 22
    3532:	80 93 5c 63 	sts	0x635C, r24	; 0x80635c <EP_MEM+0x8>
    3536:	83 e0       	ldi	r24, 0x03	; 3
    3538:	80 93 5d 63 	sts	0x635D, r24	; 0x80635d <EP_MEM+0x9>
/Users/askn/Develop/UPDI4AVR-USB/src/usb.cpp:207
          *_buffer++ = 'M'; *_buffer++ = 0;
    353c:	8d e4       	ldi	r24, 0x4D	; 77
    353e:	80 93 5e 63 	sts	0x635E, r24	; 0x80635e <EP_MEM+0xa>
    3542:	10 92 5f 63 	sts	0x635F, r1	; 0x80635f <EP_MEM+0xb>
/Users/askn/Develop/UPDI4AVR-USB/src/usb.cpp:208
          *_buffer++ = 'X'; *_buffer++ = 0;
    3546:	88 e5       	ldi	r24, 0x58	; 88
    3548:	80 93 60 63 	sts	0x6360, r24	; 0x806360 <EP_MEM+0xc>
    354c:	10 92 61 63 	sts	0x6361, r1	; 0x806361 <EP_MEM+0xd>
    3550:	e2 e6       	ldi	r30, 0x62	; 98
    3552:	f3 e6       	ldi	r31, 0x63	; 99
    3554:	de 01       	movw	r26, r28
    3556:	11 96       	adiw	r26, 0x01	; 1
/Users/askn/Develop/UPDI4AVR-USB/src/usb.cpp:210
          for (uint8_t _i = 0; _i < 4; _i++) {
            uint8_t _c = *_p++;
    3558:	8d 91       	ld	r24, X+
/Users/askn/Develop/UPDI4AVR-USB/src/usb.cpp:211
            *_buffer++ = btoh(_c >> 4); *_buffer++ = 0;
    355a:	28 2f       	mov	r18, r24
    355c:	30 e0       	ldi	r19, 0x00	; 0
    355e:	44 e0       	ldi	r20, 0x04	; 4
    3560:	35 95       	asr	r19
    3562:	27 95       	ror	r18
    3564:	4a 95       	dec	r20
    3566:	e1 f7       	brne	.-8      	; 0x3560 <main+0x55e>
btoh():
/Users/askn/Library/Arduino15/packages/MultiX-Zinnia/hardware/modernAVR/0.4.5/cores/modernAVR/api/cpp/btools.cpp:69
    _p++; _r--;
  }
}

char btoh (uint8_t _x) {
  _x = (_x & 15) + '0';
    3568:	90 e3       	ldi	r25, 0x30	; 48
    356a:	92 0f       	add	r25, r18
/Users/askn/Library/Arduino15/packages/MultiX-Zinnia/hardware/modernAVR/0.4.5/cores/modernAVR/api/cpp/btools.cpp:70
  if (_x > '9') _x += 7;
    356c:	9a 33       	cpi	r25, 0x3A	; 58
    356e:	10 f0       	brcs	.+4      	; 0x3574 <main+0x572>
    3570:	97 e3       	ldi	r25, 0x37	; 55
    3572:	92 0f       	add	r25, r18
get_descriptor():
/Users/askn/Develop/UPDI4AVR-USB/src/usb.cpp:211
    3574:	90 83       	st	Z, r25
    3576:	11 82       	std	Z+1, r1	; 0x01
btoh():
/Users/askn/Library/Arduino15/packages/MultiX-Zinnia/hardware/modernAVR/0.4.5/cores/modernAVR/api/cpp/btools.cpp:69
    _p++; _r--;
  }
}

char btoh (uint8_t _x) {
  _x = (_x & 15) + '0';
    3578:	8f 70       	andi	r24, 0x0F	; 15
    357a:	90 e3       	ldi	r25, 0x30	; 48
    357c:	98 0f       	add	r25, r24
/Users/askn/Library/Arduino15/packages/MultiX-Zinnia/hardware/modernAVR/0.4.5/cores/modernAVR/api/cpp/btools.cpp:70
  if (_x > '9') _x += 7;
    357e:	9a 33       	cpi	r25, 0x3A	; 58
    3580:	10 f0       	brcs	.+4      	; 0x3586 <main+0x584>
    3582:	97 e3       	ldi	r25, 0x37	; 55
    3584:	98 0f       	add	r25, r24
get_descriptor():
/Users/askn/Develop/UPDI4AVR-USB/src/usb.cpp:212
            *_buffer++ = btoh(_c     ); *_buffer++ = 0;
    3586:	92 83       	std	Z+2, r25	; 0x02
    3588:	13 82       	std	Z+3, r1	; 0x03
    358a:	34 96       	adiw	r30, 0x04	; 4
/Users/askn/Develop/UPDI4AVR-USB/src/usb.cpp:209
          if (!(_sn + 1)) _sn = crc32((uint8_t*)SIGNATURES_START, 32);
          uint8_t* _p = (uint8_t*)&_sn;
          *_buffer++ = 22;  *_buffer++ = 3;
          *_buffer++ = 'M'; *_buffer++ = 0;
          *_buffer++ = 'X'; *_buffer++ = 0;
          for (uint8_t _i = 0; _i < 4; _i++) {
    358c:	6a 16       	cp	r6, r26
    358e:	7b 06       	cpc	r7, r27
    3590:	19 f7       	brne	.-58     	; 0x3558 <main+0x556>
main():
/Users/askn/Develop/UPDI4AVR-USB/src/usb.cpp:214
            uint8_t _c = *_p++;
            *_buffer++ = btoh(_c >> 4); *_buffer++ = 0;
            *_buffer++ = btoh(_c     ); *_buffer++ = 0;
          }
          return 22;
    3592:	06 e1       	ldi	r16, 0x16	; 22
    3594:	10 e0       	ldi	r17, 0x00	; 0
    3596:	e2 ce       	rjmp	.-572    	; 0x335c <main+0x35a>
/Users/askn/Develop/UPDI4AVR-USB/src/usb.cpp:167
      D1PRINTF(" VID:PID=%04X:%04X\r\n", _CAPS16(_buffer[8])->word, _CAPS16(_buffer[10])->word);
      return _size;
    }
    else if (_type == 0x02) {     /* CONFIGURATION */
      _pgmem = (uint8_t*)&current_descriptor;
      _size = sizeof(current_descriptor);
    3598:	0b e6       	ldi	r16, 0x6B	; 107
    359a:	10 e0       	ldi	r17, 0x00	; 0
/Users/askn/Develop/UPDI4AVR-USB/src/usb.cpp:166
      if (_vidpid + 1) _CAPS32(_buffer[8])->dword = _vidpid;
      D1PRINTF(" VID:PID=%04X:%04X\r\n", _CAPS16(_buffer[8])->word, _CAPS16(_buffer[10])->word);
      return _size;
    }
    else if (_type == 0x02) {     /* CONFIGURATION */
      _pgmem = (uint8_t*)&current_descriptor;
    359c:	64 e6       	ldi	r22, 0x64	; 100
    359e:	71 e0       	ldi	r23, 0x01	; 1
get_descriptor():
/Users/askn/Develop/UPDI4AVR-USB/src/usb.cpp:222
      *_buffer++ = (uint8_t)_size;
      *_buffer++ = 3;
      if (_size) memcpy_P(_buffer, _pgmem, _size - 2);
      return _size;
    }
    if (_size) memcpy_P(_buffer, _pgmem, _size);
    35a0:	a8 01       	movw	r20, r16
    35a2:	8c e5       	ldi	r24, 0x5C	; 92
    35a4:	93 e6       	ldi	r25, 0x63	; 99
    35a6:	32 d5       	rcall	.+2660   	; 0x400c <memcpy_P>
    35a8:	d9 ce       	rjmp	.-590    	; 0x335c <main+0x35a>
main():
/Users/askn/Develop/UPDI4AVR-USB/src/usb.cpp:171
      _pgmem = (uint8_t*)&current_descriptor;
      _size = sizeof(current_descriptor);
    }
    else if (_type == 0x06) {     /* QUALIFIER */
      _pgmem = (uint8_t*)&qualifier_descriptor;
      _size = sizeof(qualifier_descriptor);
    35aa:	0a e0       	ldi	r16, 0x0A	; 10
    35ac:	10 e0       	ldi	r17, 0x00	; 0
/Users/askn/Develop/UPDI4AVR-USB/src/usb.cpp:170
    else if (_type == 0x02) {     /* CONFIGURATION */
      _pgmem = (uint8_t*)&current_descriptor;
      _size = sizeof(current_descriptor);
    }
    else if (_type == 0x06) {     /* QUALIFIER */
      _pgmem = (uint8_t*)&qualifier_descriptor;
    35ae:	6f ec       	ldi	r22, 0xCF	; 207
    35b0:	71 e0       	ldi	r23, 0x01	; 1
    35b2:	f6 cf       	rjmp	.-20     	; 0x35a0 <main+0x59e>
/Users/askn/Develop/UPDI4AVR-USB/src/usb.cpp:175
      _size = sizeof(qualifier_descriptor);
    }
    else if (_type == 0x21) {     /* HID */
      _pgmem = (uint8_t*)&current_descriptor + 18;
      _size = 9;
    35b4:	09 e0       	ldi	r16, 0x09	; 9
    35b6:	10 e0       	ldi	r17, 0x00	; 0
/Users/askn/Develop/UPDI4AVR-USB/src/usb.cpp:174
    else if (_type == 0x06) {     /* QUALIFIER */
      _pgmem = (uint8_t*)&qualifier_descriptor;
      _size = sizeof(qualifier_descriptor);
    }
    else if (_type == 0x21) {     /* HID */
      _pgmem = (uint8_t*)&current_descriptor + 18;
    35b8:	66 e7       	ldi	r22, 0x76	; 118
    35ba:	71 e0       	ldi	r23, 0x01	; 1
    35bc:	f1 cf       	rjmp	.-30     	; 0x35a0 <main+0x59e>
/Users/askn/Develop/UPDI4AVR-USB/src/usb.cpp:179
      _size = 9;
    }
    else if (_type == 0x22) {     /* REPORT */
      _pgmem = (uint8_t*)&report_descriptor;
      _size = sizeof(report_descriptor);
    35be:	03 e2       	ldi	r16, 0x23	; 35
    35c0:	10 e0       	ldi	r17, 0x00	; 0
/Users/askn/Develop/UPDI4AVR-USB/src/usb.cpp:178
    else if (_type == 0x21) {     /* HID */
      _pgmem = (uint8_t*)&current_descriptor + 18;
      _size = 9;
    }
    else if (_type == 0x22) {     /* REPORT */
      _pgmem = (uint8_t*)&report_descriptor;
    35c2:	61 e4       	ldi	r22, 0x41	; 65
    35c4:	71 e0       	ldi	r23, 0x01	; 1
    35c6:	ec cf       	rjmp	.-40     	; 0x35a0 <main+0x59e>
request_standard():
/Users/askn/Develop/UPDI4AVR-USB/src/usb.cpp:549
      size_t _length = EP_MEM.req_data.wLength;
      size_t _size = get_descriptor((uint8_t*)&EP_MEM.res_data, EP_MEM.req_data.wValue);
      EP_RES.CNT = (_size > _length) ? _length : _size;
      _listen = !!_size;
    }
    else if (bRequest == 0x08) {  /* GET_CONFIGURATION */
    35c8:	88 30       	cpi	r24, 0x08	; 8
    35ca:	49 f4       	brne	.+18     	; 0x35de <main+0x5dc>
/Users/askn/Develop/UPDI4AVR-USB/src/usb.cpp:550
      EP_MEM.res_data[0] = _set_config;
    35cc:	80 91 6d 64 	lds	r24, 0x646D	; 0x80646d <_set_config>
    35d0:	80 93 5c 63 	sts	0x635C, r24	; 0x80635c <EP_MEM+0x8>
/Users/askn/Develop/UPDI4AVR-USB/src/usb.cpp:566
    }
    else if (bRequest == 0x0A) {  /* GET_INTREFACE */
      /* It seems not to be used. */
      D1PRINTF("<SI:0>\r\n");
      EP_MEM.res_data[0] = 0;
      EP_RES.CNT = 1;
    35d4:	c0 92 84 64 	sts	0x6484, r12	; 0x806484 <EP_TABLE+0x12>
    35d8:	d0 92 85 64 	sts	0x6485, r13	; 0x806485 <EP_TABLE+0x13>
    35dc:	44 ce       	rjmp	.-888    	; 0x3266 <main+0x264>
/Users/askn/Develop/UPDI4AVR-USB/src/usb.cpp:554
    else if (bRequest == 0x08) {  /* GET_CONFIGURATION */
      EP_MEM.res_data[0] = _set_config;
      D1PRINTF("<GC:%02X>\r\n", _set_config);
      EP_RES.CNT = 1;
    }
    else if (bRequest == 0x09) {  /* SET_CONFIGURATION */
    35de:	89 30       	cpi	r24, 0x09	; 9
    35e0:	41 f4       	brne	.+16     	; 0x35f2 <main+0x5f0>
/Users/askn/Develop/UPDI4AVR-USB/src/usb.cpp:556
      /* Once the USB connection is fully initiated, it will go through here. */
      _set_config = (uint8_t)EP_MEM.req_data.wValue;
    35e2:	80 91 56 63 	lds	r24, 0x6356	; 0x806356 <EP_MEM+0x2>
    35e6:	80 93 6d 64 	sts	0x646D, r24	; 0x80646d <_set_config>
/Users/askn/Develop/UPDI4AVR-USB/src/usb.cpp:557
      bit_set(GPCONF, GPCONF_USB_bp);
    35ea:	f0 9a       	sbi	0x1e, 0	; 30
/Users/askn/Develop/UPDI4AVR-USB/src/usb.cpp:558
      SYS::LED_HeartBeat();
    35ec:	0e 94 b7 05 	call	0xb6e	; 0xb6e <SYS::LED_HeartBeat()>
    35f0:	55 ce       	rjmp	.-854    	; 0x329c <main+0x29a>
/Users/askn/Develop/UPDI4AVR-USB/src/usb.cpp:562
      D1PRINTF("<SC:%02X>\r\n", _set_config);
      EP_RES.CNT = 0;
    }
    else if (bRequest == 0x0A) {  /* GET_INTREFACE */
    35f2:	8a 30       	cpi	r24, 0x0A	; 10
    35f4:	19 f4       	brne	.+6      	; 0x35fc <main+0x5fa>
/Users/askn/Develop/UPDI4AVR-USB/src/usb.cpp:565
      /* It seems not to be used. */
      D1PRINTF("<SI:0>\r\n");
      EP_MEM.res_data[0] = 0;
    35f6:	10 92 5c 63 	sts	0x635C, r1	; 0x80635c <EP_MEM+0x8>
    35fa:	ec cf       	rjmp	.-40     	; 0x35d4 <main+0x5d2>
/Users/askn/Develop/UPDI4AVR-USB/src/usb.cpp:568
      EP_RES.CNT = 1;
    }
    else if (bRequest == 0x0B) {  /* SET_INTREFACE */
    35fc:	8b 30       	cpi	r24, 0x0B	; 11
    35fe:	09 f0       	breq	.+2      	; 0x3602 <main+0x600>
    3600:	bc ce       	rjmp	.-648    	; 0x337a <main+0x378>
    3602:	4c ce       	rjmp	.-872    	; 0x329c <main+0x29a>
handling_control_transactions():
/Users/askn/Develop/UPDI4AVR-USB/src/usb.cpp:655
    if (bit_is_clear(bmRequestType, 7)) ep_req_listen();
    bmRequestType &= (3 << 5);
    if (bmRequestType == (0 << 5)) {
      _listen = request_standard();
    }
    else if (bmRequestType == (1 << 5)) {
    3604:	10 32       	cpi	r17, 0x20	; 32
    3606:	09 f0       	breq	.+2      	; 0x360a <main+0x608>
    3608:	b8 ce       	rjmp	.-656    	; 0x337a <main+0x378>
request_class():
/Users/askn/Develop/UPDI4AVR-USB/src/usb.cpp:582
  }

  /*** CDC-ACM request processing. ***/
  bool request_class (void) {
    bool _listen = true;
    uint8_t bRequest = EP_MEM.req_data.bRequest;
    360a:	80 91 55 63 	lds	r24, 0x6355	; 0x806355 <EP_MEM+0x1>
/Users/askn/Develop/UPDI4AVR-USB/src/usb.cpp:583
    if (bRequest == 0x0A) {       /* SET_IDLE */
    360e:	8a 30       	cpi	r24, 0x0A	; 10
    3610:	09 f4       	brne	.+2      	; 0x3614 <main+0x612>
    3612:	44 ce       	rjmp	.-888    	; 0x329c <main+0x29a>
/Users/askn/Develop/UPDI4AVR-USB/src/usb.cpp:589
      /* This is a HID Compliance Class Request. */
      /* It is called but not used. */
      D1PRINTF(" IDL=%02X\r\n", (uint8_t)EP_MEM.req_data.wValue);
      EP_RES.CNT = 0;
    }
    else if (bRequest == 0x20) {  /* SET_LINE_ENCODING */
    3614:	80 32       	cpi	r24, 0x20	; 32
    3616:	39 f5       	brne	.+78     	; 0x3666 <main+0x664>
ep_req_pending():
/Users/askn/Develop/UPDI4AVR-USB/src/usb.cpp:270

  // MARK: Endpoint

  bool is_ep_setup (void) { return bit_is_set(EP_REQ.STATUS, USB_EPSETUP_bp); }
  bool is_not_dap (void) { return bit_is_clear(EP_DPO.STATUS, USB_BUSNAK_bp); }
  void ep_req_pending (void) { loop_until_bit_is_set(EP_REQ.STATUS, USB_BUSNAK_bp); }
    3618:	80 91 7a 64 	lds	r24, 0x647A	; 0x80647a <EP_TABLE+0x8>
    361c:	81 ff       	sbrs	r24, 1
    361e:	fc cf       	rjmp	.-8      	; 0x3618 <main+0x616>
set_line_encoding():
/Users/askn/Develop/UPDI4AVR-USB/src/usart.cpp:201
      SYS::LED_Flash();
  }

  void set_line_encoding (LineEncoding_t* _buff) {
    /* The USART will not change unless a different setting is given. */
    if (0 == memcmp(&_set_line_encoding, _buff, sizeof(LineEncoding_t))) return;
    3620:	47 e0       	ldi	r20, 0x07	; 7
    3622:	50 e0       	ldi	r21, 0x00	; 0
    3624:	6c e5       	ldi	r22, 0x5C	; 92
    3626:	73 e6       	ldi	r23, 0x63	; 99
    3628:	81 ea       	ldi	r24, 0xA1	; 161
    362a:	90 e6       	ldi	r25, 0x60	; 96
    362c:	51 d5       	rcall	.+2722   	; 0x40d0 <memcmp>
    362e:	89 2b       	or	r24, r25
    3630:	91 f0       	breq	.+36     	; 0x3656 <main+0x654>
read_drop():
/Users/askn/Develop/UPDI4AVR-USB/src/usb.cpp:451
    }
    return _s != 0;
  }

  void read_drop (void) {
    if (bit_is_set(EP_CDO.STATUS, USB_BUSNAK_bp)) ep_cdo_listen();
    3632:	80 91 aa 64 	lds	r24, 0x64AA	; 0x8064aa <EP_TABLE+0x38>
    3636:	81 fd       	sbrc	r24, 1
    3638:	0e 94 c3 01 	call	0x386	; 0x386 <USB::ep_cdo_listen()>
set_line_encoding():
/Users/askn/Develop/UPDI4AVR-USB/src/usart.cpp:203
    USB::read_drop();
    USART::setup();
    363c:	0e 94 42 0b 	call	0x1684	; 0x1684 <USART::setup()>
/Users/askn/Develop/UPDI4AVR-USB/src/usart.cpp:204
    memcpy(&_set_line_encoding, _buff, sizeof(LineEncoding_t));
    3640:	87 e0       	ldi	r24, 0x07	; 7
    3642:	ec e5       	ldi	r30, 0x5C	; 92
    3644:	f3 e6       	ldi	r31, 0x63	; 99
    3646:	a1 ea       	ldi	r26, 0xA1	; 161
    3648:	b0 e6       	ldi	r27, 0x60	; 96
    364a:	01 90       	ld	r0, Z+
    364c:	0d 92       	st	X+, r0
    364e:	8a 95       	dec	r24
    3650:	e1 f7       	brne	.-8      	; 0x364a <main+0x648>
/Users/askn/Develop/UPDI4AVR-USB/src/usart.cpp:205
    change_vcp();
    3652:	0e 94 d4 05 	call	0xba8	; 0xba8 <USART::change_vcp()>
request_class():
/Users/askn/Develop/UPDI4AVR-USB/src/usb.cpp:600
      /* it's probably best to do nothing.        */
      ep_req_pending();
      USART::set_line_encoding(&EP_MEM.res_encoding);
      D1PRINTF(" SLE=");
      D1PRINTHEX(&_set_line_encoding, sizeof(LineEncoding_t), ':');
      bit_set(GPCONF, GPCONF_OPN_bp);
    3656:	f4 9a       	sbi	0x1e, 4	; 30
/Users/askn/Develop/UPDI4AVR-USB/src/usb.cpp:601
      _send_count = 0;
    3658:	10 92 6f 64 	sts	0x646F, r1	; 0x80646f <_send_count>
/Users/askn/Develop/UPDI4AVR-USB/src/usb.cpp:602
      _recv_count = 0;
    365c:	10 92 6e 64 	sts	0x646E, r1	; 0x80646e <_recv_count>
/Users/askn/Develop/UPDI4AVR-USB/src/usb.cpp:603
      _sof_count = 0;
    3660:	10 92 6c 64 	sts	0x646C, r1	; 0x80646c <_sof_count>
    3664:	1b ce       	rjmp	.-970    	; 0x329c <main+0x29a>
/Users/askn/Develop/UPDI4AVR-USB/src/usb.cpp:606
      EP_RES.CNT = 0;
    }
    else if (bRequest == 0x21) {  /* GET_LINE_ENCODING */
    3666:	81 32       	cpi	r24, 0x21	; 33
    3668:	39 f5       	brne	.+78     	; 0x36b8 <main+0x6b6>
/Users/askn/Develop/UPDI4AVR-USB/src/usb.cpp:607
      memcpy(&EP_MEM.res_encoding, &_set_line_encoding, sizeof(LineEncoding_t));
    366a:	87 e0       	ldi	r24, 0x07	; 7
    366c:	e1 ea       	ldi	r30, 0xA1	; 161
    366e:	f0 e6       	ldi	r31, 0x60	; 96
    3670:	ac e5       	ldi	r26, 0x5C	; 92
    3672:	b3 e6       	ldi	r27, 0x63	; 99
    3674:	01 90       	ld	r0, Z+
    3676:	0d 92       	st	X+, r0
    3678:	8a 95       	dec	r24
    367a:	e1 f7       	brne	.-8      	; 0x3674 <main+0x672>
/Users/askn/Develop/UPDI4AVR-USB/src/usb.cpp:608
      if (EP_MEM.res_encoding.dwDTERate == 0) {
    367c:	80 91 5c 63 	lds	r24, 0x635C	; 0x80635c <EP_MEM+0x8>
    3680:	90 91 5d 63 	lds	r25, 0x635D	; 0x80635d <EP_MEM+0x9>
    3684:	a0 91 5e 63 	lds	r26, 0x635E	; 0x80635e <EP_MEM+0xa>
    3688:	b0 91 5f 63 	lds	r27, 0x635F	; 0x80635f <EP_MEM+0xb>
    368c:	89 2b       	or	r24, r25
    368e:	8a 2b       	or	r24, r26
    3690:	8b 2b       	or	r24, r27
    3692:	59 f4       	brne	.+22     	; 0x36aa <main+0x6a8>
/Users/askn/Develop/UPDI4AVR-USB/src/usb.cpp:611
        /* Parameters that, if incorrectly accepted,           */
        /* would result in division by zero must be corrected. */
        EP_MEM.res_encoding.dwDTERate = 9600UL;
    3694:	80 92 5c 63 	sts	0x635C, r8	; 0x80635c <EP_MEM+0x8>
    3698:	90 92 5d 63 	sts	0x635D, r9	; 0x80635d <EP_MEM+0x9>
    369c:	a0 92 5e 63 	sts	0x635E, r10	; 0x80635e <EP_MEM+0xa>
    36a0:	b0 92 5f 63 	sts	0x635F, r11	; 0x80635f <EP_MEM+0xb>
/Users/askn/Develop/UPDI4AVR-USB/src/usb.cpp:612
        EP_MEM.res_encoding.bDataBits = 8;
    36a4:	88 e0       	ldi	r24, 0x08	; 8
    36a6:	80 93 62 63 	sts	0x6362, r24	; 0x806362 <EP_MEM+0xe>
/Users/askn/Develop/UPDI4AVR-USB/src/usb.cpp:616
      }
      D1PRINTF(" GLE=");
      D1PRINTHEX(&EP_MEM.res_encoding, sizeof(LineEncoding_t), ':');
      EP_RES.CNT = sizeof(LineEncoding_t);
    36aa:	e7 e0       	ldi	r30, 0x07	; 7
    36ac:	f0 e0       	ldi	r31, 0x00	; 0
    36ae:	e0 93 84 64 	sts	0x6484, r30	; 0x806484 <EP_TABLE+0x12>
    36b2:	f0 93 85 64 	sts	0x6485, r31	; 0x806485 <EP_TABLE+0x13>
    36b6:	d7 cd       	rjmp	.-1106   	; 0x3266 <main+0x264>
/Users/askn/Develop/UPDI4AVR-USB/src/usb.cpp:618
    }
    else if (bRequest == 0x22) {  /* SET_LINE_STATE */
    36b8:	82 32       	cpi	r24, 0x22	; 34
    36ba:	59 f4       	brne	.+22     	; 0x36d2 <main+0x6d0>
/Users/askn/Develop/UPDI4AVR-USB/src/usb.cpp:621
      /* This includes the DTR and RTS settings. */
      D1PRINTF(" SLS=%02X\r\n", (uint8_t)EP_MEM.req_data.wValue);
      USART::set_line_state((uint8_t)EP_MEM.req_data.wValue);
    36bc:	80 91 56 63 	lds	r24, 0x6356	; 0x806356 <EP_MEM+0x2>
set_line_state():
/Users/askn/Develop/UPDI4AVR-USB/src/usart.cpp:232
      digitalWriteMacro(PIN_VCP_RTS, HIGH);
  #endif

  #if defined(CONFIG_VCP_DTR_RESET)
    /* If DTR is set, the device will reboot assuming the host has opened the port. */
    if (!_set_line_state.bStateDTR && bit_is_set(_line_state, 0)) {
    36c0:	90 91 a0 60 	lds	r25, 0x60A0	; 0x8060a0 <__data_end>
    36c4:	90 fd       	sbrc	r25, 0
    36c6:	02 c0       	rjmp	.+4      	; 0x36cc <main+0x6ca>
    36c8:	80 fd       	sbrc	r24, 0
/Users/askn/Develop/UPDI4AVR-USB/src/usart.cpp:233
      bit_set(GPCONF, GPCONF_FAL_bp);
    36ca:	f7 9a       	sbi	0x1e, 7	; 30
/Users/askn/Develop/UPDI4AVR-USB/src/usart.cpp:237
    }
  #endif

    _set_line_state.bValue = _line_state;
    36cc:	80 93 a0 60 	sts	0x60A0, r24	; 0x8060a0 <__data_end>
    36d0:	e5 cd       	rjmp	.-1078   	; 0x329c <main+0x29a>
request_class():
/Users/askn/Develop/UPDI4AVR-USB/src/usb.cpp:624
      EP_RES.CNT = 0;
    }
    else if (bRequest == 0x23) {  /* SET_SEND_BREAK */
    36d2:	83 32       	cpi	r24, 0x23	; 35
    36d4:	09 f0       	breq	.+2      	; 0x36d8 <main+0x6d6>
    36d6:	51 ce       	rjmp	.-862    	; 0x337a <main+0x378>
/Users/askn/Develop/UPDI4AVR-USB/src/usb.cpp:628
      /* When the host application closes the port, it may send a BREAK=0. */
      /* Nothing else is used unless programmed by the application. */
      D1PRINTF(" SB=%04X\r\n", EP_MEM.req_data.wValue);
      _send_break = EP_MEM.req_data.wValue;
    36d8:	80 91 56 63 	lds	r24, 0x6356	; 0x806356 <EP_MEM+0x2>
    36dc:	90 91 57 63 	lds	r25, 0x6357	; 0x806357 <EP_MEM+0x3>
    36e0:	80 93 70 64 	sts	0x6470, r24	; 0x806470 <_send_break>
    36e4:	90 93 71 64 	sts	0x6471, r25	; 0x806471 <_send_break+0x1>
/Users/askn/Develop/UPDI4AVR-USB/src/usb.cpp:629
      if (_send_break) break_on();
    36e8:	89 2b       	or	r24, r25
    36ea:	71 f0       	breq	.+28     	; 0x3708 <main+0x706>
break_on():
/Users/askn/Develop/UPDI4AVR-USB/src/usb.cpp:358
    ep_dpo_listen();  /* continue transaction */
  }

  void break_on (void) {
    if (bit_is_set(GPCONF, GPCONF_VCP_bp)
     && bit_is_clear(GPCONF, GPCONF_BRK_bp)) {
    36ec:	f1 9b       	sbis	0x1e, 1	; 30
    36ee:	0a c0       	rjmp	.+20     	; 0x3704 <main+0x702>
    36f0:	f3 99       	sbic	0x1e, 3	; 30
    36f2:	08 c0       	rjmp	.+16     	; 0x3704 <main+0x702>
/Users/askn/Develop/UPDI4AVR-USB/src/usb.cpp:360
      /* SET_SEND_BREAK is called when the port is closed successfully. */
      bit_clear(GPCONF, GPCONF_OPN_bp);
    36f4:	f4 98       	cbi	0x1e, 4	; 30
/Users/askn/Develop/UPDI4AVR-USB/src/usb.cpp:361
      _sof_count = 0;
    36f6:	10 92 6c 64 	sts	0x646C, r1	; 0x80646c <_sof_count>
disable_vcp():
/Users/askn/Develop/UPDI4AVR-USB/src/usart.cpp:70
    } while (--_delay);
  }

  /*** Stop the VCP and release the ports in use. ***/
  void disable_vcp (void) {
    if (USART0_CTRLB) {
    36fa:	80 91 06 08 	lds	r24, 0x0806	; 0x800806 <__TEXT_REGION_LENGTH__+0x7f0806>
    36fe:	81 11       	cpse	r24, r1
    3700:	0e 94 2b 0b 	call	0x1656	; 0x1656 <USART::disable_vcp() [clone .part.1]>
break_on():
/Users/askn/Develop/UPDI4AVR-USB/src/usb.cpp:368
  #ifdef CONFIG_VCP_TXD_ODM
      /* During Break, VCP-TxD is pulled LOW. */
      pinModeMacro(PIN_VCP_TXD, OUTPUT);
  #endif
    }
    bit_set(GPCONF, GPCONF_BRK_bp);
    3704:	f3 9a       	sbi	0x1e, 3	; 30
    3706:	ca cd       	rjmp	.-1132   	; 0x329c <main+0x29a>
request_class():
/Users/askn/Develop/UPDI4AVR-USB/src/usb.cpp:630
      /* When the host application closes the port, it may send a BREAK=0. */
      /* Nothing else is used unless programmed by the application. */
      D1PRINTF(" SB=%04X\r\n", EP_MEM.req_data.wValue);
      _send_break = EP_MEM.req_data.wValue;
      if (_send_break) break_on();
      else break_off();
    3708:	0e 94 65 06 	call	0xcca	; 0xcca <USB::break_off()>
    370c:	c7 cd       	rjmp	.-1138   	; 0x329c <main+0x29a>
reset_leave():
/Users/askn/Develop/UPDI4AVR-USB/src/sys.cpp:334
      EVSYS_CHANNEL4 = _ch_save;
      if (bit_is_set(GPCONF, GPCONF_USB_bp)) {
        LED_HeartBeat();  /* The USB is ready. */
      }
      else {
        LED_Flash();
    370e:	0e 94 9c 05 	call	0xb38	; 0xb38 <SYS::LED_Flash()>
    3712:	4f ce       	rjmp	.-866    	; 0x33b2 <main+0x3b0>
main():
/Users/askn/Develop/UPDI4AVR-USB/src/main.cpp:139
    if (USB::is_ep_setup()) USB::handling_control_transactions();

    /* If SW0 was used, work here. */
    if ((PGCONF & (PGCONF_PGIA_bm | PGCONF_PROG_bm)) == 0) {
      if      (bit_is_set(GPCONF, GPCONF_HLD_bp)) SYS::reset_leave();
      else if (bit_is_set(GPCONF, GPCONF_FAL_bp)) SYS::reset_enter();
    3714:	f7 9b       	sbis	0x1e, 7	; 30
    3716:	50 ce       	rjmp	.-864    	; 0x33b8 <main+0x3b6>
reset_enter():
/Users/askn/Develop/UPDI4AVR-USB/src/sys.cpp:293
  /*
   * Executed when SW0 is detected as being pressed.
   * May be called multiple times due to chattering.
   */
  void reset_enter (void) {
    if (bit_is_clear(GPCONF, GPCONF_HLD_bp)) {
    3718:	f6 99       	sbic	0x1e, 6	; 30
    371a:	4e ce       	rjmp	.-868    	; 0x33b8 <main+0x3b6>
/Users/askn/Develop/UPDI4AVR-USB/src/sys.cpp:296
      D1PRINTF("<RST:IN>\r\n");

      _ch_save = EVSYS_CHANNEL4;
    371c:	80 91 14 02 	lds	r24, 0x0214	; 0x800214 <__TEXT_REGION_LENGTH__+0x7f0214>
    3720:	80 93 b3 60 	sts	0x60B3, r24	; 0x8060b3 <SYS::_ch_save>
/Users/askn/Develop/UPDI4AVR-USB/src/sys.cpp:297
      EVSYS_CHANNEL4 = EVSYS_CHANNEL_CCL_LUT2_gc;
    3724:	82 e1       	ldi	r24, 0x12	; 18
    3726:	80 93 14 02 	sts	0x0214, r24	; 0x800214 <__TEXT_REGION_LENGTH__+0x7f0214>
LED_TM():
/Users/askn/Develop/UPDI4AVR-USB/src/sys.cpp:195
      _led_mode = 1;
    }
  }

  WEAK void LED_TM (uint8_t _mode, uint16_t _ccmp) {
    if (_led_mode != _mode) {
    372a:	80 91 50 63 	lds	r24, 0x6350	; 0x806350 <_led_mode>
    372e:	83 30       	cpi	r24, 0x03	; 3
    3730:	b1 f0       	breq	.+44     	; 0x375e <main+0x75c>
/Users/askn/Develop/UPDI4AVR-USB/src/sys.cpp:197
      D1PRINTF(" LED=%d\r\n", _mode);
      TCA0_SPLIT_LCMP1 = 0;             /* turn off TCA0_WO1 */
    3732:	10 92 2a 0a 	sts	0x0A2A, r1	; 0x800a2a <__TEXT_REGION_LENGTH__+0x7f0a2a>
/Users/askn/Develop/UPDI4AVR-USB/src/sys.cpp:198
      TCA0_SPLIT_CTRLA = TCA_SPLIT_ENABLE_bm | TCA_SPLIT_CLKSEL_DIV1024_gc;
    3736:	8f e0       	ldi	r24, 0x0F	; 15
    3738:	80 93 00 0a 	sts	0x0A00, r24	; 0x800a00 <__TEXT_REGION_LENGTH__+0x7f0a00>
/Users/askn/Develop/UPDI4AVR-USB/src/sys.cpp:199
      TCB0_CNT   = (_ccmp >> 1) - 2;
    373c:	2e e1       	ldi	r18, 0x1E	; 30
    373e:	30 e0       	ldi	r19, 0x00	; 0
    3740:	20 93 0a 0b 	sts	0x0B0A, r18	; 0x800b0a <__TEXT_REGION_LENGTH__+0x7f0b0a>
    3744:	30 93 0b 0b 	sts	0x0B0B, r19	; 0x800b0b <__TEXT_REGION_LENGTH__+0x7f0b0b>
/Users/askn/Develop/UPDI4AVR-USB/src/sys.cpp:200
      TCB0_CCMPL = _ccmp;
    3748:	90 e4       	ldi	r25, 0x40	; 64
    374a:	90 93 0c 0b 	sts	0x0B0C, r25	; 0x800b0c <__TEXT_REGION_LENGTH__+0x7f0b0c>
/Users/askn/Develop/UPDI4AVR-USB/src/sys.cpp:201
      TCB0_CCMPH = _ccmp >> 1;          /* compare TCB0_WO */
    374e:	90 e2       	ldi	r25, 0x20	; 32
    3750:	90 93 0d 0b 	sts	0x0B0D, r25	; 0x800b0d <__TEXT_REGION_LENGTH__+0x7f0b0d>
/Users/askn/Develop/UPDI4AVR-USB/src/sys.cpp:202
      TCB0_CTRLA = TCB_ENABLE_bm | TCB_CLKSEL_EVENT_gc;
    3754:	80 93 00 0b 	sts	0x0B00, r24	; 0x800b00 <__TEXT_REGION_LENGTH__+0x7f0b00>
/Users/askn/Develop/UPDI4AVR-USB/src/sys.cpp:203
      _led_mode = _mode;
    3758:	83 e0       	ldi	r24, 0x03	; 3
    375a:	80 93 50 63 	sts	0x6350, r24	; 0x806350 <_led_mode>
reset_enter():
/Users/askn/Develop/UPDI4AVR-USB/src/sys.cpp:305
      /*
       * Puts a tinyAVR-0/1/2 which does not have a reset pad into reset state.
       * This applies to all chips which have an enabled UPDI pad.
       * Does not affect chips with an active reset pad or TPI/PDI/ISP type chips.
       */
      pinLogicPull(PIN_PGM_TRST);
    375e:	01 9a       	sbi	0x00, 1	; 0
/Users/askn/Develop/UPDI4AVR-USB/src/sys.cpp:306
      send_bitmap(_updi_bitmap_reset, sizeof(_updi_bitmap_reset) * 8);
    3760:	8c e3       	ldi	r24, 0x3C	; 60
    3762:	90 e6       	ldi	r25, 0x60	; 96
    3764:	0e 94 88 01 	call	0x310	; 0x310 <SYS::send_bitmap(unsigned char const*, unsigned int) [clone .constprop.10]>
/Users/askn/Develop/UPDI4AVR-USB/src/sys.cpp:308

      bit_set(GPCONF, GPCONF_HLD_bp);
    3768:	f6 9a       	sbi	0x1e, 6	; 30
/Users/askn/Develop/UPDI4AVR-USB/src/sys.cpp:309
      bit_clear(vportRegister(PIN_SYS_SW0).INTFLAGS, pinPosition(PIN_SYS_SW0));
    376a:	be 98       	cbi	0x17, 6	; 23
    376c:	25 ce       	rjmp	.-950    	; 0x33b8 <main+0x3b6>
read_byte():
/Users/askn/Develop/UPDI4AVR-USB/src/usb.cpp:428
    else ep_cdi_listen();
  }

  uint8_t read_byte (void) {
    uint8_t _c = 0;
    if (EP_CDO.CNT != _recv_count) {
    376e:	40 91 ac 64 	lds	r20, 0x64AC	; 0x8064ac <EP_TABLE+0x3a>
    3772:	50 91 ad 64 	lds	r21, 0x64AD	; 0x8064ad <EP_TABLE+0x3b>
    3776:	28 2f       	mov	r18, r24
    3778:	30 e0       	ldi	r19, 0x00	; 0
main():
/Users/askn/Develop/UPDI4AVR-USB/src/usb.cpp:427
    if (_send_count < 64) _sof_count = 30;
    else ep_cdi_listen();
  }

  uint8_t read_byte (void) {
    uint8_t _c = 0;
    377a:	10 e0       	ldi	r17, 0x00	; 0
read_byte():
/Users/askn/Develop/UPDI4AVR-USB/src/usb.cpp:428
    if (EP_CDO.CNT != _recv_count) {
    377c:	42 17       	cp	r20, r18
    377e:	53 07       	cpc	r21, r19
    3780:	39 f0       	breq	.+14     	; 0x3790 <main+0x78e>
/Users/askn/Develop/UPDI4AVR-USB/src/usb.cpp:435
      if (_recv_count == 0) {
        D2PRINTF(" VO=%02X:", EP_CDO.CNT);
        D2PRINTHEX(&EP_MEM.cdo_data, EP_CDO.CNT, ':');
      }
  #endif
      _c = EP_MEM.cdo_data[_recv_count++];
    3782:	8f 5f       	subi	r24, 0xFF	; 255
    3784:	80 93 6e 64 	sts	0x646E, r24	; 0x80646e <_recv_count>
    3788:	24 55       	subi	r18, 0x54	; 84
    378a:	3c 49       	sbci	r19, 0x9C	; 156
    378c:	f9 01       	movw	r30, r18
    378e:	10 81       	ld	r17, Z
/Users/askn/Develop/UPDI4AVR-USB/src/usb.cpp:437
    }
    if (EP_CDO.CNT == _recv_count) ep_cdo_listen();
    3790:	80 91 ac 64 	lds	r24, 0x64AC	; 0x8064ac <EP_TABLE+0x3a>
    3794:	90 91 ad 64 	lds	r25, 0x64AD	; 0x8064ad <EP_TABLE+0x3b>
    3798:	20 91 6e 64 	lds	r18, 0x646E	; 0x80646e <_recv_count>
    379c:	28 17       	cp	r18, r24
    379e:	19 06       	cpc	r1, r25
    37a0:	11 f4       	brne	.+4      	; 0x37a6 <main+0x7a4>
    37a2:	0e 94 c3 01 	call	0x386	; 0x386 <USB::ep_cdo_listen()>
vcp_transceiver():
/Users/askn/Develop/UPDI4AVR-USB/src/usb.cpp:488
  #if defined(CONFIG_VCP_CTS_ENABLE)
     && !digitalReadMacro(PIN_VCP_CTS)
  #endif
     && bit_is_set(USART0_STATUS, USART_DREIF_bp)
     && read_available()) {
      USART0_TXDATAL = read_byte();
    37a6:	10 93 02 08 	sts	0x0802, r17	; 0x800802 <__TEXT_REGION_LENGTH__+0x7f0802>
    37aa:	20 ce       	rjmp	.-960    	; 0x33ec <main+0x3ea>
read_drop():
/Users/askn/Develop/UPDI4AVR-USB/src/usb.cpp:451
    }
    return _s != 0;
  }

  void read_drop (void) {
    if (bit_is_set(EP_CDO.STATUS, USB_BUSNAK_bp)) ep_cdo_listen();
    37ac:	80 91 aa 64 	lds	r24, 0x64AA	; 0x8064aa <EP_TABLE+0x38>
    37b0:	81 ff       	sbrs	r24, 1
    37b2:	1c ce       	rjmp	.-968    	; 0x33ec <main+0x3ea>
    37b4:	19 ce       	rjmp	.-974    	; 0x33e8 <main+0x3e6>
cci_break_count():
/Users/askn/Develop/UPDI4AVR-USB/src/usb.cpp:387
    if ((_send_break + 1) > 1) {
      if (_send_break > USB_CCI_INTERVAL) {
        if (bit_is_set(EP_CCI.STATUS, USB_BUSNAK_bp)) ep_cci_listen();
      }
      else {
        _send_break = 0;
    37b6:	10 92 70 64 	sts	0x6470, r1	; 0x806470 <_send_break>
    37ba:	10 92 71 64 	sts	0x6471, r1	; 0x806471 <_send_break+0x1>
/Users/askn/Develop/UPDI4AVR-USB/src/usb.cpp:388
        break_off();
    37be:	0e 94 65 06 	call	0xcca	; 0xcca <USB::break_off()>
    37c2:	3c ce       	rjmp	.-904    	; 0x343c <main+0x43a>
dap_command_check():
/Users/askn/Develop/UPDI4AVR-USB/src/jtag.cpp:56
   * Command numbers 0x80 and above are vendor extensions, EDBG Payload uses 0x80 and x81.
   * Additionally, 0x82 is reserved for device event notification.
   */
  bool dap_command_check (void) {
    bool _result = false;
    uint8_t _cmd = EP_MEM.dap_data[0];
    37c4:	90 91 6c 63 	lds	r25, 0x636C	; 0x80636c <EP_MEM+0x18>
/Users/askn/Develop/UPDI4AVR-USB/src/jtag.cpp:57
    uint8_t _sub = EP_MEM.dap_data[1];
    37c8:	80 91 6d 63 	lds	r24, 0x636D	; 0x80636d <EP_MEM+0x19>
/Users/askn/Develop/UPDI4AVR-USB/src/jtag.cpp:58
    EVSYS_SWEVENTA = EVSYS_SWEVENTA_CH2_gc;
    37cc:	24 e0       	ldi	r18, 0x04	; 4
    37ce:	20 93 00 02 	sts	0x0200, r18	; 0x800200 <__TEXT_REGION_LENGTH__+0x7f0200>
ep_dpi_pending():
/Users/askn/Develop/UPDI4AVR-USB/src/usb.cpp:272

  bool is_ep_setup (void) { return bit_is_set(EP_REQ.STATUS, USB_EPSETUP_bp); }
  bool is_not_dap (void) { return bit_is_clear(EP_DPO.STATUS, USB_BUSNAK_bp); }
  void ep_req_pending (void) { loop_until_bit_is_set(EP_REQ.STATUS, USB_BUSNAK_bp); }
  void ep_res_pending (void) { loop_until_bit_is_set(EP_RES.STATUS, USB_BUSNAK_bp); }
  void ep_dpi_pending (void) { loop_until_bit_is_set(EP_DPI.STATUS, USB_BUSNAK_bp); }
    37d2:	20 91 92 64 	lds	r18, 0x6492	; 0x806492 <EP_TABLE+0x20>
    37d6:	21 ff       	sbrs	r18, 1
    37d8:	fc cf       	rjmp	.-8      	; 0x37d2 <main+0x7d0>
dap_command_check():
/Users/askn/Develop/UPDI4AVR-USB/src/jtag.cpp:70
     * and the data is sent and received with a fixed length of 64 bytes,
     * determined by the value specified in the HID Report.
     * A maximum of 15 chunks is possible,
     * resulting in a maximum payload length of 900 bytes.
     */
    if (_cmd == 0x80) {             /* DAP_EDBG_VENDOR_AVR_CMD */
    37da:	90 38       	cpi	r25, 0x80	; 128
    37dc:	09 f0       	breq	.+2      	; 0x37e0 <main+0x7de>
    37de:	79 c0       	rjmp	.+242    	; 0x38d2 <main+0x8d0>
/Users/askn/Develop/UPDI4AVR-USB/src/jtag.cpp:71
      uint8_t _endf = _sub & 0x0F;
    37e0:	f8 2f       	mov	r31, r24
    37e2:	ff 70       	andi	r31, 0x0F	; 15
    37e4:	fd 83       	std	Y+5, r31	; 0x05
/Users/askn/Develop/UPDI4AVR-USB/src/jtag.cpp:72
      uint8_t _frag = _sub >> 4;
    37e6:	90 e0       	ldi	r25, 0x00	; 0
    37e8:	24 e0       	ldi	r18, 0x04	; 4
    37ea:	95 95       	asr	r25
    37ec:	87 95       	ror	r24
    37ee:	2a 95       	dec	r18
    37f0:	e1 f7       	brne	.-8      	; 0x37ea <main+0x7e8>
    37f2:	28 2e       	mov	r2, r24
/Users/askn/Develop/UPDI4AVR-USB/src/jtag.cpp:73
      uint8_t _size = EP_MEM.dap_data[3];
    37f4:	e0 90 6f 63 	lds	r14, 0x636F	; 0x80636f <EP_MEM+0x1b>
/Users/askn/Develop/UPDI4AVR-USB/src/jtag.cpp:74
      size_t  _ofst = (_frag - 1) * 60;
    37f8:	01 97       	sbiw	r24, 0x01	; 1
    37fa:	2c e3       	ldi	r18, 0x3C	; 60
    37fc:	28 9f       	mul	r18, r24
    37fe:	80 01       	movw	r16, r0
    3800:	29 9f       	mul	r18, r25
    3802:	10 0d       	add	r17, r0
    3804:	11 24       	eor	r1, r1
/Users/askn/Develop/UPDI4AVR-USB/src/jtag.cpp:75
      if (_endf >= 10) {
    3806:	fa 30       	cpi	r31, 0x0A	; 10
    3808:	20 f0       	brcs	.+8      	; 0x3812 <main+0x810>
/Users/askn/Develop/UPDI4AVR-USB/src/jtag.cpp:78
        /* Only a maximum of 540 bytes : 9 fragment records is accepted. */
        D1PRINTF("<EDBG_FAIL>\r\n");
        EP_MEM.dap_data[1] = 0x00;  /* EDBG_RSP_FAIL */
    380a:	10 92 6d 63 	sts	0x636D, r1	; 0x80636d <EP_MEM+0x19>
main():
/Users/askn/Develop/UPDI4AVR-USB/src/jtag.cpp:55
  /*
   * Command numbers 0x80 and above are vendor extensions, EDBG Payload uses 0x80 and x81.
   * Additionally, 0x82 is reserved for device event notification.
   */
  bool dap_command_check (void) {
    bool _result = false;
    380e:	00 e0       	ldi	r16, 0x00	; 0
    3810:	26 c0       	rjmp	.+76     	; 0x385e <main+0x85c>
dap_command_check():
/Users/askn/Develop/UPDI4AVR-USB/src/jtag.cpp:82
        D1PRINTF("<EDBG_FAIL>\r\n");
        EP_MEM.dap_data[1] = 0x00;  /* EDBG_RSP_FAIL */
      }
      else {
        /* Detect the first chunk. */
        if (_frag == 1) _packet_chunks = 0;
    3812:	21 e0       	ldi	r18, 0x01	; 1
    3814:	22 12       	cpse	r2, r18
    3816:	02 c0       	rjmp	.+4      	; 0x381c <main+0x81a>
    3818:	10 92 b4 60 	sts	0x60B4, r1	; 0x8060b4 <_packet_chunks>
/Users/askn/Develop/UPDI4AVR-USB/src/jtag.cpp:83
        ++_packet_chunks;
    381c:	80 91 b4 60 	lds	r24, 0x60B4	; 0x8060b4 <_packet_chunks>
    3820:	33 24       	eor	r3, r3
    3822:	33 94       	inc	r3
    3824:	38 0e       	add	r3, r24
    3826:	30 92 b4 60 	sts	0x60B4, r3	; 0x8060b4 <_packet_chunks>
/Users/askn/Develop/UPDI4AVR-USB/src/jtag.cpp:84
        memcpy(&packet.rawData[_ofst], &EP_MEM.dap_data[4], _size);
    382a:	f1 2c       	mov	r15, r1
    382c:	a7 01       	movw	r20, r14
    382e:	60 e7       	ldi	r22, 0x70	; 112
    3830:	73 e6       	ldi	r23, 0x63	; 99
    3832:	c8 01       	movw	r24, r16
    3834:	8b 52       	subi	r24, 0x2B	; 43
    3836:	9f 49       	sbci	r25, 0x9F	; 159
    3838:	58 d4       	rcall	.+2224   	; 0x40ea <memcpy>
/Users/askn/Develop/UPDI4AVR-USB/src/jtag.cpp:85
        EP_MEM.dap_data[1] = 0x01;  /* EDBG_RSP_OK */
    383a:	81 e0       	ldi	r24, 0x01	; 1
    383c:	80 93 6d 63 	sts	0x636D, r24	; 0x80636d <EP_MEM+0x19>
/Users/askn/Develop/UPDI4AVR-USB/src/jtag.cpp:87
        D3PRINTHEX(&EP_MEM.dap_data, _size + 4, ':');
        if (_endf == _frag) {       /* end of defragment */
    3840:	4d 81       	ldd	r20, Y+5	; 0x05
    3842:	42 11       	cpse	r20, r2
    3844:	e4 cf       	rjmp	.-56     	; 0x380e <main+0x80c>
/Users/askn/Develop/UPDI4AVR-USB/src/jtag.cpp:88
          _packet_length = _ofst + _size;
    3846:	0e 0d       	add	r16, r14
    3848:	1f 1d       	adc	r17, r15
    384a:	00 93 f1 62 	sts	0x62F1, r16	; 0x8062f1 <_packet_length>
    384e:	10 93 f2 62 	sts	0x62F2, r17	; 0x8062f2 <_packet_length+0x1>
/Users/askn/Develop/UPDI4AVR-USB/src/jtag.cpp:91
          D2PRINTF(" SQ=%03X:%03X<", packet.out.sequence, _packet_length);
          D2PRINTHEX(&packet, _packet_length, ':');
          if (_packet_chunks == _endf) {
    3852:	8d 81       	ldd	r24, Y+5	; 0x05
    3854:	83 11       	cpse	r24, r3
    3856:	d9 cf       	rjmp	.-78     	; 0x380a <main+0x808>
/Users/askn/Develop/UPDI4AVR-USB/src/jtag.cpp:94
            /* True if an EDBG Payload is received. */
            D2PRINTF("<EDBG_OK>\r\n");
            _packet_endfrag = 0;
    3858:	10 92 ba 60 	sts	0x60BA, r1	; 0x8060ba <_packet_endfrag>
main():
/Users/askn/Develop/UPDI4AVR-USB/src/jtag.cpp:95
            _result = true;
    385c:	01 e0       	ldi	r16, 0x01	; 1
ep_dpi_listen():
/Users/askn/Develop/UPDI4AVR-USB/src/usb.cpp:291
    loop_until_bit_is_clear(USB0_INTFLAGSB, USB_RMWBUSY_bp);
    USB_EP_STATUS_CLR(USB_EP_RES) = ~USB_TOGGLE_bm;
  }

  void ep_dpi_listen (void) {
    EP_DPI.CNT = 64;
    385e:	80 e4       	ldi	r24, 0x40	; 64
    3860:	90 e0       	ldi	r25, 0x00	; 0
    3862:	80 93 94 64 	sts	0x6494, r24	; 0x806494 <EP_TABLE+0x22>
    3866:	90 93 95 64 	sts	0x6495, r25	; 0x806495 <EP_TABLE+0x23>
/Users/askn/Develop/UPDI4AVR-USB/src/usb.cpp:292
    EP_DPI.MCNT = 0;
    386a:	10 92 98 64 	sts	0x6498, r1	; 0x806498 <EP_TABLE+0x26>
    386e:	10 92 99 64 	sts	0x6499, r1	; 0x806499 <EP_TABLE+0x27>
/Users/askn/Develop/UPDI4AVR-USB/src/usb.cpp:293
    loop_until_bit_is_clear(USB0_INTFLAGSB, USB_RMWBUSY_bp);
    3872:	80 91 0b 0c 	lds	r24, 0x0C0B	; 0x800c0b <__TEXT_REGION_LENGTH__+0x7f0c0b>
    3876:	82 fd       	sbrc	r24, 2
    3878:	fc cf       	rjmp	.-8      	; 0x3872 <main+0x870>
/Users/askn/Develop/UPDI4AVR-USB/src/usb.cpp:294
    USB_EP_STATUS_CLR(USB_EP_DPI) = ~USB_TOGGLE_bm;
    387a:	8e ef       	ldi	r24, 0xFE	; 254
    387c:	80 93 46 0c 	sts	0x0C46, r24	; 0x800c46 <__TEXT_REGION_LENGTH__+0x7f0c46>
ep_dpo_listen():
/Users/askn/Develop/UPDI4AVR-USB/src/usb.cpp:298
  }

  void ep_dpo_listen (void) {
    EP_DPO.CNT = 0;
    3880:	10 92 9c 64 	sts	0x649C, r1	; 0x80649c <EP_TABLE+0x2a>
    3884:	10 92 9d 64 	sts	0x649D, r1	; 0x80649d <EP_TABLE+0x2b>
/Users/askn/Develop/UPDI4AVR-USB/src/usb.cpp:299
    loop_until_bit_is_clear(USB0_INTFLAGSB, USB_RMWBUSY_bp);
    3888:	80 91 0b 0c 	lds	r24, 0x0C0B	; 0x800c0b <__TEXT_REGION_LENGTH__+0x7f0c0b>
    388c:	82 fd       	sbrc	r24, 2
    388e:	fc cf       	rjmp	.-8      	; 0x3888 <main+0x886>
/Users/askn/Develop/UPDI4AVR-USB/src/usb.cpp:300
    USB_EP_STATUS_CLR(USB_EP_DPO) = ~USB_TOGGLE_bm;
    3890:	8e ef       	ldi	r24, 0xFE	; 254
    3892:	80 93 48 0c 	sts	0x0C48, r24	; 0x800c48 <__TEXT_REGION_LENGTH__+0x7f0c48>
main():
/Users/askn/Develop/UPDI4AVR-USB/src/main.cpp:175
      continue;
    }
    _wdt = true;

    /*** CMSIS-DAP and JTAG3 packet receiver ***/
    if (JTAG::dap_command_check()) JTAG::jtag_scope_branch();
    3896:	00 23       	and	r16, r16
    3898:	09 f4       	brne	.+2      	; 0x389c <main+0x89a>
    389a:	7e cc       	rjmp	.-1796   	; 0x3198 <main+0x196>
jtag_scope_branch():
/Users/askn/Develop/UPDI4AVR-USB/src/jtag.cpp:461

  /* Processing branches depending on the scope specifier. */
  /* Currently, four types of scope are known: */
  void jtag_scope_branch (void) {
    size_t _rspsize = 0;
    uint8_t _scope  = packet.out.scope;
    389c:	90 91 d9 60 	lds	r25, 0x60D9	; 0x8060d9 <packet+0x4>
/Users/askn/Develop/UPDI4AVR-USB/src/jtag.cpp:467
    D1PRINTF("SQ=%d:%d>SCOPE=%02X,C=%02X",
      packet.out.sequence,  /* dw */
      _packet_length,       /* dw */
      _scope,               /* b */
      packet.out.cmd);      /* b */
    if      (_scope == 0x01) _rspsize = jtag_scope_general();       /* SCOPE_GENERAL */
    38a0:	91 30       	cpi	r25, 0x01	; 1
    38a2:	09 f0       	breq	.+2      	; 0x38a6 <main+0x8a4>
    38a4:	d9 c0       	rjmp	.+434    	; 0x3a58 <main+0xa56>
jtag_scope_general():
/Users/askn/Develop/UPDI4AVR-USB/src/jtag.cpp:184
  // MARK: JTAG

  /*** Only a subset of JTAGICE3 commands are implemented. ***/
  size_t jtag_scope_general (void) {
    size_t  _rspsize = 0;
    uint8_t _cmd     = packet.out.cmd;
    38a6:	20 91 da 60 	lds	r18, 0x60DA	; 0x8060da <packet+0x5>
/Users/askn/Develop/UPDI4AVR-USB/src/jtag.cpp:185
    uint8_t _section = packet.out.section;
    38aa:	30 91 dc 60 	lds	r19, 0x60DC	; 0x8060dc <packet+0x7>
/Users/askn/Develop/UPDI4AVR-USB/src/jtag.cpp:186
    uint8_t _index   = packet.out.index;
    38ae:	60 91 dd 60 	lds	r22, 0x60DD	; 0x8060dd <packet+0x8>
/Users/askn/Develop/UPDI4AVR-USB/src/jtag.cpp:187
    uint8_t _length  = packet.out.length;
    38b2:	00 91 de 60 	lds	r16, 0x60DE	; 0x8060de <packet+0x9>
/Users/askn/Develop/UPDI4AVR-USB/src/jtag.cpp:188
    if (_cmd == 0x02) {             /* CMD3_GET_PARAMETER */
    38b6:	22 30       	cpi	r18, 0x02	; 2
    38b8:	09 f0       	breq	.+2      	; 0x38bc <main+0x8ba>
    38ba:	87 c0       	rjmp	.+270    	; 0x39ca <main+0x9c8>
    38bc:	10 e0       	ldi	r17, 0x00	; 0
/Users/askn/Develop/UPDI4AVR-USB/src/jtag.cpp:191
      D1PRINTF(",S=%02X,I=%02X,L=%02X\r\n", _section, _index, _length);
      D1PRINTF(" GEN_GET_PARAM\r\n");
      if (_section == 0) {          /* SET_GET_CTXT_CONFIG */
    38be:	31 11       	cpse	r19, r1
    38c0:	67 c0       	rjmp	.+206    	; 0x3990 <main+0x98e>
/Users/askn/Develop/UPDI4AVR-USB/src/jtag.cpp:193
        /* _index == 0-5 */
        memcpy_P(&packet.in.data[0], &jtag_version[_index], _length);
    38c2:	70 e0       	ldi	r23, 0x00	; 0
    38c4:	64 50       	subi	r22, 0x04	; 4
/Users/askn/Develop/UPDI4AVR-USB/src/jtag.cpp:207
          packet.in.wValue = _vtarget;
        }
        else {                      /* PARM3_ANALOG_XXXX */
          /* Called with PowerDebugger HAS_VTARG_ADJ */
          D1PRINTF(" PHYSICAL\r\n");
          memcpy_P(&packet.in.data[0], &jtag_physical[_index & 7], _length);
    38c6:	7e 4f       	sbci	r23, 0xFE	; 254
    38c8:	a8 01       	movw	r20, r16
    38ca:	8c ed       	ldi	r24, 0xDC	; 220
    38cc:	90 e6       	ldi	r25, 0x60	; 96
    38ce:	9e d3       	rcall	.+1852   	; 0x400c <memcpy_P>
    38d0:	6e c0       	rjmp	.+220    	; 0x39ae <main+0x9ac>
dap_command_check():
/Users/askn/Develop/UPDI4AVR-USB/src/jtag.cpp:105
            EP_MEM.dap_data[1] = 0x00;  /* EDBG_RSP_FAIL */
          }
        }
      }
    }
    else if (_cmd == 0x81) {        /* DAP_EDBG_VENDOR_AVR_RSP */
    38d2:	91 38       	cpi	r25, 0x81	; 129
    38d4:	a9 f5       	brne	.+106    	; 0x3940 <main+0x93e>
/Users/askn/Develop/UPDI4AVR-USB/src/jtag.cpp:106
      EP_MEM.dap_data[2] = 0;       /* Always zero */
    38d6:	10 92 6e 63 	sts	0x636E, r1	; 0x80636e <EP_MEM+0x1a>
/Users/askn/Develop/UPDI4AVR-USB/src/jtag.cpp:107
      if (_packet_endfrag == 0) {
    38da:	90 91 ba 60 	lds	r25, 0x60BA	; 0x8060ba <_packet_endfrag>
    38de:	91 11       	cpse	r25, r1
    38e0:	05 c0       	rjmp	.+10     	; 0x38ec <main+0x8ea>
/Users/askn/Develop/UPDI4AVR-USB/src/jtag.cpp:109
        D1PRINTF("<EDBG_EMPTY>\r\n");
        EP_MEM.dap_data[1] = 0;
    38e2:	10 92 6d 63 	sts	0x636D, r1	; 0x80636d <EP_MEM+0x19>
/Users/askn/Develop/UPDI4AVR-USB/src/jtag.cpp:129
      if (_sub == 0xFF              /* DAP_INFO_PACKET_SIZE      */
       || _sub == 0xFB              /* UART Receive Buffer Size  */
       || _sub == 0xFC) {           /* UART Transmit Buffer Size */
        EP_MEM.dap_data[1] = 0x02;  /* length=2 */
        EP_MEM.dap_data[2] = 0x40;  /* MaxPacketSize = 64 */
        EP_MEM.dap_data[3] = 0x00;
    38e6:	10 92 6f 63 	sts	0x636F, r1	; 0x80636f <EP_MEM+0x1b>
    38ea:	91 cf       	rjmp	.-222    	; 0x380e <main+0x80c>
/Users/askn/Develop/UPDI4AVR-USB/src/jtag.cpp:113
        D1PRINTF("<EDBG_EMPTY>\r\n");
        EP_MEM.dap_data[1] = 0;
        EP_MEM.dap_data[3] = 0;
      }
      else {
        memcpy(&EP_MEM.dap_data[4], &packet.in.token + (_packet_fragment * 60), 60);
    38ec:	80 91 bb 60 	lds	r24, 0x60BB	; 0x8060bb <_packet_fragment>
    38f0:	2c e3       	ldi	r18, 0x3C	; 60
    38f2:	82 9f       	mul	r24, r18
    38f4:	f0 01       	movw	r30, r0
    38f6:	11 24       	eor	r1, r1
    38f8:	ea 52       	subi	r30, 0x2A	; 42
    38fa:	ff 49       	sbci	r31, 0x9F	; 159
    38fc:	a0 e7       	ldi	r26, 0x70	; 112
    38fe:	b3 e6       	ldi	r27, 0x63	; 99
    3900:	01 90       	ld	r0, Z+
    3902:	0d 92       	st	X+, r0
    3904:	2a 95       	dec	r18
    3906:	e1 f7       	brne	.-8      	; 0x3900 <main+0x8fe>
/Users/askn/Develop/UPDI4AVR-USB/src/jtag.cpp:114
        EP_MEM.dap_data[1] = ((++_packet_fragment) << 4) | _packet_endfrag;
    3908:	8f 5f       	subi	r24, 0xFF	; 255
    390a:	80 93 bb 60 	sts	0x60BB, r24	; 0x8060bb <_packet_fragment>
    390e:	e0 e1       	ldi	r30, 0x10	; 16
    3910:	8e 9f       	mul	r24, r30
    3912:	90 01       	movw	r18, r0
    3914:	11 24       	eor	r1, r1
    3916:	29 2b       	or	r18, r25
    3918:	20 93 6d 63 	sts	0x636D, r18	; 0x80636d <EP_MEM+0x19>
    391c:	20 91 f1 62 	lds	r18, 0x62F1	; 0x8062f1 <_packet_length>
    3920:	30 91 f2 62 	lds	r19, 0x62F2	; 0x8062f2 <_packet_length+0x1>
/Users/askn/Develop/UPDI4AVR-USB/src/jtag.cpp:115
        EP_MEM.dap_data[3] = _packet_fragment == _packet_endfrag ? _packet_length : 60;
    3924:	98 17       	cp	r25, r24
    3926:	51 f0       	breq	.+20     	; 0x393c <main+0x93a>
    3928:	8c e3       	ldi	r24, 0x3C	; 60
    392a:	80 93 6f 63 	sts	0x636F, r24	; 0x80636f <EP_MEM+0x1b>
/Users/askn/Develop/UPDI4AVR-USB/src/jtag.cpp:116
        _packet_length -= 60;
    392e:	2c 53       	subi	r18, 0x3C	; 60
    3930:	31 09       	sbc	r19, r1
    3932:	20 93 f1 62 	sts	0x62F1, r18	; 0x8062f1 <_packet_length>
    3936:	30 93 f2 62 	sts	0x62F2, r19	; 0x8062f2 <_packet_length+0x1>
    393a:	69 cf       	rjmp	.-302    	; 0x380e <main+0x80c>
/Users/askn/Develop/UPDI4AVR-USB/src/jtag.cpp:115
        EP_MEM.dap_data[3] = 0;
      }
      else {
        memcpy(&EP_MEM.dap_data[4], &packet.in.token + (_packet_fragment * 60), 60);
        EP_MEM.dap_data[1] = ((++_packet_fragment) << 4) | _packet_endfrag;
        EP_MEM.dap_data[3] = _packet_fragment == _packet_endfrag ? _packet_length : 60;
    393c:	82 2f       	mov	r24, r18
    393e:	f5 cf       	rjmp	.-22     	; 0x392a <main+0x928>
/Users/askn/Develop/UPDI4AVR-USB/src/jtag.cpp:123
        D3PRINTHEX(&EP_MEM.dap_data, EP_MEM.dap_data[3] + 4, ':');
      }
    }

    /*** DAP Standard ***/
    else if (_cmd == 0x00) {        /* DAP_CMD_INFO */
    3940:	91 11       	cpse	r25, r1
    3942:	1a c0       	rjmp	.+52     	; 0x3978 <main+0x976>
/Users/askn/Develop/UPDI4AVR-USB/src/jtag.cpp:124
      if (_sub == 0xFF              /* DAP_INFO_PACKET_SIZE      */
    3944:	8f 3f       	cpi	r24, 0xFF	; 255
    3946:	21 f0       	breq	.+8      	; 0x3950 <main+0x94e>
/Users/askn/Develop/UPDI4AVR-USB/src/jtag.cpp:125
       || _sub == 0xFB              /* UART Receive Buffer Size  */
    3948:	95 e0       	ldi	r25, 0x05	; 5
    394a:	98 0f       	add	r25, r24
    394c:	92 30       	cpi	r25, 0x02	; 2
    394e:	38 f4       	brcc	.+14     	; 0x395e <main+0x95c>
/Users/askn/Develop/UPDI4AVR-USB/src/jtag.cpp:127
       || _sub == 0xFC) {           /* UART Transmit Buffer Size */
        EP_MEM.dap_data[1] = 0x02;  /* length=2 */
    3950:	82 e0       	ldi	r24, 0x02	; 2
    3952:	80 93 6d 63 	sts	0x636D, r24	; 0x80636d <EP_MEM+0x19>
/Users/askn/Develop/UPDI4AVR-USB/src/jtag.cpp:128
        EP_MEM.dap_data[2] = 0x40;  /* MaxPacketSize = 64 */
    3956:	80 e4       	ldi	r24, 0x40	; 64
    3958:	80 93 6e 63 	sts	0x636E, r24	; 0x80636e <EP_MEM+0x1a>
    395c:	c4 cf       	rjmp	.-120    	; 0x38e6 <main+0x8e4>
/Users/askn/Develop/UPDI4AVR-USB/src/jtag.cpp:133
        EP_MEM.dap_data[3] = 0x00;
        D3PRINTF(" PI=");
        D3PRINTHEX(&EP_MEM.dap_data, 4, ':');
      }
      else if (_sub == 0xF1) {      /* DAP_INFO_Capabilities */
    395e:	81 3f       	cpi	r24, 0xF1	; 241
    3960:	09 f0       	breq	.+2      	; 0x3964 <main+0x962>
    3962:	55 cf       	rjmp	.-342    	; 0x380e <main+0x80c>
/Users/askn/Develop/UPDI4AVR-USB/src/jtag.cpp:134
        EP_MEM.dap_data[1] = 0x02;  /* length=2 */
    3964:	82 e0       	ldi	r24, 0x02	; 2
    3966:	80 93 6d 63 	sts	0x636D, r24	; 0x80636d <EP_MEM+0x19>
/Users/askn/Develop/UPDI4AVR-USB/src/jtag.cpp:135
        EP_MEM.dap_data[2] = 0x80;  /* 7:UART Communication Port */
    396a:	80 e8       	ldi	r24, 0x80	; 128
    396c:	80 93 6e 63 	sts	0x636E, r24	; 0x80636e <EP_MEM+0x1a>
/Users/askn/Develop/UPDI4AVR-USB/src/jtag.cpp:136
        EP_MEM.dap_data[3] = 0x01;  /* 1:USB COM Port */
    3970:	81 e0       	ldi	r24, 0x01	; 1
    3972:	80 93 6f 63 	sts	0x636F, r24	; 0x80636f <EP_MEM+0x1b>
    3976:	4b cf       	rjmp	.-362    	; 0x380e <main+0x80c>
/Users/askn/Develop/UPDI4AVR-USB/src/jtag.cpp:141
        D3PRINTF(" PI=");
        D3PRINTHEX(&EP_MEM.dap_data, 4, ':');
      }
    }
    else if (_cmd == 0x02) {        /* DAP_CMD_CONNECT */
    3978:	92 30       	cpi	r25, 0x02	; 2
    397a:	09 f4       	brne	.+2      	; 0x397e <main+0x97c>
    397c:	48 cf       	rjmp	.-368    	; 0x380e <main+0x80c>
/Users/askn/Develop/UPDI4AVR-USB/src/jtag.cpp:147
      /* EP_MEM.dap_data[1] == CONN_TYPE */
      /* Here, the response is returned without processing. */
      D3PRINTF(" PI=");
      D3PRINTHEX(&EP_MEM.dap_data, 2, ':');
    }
    else if (_cmd == 0x01           /* DAP_CMD_HOSTSTATUS */
    397e:	91 30       	cpi	r25, 0x01	; 1
    3980:	19 f4       	brne	.+6      	; 0x3988 <main+0x986>
/Users/askn/Develop/UPDI4AVR-USB/src/jtag.cpp:148
          && _sub == 0x00) {        /* DAP_LED_CONNECT */
    3982:	81 11       	cpse	r24, r1
    3984:	42 cf       	rjmp	.-380    	; 0x380a <main+0x808>
    3986:	43 cf       	rjmp	.-378    	; 0x380e <main+0x80c>
/Users/askn/Develop/UPDI4AVR-USB/src/jtag.cpp:154
      /* EP_MEM.dap_data[2] == LED_ON/OFF */
      /* Here, the response is returned without processing. */
      D3PRINTF(" PI=");
      D3PRINTHEX(&EP_MEM.dap_data, 3, ':');
    }
    else if (_cmd == 0x03) {        /* DAP_CMD_DISCONNECT */
    3988:	93 30       	cpi	r25, 0x03	; 3
    398a:	09 f0       	breq	.+2      	; 0x398e <main+0x98c>
    398c:	3e cf       	rjmp	.-388    	; 0x380a <main+0x808>
    398e:	3f cf       	rjmp	.-386    	; 0x380e <main+0x80c>
jtag_scope_general():
/Users/askn/Develop/UPDI4AVR-USB/src/jtag.cpp:197
        /* _index == 0-5 */
        memcpy_P(&packet.in.data[0], &jtag_version[_index], _length);
        D1PRINTF(" VESRION=");
        D1PRINTHEX(&packet.in.data[0], _length, ':');
      }
      else if (_section == 1) {     /* SET_GET_CTXT_PHYSICAL */
    3990:	31 30       	cpi	r19, 0x01	; 1
    3992:	69 f4       	brne	.+26     	; 0x39ae <main+0x9ac>
/Users/askn/Develop/UPDI4AVR-USB/src/jtag.cpp:198
        if (_index == 0 || _index == 0x20) {  /* PARM3_VTARGET */
    3994:	86 2f       	mov	r24, r22
    3996:	8f 7d       	andi	r24, 0xDF	; 223
    3998:	99 f4       	brne	.+38     	; 0x39c0 <main+0x9be>
/Users/askn/Develop/UPDI4AVR-USB/src/jtag.cpp:200
          /* Called with `-xvtarget` HAS_VTARG_READ */
          _vtarget = SYS::get_vdd();
    399a:	0e 94 50 05 	call	0xaa0	; 0xaa0 <SYS::get_vdd()>
    399e:	80 93 b8 60 	sts	0x60B8, r24	; 0x8060b8 <_vtarget>
    39a2:	90 93 b9 60 	sts	0x60B9, r25	; 0x8060b9 <_vtarget+0x1>
/Users/askn/Develop/UPDI4AVR-USB/src/jtag.cpp:202
          D1PRINTF(" VTARGET=%d\r\n", _vtarget);
          packet.in.wValue = _vtarget;
    39a6:	80 93 dc 60 	sts	0x60DC, r24	; 0x8060dc <packet+0x7>
    39aa:	90 93 dd 60 	sts	0x60DD, r25	; 0x8060dd <packet+0x8>
/Users/askn/Develop/UPDI4AVR-USB/src/jtag.cpp:210
          /* Called with PowerDebugger HAS_VTARG_ADJ */
          D1PRINTF(" PHYSICAL\r\n");
          memcpy_P(&packet.in.data[0], &jtag_physical[_index & 7], _length);
        }
      }
      packet.in.res = 0x184;        /* RSP3_DATA */
    39ae:	84 e8       	ldi	r24, 0x84	; 132
    39b0:	91 e0       	ldi	r25, 0x01	; 1
    39b2:	80 93 da 60 	sts	0x60DA, r24	; 0x8060da <packet+0x5>
    39b6:	90 93 db 60 	sts	0x60DB, r25	; 0x8060db <packet+0x6>
/Users/askn/Develop/UPDI4AVR-USB/src/jtag.cpp:211
      _rspsize = _length + 1;
    39ba:	c8 01       	movw	r24, r16
jtag_scope_avr_core():
/Users/askn/Develop/UPDI4AVR-USB/src/jtag.cpp:424
          D1PRINTF(" XCLK=%d\r\n", _xclk);
          packet.in.wValue = _xclk;
        }
      }
      packet.in.res = 0x184;        /* RSP3_DATA */
      _rspsize = _length + 1;
    39bc:	01 96       	adiw	r24, 0x01	; 1
    39be:	23 c0       	rjmp	.+70     	; 0x3a06 <main+0xa04>
jtag_scope_general():
/Users/askn/Develop/UPDI4AVR-USB/src/jtag.cpp:207
          packet.in.wValue = _vtarget;
        }
        else {                      /* PARM3_ANALOG_XXXX */
          /* Called with PowerDebugger HAS_VTARG_ADJ */
          D1PRINTF(" PHYSICAL\r\n");
          memcpy_P(&packet.in.data[0], &jtag_physical[_index & 7], _length);
    39c0:	67 70       	andi	r22, 0x07	; 7
    39c2:	70 e0       	ldi	r23, 0x00	; 0
    39c4:	6c 50       	subi	r22, 0x0C	; 12
    39c6:	7e 4f       	sbci	r23, 0xFE	; 254
    39c8:	7f cf       	rjmp	.-258    	; 0x38c8 <main+0x8c6>
/Users/askn/Develop/UPDI4AVR-USB/src/jtag.cpp:213
        }
      }
      packet.in.res = 0x184;        /* RSP3_DATA */
      _rspsize = _length + 1;
    }
    else if (_cmd == 0x10) {        /* CMD3_SIGN_ON */
    39ca:	20 31       	cpi	r18, 0x10	; 16
    39cc:	a1 f5       	brne	.+104    	; 0x3a36 <main+0xa34>
/Users/askn/Develop/UPDI4AVR-USB/src/jtag.cpp:215
      D1PRINTF(" GEN_SIGN_ON\r\n");
      PGCONF = 0;
    39ce:	1f ba       	out	0x1f, r1	; 31
/Users/askn/Develop/UPDI4AVR-USB/src/jtag.cpp:216
      _jtag_hvctrl = 0;
    39d0:	10 92 d4 60 	sts	0x60D4, r1	; 0x8060d4 <_jtag_hvctrl>
/Users/askn/Develop/UPDI4AVR-USB/src/jtag.cpp:218
      _jtag_unlock = 0;   /* This is not used. */
      _jtag_arch = 0;
    39d4:	10 92 51 63 	sts	0x6351, r1	; 0x806351 <_jtag_arch>
/Users/askn/Develop/UPDI4AVR-USB/src/jtag.cpp:219
      _jtag_vpow = 1;
    39d8:	90 93 23 63 	sts	0x6323, r25	; 0x806323 <_jtag_vpow>
/Users/askn/Develop/UPDI4AVR-USB/src/jtag.cpp:220
      _xclk = ISP_CLK;
    39dc:	8a ef       	ldi	r24, 0xFA	; 250
    39de:	90 e0       	ldi	r25, 0x00	; 0
    39e0:	80 93 52 63 	sts	0x6352, r24	; 0x806352 <_xclk>
    39e4:	90 93 53 63 	sts	0x6353, r25	; 0x806353 <_xclk+0x1>
/Users/askn/Develop/UPDI4AVR-USB/src/jtag.cpp:221
      packet.in.res = 0x80;         /* RSP3_OK */
    39e8:	80 e8       	ldi	r24, 0x80	; 128
    39ea:	90 e0       	ldi	r25, 0x00	; 0
    39ec:	80 93 da 60 	sts	0x60DA, r24	; 0x8060da <packet+0x5>
    39f0:	90 93 db 60 	sts	0x60DB, r25	; 0x8060db <packet+0x6>
/Users/askn/Develop/UPDI4AVR-USB/src/jtag.cpp:222
      memcpy_P(&packet.in.data, jtag_sign_on, sizeof(jtag_sign_on));
    39f4:	49 e0       	ldi	r20, 0x09	; 9
    39f6:	50 e0       	ldi	r21, 0x00	; 0
    39f8:	6b ee       	ldi	r22, 0xEB	; 235
    39fa:	71 e0       	ldi	r23, 0x01	; 1
    39fc:	8c ed       	ldi	r24, 0xDC	; 220
    39fe:	90 e6       	ldi	r25, 0x60	; 96
    3a00:	05 d3       	rcall	.+1546   	; 0x400c <memcpy_P>
main():
/Users/askn/Develop/UPDI4AVR-USB/src/jtag.cpp:223
      _rspsize = sizeof(jtag_sign_on);
    3a02:	89 e0       	ldi	r24, 0x09	; 9
    3a04:	90 e0       	ldi	r25, 0x00	; 0
complete_jtag_transactions():
/Users/askn/Develop/UPDI4AVR-USB/src/jtag.cpp:168
    return _result; /* True if an EDBG Payload is received. */
  }

  /*** Prepare for EDBG payload request from device to host ***/
  void complete_jtag_transactions (size_t _length) {
    _packet_length = _length + 6; /* TOKEN + SEQ[2] + EOT + PAD */
    3a06:	9c 01       	movw	r18, r24
    3a08:	2a 5f       	subi	r18, 0xFA	; 250
    3a0a:	3f 4f       	sbci	r19, 0xFF	; 255
    3a0c:	20 93 f1 62 	sts	0x62F1, r18	; 0x8062f1 <_packet_length>
    3a10:	30 93 f2 62 	sts	0x62F2, r19	; 0x8062f2 <_packet_length+0x1>
/Users/askn/Develop/UPDI4AVR-USB/src/jtag.cpp:169
    _packet_fragment = 0;
    3a14:	10 92 bb 60 	sts	0x60BB, r1	; 0x8060bb <_packet_fragment>
/Users/askn/Develop/UPDI4AVR-USB/src/jtag.cpp:170
    _packet_endfrag = (_length + 65) / 60;  /* 1 to 15 */
    3a18:	8f 5b       	subi	r24, 0xBF	; 191
    3a1a:	9f 4f       	sbci	r25, 0xFF	; 255
    3a1c:	6c e3       	ldi	r22, 0x3C	; 60
    3a1e:	70 e0       	ldi	r23, 0x00	; 0
    3a20:	fe d2       	rcall	.+1532   	; 0x401e <__udivmodhi4>
    3a22:	60 93 ba 60 	sts	0x60BA, r22	; 0x8060ba <_packet_endfrag>
/Users/askn/Develop/UPDI4AVR-USB/src/jtag.cpp:171
    packet.in.token = 0x0E;                 /* TOKEN */
    3a26:	8e e0       	ldi	r24, 0x0E	; 14
    3a28:	80 93 d6 60 	sts	0x60D6, r24	; 0x8060d6 <packet+0x1>
/Users/askn/Develop/UPDI4AVR-USB/src/jtag.cpp:172
    packet.rawData[_packet_length] = 0;     /* EOT */
    3a2c:	2b 52       	subi	r18, 0x2B	; 43
    3a2e:	3f 49       	sbci	r19, 0x9F	; 159
    3a30:	f9 01       	movw	r30, r18
    3a32:	10 82       	st	Z, r1
    3a34:	b1 cb       	rjmp	.-2206   	; 0x3198 <main+0x196>
jtag_scope_general():
/Users/askn/Develop/UPDI4AVR-USB/src/jtag.cpp:225
      _xclk = ISP_CLK;
      packet.in.res = 0x80;         /* RSP3_OK */
      memcpy_P(&packet.in.data, jtag_sign_on, sizeof(jtag_sign_on));
      _rspsize = sizeof(jtag_sign_on);
    }
    else if (_cmd == 0x11) {        /* CMD3_SIGN_OFF */
    3a36:	21 31       	cpi	r18, 0x11	; 17
    3a38:	61 f4       	brne	.+24     	; 0x3a52 <main+0xa50>
/Users/askn/Develop/UPDI4AVR-USB/src/jtag.cpp:227
      D1PRINTF(" GEN_SIGN_OFF\r\n");
      if (bit_is_clear(GPCONF, GPCONF_VCP_bp)) {
    3a3a:	f1 99       	sbic	0x1e, 1	; 30
    3a3c:	04 c0       	rjmp	.+8      	; 0x3a46 <main+0xa44>
/Users/askn/Develop/UPDI4AVR-USB/src/jtag.cpp:228
        USART::setup();
    3a3e:	0e 94 42 0b 	call	0x1684	; 0x1684 <USART::setup()>
/Users/askn/Develop/UPDI4AVR-USB/src/jtag.cpp:229
        USART::change_vcp();
    3a42:	0e 94 d4 05 	call	0xba8	; 0xba8 <USART::change_vcp()>
/Users/askn/Develop/UPDI4AVR-USB/src/jtag.cpp:231
      }
      packet.in.res = 0x80;         /* RSP3_OK */
    3a46:	80 e8       	ldi	r24, 0x80	; 128
    3a48:	90 e0       	ldi	r25, 0x00	; 0
jtag_scope_avr_core():
/Users/askn/Develop/UPDI4AVR-USB/src/jtag.cpp:450
      D1PRINTF(" AVR_START_DW_DEBUG:ARCH=%d:FAILED\r\n", _jtag_arch);
      /* Not yet supported. */
    }
    else {
      D1PRINTF(" AVR_CMD?[%02X] ARCH=%d\r\n", _cmd, _jtag_arch);
      packet.in.res = 0xA0;         /* RSP3_FAILED */
    3a4a:	80 93 da 60 	sts	0x60DA, r24	; 0x8060da <packet+0x5>
    3a4e:	90 93 db 60 	sts	0x60DB, r25	; 0x8060db <packet+0x6>
main():
/Users/askn/Develop/UPDI4AVR-USB/src/jtag.cpp:183

  // MARK: JTAG

  /*** Only a subset of JTAGICE3 commands are implemented. ***/
  size_t jtag_scope_general (void) {
    size_t  _rspsize = 0;
    3a52:	90 e0       	ldi	r25, 0x00	; 0
    3a54:	80 e0       	ldi	r24, 0x00	; 0
/Users/askn/Develop/UPDI4AVR-USB/src/jtag.cpp:473
  #ifdef _Not_yet_implemented_stub_
    else if (_scope == 0x00) _rspsize = jtag_scope_info();          /* SCOPE_INFO */ /* Not used with EDBG/CMSIS-DAP type */
    else if (_scope == 0x13) _rspsize = AVR32::jtag_scope_avr32();  /* SCOPE_AVR32 */
  #endif
  #ifdef CONFIG_PGM_ISP_ENABLE
    else if (_scope == 0x11) _rspsize = ISP::jtag_scope_isp();      /* SCOPE_AVR_ISP */
    3a56:	d7 cf       	rjmp	.-82     	; 0x3a06 <main+0xa04>
jtag_scope_branch():
    3a58:	91 31       	cpi	r25, 0x11	; 17
    3a5a:	11 f4       	brne	.+4      	; 0x3a60 <main+0xa5e>
    3a5c:	e1 d9       	rcall	.-3134   	; 0x2e20 <ISP::jtag_scope_isp()>
    3a5e:	d3 cf       	rjmp	.-90     	; 0x3a06 <main+0xa04>
/Users/askn/Develop/UPDI4AVR-USB/src/jtag.cpp:475
  #endif
    else if (_scope == 0x12) _rspsize = jtag_scope_avr_core();      /* SCOPE_AVR */
    3a60:	92 31       	cpi	r25, 0x12	; 18
    3a62:	09 f0       	breq	.+2      	; 0x3a66 <main+0xa64>
    3a64:	e4 c1       	rjmp	.+968    	; 0x3e2e <main+0xe2c>
jtag_scope_avr_core():
/Users/askn/Develop/UPDI4AVR-USB/src/jtag.cpp:286
  // MARK: SCOPE

  /* The AVR scope is further branched by the ARCH designator. */
  size_t jtag_scope_avr_core (void) {
    size_t  _rspsize = 0;
    uint8_t _cmd     = packet.out.cmd;
    3a66:	90 91 da 60 	lds	r25, 0x60DA	; 0x8060da <packet+0x5>
/Users/askn/Develop/UPDI4AVR-USB/src/jtag.cpp:287
    uint8_t _section = packet.out.section;
    3a6a:	20 91 dc 60 	lds	r18, 0x60DC	; 0x8060dc <packet+0x7>
/Users/askn/Develop/UPDI4AVR-USB/src/jtag.cpp:288
    uint8_t _index   = packet.out.index;
    3a6e:	30 91 dd 60 	lds	r19, 0x60DD	; 0x8060dd <packet+0x8>
/Users/askn/Develop/UPDI4AVR-USB/src/jtag.cpp:289
    uint8_t _length  = packet.out.length;
    3a72:	40 91 de 60 	lds	r20, 0x60DE	; 0x8060de <packet+0x9>
/Users/askn/Develop/UPDI4AVR-USB/src/jtag.cpp:290
    if (_cmd == 0x01) {             /* CMD3_SET_PARAMETER */
    3a76:	91 30       	cpi	r25, 0x01	; 1
    3a78:	09 f0       	breq	.+2      	; 0x3a7c <main+0xa7a>
    3a7a:	54 c0       	rjmp	.+168    	; 0x3b24 <main+0xb22>
/Users/askn/Develop/UPDI4AVR-USB/src/jtag.cpp:292
      D1PRINTF(",S=%02X,I=%02X,L=%02X\r\n", _section, _index, _length);
      packet.out.setData[_length] = 0;
    3a7c:	e4 2f       	mov	r30, r20
    3a7e:	f0 e0       	ldi	r31, 0x00	; 0
    3a80:	eb 52       	subi	r30, 0x2B	; 43
    3a82:	ff 49       	sbci	r31, 0x9F	; 159
    3a84:	12 86       	std	Z+10, r1	; 0x0a
/Users/askn/Develop/UPDI4AVR-USB/src/jtag.cpp:293
      uint16_t _data = packet.out.wValue;
    3a86:	60 91 df 60 	lds	r22, 0x60DF	; 0x8060df <packet+0xa>
    3a8a:	70 91 e0 60 	lds	r23, 0x60E0	; 0x8060e0 <packet+0xb>
/Users/askn/Develop/UPDI4AVR-USB/src/jtag.cpp:306
      }
      else {
        D1PRINTF(" AVR_SET_PARAM=%04X\r\n", _data);
      }
  #endif
      if (_section == 0) {          /* SET_GET_CTXT_CONFIG */
    3a8e:	21 11       	cpse	r18, r1
    3a90:	19 c0       	rjmp	.+50     	; 0x3ac4 <main+0xac2>
/Users/askn/Develop/UPDI4AVR-USB/src/jtag.cpp:307
        if (_index == 0) {          /* PARM3_ARCH */
    3a92:	31 11       	cpse	r19, r1
    3a94:	d8 cf       	rjmp	.-80     	; 0x3a46 <main+0xa44>
/Users/askn/Develop/UPDI4AVR-USB/src/jtag.cpp:310
          uint8_t _d = _data;
          D1PRINTF(" SET_ARCH=%02X\r\n", _d);
          _jtag_arch = _d;          /* 5:UPDI 3:PDI 2,1:ISP */
    3a96:	60 93 51 63 	sts	0x6351, r22	; 0x806351 <_jtag_arch>
/Users/askn/Develop/UPDI4AVR-USB/src/jtag.cpp:312
  #ifdef CONFIG_PGM_PDI_ENABLE
          if (_d == 3) {
    3a9a:	63 30       	cpi	r22, 0x03	; 3
    3a9c:	21 f4       	brne	.+8      	; 0x3aa6 <main+0xaa4>
/Users/askn/Develop/UPDI4AVR-USB/src/jtag.cpp:313
            pinLogicPull(PIN_PGM_PDAT);
    3a9e:	04 9a       	sbi	0x00, 4	; 0
main():
/Users/askn/Develop/UPDI4AVR-USB/src/jtag.cpp:317
          }
  #endif
          if (_d > 2) {
            _xclk = _d == 5 ? UPDI_CLK : PDI_CLK;
    3aa0:	84 ec       	ldi	r24, 0xC4	; 196
    3aa2:	99 e0       	ldi	r25, 0x09	; 9
    3aa4:	06 c0       	rjmp	.+12     	; 0x3ab2 <main+0xab0>
jtag_scope_avr_core():
/Users/askn/Develop/UPDI4AVR-USB/src/jtag.cpp:316
  #ifdef CONFIG_PGM_PDI_ENABLE
          if (_d == 3) {
            pinLogicPull(PIN_PGM_PDAT);
          }
  #endif
          if (_d > 2) {
    3aa6:	63 30       	cpi	r22, 0x03	; 3
    3aa8:	70 f2       	brcs	.-100    	; 0x3a46 <main+0xa44>
/Users/askn/Develop/UPDI4AVR-USB/src/jtag.cpp:317
            _xclk = _d == 5 ? UPDI_CLK : PDI_CLK;
    3aaa:	65 30       	cpi	r22, 0x05	; 5
    3aac:	c9 f7       	brne	.-14     	; 0x3aa0 <main+0xa9e>
main():
    3aae:	81 ee       	ldi	r24, 0xE1	; 225
    3ab0:	90 e0       	ldi	r25, 0x00	; 0
jtag_scope_avr_core():
    3ab2:	80 93 52 63 	sts	0x6352, r24	; 0x806352 <_xclk>
    3ab6:	90 93 53 63 	sts	0x6353, r25	; 0x806353 <_xclk+0x1>
/Users/askn/Develop/UPDI4AVR-USB/src/jtag.cpp:318
            _xclk_bak = _xclk;
    3aba:	80 93 b6 60 	sts	0x60B6, r24	; 0x8060b6 <_xclk_bak>
    3abe:	90 93 b7 60 	sts	0x60B7, r25	; 0x8060b7 <_xclk_bak+0x1>
    3ac2:	c1 cf       	rjmp	.-126    	; 0x3a46 <main+0xa44>
/Users/askn/Develop/UPDI4AVR-USB/src/jtag.cpp:327
        else if (_index == 1) {     /* PARM3_SESS_PURPOSE */
          D1PRINTF(" SESS_PURPOSE=%02X\r\n", _data);
          _jtag_sess = _data;
        }
      }
      else if (_section == 1) {     /* SET_GET_CTXT_PHYSICAL */
    3ac4:	21 30       	cpi	r18, 0x01	; 1
    3ac6:	c9 f4       	brne	.+50     	; 0x3afa <main+0xaf8>
/Users/askn/Develop/UPDI4AVR-USB/src/jtag.cpp:328
        if (_index == 0) {          /* PARM3_CONNECTION */
    3ac8:	31 11       	cpse	r19, r1
    3aca:	03 c0       	rjmp	.+6      	; 0x3ad2 <main+0xad0>
/Users/askn/Develop/UPDI4AVR-USB/src/jtag.cpp:330
          D1PRINTF(" CONNECTION=%02X\r\n", _data);
          _jtag_conn = _data;       /* 8:PARM3_CONN_UPDI */
    3acc:	60 93 b5 60 	sts	0x60B5, r22	; 0x8060b5 <_jtag_conn>
    3ad0:	ba cf       	rjmp	.-140    	; 0x3a46 <main+0xa44>
/Users/askn/Develop/UPDI4AVR-USB/src/jtag.cpp:332
        }
        else if (_index == 0x31) {  /* PARM3_CLK_XMEGA_PDI */
    3ad2:	31 33       	cpi	r19, 0x31	; 49
    3ad4:	09 f0       	breq	.+2      	; 0x3ad8 <main+0xad6>
/Users/askn/Develop/UPDI4AVR-USB/src/jtag.cpp:335
          /* Called with `-B xclk[unit]`. */
          /* XCLK Range Limitation : LSB=kHz */
          if (_data == 0) _data = 1;
    3ad6:	b7 cf       	rjmp	.-146    	; 0x3a46 <main+0xa44>
    3ad8:	61 15       	cp	r22, r1
    3ada:	71 05       	cpc	r23, r1
    3adc:	11 f4       	brne	.+4      	; 0x3ae2 <main+0xae0>
main():
    3ade:	61 e0       	ldi	r22, 0x01	; 1
/Users/askn/Develop/UPDI4AVR-USB/src/jtag.cpp:336
          _data = 1000 / _data;
    3ae0:	70 e0       	ldi	r23, 0x00	; 0
jtag_scope_avr_core():
    3ae2:	88 ee       	ldi	r24, 0xE8	; 232
    3ae4:	93 e0       	ldi	r25, 0x03	; 3
    3ae6:	9b d2       	rcall	.+1334   	; 0x401e <__udivmodhi4>
/Users/askn/Develop/UPDI4AVR-USB/src/jtag.cpp:340
  #if defined(DEBUG) && (DEBUG >= 1)
          if (_xclk != _data) D1PRINTF(" FIX_XCLK=%d\r\n", _data);
  #endif
          _xclk = _xclk_bak = _data;
    3ae8:	60 93 b6 60 	sts	0x60B6, r22	; 0x8060b6 <_xclk_bak>
    3aec:	70 93 b7 60 	sts	0x60B7, r23	; 0x8060b7 <_xclk_bak+0x1>
    3af0:	60 93 52 63 	sts	0x6352, r22	; 0x806352 <_xclk>
    3af4:	70 93 53 63 	sts	0x6353, r23	; 0x806353 <_xclk+0x1>
/Users/askn/Develop/UPDI4AVR-USB/src/jtag.cpp:343
        }
      }
      else if (_section == 2) {     /* SET_GET_CTXT_DEVICE */
    3af8:	a6 cf       	rjmp	.-180    	; 0x3a46 <main+0xa44>
    3afa:	22 30       	cpi	r18, 0x02	; 2
/Users/askn/Develop/UPDI4AVR-USB/src/jtag.cpp:344
        if (_index == 0) {          /* PARM3_DEVICEDESC */
    3afc:	51 f4       	brne	.+20     	; 0x3b12 <main+0xb10>
    3afe:	31 11       	cpse	r19, r1
/Users/askn/Develop/UPDI4AVR-USB/src/jtag.cpp:346
          D1PRINTF(" DEVICEDESC=%X\r\n", _length);
          memcpy(&Device_Descriptor, &packet.out.setData[0], _length & 63);
    3b00:	a2 cf       	rjmp	.-188    	; 0x3a46 <main+0xa44>
    3b02:	4f 73       	andi	r20, 0x3F	; 63
    3b04:	50 e0       	ldi	r21, 0x00	; 0
    3b06:	6f ed       	ldi	r22, 0xDF	; 223
    3b08:	70 e6       	ldi	r23, 0x60	; 96
    3b0a:	83 ef       	ldi	r24, 0xF3	; 243
    3b0c:	92 e6       	ldi	r25, 0x62	; 98
    3b0e:	ed d2       	rcall	.+1498   	; 0x40ea <memcpy>
    3b10:	9a cf       	rjmp	.-204    	; 0x3a46 <main+0xa44>
/Users/askn/Develop/UPDI4AVR-USB/src/jtag.cpp:386
          }
          /* STUB: And other descriptors. */
  #endif
        }
      }
      else if (_section == 3) {     /* SET_GET_CTXT_OPTIONS */
    3b12:	23 30       	cpi	r18, 0x03	; 3
    3b14:	09 f0       	breq	.+2      	; 0x3b18 <main+0xb16>
    3b16:	97 cf       	rjmp	.-210    	; 0x3a46 <main+0xa44>
/Users/askn/Develop/UPDI4AVR-USB/src/jtag.cpp:387
        if (_index == 6) {          /* PARM3_OPT_12V_UPDI_ENABLE */
    3b18:	36 30       	cpi	r19, 0x06	; 6
    3b1a:	09 f0       	breq	.+2      	; 0x3b1e <main+0xb1c>
    3b1c:	94 cf       	rjmp	.-216    	; 0x3a46 <main+0xa44>
/Users/askn/Develop/UPDI4AVR-USB/src/jtag.cpp:390
          /* Called with `-xhvupdi` hvupdi_support */
          D1PRINTF(" HVCTRLEN=%02X\r\n", _data);
          _jtag_hvctrl = _data;     /* 1:ENABLE */
    3b1e:	60 93 d4 60 	sts	0x60D4, r22	; 0x8060d4 <_jtag_hvctrl>
    3b22:	91 cf       	rjmp	.-222    	; 0x3a46 <main+0xa44>
/Users/askn/Develop/UPDI4AVR-USB/src/jtag.cpp:402
          _jtag_unlock = _data;     /* 1:ENABLE */
        }
      }
      packet.in.res = 0x80;         /* RSP3_OK */
    }
    else if (_cmd == 0x02) {        /* CMD3_GET_PARAMETER */
    3b24:	92 30       	cpi	r25, 0x02	; 2
    3b26:	19 f5       	brne	.+70     	; 0x3b6e <main+0xb6c>
/Users/askn/Develop/UPDI4AVR-USB/src/jtag.cpp:405
      D1PRINTF(",S=%02X,I=%02X,L=%02X\r\n", _section, _index, _length);
      D1PRINTF(" AVR_GET_PARAMETER\r\n");
      if (_section == 0) {          /* SET_GET_CTXT_CONFIG */
    3b28:	21 11       	cpse	r18, r1
    3b2a:	0d c0       	rjmp	.+26     	; 0x3b46 <main+0xb44>
/Users/askn/Develop/UPDI4AVR-USB/src/jtag.cpp:408
        if (_index == 0) {          /* PARM3_ARCH */
          D1PRINTF(" GET_ARCH=%02X\r\n", _jtag_arch);
          packet.in.data[0] = _jtag_arch;
    3b2c:	80 91 51 63 	lds	r24, 0x6351	; 0x806351 <_jtag_arch>
/Users/askn/Develop/UPDI4AVR-USB/src/jtag.cpp:406
    }
    else if (_cmd == 0x02) {        /* CMD3_GET_PARAMETER */
      D1PRINTF(",S=%02X,I=%02X,L=%02X\r\n", _section, _index, _length);
      D1PRINTF(" AVR_GET_PARAMETER\r\n");
      if (_section == 0) {          /* SET_GET_CTXT_CONFIG */
        if (_index == 0) {          /* PARM3_ARCH */
    3b30:	33 23       	and	r19, r19
    3b32:	79 f0       	breq	.+30     	; 0x3b52 <main+0xb50>
/Users/askn/Develop/UPDI4AVR-USB/src/jtag.cpp:423
          /* `-B <num>khz` : "khz" units are required. */
          D1PRINTF(" XCLK=%d\r\n", _xclk);
          packet.in.wValue = _xclk;
        }
      }
      packet.in.res = 0x184;        /* RSP3_DATA */
    3b34:	84 e8       	ldi	r24, 0x84	; 132
    3b36:	91 e0       	ldi	r25, 0x01	; 1
    3b38:	80 93 da 60 	sts	0x60DA, r24	; 0x8060da <packet+0x5>
    3b3c:	90 93 db 60 	sts	0x60DB, r25	; 0x8060db <packet+0x6>
/Users/askn/Develop/UPDI4AVR-USB/src/jtag.cpp:424
      _rspsize = _length + 1;
    3b40:	84 2f       	mov	r24, r20
    3b42:	90 e0       	ldi	r25, 0x00	; 0
    3b44:	3b cf       	rjmp	.-394    	; 0x39bc <main+0x9ba>
/Users/askn/Develop/UPDI4AVR-USB/src/jtag.cpp:411
        if (_index == 0) {          /* PARM3_ARCH */
          D1PRINTF(" GET_ARCH=%02X\r\n", _jtag_arch);
          packet.in.data[0] = _jtag_arch;
        }
      }
      else if (_section == 1) {     /* SET_GET_CTXT_PHYSICAL */
    3b46:	21 30       	cpi	r18, 0x01	; 1
    3b48:	a9 f7       	brne	.-22     	; 0x3b34 <main+0xb32>
/Users/askn/Develop/UPDI4AVR-USB/src/jtag.cpp:412
        if (_index == 0) {          /* PARM3_CONNECTION */
    3b4a:	31 11       	cpse	r19, r1
    3b4c:	05 c0       	rjmp	.+10     	; 0x3b58 <main+0xb56>
/Users/askn/Develop/UPDI4AVR-USB/src/jtag.cpp:415
          /* This is a stub that is called but not used. */
          D1PRINTF(" CONNECTION=%02X\r\n", _jtag_conn);
          packet.in.data[0] = _jtag_conn;
    3b4e:	80 91 b5 60 	lds	r24, 0x60B5	; 0x8060b5 <_jtag_conn>
    3b52:	80 93 dc 60 	sts	0x60DC, r24	; 0x8060dc <packet+0x7>
    3b56:	ee cf       	rjmp	.-36     	; 0x3b34 <main+0xb32>
/Users/askn/Develop/UPDI4AVR-USB/src/jtag.cpp:417
        }
        else if (_index == 0x31) {  /* PARM3_CLK_XMEGA_PDI */
    3b58:	31 33       	cpi	r19, 0x31	; 49
    3b5a:	61 f7       	brne	.-40     	; 0x3b34 <main+0xb32>
/Users/askn/Develop/UPDI4AVR-USB/src/jtag.cpp:420
          /* `-B <num>khz` : "khz" units are required. */
          D1PRINTF(" XCLK=%d\r\n", _xclk);
          packet.in.wValue = _xclk;
    3b5c:	80 91 52 63 	lds	r24, 0x6352	; 0x806352 <_xclk>
    3b60:	90 91 53 63 	lds	r25, 0x6353	; 0x806353 <_xclk+0x1>
    3b64:	80 93 dc 60 	sts	0x60DC, r24	; 0x8060dc <packet+0x7>
    3b68:	90 93 dd 60 	sts	0x60DD, r25	; 0x8060dd <packet+0x8>
    3b6c:	e3 cf       	rjmp	.-58     	; 0x3b34 <main+0xb32>
/Users/askn/Develop/UPDI4AVR-USB/src/jtag.cpp:430
    }
  #ifdef _Not_yet_implemented_stub_
    else if (_jtag_arch == 0x01) _rspsize = DWI::jtag_scope_dwire();     /* dWire? */
  #endif
  #ifdef CONFIG_PGM_ISP_ENABLE
    else if (_jtag_arch == 0x02) _rspsize = ISP::jtag_scope_isp();      /* ISP/MEGA */
    3b6e:	80 91 51 63 	lds	r24, 0x6351	; 0x806351 <_jtag_arch>
    3b72:	82 30       	cpi	r24, 0x02	; 2
    3b74:	09 f4       	brne	.+2      	; 0x3b78 <main+0xb76>
/Users/askn/Develop/UPDI4AVR-USB/src/jtag.cpp:433
  #endif
  #ifdef CONFIG_PGM_PDI_ENABLE
    else if (_jtag_arch == 0x03) _rspsize = PDI::jtag_scope_xmega();    /* XMEGA support */
    3b76:	72 cf       	rjmp	.-284    	; 0x3a5c <main+0xa5a>
    3b78:	83 30       	cpi	r24, 0x03	; 3
    3b7a:	09 f0       	breq	.+2      	; 0x3b7e <main+0xb7c>
/Users/askn/Develop/UPDI4AVR-USB/src/pdi.cpp:408
  }

  size_t jtag_scope_xmega (void) {
    size_t _rspsize = 0;
    uint8_t _cmd = packet.out.cmd;
    if (_cmd == 0x10) {             /* CMD3_SIGN_ON */
    3b7c:	80 c0       	rjmp	.+256    	; 0x3c7e <main+0xc7c>
jtag_scope_xmega():
    3b7e:	90 31       	cpi	r25, 0x10	; 16
/Users/askn/Develop/UPDI4AVR-USB/src/pdi.cpp:410
      D1PRINTF(" PDI_SIGN_ON=EXT:%02X\r\n", packet.out.bMType);
      _rspsize = Timeout::command(&connect, &timeout_fallback);
    3b80:	89 f4       	brne	.+34     	; 0x3ba4 <main+0xba2>
    3b82:	40 e2       	ldi	r20, 0x20	; 32
    3b84:	53 e0       	ldi	r21, 0x03	; 3
    3b86:	6f e3       	ldi	r22, 0x3F	; 63
    3b88:	79 e0       	ldi	r23, 0x09	; 9
    3b8a:	8c ef       	ldi	r24, 0xFC	; 252
    3b8c:	90 e1       	ldi	r25, 0x10	; 16
    3b8e:	00 d9       	rcall	.-3584   	; 0x2d90 <Timeout::command(unsigned int (*)(), unsigned int (*)(), unsigned int)>
/Users/askn/Develop/UPDI4AVR-USB/src/pdi.cpp:411
      packet.in.res = _rspsize ? 0x84 : 0xA0; /* RSP3_DATA : RSP3_FAILED */
    3b90:	00 97       	sbiw	r24, 0x00	; 0
    3b92:	09 f4       	brne	.+2      	; 0x3b96 <main+0xb94>
    3b94:	67 c0       	rjmp	.+206    	; 0x3c64 <main+0xc62>
main():
/Users/askn/Develop/UPDI4AVR-USB/src/updi.cpp:520
      _xclk = _xclk_bak; // + _step;
      while (_xclk >= 100 && !(_rspsize = Timeout::command(&connect, nullptr, 70))) {
        _xclk -= _step;
      }
      /* If it fails here, it is expected to try again, giving it a chance at HV control. */
      packet.in.res = _rspsize ? 0x84 : 0xA0; /* RSP3_DATA : RSP3_FAILED */
    3b96:	24 e8       	ldi	r18, 0x84	; 132
    3b98:	30 e0       	ldi	r19, 0x00	; 0
jtag_scope_updi():
/Users/askn/Develop/UPDI4AVR-USB/src/updi.cpp:573
    else if (_cmd == 0x23) {        /* CMD3_WRITE_MEMORY */
      D1PRINTF(" UPDI_WRITE=%02X:%06lX:%04X\r\n", packet.out.bMType,
        packet.out.dwAddr, (size_t)packet.out.dwLength);
      _rspsize = Timeout::command(Command_Table.write_memory, &timeout_fallback);
    }
    packet.in.res = _rspsize ? 0x80 : 0xA0;     /* RSP3_OK : RSP3_FAILED */
    3b9a:	20 93 da 60 	sts	0x60DA, r18	; 0x8060da <packet+0x5>
    3b9e:	30 93 db 60 	sts	0x60DB, r19	; 0x8060db <packet+0x6>
/Users/askn/Develop/UPDI4AVR-USB/src/pdi.cpp:414
      return _rspsize;
    }
    else if (_cmd == 0x11) {        /* CMD3_SIGN_OFF */
    3ba2:	31 cf       	rjmp	.-414    	; 0x3a06 <main+0xa04>
jtag_scope_xmega():
    3ba4:	91 31       	cpi	r25, 0x11	; 17
/Users/askn/Develop/UPDI4AVR-USB/src/pdi.cpp:385
    return 0;
  }

  uint8_t sign_off (void) {
    uint8_t _rsp = 1;
    if (PGCONF) {
    3ba6:	99 f5       	brne	.+102    	; 0x3c0e <main+0xc0c>
sign_off():
    3ba8:	8f b3       	in	r24, 0x1f	; 31
    3baa:	88 23       	and	r24, r24
    3bac:	09 f4       	brne	.+2      	; 0x3bb0 <main+0xbae>
/Users/askn/Develop/UPDI4AVR-USB/src/pdi.cpp:386
      _rsp = Timeout::command(&disconnect);
    3bae:	c7 c0       	rjmp	.+398    	; 0x3d3e <main+0xd3c>
    3bb0:	40 e2       	ldi	r20, 0x20	; 32
    3bb2:	53 e0       	ldi	r21, 0x03	; 3
    3bb4:	70 e0       	ldi	r23, 0x00	; 0
    3bb6:	60 e0       	ldi	r22, 0x00	; 0
    3bb8:	8a e4       	ldi	r24, 0x4A	; 74
    3bba:	97 e0       	ldi	r25, 0x07	; 7
    3bbc:	e9 d8       	rcall	.-3630   	; 0x2d90 <Timeout::command(unsigned int (*)(), unsigned int (*)(), unsigned int)>
    3bbe:	08 2f       	mov	r16, r24
delay_micros():
/Users/askn/Library/Arduino15/packages/MultiX-Zinnia/hardware/modernAVR/0.4.5/cores/modernAVR/api/delay_busywait.h:33
static __inline__ __attribute__((__always_inline__)) void delay_micros (uint32_t _us);
static __inline__ __attribute__((__always_inline__)) void delay_millis (uint32_t _ms);

void delay_micros (uint32_t _us) {
  if (F_CPU >= 1000000L) {
    __builtin_avr_delay_cycles((F_CPU / 1000000L) * _us);
    3bc0:	83 ef       	ldi	r24, 0xF3	; 243
    3bc2:	91 e0       	ldi	r25, 0x01	; 1
    3bc4:	01 97       	sbiw	r24, 0x01	; 1
    3bc6:	f1 f7       	brne	.-4      	; 0x3bc4 <main+0xbc2>
    3bc8:	00 c0       	rjmp	.+0      	; 0x3bca <main+0xbc8>
    3bca:	00 00       	nop
sign_off():
/Users/askn/Develop/UPDI4AVR-USB/src/pdi.cpp:388
      SYS::delay_100us();
      USART::setup();
    3bcc:	0e 94 42 0b 	call	0x1684	; 0x1684 <USART::setup()>
/Users/askn/Develop/UPDI4AVR-USB/src/pdi.cpp:389
      pinLogicOpen(PIN_PGM_PDAT);
    3bd0:	04 98       	cbi	0x00, 4	; 0
/Users/askn/Develop/UPDI4AVR-USB/src/pdi.cpp:390
      pinControlRegister(PIN_PGM_PCLK) = 0;
    3bd2:	10 92 16 04 	sts	0x0416, r1	; 0x800416 <__TEXT_REGION_LENGTH__+0x7f0416>
/Users/askn/Develop/UPDI4AVR-USB/src/pdi.cpp:391
      digitalWriteMacro(PIN_PGM_PCLK, LOW);
    3bd6:	0e 98       	cbi	0x01, 6	; 1
/Users/askn/Develop/UPDI4AVR-USB/src/pdi.cpp:392
      pinLogicPull(PIN_PGM_PCLK);
    3bd8:	06 9a       	sbi	0x00, 6	; 0
/Users/askn/Develop/UPDI4AVR-USB/src/pdi.cpp:393
      if (bit_is_set(PGCONF, PGCONF_PROG_bp)) {
    3bda:	f9 9b       	sbis	0x1f, 1	; 31
    3bdc:	0a c0       	rjmp	.+20     	; 0x3bf2 <main+0xbf0>
/Users/askn/Develop/UPDI4AVR-USB/src/pdi.cpp:394
        SYS::power_reset();
    3bde:	61 e0       	ldi	r22, 0x01	; 1
    3be0:	81 e0       	ldi	r24, 0x01	; 1
    3be2:	0e 94 18 10 	call	0x2030	; 0x2030 <SYS::power_reset(bool, bool)>
delay_micros():
/Users/askn/Library/Arduino15/packages/MultiX-Zinnia/hardware/modernAVR/0.4.5/cores/modernAVR/api/delay_busywait.h:33
    3be6:	e3 ed       	ldi	r30, 0xD3	; 211
    3be8:	f0 e3       	ldi	r31, 0x30	; 48
    3bea:	31 97       	sbiw	r30, 0x01	; 1
    3bec:	f1 f7       	brne	.-4      	; 0x3bea <main+0xbe8>
    3bee:	00 c0       	rjmp	.+0      	; 0x3bf0 <main+0xbee>
    3bf0:	00 00       	nop
sign_off():
/Users/askn/Develop/UPDI4AVR-USB/src/pdi.cpp:397
        SYS::delay_2500us();
      }
      pinLogicOpen(PIN_PGM_PCLK);
    3bf2:	06 98       	cbi	0x00, 6	; 0
/Users/askn/Develop/UPDI4AVR-USB/src/pdi.cpp:398
      pinControlRegister(PIN_PGM_PDAT) = PORT_ISC_INPUT_DISABLE_gc;
    3bf4:	84 e0       	ldi	r24, 0x04	; 4
    3bf6:	80 93 14 04 	sts	0x0414, r24	; 0x800414 <__TEXT_REGION_LENGTH__+0x7f0414>
/Users/askn/Develop/UPDI4AVR-USB/src/updi.cpp:496
      USART::setup();
      pinLogicPull(PIN_PGM_TRST);
      SYS::power_reset();
      SYS::delay_2500us();
      pinLogicOpen(PIN_PGM_TRST);
      PGCONF = 0;
    3bfa:	1f ba       	out	0x1f, r1	; 31
/Users/askn/Develop/UPDI4AVR-USB/src/updi.cpp:497
      USART::change_vcp();
    3bfc:	0e 94 d4 05 	call	0xba8	; 0xba8 <USART::change_vcp()>
jtag_scope_updi():
/Users/askn/Develop/UPDI4AVR-USB/src/updi.cpp:532
    }
    else if (_cmd == 0x15) {        /* CMD3_ENTER_PROGMODE */
      D1PRINTF(" UPDI_ENTER_PROG\r\n");
      /* On failure, RSP3_OK is returned if a UPDI connection is available. */
      /* Locked devices are given the opportunity to write to USERROW and erase the chip. */
      _rspsize = Timeout::command(&enter_progmode, &timeout_fallback, 250)
    3c00:	80 2f       	mov	r24, r16
/Users/askn/Develop/UPDI4AVR-USB/src/updi.cpp:573
    else if (_cmd == 0x23) {        /* CMD3_WRITE_MEMORY */
      D1PRINTF(" UPDI_WRITE=%02X:%06lX:%04X\r\n", packet.out.bMType,
        packet.out.dwAddr, (size_t)packet.out.dwLength);
      _rspsize = Timeout::command(Command_Table.write_memory, &timeout_fallback);
    }
    packet.in.res = _rspsize ? 0x80 : 0xA0;     /* RSP3_OK : RSP3_FAILED */
    3c02:	90 e0       	ldi	r25, 0x00	; 0
    3c04:	00 97       	sbiw	r24, 0x00	; 0
    3c06:	71 f1       	breq	.+92     	; 0x3c64 <main+0xc62>
main():
    3c08:	20 e8       	ldi	r18, 0x80	; 128
    3c0a:	30 e0       	ldi	r19, 0x00	; 0
/Users/askn/Develop/UPDI4AVR-USB/src/pdi.cpp:419
    else if (_cmd == 0x11) {        /* CMD3_SIGN_OFF */
      D1PRINTF(" PDI_SIGN_OFF\r\n");
      /* If UPDI control has failed, RSP3_OK is always returned. */
      _rspsize = sign_off();
    }
    else if (_cmd == 0x15) {        /* CMD3_ENTER_PROGMODE */
    3c0c:	c6 cf       	rjmp	.-116    	; 0x3b9a <main+0xb98>
jtag_scope_xmega():
    3c0e:	95 31       	cpi	r25, 0x15	; 21
/Users/askn/Develop/UPDI4AVR-USB/src/pdi.cpp:422
      D1PRINTF(" PDI_ENTER_PROG\r\n");
      /* On failure, RSP3_OK is returned if a PDI connection is available. */
      _rspsize = Timeout::command(&enter_progmode, &timeout_fallback) || bit_is_set(PGCONF, PGCONF_PGIA_bp);
    3c10:	61 f4       	brne	.+24     	; 0x3c2a <main+0xc28>
    3c12:	40 e2       	ldi	r20, 0x20	; 32
    3c14:	53 e0       	ldi	r21, 0x03	; 3
    3c16:	6f e3       	ldi	r22, 0x3F	; 63
    3c18:	79 e0       	ldi	r23, 0x09	; 9
    3c1a:	87 e3       	ldi	r24, 0x37	; 55
/Users/askn/Develop/UPDI4AVR-USB/src/updi.cpp:532
    }
    else if (_cmd == 0x15) {        /* CMD3_ENTER_PROGMODE */
      D1PRINTF(" UPDI_ENTER_PROG\r\n");
      /* On failure, RSP3_OK is returned if a UPDI connection is available. */
      /* Locked devices are given the opportunity to write to USERROW and erase the chip. */
      _rspsize = Timeout::command(&enter_progmode, &timeout_fallback, 250)
    3c1c:	97 e0       	ldi	r25, 0x07	; 7
jtag_scope_updi():
    3c1e:	b8 d8       	rcall	.-3728   	; 0x2d90 <Timeout::command(unsigned int (*)(), unsigned int (*)(), unsigned int)>
/Users/askn/Develop/UPDI4AVR-USB/src/updi.cpp:533
              || bit_is_set(PGCONF, PGCONF_PGIA_bp);
    3c20:	89 2b       	or	r24, r25
    3c22:	71 f7       	brne	.-36     	; 0x3c00 <main+0xbfe>
    3c24:	0f b3       	in	r16, 0x1f	; 31
    3c26:	01 70       	andi	r16, 0x01	; 1
/Users/askn/Develop/UPDI4AVR-USB/src/pdi.cpp:424
    }
    else if (_cmd == 0x16) {        /* CMD3_LEAVE_PROGMODE */
    3c28:	eb cf       	rjmp	.-42     	; 0x3c00 <main+0xbfe>
jtag_scope_xmega():
    3c2a:	96 31       	cpi	r25, 0x16	; 22
    3c2c:	09 f4       	brne	.+2      	; 0x3c30 <main+0xc2e>
/Users/askn/Develop/UPDI4AVR-USB/src/pdi.cpp:430
      D1PRINTF(" PDI_LEAVE_PROG\r\n");
      /* There is nothing to do. */
      /* The actual termination process is delayed until CMD3_SIGN_OFF. */
      _rspsize = 1;
    }
    else if (bit_is_clear(PGCONF, PGCONF_PROG_bp)) { /* empty */ }
    3c2e:	ee c0       	rjmp	.+476    	; 0x3e0c <main+0xe0a>
    3c30:	f9 9b       	sbis	0x1f, 1	; 31
/Users/askn/Develop/UPDI4AVR-USB/src/pdi.cpp:431
    else if (_cmd == 0x20) {        /* CMD3_ERASE_MEMORY */
    3c32:	ef c0       	rjmp	.+478    	; 0x3e12 <main+0xe10>
    3c34:	90 32       	cpi	r25, 0x20	; 32
/Users/askn/Develop/UPDI4AVR-USB/src/pdi.cpp:434
      D1PRINTF(" PDI_ERASE=%02X:%08lX\r\n",
        packet.out.bEType, packet.out.dwPageAddr);
      _rspsize = Timeout::command(&erase_memory, &timeout_fallback);
    3c36:	41 f4       	brne	.+16     	; 0x3c48 <main+0xc46>
    3c38:	40 e2       	ldi	r20, 0x20	; 32
    3c3a:	53 e0       	ldi	r21, 0x03	; 3
    3c3c:	6f e3       	ldi	r22, 0x3F	; 63
    3c3e:	79 e0       	ldi	r23, 0x09	; 9
/Users/askn/Develop/UPDI4AVR-USB/src/updi.cpp:571
      return _rspsize;
    }
    else if (_cmd == 0x23) {        /* CMD3_WRITE_MEMORY */
      D1PRINTF(" UPDI_WRITE=%02X:%06lX:%04X\r\n", packet.out.bMType,
        packet.out.dwAddr, (size_t)packet.out.dwLength);
      _rspsize = Timeout::command(Command_Table.write_memory, &timeout_fallback);
    3c40:	83 ef       	ldi	r24, 0xF3	; 243
    3c42:	98 e0       	ldi	r25, 0x08	; 8
jtag_scope_updi():
    3c44:	a5 d8       	rcall	.-3766   	; 0x2d90 <Timeout::command(unsigned int (*)(), unsigned int (*)(), unsigned int)>
/Users/askn/Develop/UPDI4AVR-USB/src/pdi.cpp:436
    }
    else if (_cmd == 0x21) {        /* CMD3_READ_MEMORY */
    3c46:	de cf       	rjmp	.-68     	; 0x3c04 <main+0xc02>
jtag_scope_xmega():
    3c48:	91 32       	cpi	r25, 0x21	; 33
/Users/askn/Develop/UPDI4AVR-USB/src/pdi.cpp:439
      D1PRINTF(" PDI_READ=%02X:%08lX:%04X\r\n", packet.out.bMType,
        packet.out.dwAddr, (size_t)packet.out.dwLength);
      _rspsize = Timeout::command(&read_memory, &timeout_fallback);
    3c4a:	79 f4       	brne	.+30     	; 0x3c6a <main+0xc68>
    3c4c:	40 e2       	ldi	r20, 0x20	; 32
    3c4e:	53 e0       	ldi	r21, 0x03	; 3
    3c50:	6f e3       	ldi	r22, 0x3F	; 63
    3c52:	79 e0       	ldi	r23, 0x09	; 9
    3c54:	82 e6       	ldi	r24, 0x62	; 98
/Users/askn/Develop/UPDI4AVR-USB/src/updi.cpp:559
        /* The SIB request occurs before ENTER_PROGMODE. */
        memcpy(&packet.in.data[(uint8_t)packet.out.dwAddr & 31], &_sib, ((_wLength - 1) & 31) + 1);
        _rspsize = _wLength + 1;
      }
      else if (bit_is_set(PGCONF, PGCONF_PROG_bp)) {
        _rspsize = Timeout::command(Command_Table.read_memory, &timeout_fallback, 400);
    3c56:	98 e0       	ldi	r25, 0x08	; 8
jtag_scope_updi():
    3c58:	9b d8       	rcall	.-3786   	; 0x2d90 <Timeout::command(unsigned int (*)(), unsigned int (*)(), unsigned int)>
main():
/Users/askn/Develop/UPDI4AVR-USB/src/updi.cpp:565
      }
      /* If not in PROGMODE, respond with a dummy. */
      /* A dummy SIG will be returned for locked devices. */
      /* This will prevent AVRDUDE from displaying annoying errors. */
      else _rspsize = read_dummy();
      packet.in.res = _rspsize ? 0x184 : 0xA0;  /* RSP3_DATA : RSP3_FAILED */
    3c5a:	24 e8       	ldi	r18, 0x84	; 132
    3c5c:	31 e0       	ldi	r19, 0x01	; 1
jtag_scope_updi():
    3c5e:	00 97       	sbiw	r24, 0x00	; 0
    3c60:	09 f0       	breq	.+2      	; 0x3c64 <main+0xc62>
    3c62:	9b cf       	rjmp	.-202    	; 0x3b9a <main+0xb98>
main():
/Users/askn/Develop/UPDI4AVR-USB/src/updi.cpp:573
    else if (_cmd == 0x23) {        /* CMD3_WRITE_MEMORY */
      D1PRINTF(" UPDI_WRITE=%02X:%06lX:%04X\r\n", packet.out.bMType,
        packet.out.dwAddr, (size_t)packet.out.dwLength);
      _rspsize = Timeout::command(Command_Table.write_memory, &timeout_fallback);
    }
    packet.in.res = _rspsize ? 0x80 : 0xA0;     /* RSP3_OK : RSP3_FAILED */
    3c64:	20 ea       	ldi	r18, 0xA0	; 160
    3c66:	30 e0       	ldi	r19, 0x00	; 0
    3c68:	98 cf       	rjmp	.-208    	; 0x3b9a <main+0xb98>
jtag_scope_xmega():
/Users/askn/Develop/UPDI4AVR-USB/src/pdi.cpp:443
      packet.in.res = _rspsize ? 0x184 : 0xA0;  /* RSP3_DATA : RSP3_FAILED */
      return _rspsize;
    }
    else if (_cmd == 0x23) {        /* CMD3_WRITE_MEMORY */
    3c6a:	93 32       	cpi	r25, 0x23	; 35
    3c6c:	09 f0       	breq	.+2      	; 0x3c70 <main+0xc6e>
    3c6e:	d1 c0       	rjmp	.+418    	; 0x3e12 <main+0xe10>
/Users/askn/Develop/UPDI4AVR-USB/src/pdi.cpp:446
      D1PRINTF(" PDI_WRITE=%02X:%08lX:%04X\r\n", packet.out.bMType,
        packet.out.dwAddr, (size_t)packet.out.dwLength);
      _rspsize = Timeout::command(&write_memory, &timeout_fallback);
    3c70:	40 e2       	ldi	r20, 0x20	; 32
    3c72:	53 e0       	ldi	r21, 0x03	; 3
    3c74:	6f e3       	ldi	r22, 0x3F	; 63
    3c76:	79 e0       	ldi	r23, 0x09	; 9
    3c78:	8a ea       	ldi	r24, 0xAA	; 170
    3c7a:	97 e0       	ldi	r25, 0x07	; 7
    3c7c:	e3 cf       	rjmp	.-58     	; 0x3c44 <main+0xc42>
jtag_scope_avr_core():
/Users/askn/Develop/UPDI4AVR-USB/src/jtag.cpp:435
  #endif
    else if (_jtag_arch == 0x05) _rspsize = UPDI::jtag_scope_updi();    /* UPDI support */
    3c7e:	85 30       	cpi	r24, 0x05	; 5
    3c80:	09 f0       	breq	.+2      	; 0x3c84 <main+0xc82>
    3c82:	ca c0       	rjmp	.+404    	; 0x3e18 <main+0xe16>
jtag_scope_updi():
/Users/askn/Develop/UPDI4AVR-USB/src/updi.cpp:509
  /* ARCH=UPDI scope Provides functionality. */
  size_t jtag_scope_updi (void) {
    size_t _rspsize = 0;
    uint8_t _cmd = packet.out.cmd;
    uint8_t _step = 25;
    if (_cmd == 0x10) {             /* CMD3_SIGN_ON */
    3c84:	90 31       	cpi	r25, 0x10	; 16
    3c86:	99 f5       	brne	.+102    	; 0x3cee <main+0xcec>
/Users/askn/Develop/UPDI4AVR-USB/src/updi.cpp:511
      D1PRINTF(" UPDI_SIGN_ON=EXT:%02X\r\n", packet.out.bMType);
      if ((bit_is_set(GPCONF, GPCONF_HLD_bp) || _jtag_hvctrl) && _xclk_bak > 125) {
    3c88:	f6 99       	sbic	0x1e, 6	; 30
    3c8a:	04 c0       	rjmp	.+8      	; 0x3c94 <main+0xc92>
    3c8c:	80 91 d4 60 	lds	r24, 0x60D4	; 0x8060d4 <_jtag_hvctrl>
    3c90:	88 23       	and	r24, r24
    3c92:	69 f0       	breq	.+26     	; 0x3cae <main+0xcac>
    3c94:	80 91 b6 60 	lds	r24, 0x60B6	; 0x8060b6 <_xclk_bak>
    3c98:	90 91 b7 60 	lds	r25, 0x60B7	; 0x8060b7 <_xclk_bak+0x1>
    3c9c:	8e 37       	cpi	r24, 0x7E	; 126
    3c9e:	91 05       	cpc	r25, r1
    3ca0:	30 f0       	brcs	.+12     	; 0x3cae <main+0xcac>
/Users/askn/Develop/UPDI4AVR-USB/src/updi.cpp:513
        /* The maximum speed is limited during HV control. */
        _xclk_bak = 125;
    3ca2:	8d e7       	ldi	r24, 0x7D	; 125
    3ca4:	90 e0       	ldi	r25, 0x00	; 0
    3ca6:	80 93 b6 60 	sts	0x60B6, r24	; 0x8060b6 <_xclk_bak>
    3caa:	90 93 b7 60 	sts	0x60B7, r25	; 0x8060b7 <_xclk_bak+0x1>
/Users/askn/Develop/UPDI4AVR-USB/src/updi.cpp:515
      }
      _xclk = _xclk_bak; // + _step;
    3cae:	80 91 b6 60 	lds	r24, 0x60B6	; 0x8060b6 <_xclk_bak>
    3cb2:	90 91 b7 60 	lds	r25, 0x60B7	; 0x8060b7 <_xclk_bak+0x1>
    3cb6:	80 93 52 63 	sts	0x6352, r24	; 0x806352 <_xclk>
    3cba:	90 93 53 63 	sts	0x6353, r25	; 0x806353 <_xclk+0x1>
/Users/askn/Develop/UPDI4AVR-USB/src/updi.cpp:516
      while (_xclk >= 100 && !(_rspsize = Timeout::command(&connect, nullptr, 70))) {
    3cbe:	80 91 52 63 	lds	r24, 0x6352	; 0x806352 <_xclk>
    3cc2:	90 91 53 63 	lds	r25, 0x6353	; 0x806353 <_xclk+0x1>
    3cc6:	84 36       	cpi	r24, 0x64	; 100
    3cc8:	91 05       	cpc	r25, r1
    3cca:	08 f4       	brcc	.+2      	; 0x3cce <main+0xccc>
    3ccc:	a2 c0       	rjmp	.+324    	; 0x3e12 <main+0xe10>
    3cce:	46 e4       	ldi	r20, 0x46	; 70
    3cd0:	50 e0       	ldi	r21, 0x00	; 0
    3cd2:	70 e0       	ldi	r23, 0x00	; 0
    3cd4:	60 e0       	ldi	r22, 0x00	; 0
    3cd6:	89 eb       	ldi	r24, 0xB9	; 185
    3cd8:	91 e1       	ldi	r25, 0x11	; 17
    3cda:	5a d8       	rcall	.-3916   	; 0x2d90 <Timeout::command(unsigned int (*)(), unsigned int (*)(), unsigned int)>
    3cdc:	00 97       	sbiw	r24, 0x00	; 0
    3cde:	09 f0       	breq	.+2      	; 0x3ce2 <main+0xce0>
    3ce0:	5a cf       	rjmp	.-332    	; 0x3b96 <main+0xb94>
/Users/askn/Develop/UPDI4AVR-USB/src/updi.cpp:517
        _xclk -= _step;
    3ce2:	80 91 52 63 	lds	r24, 0x6352	; 0x806352 <_xclk>
    3ce6:	90 91 53 63 	lds	r25, 0x6353	; 0x806353 <_xclk+0x1>
    3cea:	49 97       	sbiw	r24, 0x19	; 25
/Users/askn/Develop/UPDI4AVR-USB/src/updi.cpp:523
      }
      /* If it fails here, it is expected to try again, giving it a chance at HV control. */
      packet.in.res = _rspsize ? 0x84 : 0xA0; /* RSP3_DATA : RSP3_FAILED */
      return _rspsize;
    }
    else if (_cmd == 0x11) {        /* CMD3_SIGN_OFF */
    3cec:	e4 cf       	rjmp	.-56     	; 0x3cb6 <main+0xcb4>
    3cee:	91 31       	cpi	r25, 0x11	; 17
/Users/askn/Develop/UPDI4AVR-USB/src/updi.cpp:487
    return 1;
  }

  uint8_t sign_off (void) {
    uint8_t _rsp = 1;
    if (PGCONF) {
    3cf0:	41 f5       	brne	.+80     	; 0x3d42 <main+0xd40>
sign_off():
    3cf2:	8f b3       	in	r24, 0x1f	; 31
    3cf4:	88 23       	and	r24, r24
/Users/askn/Develop/UPDI4AVR-USB/src/updi.cpp:488
      _rsp = bit_is_set(PGCONF, PGCONF_PGIA_bp) ? Timeout::command(&disconnect) : 1;
    3cf6:	19 f1       	breq	.+70     	; 0x3d3e <main+0xd3c>
    3cf8:	f8 9b       	sbis	0x1f, 0	; 31
    3cfa:	1f c0       	rjmp	.+62     	; 0x3d3a <main+0xd38>
    3cfc:	40 e2       	ldi	r20, 0x20	; 32
    3cfe:	53 e0       	ldi	r21, 0x03	; 3
    3d00:	70 e0       	ldi	r23, 0x00	; 0
    3d02:	60 e0       	ldi	r22, 0x00	; 0
    3d04:	84 ea       	ldi	r24, 0xA4	; 164
    3d06:	92 e0       	ldi	r25, 0x02	; 2
    3d08:	43 d8       	rcall	.-3962   	; 0x2d90 <Timeout::command(unsigned int (*)(), unsigned int (*)(), unsigned int)>
    3d0a:	08 2f       	mov	r16, r24
/Users/askn/Develop/UPDI4AVR-USB/src/updi.cpp:489
      send_break();
    3d0c:	0e 94 ab 04 	call	0x956	; 0x956 <UPDI::send_break()>
delay_micros():
/Users/askn/Library/Arduino15/packages/MultiX-Zinnia/hardware/modernAVR/0.4.5/cores/modernAVR/api/delay_busywait.h:33
    3d10:	83 ef       	ldi	r24, 0xF3	; 243
    3d12:	91 e0       	ldi	r25, 0x01	; 1
    3d14:	01 97       	sbiw	r24, 0x01	; 1
    3d16:	f1 f7       	brne	.-4      	; 0x3d14 <main+0xd12>
    3d18:	00 c0       	rjmp	.+0      	; 0x3d1a <main+0xd18>
    3d1a:	00 00       	nop
sign_off():
/Users/askn/Develop/UPDI4AVR-USB/src/updi.cpp:491
      SYS::delay_100us();
      USART::setup();
    3d1c:	0e 94 42 0b 	call	0x1684	; 0x1684 <USART::setup()>
/Users/askn/Develop/UPDI4AVR-USB/src/updi.cpp:492
      pinLogicPull(PIN_PGM_TRST);
    3d20:	01 9a       	sbi	0x00, 1	; 0
/Users/askn/Develop/UPDI4AVR-USB/src/updi.cpp:493
      SYS::power_reset();
    3d22:	61 e0       	ldi	r22, 0x01	; 1
    3d24:	81 e0       	ldi	r24, 0x01	; 1
    3d26:	0e 94 18 10 	call	0x2030	; 0x2030 <SYS::power_reset(bool, bool)>
delay_micros():
/Users/askn/Library/Arduino15/packages/MultiX-Zinnia/hardware/modernAVR/0.4.5/cores/modernAVR/api/delay_busywait.h:33
    3d2a:	e3 ed       	ldi	r30, 0xD3	; 211
    3d2c:	f0 e3       	ldi	r31, 0x30	; 48
    3d2e:	31 97       	sbiw	r30, 0x01	; 1
    3d30:	f1 f7       	brne	.-4      	; 0x3d2e <main+0xd2c>
    3d32:	00 c0       	rjmp	.+0      	; 0x3d34 <main+0xd32>
    3d34:	00 00       	nop
sign_off():
/Users/askn/Develop/UPDI4AVR-USB/src/updi.cpp:495
      SYS::delay_2500us();
      pinLogicOpen(PIN_PGM_TRST);
    3d36:	01 98       	cbi	0x00, 1	; 0
    3d38:	60 cf       	rjmp	.-320    	; 0x3bfa <main+0xbf8>
main():
/Users/askn/Develop/UPDI4AVR-USB/src/updi.cpp:488
  }

  uint8_t sign_off (void) {
    uint8_t _rsp = 1;
    if (PGCONF) {
      _rsp = bit_is_set(PGCONF, PGCONF_PGIA_bp) ? Timeout::command(&disconnect) : 1;
    3d3a:	01 e0       	ldi	r16, 0x01	; 1
    3d3c:	e7 cf       	rjmp	.-50     	; 0x3d0c <main+0xd0a>
/Users/askn/Develop/UPDI4AVR-USB/src/updi.cpp:486
    /* In either case it returns success. */
    return 1;
  }

  uint8_t sign_off (void) {
    uint8_t _rsp = 1;
    3d3e:	01 e0       	ldi	r16, 0x01	; 1
    3d40:	5f cf       	rjmp	.-322    	; 0x3c00 <main+0xbfe>
jtag_scope_updi():
/Users/askn/Develop/UPDI4AVR-USB/src/updi.cpp:528
    else if (_cmd == 0x11) {        /* CMD3_SIGN_OFF */
      D1PRINTF(" UPDI_SIGN_OFF\r\n");
      /* If UPDI control has failed, RSP3_OK is always returned. */
      _rspsize = sign_off();
    }
    else if (_cmd == 0x15) {        /* CMD3_ENTER_PROGMODE */
    3d42:	95 31       	cpi	r25, 0x15	; 21
    3d44:	39 f4       	brne	.+14     	; 0x3d54 <main+0xd52>
/Users/askn/Develop/UPDI4AVR-USB/src/updi.cpp:532
      D1PRINTF(" UPDI_ENTER_PROG\r\n");
      /* On failure, RSP3_OK is returned if a UPDI connection is available. */
      /* Locked devices are given the opportunity to write to USERROW and erase the chip. */
      _rspsize = Timeout::command(&enter_progmode, &timeout_fallback, 250)
    3d46:	4a ef       	ldi	r20, 0xFA	; 250
    3d48:	50 e0       	ldi	r21, 0x00	; 0
    3d4a:	65 ee       	ldi	r22, 0xE5	; 229
    3d4c:	74 e0       	ldi	r23, 0x04	; 4
    3d4e:	87 ed       	ldi	r24, 0xD7	; 215
    3d50:	9b e0       	ldi	r25, 0x0B	; 11
    3d52:	65 cf       	rjmp	.-310    	; 0x3c1e <main+0xc1c>
/Users/askn/Develop/UPDI4AVR-USB/src/updi.cpp:535
              || bit_is_set(PGCONF, PGCONF_PGIA_bp);
    }
    else if (_cmd == 0x16) {        /* CMD3_LEAVE_PROGMODE */
    3d54:	96 31       	cpi	r25, 0x16	; 22
    3d56:	09 f4       	brne	.+2      	; 0x3d5a <main+0xd58>
    3d58:	59 c0       	rjmp	.+178    	; 0x3e0c <main+0xe0a>
/Users/askn/Develop/UPDI4AVR-USB/src/updi.cpp:542
      D1PRINTF(" LAST_XCLK=%d\r\n", _xclk);
      /* There is nothing to do. */
      /* The actual termination process is delayed until CMD3_SIGN_OFF. */
      _rspsize = 1;
    }
    else if (_cmd == 0x20) {        /* CMD3_ERASE_MEMORY */
    3d5a:	90 32       	cpi	r25, 0x20	; 32
    3d5c:	49 f4       	brne	.+18     	; 0x3d70 <main+0xd6e>
/Users/askn/Develop/UPDI4AVR-USB/src/updi.cpp:545
      D1PRINTF(" UPDI_ERASE=%02X:%06lX\r\n",
        packet.out.bEType, packet.out.dwPageAddr);
      _rspsize = Timeout::command(Command_Table.erase_memory, &timeout_fallback);
    3d5e:	40 e2       	ldi	r20, 0x20	; 32
    3d60:	53 e0       	ldi	r21, 0x03	; 3
    3d62:	65 ee       	ldi	r22, 0xE5	; 229
    3d64:	74 e0       	ldi	r23, 0x04	; 4
    3d66:	80 91 4c 63 	lds	r24, 0x634C	; 0x80634c <Command_Table+0x4>
    3d6a:	90 91 4d 63 	lds	r25, 0x634D	; 0x80634d <Command_Table+0x5>
    3d6e:	6a cf       	rjmp	.-300    	; 0x3c44 <main+0xc42>
/Users/askn/Develop/UPDI4AVR-USB/src/updi.cpp:547
    }
    else if (bit_is_clear(PGCONF, PGCONF_PGIA_bp)) { /* empty */ }
    3d70:	f8 9b       	sbis	0x1f, 0	; 31
    3d72:	4f c0       	rjmp	.+158    	; 0x3e12 <main+0xe10>
/Users/askn/Develop/UPDI4AVR-USB/src/updi.cpp:548
    else if (_cmd == 0x21) {        /* CMD3_READ_MEMORY */
    3d74:	91 32       	cpi	r25, 0x21	; 33
    3d76:	09 f0       	breq	.+2      	; 0x3d7a <main+0xd78>
    3d78:	3e c0       	rjmp	.+124    	; 0x3df6 <main+0xdf4>
/Users/askn/Develop/UPDI4AVR-USB/src/updi.cpp:552
      D1PRINTF(" UPDI_READ=%02X:%06lX:%04X\r\n", packet.out.bMType,
        packet.out.dwAddr, (size_t)packet.out.dwLength);
      uint8_t m_type = packet.out.bMType;
      size_t _wLength = packet.out.dwLength;
    3d7a:	00 91 e1 60 	lds	r16, 0x60E1	; 0x8060e1 <packet+0xc>
    3d7e:	10 91 e2 60 	lds	r17, 0x60E2	; 0x8060e2 <packet+0xd>
/Users/askn/Develop/UPDI4AVR-USB/src/updi.cpp:553
      if (m_type == 0xD3) {         /* MTYPE_SIB */
    3d82:	23 3d       	cpi	r18, 0xD3	; 211
    3d84:	99 f4       	brne	.+38     	; 0x3dac <main+0xdaa>
/Users/askn/Develop/UPDI4AVR-USB/src/updi.cpp:555
        /* The SIB request occurs before ENTER_PROGMODE. */
        memcpy(&packet.in.data[(uint8_t)packet.out.dwAddr & 31], &_sib, ((_wLength - 1) & 31) + 1);
    3d86:	80 91 dd 60 	lds	r24, 0x60DD	; 0x8060dd <packet+0x8>
    3d8a:	8f 71       	andi	r24, 0x1F	; 31
    3d8c:	90 e0       	ldi	r25, 0x00	; 0
    3d8e:	a8 01       	movw	r20, r16
    3d90:	41 50       	subi	r20, 0x01	; 1
    3d92:	51 09       	sbc	r21, r1
    3d94:	4f 71       	andi	r20, 0x1F	; 31
    3d96:	55 27       	eor	r21, r21
    3d98:	4f 5f       	subi	r20, 0xFF	; 255
    3d9a:	5f 4f       	sbci	r21, 0xFF	; 255
    3d9c:	68 e2       	ldi	r22, 0x28	; 40
    3d9e:	73 e6       	ldi	r23, 0x63	; 99
    3da0:	84 52       	subi	r24, 0x24	; 36
    3da2:	9f 49       	sbci	r25, 0x9F	; 159
    3da4:	a2 d1       	rcall	.+836    	; 0x40ea <memcpy>
read_dummy():
/Users/askn/Develop/UPDI4AVR-USB/src/updi.cpp:355
      packet.in.data[0] = 0x1E;
      packet.in.data[1] = _sib[0] == ' ' ? 'A' : _sib[0];
      packet.in.data[2] = _sib[10];
    }
    else memset(&packet.in.data[0], 0xFF, _wLength);
    return _wLength + 1;
    3da6:	c8 01       	movw	r24, r16
    3da8:	01 96       	adiw	r24, 0x01	; 1
    3daa:	57 cf       	rjmp	.-338    	; 0x3c5a <main+0xc58>
jtag_scope_updi():
/Users/askn/Develop/UPDI4AVR-USB/src/updi.cpp:558
      if (m_type == 0xD3) {         /* MTYPE_SIB */
        /* The SIB request occurs before ENTER_PROGMODE. */
        memcpy(&packet.in.data[(uint8_t)packet.out.dwAddr & 31], &_sib, ((_wLength - 1) & 31) + 1);
        _rspsize = _wLength + 1;
      }
      else if (bit_is_set(PGCONF, PGCONF_PROG_bp)) {
    3dac:	f9 9b       	sbis	0x1f, 1	; 31
    3dae:	09 c0       	rjmp	.+18     	; 0x3dc2 <main+0xdc0>
/Users/askn/Develop/UPDI4AVR-USB/src/updi.cpp:559
        _rspsize = Timeout::command(Command_Table.read_memory, &timeout_fallback, 400);
    3db0:	40 e9       	ldi	r20, 0x90	; 144
    3db2:	51 e0       	ldi	r21, 0x01	; 1
    3db4:	65 ee       	ldi	r22, 0xE5	; 229
    3db6:	74 e0       	ldi	r23, 0x04	; 4
    3db8:	80 91 4a 63 	lds	r24, 0x634A	; 0x80634a <Command_Table+0x2>
    3dbc:	90 91 4b 63 	lds	r25, 0x634B	; 0x80634b <Command_Table+0x3>
    3dc0:	4b cf       	rjmp	.-362    	; 0x3c58 <main+0xc56>
read_dummy():
/Users/askn/Develop/UPDI4AVR-USB/src/updi.cpp:347
   * Read dummy memory if necessary.
   */
  size_t read_dummy (void) {
    uint8_t  m_type = packet.out.bMType;
    size_t _wLength = packet.out.dwLength;
    if (m_type == 0xB4 && _sib[0]) {
    3dc2:	24 3b       	cpi	r18, 0xB4	; 180
    3dc4:	89 f4       	brne	.+34     	; 0x3de8 <main+0xde6>
    3dc6:	80 91 28 63 	lds	r24, 0x6328	; 0x806328 <_sib>
    3dca:	88 23       	and	r24, r24
    3dcc:	69 f0       	breq	.+26     	; 0x3de8 <main+0xde6>
/Users/askn/Develop/UPDI4AVR-USB/src/updi.cpp:350
      /* The SIGNATURE of a locked device cannot be read.            */
      /* But, the SIB can be read, so a Dummy SIGNATURE is returned. */
      packet.in.data[0] = 0x1E;
    3dce:	9e e1       	ldi	r25, 0x1E	; 30
    3dd0:	90 93 dc 60 	sts	0x60DC, r25	; 0x8060dc <packet+0x7>
/Users/askn/Develop/UPDI4AVR-USB/src/updi.cpp:351
      packet.in.data[1] = _sib[0] == ' ' ? 'A' : _sib[0];
    3dd4:	80 32       	cpi	r24, 0x20	; 32
    3dd6:	09 f4       	brne	.+2      	; 0x3dda <main+0xdd8>
main():
    3dd8:	81 e4       	ldi	r24, 0x41	; 65
read_dummy():
    3dda:	80 93 dd 60 	sts	0x60DD, r24	; 0x8060dd <packet+0x8>
/Users/askn/Develop/UPDI4AVR-USB/src/updi.cpp:352
      packet.in.data[2] = _sib[10];
    3dde:	80 91 32 63 	lds	r24, 0x6332	; 0x806332 <_sib+0xa>
    3de2:	80 93 de 60 	sts	0x60DE, r24	; 0x8060de <packet+0x9>
/Users/askn/Develop/UPDI4AVR-USB/src/updi.cpp:354
    }
    else memset(&packet.in.data[0], 0xFF, _wLength);
    3de6:	df cf       	rjmp	.-66     	; 0x3da6 <main+0xda4>
    3de8:	a8 01       	movw	r20, r16
    3dea:	6f ef       	ldi	r22, 0xFF	; 255
    3dec:	70 e0       	ldi	r23, 0x00	; 0
    3dee:	8c ed       	ldi	r24, 0xDC	; 220
    3df0:	90 e6       	ldi	r25, 0x60	; 96
    3df2:	84 d1       	rcall	.+776    	; 0x40fc <memset>
    3df4:	d8 cf       	rjmp	.-80     	; 0x3da6 <main+0xda4>
jtag_scope_updi():
/Users/askn/Develop/UPDI4AVR-USB/src/updi.cpp:568
      /* This will prevent AVRDUDE from displaying annoying errors. */
      else _rspsize = read_dummy();
      packet.in.res = _rspsize ? 0x184 : 0xA0;  /* RSP3_DATA : RSP3_FAILED */
      return _rspsize;
    }
    else if (_cmd == 0x23) {        /* CMD3_WRITE_MEMORY */
    3df6:	93 32       	cpi	r25, 0x23	; 35
    3df8:	61 f4       	brne	.+24     	; 0x3e12 <main+0xe10>
/Users/askn/Develop/UPDI4AVR-USB/src/updi.cpp:571
      D1PRINTF(" UPDI_WRITE=%02X:%06lX:%04X\r\n", packet.out.bMType,
        packet.out.dwAddr, (size_t)packet.out.dwLength);
      _rspsize = Timeout::command(Command_Table.write_memory, &timeout_fallback);
    3dfa:	40 e2       	ldi	r20, 0x20	; 32
    3dfc:	53 e0       	ldi	r21, 0x03	; 3
    3dfe:	65 ee       	ldi	r22, 0xE5	; 229
    3e00:	74 e0       	ldi	r23, 0x04	; 4
    3e02:	80 91 4e 63 	lds	r24, 0x634E	; 0x80634e <Command_Table+0x6>
    3e06:	90 91 4f 63 	lds	r25, 0x634F	; 0x80634f <Command_Table+0x7>
    3e0a:	1c cf       	rjmp	.-456    	; 0x3c44 <main+0xc42>
main():
/Users/askn/Develop/UPDI4AVR-USB/src/updi.cpp:540
    else if (_cmd == 0x16) {        /* CMD3_LEAVE_PROGMODE */
      D1PRINTF(" UPDI_LEAVE_PROG\r\n");
      D1PRINTF(" LAST_XCLK=%d\r\n", _xclk);
      /* There is nothing to do. */
      /* The actual termination process is delayed until CMD3_SIGN_OFF. */
      _rspsize = 1;
    3e0c:	81 e0       	ldi	r24, 0x01	; 1
    3e0e:	90 e0       	ldi	r25, 0x00	; 0
    3e10:	fb ce       	rjmp	.-522    	; 0x3c08 <main+0xc06>
/Users/askn/Develop/UPDI4AVR-USB/src/updi.cpp:506

  // MARK: JTAG SCOPE

  /* ARCH=UPDI scope Provides functionality. */
  size_t jtag_scope_updi (void) {
    size_t _rspsize = 0;
    3e12:	90 e0       	ldi	r25, 0x00	; 0
    3e14:	80 e0       	ldi	r24, 0x00	; 0
    3e16:	26 cf       	rjmp	.-436    	; 0x3c64 <main+0xc62>
jtag_scope_avr_core():
/Users/askn/Develop/UPDI4AVR-USB/src/jtag.cpp:436
    else if (_cmd == 0x10) {        /* CMD3_SIGN_ON */
    3e18:	80 ef       	ldi	r24, 0xF0	; 240
    3e1a:	89 0f       	add	r24, r25
    3e1c:	82 30       	cpi	r24, 0x02	; 2
    3e1e:	08 f4       	brcc	.+2      	; 0x3e22 <main+0xe20>
    3e20:	12 ce       	rjmp	.-988    	; 0x3a46 <main+0xa44>
/Users/askn/Develop/UPDI4AVR-USB/src/jtag.cpp:444
    }
    else if (_cmd == 0x11) {        /* CMD3_SIGN_OFF */
      D1PRINTF(" AVR_SIGN_OFF:ARCH=%d\r\n", _jtag_arch);
      packet.in.res = 0x80;         /* RSP3_OK */
    }
    else if (_cmd == 0x13) {        /* CMD3_START_DW_DEBUG */
    3e22:	93 31       	cpi	r25, 0x13	; 19
    3e24:	09 f4       	brne	.+2      	; 0x3e28 <main+0xe26>
    3e26:	15 ce       	rjmp	.-982    	; 0x3a52 <main+0xa50>
/Users/askn/Develop/UPDI4AVR-USB/src/jtag.cpp:450
      D1PRINTF(" AVR_START_DW_DEBUG:ARCH=%d:FAILED\r\n", _jtag_arch);
      /* Not yet supported. */
    }
    else {
      D1PRINTF(" AVR_CMD?[%02X] ARCH=%d\r\n", _cmd, _jtag_arch);
      packet.in.res = 0xA0;         /* RSP3_FAILED */
    3e28:	80 ea       	ldi	r24, 0xA0	; 160
    3e2a:	90 e0       	ldi	r25, 0x00	; 0
    3e2c:	0e ce       	rjmp	.-996    	; 0x3a4a <main+0xa48>
jtag_scope_branch():
/Users/askn/Develop/UPDI4AVR-USB/src/jtag.cpp:476
  #endif
  #ifdef CONFIG_PGM_ISP_ENABLE
    else if (_scope == 0x11) _rspsize = ISP::jtag_scope_isp();      /* SCOPE_AVR_ISP */
  #endif
    else if (_scope == 0x12) _rspsize = jtag_scope_avr_core();      /* SCOPE_AVR */
    else if (_scope == 0x14) _rspsize = TPI::jtag_scope_tpi();      /* SCOPE_AVR_TPI */
    3e2e:	94 31       	cpi	r25, 0x14	; 20
    3e30:	09 f0       	breq	.+2      	; 0x3e34 <main+0xe32>
    3e32:	76 c0       	rjmp	.+236    	; 0x3f20 <main+0xf1e>
jtag_scope_tpi():
/Users/askn/Develop/UPDI4AVR-USB/src/tpi.cpp:351
   * It doesn't seem to be implemented in the "mEDBG".
   * which means it will start immediately with XPRG_CMD_ENTER_PROGMODE.
   */
  size_t jtag_scope_tpi (void) {
    size_t _rspsize = 0;  /* Make final adjustments. */
    uint8_t _cmd    = packet.out.cmd;
    3e34:	80 91 da 60 	lds	r24, 0x60DA	; 0x8060da <packet+0x5>
/Users/askn/Develop/UPDI4AVR-USB/src/tpi.cpp:352
    if (_cmd == 0x01) {             /* XPRG_CMD_ENTER_PROGMODE */
    3e38:	81 30       	cpi	r24, 0x01	; 1
    3e3a:	b9 f4       	brne	.+46     	; 0x3e6a <main+0xe68>
/Users/askn/Develop/UPDI4AVR-USB/src/tpi.cpp:354
      D1PRINTF(" TPI_ENTER_PROGMODE\r\n");
      _vtarget = SYS::get_vdd();
    3e3c:	0e 94 50 05 	call	0xaa0	; 0xaa0 <SYS::get_vdd()>
    3e40:	80 93 b8 60 	sts	0x60B8, r24	; 0x8060b8 <_vtarget>
    3e44:	90 93 b9 60 	sts	0x60B9, r25	; 0x8060b9 <_vtarget+0x1>
/Users/askn/Develop/UPDI4AVR-USB/src/tpi.cpp:356
      D1PRINTF(" VTARGET=%d\r\n", _vtarget);
      _jtag_arch = 0;
    3e48:	10 92 51 63 	sts	0x6351, r1	; 0x806351 <_jtag_arch>
/Users/askn/Develop/UPDI4AVR-USB/src/tpi.cpp:357
      _rspsize = Timeout::command(&connect);
    3e4c:	40 e2       	ldi	r20, 0x20	; 32
    3e4e:	53 e0       	ldi	r21, 0x03	; 3
    3e50:	70 e0       	ldi	r23, 0x00	; 0
    3e52:	60 e0       	ldi	r22, 0x00	; 0
    3e54:	82 e3       	ldi	r24, 0x32	; 50
    3e56:	90 e1       	ldi	r25, 0x10	; 16
/Users/askn/Develop/UPDI4AVR-USB/src/tpi.cpp:409
      D1PRINTF(" TPI_WRITE=%02X:%08lX:%d\r\n",
        packet.out.tpi.write.bMType,
        bswap32(packet.out.tpi.write.dwAddr),
        bswap16(packet.out.tpi.write.wLength)
      );
      _rspsize = Timeout::command(&write_memory);
    3e58:	0e 94 c8 16 	call	0x2d90	; 0x2d90 <Timeout::command(unsigned int (*)(), unsigned int (*)(), unsigned int)>
/Users/askn/Develop/UPDI4AVR-USB/src/tpi.cpp:411
    }
    packet.in.tpi.res = _rspsize ? 0x00 : 0x01; /* XPRG_ERR_OK : XPRG_ERR_FAILED */
    3e5c:	21 e0       	ldi	r18, 0x01	; 1
    3e5e:	00 97       	sbiw	r24, 0x00	; 0
    3e60:	09 f0       	breq	.+2      	; 0x3e64 <main+0xe62>
    3e62:	20 e0       	ldi	r18, 0x00	; 0
    3e64:	20 93 db 60 	sts	0x60DB, r18	; 0x8060db <packet+0x6>
    3e68:	a9 cd       	rjmp	.-1198   	; 0x39bc <main+0x9ba>
/Users/askn/Develop/UPDI4AVR-USB/src/tpi.cpp:359
      _vtarget = SYS::get_vdd();
      D1PRINTF(" VTARGET=%d\r\n", _vtarget);
      _jtag_arch = 0;
      _rspsize = Timeout::command(&connect);
    }
    else if (_cmd == 0x02) {        /* XPRG_CMD_LEAVE_PROGMODE */
    3e6a:	82 30       	cpi	r24, 0x02	; 2
    3e6c:	71 f5       	brne	.+92     	; 0x3eca <main+0xec8>
sign_off():
/Users/askn/Develop/UPDI4AVR-USB/src/tpi.cpp:325
    return 1;
  }

  uint8_t sign_off (void) {
    uint8_t _rsp = 1;
    if (PGCONF) {
    3e6e:	8f b3       	in	r24, 0x1f	; 31
    3e70:	88 23       	and	r24, r24
    3e72:	41 f1       	breq	.+80     	; 0x3ec4 <main+0xec2>
/Users/askn/Develop/UPDI4AVR-USB/src/tpi.cpp:326
      _rsp = bit_is_set(PGCONF, PGCONF_PGIA_bp) ? disconnect() : 1;
    3e74:	f8 9b       	sbis	0x1f, 0	; 31
    3e76:	15 c0       	rjmp	.+42     	; 0x3ea2 <main+0xea0>
set_sstcs():
/Users/askn/Develop/UPDI4AVR-USB/src/tpi.cpp:74
    return send(0x80 | _addr) && recv();
  }

  bool set_sstcs (const uint8_t _addr, const uint8_t _data) {
    D2PRINTF("[SSTCS:%02X:%02X]\r\n", _addr, _data);
    return send(0xC0 | _addr) && send(_data);
    3e78:	80 ec       	ldi	r24, 0xC0	; 192
    3e7a:	0e 94 80 02 	call	0x500	; 0x500 <PDI::send(unsigned char)>
    3e7e:	88 23       	and	r24, r24
    3e80:	19 f0       	breq	.+6      	; 0x3e88 <main+0xe86>
    3e82:	80 e0       	ldi	r24, 0x00	; 0
    3e84:	0e 94 fd 04 	call	0x9fa	; 0x9fa <PDI::send_byte(unsigned char) [clone .part.4]>
disconnect():
/Users/askn/Develop/UPDI4AVR-USB/src/tpi.cpp:311

  size_t disconnect (void) {
    /*** leave RESET (normal programing) ***/
    set_sstcs(0x00, 0x00);
    /* Send the NVM exit command, wait a short while and release RESET. */
    idle_clock(28);
    3e88:	8c e1       	ldi	r24, 0x1C	; 28
    3e8a:	90 e0       	ldi	r25, 0x00	; 0
    3e8c:	0e 94 40 05 	call	0xa80	; 0xa80 <TPI::idle_clock(unsigned int)>
/Users/askn/Develop/UPDI4AVR-USB/src/tpi.cpp:313
  #ifdef CONFIG_HVC_ENABLE
    if (bit_is_set(PGCONF, PGCONF_HVEN_bp)) {
    3e90:	fc 9b       	sbis	0x1f, 4	; 31
    3e92:	07 c0       	rjmp	.+14     	; 0x3ea2 <main+0xea0>
hvc_leave():
/Users/askn/Develop/UPDI4AVR-USB/src/sys.cpp:409
  #endif
  }

  void hvc_leave (void) {
  #ifdef CONFIG_HVC_ENABLE
    TCA0_SPLIT_CTRLB = 0;
    3e94:	10 92 01 0a 	sts	0x0A01, r1	; 0x800a01 <__TEXT_REGION_LENGTH__+0x7f0a01>
/Users/askn/Develop/UPDI4AVR-USB/src/sys.cpp:410
    TCA0_SPLIT_CTRLA = TCA_SPLIT_ENABLE_bm | TCA_SPLIT_CLKSEL_DIV1024_gc;
    3e98:	8f e0       	ldi	r24, 0x0F	; 15
    3e9a:	80 93 00 0a 	sts	0x0A00, r24	; 0x800a00 <__TEXT_REGION_LENGTH__+0x7f0a00>
disconnect():
/Users/askn/Develop/UPDI4AVR-USB/src/tpi.cpp:315
      SYS::hvc_leave();
      digitalWriteMacro(PIN_HVC_SELECT2, LOW);
    3e9e:	69 98       	cbi	0x0d, 1	; 13
/Users/askn/Develop/UPDI4AVR-USB/src/tpi.cpp:316
      bit_clear(PGCONF, PGCONF_HVEN_bp);
    3ea0:	fc 98       	cbi	0x1f, 4	; 31
sign_off():
/Users/askn/Develop/UPDI4AVR-USB/src/tpi.cpp:327

  uint8_t sign_off (void) {
    uint8_t _rsp = 1;
    if (PGCONF) {
      _rsp = bit_is_set(PGCONF, PGCONF_PGIA_bp) ? disconnect() : 1;
      pinLogicOpen(PIN_PGM_TCLK);
    3ea2:	02 98       	cbi	0x00, 2	; 0
/Users/askn/Develop/UPDI4AVR-USB/src/tpi.cpp:328
      pinLogicOpen(PIN_PGM_TRST);
    3ea4:	01 98       	cbi	0x00, 1	; 0
/Users/askn/Develop/UPDI4AVR-USB/src/tpi.cpp:329
      SYS::power_reset();
    3ea6:	61 e0       	ldi	r22, 0x01	; 1
    3ea8:	81 e0       	ldi	r24, 0x01	; 1
    3eaa:	0e 94 18 10 	call	0x2030	; 0x2030 <SYS::power_reset(bool, bool)>
delay_micros():
/Users/askn/Library/Arduino15/packages/MultiX-Zinnia/hardware/modernAVR/0.4.5/cores/modernAVR/api/delay_busywait.h:33
    3eae:	83 ed       	ldi	r24, 0xD3	; 211
    3eb0:	90 e3       	ldi	r25, 0x30	; 48
    3eb2:	01 97       	sbiw	r24, 0x01	; 1
    3eb4:	f1 f7       	brne	.-4      	; 0x3eb2 <main+0xeb0>
    3eb6:	00 c0       	rjmp	.+0      	; 0x3eb8 <main+0xeb6>
    3eb8:	00 00       	nop
sign_off():
/Users/askn/Develop/UPDI4AVR-USB/src/tpi.cpp:331
      SYS::delay_2500us();
      PGCONF = 0;
    3eba:	1f ba       	out	0x1f, r1	; 31
/Users/askn/Develop/UPDI4AVR-USB/src/tpi.cpp:332
      USART::setup();
    3ebc:	0e 94 42 0b 	call	0x1684	; 0x1684 <USART::setup()>
/Users/askn/Develop/UPDI4AVR-USB/src/tpi.cpp:333
      USART::change_vcp();
    3ec0:	0e 94 d4 05 	call	0xba8	; 0xba8 <USART::change_vcp()>
main():
/Users/askn/Develop/UPDI4AVR-USB/src/tpi.cpp:361
      _jtag_arch = 0;
      _rspsize = Timeout::command(&connect);
    }
    else if (_cmd == 0x02) {        /* XPRG_CMD_LEAVE_PROGMODE */
      D1PRINTF(" TPI_LEAVE_PROGMODE\r\n");
      _rspsize = sign_off();
    3ec4:	81 e0       	ldi	r24, 0x01	; 1
    3ec6:	90 e0       	ldi	r25, 0x00	; 0
    3ec8:	c9 cf       	rjmp	.-110    	; 0x3e5c <main+0xe5a>
jtag_scope_tpi():
/Users/askn/Develop/UPDI4AVR-USB/src/tpi.cpp:363
    }
    else if (_cmd == 0x07) {        /* XPRG_CMD_SET_PARAM */
    3eca:	87 30       	cpi	r24, 0x07	; 7
    3ecc:	d9 f3       	breq	.-10     	; 0x3ec4 <main+0xec2>
/Users/askn/Develop/UPDI4AVR-USB/src/tpi.cpp:381
        _tpi_csr_addr = _bValue;    /* XPRG_TPI_NVMCSR_ADDRESS */
      }
  #endif
      _rspsize = 1;
    }
    else if (_cmd == 0x06) {        /* XPRG_CMD_CRC */
    3ece:	86 30       	cpi	r24, 0x06	; 6
    3ed0:	21 f1       	breq	.+72     	; 0x3f1a <main+0xf18>
/Users/askn/Develop/UPDI4AVR-USB/src/tpi.cpp:384
      D1PRINTF(" TPI_CRC\r\n");     /* not used (Fail) */
    }
    else if (bit_is_clear(PGCONF, PGCONF_PGIA_bp)) { /* empty */ }
    3ed2:	f8 9b       	sbis	0x1f, 0	; 31
    3ed4:	22 c0       	rjmp	.+68     	; 0x3f1a <main+0xf18>
/Users/askn/Develop/UPDI4AVR-USB/src/tpi.cpp:385
    else if (_cmd == 0x05) {        /* XPRG_CMD_READ_MEM */
    3ed6:	85 30       	cpi	r24, 0x05	; 5
    3ed8:	39 f4       	brne	.+14     	; 0x3ee8 <main+0xee6>
/Users/askn/Develop/UPDI4AVR-USB/src/tpi.cpp:391
      D1PRINTF(" TPI_READ=%02X:%08lX:%d\r\n",
        packet.out.tpi.read.bMType,
        bswap32(packet.out.tpi.read.dwAddr),
        bswap16(packet.out.tpi.read.wLength)
      );
      _rspsize = Timeout::command(&read_memory);
    3eda:	40 e2       	ldi	r20, 0x20	; 32
    3edc:	53 e0       	ldi	r21, 0x03	; 3
    3ede:	70 e0       	ldi	r23, 0x00	; 0
    3ee0:	60 e0       	ldi	r22, 0x00	; 0
    3ee2:	88 e2       	ldi	r24, 0x28	; 40
    3ee4:	94 e1       	ldi	r25, 0x14	; 20
    3ee6:	b8 cf       	rjmp	.-144    	; 0x3e58 <main+0xe56>
/Users/askn/Develop/UPDI4AVR-USB/src/tpi.cpp:393
    }
    else if (_vtarget < 4200) {
    3ee8:	20 91 b8 60 	lds	r18, 0x60B8	; 0x8060b8 <_vtarget>
    3eec:	30 91 b9 60 	lds	r19, 0x60B9	; 0x8060b9 <_vtarget+0x1>
    3ef0:	28 36       	cpi	r18, 0x68	; 104
    3ef2:	30 41       	sbci	r19, 0x10	; 16
    3ef4:	90 f0       	brcs	.+36     	; 0x3f1a <main+0xf18>
/Users/askn/Develop/UPDI4AVR-USB/src/tpi.cpp:396
      D1PRINTF(" TPI_CMD=%d, VTGLOW=%d\r\n", _cmd, _vtarget);
    }
    else if (_cmd == 0x03) {        /* XPRG_CMD_ERASE */
    3ef6:	83 30       	cpi	r24, 0x03	; 3
    3ef8:	39 f4       	brne	.+14     	; 0x3f08 <main+0xf06>
/Users/askn/Develop/UPDI4AVR-USB/src/tpi.cpp:401
      D1PRINTF(" TPI_ERASE=%02X:%08lX\r\n",
        packet.out.tpi.read.bMType,
        bswap32(packet.out.tpi.read.dwAddr)
      );
      _rspsize = Timeout::command(&erase_memory);
    3efa:	40 e2       	ldi	r20, 0x20	; 32
    3efc:	53 e0       	ldi	r21, 0x03	; 3
    3efe:	70 e0       	ldi	r23, 0x00	; 0
    3f00:	60 e0       	ldi	r22, 0x00	; 0
    3f02:	86 e5       	ldi	r24, 0x56	; 86
    3f04:	94 e1       	ldi	r25, 0x14	; 20
    3f06:	a8 cf       	rjmp	.-176    	; 0x3e58 <main+0xe56>
/Users/askn/Develop/UPDI4AVR-USB/src/tpi.cpp:403
    }
    else if (_cmd == 0x04) {        /* XPRG_CMD_WRITE_MEM */
    3f08:	84 30       	cpi	r24, 0x04	; 4
    3f0a:	39 f4       	brne	.+14     	; 0x3f1a <main+0xf18>
/Users/askn/Develop/UPDI4AVR-USB/src/tpi.cpp:409
      D1PRINTF(" TPI_WRITE=%02X:%08lX:%d\r\n",
        packet.out.tpi.write.bMType,
        bswap32(packet.out.tpi.write.dwAddr),
        bswap16(packet.out.tpi.write.wLength)
      );
      _rspsize = Timeout::command(&write_memory);
    3f0c:	40 e2       	ldi	r20, 0x20	; 32
    3f0e:	53 e0       	ldi	r21, 0x03	; 3
    3f10:	70 e0       	ldi	r23, 0x00	; 0
    3f12:	60 e0       	ldi	r22, 0x00	; 0
    3f14:	85 e3       	ldi	r24, 0x35	; 53
    3f16:	93 e1       	ldi	r25, 0x13	; 19
    3f18:	9f cf       	rjmp	.-194    	; 0x3e58 <main+0xe56>
main():
/Users/askn/Develop/UPDI4AVR-USB/src/tpi.cpp:350
   * When this scope is used, CMD3_SIGN_ON will not be called,
   * It doesn't seem to be implemented in the "mEDBG".
   * which means it will start immediately with XPRG_CMD_ENTER_PROGMODE.
   */
  size_t jtag_scope_tpi (void) {
    size_t _rspsize = 0;  /* Make final adjustments. */
    3f1a:	90 e0       	ldi	r25, 0x00	; 0
    3f1c:	80 e0       	ldi	r24, 0x00	; 0
    3f1e:	9e cf       	rjmp	.-196    	; 0x3e5c <main+0xe5a>
jtag_scope_branch():
/Users/askn/Develop/UPDI4AVR-USB/src/jtag.cpp:477
    else if (_scope == 0x20) _rspsize = jtag_scope_edbg();          /* SCOPE_EDBG */
    3f20:	90 32       	cpi	r25, 0x20	; 32
    3f22:	09 f0       	breq	.+2      	; 0x3f26 <main+0xf24>
    3f24:	96 cd       	rjmp	.-1236   	; 0x3a52 <main+0xa50>
jtag_scope_edbg():
/Users/askn/Develop/UPDI4AVR-USB/src/jtag.cpp:245

  /*** The EDBG scope provides access to the writer's hardware specifications. ***/
  /* There is no impact on operation if it is not called at all. */
  size_t jtag_scope_edbg (void) {
    size_t  _rspsize = 0;
    uint8_t _cmd     = packet.out.cmd;
    3f26:	20 91 da 60 	lds	r18, 0x60DA	; 0x8060da <packet+0x5>
/Users/askn/Develop/UPDI4AVR-USB/src/jtag.cpp:246
    uint8_t _section = packet.out.section;
    3f2a:	90 91 dc 60 	lds	r25, 0x60DC	; 0x8060dc <packet+0x7>
/Users/askn/Develop/UPDI4AVR-USB/src/jtag.cpp:247
    uint8_t _index   = packet.out.index;
    3f2e:	80 91 dd 60 	lds	r24, 0x60DD	; 0x8060dd <packet+0x8>
/Users/askn/Develop/UPDI4AVR-USB/src/jtag.cpp:248
    uint8_t _length  = packet.out.length;
    3f32:	00 91 de 60 	lds	r16, 0x60DE	; 0x8060de <packet+0x9>
/Users/askn/Develop/UPDI4AVR-USB/src/jtag.cpp:250
    D1PRINTF(",S=%02,I=%02X,L=%02X\r\n", _section, _index, _length);
    if (_cmd == 0x01) {             /* CMD3_SET_PARAMETER */
    3f36:	21 30       	cpi	r18, 0x01	; 1
    3f38:	b1 f4       	brne	.+44     	; 0x3f66 <main+0xf64>
/Users/askn/Develop/UPDI4AVR-USB/src/jtag.cpp:251
      uint16_t _data = packet.out.wValue;
    3f3a:	00 91 df 60 	lds	r16, 0x60DF	; 0x8060df <packet+0xa>
    3f3e:	10 91 e0 60 	lds	r17, 0x60E0	; 0x8060e0 <packet+0xb>
/Users/askn/Develop/UPDI4AVR-USB/src/jtag.cpp:253
      D1PRINTF(" AVR_SET_PARAM=%04X\r\n", _data);
      if (_section == 0) {          /* SET_GET_CTXT_CONFIG */
    3f42:	91 11       	cpse	r25, r1
    3f44:	80 cd       	rjmp	.-1280   	; 0x3a46 <main+0xa44>
/Users/askn/Develop/UPDI4AVR-USB/src/jtag.cpp:254
        if (_index == 0x10) {       /* EDBG_CONTROL_TARGET_POWER */
    3f46:	80 31       	cpi	r24, 0x10	; 16
    3f48:	09 f0       	breq	.+2      	; 0x3f4c <main+0xf4a>
    3f4a:	7d cd       	rjmp	.-1286   	; 0x3a46 <main+0xa44>
/Users/askn/Develop/UPDI4AVR-USB/src/jtag.cpp:257
          /* Called with `-xvtarget_switch=0,1` HAS_VTARG_SWITCH */
          D1PRINTF(" TARGET_POWER=%02X\r\n", _data);
          _jtag_vpow = _data;       /* 0,1 */
    3f4c:	00 93 23 63 	sts	0x6323, r16	; 0x806323 <_jtag_vpow>
/Users/askn/Develop/UPDI4AVR-USB/src/jtag.cpp:259
  #ifdef CONFIG_PGM_VPOWER_ENABLE
          SYS::power_reset(true, false);              /* VPW off */
    3f50:	60 e0       	ldi	r22, 0x00	; 0
    3f52:	81 e0       	ldi	r24, 0x01	; 1
    3f54:	0e 94 18 10 	call	0x2030	; 0x2030 <SYS::power_reset(bool, bool)>
/Users/askn/Develop/UPDI4AVR-USB/src/jtag.cpp:260
          if (_data) SYS::power_reset(false, true);   /* VPW on  */
    3f58:	01 2b       	or	r16, r17
    3f5a:	09 f4       	brne	.+2      	; 0x3f5e <main+0xf5c>
    3f5c:	74 cd       	rjmp	.-1304   	; 0x3a46 <main+0xa44>
power_reset():
    3f5e:	80 e0       	ldi	r24, 0x00	; 0
    3f60:	0e 94 f7 0f 	call	0x1fee	; 0x1fee <SYS::power_reset(bool, bool) [clone .part.5]>
    3f64:	70 cd       	rjmp	.-1312   	; 0x3a46 <main+0xa44>
jtag_scope_edbg():
/Users/askn/Develop/UPDI4AVR-USB/src/jtag.cpp:266
  #endif
        }
      }
      packet.in.res = 0x80;         /* RSP3_OK */
    }
    else if (_cmd == 0x02) {        /* CMD3_GET_PARAMETER */
    3f66:	22 30       	cpi	r18, 0x02	; 2
    3f68:	09 f0       	breq	.+2      	; 0x3f6c <main+0xf6a>
    3f6a:	73 cd       	rjmp	.-1306   	; 0x3a52 <main+0xa50>
/Users/askn/Develop/UPDI4AVR-USB/src/jtag.cpp:268
      D1PRINTF(" AVR_GET_PARAM\r\n");
      if (_section == 0) {          /* SET_GET_CTXT_CONFIG */
    3f6c:	91 11       	cpse	r25, r1
    3f6e:	06 c0       	rjmp	.+12     	; 0x3f7c <main+0xf7a>
/Users/askn/Develop/UPDI4AVR-USB/src/jtag.cpp:269
        if (_index == 0x10) {       /* EDBG_CONTROL_TARGET_POWER */
    3f70:	80 31       	cpi	r24, 0x10	; 16
    3f72:	21 f4       	brne	.+8      	; 0x3f7c <main+0xf7a>
/Users/askn/Develop/UPDI4AVR-USB/src/jtag.cpp:272
          /* Called with `-xvtarget_switch` HAS_VTARG_SWITCH */
          D1PRINTF(" TARGET_POWER=%02X\r\n", _jtag_vpow);
          packet.in.data[0] = _jtag_vpow;
    3f74:	80 91 23 63 	lds	r24, 0x6323	; 0x806323 <_jtag_vpow>
    3f78:	80 93 dc 60 	sts	0x60DC, r24	; 0x8060dc <packet+0x7>
/Users/askn/Develop/UPDI4AVR-USB/src/jtag.cpp:275
        }
      }
      packet.in.res = 0x184;        /* RSP3_DATA */
    3f7c:	84 e8       	ldi	r24, 0x84	; 132
    3f7e:	91 e0       	ldi	r25, 0x01	; 1
    3f80:	80 93 da 60 	sts	0x60DA, r24	; 0x8060da <packet+0x5>
    3f84:	90 93 db 60 	sts	0x60DB, r25	; 0x8060db <packet+0x6>
/Users/askn/Develop/UPDI4AVR-USB/src/jtag.cpp:276
      _rspsize = _length + 1;
    3f88:	80 2f       	mov	r24, r16
    3f8a:	db cd       	rjmp	.-1098   	; 0x3b42 <main+0xb40>

00003f8c <setjmp>:
setjmp():
    3f8c:	dc 01       	movw	r26, r24
    3f8e:	2d 92       	st	X+, r2
    3f90:	3d 92       	st	X+, r3
    3f92:	4d 92       	st	X+, r4
    3f94:	5d 92       	st	X+, r5
    3f96:	6d 92       	st	X+, r6
    3f98:	7d 92       	st	X+, r7
    3f9a:	8d 92       	st	X+, r8
    3f9c:	9d 92       	st	X+, r9
    3f9e:	ad 92       	st	X+, r10
    3fa0:	bd 92       	st	X+, r11
    3fa2:	cd 92       	st	X+, r12
    3fa4:	dd 92       	st	X+, r13
    3fa6:	ed 92       	st	X+, r14
    3fa8:	fd 92       	st	X+, r15
    3faa:	0d 93       	st	X+, r16
    3fac:	1d 93       	st	X+, r17
    3fae:	cd 93       	st	X+, r28
    3fb0:	dd 93       	st	X+, r29
    3fb2:	ff 91       	pop	r31
    3fb4:	ef 91       	pop	r30
    3fb6:	8d b7       	in	r24, 0x3d	; 61
    3fb8:	8d 93       	st	X+, r24
    3fba:	8e b7       	in	r24, 0x3e	; 62
    3fbc:	8d 93       	st	X+, r24
    3fbe:	8f b7       	in	r24, 0x3f	; 63
    3fc0:	8d 93       	st	X+, r24
    3fc2:	ed 93       	st	X+, r30
    3fc4:	fd 93       	st	X+, r31
    3fc6:	88 27       	eor	r24, r24
    3fc8:	99 27       	eor	r25, r25
    3fca:	09 94       	ijmp

00003fcc <longjmp>:
longjmp():
    3fcc:	dc 01       	movw	r26, r24
    3fce:	cb 01       	movw	r24, r22
    3fd0:	81 30       	cpi	r24, 0x01	; 1
    3fd2:	91 05       	cpc	r25, r1
    3fd4:	81 1d       	adc	r24, r1
    3fd6:	2d 90       	ld	r2, X+
    3fd8:	3d 90       	ld	r3, X+
    3fda:	4d 90       	ld	r4, X+
    3fdc:	5d 90       	ld	r5, X+
    3fde:	6d 90       	ld	r6, X+
    3fe0:	7d 90       	ld	r7, X+
    3fe2:	8d 90       	ld	r8, X+
    3fe4:	9d 90       	ld	r9, X+
    3fe6:	ad 90       	ld	r10, X+
    3fe8:	bd 90       	ld	r11, X+
    3fea:	cd 90       	ld	r12, X+
    3fec:	dd 90       	ld	r13, X+
    3fee:	ed 90       	ld	r14, X+
    3ff0:	fd 90       	ld	r15, X+
    3ff2:	0d 91       	ld	r16, X+
    3ff4:	1d 91       	ld	r17, X+
    3ff6:	cd 91       	ld	r28, X+
    3ff8:	dd 91       	ld	r29, X+
    3ffa:	ed 91       	ld	r30, X+
    3ffc:	fd 91       	ld	r31, X+
    3ffe:	0d 90       	ld	r0, X+
    4000:	0f be       	out	0x3f, r0	; 63
    4002:	ed bf       	out	0x3d, r30	; 61
    4004:	fe bf       	out	0x3e, r31	; 62
    4006:	ed 91       	ld	r30, X+
    4008:	fd 91       	ld	r31, X+
    400a:	09 94       	ijmp

0000400c <memcpy_P>:
memcpy_P():
    400c:	fb 01       	movw	r30, r22
    400e:	dc 01       	movw	r26, r24
    4010:	02 c0       	rjmp	.+4      	; 0x4016 <memcpy_P+0xa>
    4012:	05 90       	lpm	r0, Z+
    4014:	0d 92       	st	X+, r0
    4016:	41 50       	subi	r20, 0x01	; 1
    4018:	50 40       	sbci	r21, 0x00	; 0
    401a:	d8 f7       	brcc	.-10     	; 0x4012 <memcpy_P+0x6>
    401c:	08 95       	ret

0000401e <__udivmodhi4>:
__udivmodhi4():
    401e:	aa 1b       	sub	r26, r26
    4020:	bb 1b       	sub	r27, r27
    4022:	51 e1       	ldi	r21, 0x11	; 17
    4024:	07 c0       	rjmp	.+14     	; 0x4034 <__udivmodhi4_ep>

00004026 <__udivmodhi4_loop>:
    4026:	aa 1f       	adc	r26, r26
    4028:	bb 1f       	adc	r27, r27
    402a:	a6 17       	cp	r26, r22
    402c:	b7 07       	cpc	r27, r23
    402e:	10 f0       	brcs	.+4      	; 0x4034 <__udivmodhi4_ep>
    4030:	a6 1b       	sub	r26, r22
    4032:	b7 0b       	sbc	r27, r23

00004034 <__udivmodhi4_ep>:
    4034:	88 1f       	adc	r24, r24
    4036:	99 1f       	adc	r25, r25
    4038:	5a 95       	dec	r21
    403a:	a9 f7       	brne	.-22     	; 0x4026 <__udivmodhi4_loop>
    403c:	80 95       	com	r24
    403e:	90 95       	com	r25
    4040:	bc 01       	movw	r22, r24
    4042:	cd 01       	movw	r24, r26
    4044:	08 95       	ret

00004046 <__udivmodsi4>:
__udivmodsi4():
    4046:	a1 e2       	ldi	r26, 0x21	; 33
    4048:	1a 2e       	mov	r1, r26
    404a:	aa 1b       	sub	r26, r26
    404c:	bb 1b       	sub	r27, r27
    404e:	fd 01       	movw	r30, r26
    4050:	0d c0       	rjmp	.+26     	; 0x406c <__udivmodsi4_ep>

00004052 <__udivmodsi4_loop>:
    4052:	aa 1f       	adc	r26, r26
    4054:	bb 1f       	adc	r27, r27
    4056:	ee 1f       	adc	r30, r30
    4058:	ff 1f       	adc	r31, r31
    405a:	a2 17       	cp	r26, r18
    405c:	b3 07       	cpc	r27, r19
    405e:	e4 07       	cpc	r30, r20
    4060:	f5 07       	cpc	r31, r21
    4062:	20 f0       	brcs	.+8      	; 0x406c <__udivmodsi4_ep>
    4064:	a2 1b       	sub	r26, r18
    4066:	b3 0b       	sbc	r27, r19
    4068:	e4 0b       	sbc	r30, r20
    406a:	f5 0b       	sbc	r31, r21

0000406c <__udivmodsi4_ep>:
    406c:	66 1f       	adc	r22, r22
    406e:	77 1f       	adc	r23, r23
    4070:	88 1f       	adc	r24, r24
    4072:	99 1f       	adc	r25, r25
    4074:	1a 94       	dec	r1
    4076:	69 f7       	brne	.-38     	; 0x4052 <__udivmodsi4_loop>
    4078:	60 95       	com	r22
    407a:	70 95       	com	r23
    407c:	80 95       	com	r24
    407e:	90 95       	com	r25
    4080:	9b 01       	movw	r18, r22
    4082:	ac 01       	movw	r20, r24
    4084:	bd 01       	movw	r22, r26
    4086:	cf 01       	movw	r24, r30
    4088:	08 95       	ret

0000408a <__divmodsi4>:
__divmodsi4():
    408a:	05 2e       	mov	r0, r21
    408c:	97 fb       	bst	r25, 7
    408e:	16 f4       	brtc	.+4      	; 0x4094 <__divmodsi4+0xa>
    4090:	00 94       	com	r0
    4092:	0f d0       	rcall	.+30     	; 0x40b2 <__negsi2>
    4094:	57 fd       	sbrc	r21, 7
    4096:	05 d0       	rcall	.+10     	; 0x40a2 <__divmodsi4_neg2>
    4098:	d6 df       	rcall	.-84     	; 0x4046 <__udivmodsi4>
    409a:	07 fc       	sbrc	r0, 7
    409c:	02 d0       	rcall	.+4      	; 0x40a2 <__divmodsi4_neg2>
    409e:	46 f4       	brtc	.+16     	; 0x40b0 <__divmodsi4_exit>
    40a0:	08 c0       	rjmp	.+16     	; 0x40b2 <__negsi2>

000040a2 <__divmodsi4_neg2>:
    40a2:	50 95       	com	r21
    40a4:	40 95       	com	r20
    40a6:	30 95       	com	r19
    40a8:	21 95       	neg	r18
    40aa:	3f 4f       	sbci	r19, 0xFF	; 255
    40ac:	4f 4f       	sbci	r20, 0xFF	; 255
    40ae:	5f 4f       	sbci	r21, 0xFF	; 255

000040b0 <__divmodsi4_exit>:
    40b0:	08 95       	ret

000040b2 <__negsi2>:
__negsi2():
    40b2:	90 95       	com	r25
    40b4:	80 95       	com	r24
    40b6:	70 95       	com	r23
    40b8:	61 95       	neg	r22
    40ba:	7f 4f       	sbci	r23, 0xFF	; 255
    40bc:	8f 4f       	sbci	r24, 0xFF	; 255
    40be:	9f 4f       	sbci	r25, 0xFF	; 255
    40c0:	08 95       	ret

000040c2 <__bswapsi2>:
__bswapsi2():
    40c2:	69 27       	eor	r22, r25
    40c4:	96 27       	eor	r25, r22
    40c6:	69 27       	eor	r22, r25
    40c8:	78 27       	eor	r23, r24
    40ca:	87 27       	eor	r24, r23
    40cc:	78 27       	eor	r23, r24
    40ce:	08 95       	ret

000040d0 <memcmp>:
memcmp():
    40d0:	fb 01       	movw	r30, r22
    40d2:	dc 01       	movw	r26, r24
    40d4:	04 c0       	rjmp	.+8      	; 0x40de <memcmp+0xe>
    40d6:	8d 91       	ld	r24, X+
    40d8:	01 90       	ld	r0, Z+
    40da:	80 19       	sub	r24, r0
    40dc:	21 f4       	brne	.+8      	; 0x40e6 <memcmp+0x16>
    40de:	41 50       	subi	r20, 0x01	; 1
    40e0:	50 40       	sbci	r21, 0x00	; 0
    40e2:	c8 f7       	brcc	.-14     	; 0x40d6 <memcmp+0x6>
    40e4:	88 1b       	sub	r24, r24
    40e6:	99 0b       	sbc	r25, r25
    40e8:	08 95       	ret

000040ea <memcpy>:
memcpy():
    40ea:	fb 01       	movw	r30, r22
    40ec:	dc 01       	movw	r26, r24
    40ee:	02 c0       	rjmp	.+4      	; 0x40f4 <memcpy+0xa>
    40f0:	01 90       	ld	r0, Z+
    40f2:	0d 92       	st	X+, r0
    40f4:	41 50       	subi	r20, 0x01	; 1
    40f6:	50 40       	sbci	r21, 0x00	; 0
    40f8:	d8 f7       	brcc	.-10     	; 0x40f0 <memcpy+0x6>
    40fa:	08 95       	ret

000040fc <memset>:
memset():
    40fc:	dc 01       	movw	r26, r24
    40fe:	01 c0       	rjmp	.+2      	; 0x4102 <memset+0x6>
    4100:	6d 93       	st	X+, r22
    4102:	41 50       	subi	r20, 0x01	; 1
    4104:	50 40       	sbci	r21, 0x00	; 0
    4106:	e0 f7       	brcc	.-8      	; 0x4100 <memset+0x4>
    4108:	08 95       	ret

0000410a <_exit>:
exit():
    410a:	f8 94       	cli

0000410c <__stop_program>:
__stop_program():
    410c:	ff cf       	rjmp	.-2      	; 0x410c <__stop_program>

Disassembly of section .nvmem:

000041ae <.nvmem>:
	...

Disassembly of section .eeprom:

00810000 <_EEP>:
  810000:	ff ff ff ff ff ff ff ff                             ........

Disassembly of section .fuse:

00820000 <__fuse>:
  820000:	00 00 00 00 00 d1 08 00 00 00 03 00                 ............
