
build/AVR64DU32_CNANO_DEBUG1.ino.elf:     file format elf32-avr


Disassembly of section .data:

00806000 <__data_start>:
__data_start():
  806000:	4c 00       	.word	0x004c	; ????
  806002:	00 00       	nop
	...

00806005 <PDI::recv_byte(unsigned long)::_set_ptr>:
  806005:	0c 00 00 00 00                                      .....

0080600a <PDI::_set_repeat>:
  80600a:	a1 00 00 00                                         ....

0080600e <PDI::_set_ptr32>:
  80600e:	6b 00 00 00 00                                      k....

00806013 <UPDI::recv_byte(unsigned long)::_set_ptr>:
  806013:	55 08 00 00 00 00                                   U.....

00806019 <UPDI::send_byte(unsigned long, unsigned char)::_set_ptr>:
  806019:	55 48 00 00 00 00                                   UH....

0080601f <UPDI::_set_repeat>:
  80601f:	55 a0 00 55 04                                      U..U.

00806024 <UPDI::_set_ptr24>:
  806024:	55 6a 00 00 00 00 00 30 20 00                       Uj.....0 .

0080602e <SYS::_updi_bitmap_reset>:
  80602e:	00 00 00 00 ff ff 7f 55 7e c8 7f 59 fe ff           .......U~..Y..

0080603c <SYS::_updi_bitmap_leave>:
  80603c:	7f 55 7e c8 7f 00 fe 7f 55 7e c3 7e 04 ff           .U~.....U~.~..

0080604a <PDI::connect()::_init>:
  80604a:	c2 05 c1 59 82                                      ...Y.

0080604f <PDI::disconnect()::_leave>:
  80604f:	c0 02 c1 00                                         ....

00806053 <PDI::nvmprog_key>:
  806053:	e0 ff 88 d8 cd 45 ab 89 12                          .....E...

0080605c <UPDI::set_rsd()::_set_rsd>:
  80605c:	55 c2 1d                                            U..

0080605f <UPDI::key_status()::_key_stat>:
  80605f:	55 87                                               U.

00806061 <UPDI::sys_status()::_sys_stat>:
  806061:	55 8b                                               U.

00806063 <UPDI::nvmprog_key>:
  806063:	55 e0 20 67 6f 72 50 4d 56 4e                       U. gorPMVN

0080606d <UPDI::erase_key>:
  80606d:	55 e0 65 73 61 72 45 4d 56 4e                       U.esarEMVN

00806077 <UPDI::urowwrite_key>:
  806077:	55 e0 65 74 26 73 55 4d 56 4e                       U.et&sUMVN

00806081 <UPDI::write_userrow()::_urowstop>:
  806081:	55 c7 20                                            U. 

00806084 <UPDI::write_userrow()::_urowdone>:
  806084:	55 ca 03                                            U..

00806087 <UPDI::clear_rsd()::_clear_rsd>:
  806087:	55 c2 15                                            U..

0080608a <UPDI::connect()::_sib256>:
  80608a:	55 e6                                               U.

0080608c <UPDI::connect()::_init>:
  80608c:	55 c8 59 55 c3 08 55 c2 15 55 82                    U.YU..U..U.

00806097 <UPDI::sys_reset(bool)::_reset>:
  806097:	55 c8 59 55 c8 00 55 c3 04                          U.YU..U..

008060a0 <vtable for HarfUART_Class>:
  8060a0:	00 00 00 00 ac 05 0d 0a 00 00                       ..........

Disassembly of section .text:

00000000 <__vectors>:
__vectors():
../../../../crt1/gcrt1.S:61
       0:	54 c5       	rjmp	.+2728   	; 0xaaa <__ctors_end>
       2:	00 00       	nop
../../../../crt1/gcrt1.S:67
       4:	8f c5       	rjmp	.+2846   	; 0xb24 <__bad_interrupt>
       6:	00 00       	nop
../../../../crt1/gcrt1.S:68
       8:	8d c5       	rjmp	.+2842   	; 0xb24 <__bad_interrupt>
       a:	00 00       	nop
../../../../crt1/gcrt1.S:69
       c:	8b c5       	rjmp	.+2838   	; 0xb24 <__bad_interrupt>
       e:	00 00       	nop
../../../../crt1/gcrt1.S:70
      10:	89 c5       	rjmp	.+2834   	; 0xb24 <__bad_interrupt>
      12:	00 00       	nop
../../../../crt1/gcrt1.S:71
      14:	87 c5       	rjmp	.+2830   	; 0xb24 <__bad_interrupt>
      16:	00 00       	nop
../../../../crt1/gcrt1.S:72
      18:	0c 94 89 1c 	jmp	0x3912	; 0x3912 <__vector_6>
../../../../crt1/gcrt1.S:73
      1c:	83 c5       	rjmp	.+2822   	; 0xb24 <__bad_interrupt>
      1e:	00 00       	nop
../../../../crt1/gcrt1.S:74
      20:	81 c5       	rjmp	.+2818   	; 0xb24 <__bad_interrupt>
      22:	00 00       	nop
../../../../crt1/gcrt1.S:75
      24:	7f c5       	rjmp	.+2814   	; 0xb24 <__bad_interrupt>
      26:	00 00       	nop
../../../../crt1/gcrt1.S:76
      28:	7d c5       	rjmp	.+2810   	; 0xb24 <__bad_interrupt>
      2a:	00 00       	nop
../../../../crt1/gcrt1.S:77
      2c:	7b c5       	rjmp	.+2806   	; 0xb24 <__bad_interrupt>
      2e:	00 00       	nop
../../../../crt1/gcrt1.S:78
      30:	79 c5       	rjmp	.+2802   	; 0xb24 <__bad_interrupt>
      32:	00 00       	nop
../../../../crt1/gcrt1.S:79
      34:	77 c5       	rjmp	.+2798   	; 0xb24 <__bad_interrupt>
      36:	00 00       	nop
../../../../crt1/gcrt1.S:80
      38:	75 c5       	rjmp	.+2794   	; 0xb24 <__bad_interrupt>
      3a:	00 00       	nop
../../../../crt1/gcrt1.S:81
      3c:	0c 94 f4 1b 	jmp	0x37e8	; 0x37e8 <__vector_15>
../../../../crt1/gcrt1.S:82
      40:	71 c5       	rjmp	.+2786   	; 0xb24 <__bad_interrupt>
      42:	00 00       	nop
../../../../crt1/gcrt1.S:83
      44:	6f c5       	rjmp	.+2782   	; 0xb24 <__bad_interrupt>
      46:	00 00       	nop
../../../../crt1/gcrt1.S:84
      48:	6d c5       	rjmp	.+2778   	; 0xb24 <__bad_interrupt>
      4a:	00 00       	nop
../../../../crt1/gcrt1.S:85
      4c:	0c 94 ab 1b 	jmp	0x3756	; 0x3756 <__vector_19>
../../../../crt1/gcrt1.S:86
      50:	69 c5       	rjmp	.+2770   	; 0xb24 <__bad_interrupt>
      52:	00 00       	nop
../../../../crt1/gcrt1.S:87
      54:	67 c5       	rjmp	.+2766   	; 0xb24 <__bad_interrupt>
      56:	00 00       	nop
../../../../crt1/gcrt1.S:88
      58:	65 c5       	rjmp	.+2762   	; 0xb24 <__bad_interrupt>
      5a:	00 00       	nop
../../../../crt1/gcrt1.S:89
      5c:	63 c5       	rjmp	.+2758   	; 0xb24 <__bad_interrupt>
      5e:	00 00       	nop
../../../../crt1/gcrt1.S:90
      60:	0c 94 99 1c 	jmp	0x3932	; 0x3932 <__vector_24>
../../../../crt1/gcrt1.S:91
      64:	5f c5       	rjmp	.+2750   	; 0xb24 <__bad_interrupt>
      66:	00 00       	nop
../../../../crt1/gcrt1.S:92
      68:	5d c5       	rjmp	.+2746   	; 0xb24 <__bad_interrupt>
      6a:	00 00       	nop
../../../../crt1/gcrt1.S:93
      6c:	5b c5       	rjmp	.+2742   	; 0xb24 <__bad_interrupt>
      6e:	00 00       	nop
../../../../crt1/gcrt1.S:94
      70:	59 c5       	rjmp	.+2738   	; 0xb24 <__bad_interrupt>
      72:	00 00       	nop
../../../../crt1/gcrt1.S:95
      74:	57 c5       	rjmp	.+2734   	; 0xb24 <__bad_interrupt>
      76:	00 00       	nop
../../../../crt1/gcrt1.S:96
      78:	55 c5       	rjmp	.+2730   	; 0xb24 <__bad_interrupt>
      7a:	00 00       	nop
../../../../crt1/gcrt1.S:97
      7c:	53 c5       	rjmp	.+2726   	; 0xb24 <__bad_interrupt>
      7e:	00 00       	nop
../../../../crt1/gcrt1.S:98
      80:	51 c5       	rjmp	.+2722   	; 0xb24 <__bad_interrupt>
      82:	00 00       	nop
../../../../crt1/gcrt1.S:99
      84:	4f c5       	rjmp	.+2718   	; 0xb24 <__bad_interrupt>
	...

00000088 <__trampolines_end>:
__trampolines_start():
      88:	55 50       	subi	r21, 0x05	; 5
      8a:	44 49       	sbci	r20, 0x94	; 148
      8c:	34 41       	sbci	r19, 0x14	; 20
      8e:	56 52       	subi	r21, 0x26	; 38
      90:	2d 55       	subi	r18, 0x5D	; 93
      92:	53 42       	sbci	r21, 0x23	; 35
      94:	20 31       	cpi	r18, 0x10	; 16
      96:	2e 33       	cpi	r18, 0x3E	; 62
      98:	35 2e       	mov	r3, r21
      9a:	34 39       	cpi	r19, 0x94	; 148
      9c:	20 48       	sbci	r18, 0x80	; 128
      9e:	41 4c       	sbci	r20, 0xC1	; 193
      a0:	2f 41       	sbci	r18, 0x1F	; 31
      a2:	56 52       	subi	r21, 0x26	; 38
      a4:	44 55       	subi	r20, 0x54	; 84
      a6:	5f 43       	sbci	r21, 0x3F	; 63
      a8:	4e 41       	sbci	r20, 0x1E	; 30
      aa:	4e 4f       	sbci	r20, 0xFE	; 254
      ac:	2e 68       	ori	r18, 0x8E	; 142
	...

000000af <USB::istring>:
      af:	43 00 44 00 43 00 2d 00 41 00 43 00 4d 00 2f 00     C.D.C.-.A.C.M./.
      bf:	56 00 43 00 50 00 00 00                             V.C.P...

000000c7 <USB::mstring>:
      c7:	55 00 50 00 44 00 49 00 34 00 41 00 56 00 52 00     U.P.D.I.4.A.V.R.
      d7:	2d 00 55 00 53 00 42 00 3a 00 41 00 56 00 52 00     -.U.S.B.:.A.V.R.
      e7:	2d 00 44 00 55 00 3a 00 45 00 44 00 42 00 47 00     -.D.U.:.E.D.B.G.
      f7:	2f 00 43 00 4d 00 53 00 49 00 53 00 2d 00 44 00     /.C.M.S.I.S.-.D.
     107:	41 00 50 00 00 00                                   A.P...

0000010d <USB::vstring>:
     10d:	4d 00 75 00 6c 00 74 00 69 00 58 00 2e 00 6a 00     M.u.l.t.i.X...j.
     11d:	70 00 20 00 4f 00 53 00 53 00 57 00 2f 00 4f 00     p. .O.S.S.W./.O.
     12d:	53 00 48 00 57 00 20 00 50 00 72 00 6f 00 64 00     S.H.W. .P.r.o.d.
     13d:	2e 00 00 00                                         ....

00000141 <USB::report_descriptor>:
     141:	06 00 ff 09 01 a1 01 15 00 26 ff 00 75 08 96 40     .........&..u..@
     151:	00 09 01 81 02 96 40 00 09 01 91 02 95 04 09 01     ......@.........
     161:	b1 02 c0                                            ...

00000164 <USB::current_descriptor>:
     164:	09 02 6b 00 03 01 00 80 32 09 04 00 00 02 03 00     ..k.....2.......
     174:	00 00 09 21 11 01 00 01 22 23 00 07 05 02 03 40     ...!...."#.....@
     184:	00 01 07 05 81 03 40 00 01 08 0b 01 02 02 02 01     ......@.........
     194:	04 09 04 01 00 01 02 02 01 00 05 24 00 10 01 04     ...........$....
     1a4:	24 02 06 05 24 06 01 02 05 24 01 03 02 07 05 82     $...$....$......
     1b4:	03 10 00 04 09 04 02 00 02 0a 00 00 00 07 05 03     ................
     1c4:	02 40 00 00 07 05 83 02 40 00 00                    .@......@..

000001cf <USB::qualifier_descriptor>:
     1cf:	0a 06 00 02 ef 02 01 40 00 00                       .......@..

000001d9 <USB::get_descriptor(unsigned char*, unsigned int)::__c>:
     1d9:	20 56 49 44 3a 50 49 44 3d 25 30 34 58 3a 25 30      VID:PID=%04X:%0
     1e9:	34 58 0d 0a 00                                      4X...

000001ee <USB::device_descriptor>:
     1ee:	12 01 00 02 ef 02 01 40 d8 04 15 0b 00 01 01 02     .......@........
     1fe:	03 01                                               ..

00000200 <USB::request_standard()::__c>:
     200:	3c 47 49 3a 25 30 32 58 3e 0d 0a 00                 <GI:%02X>...

0000020c <USB::request_standard()::__c>:
     20c:	3c 53 49 3a 30 3e 0d 0a 00                          <SI:0>...

00000215 <USB::request_standard()::__c>:
     215:	3c 53 43 3a 25 30 32 58 3e 0d 0a 00                 <SC:%02X>...

00000221 <USB::request_standard()::__c>:
     221:	3c 47 43 3a 25 30 32 58 3e 0d 0a 00                 <GC:%02X>...

0000022d <USB::request_standard()::__c>:
     22d:	20 55 53 42 30 5f 41 44 44 52 3d 25 64 0d 0a 00      USB0_ADDR=%d...

0000023d <USB::request_standard()::__c>:
     23d:	20 53 46 3d 25 30 32 58 3a 25 30 32 58 0d 0a 00      SF=%02X:%02X...

0000024d <USB::request_standard()::__c>:
     24d:	20 43 46 3d 25 30 32 58 3a 25 30 32 58 0d 0a 00      CF=%02X:%02X...

0000025d <USB::request_class()::__c>:
     25d:	20 53 42 3d 25 30 34 58 0d 0a 00                     SB=%04X...

00000268 <USB::request_class()::__c>:
     268:	20 53 4c 53 3d 25 30 32 58 0d 0a 00                  SLS=%02X...

00000274 <USB::request_class()::__c>:
     274:	20 47 4c 45 3d 00                                    GLE=.

0000027a <USB::request_class()::__c>:
     27a:	20 53 4c 45 3d 00                                    SLE=.

00000280 <USB::request_class()::__c>:
     280:	20 49 44 4c 3d 25 30 32 58 0d 0a 00                  IDL=%02X...

0000028c <USB::handling_control_transactions()::__c>:
     28c:	52 51 3d 25 30 32 58 3a 25 30 34 58 3a 25 30 32     RQ=%02X:%04X:%02
     29c:	58 3a 25 30 32 58 3a 25 30 34 58 3a 25 30 34 58     X:%02X:%04X:%04X
     2ac:	3a 25 30 34 58 0d 0a 00                             :%04X...

000002b4 <SYS::reset_enter()::__c>:
     2b4:	3c 52 53 54 3a 49 4e 3e 0d 0a 00                    <RST:IN>...

000002bf <SYS::reset_leave()::__c>:
     2bf:	3c 52 53 54 3a 4f 55 54 3e 0d 0a 00                 <RST:OUT>...

000002cb <JTAG::dap_command_check()::__c>:
     2cb:	3c 45 44 42 47 5f 45 4d 50 54 59 3e 0d 0a 00        <EDBG_EMPTY>...

000002da <JTAG::dap_command_check()::__c>:
     2da:	3c 45 44 42 47 5f 46 41 49 4c 3e 0d 0a 00           <EDBG_FAIL>...

000002e8 <JTAG::dap_command_check()::__c>:
     2e8:	3c 45 44 42 47 5f 46 41 49 4c 3e 0d 0a 00           <EDBG_FAIL>...

000002f6 <JTAG::jtag_scope_general()::__c>:
     2f6:	20 47 45 4e 3d 25 30 32 58 3a 25 30 32 58 3a 25      GEN=%02X:%02X:%
     306:	30 32 58 0d 0a 00                                   02X...

0000030c <JTAG::jtag_scope_general()::__c>:
     30c:	20 47 45 4e 5f 53 49 47 4e 5f 4f 46 46 0d 0a 00      GEN_SIGN_OFF...

0000031c <JTAG::jtag_scope_general()::__c>:
     31c:	20 47 45 4e 5f 53 49 47 4e 5f 4f 4e 0d 0a 00         GEN_SIGN_ON...

0000032b <JTAG::jtag_physical>:
     32b:	90 28 00 18 38 00 00 00                             .(..8...

00000333 <JTAG::jtag_scope_general()::__c>:
     333:	20 50 48 59 53 49 43 41 4c 3d 25 30 32 58 3a 25      PHYSICAL=%02X:%
     343:	30 32 58 0d 0a 00                                   02X...

00000349 <JTAG::jtag_scope_general()::__c>:
     349:	20 56 54 41 52 47 45 54 3d 25 64 0d 0a 00            VTARGET=%d...

00000357 <JTAG::jtag_scope_general()::__c>:
     357:	20 56 45 53 52 49 4f 4e 3d 00                        VESRION=.

00000361 <JTAG::jtag_version>:
     361:	00 01 23 31 00                                      ..#1.

00000366 <JTAG::jtag_scope_general()::__c>:
     366:	20 47 45 4e 5f 47 45 54 5f 50 41 52 41 4d 3d 25      GEN_GET_PARAM=%
     376:	30 32 58 3a 25 30 32 58 3a 25 30 32 58 0d 0a 00     02X:%02X:%02X...

00000386 <PDI::jtag_scope_xmega()::__c>:
     386:	20 50 44 49 5f 57 52 49 54 45 3d 25 30 32 58 3a      PDI_WRITE=%02X:
     396:	25 30 38 6c 58 3a 25 30 34 58 0d 0a 00              %08lX:%04X...

000003a3 <PDI::jtag_scope_xmega()::__c>:
     3a3:	20 50 44 49 5f 52 45 41 44 3d 25 30 32 58 3a 25      PDI_READ=%02X:%
     3b3:	30 38 6c 58 3a 25 30 34 58 0d 0a 00                 08lX:%04X...

000003bf <PDI::jtag_scope_xmega()::__c>:
     3bf:	20 50 44 49 5f 45 52 41 53 45 3d 25 30 32 58 3a      PDI_ERASE=%02X:
     3cf:	25 30 38 6c 58 0d 0a 00                             %08lX...

000003d7 <PDI::jtag_scope_xmega()::__c>:
     3d7:	20 50 44 49 5f 4c 45 41 56 45 5f 50 52 4f 47 0d      PDI_LEAVE_PROG.
     3e7:	0a 00                                               ..

000003e9 <PDI::jtag_scope_xmega()::__c>:
     3e9:	20 50 44 49 5f 45 4e 54 45 52 5f 50 52 4f 47 0d      PDI_ENTER_PROG.
     3f9:	0a 00                                               ..

000003fb <PDI::jtag_scope_xmega()::__c>:
     3fb:	20 50 44 49 5f 53 49 47 4e 5f 4f 46 46 0d 0a 00      PDI_SIGN_OFF...

0000040b <PDI::jtag_scope_xmega()::__c>:
     40b:	20 50 44 49 5f 53 49 47 4e 5f 4f 4e 3d 45 58 54      PDI_SIGN_ON=EXT
     41b:	3a 25 30 32 58 0d 0a 00                             :%02X...

00000423 <UPDI::jtag_scope_updi()::__c>:
     423:	20 55 50 44 49 5f 57 52 49 54 45 3d 25 30 32 58      UPDI_WRITE=%02X
     433:	3a 25 30 36 6c 58 3a 25 30 34 58 0d 0a 00           :%06lX:%04X...

00000441 <UPDI::jtag_scope_updi()::__c>:
     441:	20 55 50 44 49 5f 52 45 41 44 3d 25 30 32 58 3a      UPDI_READ=%02X:
     451:	25 30 36 6c 58 3a 25 30 34 58 0d 0a 00              %06lX:%04X...

0000045e <UPDI::jtag_scope_updi()::__c>:
     45e:	20 55 50 44 49 5f 45 52 41 53 45 3d 25 30 32 58      UPDI_ERASE=%02X
     46e:	3a 25 30 36 6c 58 0d 0a 00                          :%06lX...

00000477 <UPDI::jtag_scope_updi()::__c>:
     477:	20 4c 41 53 54 5f 58 43 4c 4b 3d 25 64 0d 0a 00      LAST_XCLK=%d...

00000487 <UPDI::jtag_scope_updi()::__c>:
     487:	20 55 50 44 49 5f 4c 45 41 56 45 5f 50 52 4f 47      UPDI_LEAVE_PROG
     497:	0d 0a 00                                            ...

0000049a <UPDI::jtag_scope_updi()::__c>:
     49a:	20 55 50 44 49 5f 45 4e 54 45 52 5f 50 52 4f 47      UPDI_ENTER_PROG
     4aa:	0d 0a 00                                            ...

000004ad <UPDI::jtag_scope_updi()::__c>:
     4ad:	20 55 50 44 49 5f 53 49 47 4e 5f 4f 46 46 0d 0a      UPDI_SIGN_OFF..
	...

000004be <UPDI::jtag_scope_updi()::__c>:
     4be:	20 55 50 44 49 5f 53 49 47 4e 5f 4f 4e 3d 45 58      UPDI_SIGN_ON=EX
     4ce:	54 3a 25 30 32 58 0d 0a 00                          T:%02X...

000004d7 <_ZZN4JTAG19jtag_scope_avr_coreEvE3__c__12_>:
     4d7:	20 3f 3a 41 52 43 48 3d 25 64 0d 0a 00               ?:ARCH=%d...

000004e4 <_ZZN4JTAG19jtag_scope_avr_coreEvE3__c__11_>:
     4e4:	20 58 43 4c 4b 3d 25 64 0d 0a 00                     XCLK=%d...

000004ef <_ZZN4JTAG19jtag_scope_avr_coreEvE3__c__10_>:
     4ef:	20 43 4f 4e 4e 45 43 54 49 4f 4e 3d 25 30 32 58      CONNECTION=%02X
     4ff:	0d 0a 00                                            ...

00000502 <JTAG::jtag_scope_avr_core()::__c>:
     502:	20 41 52 43 48 3d 25 30 32 58 0d 0a 00               ARCH=%02X...

0000050f <JTAG::jtag_scope_avr_core()::__c>:
     50f:	20 41 56 52 5f 47 45 54 5f 50 41 52 41 4d 45 54      AVR_GET_PARAMET
     51f:	45 52 3d 25 30 32 58 3a 25 30 32 58 3a 25 30 32     ER=%02X:%02X:%02
     52f:	58 0d 0a 00                                         X...

00000533 <JTAG::jtag_scope_avr_core()::__c>:
     533:	20 55 4e 4c 4f 43 4b 45 4e 3d 25 30 32 58 0d 0a      UNLOCKEN=%02X..
	...

00000544 <JTAG::jtag_scope_avr_core()::__c>:
     544:	20 48 56 43 54 52 4c 45 4e 3d 25 30 32 58 0d 0a      HVCTRLEN=%02X..
	...

00000555 <JTAG::jtag_scope_avr_core()::__c>:
     555:	20 44 45 56 49 43 45 44 45 53 43 3d 25 58 0d 0a      DEVICEDESC=%X..
	...

00000566 <JTAG::jtag_scope_avr_core()::__c>:
     566:	20 46 49 58 5f 58 43 4c 4b 3d 25 64 0d 0a 00         FIX_XCLK=%d...

00000575 <JTAG::jtag_scope_avr_core()::__c>:
     575:	20 43 4f 4e 4e 45 43 54 49 4f 4e 3d 25 30 32 58      CONNECTION=%02X
     585:	0d 0a 00                                            ...

00000588 <JTAG::jtag_scope_avr_core()::__c>:
     588:	20 53 45 53 53 5f 50 55 52 50 4f 53 45 3d 25 30      SESS_PURPOSE=%0
     598:	32 58 0d 0a 00                                      2X...

0000059d <JTAG::jtag_scope_avr_core()::__c>:
     59d:	20 58 43 4c 4b 3d 25 64 0d 0a 00                     XCLK=%d...

000005a8 <JTAG::jtag_scope_avr_core()::__c>:
     5a8:	20 41 52 43 48 3d 25 30 32 58 0d 0a 00               ARCH=%02X...

000005b5 <JTAG::jtag_scope_avr_core()::__c>:
     5b5:	20 41 56 52 5f 53 45 54 5f 50 41 52 41 4d 3d 25      AVR_SET_PARAM=%
     5c5:	30 32 58 3a 25 30 32 58 3a 25 30 32 58 3a 25 30     02X:%02X:%02X:%0
     5d5:	34 58 0d 0a 00                                      4X...

000005da <TPI::disconnect()::__c>:
     5da:	3c 48 56 43 3a 4f 46 46 3e 0d 0a 00                 <HVC:OFF>...

000005e6 <TPI::jtag_scope_tpi()::__c>:
     5e6:	20 3c 52 45 53 3a 25 30 32 58 3e 0d 0a 00            <RES:%02X>...

000005f4 <TPI::jtag_scope_tpi()::__c>:
     5f4:	20 54 50 49 5f 57 52 49 54 45 3d 25 30 32 58 3a      TPI_WRITE=%02X:
     604:	25 30 38 6c 58 3a 25 64 0d 0a 00                    %08lX:%d...

0000060f <TPI::jtag_scope_tpi()::__c>:
     60f:	20 54 50 49 5f 45 52 41 53 45 3d 25 30 32 58 3a      TPI_ERASE=%02X:
     61f:	25 30 38 6c 58 0d 0a 00                             %08lX...

00000627 <TPI::jtag_scope_tpi()::__c>:
     627:	20 54 50 49 5f 43 4d 44 3d 25 64 2c 20 56 54 47      TPI_CMD=%d, VTG
     637:	4c 4f 57 3d 25 64 0d 0a 00                          LOW=%d...

00000640 <TPI::jtag_scope_tpi()::__c>:
     640:	20 54 50 49 5f 52 45 41 44 3d 25 30 32 58 3a 25      TPI_READ=%02X:%
     650:	30 38 6c 58 3a 25 64 0d 0a 00                       08lX:%d...

0000065a <TPI::jtag_scope_tpi()::__c>:
     65a:	20 54 50 49 5f 43 52 43 0d 0a 00                     TPI_CRC...

00000665 <TPI::jtag_scope_tpi()::__c>:
     665:	20 54 50 49 5f 4c 45 41 56 45 5f 50 52 4f 47 4d      TPI_LEAVE_PROGM
     675:	4f 44 45 0d 0a 00                                   ODE...

0000067b <TPI::jtag_scope_tpi()::__c>:
     67b:	20 56 54 41 52 47 45 54 3d 25 64 0d 0a 00            VTARGET=%d...

00000689 <TPI::jtag_scope_tpi()::__c>:
     689:	20 54 50 49 5f 45 4e 54 45 52 5f 50 52 4f 47 4d      TPI_ENTER_PROGM
     699:	4f 44 45 0d 0a 00                                   ODE...

0000069f <JTAG::jtag_scope_edbg()::__c>:
     69f:	20 54 41 52 47 45 54 5f 50 4f 57 45 52 3d 25 30      TARGET_POWER=%0
     6af:	32 58 0d 0a 00                                      2X...

000006b4 <JTAG::jtag_scope_edbg()::__c>:
     6b4:	20 41 56 52 5f 47 45 54 5f 50 41 52 41 4d 3d 25      AVR_GET_PARAM=%
     6c4:	30 32 58 3a 25 30 32 58 3a 25 30 32 58 0d 0a 00     02X:%02X:%02X...

000006d4 <JTAG::jtag_scope_edbg()::__c>:
     6d4:	20 54 41 52 47 45 54 5f 50 4f 57 45 52 3d 25 30      TARGET_POWER=%0
     6e4:	32 58 0d 0a 00                                      2X...

000006e9 <JTAG::jtag_scope_edbg()::__c>:
     6e9:	20 41 56 52 5f 53 45 54 5f 50 41 52 41 4d 3d 25      AVR_SET_PARAM=%
     6f9:	30 32 58 3a 25 30 32 58 3a 25 30 32 58 3a 25 30     02X:%02X:%02X:%0
     709:	32 58 0d 0a 00                                      2X...

0000070e <JTAG::jtag_scope_branch()::__c>:
     70e:	20 3f 3a 53 43 4f 50 45 3d 25 30 32 58 0d 0a 00      ?:SCOPE=%02X...

0000071e <JTAG::jtag_scope_branch()::__c>:
     71e:	53 51 3d 25 64 3a 25 64 3e 53 43 4f 50 45 3d 25     SQ=%d:%d>SCOPE=%
     72e:	30 32 58 2c 43 3d 25 30 32 58 2c 53 3d 25 30 32     02X,C=%02X,S=%02
     73e:	58 2c 4c 3d 25 30 32 58 0d 0a 00                    X,L=%02X...

00000749 <main::__c>:
     749:	3c 57 41 49 54 49 4e 47 3e 0d 0a 00                 <WAITING>...

00000755 <main::__c>:
     755:	42 45 41 54 3d 25 64 3a 25 64 0d 0a 00              BEAT=%d:%d...

00000762 <main::__c>:
     762:	48 41 4c 5f 50 52 4f 46 49 4c 45 3d 48 41 4c 2f     HAL_PROFILE=HAL/
     772:	41 56 52 44 55 5f 43 4e 41 4e 4f 2e 68 0d 0a 00     AVRDU_CNANO.h...

00000782 <main::__c>:
     782:	5f 5f 41 56 52 5f 41 52 43 48 5f 5f 3d 25 64 0d     __AVR_ARCH__=%d.
     792:	0a 00                                               ..

00000794 <main::__c>:
     794:	5f 41 56 52 5f 49 4f 58 58 58 5f 48 5f 3d 69 6f     _AVR_IOXXX_H_=io
     7a4:	61 76 72 36 34 64 75 33 32 2e 68 0d 0a 00           avr64du32.h...

000007b2 <main::__c>:
     7b2:	46 5f 43 50 55 3d 25 6c 64 0d 0a 00                 F_CPU=%ld...

000007be <main::__c>:
     7be:	0a 3c 73 74 61 72 74 75 70 3e 0d 0a 00              .<startup>...

000007cb <PDI::read_memory()::__c>:
     7cb:	20 4c 3d 25 30 34 58 2c 41 3d 25 30 38 6c 58 2c      L=%04X,A=%08lX,
	...

000007dc <PDI::write_memory()::__c>:
     7dc:	20 4c 3d 25 30 34 58 2c 41 3d 25 30 38 6c 58 2c      L=%04X,A=%08lX,
	...

000007ed <PDI::timeout_fallback()::__c>:
     7ed:	20 46 61 69 6c 0d 0a 00                              Fail...

000007f5 <PDI::connect()::__c>:
     7f5:	20 20 50 44 49 5f 4f 4e 3a 47 56 41 4c 3d 25 30       PDI_ON:GVAL=%0
     805:	32 58 0d 0a 00                                      2X...

0000080a <PDI::enter_progmode()::__c>:
     80a:	20 20 4e 56 4d 50 5f 4f 4e 3a 25 30 32 58 0d 0a       NVMP_ON:%02X..
	...

0000081b <PDI::enter_progmode()::__c>:
     81b:	20 20 46 61 69 6c 3a 25 30 32 58 0d 0a 00             Fail:%02X...

00000829 <SYS::LED_HeartBeat()::__c>:
     829:	20 4c 45 44 3a 48 42 45 41 54 0d 0a 00               LED:HBEAT...

00000836 <SYS::reboot()::__c>:
     836:	3c 52 45 42 4f 4f 54 3e 0d 0a 00                    <REBOOT>...

00000841 <SYS::LED_TM(unsigned char, unsigned int)::__c>:
     841:	20 4c 45 44 3a 4d 44 3d 25 64 0d 0a 00               LED:MD=%d...

0000084e <Timeout::start(unsigned int)::__c>:
     84e:	20 54 43 42 30 3a 4f 4e 0d 0a 00                     TCB0:ON...

00000859 <Timeout::command(unsigned int (*)(), unsigned int (*)(), unsigned int)::__c>:
     859:	5b 54 4f 5d 00                                      [TO].

0000085e <Timeout::command(unsigned int (*)(), unsigned int (*)(), unsigned int)::__c>:
     85e:	20 54 43 42 30 3a 4f 46 0d 0a 00                     TCB0:OF...

00000869 <TPI::erase_memory()::__c>:
     869:	20 53 45 43 54 49 4f 4e 5f 45 52 41 53 45 3d 25      SECTION_ERASE=%
     879:	30 34 58 0d 0a 00                                   04X...

0000087f <TPI::erase_memory()::__c>:
     87f:	20 43 48 49 50 5f 45 52 41 53 45 3d 25 30 34 58      CHIP_ERASE=%04X
     88f:	0d 0a 00                                            ...

00000892 <TPI::read_memory()::__c>:
     892:	20 52 45 41 44 3d 25 30 34 58 3a 25 64 20 00         READ=%04X:%d .

000008a1 <TPI::write_memory()::__c>:
     8a1:	20 43 4f 44 45 5f 57 52 49 54 45 3d 25 30 34 58      CODE_WRITE=%04X
     8b1:	3a 25 30 32 58 0d 0a 00                             :%02X...

000008b9 <TPI::write_memory()::__c>:
     8b9:	20 53 45 43 54 49 4f 4e 5f 45 52 41 53 45 3d 25      SECTION_ERASE=%
     8c9:	30 34 58 0d 0a 00                                   04X...

000008cf <TPI::write_memory()::__c>:
     8cf:	20 57 52 49 54 45 3d 25 30 34 58 3a 25 64 20 00      WRITE=%04X:%d .

000008df <USART::change_tpi()::__c>:
     8df:	20 55 53 41 52 54 3d 54 50 49 20 42 41 55 44 3d      USART=TPI BAUD=
     8ef:	25 30 34 58 0d 0a 00                                %04X...

000008f6 <TPI::connect()::__c>:
     8f6:	20 53 49 47 3e 25 30 34 58 3a 25 30 32 58 0d 0a      SIG>%04X:%02X..
	...

00000907 <TPI::connect()::__c>:
     907:	20 53 4b 45 59 0d 0a 00                              SKEY...

0000090f <TPI::connect()::__c>:
     90f:	3c 48 56 45 4e 3e 00                                <HVEN>.

00000916 <UPDI::set_nvmprog_key(bool)::__c>:
     916:	20 50 52 4f 47 5f 4b 45 59 3d 00                     PROG_KEY=.

00000921 <UPDI::set_erase_key()::__c>:
     921:	20 45 52 41 53 45 5f 4b 45 59 3d 00                  ERASE_KEY=.

0000092d <UPDI::chip_erase()::__c>:
     92d:	20 50 52 4f 47 53 54 41 52 54 3d 25 30 32 58 0d      PROGSTART=%02X.
     93d:	0a 00                                               ..

0000093f <UPDI::chip_erase()::__c>:
     93f:	20 3c 53 59 53 3a 25 30 32 58 3e 0d 0a 00            <SYS:%02X>...

0000094d <UPDI::chip_erase()::__c>:
     94d:	20 57 41 49 54 00                                    WAIT.

00000953 <UPDI::chip_erase()::__c>:
     953:	20 43 48 49 50 5f 45 52 41 53 45 00                  CHIP_ERASE.

0000095f <UPDI::set_urowwrite_key()::__c>:
     95f:	20 55 52 4f 57 5f 4b 45 59 3d 00                     UROW_KEY=.

0000096a <UPDI::write_userrow()::__c>:
     96a:	20 52 45 5f 50 52 4f 47 53 54 41 52 54 3d 25 30      RE_PROGSTART=%0
     97a:	32 58 0d 0a 00                                      2X...

0000097f <UPDI::write_userrow()::__c>:
     97f:	3c 53 59 53 3a 25 30 32 58 3a 25 64 3e 0d 0a 00     <SYS:%02X:%d>...

0000098f <UPDI::write_userrow()::__c>:
     98f:	3c 53 59 53 3a 25 30 32 58 3a 25 64 3e 0d 0a 00     <SYS:%02X:%d>...

0000099f <UPDI::write_userrow()::__c>:
     99f:	20 45 4e 54 45 52 5f 55 52 4f 57 3d 25 30 34 6c      ENTER_UROW=%04l
     9af:	58 3a 25 30 34 58 0d 0a 00                          X:%04X...

000009b8 <USART::change_updi()::__c>:
     9b8:	20 55 53 41 52 54 3d 55 50 44 49 20 58 43 4c 4b      USART=UPDI XCLK
     9c8:	3d 25 64 20 42 41 55 44 3d 25 30 34 58 0d 0a 00     =%d BAUD=%04X...

000009d8 <UPDI::connect()::__c>:
     9d8:	20 46 41 49 4c 3a 25 30 32 58 2c 25 30 32 58 0d      FAIL:%02X,%02X.
     9e8:	0a 00                                               ..

000009ea <UPDI::connect()::__c>:
     9ea:	20 4e 56 4d 3a 25 30 32 58 2c 53 49 42 3d 22 25      NVM:%02X,SIB="%
     9fa:	73 22 0d 0a 00                                      s"...

000009ff <UPDI::connect()::__c>:
     9ff:	3c 48 56 43 3a 56 25 64 3e 00                       <HVC:V%d>.

00000a09 <UPDI::enter_progmode()::__c>:
     a09:	25 30 32 58 0d 0a 00                                %02X...

00000a10 <USART::change_pdi()::__c>:
     a10:	20 55 53 41 52 54 3d 50 44 49 20 42 41 55 44 3d      USART=PDI BAUD=
     a20:	25 30 34 58 0d 0a 00                                %04X...

00000a27 <USART::change_vcp()::__c>:
     a27:	20 56 43 50 3d 46 41 49 4c 0d 0a 00                  VCP=FAIL...

00000a33 <USART::change_vcp()::__c>:
     a33:	20 55 53 41 52 54 3d 56 43 50 0d 0a 00               USART=VCP...

00000a40 <USART::change_vcp()::__c>:
     a40:	20 42 41 55 44 3d 25 30 38 6c 58 3a 25 30 32 58      BAUD=%08lX:%02X
     a50:	0d 0a 00                                            ...

00000a53 <USB::ep_init>:
	...
     a5b:	00 4b 00 00 5c 63 00 00 00 7b 00 00 64 63 00 00     .K..\c...{..dc..
	...
     a73:	00 bb 40 00 74 63 00 00 00 8b 00 00 74 63 40 00     ..@.tc......tc@.
     a83:	00 b9 00 00 64 63 00 00 00 8b 00 00 b4 63 40 00     ....dc.......c@.
     a93:	02 bb 00 00 f4 63 00 00 00 00                       .....c....

00000a9d <_portmux_usart1c>:
     a9d:	e2 05 18 10 60 04 40 80 77 04 00                    ....`.@.w..

00000aa8 <__ctors_start>:
__ctors_start():
     aa8:	a8 1c       	adc	r10, r8

00000aaa <__ctors_end>:
__dtors_end():
../../../../crt1/gcrt1.S:230
     aaa:	11 24       	eor	r1, r1
../../../../crt1/gcrt1.S:231
     aac:	1f be       	out	0x3f, r1	; 63
../../../../crt1/gcrt1.S:232
     aae:	cf ef       	ldi	r28, 0xFF	; 255
../../../../crt1/gcrt1.S:234
     ab0:	cd bf       	out	0x3d, r28	; 61
../../../../crt1/gcrt1.S:236
     ab2:	df e7       	ldi	r29, 0x7F	; 127
../../../../crt1/gcrt1.S:237
     ab4:	de bf       	out	0x3e, r29	; 62

00000ab6 <setup_mcu()>:
_CLKCTRL_SETUP():
/Users/askn/Library/Arduino15/packages/MultiX-Zinnia/hardware/modernAVR/0.4.5/cores/modernAVR/api/CLKCTRL_modernAVR.h:302
#else
#assert This internal CPU clock is not supported
#endif

#if defined(_CLKCTRL_FREQSEL_)
  _PROTECTED_WRITE(CLKCTRL_OSCHFCTRLA, _CLKCTRL_FREQSEL_);
     ab6:	88 ed       	ldi	r24, 0xD8	; 216
     ab8:	90 e2       	ldi	r25, 0x20	; 32
     aba:	84 bf       	out	0x34, r24	; 52
     abc:	90 93 68 00 	sts	0x0068, r25	; 0x800068 <__TEXT_REGION_LENGTH__+0x7f0068>
/Users/askn/Library/Arduino15/packages/MultiX-Zinnia/hardware/modernAVR/0.4.5/cores/modernAVR/api/CLKCTRL_modernAVR.h:314
#endif

#if defined(_CLKCTRL_PDIV_)
  _PROTECTED_WRITE(CLKCTRL_MCLKCTRLB, _CLKCTRL_PDIV_ | CLKCTRL_PEN_bm);
#else
  _PROTECTED_WRITE(CLKCTRL_MCLKCTRLB, 0);
     ac0:	90 e0       	ldi	r25, 0x00	; 0
     ac2:	84 bf       	out	0x34, r24	; 52
     ac4:	90 93 61 00 	sts	0x0061, r25	; 0x800061 <__TEXT_REGION_LENGTH__+0x7f0061>
initVariant():
/Users/askn/Library/Arduino15/packages/MultiX-Zinnia/hardware/modernAVR/0.4.5/variants/avr_du32/variant.h:267
extern "C" {
#endif

inline void initVariant (void) {
  _CLKCTRL_SETUP();
  PORTA.PINCONFIG = PORT_ISC_INPUT_DISABLE_gc;
     ac8:	e0 e0       	ldi	r30, 0x00	; 0
     aca:	f4 e0       	ldi	r31, 0x04	; 4
     acc:	84 e0       	ldi	r24, 0x04	; 4
     ace:	83 87       	std	Z+11, r24	; 0x0b
/Users/askn/Library/Arduino15/packages/MultiX-Zinnia/hardware/modernAVR/0.4.5/variants/avr_du32/variant.h:268
  PORTA.PINCTRLUPD = ~0;
     ad0:	8f ef       	ldi	r24, 0xFF	; 255
     ad2:	84 87       	std	Z+12, r24	; 0x0c
/Users/askn/Library/Arduino15/packages/MultiX-Zinnia/hardware/modernAVR/0.4.5/variants/avr_du32/variant.h:269
  PORTC.PINCTRLUPD = ~0;
     ad4:	80 93 4c 04 	sts	0x044C, r24	; 0x80044c <__TEXT_REGION_LENGTH__+0x7f044c>
/Users/askn/Library/Arduino15/packages/MultiX-Zinnia/hardware/modernAVR/0.4.5/variants/avr_du32/variant.h:270
  PORTD.PINCTRLUPD = ~0;
     ad8:	80 93 6c 04 	sts	0x046C, r24	; 0x80046c <__TEXT_REGION_LENGTH__+0x7f046c>
/Users/askn/Library/Arduino15/packages/MultiX-Zinnia/hardware/modernAVR/0.4.5/variants/avr_du32/variant.h:271
  PORTF.PINCTRLUPD = ~0;
     adc:	80 93 ac 04 	sts	0x04AC, r24	; 0x8004ac <__TEXT_REGION_LENGTH__+0x7f04ac>

00000ae0 <__do_copy_data>:
__do_copy_data():
     ae0:	10 e6       	ldi	r17, 0x60	; 96
     ae2:	a0 e0       	ldi	r26, 0x00	; 0
     ae4:	b0 e6       	ldi	r27, 0x60	; 96
     ae6:	e8 e6       	ldi	r30, 0x68	; 104
     ae8:	fa e5       	ldi	r31, 0x5A	; 90
     aea:	02 c0       	rjmp	.+4      	; 0xaf0 <__do_copy_data+0x10>
     aec:	05 90       	lpm	r0, Z+
     aee:	0d 92       	st	X+, r0
     af0:	aa 3a       	cpi	r26, 0xAA	; 170
     af2:	b1 07       	cpc	r27, r17
     af4:	d9 f7       	brne	.-10     	; 0xaec <__do_copy_data+0xc>

00000af6 <__do_clear_bss>:
__do_clear_bss():
     af6:	20 e6       	ldi	r18, 0x60	; 96
     af8:	aa ea       	ldi	r26, 0xAA	; 170
     afa:	b0 e6       	ldi	r27, 0x60	; 96
     afc:	01 c0       	rjmp	.+2      	; 0xb00 <.do_clear_bss_start>

00000afe <.do_clear_bss_loop>:
     afe:	1d 92       	st	X+, r1

00000b00 <.do_clear_bss_start>:
     b00:	a9 3b       	cpi	r26, 0xB9	; 185
     b02:	b2 07       	cpc	r27, r18
     b04:	e1 f7       	brne	.-8      	; 0xafe <.do_clear_bss_loop>

00000b06 <__do_global_ctors>:
__do_global_ctors():
     b06:	15 e0       	ldi	r17, 0x05	; 5
     b08:	c5 e5       	ldi	r28, 0x55	; 85
     b0a:	d5 e0       	ldi	r29, 0x05	; 5
     b0c:	04 c0       	rjmp	.+8      	; 0xb16 <__do_global_ctors+0x10>
     b0e:	21 97       	sbiw	r28, 0x01	; 1
     b10:	fe 01       	movw	r30, r28
     b12:	0e 94 0f 2d 	call	0x5a1e	; 0x5a1e <__tablejump2__>
     b16:	c4 35       	cpi	r28, 0x54	; 84
     b18:	d1 07       	cpc	r29, r17
     b1a:	c9 f7       	brne	.-14     	; 0xb0e <__do_global_ctors+0x8>
../../../../crt1/gcrt1.S:314
     b1c:	0e 94 b7 1c 	call	0x396e	; 0x396e <main>
../../../../crt1/gcrt1.S:315
     b20:	0c 94 32 2d 	jmp	0x5a64	; 0x5a64 <_exit>

00000b24 <__bad_interrupt>:
__vector_22():
../../../../crt1/gcrt1.S:209
     b24:	6d ca       	rjmp	.-2854   	; 0x0 <__vectors>

00000b26 <printf_putchar(char, __file*)>:
printf_putchar():
/Users/askn/Library/Arduino15/packages/MultiX-Zinnia/hardware/modernAVR/0.4.5/cores/modernAVR/api/cpp/Print_format.cpp:22
/*
 * Format Printable
 */

static int printf_putchar (char _c, FILE *_fp) {
  return ((class Print *)(fdev_get_udata(_fp)))->write((uint8_t) _c);
     b26:	fb 01       	movw	r30, r22
     b28:	a4 85       	ldd	r26, Z+12	; 0x0c
     b2a:	b5 85       	ldd	r27, Z+13	; 0x0d
     b2c:	ed 91       	ld	r30, X+
     b2e:	fc 91       	ld	r31, X
     b30:	11 97       	sbiw	r26, 0x01	; 1
     b32:	01 90       	ld	r0, Z+
     b34:	f0 81       	ld	r31, Z
     b36:	e0 2d       	mov	r30, r0
     b38:	68 2f       	mov	r22, r24
     b3a:	cd 01       	movw	r24, r26
     b3c:	09 94       	ijmp

00000b3e <USART::drain(unsigned int) [clone .constprop.13]>:
drain():
/Users/askn/Develop/UPDI4AVR-USB/src/usart.cpp:57
    if (_baud < 64) _baud = 64;
    else if (_baud > 0xFFFFU) _baud = 0xFFFF;
    return _baud;
  }

  void drain (size_t _delay) {
     b3e:	80 e0       	ldi	r24, 0x00	; 0
     b40:	94 e0       	ldi	r25, 0x04	; 4
/Users/askn/Develop/UPDI4AVR-USB/src/usart.cpp:59
    do {
      if (bit_is_set(USART0_STATUS, USART_RXCIF_bp)) {
     b42:	20 91 04 08 	lds	r18, 0x0804	; 0x800804 <__TEXT_REGION_LENGTH__+0x7f0804>
     b46:	27 ff       	sbrs	r18, 7
     b48:	04 c0       	rjmp	.+8      	; 0xb52 <USART::drain(unsigned int) [clone .constprop.13]+0x14>
/Users/askn/Develop/UPDI4AVR-USB/src/usart.cpp:63
        __asm__ __volatile__ (
          "LDS R0, 0x0801\n"  /* drop USART0_RXDATAH */
          "LDS R0, 0x0800\n"  /* drop USART0_RXDATAL */
        );
     b4a:	00 90 01 08 	lds	r0, 0x0801	; 0x800801 <__TEXT_REGION_LENGTH__+0x7f0801>
     b4e:	00 90 00 08 	lds	r0, 0x0800	; 0x800800 <__TEXT_REGION_LENGTH__+0x7f0800>
     b52:	01 97       	sbiw	r24, 0x01	; 1
/Users/askn/Develop/UPDI4AVR-USB/src/usart.cpp:65
      }
    } while (--_delay);
     b54:	b1 f7       	brne	.-20     	; 0xb42 <USART::drain(unsigned int) [clone .constprop.13]+0x4>
/Users/askn/Develop/UPDI4AVR-USB/src/usart.cpp:66
  }
     b56:	08 95       	ret

00000b58 <UsartBaseClass::write(unsigned char)>:
write():
/Users/askn/Library/Arduino15/packages/MultiX-Zinnia/hardware/modernAVR/0.4.5/cores/modernAVR/api/cpp/UsartBaseClass.cpp:22
size_t UsartBaseClass::write (const uint8_t _c) {
#if defined(AVR_AVRLX)
  loop_until_bit_is_set(usart->INTFLAGS, USART_DRE_bp);
  usart->INTFLAGS = USART_TXC_bm;
#else
  loop_until_bit_is_set(usart->STATUS, USART_DREIF_bp);
     b58:	dc 01       	movw	r26, r24
     b5a:	12 96       	adiw	r26, 0x02	; 2
     b5c:	ed 91       	ld	r30, X+
     b5e:	fc 91       	ld	r31, X
     b60:	24 81       	ldd	r18, Z+4	; 0x04
     b62:	25 ff       	sbrs	r18, 5
     b64:	fd cf       	rjmp	.-6      	; 0xb60 <UsartBaseClass::write(unsigned char)+0x8>
/Users/askn/Library/Arduino15/packages/MultiX-Zinnia/hardware/modernAVR/0.4.5/cores/modernAVR/api/cpp/UsartBaseClass.cpp:23
  usart->STATUS = USART_TXCIF_bm;
     b66:	20 e4       	ldi	r18, 0x40	; 64
     b68:	24 83       	std	Z+4, r18	; 0x04
/Users/askn/Library/Arduino15/packages/MultiX-Zinnia/hardware/modernAVR/0.4.5/cores/modernAVR/api/cpp/UsartBaseClass.cpp:25
#endif
  usart->TXDATAL = _c;
     b6a:	dc 01       	movw	r26, r24
     b6c:	12 96       	adiw	r26, 0x02	; 2
     b6e:	ed 91       	ld	r30, X+
     b70:	fc 91       	ld	r31, X
     b72:	62 83       	std	Z+2, r22	; 0x02
/Users/askn/Library/Arduino15/packages/MultiX-Zinnia/hardware/modernAVR/0.4.5/cores/modernAVR/api/cpp/UsartBaseClass.cpp:27
  return 1;
}
     b74:	81 e0       	ldi	r24, 0x01	; 1
     b76:	90 e0       	ldi	r25, 0x00	; 0
     b78:	08 95       	ret

00000b7a <USB::ep_cdo_listen()>:
ep_cdo_listen():
/Users/askn/Develop/UPDI4AVR-USB/src/usb.cpp:343
    loop_until_bit_is_clear(USB0_INTFLAGSB, USB_RMWBUSY_bp);
    USB_EP_STATUS_CLR(USB_EP_CDI) = ~USB_TOGGLE_bm;
  }

  void ep_cdo_listen (void) {
    ATOMIC_BLOCK(ATOMIC_RESTORESTATE) {
     b7a:	8f b7       	in	r24, 0x3f	; 63
__iCliRetVal():
/Users/askn/Library/Arduino15/packages/MultiX-Zinnia/tools/avr8-gcc/7.3.0-avr8-gnu-toolchain/avr/include/util/atomic.h:50
    return 1;
}

static __inline__ uint8_t __iCliRetVal(void)
{
    cli();
     b7c:	f8 94       	cli
ep_cdo_listen():
/Users/askn/Develop/UPDI4AVR-USB/src/usb.cpp:344
      _recv_count = 0;
     b7e:	10 92 76 64 	sts	0x6476, r1	; 0x806476 <_recv_count>
/Users/askn/Develop/UPDI4AVR-USB/src/usb.cpp:345
      EP_CDO.CNT  = 0;
     b82:	10 92 b4 64 	sts	0x64B4, r1	; 0x8064b4 <EP_TABLE+0x3a>
     b86:	10 92 b5 64 	sts	0x64B5, r1	; 0x8064b5 <EP_TABLE+0x3b>
__iRestore():
/Users/askn/Library/Arduino15/packages/MultiX-Zinnia/tools/avr8-gcc/7.3.0-avr8-gnu-toolchain/avr/include/util/atomic.h:70
    (void)__s;
}

static __inline__ void __iRestore(const  uint8_t *__s)
{
    SREG = *__s;
     b8a:	8f bf       	out	0x3f, r24	; 63
ep_cdo_listen():
/Users/askn/Develop/UPDI4AVR-USB/src/usb.cpp:347
    }
    loop_until_bit_is_clear(USB0_INTFLAGSB, USB_RMWBUSY_bp);
     b8c:	80 91 0b 0c 	lds	r24, 0x0C0B	; 0x800c0b <__TEXT_REGION_LENGTH__+0x7f0c0b>
     b90:	82 fd       	sbrc	r24, 2
     b92:	fc cf       	rjmp	.-8      	; 0xb8c <USB::ep_cdo_listen()+0x12>
/Users/askn/Develop/UPDI4AVR-USB/src/usb.cpp:348
    USB_EP_STATUS_CLR(USB_EP_CDO) = ~USB_TOGGLE_bm;
     b94:	8e ef       	ldi	r24, 0xFE	; 254
     b96:	80 93 4c 0c 	sts	0x0C4C, r24	; 0x800c4c <__TEXT_REGION_LENGTH__+0x7f0c4c>
/Users/askn/Develop/UPDI4AVR-USB/src/usb.cpp:349
  }
     b9a:	08 95       	ret

00000b9c <USB::ep_cdi_listen()>:
ep_cdi_listen():
/Users/askn/Develop/UPDI4AVR-USB/src/usb.cpp:319
    /* Send the VCP-RxD buffer to the host. */
    /* If our math is correct, then if each side of the double */
    /* buffer can complete the transmission of 64 characters   */
    /* in 1 ms, then it can support 640 kbps. */
    if (bit_is_clear(GPCONF, GPCONF_OPN_bp)
     || bit_is_clear(EP_CDI.STATUS, USB_BUSNAK_bp)) {
     b9c:	f4 9b       	sbis	0x1e, 4	; 30
     b9e:	0b c0       	rjmp	.+22     	; 0xbb6 <USB::ep_cdi_listen()+0x1a>
     ba0:	80 91 ba 64 	lds	r24, 0x64BA	; 0x8064ba <EP_TABLE+0x40>
     ba4:	81 ff       	sbrs	r24, 1
     ba6:	07 c0       	rjmp	.+14     	; 0xbb6 <USB::ep_cdi_listen()+0x1a>
/Users/askn/Develop/UPDI4AVR-USB/src/usb.cpp:329
    }
    D2PRINTF(" VI=%02X:", _send_count);
    D2PRINTHEX(bit_is_set(GPCONF, GPCONF_DBL_bp)
      ? &EP_MEM.cdi_data[64]
      : &EP_MEM.cdi_data[0], _send_count);
    ATOMIC_BLOCK(ATOMIC_RESTORESTATE) {
     ba8:	2f b7       	in	r18, 0x3f	; 63
__iCliRetVal():
/Users/askn/Library/Arduino15/packages/MultiX-Zinnia/tools/avr8-gcc/7.3.0-avr8-gnu-toolchain/avr/include/util/atomic.h:50
    return 1;
}

static __inline__ uint8_t __iCliRetVal(void)
{
    cli();
     baa:	f8 94       	cli
ep_cdi_listen():
/Users/askn/Develop/UPDI4AVR-USB/src/usb.cpp:331
      EP_CDI.DATAPTR = bit_is_set(GPCONF, GPCONF_DBL_bp)
        ? (register16_t)&EP_MEM.cdi_data[64]
     bac:	f2 99       	sbic	0x1e, 2	; 30
     bae:	0a c0       	rjmp	.+20     	; 0xbc4 <USB::ep_cdi_listen()+0x28>
     bb0:	84 ef       	ldi	r24, 0xF4	; 244
     bb2:	93 e6       	ldi	r25, 0x63	; 99
     bb4:	09 c0       	rjmp	.+18     	; 0xbc8 <USB::ep_cdi_listen()+0x2c>
/Users/askn/Develop/UPDI4AVR-USB/src/usb.cpp:322
    /* in 1 ms, then it can support 640 kbps. */
    if (bit_is_clear(GPCONF, GPCONF_OPN_bp)
     || bit_is_clear(EP_CDI.STATUS, USB_BUSNAK_bp)) {
      /* No sending allowed while port is closed.  */
      /* If the buffer overflows, it is discarded. */
      if (_send_count == 64) _send_count = 0;
     bb6:	80 91 77 64 	lds	r24, 0x6477	; 0x806477 <_send_count>
     bba:	80 34       	cpi	r24, 0x40	; 64
     bbc:	11 f5       	brne	.+68     	; 0xc02 <USB::ep_cdi_listen()+0x66>
     bbe:	10 92 77 64 	sts	0x6477, r1	; 0x806477 <_send_count>
     bc2:	08 95       	ret
/Users/askn/Develop/UPDI4AVR-USB/src/usb.cpp:331
    D2PRINTHEX(bit_is_set(GPCONF, GPCONF_DBL_bp)
      ? &EP_MEM.cdi_data[64]
      : &EP_MEM.cdi_data[0], _send_count);
    ATOMIC_BLOCK(ATOMIC_RESTORESTATE) {
      EP_CDI.DATAPTR = bit_is_set(GPCONF, GPCONF_DBL_bp)
        ? (register16_t)&EP_MEM.cdi_data[64]
     bc4:	84 e3       	ldi	r24, 0x34	; 52
     bc6:	94 e6       	ldi	r25, 0x64	; 100
/Users/askn/Develop/UPDI4AVR-USB/src/usb.cpp:330
    D2PRINTF(" VI=%02X:", _send_count);
    D2PRINTHEX(bit_is_set(GPCONF, GPCONF_DBL_bp)
      ? &EP_MEM.cdi_data[64]
      : &EP_MEM.cdi_data[0], _send_count);
    ATOMIC_BLOCK(ATOMIC_RESTORESTATE) {
      EP_CDI.DATAPTR = bit_is_set(GPCONF, GPCONF_DBL_bp)
     bc8:	80 93 be 64 	sts	0x64BE, r24	; 0x8064be <EP_TABLE+0x44>
     bcc:	90 93 bf 64 	sts	0x64BF, r25	; 0x8064bf <EP_TABLE+0x45>
/Users/askn/Develop/UPDI4AVR-USB/src/usb.cpp:333
        ? (register16_t)&EP_MEM.cdi_data[64]
        : (register16_t)&EP_MEM.cdi_data[0];
      EP_CDI.CNT = _send_count;
     bd0:	80 91 77 64 	lds	r24, 0x6477	; 0x806477 <_send_count>
     bd4:	90 e0       	ldi	r25, 0x00	; 0
     bd6:	80 93 bc 64 	sts	0x64BC, r24	; 0x8064bc <EP_TABLE+0x42>
     bda:	90 93 bd 64 	sts	0x64BD, r25	; 0x8064bd <EP_TABLE+0x43>
/Users/askn/Develop/UPDI4AVR-USB/src/usb.cpp:334
      EP_CDI.MCNT = 0;
     bde:	10 92 c0 64 	sts	0x64C0, r1	; 0x8064c0 <EP_TABLE+0x46>
     be2:	10 92 c1 64 	sts	0x64C1, r1	; 0x8064c1 <EP_TABLE+0x47>
/Users/askn/Develop/UPDI4AVR-USB/src/usb.cpp:335
      _send_count = 0;
     be6:	10 92 77 64 	sts	0x6477, r1	; 0x806477 <_send_count>
/Users/askn/Develop/UPDI4AVR-USB/src/usb.cpp:336
      GPCONF ^= GPCONF_DBL_bm;
     bea:	8e b3       	in	r24, 0x1e	; 30
     bec:	94 e0       	ldi	r25, 0x04	; 4
     bee:	89 27       	eor	r24, r25
     bf0:	8e bb       	out	0x1e, r24	; 30
__iRestore():
/Users/askn/Library/Arduino15/packages/MultiX-Zinnia/tools/avr8-gcc/7.3.0-avr8-gnu-toolchain/avr/include/util/atomic.h:70
    (void)__s;
}

static __inline__ void __iRestore(const  uint8_t *__s)
{
    SREG = *__s;
     bf2:	2f bf       	out	0x3f, r18	; 63
ep_cdi_listen():
/Users/askn/Develop/UPDI4AVR-USB/src/usb.cpp:338
    }
    loop_until_bit_is_clear(USB0_INTFLAGSB, USB_RMWBUSY_bp);
     bf4:	80 91 0b 0c 	lds	r24, 0x0C0B	; 0x800c0b <__TEXT_REGION_LENGTH__+0x7f0c0b>
     bf8:	82 fd       	sbrc	r24, 2
     bfa:	fc cf       	rjmp	.-8      	; 0xbf4 <USB::ep_cdi_listen()+0x58>
/Users/askn/Develop/UPDI4AVR-USB/src/usb.cpp:339
    USB_EP_STATUS_CLR(USB_EP_CDI) = ~USB_TOGGLE_bm;
     bfc:	8e ef       	ldi	r24, 0xFE	; 254
     bfe:	80 93 4e 0c 	sts	0x0C4E, r24	; 0x800c4e <__TEXT_REGION_LENGTH__+0x7f0c4e>
/Users/askn/Develop/UPDI4AVR-USB/src/usb.cpp:340
  }
     c02:	08 95       	ret

00000c04 <USB::ep_res_listen()>:
ep_res_listen():
/Users/askn/Develop/UPDI4AVR-USB/src/usb.cpp:285
    loop_until_bit_is_clear(USB0_INTFLAGSB, USB_RMWBUSY_bp);
    USB_EP_STATUS_CLR(USB_EP_REQ) = ~USB_TOGGLE_bm;
  }

  void ep_res_listen (void) {
    EP_RES.MCNT = 0;
     c04:	10 92 90 64 	sts	0x6490, r1	; 0x806490 <EP_TABLE+0x16>
     c08:	10 92 91 64 	sts	0x6491, r1	; 0x806491 <EP_TABLE+0x17>
/Users/askn/Develop/UPDI4AVR-USB/src/usb.cpp:286
    loop_until_bit_is_clear(USB0_INTFLAGSB, USB_RMWBUSY_bp);
     c0c:	80 91 0b 0c 	lds	r24, 0x0C0B	; 0x800c0b <__TEXT_REGION_LENGTH__+0x7f0c0b>
     c10:	82 fd       	sbrc	r24, 2
     c12:	fc cf       	rjmp	.-8      	; 0xc0c <USB::ep_res_listen()+0x8>
/Users/askn/Develop/UPDI4AVR-USB/src/usb.cpp:287
    USB_EP_STATUS_CLR(USB_EP_RES) = ~USB_TOGGLE_bm;
     c14:	8e ef       	ldi	r24, 0xFE	; 254
     c16:	80 93 42 0c 	sts	0x0C42, r24	; 0x800c42 <__TEXT_REGION_LENGTH__+0x7f0c42>
/Users/askn/Develop/UPDI4AVR-USB/src/usb.cpp:288
  }
     c1a:	08 95       	ret

00000c1c <USB::ep_req_listen()>:
ep_req_listen():
/Users/askn/Develop/UPDI4AVR-USB/src/usb.cpp:279
  void ep_cci_pending (void) { loop_until_bit_is_set(EP_CCI.STATUS, USB_BUSNAK_bp); }
  void ep_cdo_pending (void) { loop_until_bit_is_set(EP_CDO.STATUS, USB_BUSNAK_bp); }
  void ep_cdi_pending (void) { loop_until_bit_is_set(EP_CDI.STATUS, USB_BUSNAK_bp); }

  void ep_req_listen (void) {
    EP_REQ.CNT = 0;
     c1c:	10 92 84 64 	sts	0x6484, r1	; 0x806484 <EP_TABLE+0xa>
     c20:	10 92 85 64 	sts	0x6485, r1	; 0x806485 <EP_TABLE+0xb>
/Users/askn/Develop/UPDI4AVR-USB/src/usb.cpp:280
    loop_until_bit_is_clear(USB0_INTFLAGSB, USB_RMWBUSY_bp);
     c24:	80 91 0b 0c 	lds	r24, 0x0C0B	; 0x800c0b <__TEXT_REGION_LENGTH__+0x7f0c0b>
     c28:	82 fd       	sbrc	r24, 2
     c2a:	fc cf       	rjmp	.-8      	; 0xc24 <USB::ep_req_listen()+0x8>
/Users/askn/Develop/UPDI4AVR-USB/src/usb.cpp:281
    USB_EP_STATUS_CLR(USB_EP_REQ) = ~USB_TOGGLE_bm;
     c2c:	8e ef       	ldi	r24, 0xFE	; 254
     c2e:	80 93 40 0c 	sts	0x0C40, r24	; 0x800c40 <__TEXT_REGION_LENGTH__+0x7f0c40>
/Users/askn/Develop/UPDI4AVR-USB/src/usb.cpp:282
  }
     c32:	08 95       	ret

00000c34 <UsartBaseClass::flush() [clone .isra.0] [clone .lto_priv.18]>:
_ZN14UsartBaseClass5flushEv.isra.0():
/Users/askn/Library/Arduino15/packages/MultiX-Zinnia/hardware/modernAVR/0.4.5/cores/modernAVR/api/UsartBaseClass.h:32
  size_t write (const uint8_t _c);
  using Print::write; // pull in write(str) and write(buf, size) from Print

  int read (void);

  void flush (void) {
     c34:	fc 01       	movw	r30, r24
/Users/askn/Library/Arduino15/packages/MultiX-Zinnia/hardware/modernAVR/0.4.5/cores/modernAVR/api/UsartBaseClass.h:36
  #if defined(AVR_AVRLX)
    loop_until_bit_is_set(usart->INTFLAGS, USART_TXC_bp);
  #else
    loop_until_bit_is_set(usart->STATUS, USART_TXCIF_bp);
     c36:	94 81       	ldd	r25, Z+4	; 0x04
     c38:	96 ff       	sbrs	r25, 6
     c3a:	fd cf       	rjmp	.-6      	; 0xc36 <UsartBaseClass::flush() [clone .isra.0] [clone .lto_priv.18]+0x2>
/Users/askn/Library/Arduino15/packages/MultiX-Zinnia/hardware/modernAVR/0.4.5/cores/modernAVR/api/UsartBaseClass.h:38
  #endif
  }
     c3c:	08 95       	ret

00000c3e <NVM::V1::prog_init()>:
prog_init():
/Users/askn/Develop/UPDI4AVR-USB/src/nvmv1.cpp:33
 * the truly correct value is the one read via "UPDI SIB".
 */

namespace NVM::V1 {

  size_t prog_init (void) { return 0; }
     c3e:	90 e0       	ldi	r25, 0x00	; 0
     c40:	80 e0       	ldi	r24, 0x00	; 0
     c42:	08 95       	ret

00000c44 <PDI::recv()>:
recv():
/Users/askn/Develop/UPDI4AVR-USB/src/pdi.cpp:117
    idle_clock(16);
    return start_txd();
  }

  bool recv (void) {
    do { RXSTAT = USART0_RXDATAH; } while (!RXSTAT);
     c44:	80 91 01 08 	lds	r24, 0x0801	; 0x800801 <__TEXT_REGION_LENGTH__+0x7f0801>
     c48:	8c bb       	out	0x1c, r24	; 28
     c4a:	8c b3       	in	r24, 0x1c	; 28
     c4c:	88 23       	and	r24, r24
     c4e:	d1 f3       	breq	.-12     	; 0xc44 <PDI::recv()>
/Users/askn/Develop/UPDI4AVR-USB/src/pdi.cpp:118
    RXDATA = USART0_RXDATAL;
     c50:	80 91 00 08 	lds	r24, 0x0800	; 0x800800 <__TEXT_REGION_LENGTH__+0x7f0800>
     c54:	8d bb       	out	0x1d, r24	; 29
/Users/askn/Develop/UPDI4AVR-USB/src/pdi.cpp:119
    RXSTAT ^= 0x80;
     c56:	8c b3       	in	r24, 0x1c	; 28
     c58:	80 58       	subi	r24, 0x80	; 128
     c5a:	8c bb       	out	0x1c, r24	; 28
/Users/askn/Develop/UPDI4AVR-USB/src/pdi.cpp:121
    // D2PRINTF("(%02X:%02X)", RXSTAT, RXDATA);
    return RXSTAT == 0;
     c5c:	9c b3       	in	r25, 0x1c	; 28
     c5e:	81 e0       	ldi	r24, 0x01	; 1
     c60:	91 11       	cpse	r25, r1
     c62:	80 e0       	ldi	r24, 0x00	; 0
/Users/askn/Develop/UPDI4AVR-USB/src/pdi.cpp:122
  }
     c64:	08 95       	ret

00000c66 <PDI::recv_byte() [clone .part.3]>:
_ZN3PDI9recv_byteEv.part.3():
/Users/askn/Develop/UPDI4AVR-USB/src/pdi.cpp:125

  bool recv_byte (void) {
    return stop_txd() && recv();
     c66:	ee cf       	rjmp	.-36     	; 0xc44 <PDI::recv()>

00000c68 <PDI::send(unsigned char)>:
send():
/Users/askn/Develop/UPDI4AVR-USB/src/pdi.cpp:145
      *_data++ = RXDATA;
    } while (--_len);
    return true;
  }

  bool send (const uint8_t _data) {
     c68:	cf 93       	push	r28
     c6a:	c8 2f       	mov	r28, r24
/Users/askn/Develop/UPDI4AVR-USB/src/pdi.cpp:146
    loop_until_bit_is_set(USART0_STATUS, USART_DREIF_bp);
     c6c:	80 91 04 08 	lds	r24, 0x0804	; 0x800804 <__TEXT_REGION_LENGTH__+0x7f0804>
     c70:	85 ff       	sbrs	r24, 5
     c72:	fc cf       	rjmp	.-8      	; 0xc6c <PDI::send(unsigned char)+0x4>
/Users/askn/Develop/UPDI4AVR-USB/src/pdi.cpp:148
    // D2PRINTF("[%02X]", _data);
    USART0_TXDATAL = _data;
     c74:	c0 93 02 08 	sts	0x0802, r28	; 0x800802 <__TEXT_REGION_LENGTH__+0x7f0802>
/Users/askn/Develop/UPDI4AVR-USB/src/pdi.cpp:149
    return recv() && _data == RXDATA;
     c78:	e5 df       	rcall	.-54     	; 0xc44 <PDI::recv()>
     c7a:	88 23       	and	r24, r24
     c7c:	21 f0       	breq	.+8      	; 0xc86 <PDI::send(unsigned char)+0x1e>
     c7e:	9d b3       	in	r25, 0x1d	; 29
     c80:	81 e0       	ldi	r24, 0x01	; 1
     c82:	9c 13       	cpse	r25, r28
     c84:	80 e0       	ldi	r24, 0x00	; 0
/Users/askn/Develop/UPDI4AVR-USB/src/pdi.cpp:150
  }
     c86:	cf 91       	pop	r28
     c88:	08 95       	ret

00000c8a <UPDI::send_bytes(unsigned char const*, unsigned int)>:
send_bytes():
/Users/askn/Develop/UPDI4AVR-USB/src/updi.cpp:100
    // D1PRINTF("\r\n[%02X]", _data);
    USART0_TXDATAL = _data;
    return recv() && _data == RXDATA;
  }

  bool send_bytes (const uint8_t* _data, size_t _len) {
     c8a:	0f 93       	push	r16
     c8c:	1f 93       	push	r17
     c8e:	cf 93       	push	r28
     c90:	df 93       	push	r29
     c92:	eb 01       	movw	r28, r22
     c94:	8c 01       	movw	r16, r24
/Users/askn/Develop/UPDI4AVR-USB/src/updi.cpp:102
    do {
      if (!send(*_data++)) return false;
     c96:	f8 01       	movw	r30, r16
     c98:	81 91       	ld	r24, Z+
     c9a:	8f 01       	movw	r16, r30
     c9c:	e5 df       	rcall	.-54     	; 0xc68 <PDI::send(unsigned char)>
     c9e:	88 23       	and	r24, r24
     ca0:	11 f0       	breq	.+4      	; 0xca6 <UPDI::send_bytes(unsigned char const*, unsigned int)+0x1c>
/Users/askn/Develop/UPDI4AVR-USB/src/updi.cpp:103
    } while (--_len);
     ca2:	21 97       	sbiw	r28, 0x01	; 1
     ca4:	c1 f7       	brne	.-16     	; 0xc96 <UPDI::send_bytes(unsigned char const*, unsigned int)+0xc>
/Users/askn/Develop/UPDI4AVR-USB/src/updi.cpp:105
    return true;
  }
     ca6:	df 91       	pop	r29
     ca8:	cf 91       	pop	r28
     caa:	1f 91       	pop	r17
     cac:	0f 91       	pop	r16
     cae:	08 95       	ret

00000cb0 <UPDI::disconnect()>:
sys_reset():
/Users/askn/Develop/UPDI4AVR-USB/src/updi.cpp:134
    const static uint8_t _reset[] = {
      0x55, 0xC8, 0x59, /* SYSRST */
      0x55, 0xC8, 0x00, /* SYSRUN */
      0x55, 0xC3, 0x04  /* UPDIDIS */
    };
    return send_bytes(_reset, _leave ? 9 : 6);
     cb0:	69 e0       	ldi	r22, 0x09	; 9
     cb2:	70 e0       	ldi	r23, 0x00	; 0
     cb4:	87 e9       	ldi	r24, 0x97	; 151
     cb6:	90 e6       	ldi	r25, 0x60	; 96
     cb8:	e8 df       	rcall	.-48     	; 0xc8a <UPDI::send_bytes(unsigned char const*, unsigned int)>
disconnect():
/Users/askn/Develop/UPDI4AVR-USB/src/updi.cpp:463
    return 0;
  }

  inline size_t disconnect (void) {
    return sys_reset(true);
  }
     cba:	90 e0       	ldi	r25, 0x00	; 0
     cbc:	08 95       	ret

00000cbe <UPDI::sys_status()>:
sys_status():
/Users/askn/Develop/UPDI4AVR-USB/src/updi.cpp:228
    return send_bytes(_key_stat, 2) && recv();
  }

  bool sys_status (void) {
    const static uint8_t _sys_stat[] = {0x55, 0x8B};
    return send_bytes(_sys_stat, 2) && recv();
     cbe:	62 e0       	ldi	r22, 0x02	; 2
     cc0:	70 e0       	ldi	r23, 0x00	; 0
     cc2:	81 e6       	ldi	r24, 0x61	; 97
     cc4:	90 e6       	ldi	r25, 0x60	; 96
     cc6:	e1 df       	rcall	.-62     	; 0xc8a <UPDI::send_bytes(unsigned char const*, unsigned int)>
     cc8:	81 11       	cpse	r24, r1
     cca:	cd cf       	rjmp	.-102    	; 0xc66 <PDI::recv_byte() [clone .part.3]>
/Users/askn/Develop/UPDI4AVR-USB/src/updi.cpp:229
  }
     ccc:	80 e0       	ldi	r24, 0x00	; 0
/Users/askn/Develop/UPDI4AVR-USB/src/updi.cpp:223
    return send_byte(0x1000, _nvmcmd);  /* NVMCTRL_CTRLA */
  }

  bool key_status (void) {
    const static uint8_t _key_stat[] = {0x55, 0x87};
    return send_bytes(_key_stat, 2) && recv();
     cce:	08 95       	ret

00000cd0 <UPDI::key_status()>:
key_status():
     cd0:	62 e0       	ldi	r22, 0x02	; 2
     cd2:	70 e0       	ldi	r23, 0x00	; 0
     cd4:	8f e5       	ldi	r24, 0x5F	; 95
     cd6:	90 e6       	ldi	r25, 0x60	; 96
     cd8:	d8 df       	rcall	.-80     	; 0xc8a <UPDI::send_bytes(unsigned char const*, unsigned int)>
     cda:	81 11       	cpse	r24, r1
     cdc:	c4 cf       	rjmp	.-120    	; 0xc66 <PDI::recv_byte() [clone .part.3]>
/Users/askn/Develop/UPDI4AVR-USB/src/updi.cpp:224
  }
     cde:	80 e0       	ldi	r24, 0x00	; 0
     ce0:	08 95       	ret

00000ce2 <UPDI::recv_byte(unsigned long)>:
recv_byte():
/Users/askn/Develop/UPDI4AVR-USB/src/updi.cpp:113
  /* The acquired data is stored in RXDATA.    */
  bool recv_byte (uint32_t _dwAddr) {
    static uint8_t _set_ptr[] = {
      0x55, 0x08, 0, 0, 0, 0  /* LDS ADDR3 DATA1 */
    };
    _CAPS32(_set_ptr[2])->dword = _dwAddr;
     ce2:	60 93 15 60 	sts	0x6015, r22	; 0x806015 <UPDI::recv_byte(unsigned long)::_set_ptr+0x2>
     ce6:	70 93 16 60 	sts	0x6016, r23	; 0x806016 <UPDI::recv_byte(unsigned long)::_set_ptr+0x3>
     cea:	80 93 17 60 	sts	0x6017, r24	; 0x806017 <UPDI::recv_byte(unsigned long)::_set_ptr+0x4>
/Users/askn/Develop/UPDI4AVR-USB/src/updi.cpp:114
    return send_bytes(_set_ptr, 5) && recv();
     cee:	90 93 18 60 	sts	0x6018, r25	; 0x806018 <UPDI::recv_byte(unsigned long)::_set_ptr+0x5>
     cf2:	65 e0       	ldi	r22, 0x05	; 5
     cf4:	70 e0       	ldi	r23, 0x00	; 0
     cf6:	83 e1       	ldi	r24, 0x13	; 19
     cf8:	90 e6       	ldi	r25, 0x60	; 96
     cfa:	c7 df       	rcall	.-114    	; 0xc8a <UPDI::send_bytes(unsigned char const*, unsigned int)>
     cfc:	81 11       	cpse	r24, r1
/Users/askn/Develop/UPDI4AVR-USB/src/updi.cpp:115
  }
     cfe:	b3 cf       	rjmp	.-154    	; 0xc66 <PDI::recv_byte() [clone .part.3]>
     d00:	80 e0       	ldi	r24, 0x00	; 0
/Users/askn/Develop/UPDI4AVR-USB/src/updi.cpp:90
    } while (--_len);
    return true;
  }

  bool is_ack (void) {
    return recv() && 0x40 == RXDATA;
     d02:	08 95       	ret

00000d04 <UPDI::is_ack()>:
is_ack():
     d04:	9f df       	rcall	.-194    	; 0xc44 <PDI::recv()>
     d06:	88 23       	and	r24, r24
     d08:	29 f0       	breq	.+10     	; 0xd14 <UPDI::is_ack()+0x10>
     d0a:	9d b3       	in	r25, 0x1d	; 29
     d0c:	81 e0       	ldi	r24, 0x01	; 1
     d0e:	90 34       	cpi	r25, 0x40	; 64
     d10:	09 f0       	breq	.+2      	; 0xd14 <UPDI::is_ack()+0x10>
     d12:	80 e0       	ldi	r24, 0x00	; 0
/Users/askn/Develop/UPDI4AVR-USB/src/updi.cpp:91
  }
     d14:	08 95       	ret

00000d16 <UPDI::send_words_block(unsigned long, unsigned int)>:
send_words_block():
/Users/askn/Develop/UPDI4AVR-USB/src/updi.cpp:191
      && send_bytes(_set_repeat, sizeof(_set_repeat))
      && send_bytes(&packet.out.memData[0], _wLength)
      && clear_rsd();
  }

  bool send_words_block (uint32_t _dwAddr, size_t _wLength) {
     d16:	cf 93       	push	r28
     d18:	df 93       	push	r29
     d1a:	ea 01       	movw	r28, r20
/Users/askn/Develop/UPDI4AVR-USB/src/updi.cpp:194
    /* This function works in word units up to 256 words, */
    /* and will round down any fractional words.          */
    _CAPS32(_set_ptr24[2])->dword = _dwAddr;
     d1c:	60 93 26 60 	sts	0x6026, r22	; 0x806026 <UPDI::_set_ptr24+0x2>
     d20:	70 93 27 60 	sts	0x6027, r23	; 0x806027 <UPDI::_set_ptr24+0x3>
     d24:	80 93 28 60 	sts	0x6028, r24	; 0x806028 <UPDI::_set_ptr24+0x4>
     d28:	90 93 29 60 	sts	0x6029, r25	; 0x806029 <UPDI::_set_ptr24+0x5>
/Users/askn/Develop/UPDI4AVR-USB/src/updi.cpp:195
    _set_repeat[2] = (_wLength >> 1) - 1;
     d2c:	ca 01       	movw	r24, r20
     d2e:	96 95       	lsr	r25
     d30:	87 95       	ror	r24
     d32:	81 50       	subi	r24, 0x01	; 1
     d34:	80 93 21 60 	sts	0x6021, r24	; 0x806021 <UPDI::_set_repeat+0x2>
/Users/askn/Develop/UPDI4AVR-USB/src/updi.cpp:196
    _set_repeat[4] = 0x65;  /* ST PTR++ DATA2 */
     d38:	85 e6       	ldi	r24, 0x65	; 101
     d3a:	80 93 23 60 	sts	0x6023, r24	; 0x806023 <UPDI::_set_repeat+0x4>
/Users/askn/Develop/UPDI4AVR-USB/src/updi.cpp:197
    return send_bytes(_set_ptr24, 5)
     d3e:	65 e0       	ldi	r22, 0x05	; 5
     d40:	70 e0       	ldi	r23, 0x00	; 0
     d42:	84 e2       	ldi	r24, 0x24	; 36
     d44:	90 e6       	ldi	r25, 0x60	; 96
/Users/askn/Develop/UPDI4AVR-USB/src/updi.cpp:202
      && is_ack()
      && set_rsd()
      && send_bytes(_set_repeat, sizeof(_set_repeat))
      && send_bytes(&packet.out.memData[0], _wLength & ~1)
      && clear_rsd();
     d46:	a1 df       	rcall	.-190    	; 0xc8a <UPDI::send_bytes(unsigned char const*, unsigned int)>
     d48:	88 23       	and	r24, r24
/Users/askn/Develop/UPDI4AVR-USB/src/updi.cpp:198
    /* and will round down any fractional words.          */
    _CAPS32(_set_ptr24[2])->dword = _dwAddr;
    _set_repeat[2] = (_wLength >> 1) - 1;
    _set_repeat[4] = 0x65;  /* ST PTR++ DATA2 */
    return send_bytes(_set_ptr24, 5)
      && is_ack()
     d4a:	f9 f0       	breq	.+62     	; 0xd8a <UPDI::send_words_block(unsigned long, unsigned int)+0x74>
     d4c:	db df       	rcall	.-74     	; 0xd04 <UPDI::is_ack()>
     d4e:	88 23       	and	r24, r24
/Users/askn/Develop/UPDI4AVR-USB/src/updi.cpp:139
    return send_bytes(_reset, _leave ? 9 : 6);
  }

  bool set_rsd (void) {
    const static uint8_t _set_rsd[] = {0x55, 0xC2, 0x08 + UPDI_CTRLAV};
    return send_bytes(_set_rsd, 3);
     d50:	e1 f0       	breq	.+56     	; 0xd8a <UPDI::send_words_block(unsigned long, unsigned int)+0x74>
set_rsd():
     d52:	63 e0       	ldi	r22, 0x03	; 3
     d54:	70 e0       	ldi	r23, 0x00	; 0
     d56:	8c e5       	ldi	r24, 0x5C	; 92
     d58:	90 e6       	ldi	r25, 0x60	; 96
/Users/askn/Develop/UPDI4AVR-USB/src/updi.cpp:199
    _CAPS32(_set_ptr24[2])->dword = _dwAddr;
    _set_repeat[2] = (_wLength >> 1) - 1;
    _set_repeat[4] = 0x65;  /* ST PTR++ DATA2 */
    return send_bytes(_set_ptr24, 5)
      && is_ack()
      && set_rsd()
     d5a:	97 df       	rcall	.-210    	; 0xc8a <UPDI::send_bytes(unsigned char const*, unsigned int)>
send_words_block():
     d5c:	88 23       	and	r24, r24
/Users/askn/Develop/UPDI4AVR-USB/src/updi.cpp:200
      && send_bytes(_set_repeat, sizeof(_set_repeat))
     d5e:	a9 f0       	breq	.+42     	; 0xd8a <UPDI::send_words_block(unsigned long, unsigned int)+0x74>
     d60:	65 e0       	ldi	r22, 0x05	; 5
     d62:	70 e0       	ldi	r23, 0x00	; 0
     d64:	8f e1       	ldi	r24, 0x1F	; 31
     d66:	90 e6       	ldi	r25, 0x60	; 96
     d68:	90 df       	rcall	.-224    	; 0xc8a <UPDI::send_bytes(unsigned char const*, unsigned int)>
     d6a:	88 23       	and	r24, r24
/Users/askn/Develop/UPDI4AVR-USB/src/updi.cpp:201
      && send_bytes(&packet.out.memData[0], _wLength & ~1)
     d6c:	71 f0       	breq	.+28     	; 0xd8a <UPDI::send_words_block(unsigned long, unsigned int)+0x74>
     d6e:	be 01       	movw	r22, r28
     d70:	6e 7f       	andi	r22, 0xFE	; 254
     d72:	8e ee       	ldi	r24, 0xEE	; 238
     d74:	90 e6       	ldi	r25, 0x60	; 96
     d76:	89 df       	rcall	.-238    	; 0xc8a <UPDI::send_bytes(unsigned char const*, unsigned int)>
     d78:	88 23       	and	r24, r24
     d7a:	39 f0       	breq	.+14     	; 0xd8a <UPDI::send_words_block(unsigned long, unsigned int)+0x74>
clear_rsd():
/Users/askn/Develop/UPDI4AVR-USB/src/updi.cpp:144
    return send_bytes(_set_rsd, 3);
  }

  bool clear_rsd (void) {
    const static uint8_t _clear_rsd[] = {0x55, 0xC2, UPDI_CTRLAV};
    return send_bytes(_clear_rsd, 3);
     d7c:	63 e0       	ldi	r22, 0x03	; 3
     d7e:	70 e0       	ldi	r23, 0x00	; 0
     d80:	87 e8       	ldi	r24, 0x87	; 135
     d82:	90 e6       	ldi	r25, 0x60	; 96
send_words_block():
/Users/askn/Develop/UPDI4AVR-USB/src/updi.cpp:203
      && is_ack()
      && set_rsd()
      && send_bytes(_set_repeat, sizeof(_set_repeat))
      && send_bytes(&packet.out.memData[0], _wLength & ~1)
      && clear_rsd();
  }
     d84:	df 91       	pop	r29
     d86:	cf 91       	pop	r28
clear_rsd():
/Users/askn/Develop/UPDI4AVR-USB/src/updi.cpp:144
    return send_bytes(_set_rsd, 3);
  }

  bool clear_rsd (void) {
    const static uint8_t _clear_rsd[] = {0x55, 0xC2, UPDI_CTRLAV};
    return send_bytes(_clear_rsd, 3);
     d88:	80 cf       	rjmp	.-256    	; 0xc8a <UPDI::send_bytes(unsigned char const*, unsigned int)>
send_words_block():
     d8a:	80 e0       	ldi	r24, 0x00	; 0
/Users/askn/Develop/UPDI4AVR-USB/src/updi.cpp:203
      && is_ack()
      && set_rsd()
      && send_bytes(_set_repeat, sizeof(_set_repeat))
      && send_bytes(&packet.out.memData[0], _wLength & ~1)
      && clear_rsd();
  }
     d8c:	df 91       	pop	r29
     d8e:	cf 91       	pop	r28
     d90:	08 95       	ret

00000d92 <UPDI::send_byte(unsigned long, unsigned char)>:
send_byte():
/Users/askn/Develop/UPDI4AVR-USB/src/updi.cpp:117
    };
    _CAPS32(_set_ptr[2])->dword = _dwAddr;
    return send_bytes(_set_ptr, 5) && recv();
  }

  bool send_byte (uint32_t _dwAddr, uint8_t _data) {
     d92:	cf 93       	push	r28
/Users/askn/Develop/UPDI4AVR-USB/src/updi.cpp:121
    static uint8_t _set_ptr[] = {
      0x55, 0x48, 0, 0, 0, 0  /* STS ADDR3 DATA1 */
    };
    _CAPS32(_set_ptr[2])->dword = _dwAddr;
     d94:	c4 2f       	mov	r28, r20
     d96:	60 93 1b 60 	sts	0x601B, r22	; 0x80601b <UPDI::send_byte(unsigned long, unsigned char)::_set_ptr+0x2>
     d9a:	70 93 1c 60 	sts	0x601C, r23	; 0x80601c <UPDI::send_byte(unsigned long, unsigned char)::_set_ptr+0x3>
     d9e:	80 93 1d 60 	sts	0x601D, r24	; 0x80601d <UPDI::send_byte(unsigned long, unsigned char)::_set_ptr+0x4>
/Users/askn/Develop/UPDI4AVR-USB/src/updi.cpp:122
    return send_bytes(_set_ptr, 5)
     da2:	90 93 1e 60 	sts	0x601E, r25	; 0x80601e <UPDI::send_byte(unsigned long, unsigned char)::_set_ptr+0x5>
     da6:	65 e0       	ldi	r22, 0x05	; 5
     da8:	70 e0       	ldi	r23, 0x00	; 0
     daa:	89 e1       	ldi	r24, 0x19	; 25
/Users/askn/Develop/UPDI4AVR-USB/src/updi.cpp:125
      && is_ack()
      && send(_data)
      && is_ack();
     dac:	90 e6       	ldi	r25, 0x60	; 96
/Users/askn/Develop/UPDI4AVR-USB/src/updi.cpp:123
    static uint8_t _set_ptr[] = {
      0x55, 0x48, 0, 0, 0, 0  /* STS ADDR3 DATA1 */
    };
    _CAPS32(_set_ptr[2])->dword = _dwAddr;
    return send_bytes(_set_ptr, 5)
      && is_ack()
     dae:	6d df       	rcall	.-294    	; 0xc8a <UPDI::send_bytes(unsigned char const*, unsigned int)>
     db0:	88 23       	and	r24, r24
     db2:	49 f0       	breq	.+18     	; 0xdc6 <UPDI::send_byte(unsigned long, unsigned char)+0x34>
     db4:	a7 df       	rcall	.-178    	; 0xd04 <UPDI::is_ack()>
/Users/askn/Develop/UPDI4AVR-USB/src/updi.cpp:124
      && send(_data)
     db6:	88 23       	and	r24, r24
     db8:	31 f0       	breq	.+12     	; 0xdc6 <UPDI::send_byte(unsigned long, unsigned char)+0x34>
     dba:	8c 2f       	mov	r24, r28
     dbc:	55 df       	rcall	.-342    	; 0xc68 <PDI::send(unsigned char)>
     dbe:	88 23       	and	r24, r24
/Users/askn/Develop/UPDI4AVR-USB/src/updi.cpp:126
      && is_ack();
  }
     dc0:	11 f0       	breq	.+4      	; 0xdc6 <UPDI::send_byte(unsigned long, unsigned char)+0x34>
/Users/askn/Develop/UPDI4AVR-USB/src/updi.cpp:125
    };
    _CAPS32(_set_ptr[2])->dword = _dwAddr;
    return send_bytes(_set_ptr, 5)
      && is_ack()
      && send(_data)
      && is_ack();
     dc2:	cf 91       	pop	r28
     dc4:	9f cf       	rjmp	.-194    	; 0xd04 <UPDI::is_ack()>
/Users/askn/Develop/UPDI4AVR-USB/src/updi.cpp:126
  }
     dc6:	80 e0       	ldi	r24, 0x00	; 0
     dc8:	cf 91       	pop	r28
     dca:	08 95       	ret

00000dcc <UPDI::nvm_ctrl(unsigned char)>:
nvm_ctrl():
/Users/askn/Develop/UPDI4AVR-USB/src/updi.cpp:218
    /* This slow process is due to USERROW and BOOTROW. */
    return send_bytes_data(_dwAddr, &packet.out.memData[0], _wLength);
  }

  bool nvm_ctrl (uint8_t _nvmcmd) {
    return send_byte(0x1000, _nvmcmd);  /* NVMCTRL_CTRLA */
     dcc:	48 2f       	mov	r20, r24
     dce:	60 e0       	ldi	r22, 0x00	; 0
     dd0:	70 e1       	ldi	r23, 0x10	; 16
     dd2:	80 e0       	ldi	r24, 0x00	; 0
     dd4:	90 e0       	ldi	r25, 0x00	; 0
     dd6:	dd cf       	rjmp	.-70     	; 0xd92 <UPDI::send_byte(unsigned long, unsigned char)>

00000dd8 <UPDI::send_bytes_block_slow(unsigned long, unsigned int)>:
send_bytes_block_slow():
     dd8:	cf 92       	push	r12
/Users/askn/Develop/UPDI4AVR-USB/src/updi.cpp:212
      if (!send_byte(_dwAddr++, *_data++)) return false;
    }
    return true;
  }

  bool send_bytes_block_slow (uint32_t _dwAddr, size_t _wLength) {
     dda:	df 92       	push	r13
     ddc:	ef 92       	push	r14
     dde:	ff 92       	push	r15
     de0:	0f 93       	push	r16
     de2:	1f 93       	push	r17
     de4:	cf 93       	push	r28
     de6:	df 93       	push	r29
     de8:	cd ed       	ldi	r28, 0xDD	; 221
     dea:	d0 e6       	ldi	r29, 0x60	; 96
     dec:	8a 01       	movw	r16, r20
     dee:	03 52       	subi	r16, 0x23	; 35
     df0:	1f 49       	sbci	r17, 0x9F	; 159
send_bytes_data():
/Users/askn/Develop/UPDI4AVR-USB/src/updi.cpp:206
      && send_bytes(&packet.out.memData[0], _wLength & ~1)
      && clear_rsd();
  }

  bool send_bytes_data (uint32_t _dwAddr, uint8_t* _data, size_t _wLength) {
    for (size_t _i = 0; _i < _wLength; _i++) {
     df2:	c0 17       	cp	r28, r16
     df4:	d1 07       	cpc	r29, r17
     df6:	c1 f0       	breq	.+48     	; 0xe28 <UPDI::send_bytes_block_slow(unsigned long, unsigned int)+0x50>
/Users/askn/Develop/UPDI4AVR-USB/src/updi.cpp:207
      if (!send_byte(_dwAddr++, *_data++)) return false;
     df8:	6b 01       	movw	r12, r22
     dfa:	7c 01       	movw	r14, r24
     dfc:	2f ef       	ldi	r18, 0xFF	; 255
     dfe:	c2 1a       	sub	r12, r18
     e00:	d2 0a       	sbc	r13, r18
     e02:	e2 0a       	sbc	r14, r18
     e04:	f2 0a       	sbc	r15, r18
     e06:	49 89       	ldd	r20, Y+17	; 0x11
     e08:	c4 df       	rcall	.-120    	; 0xd92 <UPDI::send_byte(unsigned long, unsigned char)>
     e0a:	21 96       	adiw	r28, 0x01	; 1
     e0c:	81 11       	cpse	r24, r1
     e0e:	09 c0       	rjmp	.+18     	; 0xe22 <UPDI::send_bytes_block_slow(unsigned long, unsigned int)+0x4a>
send_bytes_block_slow():
     e10:	df 91       	pop	r29
/Users/askn/Develop/UPDI4AVR-USB/src/updi.cpp:215
  }

  bool send_bytes_block_slow (uint32_t _dwAddr, size_t _wLength) {
    /* This slow process is due to USERROW and BOOTROW. */
    return send_bytes_data(_dwAddr, &packet.out.memData[0], _wLength);
  }
     e12:	cf 91       	pop	r28
     e14:	1f 91       	pop	r17
     e16:	0f 91       	pop	r16
     e18:	ff 90       	pop	r15
     e1a:	ef 90       	pop	r14
     e1c:	df 90       	pop	r13
     e1e:	cf 90       	pop	r12
     e20:	08 95       	ret
/Users/askn/Develop/UPDI4AVR-USB/src/updi.cpp:207
      && clear_rsd();
  }

  bool send_bytes_data (uint32_t _dwAddr, uint8_t* _data, size_t _wLength) {
    for (size_t _i = 0; _i < _wLength; _i++) {
      if (!send_byte(_dwAddr++, *_data++)) return false;
     e22:	c7 01       	movw	r24, r14
     e24:	b6 01       	movw	r22, r12
     e26:	e5 cf       	rjmp	.-54     	; 0xdf2 <UPDI::send_bytes_block_slow(unsigned long, unsigned int)+0x1a>
/Users/askn/Develop/UPDI4AVR-USB/src/updi.cpp:209
    }
    return true;
     e28:	81 e0       	ldi	r24, 0x01	; 1
     e2a:	f2 cf       	rjmp	.-28     	; 0xe10 <UPDI::send_bytes_block_slow(unsigned long, unsigned int)+0x38>

00000e2c <UPDI::send_bytes_block(unsigned long, unsigned int)>:
send_bytes_block():
/Users/askn/Develop/UPDI4AVR-USB/src/updi.cpp:178
      && is_ack()
      && send_bytes(_set_repeat, sizeof(_set_repeat))
      && recv_bytes(&packet.in.data[0], _wLength & ~1);
  }

  bool send_bytes_block (uint32_t _dwAddr, size_t _wLength) {
     e2c:	cf 93       	push	r28
     e2e:	df 93       	push	r29
/Users/askn/Develop/UPDI4AVR-USB/src/updi.cpp:179
    if (_wLength == 1) return send_byte(_dwAddr, packet.out.memData[0]);
     e30:	41 30       	cpi	r20, 0x01	; 1
     e32:	51 05       	cpc	r21, r1
     e34:	29 f4       	brne	.+10     	; 0xe40 <UPDI::send_bytes_block(unsigned long, unsigned int)+0x14>
     e36:	40 91 ee 60 	lds	r20, 0x60EE	; 0x8060ee <packet+0x11>
/Users/askn/Develop/UPDI4AVR-USB/src/updi.cpp:189
      && is_ack()
      && set_rsd()
      && send_bytes(_set_repeat, sizeof(_set_repeat))
      && send_bytes(&packet.out.memData[0], _wLength)
      && clear_rsd();
  }
     e3a:	df 91       	pop	r29
/Users/askn/Develop/UPDI4AVR-USB/src/updi.cpp:179
      && send_bytes(_set_repeat, sizeof(_set_repeat))
      && recv_bytes(&packet.in.data[0], _wLength & ~1);
  }

  bool send_bytes_block (uint32_t _dwAddr, size_t _wLength) {
    if (_wLength == 1) return send_byte(_dwAddr, packet.out.memData[0]);
     e3c:	cf 91       	pop	r28
     e3e:	a9 cf       	rjmp	.-174    	; 0xd92 <UPDI::send_byte(unsigned long, unsigned char)>
/Users/askn/Develop/UPDI4AVR-USB/src/updi.cpp:180
    _CAPS32(_set_ptr24[2])->dword = _dwAddr;
     e40:	ea 01       	movw	r28, r20
     e42:	60 93 26 60 	sts	0x6026, r22	; 0x806026 <UPDI::_set_ptr24+0x2>
     e46:	70 93 27 60 	sts	0x6027, r23	; 0x806027 <UPDI::_set_ptr24+0x3>
     e4a:	80 93 28 60 	sts	0x6028, r24	; 0x806028 <UPDI::_set_ptr24+0x4>
/Users/askn/Develop/UPDI4AVR-USB/src/updi.cpp:181
    _set_repeat[2] = _wLength - 1;
     e4e:	90 93 29 60 	sts	0x6029, r25	; 0x806029 <UPDI::_set_ptr24+0x5>
     e52:	84 2f       	mov	r24, r20
     e54:	81 50       	subi	r24, 0x01	; 1
/Users/askn/Develop/UPDI4AVR-USB/src/updi.cpp:182
    _set_repeat[4] = 0x64;  /* ST PTR++ DATA1 */
     e56:	80 93 21 60 	sts	0x6021, r24	; 0x806021 <UPDI::_set_repeat+0x2>
/Users/askn/Develop/UPDI4AVR-USB/src/updi.cpp:183
    return send_bytes(_set_ptr24, 5)
     e5a:	84 e6       	ldi	r24, 0x64	; 100
     e5c:	80 93 23 60 	sts	0x6023, r24	; 0x806023 <UPDI::_set_repeat+0x4>
     e60:	65 e0       	ldi	r22, 0x05	; 5
     e62:	70 e0       	ldi	r23, 0x00	; 0
/Users/askn/Develop/UPDI4AVR-USB/src/updi.cpp:188
      && is_ack()
      && set_rsd()
      && send_bytes(_set_repeat, sizeof(_set_repeat))
      && send_bytes(&packet.out.memData[0], _wLength)
      && clear_rsd();
     e64:	84 e2       	ldi	r24, 0x24	; 36
     e66:	90 e6       	ldi	r25, 0x60	; 96
/Users/askn/Develop/UPDI4AVR-USB/src/updi.cpp:184
    if (_wLength == 1) return send_byte(_dwAddr, packet.out.memData[0]);
    _CAPS32(_set_ptr24[2])->dword = _dwAddr;
    _set_repeat[2] = _wLength - 1;
    _set_repeat[4] = 0x64;  /* ST PTR++ DATA1 */
    return send_bytes(_set_ptr24, 5)
      && is_ack()
     e68:	10 df       	rcall	.-480    	; 0xc8a <UPDI::send_bytes(unsigned char const*, unsigned int)>
     e6a:	88 23       	and	r24, r24
     e6c:	f1 f0       	breq	.+60     	; 0xeaa <UPDI::send_bytes_block(unsigned long, unsigned int)+0x7e>
     e6e:	4a df       	rcall	.-364    	; 0xd04 <UPDI::is_ack()>
/Users/askn/Develop/UPDI4AVR-USB/src/updi.cpp:139
    return send_bytes(_reset, _leave ? 9 : 6);
  }

  bool set_rsd (void) {
    const static uint8_t _set_rsd[] = {0x55, 0xC2, 0x08 + UPDI_CTRLAV};
    return send_bytes(_set_rsd, 3);
     e70:	88 23       	and	r24, r24
     e72:	d9 f0       	breq	.+54     	; 0xeaa <UPDI::send_bytes_block(unsigned long, unsigned int)+0x7e>
set_rsd():
     e74:	63 e0       	ldi	r22, 0x03	; 3
     e76:	70 e0       	ldi	r23, 0x00	; 0
     e78:	8c e5       	ldi	r24, 0x5C	; 92
/Users/askn/Develop/UPDI4AVR-USB/src/updi.cpp:185
    _CAPS32(_set_ptr24[2])->dword = _dwAddr;
    _set_repeat[2] = _wLength - 1;
    _set_repeat[4] = 0x64;  /* ST PTR++ DATA1 */
    return send_bytes(_set_ptr24, 5)
      && is_ack()
      && set_rsd()
     e7a:	90 e6       	ldi	r25, 0x60	; 96
     e7c:	06 df       	rcall	.-500    	; 0xc8a <UPDI::send_bytes(unsigned char const*, unsigned int)>
send_bytes_block():
/Users/askn/Develop/UPDI4AVR-USB/src/updi.cpp:186
      && send_bytes(_set_repeat, sizeof(_set_repeat))
     e7e:	88 23       	and	r24, r24
     e80:	a1 f0       	breq	.+40     	; 0xeaa <UPDI::send_bytes_block(unsigned long, unsigned int)+0x7e>
     e82:	65 e0       	ldi	r22, 0x05	; 5
     e84:	70 e0       	ldi	r23, 0x00	; 0
     e86:	8f e1       	ldi	r24, 0x1F	; 31
     e88:	90 e6       	ldi	r25, 0x60	; 96
     e8a:	ff de       	rcall	.-514    	; 0xc8a <UPDI::send_bytes(unsigned char const*, unsigned int)>
/Users/askn/Develop/UPDI4AVR-USB/src/updi.cpp:187
      && send_bytes(&packet.out.memData[0], _wLength)
     e8c:	88 23       	and	r24, r24
     e8e:	69 f0       	breq	.+26     	; 0xeaa <UPDI::send_bytes_block(unsigned long, unsigned int)+0x7e>
     e90:	be 01       	movw	r22, r28
     e92:	8e ee       	ldi	r24, 0xEE	; 238
     e94:	90 e6       	ldi	r25, 0x60	; 96
     e96:	f9 de       	rcall	.-526    	; 0xc8a <UPDI::send_bytes(unsigned char const*, unsigned int)>
     e98:	88 23       	and	r24, r24
/Users/askn/Develop/UPDI4AVR-USB/src/updi.cpp:144
    return send_bytes(_set_rsd, 3);
  }

  bool clear_rsd (void) {
    const static uint8_t _clear_rsd[] = {0x55, 0xC2, UPDI_CTRLAV};
    return send_bytes(_clear_rsd, 3);
     e9a:	39 f0       	breq	.+14     	; 0xeaa <UPDI::send_bytes_block(unsigned long, unsigned int)+0x7e>
clear_rsd():
     e9c:	63 e0       	ldi	r22, 0x03	; 3
     e9e:	70 e0       	ldi	r23, 0x00	; 0
     ea0:	87 e8       	ldi	r24, 0x87	; 135
/Users/askn/Develop/UPDI4AVR-USB/src/updi.cpp:189
      && is_ack()
      && set_rsd()
      && send_bytes(_set_repeat, sizeof(_set_repeat))
      && send_bytes(&packet.out.memData[0], _wLength)
      && clear_rsd();
  }
     ea2:	90 e6       	ldi	r25, 0x60	; 96
send_bytes_block():
     ea4:	df 91       	pop	r29
/Users/askn/Develop/UPDI4AVR-USB/src/updi.cpp:144
    return send_bytes(_set_rsd, 3);
  }

  bool clear_rsd (void) {
    const static uint8_t _clear_rsd[] = {0x55, 0xC2, UPDI_CTRLAV};
    return send_bytes(_clear_rsd, 3);
     ea6:	cf 91       	pop	r28
clear_rsd():
     ea8:	f0 ce       	rjmp	.-544    	; 0xc8a <UPDI::send_bytes(unsigned char const*, unsigned int)>
send_bytes_block():
/Users/askn/Develop/UPDI4AVR-USB/src/updi.cpp:189
      && is_ack()
      && set_rsd()
      && send_bytes(_set_repeat, sizeof(_set_repeat))
      && send_bytes(&packet.out.memData[0], _wLength)
      && clear_rsd();
  }
     eaa:	80 e0       	ldi	r24, 0x00	; 0
     eac:	df 91       	pop	r29
     eae:	cf 91       	pop	r28
     eb0:	08 95       	ret

00000eb2 <UPDI::recv_bytes(unsigned char*, unsigned int)>:
recv_bytes():
/Users/askn/Develop/UPDI4AVR-USB/src/updi.cpp:81
    RXSTAT ^= 0x80;
    // D1PRINTF("(%02X:%02X)", RXSTAT, RXDATA);
    return RXSTAT == 0;
  }

  bool recv_bytes (uint8_t* _data, size_t _len) {
     eb2:	0f 93       	push	r16
     eb4:	1f 93       	push	r17
     eb6:	cf 93       	push	r28
     eb8:	df 93       	push	r29
     eba:	eb 01       	movw	r28, r22
     ebc:	8c 01       	movw	r16, r24
/Users/askn/Develop/UPDI4AVR-USB/src/updi.cpp:83
    do {
      if (!recv()) return false;
     ebe:	c2 de       	rcall	.-636    	; 0xc44 <PDI::recv()>
     ec0:	88 23       	and	r24, r24
     ec2:	31 f0       	breq	.+12     	; 0xed0 <UPDI::recv_bytes(unsigned char*, unsigned int)+0x1e>
     ec4:	9d b3       	in	r25, 0x1d	; 29
/Users/askn/Develop/UPDI4AVR-USB/src/updi.cpp:84
      *_data++ = RXDATA;
     ec6:	f8 01       	movw	r30, r16
     ec8:	91 93       	st	Z+, r25
     eca:	8f 01       	movw	r16, r30
     ecc:	21 97       	sbiw	r28, 0x01	; 1
/Users/askn/Develop/UPDI4AVR-USB/src/updi.cpp:85
    } while (--_len);
     ece:	b9 f7       	brne	.-18     	; 0xebe <UPDI::recv_bytes(unsigned char*, unsigned int)+0xc>
/Users/askn/Develop/UPDI4AVR-USB/src/updi.cpp:87
    return true;
  }
     ed0:	df 91       	pop	r29
     ed2:	cf 91       	pop	r28
     ed4:	1f 91       	pop	r17
     ed6:	0f 91       	pop	r16
/Users/askn/Develop/UPDI4AVR-USB/src/updi.cpp:166
      && is_ack()
      && send_bytes(_set_repeat, sizeof(_set_repeat))
      && recv_bytes(&packet.in.data[0], _wLength);
  }

  bool recv_words_block (uint32_t _dwAddr, size_t _wLength) {
     ed8:	08 95       	ret

00000eda <UPDI::recv_words_block(unsigned long, unsigned int)>:
recv_words_block():
     eda:	cf 93       	push	r28
     edc:	df 93       	push	r29
/Users/askn/Develop/UPDI4AVR-USB/src/updi.cpp:169
    /* This function works in word units up to 256 words, */
    /* and will round down any fractional words.          */
    _CAPS32(_set_ptr24[2])->dword = _dwAddr;
     ede:	ea 01       	movw	r28, r20
     ee0:	60 93 26 60 	sts	0x6026, r22	; 0x806026 <UPDI::_set_ptr24+0x2>
     ee4:	70 93 27 60 	sts	0x6027, r23	; 0x806027 <UPDI::_set_ptr24+0x3>
     ee8:	80 93 28 60 	sts	0x6028, r24	; 0x806028 <UPDI::_set_ptr24+0x4>
/Users/askn/Develop/UPDI4AVR-USB/src/updi.cpp:170
    _set_repeat[2] = (_wLength >> 1) - 1;
     eec:	90 93 29 60 	sts	0x6029, r25	; 0x806029 <UPDI::_set_ptr24+0x5>
     ef0:	ca 01       	movw	r24, r20
     ef2:	96 95       	lsr	r25
     ef4:	87 95       	ror	r24
/Users/askn/Develop/UPDI4AVR-USB/src/updi.cpp:171
    _set_repeat[4] = 0x25;  /* LD PTR++ DATA2 */
     ef6:	81 50       	subi	r24, 0x01	; 1
     ef8:	80 93 21 60 	sts	0x6021, r24	; 0x806021 <UPDI::_set_repeat+0x2>
/Users/askn/Develop/UPDI4AVR-USB/src/updi.cpp:172
    return send_bytes(_set_ptr24, 5)
     efc:	85 e2       	ldi	r24, 0x25	; 37
     efe:	80 93 23 60 	sts	0x6023, r24	; 0x806023 <UPDI::_set_repeat+0x4>
     f02:	65 e0       	ldi	r22, 0x05	; 5
     f04:	70 e0       	ldi	r23, 0x00	; 0
/Users/askn/Develop/UPDI4AVR-USB/src/updi.cpp:175
      && is_ack()
      && send_bytes(_set_repeat, sizeof(_set_repeat))
      && recv_bytes(&packet.in.data[0], _wLength & ~1);
     f06:	84 e2       	ldi	r24, 0x24	; 36
     f08:	90 e6       	ldi	r25, 0x60	; 96
/Users/askn/Develop/UPDI4AVR-USB/src/updi.cpp:173
    /* and will round down any fractional words.          */
    _CAPS32(_set_ptr24[2])->dword = _dwAddr;
    _set_repeat[2] = (_wLength >> 1) - 1;
    _set_repeat[4] = 0x25;  /* LD PTR++ DATA2 */
    return send_bytes(_set_ptr24, 5)
      && is_ack()
     f0a:	bf de       	rcall	.-642    	; 0xc8a <UPDI::send_bytes(unsigned char const*, unsigned int)>
     f0c:	88 23       	and	r24, r24
     f0e:	89 f0       	breq	.+34     	; 0xf32 <UPDI::recv_words_block(unsigned long, unsigned int)+0x58>
     f10:	f9 de       	rcall	.-526    	; 0xd04 <UPDI::is_ack()>
/Users/askn/Develop/UPDI4AVR-USB/src/updi.cpp:174
      && send_bytes(_set_repeat, sizeof(_set_repeat))
     f12:	88 23       	and	r24, r24
     f14:	71 f0       	breq	.+28     	; 0xf32 <UPDI::recv_words_block(unsigned long, unsigned int)+0x58>
     f16:	65 e0       	ldi	r22, 0x05	; 5
     f18:	70 e0       	ldi	r23, 0x00	; 0
     f1a:	8f e1       	ldi	r24, 0x1F	; 31
     f1c:	90 e6       	ldi	r25, 0x60	; 96
     f1e:	b5 de       	rcall	.-662    	; 0xc8a <UPDI::send_bytes(unsigned char const*, unsigned int)>
     f20:	88 23       	and	r24, r24
/Users/askn/Develop/UPDI4AVR-USB/src/updi.cpp:175
      && recv_bytes(&packet.in.data[0], _wLength & ~1);
     f22:	39 f0       	breq	.+14     	; 0xf32 <UPDI::recv_words_block(unsigned long, unsigned int)+0x58>
     f24:	be 01       	movw	r22, r28
     f26:	6e 7f       	andi	r22, 0xFE	; 254
     f28:	84 ee       	ldi	r24, 0xE4	; 228
/Users/askn/Develop/UPDI4AVR-USB/src/updi.cpp:176
  }
     f2a:	90 e6       	ldi	r25, 0x60	; 96
     f2c:	df 91       	pop	r29
/Users/askn/Develop/UPDI4AVR-USB/src/updi.cpp:175
    _set_repeat[2] = (_wLength >> 1) - 1;
    _set_repeat[4] = 0x25;  /* LD PTR++ DATA2 */
    return send_bytes(_set_ptr24, 5)
      && is_ack()
      && send_bytes(_set_repeat, sizeof(_set_repeat))
      && recv_bytes(&packet.in.data[0], _wLength & ~1);
     f2e:	cf 91       	pop	r28
     f30:	c0 cf       	rjmp	.-128    	; 0xeb2 <UPDI::recv_bytes(unsigned char*, unsigned int)>
/Users/askn/Develop/UPDI4AVR-USB/src/updi.cpp:176
  }
     f32:	80 e0       	ldi	r24, 0x00	; 0
     f34:	df 91       	pop	r29
     f36:	cf 91       	pop	r28
     f38:	08 95       	ret

00000f3a <UPDI::recv_bytes_block(unsigned long, unsigned int)>:
recv_bytes_block():
/Users/askn/Develop/UPDI4AVR-USB/src/updi.cpp:149
    return send_bytes(_clear_rsd, 3);
  }

  // MARK: UPDI API

  bool recv_bytes_block (uint32_t _dwAddr, size_t _wLength) {
     f3a:	cf 93       	push	r28
     f3c:	df 93       	push	r29
/Users/askn/Develop/UPDI4AVR-USB/src/updi.cpp:150
    if (_wLength == 1) {
     f3e:	ea 01       	movw	r28, r20
     f40:	41 30       	cpi	r20, 0x01	; 1
/Users/askn/Develop/UPDI4AVR-USB/src/updi.cpp:151
      if (recv_byte(_dwAddr)) {
     f42:	51 05       	cpc	r21, r1
     f44:	59 f4       	brne	.+22     	; 0xf5c <UPDI::recv_bytes_block(unsigned long, unsigned int)+0x22>
     f46:	cd de       	rcall	.-614    	; 0xce2 <UPDI::recv_byte(unsigned long)>
     f48:	81 11       	cpse	r24, r1
/Users/askn/Develop/UPDI4AVR-USB/src/updi.cpp:155
        packet.in.data[0] = RXDATA;
        return true;
      }
      return false;
     f4a:	04 c0       	rjmp	.+8      	; 0xf54 <UPDI::recv_bytes_block(unsigned long, unsigned int)+0x1a>
/Users/askn/Develop/UPDI4AVR-USB/src/updi.cpp:164
    _set_repeat[4] = 0x24;  /* LD PTR++ DATA1 */
    return send_bytes(_set_ptr24, 5)
      && is_ack()
      && send_bytes(_set_repeat, sizeof(_set_repeat))
      && recv_bytes(&packet.in.data[0], _wLength);
  }
     f4c:	80 e0       	ldi	r24, 0x00	; 0
     f4e:	df 91       	pop	r29
/Users/askn/Develop/UPDI4AVR-USB/src/updi.cpp:152
  // MARK: UPDI API

  bool recv_bytes_block (uint32_t _dwAddr, size_t _wLength) {
    if (_wLength == 1) {
      if (recv_byte(_dwAddr)) {
        packet.in.data[0] = RXDATA;
     f50:	cf 91       	pop	r28
     f52:	08 95       	ret
     f54:	9d b3       	in	r25, 0x1d	; 29
     f56:	90 93 e4 60 	sts	0x60E4, r25	; 0x8060e4 <packet+0x7>
/Users/askn/Develop/UPDI4AVR-USB/src/updi.cpp:157
        return true;
      }
      return false;
    }
    _CAPS32(_set_ptr24[2])->dword = _dwAddr;
     f5a:	f9 cf       	rjmp	.-14     	; 0xf4e <UPDI::recv_bytes_block(unsigned long, unsigned int)+0x14>
     f5c:	60 93 26 60 	sts	0x6026, r22	; 0x806026 <UPDI::_set_ptr24+0x2>
     f60:	70 93 27 60 	sts	0x6027, r23	; 0x806027 <UPDI::_set_ptr24+0x3>
     f64:	80 93 28 60 	sts	0x6028, r24	; 0x806028 <UPDI::_set_ptr24+0x4>
/Users/askn/Develop/UPDI4AVR-USB/src/updi.cpp:158
    _set_repeat[2] = _wLength - 1;
     f68:	90 93 29 60 	sts	0x6029, r25	; 0x806029 <UPDI::_set_ptr24+0x5>
     f6c:	84 2f       	mov	r24, r20
/Users/askn/Develop/UPDI4AVR-USB/src/updi.cpp:159
    _set_repeat[4] = 0x24;  /* LD PTR++ DATA1 */
     f6e:	81 50       	subi	r24, 0x01	; 1
     f70:	80 93 21 60 	sts	0x6021, r24	; 0x806021 <UPDI::_set_repeat+0x2>
/Users/askn/Develop/UPDI4AVR-USB/src/updi.cpp:160
    return send_bytes(_set_ptr24, 5)
     f74:	84 e2       	ldi	r24, 0x24	; 36
     f76:	80 93 23 60 	sts	0x6023, r24	; 0x806023 <UPDI::_set_repeat+0x4>
     f7a:	65 e0       	ldi	r22, 0x05	; 5
     f7c:	70 e0       	ldi	r23, 0x00	; 0
     f7e:	84 e2       	ldi	r24, 0x24	; 36
/Users/askn/Develop/UPDI4AVR-USB/src/updi.cpp:163
      && is_ack()
      && send_bytes(_set_repeat, sizeof(_set_repeat))
      && recv_bytes(&packet.in.data[0], _wLength);
     f80:	90 e6       	ldi	r25, 0x60	; 96
     f82:	83 de       	rcall	.-762    	; 0xc8a <UPDI::send_bytes(unsigned char const*, unsigned int)>
/Users/askn/Develop/UPDI4AVR-USB/src/updi.cpp:161
    }
    _CAPS32(_set_ptr24[2])->dword = _dwAddr;
    _set_repeat[2] = _wLength - 1;
    _set_repeat[4] = 0x24;  /* LD PTR++ DATA1 */
    return send_bytes(_set_ptr24, 5)
      && is_ack()
     f84:	88 23       	and	r24, r24
     f86:	11 f3       	breq	.-60     	; 0xf4c <UPDI::recv_bytes_block(unsigned long, unsigned int)+0x12>
     f88:	bd de       	rcall	.-646    	; 0xd04 <UPDI::is_ack()>
     f8a:	88 23       	and	r24, r24
/Users/askn/Develop/UPDI4AVR-USB/src/updi.cpp:162
      && send_bytes(_set_repeat, sizeof(_set_repeat))
     f8c:	f9 f2       	breq	.-66     	; 0xf4c <UPDI::recv_bytes_block(unsigned long, unsigned int)+0x12>
     f8e:	65 e0       	ldi	r22, 0x05	; 5
     f90:	70 e0       	ldi	r23, 0x00	; 0
     f92:	8f e1       	ldi	r24, 0x1F	; 31
     f94:	90 e6       	ldi	r25, 0x60	; 96
     f96:	79 de       	rcall	.-782    	; 0xc8a <UPDI::send_bytes(unsigned char const*, unsigned int)>
     f98:	88 23       	and	r24, r24
     f9a:	c1 f2       	breq	.-80     	; 0xf4c <UPDI::recv_bytes_block(unsigned long, unsigned int)+0x12>
/Users/askn/Develop/UPDI4AVR-USB/src/updi.cpp:163
      && recv_bytes(&packet.in.data[0], _wLength);
     f9c:	be 01       	movw	r22, r28
     f9e:	84 ee       	ldi	r24, 0xE4	; 228
     fa0:	90 e6       	ldi	r25, 0x60	; 96
/Users/askn/Develop/UPDI4AVR-USB/src/updi.cpp:164
  }
     fa2:	df 91       	pop	r29
/Users/askn/Develop/UPDI4AVR-USB/src/updi.cpp:163
    _set_repeat[2] = _wLength - 1;
    _set_repeat[4] = 0x24;  /* LD PTR++ DATA1 */
    return send_bytes(_set_ptr24, 5)
      && is_ack()
      && send_bytes(_set_repeat, sizeof(_set_repeat))
      && recv_bytes(&packet.in.data[0], _wLength);
     fa4:	cf 91       	pop	r28
     fa6:	85 cf       	rjmp	.-246    	; 0xeb2 <UPDI::recv_bytes(unsigned char*, unsigned int)>

00000fa8 <NVM::V0::read_memory()>:
read_memory():
/Users/askn/Develop/UPDI4AVR-USB/src/nvmv0.cpp:114
    UPDI::nvm_ctrl(0x04);         /* NVM_CMD_PBC */
    nvm_wait();
    return UPDI::nvm_ctrl(0x00);
  }

  size_t read_memory (void) {
     fa8:	cf 93       	push	r28
     faa:	df 93       	push	r29
/Users/askn/Develop/UPDI4AVR-USB/src/nvmv0.cpp:115
    uint8_t  m_type = packet.out.bMType;
     fac:	80 91 e4 60 	lds	r24, 0x60E4	; 0x8060e4 <packet+0x7>
/Users/askn/Develop/UPDI4AVR-USB/src/nvmv0.cpp:116
    uint16_t _wAddr = packet.out.dwAddr;
     fb0:	60 91 e5 60 	lds	r22, 0x60E5	; 0x8060e5 <packet+0x8>
     fb4:	30 91 e6 60 	lds	r19, 0x60E6	; 0x8060e6 <packet+0x9>
/Users/askn/Develop/UPDI4AVR-USB/src/nvmv0.cpp:118
    size_t _wLength = packet.out.dwLength;
    if (m_type == 0xB4) {
     fb8:	84 3b       	cpi	r24, 0xB4	; 180
     fba:	51 f4       	brne	.+20     	; 0xfd0 <NVM::V0::read_memory()+0x28>
/Users/askn/Develop/UPDI4AVR-USB/src/nvmv0.cpp:120
      /* MTYPE_SIGN_JTAG */
      _wAddr = PROD_SIG + ((uint8_t)_wAddr & 0x7F);
     fbc:	6f 77       	andi	r22, 0x7F	; 127
     fbe:	70 e0       	ldi	r23, 0x00	; 0
     fc0:	7f 5e       	subi	r23, 0xEF	; 239
/Users/askn/Develop/UPDI4AVR-USB/src/nvmv0.cpp:127
    else if (m_type == 0xB0) {
      /* MTYPE_FLASH_PAGE (PROGMEM) */
      _wAddr += Device_Descriptor.UPDI.prog_base;
    }
    if (bit_is_set(PGCONF, PGCONF_PROG_bp)
     && UPDI::recv_bytes_block(_wAddr, _wLength))
     fc2:	f9 99       	sbic	0x1f, 1	; 31
     fc4:	0f c0       	rjmp	.+30     	; 0xfe4 <NVM::V0::read_memory()+0x3c>
/Users/askn/Develop/UPDI4AVR-USB/src/nvmv0.cpp:129
      return _wLength + 1;
    return 0;
     fc6:	90 e0       	ldi	r25, 0x00	; 0
     fc8:	80 e0       	ldi	r24, 0x00	; 0
/Users/askn/Develop/UPDI4AVR-USB/src/nvmv0.cpp:130
  }
     fca:	df 91       	pop	r29
     fcc:	cf 91       	pop	r28
     fce:	08 95       	ret
/Users/askn/Develop/UPDI4AVR-USB/src/nvmv0.cpp:116
    return UPDI::nvm_ctrl(0x00);
  }

  size_t read_memory (void) {
    uint8_t  m_type = packet.out.bMType;
    uint16_t _wAddr = packet.out.dwAddr;
     fd0:	73 2f       	mov	r23, r19
/Users/askn/Develop/UPDI4AVR-USB/src/nvmv0.cpp:122
    size_t _wLength = packet.out.dwLength;
    if (m_type == 0xB4) {
      /* MTYPE_SIGN_JTAG */
      _wAddr = PROD_SIG + ((uint8_t)_wAddr & 0x7F);
    }
    else if (m_type == 0xB0) {
     fd2:	80 3b       	cpi	r24, 0xB0	; 176
     fd4:	b1 f7       	brne	.-20     	; 0xfc2 <NVM::V0::read_memory()+0x1a>
/Users/askn/Develop/UPDI4AVR-USB/src/nvmv0.cpp:124
      /* MTYPE_FLASH_PAGE (PROGMEM) */
      _wAddr += Device_Descriptor.UPDI.prog_base;
     fd6:	80 91 fb 62 	lds	r24, 0x62FB	; 0x8062fb <Device_Descriptor>
     fda:	90 91 fc 62 	lds	r25, 0x62FC	; 0x8062fc <Device_Descriptor+0x1>
     fde:	68 0f       	add	r22, r24
     fe0:	79 1f       	adc	r23, r25
     fe2:	ef cf       	rjmp	.-34     	; 0xfc2 <NVM::V0::read_memory()+0x1a>
/Users/askn/Develop/UPDI4AVR-USB/src/nvmv0.cpp:117
  }

  size_t read_memory (void) {
    uint8_t  m_type = packet.out.bMType;
    uint16_t _wAddr = packet.out.dwAddr;
    size_t _wLength = packet.out.dwLength;
     fe4:	c0 91 e9 60 	lds	r28, 0x60E9	; 0x8060e9 <packet+0xc>
     fe8:	d0 91 ea 60 	lds	r29, 0x60EA	; 0x8060ea <packet+0xd>
/Users/askn/Develop/UPDI4AVR-USB/src/nvmv0.cpp:127
    else if (m_type == 0xB0) {
      /* MTYPE_FLASH_PAGE (PROGMEM) */
      _wAddr += Device_Descriptor.UPDI.prog_base;
    }
    if (bit_is_set(PGCONF, PGCONF_PROG_bp)
     && UPDI::recv_bytes_block(_wAddr, _wLength))
     fec:	90 e0       	ldi	r25, 0x00	; 0
     fee:	80 e0       	ldi	r24, 0x00	; 0
     ff0:	ae 01       	movw	r20, r28
     ff2:	a3 df       	rcall	.-186    	; 0xf3a <UPDI::recv_bytes_block(unsigned long, unsigned int)>
     ff4:	88 23       	and	r24, r24
     ff6:	39 f3       	breq	.-50     	; 0xfc6 <NVM::V0::read_memory()+0x1e>
/Users/askn/Develop/UPDI4AVR-USB/src/nvmv0.cpp:128
      return _wLength + 1;
     ff8:	ce 01       	movw	r24, r28
     ffa:	01 96       	adiw	r24, 0x01	; 1
     ffc:	e6 cf       	rjmp	.-52     	; 0xfca <NVM::V0::read_memory()+0x22>

00000ffe <NVM::V2::read_memory()>:
/Users/askn/Develop/UPDI4AVR-USB/src/nvmv2.cpp:116

  size_t prog_init (void) {
    return nvm_ctrl_change(0x00);
  }

  size_t read_memory (void) {
     ffe:	cf 93       	push	r28
    1000:	df 93       	push	r29
/Users/askn/Develop/UPDI4AVR-USB/src/nvmv2.cpp:120
    uint8_t   m_type = packet.out.bMType;
    uint32_t _dwAddr = packet.out.dwAddr;
    size_t  _wLength = packet.out.dwLength;
    if (bit_is_set(PGCONF, PGCONF_PROG_bp)) {
    1002:	f9 99       	sbic	0x1f, 1	; 31
/Users/askn/Develop/UPDI4AVR-USB/src/nvmv2.cpp:133
        _dwAddr = PROD_SIG + ((uint8_t)_dwAddr & 0x7F);
      }
      if (UPDI::recv_bytes_block(_dwAddr, _wLength))
        return _wLength + 1;
    }
    return 0;
    1004:	05 c0       	rjmp	.+10     	; 0x1010 <NVM::V2::read_memory()+0x12>
/Users/askn/Develop/UPDI4AVR-USB/src/nvmv2.cpp:134
  }
    1006:	90 e0       	ldi	r25, 0x00	; 0
    1008:	80 e0       	ldi	r24, 0x00	; 0
    100a:	df 91       	pop	r29
/Users/askn/Develop/UPDI4AVR-USB/src/nvmv2.cpp:117
  size_t prog_init (void) {
    return nvm_ctrl_change(0x00);
  }

  size_t read_memory (void) {
    uint8_t   m_type = packet.out.bMType;
    100c:	cf 91       	pop	r28
    100e:	08 95       	ret
/Users/askn/Develop/UPDI4AVR-USB/src/nvmv2.cpp:118
    uint32_t _dwAddr = packet.out.dwAddr;
    1010:	20 91 e4 60 	lds	r18, 0x60E4	; 0x8060e4 <packet+0x7>
    1014:	60 91 e5 60 	lds	r22, 0x60E5	; 0x8060e5 <packet+0x8>
    1018:	70 91 e6 60 	lds	r23, 0x60E6	; 0x8060e6 <packet+0x9>
    101c:	80 91 e7 60 	lds	r24, 0x60E7	; 0x8060e7 <packet+0xa>
/Users/askn/Develop/UPDI4AVR-USB/src/nvmv2.cpp:119
    size_t  _wLength = packet.out.dwLength;
    1020:	90 91 e8 60 	lds	r25, 0x60E8	; 0x8060e8 <packet+0xb>
    1024:	c0 91 e9 60 	lds	r28, 0x60E9	; 0x8060e9 <packet+0xc>
/Users/askn/Develop/UPDI4AVR-USB/src/nvmv2.cpp:121
    if (bit_is_set(PGCONF, PGCONF_PROG_bp)) {
      if (m_type == 0xB0) {
    1028:	d0 91 ea 60 	lds	r29, 0x60EA	; 0x8060ea <packet+0xd>
/Users/askn/Develop/UPDI4AVR-USB/src/nvmv2.cpp:123
        /* MTYPE_FLASH_PAGE (PROGMEM) */
        _dwAddr += PROG_START;
    102c:	20 3b       	cpi	r18, 0xB0	; 176
    102e:	49 f4       	brne	.+18     	; 0x1042 <NVM::V2::read_memory()+0x44>
/Users/askn/Develop/UPDI4AVR-USB/src/nvmv2.cpp:124
        return UPDI::recv_words_block(_dwAddr, _wLength) ? _wLength + 1 : 0;
    1030:	80 58       	subi	r24, 0x80	; 128
    1032:	9f 4f       	sbci	r25, 0xFF	; 255
    1034:	ae 01       	movw	r20, r28
/Users/askn/Develop/UPDI4AVR-USB/src/nvmv2.cpp:130
      }
      if (m_type == 0xB4) {
        /* MTYPE_SIGN_JTAG */
        _dwAddr = PROD_SIG + ((uint8_t)_dwAddr & 0x7F);
      }
      if (UPDI::recv_bytes_block(_dwAddr, _wLength))
    1036:	51 df       	rcall	.-350    	; 0xeda <UPDI::recv_words_block(unsigned long, unsigned int)>
    1038:	88 23       	and	r24, r24
/Users/askn/Develop/UPDI4AVR-USB/src/nvmv2.cpp:131
        return _wLength + 1;
    103a:	29 f3       	breq	.-54     	; 0x1006 <NVM::V2::read_memory()+0x8>
    103c:	ce 01       	movw	r24, r28
/Users/askn/Develop/UPDI4AVR-USB/src/nvmv2.cpp:126
      if (m_type == 0xB0) {
        /* MTYPE_FLASH_PAGE (PROGMEM) */
        _dwAddr += PROG_START;
        return UPDI::recv_words_block(_dwAddr, _wLength) ? _wLength + 1 : 0;
      }
      if (m_type == 0xB4) {
    103e:	01 96       	adiw	r24, 0x01	; 1
    1040:	e4 cf       	rjmp	.-56     	; 0x100a <NVM::V2::read_memory()+0xc>
/Users/askn/Develop/UPDI4AVR-USB/src/nvmv2.cpp:128
        /* MTYPE_SIGN_JTAG */
        _dwAddr = PROD_SIG + ((uint8_t)_dwAddr & 0x7F);
    1042:	24 3b       	cpi	r18, 0xB4	; 180
    1044:	39 f4       	brne	.+14     	; 0x1054 <NVM::V2::read_memory()+0x56>
    1046:	6f 77       	andi	r22, 0x7F	; 127
    1048:	70 e0       	ldi	r23, 0x00	; 0
    104a:	7f 5e       	subi	r23, 0xEF	; 239
    104c:	07 2e       	mov	r0, r23
    104e:	00 0c       	add	r0, r0
/Users/askn/Develop/UPDI4AVR-USB/src/nvmv2.cpp:130
      }
      if (UPDI::recv_bytes_block(_dwAddr, _wLength))
    1050:	88 0b       	sbc	r24, r24
    1052:	99 0b       	sbc	r25, r25
    1054:	ae 01       	movw	r20, r28
    1056:	71 df       	rcall	.-286    	; 0xf3a <UPDI::recv_bytes_block(unsigned long, unsigned int)>
    1058:	ef cf       	rjmp	.-34     	; 0x1038 <NVM::V2::read_memory()+0x3a>

0000105a <NVM::V3::read_memory()>:
_ZN3NVM2V311read_memoryEv():
    105a:	d1 cf       	rjmp	.-94     	; 0xffe <NVM::V2::read_memory()>

0000105c <NVM::V4::read_memory()>:
read_memory():
/Users/askn/Develop/UPDI4AVR-USB/src/nvmv4.cpp:119

  size_t prog_init (void) {
    return nvm_ctrl_change(0x00);
  }

  size_t read_memory (void) {
    105c:	cf 93       	push	r28
/Users/askn/Develop/UPDI4AVR-USB/src/nvmv4.cpp:123
    uint8_t   m_type = packet.out.bMType;
    uint32_t _dwAddr = packet.out.dwAddr;
    size_t  _wLength = packet.out.dwLength;
    if (bit_is_set(PGCONF, PGCONF_PROG_bp)) {
    105e:	df 93       	push	r29
/Users/askn/Develop/UPDI4AVR-USB/src/nvmv4.cpp:136
        _dwAddr = PROD_SIG + ((uint8_t)_dwAddr & 0x7F);
      }
      if (UPDI::recv_bytes_block(_dwAddr, _wLength))
        return _wLength + 1;
    }
    return 0;
    1060:	f9 99       	sbic	0x1f, 1	; 31
/Users/askn/Develop/UPDI4AVR-USB/src/nvmv4.cpp:137
  }
    1062:	05 c0       	rjmp	.+10     	; 0x106e <NVM::V4::read_memory()+0x12>
    1064:	90 e0       	ldi	r25, 0x00	; 0
    1066:	80 e0       	ldi	r24, 0x00	; 0
/Users/askn/Develop/UPDI4AVR-USB/src/nvmv4.cpp:120
  size_t prog_init (void) {
    return nvm_ctrl_change(0x00);
  }

  size_t read_memory (void) {
    uint8_t   m_type = packet.out.bMType;
    1068:	df 91       	pop	r29
    106a:	cf 91       	pop	r28
/Users/askn/Develop/UPDI4AVR-USB/src/nvmv4.cpp:121
    uint32_t _dwAddr = packet.out.dwAddr;
    106c:	08 95       	ret
    106e:	20 91 e4 60 	lds	r18, 0x60E4	; 0x8060e4 <packet+0x7>
    1072:	60 91 e5 60 	lds	r22, 0x60E5	; 0x8060e5 <packet+0x8>
    1076:	70 91 e6 60 	lds	r23, 0x60E6	; 0x8060e6 <packet+0x9>
/Users/askn/Develop/UPDI4AVR-USB/src/nvmv4.cpp:122
    size_t  _wLength = packet.out.dwLength;
    107a:	80 91 e7 60 	lds	r24, 0x60E7	; 0x8060e7 <packet+0xa>
    107e:	90 91 e8 60 	lds	r25, 0x60E8	; 0x8060e8 <packet+0xb>
/Users/askn/Develop/UPDI4AVR-USB/src/nvmv4.cpp:124
    if (bit_is_set(PGCONF, PGCONF_PROG_bp)) {
      if (m_type == 0xB0) {
    1082:	c0 91 e9 60 	lds	r28, 0x60E9	; 0x8060e9 <packet+0xc>
/Users/askn/Develop/UPDI4AVR-USB/src/nvmv4.cpp:126
        /* MTYPE_FLASH_PAGE (PROGMEM) */
        _dwAddr += PROG_START;
    1086:	d0 91 ea 60 	lds	r29, 0x60EA	; 0x8060ea <packet+0xd>
/Users/askn/Develop/UPDI4AVR-USB/src/nvmv4.cpp:127
        return UPDI::recv_words_block(_dwAddr, _wLength) ? _wLength + 1 : 0;
    108a:	20 3b       	cpi	r18, 0xB0	; 176
    108c:	49 f4       	brne	.+18     	; 0x10a0 <NVM::V4::read_memory()+0x44>
    108e:	80 58       	subi	r24, 0x80	; 128
/Users/askn/Develop/UPDI4AVR-USB/src/nvmv4.cpp:133
      }
      if (m_type == 0xB4) {
        /* MTYPE_SIGN_JTAG */
        _dwAddr = PROD_SIG + ((uint8_t)_dwAddr & 0x7F);
      }
      if (UPDI::recv_bytes_block(_dwAddr, _wLength))
    1090:	9f 4f       	sbci	r25, 0xFF	; 255
    1092:	ae 01       	movw	r20, r28
/Users/askn/Develop/UPDI4AVR-USB/src/nvmv4.cpp:134
        return _wLength + 1;
    1094:	22 df       	rcall	.-444    	; 0xeda <UPDI::recv_words_block(unsigned long, unsigned int)>
    1096:	88 23       	and	r24, r24
    1098:	29 f3       	breq	.-54     	; 0x1064 <NVM::V4::read_memory()+0x8>
/Users/askn/Develop/UPDI4AVR-USB/src/nvmv4.cpp:129
      if (m_type == 0xB0) {
        /* MTYPE_FLASH_PAGE (PROGMEM) */
        _dwAddr += PROG_START;
        return UPDI::recv_words_block(_dwAddr, _wLength) ? _wLength + 1 : 0;
      }
      if (m_type == 0xB4) {
    109a:	ce 01       	movw	r24, r28
    109c:	01 96       	adiw	r24, 0x01	; 1
/Users/askn/Develop/UPDI4AVR-USB/src/nvmv4.cpp:131
        /* MTYPE_SIGN_JTAG */
        _dwAddr = PROD_SIG + ((uint8_t)_dwAddr & 0x7F);
    109e:	e4 cf       	rjmp	.-56     	; 0x1068 <NVM::V4::read_memory()+0xc>
    10a0:	24 3b       	cpi	r18, 0xB4	; 180
    10a2:	41 f4       	brne	.+16     	; 0x10b4 <NVM::V4::read_memory()+0x58>
    10a4:	6f 77       	andi	r22, 0x7F	; 127
    10a6:	70 e0       	ldi	r23, 0x00	; 0
    10a8:	60 58       	subi	r22, 0x80	; 128
    10aa:	7f 4e       	sbci	r23, 0xEF	; 239
    10ac:	07 2e       	mov	r0, r23
/Users/askn/Develop/UPDI4AVR-USB/src/nvmv4.cpp:133
      }
      if (UPDI::recv_bytes_block(_dwAddr, _wLength))
    10ae:	00 0c       	add	r0, r0
    10b0:	88 0b       	sbc	r24, r24
    10b2:	99 0b       	sbc	r25, r25
    10b4:	ae 01       	movw	r20, r28
    10b6:	41 df       	rcall	.-382    	; 0xf3a <UPDI::recv_bytes_block(unsigned long, unsigned int)>
    10b8:	ee cf       	rjmp	.-36     	; 0x1096 <NVM::V4::read_memory()+0x3a>

000010ba <NVM::V5::read_memory()>:
_ZN3NVM2V511read_memoryEv():
    10ba:	d0 cf       	rjmp	.-96     	; 0x105c <NVM::V4::read_memory()>

000010bc <NVM::V6::read_memory()>:
_ZN3NVM2V611read_memoryEv():
    10bc:	cf cf       	rjmp	.-98     	; 0x105c <NVM::V4::read_memory()>

000010be <UPDI::send_break()>:
send_break():
/Users/askn/Develop/UPDI4AVR-USB/src/updi.cpp:61
  };

  // MARK: UPDI Low level

  bool send_break (void) {
    USART0_BAUD = USART0_BAUD << 1;
    10be:	80 91 08 08 	lds	r24, 0x0808	; 0x800808 <__TEXT_REGION_LENGTH__+0x7f0808>
    10c2:	90 91 09 08 	lds	r25, 0x0809	; 0x800809 <__TEXT_REGION_LENGTH__+0x7f0809>
    10c6:	88 0f       	add	r24, r24
    10c8:	99 1f       	adc	r25, r25
    10ca:	80 93 08 08 	sts	0x0808, r24	; 0x800808 <__TEXT_REGION_LENGTH__+0x7f0808>
    10ce:	90 93 09 08 	sts	0x0809, r25	; 0x800809 <__TEXT_REGION_LENGTH__+0x7f0809>
/Users/askn/Develop/UPDI4AVR-USB/src/updi.cpp:62
    send(0x00);
    10d2:	80 e0       	ldi	r24, 0x00	; 0
    10d4:	c9 dd       	rcall	.-1134   	; 0xc68 <PDI::send(unsigned char)>
calk_baud_khz():
    10d6:	20 91 59 63 	lds	r18, 0x6359	; 0x806359 <_xclk>
/Users/askn/Develop/UPDI4AVR-USB/src/usart.cpp:43
  #endif
  }

  /*** Calculate the baud rate for VCP asynchronous mode. ***/
  uint16_t calk_baud_khz (uint16_t _khz) {
    uint32_t _baud = ((F_CPU / 1000L * 8L) / _khz + 1) / 2;
    10da:	30 91 5a 63 	lds	r19, 0x635A	; 0x80635a <_xclk+0x1>
    10de:	50 e0       	ldi	r21, 0x00	; 0
    10e0:	40 e0       	ldi	r20, 0x00	; 0
    10e2:	60 e0       	ldi	r22, 0x00	; 0
    10e4:	71 e7       	ldi	r23, 0x71	; 113
    10e6:	82 e0       	ldi	r24, 0x02	; 2
    10e8:	90 e0       	ldi	r25, 0x00	; 0
    10ea:	0e 94 ec 2c 	call	0x59d8	; 0x59d8 <__divmodsi4>
    10ee:	da 01       	movw	r26, r20
    10f0:	c9 01       	movw	r24, r18
    10f2:	01 96       	adiw	r24, 0x01	; 1
    10f4:	a1 1d       	adc	r26, r1
    10f6:	b1 1d       	adc	r27, r1
    10f8:	b5 95       	asr	r27
    10fa:	a7 95       	ror	r26
    10fc:	97 95       	ror	r25
/Users/askn/Develop/UPDI4AVR-USB/src/usart.cpp:44
    if (_baud < 64) _baud = 64;
    10fe:	87 95       	ror	r24
    1100:	80 34       	cpi	r24, 0x40	; 64
    1102:	91 05       	cpc	r25, r1
    1104:	a1 05       	cpc	r26, r1
    1106:	b1 05       	cpc	r27, r1
    1108:	7c f0       	brlt	.+30     	; 0x1128 <UPDI::send_break()+0x6a>
    110a:	00 97       	sbiw	r24, 0x00	; 0
    110c:	21 e0       	ldi	r18, 0x01	; 1
    110e:	a2 07       	cpc	r26, r18
    1110:	b1 05       	cpc	r27, r1
    1112:	20 f0       	brcs	.+8      	; 0x111c <UPDI::send_break()+0x5e>
/Users/askn/Develop/UPDI4AVR-USB/src/updi.cpp:63
    USART0_BAUD = USART::calk_baud_khz(_xclk);
    1114:	8f ef       	ldi	r24, 0xFF	; 255
    1116:	9f ef       	ldi	r25, 0xFF	; 255
    1118:	a0 e0       	ldi	r26, 0x00	; 0
/Users/askn/Develop/UPDI4AVR-USB/src/updi.cpp:65
    return true;
  }
    111a:	b0 e0       	ldi	r27, 0x00	; 0
send_break():
    111c:	80 93 08 08 	sts	0x0808, r24	; 0x800808 <__TEXT_REGION_LENGTH__+0x7f0808>
/Users/askn/Develop/UPDI4AVR-USB/src/usart.cpp:44
    1120:	90 93 09 08 	sts	0x0809, r25	; 0x800809 <__TEXT_REGION_LENGTH__+0x7f0809>
    1124:	81 e0       	ldi	r24, 0x01	; 1
    1126:	08 95       	ret
/Users/askn/Develop/UPDI4AVR-USB/src/updi.cpp:362

  // MARK: UPDI Session

  size_t timeout_fallback (void) {
    /* If a timeout occurs, the communication speed will be reduced. */
    RXDATA = _xclk - 25;
    1128:	80 e4       	ldi	r24, 0x40	; 64
    112a:	90 e0       	ldi	r25, 0x00	; 0
    112c:	a0 e0       	ldi	r26, 0x00	; 0
/Users/askn/Develop/UPDI4AVR-USB/src/updi.cpp:363
    if (RXDATA < 40) return 0;
    112e:	b0 e0       	ldi	r27, 0x00	; 0
    1130:	f5 cf       	rjmp	.-22     	; 0x111c <UPDI::send_break()+0x5e>

00001132 <UPDI::timeout_fallback()>:
timeout_fallback():
    1132:	80 91 59 63 	lds	r24, 0x6359	; 0x806359 <_xclk>
/Users/askn/Develop/UPDI4AVR-USB/src/updi.cpp:364
    _xclk = RXDATA;
    1136:	89 51       	subi	r24, 0x19	; 25
    1138:	8d bb       	out	0x1d, r24	; 29
    113a:	8d b3       	in	r24, 0x1d	; 29
    113c:	88 32       	cpi	r24, 0x28	; 40
/Users/askn/Develop/UPDI4AVR-USB/src/updi.cpp:365
    send_break();
    113e:	70 f0       	brcs	.+28     	; 0x115c <UPDI::timeout_fallback()+0x2a>
/Users/askn/Develop/UPDI4AVR-USB/src/updi.cpp:144
    return send_bytes(_set_rsd, 3);
  }

  bool clear_rsd (void) {
    const static uint8_t _clear_rsd[] = {0x55, 0xC2, UPDI_CTRLAV};
    return send_bytes(_clear_rsd, 3);
    1140:	8d b3       	in	r24, 0x1d	; 29
    1142:	90 e0       	ldi	r25, 0x00	; 0
    1144:	80 93 59 63 	sts	0x6359, r24	; 0x806359 <_xclk>
    1148:	90 93 5a 63 	sts	0x635A, r25	; 0x80635a <_xclk+0x1>
/Users/askn/Develop/UPDI4AVR-USB/src/updi.cpp:366
    /* If a timeout occurs, the communication speed will be reduced. */
    RXDATA = _xclk - 25;
    if (RXDATA < 40) return 0;
    _xclk = RXDATA;
    send_break();
    return clear_rsd();
    114c:	b8 df       	rcall	.-144    	; 0x10be <UPDI::send_break()>
clear_rsd():
/Users/askn/Develop/UPDI4AVR-USB/src/updi.cpp:363
  // MARK: UPDI Session

  size_t timeout_fallback (void) {
    /* If a timeout occurs, the communication speed will be reduced. */
    RXDATA = _xclk - 25;
    if (RXDATA < 40) return 0;
    114e:	63 e0       	ldi	r22, 0x03	; 3
/Users/askn/Develop/UPDI4AVR-USB/src/updi.cpp:367
    _xclk = RXDATA;
    send_break();
    return clear_rsd();
  }
    1150:	70 e0       	ldi	r23, 0x00	; 0
/Users/askn/Develop/UPDI4AVR-USB/src/pdi.cpp:153

  bool send_byte (const uint8_t _data) {
    return start_txd() && send(_data);
    1152:	87 e8       	ldi	r24, 0x87	; 135
/Users/askn/Develop/UPDI4AVR-USB/src/tpi.cpp:113
    while (get_sin(0x62) && RXDATA);  /* NVMCSR_REG: IO=0x32 */
    D2PRINTF("<CSR:%02X>\r\n", RXDATA);
    return true;
  }

  bool nvm_ctrl (const uint8_t _nvmcmd) {
    1154:	90 e6       	ldi	r25, 0x60	; 96
    1156:	99 dd       	rcall	.-1230   	; 0xc8a <UPDI::send_bytes(unsigned char const*, unsigned int)>
timeout_fallback():
/Users/askn/Develop/UPDI4AVR-USB/src/tpi.cpp:79
    return send(0xC0 | _addr) && send(_data);
  }

  bool set_sout (const uint8_t _addr, const uint8_t _data) {
    D2PRINTF("[SOUT:%02X:%02X]\r\n", _addr, _data);
    return send(0x90 | _addr) && send(_data);
    1158:	90 e0       	ldi	r25, 0x00	; 0
    115a:	08 95       	ret
    115c:	90 e0       	ldi	r25, 0x00	; 0
    115e:	80 e0       	ldi	r24, 0x00	; 0
    1160:	08 95       	ret

00001162 <PDI::send_byte(unsigned char) [clone .part.4]>:
_ZN3PDI9send_byteEh.part.4():
/Users/askn/Develop/UPDI4AVR-USB/src/tpi.cpp:115
    return true;
  }

  bool nvm_ctrl (const uint8_t _nvmcmd) {
    return set_sout(0x63, _nvmcmd);   /* NVMCMD_REG: IO=0x33 */
  }
    1162:	82 cd       	rjmp	.-1276   	; 0xc68 <PDI::send(unsigned char)>

00001164 <TPI::nvm_ctrl(unsigned char)>:
nvm_ctrl():
    1164:	cf 93       	push	r28
    1166:	c8 2f       	mov	r28, r24
set_sout():
    1168:	83 ef       	ldi	r24, 0xF3	; 243
    116a:	7e dd       	rcall	.-1284   	; 0xc68 <PDI::send(unsigned char)>
/Users/askn/Develop/UPDI4AVR-USB/src/tpi.cpp:84
    return send(0x90 | _addr) && send(_data);
  }

  bool get_sin (const uint8_t _addr) {
    D2PRINTF("[SIN:%02X]\r\n", _addr);
    return send(0x10 | _addr) && recv();
    116c:	88 23       	and	r24, r24
    116e:	19 f0       	breq	.+6      	; 0x1176 <TPI::nvm_ctrl(unsigned char)+0x12>
    1170:	8c 2f       	mov	r24, r28
nvm_ctrl():
    1172:	cf 91       	pop	r28
set_sout():
    1174:	f6 cf       	rjmp	.-20     	; 0x1162 <PDI::send_byte(unsigned char) [clone .part.4]>
nvm_ctrl():
    1176:	80 e0       	ldi	r24, 0x00	; 0
    1178:	cf 91       	pop	r28
/Users/askn/Develop/UPDI4AVR-USB/src/tpi.cpp:108
  }

  // MARK: TPI NVM Control

  bool nvm_wait (void) {
    while (get_sin(0x62) && RXDATA);  /* NVMCSR_REG: IO=0x32 */
    117a:	08 95       	ret

0000117c <TPI::nvm_wait()>:
get_sin():
    117c:	82 e7       	ldi	r24, 0x72	; 114
    117e:	74 dd       	rcall	.-1304   	; 0xc68 <PDI::send(unsigned char)>
    1180:	88 23       	and	r24, r24
    1182:	31 f0       	breq	.+12     	; 0x1190 <TPI::nvm_wait()+0x14>
/Users/askn/Develop/UPDI4AVR-USB/src/tpi.cpp:111
    D2PRINTF("<CSR:%02X>\r\n", RXDATA);
    return true;
  }
    1184:	70 dd       	rcall	.-1312   	; 0xc66 <PDI::recv_byte() [clone .part.3]>
nvm_wait():
    1186:	88 23       	and	r24, r24
/Users/askn/Develop/UPDI4AVR-USB/src/tpi.cpp:100
  bool get_sld (void) {
    D2PRINTF("[SLD]\r\n");
    return send(0x24) && recv();
  }

  bool set_sst (const uint8_t _data) {
    1188:	19 f0       	breq	.+6      	; 0x1190 <TPI::nvm_wait()+0x14>
    118a:	8d b3       	in	r24, 0x1d	; 29
/Users/askn/Develop/UPDI4AVR-USB/src/tpi.cpp:102
    D2PRINTF("[SST:%02X]\r\n", _data);
    return send(0x64) && send(_data);
    118c:	81 11       	cpse	r24, r1
    118e:	f6 cf       	rjmp	.-20     	; 0x117c <TPI::nvm_wait()>
    1190:	81 e0       	ldi	r24, 0x01	; 1
    1192:	08 95       	ret

00001194 <TPI::set_sst(unsigned char)>:
set_sst():
    1194:	cf 93       	push	r28
    1196:	c8 2f       	mov	r28, r24
/Users/askn/Develop/UPDI4AVR-USB/src/tpi.cpp:103
  }
    1198:	84 e6       	ldi	r24, 0x64	; 100
    119a:	66 dd       	rcall	.-1332   	; 0xc68 <PDI::send(unsigned char)>
    119c:	88 23       	and	r24, r24
    119e:	19 f0       	breq	.+6      	; 0x11a6 <TPI::set_sst(unsigned char)+0x12>
    11a0:	8c 2f       	mov	r24, r28
    11a2:	cf 91       	pop	r28
/Users/askn/Develop/UPDI4AVR-USB/src/tpi.cpp:97
        && send(_addr >> 8);
  }

  bool get_sld (void) {
    D2PRINTF("[SLD]\r\n");
    return send(0x24) && recv();
    11a4:	de cf       	rjmp	.-68     	; 0x1162 <PDI::send_byte(unsigned char) [clone .part.4]>
    11a6:	80 e0       	ldi	r24, 0x00	; 0
    11a8:	cf 91       	pop	r28
    11aa:	08 95       	ret

000011ac <TPI::get_sld()>:
get_sld():
    11ac:	84 e2       	ldi	r24, 0x24	; 36
    11ae:	5c dd       	rcall	.-1352   	; 0xc68 <PDI::send(unsigned char)>
/Users/askn/Develop/UPDI4AVR-USB/src/tpi.cpp:98
  }
    11b0:	81 11       	cpse	r24, r1
    11b2:	59 cd       	rjmp	.-1358   	; 0xc66 <PDI::recv_byte() [clone .part.3]>
/Users/askn/Develop/UPDI4AVR-USB/src/tpi.cpp:87
  bool get_sin (const uint8_t _addr) {
    D2PRINTF("[SIN:%02X]\r\n", _addr);
    return send(0x10 | _addr) && recv();
  }

  bool set_sstpr (const uint16_t _addr) {
    11b4:	80 e0       	ldi	r24, 0x00	; 0
    11b6:	08 95       	ret

000011b8 <TPI::set_sstpr(unsigned int)>:
set_sstpr():
    11b8:	cf 93       	push	r28
    11ba:	df 93       	push	r29
/Users/askn/Develop/UPDI4AVR-USB/src/tpi.cpp:89
    D2PRINTF("[SSTPR:%04X]\r\n", _addr);
    return send(0x68)
    11bc:	d8 2f       	mov	r29, r24
    11be:	c9 2f       	mov	r28, r25
    11c0:	88 e6       	ldi	r24, 0x68	; 104
/Users/askn/Develop/UPDI4AVR-USB/src/tpi.cpp:92
        && send(_addr & 0xFF)
        && send(0x69)
        && send(_addr >> 8);
    11c2:	52 dd       	rcall	.-1372   	; 0xc68 <PDI::send(unsigned char)>
    11c4:	88 23       	and	r24, r24
/Users/askn/Develop/UPDI4AVR-USB/src/tpi.cpp:90
  }

  bool set_sstpr (const uint16_t _addr) {
    D2PRINTF("[SSTPR:%04X]\r\n", _addr);
    return send(0x68)
        && send(_addr & 0xFF)
    11c6:	61 f0       	breq	.+24     	; 0x11e0 <TPI::set_sstpr(unsigned int)+0x28>
    11c8:	8d 2f       	mov	r24, r29
    11ca:	4e dd       	rcall	.-1380   	; 0xc68 <PDI::send(unsigned char)>
    11cc:	88 23       	and	r24, r24
    11ce:	41 f0       	breq	.+16     	; 0x11e0 <TPI::set_sstpr(unsigned int)+0x28>
/Users/askn/Develop/UPDI4AVR-USB/src/tpi.cpp:91
        && send(0x69)
    11d0:	89 e6       	ldi	r24, 0x69	; 105
    11d2:	4a dd       	rcall	.-1388   	; 0xc68 <PDI::send(unsigned char)>
    11d4:	88 23       	and	r24, r24
    11d6:	21 f0       	breq	.+8      	; 0x11e0 <TPI::set_sstpr(unsigned int)+0x28>
    11d8:	8c 2f       	mov	r24, r28
/Users/askn/Develop/UPDI4AVR-USB/src/tpi.cpp:92
        && send(_addr >> 8);
    11da:	df 91       	pop	r29
/Users/askn/Develop/UPDI4AVR-USB/src/tpi.cpp:93
  }
    11dc:	cf 91       	pop	r28
    11de:	44 cd       	rjmp	.-1400   	; 0xc68 <PDI::send(unsigned char)>
/Users/askn/Develop/UPDI4AVR-USB/src/tpi.cpp:92
  bool set_sstpr (const uint16_t _addr) {
    D2PRINTF("[SSTPR:%04X]\r\n", _addr);
    return send(0x68)
        && send(_addr & 0xFF)
        && send(0x69)
        && send(_addr >> 8);
    11e0:	80 e0       	ldi	r24, 0x00	; 0
    11e2:	df 91       	pop	r29
/Users/askn/Develop/UPDI4AVR-USB/src/tpi.cpp:93
  }
    11e4:	cf 91       	pop	r28
    11e6:	08 95       	ret

000011e8 <TPI::idle_clock(unsigned int)>:
idle_clock():
    11e8:	30 e0       	ldi	r19, 0x00	; 0
    11ea:	20 e0       	ldi	r18, 0x00	; 0
/Users/askn/Develop/UPDI4AVR-USB/src/tpi.cpp:46
  };

  // MARK: TPI Low level

  void idle_clock (const size_t clock) {
    for (size_t i = 0; i < clock; i++) {
    11ec:	40 91 08 04 	lds	r20, 0x0408	; 0x800408 <__TEXT_REGION_LENGTH__+0x7f0408>
/Users/askn/Develop/UPDI4AVR-USB/src/tpi.cpp:47
      loop_until_bit_is_set(TCLK_IN, TCLK_bp);
    11f0:	42 ff       	sbrs	r20, 2
    11f2:	fc cf       	rjmp	.-8      	; 0x11ec <TPI::idle_clock(unsigned int)+0x4>
    11f4:	40 91 08 04 	lds	r20, 0x0408	; 0x800408 <__TEXT_REGION_LENGTH__+0x7f0408>
/Users/askn/Develop/UPDI4AVR-USB/src/tpi.cpp:48
      loop_until_bit_is_clear(TCLK_IN, TCLK_bp);
    11f8:	42 fd       	sbrc	r20, 2
    11fa:	fc cf       	rjmp	.-8      	; 0x11f4 <TPI::idle_clock(unsigned int)+0xc>
    11fc:	2f 5f       	subi	r18, 0xFF	; 255
    11fe:	3f 4f       	sbci	r19, 0xFF	; 255
/Users/askn/Develop/UPDI4AVR-USB/src/tpi.cpp:46
  };

  // MARK: TPI Low level

  void idle_clock (const size_t clock) {
    for (size_t i = 0; i < clock; i++) {
    1200:	82 17       	cp	r24, r18
    1202:	93 07       	cpc	r25, r19
    1204:	99 f7       	brne	.-26     	; 0x11ec <TPI::idle_clock(unsigned int)+0x4>
    1206:	08 95       	ret

00001208 <SYS::get_vdd()>:
get_vdd():
    1208:	84 e1       	ldi	r24, 0x14	; 20
/Users/askn/Develop/UPDI4AVR-USB/src/tpi.cpp:50
      loop_until_bit_is_set(TCLK_IN, TCLK_bp);
      loop_until_bit_is_clear(TCLK_IN, TCLK_bp);
    }
  }
    120a:	80 93 66 00 	sts	0x0066, r24	; 0x800066 <__TEXT_REGION_LENGTH__+0x7f0066>
/Users/askn/Develop/UPDI4AVR-USB/src/sys.cpp:387
   * A delay of 1250us is required for the voltage to stabilize.
   * The result is 10-bit, so multiply by 10.0 to convert to 1V * 0.0001.
   * The ADC0 peripheral is operational only during voltage measurements.
   */
  uint16_t get_vdd (void) {
    CLKCTRL_MCLKTIMEBASE = F_CPU / 1000000.0;
    120e:	8f ef       	ldi	r24, 0xFF	; 255
    1210:	80 93 07 06 	sts	0x0607, r24	; 0x800607 <__TEXT_REGION_LENGTH__+0x7f0607>
/Users/askn/Develop/UPDI4AVR-USB/src/sys.cpp:388
    ADC0_INTFLAGS = ~0;
    1214:	10 92 0e 06 	sts	0x060E, r1	; 0x80060e <__TEXT_REGION_LENGTH__+0x7f060e>
/Users/askn/Develop/UPDI4AVR-USB/src/sys.cpp:389
    ADC0_SAMPLE = 0;
    1218:	10 92 0f 06 	sts	0x060F, r1	; 0x80060f <__TEXT_REGION_LENGTH__+0x7f060f>
    121c:	81 e0       	ldi	r24, 0x01	; 1
    121e:	80 93 00 06 	sts	0x0600, r24	; 0x800600 <__TEXT_REGION_LENGTH__+0x7f0600>
/Users/askn/Develop/UPDI4AVR-USB/src/sys.cpp:390
    ADC0_CTRLA = ADC_ENABLE_bm;
    1222:	83 e0       	ldi	r24, 0x03	; 3
    1224:	80 93 01 06 	sts	0x0601, r24	; 0x800601 <__TEXT_REGION_LENGTH__+0x7f0601>
/Users/askn/Develop/UPDI4AVR-USB/src/sys.cpp:391
    ADC0_CTRLB = ADC_PRESC_DIV8_gc;
    1228:	84 e0       	ldi	r24, 0x04	; 4
    122a:	80 93 02 06 	sts	0x0602, r24	; 0x800602 <__TEXT_REGION_LENGTH__+0x7f0602>
/Users/askn/Develop/UPDI4AVR-USB/src/sys.cpp:392
    ADC0_CTRLC = ADC_REFSEL_1V024_gc;
    122e:	8a ef       	ldi	r24, 0xFA	; 250
    1230:	80 93 04 06 	sts	0x0604, r24	; 0x800604 <__TEXT_REGION_LENGTH__+0x7f0604>
/Users/askn/Develop/UPDI4AVR-USB/src/sys.cpp:393
    ADC0_CTRLE = 250; /* (SAMPDUR + 0.5) * fCLK_ADC sample duration */
    1234:	84 e4       	ldi	r24, 0x44	; 68
    1236:	80 93 0b 06 	sts	0x060B, r24	; 0x80060b <__TEXT_REGION_LENGTH__+0x7f060b>
/Users/askn/Develop/UPDI4AVR-USB/src/sys.cpp:394
    ADC0_MUXPOS = ADC_MUXPOS_VDDDIV10_gc; /* ADC channel VDD * 0.1 */
    123a:	80 91 08 06 	lds	r24, 0x0608	; 0x800608 <__TEXT_REGION_LENGTH__+0x7f0608>
/Users/askn/Develop/UPDI4AVR-USB/src/sys.cpp:395
    loop_until_bit_is_clear(ADC0_STATUS, ADC_ADCBUSY_bp);
    123e:	80 fd       	sbrc	r24, 0
    1240:	fc cf       	rjmp	.-8      	; 0x123a <SYS::get_vdd()+0x32>
    1242:	81 e1       	ldi	r24, 0x11	; 17
    1244:	80 93 0a 06 	sts	0x060A, r24	; 0x80060a <__TEXT_REGION_LENGTH__+0x7f060a>
/Users/askn/Develop/UPDI4AVR-USB/src/sys.cpp:396
    ADC0_COMMAND = ADC_MODE_SINGLE_10BIT_gc | ADC_START_IMMEDIATE_gc;
    1248:	80 91 07 06 	lds	r24, 0x0607	; 0x800607 <__TEXT_REGION_LENGTH__+0x7f0607>
/Users/askn/Develop/UPDI4AVR-USB/src/sys.cpp:397
    loop_until_bit_is_set(ADC0_INTFLAGS, ADC_SAMPRDY_bp);
    124c:	81 ff       	sbrs	r24, 1
    124e:	fc cf       	rjmp	.-8      	; 0x1248 <SYS::get_vdd()+0x40>
    1250:	20 91 0e 06 	lds	r18, 0x060E	; 0x80060e <__TEXT_REGION_LENGTH__+0x7f060e>
/Users/askn/Develop/UPDI4AVR-USB/src/sys.cpp:398
    uint16_t _adc_reading = ADC0_SAMPLE;
    1254:	30 91 0f 06 	lds	r19, 0x060F	; 0x80060f <__TEXT_REGION_LENGTH__+0x7f060f>
    1258:	c9 01       	movw	r24, r18
    125a:	43 e0       	ldi	r20, 0x03	; 3
/Users/askn/Develop/UPDI4AVR-USB/src/sys.cpp:399
    _adc_reading += (_adc_reading << 3) + _adc_reading;
    125c:	88 0f       	add	r24, r24
    125e:	99 1f       	adc	r25, r25
    1260:	4a 95       	dec	r20
    1262:	e1 f7       	brne	.-8      	; 0x125c <SYS::get_vdd()+0x54>
    1264:	22 0f       	add	r18, r18
    1266:	33 1f       	adc	r19, r19
    1268:	10 92 00 06 	sts	0x0600, r1	; 0x800600 <__TEXT_REGION_LENGTH__+0x7f0600>
/Users/askn/Develop/UPDI4AVR-USB/src/sys.cpp:400
    ADC0_CTRLA = 0;
    126c:	82 0f       	add	r24, r18
    126e:	93 1f       	adc	r25, r19
/Users/askn/Develop/UPDI4AVR-USB/src/sys.cpp:402
    return _adc_reading;
  }
    1270:	08 95       	ret

00001272 <SYS::is_boundary_flash_page(unsigned long)>:
is_boundary_flash_page():
    1272:	cf 92       	push	r12
    1274:	df 92       	push	r13
/Users/askn/Develop/UPDI4AVR-USB/src/sys.cpp:369
   * Flash memory boundary check
   *
   * True when a page area address different from the previous time is detected.
   * Indicates the need to erase a page in FLASH/USERROW/BOOTROW of the AVR-Dx series.
   */
  bool is_boundary_flash_page (uint32_t _dwAddr) {
    1276:	ef 92       	push	r14
    1278:	ff 92       	push	r15
    127a:	ab 01       	movw	r20, r22
    127c:	bc 01       	movw	r22, r24
    127e:	80 91 28 63 	lds	r24, 0x6328	; 0x806328 <Device_Descriptor+0x2d>
/Users/askn/Develop/UPDI4AVR-USB/src/sys.cpp:370
    uint32_t _mask = ~(((uint16_t)Device_Descriptor.UPDI.flash_page_size_msb << 8)
    1282:	28 2f       	mov	r18, r24
    1284:	30 e0       	ldi	r19, 0x00	; 0
    1286:	32 2f       	mov	r19, r18
    1288:	22 27       	eor	r18, r18
    128a:	80 91 fd 62 	lds	r24, 0x62FD	; 0x8062fd <Device_Descriptor+0x2>
/Users/askn/Develop/UPDI4AVR-USB/src/sys.cpp:371
                                + Device_Descriptor.UPDI.flash_page_size - 1);
    128e:	82 0f       	add	r24, r18
    1290:	93 2f       	mov	r25, r19
    1292:	91 1d       	adc	r25, r1
    1294:	91 95       	neg	r25
    1296:	81 95       	neg	r24
/Users/askn/Develop/UPDI4AVR-USB/src/sys.cpp:370
   *
   * True when a page area address different from the previous time is detected.
   * Indicates the need to erase a page in FLASH/USERROW/BOOTROW of the AVR-Dx series.
   */
  bool is_boundary_flash_page (uint32_t _dwAddr) {
    uint32_t _mask = ~(((uint16_t)Device_Descriptor.UPDI.flash_page_size_msb << 8)
    1298:	91 09       	sbc	r25, r1
    129a:	b0 e0       	ldi	r27, 0x00	; 0
    129c:	a0 e0       	ldi	r26, 0x00	; 0
    129e:	84 23       	and	r24, r20
    12a0:	95 23       	and	r25, r21
/Users/askn/Develop/UPDI4AVR-USB/src/sys.cpp:372
                                + Device_Descriptor.UPDI.flash_page_size - 1);
    uint32_t _after_page = _dwAddr & _mask;
    12a2:	a6 23       	and	r26, r22
    12a4:	b7 23       	and	r27, r23
    12a6:	21 e0       	ldi	r18, 0x01	; 1
    12a8:	c0 90 2b 63 	lds	r12, 0x632B	; 0x80632b <_before_page>
/Users/askn/Develop/UPDI4AVR-USB/src/sys.cpp:373
    bool _result = _before_page != _after_page;
    12ac:	d0 90 2c 63 	lds	r13, 0x632C	; 0x80632c <_before_page+0x1>
    12b0:	e0 90 2d 63 	lds	r14, 0x632D	; 0x80632d <_before_page+0x2>
    12b4:	f0 90 2e 63 	lds	r15, 0x632E	; 0x80632e <_before_page+0x3>
    12b8:	c8 16       	cp	r12, r24
    12ba:	d9 06       	cpc	r13, r25
    12bc:	ea 06       	cpc	r14, r26
    12be:	fb 06       	cpc	r15, r27
    12c0:	09 f4       	brne	.+2      	; 0x12c4 <SYS::is_boundary_flash_page(unsigned long)+0x52>
    12c2:	20 e0       	ldi	r18, 0x00	; 0
    12c4:	80 93 2b 63 	sts	0x632B, r24	; 0x80632b <_before_page>
/Users/askn/Develop/UPDI4AVR-USB/src/sys.cpp:374
    _before_page = _after_page;
    12c8:	90 93 2c 63 	sts	0x632C, r25	; 0x80632c <_before_page+0x1>
    12cc:	a0 93 2d 63 	sts	0x632D, r26	; 0x80632d <_before_page+0x2>
    12d0:	b0 93 2e 63 	sts	0x632E, r27	; 0x80632e <_before_page+0x3>
    12d4:	82 2f       	mov	r24, r18
    12d6:	ff 90       	pop	r15
/Users/askn/Develop/UPDI4AVR-USB/src/sys.cpp:376
    return _result;
  }
    12d8:	ef 90       	pop	r14
    12da:	df 90       	pop	r13
    12dc:	cf 90       	pop	r12
    12de:	08 95       	ret

000012e0 <PDI::get_mtype_offset(unsigned char)>:
get_mtype_offset():
    12e0:	82 32       	cpi	r24, 0x22	; 34
    12e2:	49 f4       	brne	.+18     	; 0x12f6 <PDI::get_mtype_offset(unsigned char)+0x16>
/Users/askn/Develop/UPDI4AVR-USB/src/pdi.cpp:187
  }

  // MARK: PDI NVM API

  uint32_t get_mtype_offset (uint8_t m_type) {
    if      (m_type == 0x22) return Device_Descriptor.Xmega.nvm_eeprom_offset;    /* MTYPE_EEPROM (EEPROM) */
    12e4:	60 91 03 63 	lds	r22, 0x6303	; 0x806303 <Device_Descriptor+0x8>
    12e8:	70 91 04 63 	lds	r23, 0x6304	; 0x806304 <Device_Descriptor+0x9>
    12ec:	80 91 05 63 	lds	r24, 0x6305	; 0x806305 <Device_Descriptor+0xa>
    12f0:	90 91 06 63 	lds	r25, 0x6306	; 0x806306 <Device_Descriptor+0xb>
    12f4:	08 95       	ret
    12f6:	80 3b       	cpi	r24, 0xB0	; 176
    12f8:	49 f4       	brne	.+18     	; 0x130c <PDI::get_mtype_offset(unsigned char)+0x2c>
/Users/askn/Develop/UPDI4AVR-USB/src/pdi.cpp:188
    else if (m_type == 0xB0) return Device_Descriptor.Xmega.nvm_boot_offset;      /* MTYPE_FLASH_PAGE (BOOTCODE) */
    12fa:	60 91 ff 62 	lds	r22, 0x62FF	; 0x8062ff <Device_Descriptor+0x4>
    12fe:	70 91 00 63 	lds	r23, 0x6300	; 0x806300 <Device_Descriptor+0x5>
    1302:	80 91 01 63 	lds	r24, 0x6301	; 0x806301 <Device_Descriptor+0x6>
    1306:	90 91 02 63 	lds	r25, 0x6302	; 0x806302 <Device_Descriptor+0x7>
    130a:	08 95       	ret
    130c:	81 3b       	cpi	r24, 0xB1	; 177
    130e:	51 f3       	breq	.-44     	; 0x12e4 <PDI::get_mtype_offset(unsigned char)+0x4>
/Users/askn/Develop/UPDI4AVR-USB/src/pdi.cpp:189
    else if (m_type == 0xB1) return Device_Descriptor.Xmega.nvm_eeprom_offset;    /* MTYPE_EEPROM_PAGE (EEPROM) */
    1310:	82 3b       	cpi	r24, 0xB2	; 178
    1312:	49 f4       	brne	.+18     	; 0x1326 <PDI::get_mtype_offset(unsigned char)+0x46>
/Users/askn/Develop/UPDI4AVR-USB/src/pdi.cpp:190
    else if (m_type == 0xB2) return Device_Descriptor.Xmega.nvm_fuse_offset;      /* MTYPE_FUSE_BITS (FUSE) */
    1314:	60 91 07 63 	lds	r22, 0x6307	; 0x806307 <Device_Descriptor+0xc>
    1318:	70 91 08 63 	lds	r23, 0x6308	; 0x806308 <Device_Descriptor+0xd>
    131c:	80 91 09 63 	lds	r24, 0x6309	; 0x806309 <Device_Descriptor+0xe>
    1320:	90 91 0a 63 	lds	r25, 0x630A	; 0x80630a <Device_Descriptor+0xf>
    1324:	08 95       	ret
    1326:	83 3b       	cpi	r24, 0xB3	; 179
    1328:	49 f4       	brne	.+18     	; 0x133c <PDI::get_mtype_offset(unsigned char)+0x5c>
/Users/askn/Develop/UPDI4AVR-USB/src/pdi.cpp:191
    else if (m_type == 0xB3) return Device_Descriptor.Xmega.nvm_lock_offset;      /* MTYPE_LOCK_BITS (LOCK) */
    132a:	60 91 0b 63 	lds	r22, 0x630B	; 0x80630b <Device_Descriptor+0x10>
    132e:	70 91 0c 63 	lds	r23, 0x630C	; 0x80630c <Device_Descriptor+0x11>
    1332:	80 91 0d 63 	lds	r24, 0x630D	; 0x80630d <Device_Descriptor+0x12>
    1336:	90 91 0e 63 	lds	r25, 0x630E	; 0x80630e <Device_Descriptor+0x13>
    133a:	08 95       	ret
    133c:	84 3b       	cpi	r24, 0xB4	; 180
    133e:	89 f4       	brne	.+34     	; 0x1362 <PDI::get_mtype_offset(unsigned char)+0x82>
/Users/askn/Develop/UPDI4AVR-USB/src/pdi.cpp:192
    else if (m_type == 0xB4) return Device_Descriptor.Xmega.nvm_data_offset
    1340:	20 91 28 63 	lds	r18, 0x6328	; 0x806328 <Device_Descriptor+0x2d>
/Users/askn/Develop/UPDI4AVR-USB/src/pdi.cpp:193
                                  + Device_Descriptor.Xmega.mcu_base_addr;        /* MTYPE_SIGN_JTAG */
    1344:	30 91 29 63 	lds	r19, 0x6329	; 0x806329 <Device_Descriptor+0x2e>
    1348:	60 91 17 63 	lds	r22, 0x6317	; 0x806317 <Device_Descriptor+0x1c>
    134c:	70 91 18 63 	lds	r23, 0x6318	; 0x806318 <Device_Descriptor+0x1d>
    1350:	80 91 19 63 	lds	r24, 0x6319	; 0x806319 <Device_Descriptor+0x1e>
    1354:	90 91 1a 63 	lds	r25, 0x631A	; 0x80631a <Device_Descriptor+0x1f>
    1358:	62 0f       	add	r22, r18
    135a:	73 1f       	adc	r23, r19
    135c:	81 1d       	adc	r24, r1
    135e:	91 1d       	adc	r25, r1
    1360:	08 95       	ret
    1362:	80 3c       	cpi	r24, 0xC0	; 192
    1364:	49 f4       	brne	.+18     	; 0x1378 <PDI::get_mtype_offset(unsigned char)+0x98>
/Users/askn/Develop/UPDI4AVR-USB/src/pdi.cpp:194
    else if (m_type == 0xC0) return Device_Descriptor.Xmega.nvm_app_offset;       /* MTYPE_FLASH (APPCODE) */
    1366:	60 91 fb 62 	lds	r22, 0x62FB	; 0x8062fb <Device_Descriptor>
    136a:	70 91 fc 62 	lds	r23, 0x62FC	; 0x8062fc <Device_Descriptor+0x1>
    136e:	80 91 fd 62 	lds	r24, 0x62FD	; 0x8062fd <Device_Descriptor+0x2>
    1372:	90 91 fe 62 	lds	r25, 0x62FE	; 0x8062fe <Device_Descriptor+0x3>
    1376:	08 95       	ret
    1378:	81 3c       	cpi	r24, 0xC1	; 193
/Users/askn/Develop/UPDI4AVR-USB/src/pdi.cpp:195
    else if (m_type == 0xC1) return Device_Descriptor.Xmega.nvm_boot_offset;      /* MTYPE_BOOT_FLASH (BOOTCODE) */
    137a:	09 f4       	brne	.+2      	; 0x137e <PDI::get_mtype_offset(unsigned char)+0x9e>
    137c:	be cf       	rjmp	.-132    	; 0x12fa <PDI::get_mtype_offset(unsigned char)+0x1a>
/Users/askn/Develop/UPDI4AVR-USB/src/pdi.cpp:196
    else if (m_type == 0xC4) return Device_Descriptor.Xmega.nvm_eeprom_offset;    /* MTYPE_EEPROM_XMEGA (EEPROM) */
    137e:	84 3c       	cpi	r24, 0xC4	; 196
    1380:	09 f4       	brne	.+2      	; 0x1384 <PDI::get_mtype_offset(unsigned char)+0xa4>
/Users/askn/Develop/UPDI4AVR-USB/src/pdi.cpp:197
    else if (m_type == 0xC5) return Device_Descriptor.Xmega.nvm_user_sig_offset;  /* MTYPE_USERSIG (USERROW) */
    1382:	b0 cf       	rjmp	.-160    	; 0x12e4 <PDI::get_mtype_offset(unsigned char)+0x4>
    1384:	85 3c       	cpi	r24, 0xC5	; 197
    1386:	49 f4       	brne	.+18     	; 0x139a <PDI::get_mtype_offset(unsigned char)+0xba>
    1388:	60 91 0f 63 	lds	r22, 0x630F	; 0x80630f <Device_Descriptor+0x14>
    138c:	70 91 10 63 	lds	r23, 0x6310	; 0x806310 <Device_Descriptor+0x15>
    1390:	80 91 11 63 	lds	r24, 0x6311	; 0x806311 <Device_Descriptor+0x16>
    1394:	90 91 12 63 	lds	r25, 0x6312	; 0x806312 <Device_Descriptor+0x17>
/Users/askn/Develop/UPDI4AVR-USB/src/pdi.cpp:198
    else if (m_type == 0xC6) return Device_Descriptor.Xmega.nvm_prod_sig_offset;  /* MTYPE_PRODSIG (PRODSIG) */
    1398:	08 95       	ret
    139a:	86 3c       	cpi	r24, 0xC6	; 198
    139c:	49 f4       	brne	.+18     	; 0x13b0 <PDI::get_mtype_offset(unsigned char)+0xd0>
    139e:	60 91 13 63 	lds	r22, 0x6313	; 0x806313 <Device_Descriptor+0x18>
    13a2:	70 91 14 63 	lds	r23, 0x6314	; 0x806314 <Device_Descriptor+0x19>
    13a6:	80 91 15 63 	lds	r24, 0x6315	; 0x806315 <Device_Descriptor+0x1a>
/Users/askn/Develop/UPDI4AVR-USB/src/pdi.cpp:199
    else                     return Device_Descriptor.Xmega.nvm_data_offset;
    13aa:	90 91 16 63 	lds	r25, 0x6316	; 0x806316 <Device_Descriptor+0x1b>
    13ae:	08 95       	ret
    13b0:	60 91 17 63 	lds	r22, 0x6317	; 0x806317 <Device_Descriptor+0x1c>
/Users/askn/Develop/UPDI4AVR-USB/src/pdi.cpp:200
  }
    13b4:	70 91 18 63 	lds	r23, 0x6318	; 0x806318 <Device_Descriptor+0x1d>
/Users/askn/Develop/UPDI4AVR-USB/src/pdi.cpp:74
  };

  // MARK: PDI Low level

  bool idle_clock (const size_t clock) {
    for (size_t i = 0; i < clock; i++) {
    13b8:	80 91 19 63 	lds	r24, 0x6319	; 0x806319 <Device_Descriptor+0x1e>
/Users/askn/Develop/UPDI4AVR-USB/src/pdi.cpp:75
      loop_until_bit_is_set(PCLK_IN, PCLK_bp);
    13bc:	90 91 1a 63 	lds	r25, 0x631A	; 0x80631a <Device_Descriptor+0x1f>
    13c0:	08 95       	ret

000013c2 <PDI::idle_clock(unsigned int)>:
idle_clock():
/Users/askn/Develop/UPDI4AVR-USB/src/pdi.cpp:76
      loop_until_bit_is_clear(PCLK_IN, PCLK_bp);
    13c2:	30 e0       	ldi	r19, 0x00	; 0
    13c4:	20 e0       	ldi	r18, 0x00	; 0
    13c6:	40 91 08 04 	lds	r20, 0x0408	; 0x800408 <__TEXT_REGION_LENGTH__+0x7f0408>
/Users/askn/Develop/UPDI4AVR-USB/src/pdi.cpp:74
  };

  // MARK: PDI Low level

  bool idle_clock (const size_t clock) {
    for (size_t i = 0; i < clock; i++) {
    13ca:	46 ff       	sbrs	r20, 6
    13cc:	fc cf       	rjmp	.-8      	; 0x13c6 <PDI::idle_clock(unsigned int)+0x4>
    13ce:	40 91 08 04 	lds	r20, 0x0408	; 0x800408 <__TEXT_REGION_LENGTH__+0x7f0408>
/Users/askn/Develop/UPDI4AVR-USB/src/pdi.cpp:79
      loop_until_bit_is_set(PCLK_IN, PCLK_bp);
      loop_until_bit_is_clear(PCLK_IN, PCLK_bp);
    }
    return true;
  }
    13d2:	46 fd       	sbrc	r20, 6
/Users/askn/Develop/UPDI4AVR-USB/src/pdi.cpp:95
    }
    return true;
  }

  bool stop_txd (void) {
    if (bit_is_set(PGCONF, PGCONF_XDIR_bp)) {
    13d4:	fc cf       	rjmp	.-8      	; 0x13ce <PDI::idle_clock(unsigned int)+0xc>
    13d6:	2f 5f       	subi	r18, 0xFF	; 255
/Users/askn/Develop/UPDI4AVR-USB/src/pdi.cpp:96
      idle_clock(1);
    13d8:	3f 4f       	sbci	r19, 0xFF	; 255
    13da:	82 17       	cp	r24, r18
    13dc:	93 07       	cpc	r25, r19
    13de:	99 f7       	brne	.-26     	; 0x13c6 <PDI::idle_clock(unsigned int)+0x4>
/Users/askn/Develop/UPDI4AVR-USB/src/pdi.cpp:97
      pinLogicOpen(PIN_PGM_PDAT);
    13e0:	81 e0       	ldi	r24, 0x01	; 1
/Users/askn/Develop/UPDI4AVR-USB/src/pdi.cpp:98
      USART0_CTRLB = USART_RXEN_bm | USART_ODME_bm;
    13e2:	08 95       	ret

000013e4 <PDI::stop_txd()>:
stop_txd():
    13e4:	fb 9b       	sbis	0x1f, 3	; 31
    13e6:	08 c0       	rjmp	.+16     	; 0x13f8 <PDI::stop_txd()+0x14>
/Users/askn/Develop/UPDI4AVR-USB/src/pdi.cpp:99
      bit_clear(PGCONF, PGCONF_XDIR_bp);
    13e8:	81 e0       	ldi	r24, 0x01	; 1
/Users/askn/Develop/UPDI4AVR-USB/src/pdi.cpp:102
    }
    return true;
  }
    13ea:	90 e0       	ldi	r25, 0x00	; 0
    13ec:	ea df       	rcall	.-44     	; 0x13c2 <PDI::idle_clock(unsigned int)>
/Users/askn/Develop/UPDI4AVR-USB/src/pdi.cpp:125
    // D2PRINTF("(%02X:%02X)", RXSTAT, RXDATA);
    return RXSTAT == 0;
  }

  bool recv_byte (void) {
    return stop_txd() && recv();
    13ee:	04 98       	cbi	0x00, 4	; 0
    13f0:	88 e8       	ldi	r24, 0x88	; 136
    13f2:	80 93 06 08 	sts	0x0806, r24	; 0x800806 <__TEXT_REGION_LENGTH__+0x7f0806>
/Users/askn/Develop/UPDI4AVR-USB/src/pdi.cpp:126
  }
    13f6:	fb 98       	cbi	0x1f, 3	; 31
    13f8:	81 e0       	ldi	r24, 0x01	; 1
/Users/askn/Develop/UPDI4AVR-USB/src/pdi.cpp:84
  }

  /* To run push-pull TxD in single-wire mode with loopback, */
  /* controlling the USART becomes a bit more complicated.   */
  bool start_txd (void) {
    if (bit_is_clear(PGCONF, PGCONF_XDIR_bp)) {
    13fa:	08 95       	ret

000013fc <PDI::recv_byte()>:
recv_byte():
    13fc:	f3 df       	rcall	.-26     	; 0x13e4 <PDI::stop_txd()>
/Users/askn/Develop/UPDI4AVR-USB/src/pdi.cpp:85
      idle_clock(1);
    13fe:	81 11       	cpse	r24, r1
    1400:	32 cc       	rjmp	.-1948   	; 0xc66 <PDI::recv_byte() [clone .part.3]>
    1402:	80 e0       	ldi	r24, 0x00	; 0
    1404:	08 95       	ret

00001406 <PDI::start_txd()>:
start_txd():
/Users/askn/Develop/UPDI4AVR-USB/src/pdi.cpp:86
      digitalWriteMacro(PIN_PGM_PDAT, HIGH);
    1406:	fb 99       	sbic	0x1f, 3	; 31
/Users/askn/Develop/UPDI4AVR-USB/src/pdi.cpp:87
      pinLogicPull(PIN_PGM_PDAT);
    1408:	09 c0       	rjmp	.+18     	; 0x141c <PDI::start_txd()+0x16>
/Users/askn/Develop/UPDI4AVR-USB/src/pdi.cpp:88
      USART0_CTRLB = USART_RXEN_bm | USART_TXEN_bm;
    140a:	81 e0       	ldi	r24, 0x01	; 1
    140c:	90 e0       	ldi	r25, 0x00	; 0
    140e:	d9 df       	rcall	.-78     	; 0x13c2 <PDI::idle_clock(unsigned int)>
/Users/askn/Develop/UPDI4AVR-USB/src/pdi.cpp:89
      bit_set(PGCONF, PGCONF_XDIR_bp);
    1410:	0c 9a       	sbi	0x01, 4	; 1
/Users/askn/Develop/UPDI4AVR-USB/src/pdi.cpp:92
    }
    return true;
  }
    1412:	04 9a       	sbi	0x00, 4	; 0
    1414:	80 ec       	ldi	r24, 0xC0	; 192
/Users/askn/Develop/UPDI4AVR-USB/src/pdi.cpp:175
  }

  bool pdibus_wait (void) {
    do {
      /* ACC STATUS check */
      idle_clock(2);
    1416:	80 93 06 08 	sts	0x0806, r24	; 0x800806 <__TEXT_REGION_LENGTH__+0x7f0806>
    141a:	fb 9a       	sbi	0x1f, 3	; 31
    141c:	81 e0       	ldi	r24, 0x01	; 1
/Users/askn/Develop/UPDI4AVR-USB/src/pdi.cpp:153
    USART0_TXDATAL = _data;
    return recv() && _data == RXDATA;
  }

  bool send_byte (const uint8_t _data) {
    return start_txd() && send(_data);
    141e:	08 95       	ret

00001420 <PDI::pdibus_wait()>:
pdibus_wait():
    1420:	82 e0       	ldi	r24, 0x02	; 2
    1422:	90 e0       	ldi	r25, 0x00	; 0
    1424:	ce df       	rcall	.-100    	; 0x13c2 <PDI::idle_clock(unsigned int)>
send_byte():
/Users/askn/Develop/UPDI4AVR-USB/src/pdi.cpp:181
      if (send_byte(0x80)) {
        if (recv_byte() && bit_is_set(RXDATA, 1)) return true;
      }
      else break;
    } while (true);
    return false;
    1426:	ef df       	rcall	.-34     	; 0x1406 <PDI::start_txd()>
    1428:	81 11       	cpse	r24, r1
    142a:	02 c0       	rjmp	.+4      	; 0x1430 <PDI::pdibus_wait()+0x10>
pdibus_wait():
/Users/askn/Develop/UPDI4AVR-USB/src/pdi.cpp:176

  bool pdibus_wait (void) {
    do {
      /* ACC STATUS check */
      idle_clock(2);
      if (send_byte(0x80)) {
    142c:	80 e0       	ldi	r24, 0x00	; 0
    142e:	08 95       	ret
send_byte():
/Users/askn/Develop/UPDI4AVR-USB/src/pdi.cpp:177
        if (recv_byte() && bit_is_set(RXDATA, 1)) return true;
    1430:	80 e8       	ldi	r24, 0x80	; 128
    1432:	97 de       	rcall	.-722    	; 0x1162 <PDI::send_byte(unsigned char) [clone .part.4]>
pdibus_wait():
    1434:	88 23       	and	r24, r24
    1436:	d1 f3       	breq	.-12     	; 0x142c <PDI::pdibus_wait()+0xc>
    1438:	e1 df       	rcall	.-62     	; 0x13fc <PDI::recv_byte()>
    143a:	88 23       	and	r24, r24
/Users/askn/Develop/UPDI4AVR-USB/src/pdi.cpp:182
      }
      else break;
    } while (true);
    return false;
  }
    143c:	89 f3       	breq	.-30     	; 0x1420 <PDI::pdibus_wait()>
/Users/askn/Develop/UPDI4AVR-USB/src/pdi.cpp:164
    };
    _CAPS32(_set_ptr[1])->dword = _dwAddr;
    return send_bytes(_set_ptr, sizeof(_set_ptr)) && send(_data);
  }

  bool send_bytes (const uint8_t* _data, size_t _len) {
    143e:	e9 9b       	sbis	0x1d, 1	; 29
    1440:	ef cf       	rjmp	.-34     	; 0x1420 <PDI::pdibus_wait()>
    1442:	08 95       	ret

00001444 <PDI::send_bytes(unsigned char const*, unsigned int)>:
send_bytes():
    1444:	ef 92       	push	r14
    1446:	ff 92       	push	r15
    1448:	0f 93       	push	r16
    144a:	1f 93       	push	r17
    144c:	cf 93       	push	r28
/Users/askn/Develop/UPDI4AVR-USB/src/pdi.cpp:165
    start_txd();
    144e:	df 93       	push	r29
    1450:	7c 01       	movw	r14, r24
    1452:	8b 01       	movw	r16, r22
/Users/askn/Develop/UPDI4AVR-USB/src/pdi.cpp:167
    do {
      if (!send(*_data++)) return false;
    1454:	d8 df       	rcall	.-80     	; 0x1406 <PDI::start_txd()>
    1456:	e7 01       	movw	r28, r14
    1458:	89 91       	ld	r24, Y+
    145a:	06 dc       	rcall	.-2036   	; 0xc68 <PDI::send(unsigned char)>
    145c:	88 23       	and	r24, r24
/Users/askn/Develop/UPDI4AVR-USB/src/pdi.cpp:168
    } while (--_len);
    145e:	19 f0       	breq	.+6      	; 0x1466 <PDI::send_bytes(unsigned char const*, unsigned int)+0x22>
    1460:	01 50       	subi	r16, 0x01	; 1
/Users/askn/Develop/UPDI4AVR-USB/src/pdi.cpp:170
    return true;
  }
    1462:	11 09       	sbc	r17, r1
    1464:	c9 f7       	brne	.-14     	; 0x1458 <PDI::send_bytes(unsigned char const*, unsigned int)+0x14>
    1466:	df 91       	pop	r29
    1468:	cf 91       	pop	r28
    146a:	1f 91       	pop	r17
    146c:	0f 91       	pop	r16
/Users/askn/Develop/UPDI4AVR-USB/src/pdi.cpp:361
  size_t disconnect (void) {
    const static uint8_t _leave[] = {
      0xC0, 0x02,       /* NVM disable */
      0xC1, 0x00        /* leave SYSRST */
    };
    if (bit_is_set(PGCONF, PGCONF_UPDI_bp)) return 1;
    146e:	ff 90       	pop	r15
    1470:	ef 90       	pop	r14
/Users/askn/Develop/UPDI4AVR-USB/src/pdi.cpp:362
    return send_bytes(_leave, sizeof(_leave));
    1472:	08 95       	ret

00001474 <PDI::disconnect()>:
disconnect():
    1474:	f8 99       	sbic	0x1f, 0	; 31
    1476:	07 c0       	rjmp	.+14     	; 0x1486 <PDI::disconnect()+0x12>
    1478:	64 e0       	ldi	r22, 0x04	; 4
    147a:	70 e0       	ldi	r23, 0x00	; 0
    147c:	8f e4       	ldi	r24, 0x4F	; 79
    147e:	90 e6       	ldi	r25, 0x60	; 96
    1480:	e1 df       	rcall	.-62     	; 0x1444 <PDI::send_bytes(unsigned char const*, unsigned int)>
/Users/askn/Develop/UPDI4AVR-USB/src/pdi.cpp:361
  size_t disconnect (void) {
    const static uint8_t _leave[] = {
      0xC0, 0x02,       /* NVM disable */
      0xC1, 0x00        /* leave SYSRST */
    };
    if (bit_is_set(PGCONF, PGCONF_UPDI_bp)) return 1;
    1482:	90 e0       	ldi	r25, 0x00	; 0
    1484:	08 95       	ret
/Users/askn/Develop/UPDI4AVR-USB/src/pdi.cpp:363
    return send_bytes(_leave, sizeof(_leave));
  }
    1486:	81 e0       	ldi	r24, 0x01	; 1
/Users/askn/Develop/UPDI4AVR-USB/src/pdi.cpp:210

  bool nvm_cmdex (void) {
    return send_byte(0x010001CBUL, 1);        /* 0x01CA: NVMCTRL_CTRLA */
  }

  bool nvm_wait (void) {
    1488:	90 e0       	ldi	r25, 0x00	; 0
    148a:	08 95       	ret

0000148c <PDI::nvm_wait()>:
nvm_wait():
    148c:	cf 92       	push	r12
/Users/askn/Develop/UPDI4AVR-USB/src/pdi.cpp:132

  bool recv_byte (uint32_t _dwAddr) {
    static uint8_t _set_ptr[] = {
      0x0C, 0, 0, 0, 0    /* LDS ADDR4 DATA1 */
    };
    _CAPS32(_set_ptr[1])->dword = _dwAddr;
    148e:	df 92       	push	r13
    1490:	ef 92       	push	r14
    1492:	ff 92       	push	r15
recv_byte():
    1494:	8f ec       	ldi	r24, 0xCF	; 207
    1496:	c8 2e       	mov	r12, r24
    1498:	dd 24       	eor	r13, r13
    149a:	d3 94       	inc	r13
    149c:	e1 2c       	mov	r14, r1
    149e:	fd 2c       	mov	r15, r13
    14a0:	c0 92 06 60 	sts	0x6006, r12	; 0x806006 <PDI::recv_byte(unsigned long)::_set_ptr+0x1>
    14a4:	d0 92 07 60 	sts	0x6007, r13	; 0x806007 <PDI::recv_byte(unsigned long)::_set_ptr+0x2>
/Users/askn/Develop/UPDI4AVR-USB/src/pdi.cpp:133
    return send_bytes(_set_ptr, sizeof(_set_ptr)) && recv_byte();
    14a8:	e0 92 08 60 	sts	0x6008, r14	; 0x806008 <PDI::recv_byte(unsigned long)::_set_ptr+0x3>
    14ac:	f0 92 09 60 	sts	0x6009, r15	; 0x806009 <PDI::recv_byte(unsigned long)::_set_ptr+0x4>
    14b0:	65 e0       	ldi	r22, 0x05	; 5
    14b2:	70 e0       	ldi	r23, 0x00	; 0
    14b4:	85 e0       	ldi	r24, 0x05	; 5
    14b6:	90 e6       	ldi	r25, 0x60	; 96
    14b8:	c5 df       	rcall	.-118    	; 0x1444 <PDI::send_bytes(unsigned char const*, unsigned int)>
/Users/askn/Develop/UPDI4AVR-USB/src/pdi.cpp:211
  bool nvm_cmdex (void) {
    return send_byte(0x010001CBUL, 1);        /* 0x01CA: NVMCTRL_CTRLA */
  }

  bool nvm_wait (void) {
    do { recv_byte(0x010001CFUL); } while (RXDATA & 0xC0); /* 0x01CF: NVMCTRL_STATUS */
    14ba:	81 11       	cpse	r24, r1
    14bc:	9f df       	rcall	.-194    	; 0x13fc <PDI::recv_byte()>
nvm_wait():
/Users/askn/Develop/UPDI4AVR-USB/src/pdi.cpp:213
    return true;
  }
    14be:	8d b3       	in	r24, 0x1d	; 29
    14c0:	80 7c       	andi	r24, 0xC0	; 192
    14c2:	71 f7       	brne	.-36     	; 0x14a0 <PDI::nvm_wait()+0x14>
    14c4:	81 e0       	ldi	r24, 0x01	; 1
    14c6:	ff 90       	pop	r15
/Users/askn/Develop/UPDI4AVR-USB/src/pdi.cpp:202
    else if (m_type == 0xC5) return Device_Descriptor.Xmega.nvm_user_sig_offset;  /* MTYPE_USERSIG (USERROW) */
    else if (m_type == 0xC6) return Device_Descriptor.Xmega.nvm_prod_sig_offset;  /* MTYPE_PRODSIG (PRODSIG) */
    else                     return Device_Descriptor.Xmega.nvm_data_offset;
  }

  bool nvm_cmd (uint8_t _nvmcmd) {
    14c8:	ef 90       	pop	r14
    14ca:	df 90       	pop	r13
/Users/askn/Develop/UPDI4AVR-USB/src/pdi.cpp:160

  bool send_byte (uint32_t _dwAddr, uint8_t _data) {
    static uint8_t _set_ptr[] = {
      0x4C, 0, 0, 0, 0    /* STS ADDR4 DATA1 */
    };
    _CAPS32(_set_ptr[1])->dword = _dwAddr;
    14cc:	cf 90       	pop	r12
    14ce:	08 95       	ret

000014d0 <PDI::nvm_cmd(unsigned char)>:
nvm_cmd():
    14d0:	cf 93       	push	r28
    14d2:	c8 2f       	mov	r28, r24
send_byte():
    14d4:	8a ec       	ldi	r24, 0xCA	; 202
    14d6:	91 e0       	ldi	r25, 0x01	; 1
    14d8:	a0 e0       	ldi	r26, 0x00	; 0
    14da:	b1 e0       	ldi	r27, 0x01	; 1
    14dc:	80 93 01 60 	sts	0x6001, r24	; 0x806001 <__DATA_REGION_ORIGIN__+0x1>
/Users/askn/Develop/UPDI4AVR-USB/src/pdi.cpp:161
    return send_bytes(_set_ptr, sizeof(_set_ptr)) && send(_data);
    14e0:	90 93 02 60 	sts	0x6002, r25	; 0x806002 <__DATA_REGION_ORIGIN__+0x2>
    14e4:	a0 93 03 60 	sts	0x6003, r26	; 0x806003 <__DATA_REGION_ORIGIN__+0x3>
    14e8:	b0 93 04 60 	sts	0x6004, r27	; 0x806004 <__DATA_REGION_ORIGIN__+0x4>
    14ec:	65 e0       	ldi	r22, 0x05	; 5
/Users/askn/Develop/UPDI4AVR-USB/src/pdi.cpp:204
    else                     return Device_Descriptor.Xmega.nvm_data_offset;
  }

  bool nvm_cmd (uint8_t _nvmcmd) {
    return send_byte(0x010001CAUL, _nvmcmd);  /* 0x01CA: NVMCTRL_CMD */
  }
    14ee:	70 e0       	ldi	r23, 0x00	; 0
    14f0:	80 e0       	ldi	r24, 0x00	; 0
    14f2:	90 e6       	ldi	r25, 0x60	; 96
    14f4:	a7 df       	rcall	.-178    	; 0x1444 <PDI::send_bytes(unsigned char const*, unsigned int)>
    14f6:	88 23       	and	r24, r24
/Users/askn/Develop/UPDI4AVR-USB/src/pdi.cpp:160

  bool send_byte (uint32_t _dwAddr, uint8_t _data) {
    static uint8_t _set_ptr[] = {
      0x4C, 0, 0, 0, 0    /* STS ADDR4 DATA1 */
    };
    _CAPS32(_set_ptr[1])->dword = _dwAddr;
    14f8:	19 f0       	breq	.+6      	; 0x1500 <PDI::nvm_cmd(unsigned char)+0x30>
    14fa:	8c 2f       	mov	r24, r28
nvm_cmd():
    14fc:	cf 91       	pop	r28
send_byte():
    14fe:	31 ce       	rjmp	.-926    	; 0x1162 <PDI::send_byte(unsigned char) [clone .part.4]>
nvm_cmd():
    1500:	80 e0       	ldi	r24, 0x00	; 0
    1502:	cf 91       	pop	r28
    1504:	08 95       	ret

00001506 <PDI::nvm_cmdex()>:
send_byte():
    1506:	8b ec       	ldi	r24, 0xCB	; 203
    1508:	91 e0       	ldi	r25, 0x01	; 1
    150a:	a0 e0       	ldi	r26, 0x00	; 0
/Users/askn/Develop/UPDI4AVR-USB/src/pdi.cpp:161
    return send_bytes(_set_ptr, sizeof(_set_ptr)) && send(_data);
    150c:	b1 e0       	ldi	r27, 0x01	; 1
    150e:	80 93 01 60 	sts	0x6001, r24	; 0x806001 <__DATA_REGION_ORIGIN__+0x1>
    1512:	90 93 02 60 	sts	0x6002, r25	; 0x806002 <__DATA_REGION_ORIGIN__+0x2>
    1516:	a0 93 03 60 	sts	0x6003, r26	; 0x806003 <__DATA_REGION_ORIGIN__+0x3>
    151a:	b0 93 04 60 	sts	0x6004, r27	; 0x806004 <__DATA_REGION_ORIGIN__+0x4>
/Users/askn/Develop/UPDI4AVR-USB/src/pdi.cpp:215
  bool nvm_wait (void) {
    do { recv_byte(0x010001CFUL); } while (RXDATA & 0xC0); /* 0x01CF: NVMCTRL_STATUS */
    return true;
  }

  size_t erase_memory (void) {
    151e:	65 e0       	ldi	r22, 0x05	; 5
/Users/askn/Develop/UPDI4AVR-USB/src/pdi.cpp:216
    uint8_t   e_type = packet.out.bEType;
    1520:	70 e0       	ldi	r23, 0x00	; 0
    1522:	80 e0       	ldi	r24, 0x00	; 0
/Users/askn/Develop/UPDI4AVR-USB/src/pdi.cpp:218
    uint32_t _dwAddr = packet.out.dwAddr;
    _CAPS32(_set_ptr32[1])->dword = _dwAddr;
    1524:	90 e6       	ldi	r25, 0x60	; 96
    1526:	8e df       	rcall	.-228    	; 0x1444 <PDI::send_bytes(unsigned char const*, unsigned int)>
    1528:	88 23       	and	r24, r24
    152a:	11 f0       	breq	.+4      	; 0x1530 <PDI::nvm_cmdex()+0x2a>
    152c:	81 e0       	ldi	r24, 0x01	; 1
    152e:	19 ce       	rjmp	.-974    	; 0x1162 <PDI::send_byte(unsigned char) [clone .part.4]>
nvm_cmdex():
    1530:	80 e0       	ldi	r24, 0x00	; 0
    1532:	08 95       	ret

00001534 <PDI::erase_memory()>:
erase_memory():
    1534:	cf 93       	push	r28
    1536:	c0 91 e4 60 	lds	r28, 0x60E4	; 0x8060e4 <packet+0x7>
    153a:	80 91 e5 60 	lds	r24, 0x60E5	; 0x8060e5 <packet+0x8>
    153e:	90 91 e6 60 	lds	r25, 0x60E6	; 0x8060e6 <packet+0x9>
/Users/askn/Develop/UPDI4AVR-USB/src/pdi.cpp:219
    nvm_wait();
    1542:	a0 91 e7 60 	lds	r26, 0x60E7	; 0x8060e7 <packet+0xa>
/Users/askn/Develop/UPDI4AVR-USB/src/pdi.cpp:222
    if (e_type == 0x00) {
      /* XMEGA_ERASE_CHIP */
      if (!(nvm_cmd(0x40) && nvm_cmdex() && pdibus_wait() && nvm_wait())) return 0;
    1546:	b0 91 e8 60 	lds	r27, 0x60E8	; 0x8060e8 <packet+0xb>
    154a:	80 93 0f 60 	sts	0x600F, r24	; 0x80600f <PDI::_set_ptr32+0x1>
    154e:	90 93 10 60 	sts	0x6010, r25	; 0x806010 <PDI::_set_ptr32+0x2>
/Users/askn/Develop/UPDI4AVR-USB/src/pdi.cpp:237
         && nvm_wait())) return 0;
    }
    /* Any other sections specified will be ignored, */
    /* but the command will return successful completion. */
    return 1;
  }
    1552:	a0 93 11 60 	sts	0x6011, r26	; 0x806011 <PDI::_set_ptr32+0x3>
/Users/askn/Develop/UPDI4AVR-USB/src/pdi.cpp:222
    uint32_t _dwAddr = packet.out.dwAddr;
    _CAPS32(_set_ptr32[1])->dword = _dwAddr;
    nvm_wait();
    if (e_type == 0x00) {
      /* XMEGA_ERASE_CHIP */
      if (!(nvm_cmd(0x40) && nvm_cmdex() && pdibus_wait() && nvm_wait())) return 0;
    1556:	b0 93 12 60 	sts	0x6012, r27	; 0x806012 <PDI::_set_ptr32+0x4>
    155a:	98 df       	rcall	.-208    	; 0x148c <PDI::nvm_wait()>
    155c:	c1 11       	cpse	r28, r1
/Users/askn/Develop/UPDI4AVR-USB/src/pdi.cpp:231
    else if (e_type == 0x07) {
      /* XMEGA_ERASE_USERSIG */
      if (!(nvm_cmd(0x18)
         && send_bytes(_set_ptr32, sizeof(_set_ptr32))
         && send(0x64)
         && send(0xFF)
    155e:	11 c0       	rjmp	.+34     	; 0x1582 <PDI::erase_memory()+0x4e>
    1560:	80 e4       	ldi	r24, 0x40	; 64
/Users/askn/Develop/UPDI4AVR-USB/src/pdi.cpp:232
         && nvm_wait())) return 0;
    1562:	b6 df       	rcall	.-148    	; 0x14d0 <PDI::nvm_cmd(unsigned char)>
    1564:	81 11       	cpse	r24, r1
/Users/askn/Develop/UPDI4AVR-USB/src/pdi.cpp:222
    uint32_t _dwAddr = packet.out.dwAddr;
    _CAPS32(_set_ptr32[1])->dword = _dwAddr;
    nvm_wait();
    if (e_type == 0x00) {
      /* XMEGA_ERASE_CHIP */
      if (!(nvm_cmd(0x40) && nvm_cmdex() && pdibus_wait() && nvm_wait())) return 0;
    1566:	04 c0       	rjmp	.+8      	; 0x1570 <PDI::erase_memory()+0x3c>
/Users/askn/Develop/UPDI4AVR-USB/src/pdi.cpp:236
         && send(0xFF)
         && nvm_wait())) return 0;
    }
    /* Any other sections specified will be ignored, */
    /* but the command will return successful completion. */
    return 1;
    1568:	90 e0       	ldi	r25, 0x00	; 0
    156a:	80 e0       	ldi	r24, 0x00	; 0
/Users/askn/Develop/UPDI4AVR-USB/src/pdi.cpp:226
      /* XMEGA_ERASE_CHIP */
      if (!(nvm_cmd(0x40) && nvm_cmdex() && pdibus_wait() && nvm_wait())) return 0;
    }
    /* Section erasure is only used with USERSIG. */
    /* Unlike READ/WRITE, the address is given as an absolute value. */
    else if (e_type == 0x07) {
    156c:	cf 91       	pop	r28
    156e:	08 95       	ret
/Users/askn/Develop/UPDI4AVR-USB/src/pdi.cpp:228
      /* XMEGA_ERASE_USERSIG */
      if (!(nvm_cmd(0x18)
    1570:	ca df       	rcall	.-108    	; 0x1506 <PDI::nvm_cmdex()>
    1572:	88 23       	and	r24, r24
    1574:	c9 f3       	breq	.-14     	; 0x1568 <PDI::erase_memory()+0x34>
    1576:	54 df       	rcall	.-344    	; 0x1420 <PDI::pdibus_wait()>
/Users/askn/Develop/UPDI4AVR-USB/src/pdi.cpp:229
         && send_bytes(_set_ptr32, sizeof(_set_ptr32))
    1578:	88 23       	and	r24, r24
    157a:	b1 f3       	breq	.-20     	; 0x1568 <PDI::erase_memory()+0x34>
    157c:	87 df       	rcall	.-242    	; 0x148c <PDI::nvm_wait()>
    157e:	90 e0       	ldi	r25, 0x00	; 0
    1580:	f5 cf       	rjmp	.-22     	; 0x156c <PDI::erase_memory()+0x38>
    1582:	81 e0       	ldi	r24, 0x01	; 1
    1584:	90 e0       	ldi	r25, 0x00	; 0
/Users/askn/Develop/UPDI4AVR-USB/src/pdi.cpp:230
         && send(0x64)
    1586:	c7 30       	cpi	r28, 0x07	; 7
    1588:	89 f7       	brne	.-30     	; 0x156c <PDI::erase_memory()+0x38>
    158a:	88 e1       	ldi	r24, 0x18	; 24
    158c:	a1 df       	rcall	.-190    	; 0x14d0 <PDI::nvm_cmd(unsigned char)>
    158e:	88 23       	and	r24, r24
/Users/askn/Develop/UPDI4AVR-USB/src/pdi.cpp:231
         && send(0xFF)
    1590:	59 f3       	breq	.-42     	; 0x1568 <PDI::erase_memory()+0x34>
    1592:	65 e0       	ldi	r22, 0x05	; 5
    1594:	70 e0       	ldi	r23, 0x00	; 0
    1596:	8e e0       	ldi	r24, 0x0E	; 14
/Users/askn/Develop/UPDI4AVR-USB/src/pdi.cpp:105
    }
    return true;
  }

  bool send_break (void) {
    stop_txd();
    1598:	90 e6       	ldi	r25, 0x60	; 96
/Users/askn/Develop/UPDI4AVR-USB/src/pdi.cpp:106
    digitalWriteMacro(PIN_PGM_PDAT, LOW);
    159a:	54 df       	rcall	.-344    	; 0x1444 <PDI::send_bytes(unsigned char const*, unsigned int)>
/Users/askn/Develop/UPDI4AVR-USB/src/pdi.cpp:107
    pinLogicPull(PIN_PGM_PDAT);
    159c:	88 23       	and	r24, r24
/Users/askn/Develop/UPDI4AVR-USB/src/pdi.cpp:108
    idle_clock(16);
    159e:	21 f3       	breq	.-56     	; 0x1568 <PDI::erase_memory()+0x34>
    15a0:	84 e6       	ldi	r24, 0x64	; 100
    15a2:	62 db       	rcall	.-2364   	; 0xc68 <PDI::send(unsigned char)>
/Users/askn/Develop/UPDI4AVR-USB/src/pdi.cpp:109
    digitalWriteMacro(PIN_PGM_PDAT, HIGH);
    15a4:	88 23       	and	r24, r24
/Users/askn/Develop/UPDI4AVR-USB/src/pdi.cpp:110
    idle_clock(2);
    15a6:	01 f3       	breq	.-64     	; 0x1568 <PDI::erase_memory()+0x34>
    15a8:	8f ef       	ldi	r24, 0xFF	; 255
    15aa:	5e db       	rcall	.-2372   	; 0xc68 <PDI::send(unsigned char)>
    15ac:	e5 cf       	rjmp	.-54     	; 0x1578 <PDI::erase_memory()+0x44>

000015ae <PDI::send_break()>:
send_break():
/Users/askn/Develop/UPDI4AVR-USB/src/pdi.cpp:111
    digitalWriteMacro(PIN_PGM_PDAT, LOW);
    15ae:	1a df       	rcall	.-460    	; 0x13e4 <PDI::stop_txd()>
/Users/askn/Develop/UPDI4AVR-USB/src/pdi.cpp:112
    idle_clock(16);
    15b0:	0c 98       	cbi	0x01, 4	; 1
    15b2:	04 9a       	sbi	0x00, 4	; 0
    15b4:	80 e1       	ldi	r24, 0x10	; 16
/Users/askn/Develop/UPDI4AVR-USB/src/pdi.cpp:113
    return start_txd();
    15b6:	90 e0       	ldi	r25, 0x00	; 0
    15b8:	04 df       	rcall	.-504    	; 0x13c2 <PDI::idle_clock(unsigned int)>
/Users/askn/Develop/UPDI4AVR-USB/src/nvmv6.cpp:60
  constexpr auto NVM_STATUS = 0x1007;
  constexpr auto PROD_SIG   = 0x1080;
  constexpr auto PROG_START = 0x800000;

  uint8_t nvm_wait (void) {
    do { UPDI::recv_byte(NVM_STATUS); } while (RXDATA & 3);
    15ba:	0c 9a       	sbi	0x01, 4	; 1
    15bc:	82 e0       	ldi	r24, 0x02	; 2
    15be:	90 e0       	ldi	r25, 0x00	; 0
    15c0:	00 df       	rcall	.-512    	; 0x13c2 <PDI::idle_clock(unsigned int)>
    15c2:	0c 98       	cbi	0x01, 4	; 1
    15c4:	80 e1       	ldi	r24, 0x10	; 16
    15c6:	90 e0       	ldi	r25, 0x00	; 0
    15c8:	fc de       	rcall	.-520    	; 0x13c2 <PDI::idle_clock(unsigned int)>
/Users/askn/Develop/UPDI4AVR-USB/src/nvmv6.cpp:61
    return RXDATA;
    15ca:	1d cf       	rjmp	.-454    	; 0x1406 <PDI::start_txd()>

000015cc <NVM::V6::nvm_wait()>:
nvm_wait():
/Users/askn/Develop/UPDI4AVR-USB/src/nvmv6.cpp:64
  }

  bool nvm_ctrl_change (uint8_t _nvmcmd) {
    15cc:	67 e0       	ldi	r22, 0x07	; 7
    15ce:	70 e1       	ldi	r23, 0x10	; 16
/Users/askn/Develop/UPDI4AVR-USB/src/nvmv6.cpp:65
    nvm_wait();
    15d0:	80 e0       	ldi	r24, 0x00	; 0
    15d2:	90 e0       	ldi	r25, 0x00	; 0
/Users/askn/Develop/UPDI4AVR-USB/src/nvmv6.cpp:66
    if (UPDI::recv_byte(NVM_CTRL) && RXDATA == _nvmcmd) return true;
    15d4:	86 db       	rcall	.-2292   	; 0xce2 <UPDI::recv_byte(unsigned long)>
    15d6:	8d b3       	in	r24, 0x1d	; 29
    15d8:	83 70       	andi	r24, 0x03	; 3
    15da:	c1 f7       	brne	.-16     	; 0x15cc <NVM::V6::nvm_wait()>
    15dc:	8d b3       	in	r24, 0x1d	; 29
    15de:	08 95       	ret

000015e0 <NVM::V6::nvm_ctrl_change(unsigned char)>:
nvm_ctrl_change():
    15e0:	cf 93       	push	r28
    15e2:	c8 2f       	mov	r28, r24
    15e4:	f3 df       	rcall	.-26     	; 0x15cc <NVM::V6::nvm_wait()>
/Users/askn/Develop/UPDI4AVR-USB/src/nvmv6.cpp:70
    if (!UPDI::nvm_ctrl(0x00)) return false;
    if (0 != _nvmcmd) return UPDI::nvm_ctrl(_nvmcmd);
    return true;
  }
    15e6:	60 e0       	ldi	r22, 0x00	; 0
/Users/askn/Develop/UPDI4AVR-USB/src/nvmv6.cpp:67
  }

  bool nvm_ctrl_change (uint8_t _nvmcmd) {
    nvm_wait();
    if (UPDI::recv_byte(NVM_CTRL) && RXDATA == _nvmcmd) return true;
    if (!UPDI::nvm_ctrl(0x00)) return false;
    15e8:	70 e1       	ldi	r23, 0x10	; 16
    15ea:	80 e0       	ldi	r24, 0x00	; 0
    15ec:	90 e0       	ldi	r25, 0x00	; 0
/Users/askn/Develop/UPDI4AVR-USB/src/nvmv2.cpp:65

  bool nvm_ctrl_change (uint8_t _nvmcmd) {
    nvm_wait();
    if (UPDI::recv_byte(NVM_CTRL) && RXDATA == _nvmcmd) return true;
    if (!UPDI::nvm_ctrl(0x00)) return false;
    if (0 != _nvmcmd) return UPDI::nvm_ctrl(_nvmcmd);
    15ee:	79 db       	rcall	.-2318   	; 0xce2 <UPDI::recv_byte(unsigned long)>
    15f0:	88 23       	and	r24, r24
    15f2:	31 f0       	breq	.+12     	; 0x1600 <NVM::V6::nvm_ctrl_change(unsigned char)+0x20>
/Users/askn/Develop/UPDI4AVR-USB/src/nvmv6.cpp:70
    if (0 != _nvmcmd) return UPDI::nvm_ctrl(_nvmcmd);
    return true;
  }
    15f4:	8d b3       	in	r24, 0x1d	; 29
/Users/askn/Develop/UPDI4AVR-USB/src/nvmv2.cpp:65
    15f6:	8c 13       	cpse	r24, r28
    15f8:	03 c0       	rjmp	.+6      	; 0x1600 <NVM::V6::nvm_ctrl_change(unsigned char)+0x20>
/Users/askn/Develop/UPDI4AVR-USB/src/nvmv6.cpp:116
      && nvm_ctrl_change(0x00)
    );
  }

  size_t prog_init (void) {
    return nvm_ctrl_change(0x00);
    15fa:	81 e0       	ldi	r24, 0x01	; 1
    15fc:	cf 91       	pop	r28
    15fe:	08 95       	ret
/Users/askn/Develop/UPDI4AVR-USB/src/nvmv6.cpp:117
  }
    1600:	80 e0       	ldi	r24, 0x00	; 0
/Users/askn/Develop/UPDI4AVR-USB/src/nvmv6.cpp:78
    D2PRINTF(" NVM_V6_FLPER=%06lX\r\n", _dwAddr);
    return (
      nvm_ctrl_change(0x08)   /* NVM_V6_CMD_FLPER */
      && UPDI::send_byte(_dwAddr, 0xFF)
      && (nvm_wait() & 0x73) == 0
      && nvm_ctrl_change(0x00)
    1602:	e4 db       	rcall	.-2104   	; 0xdcc <UPDI::nvm_ctrl(unsigned char)>
    1604:	88 23       	and	r24, r24
    1606:	d1 f3       	breq	.-12     	; 0x15fc <NVM::V6::nvm_ctrl_change(unsigned char)+0x1c>
/Users/askn/Develop/UPDI4AVR-USB/src/nvmv6.cpp:72
    if (!UPDI::nvm_ctrl(0x00)) return false;
    if (0 != _nvmcmd) return UPDI::nvm_ctrl(_nvmcmd);
    return true;
  }

  bool erase_flash_page (uint32_t _dwAddr) {
    1608:	cc 23       	and	r28, r28
    160a:	b9 f3       	breq	.-18     	; 0x15fa <NVM::V6::nvm_ctrl_change(unsigned char)+0x1a>
    160c:	8c 2f       	mov	r24, r28
    160e:	cf 91       	pop	r28
    1610:	dd cb       	rjmp	.-2118   	; 0xdcc <UPDI::nvm_ctrl(unsigned char)>

00001612 <NVM::V6::prog_init()>:
prog_init():
/Users/askn/Develop/UPDI4AVR-USB/src/nvmv6.cpp:75
    D2PRINTF(" NVM_V6_FLPER=%06lX\r\n", _dwAddr);
    return (
      nvm_ctrl_change(0x08)   /* NVM_V6_CMD_FLPER */
    1612:	80 e0       	ldi	r24, 0x00	; 0
    1614:	e5 df       	rcall	.-54     	; 0x15e0 <NVM::V6::nvm_ctrl_change(unsigned char)>
    1616:	90 e0       	ldi	r25, 0x00	; 0
/Users/askn/Develop/UPDI4AVR-USB/src/nvmv6.cpp:78
      && UPDI::send_byte(_dwAddr, 0xFF)
      && (nvm_wait() & 0x73) == 0
      && nvm_ctrl_change(0x00)
    1618:	08 95       	ret

0000161a <NVM::V6::write_eeprom(unsigned long, unsigned int) [clone .part.5]>:
_ZN3NVM2V616erase_flash_pageEm.part.1():
    161a:	80 e0       	ldi	r24, 0x00	; 0
/Users/askn/Develop/UPDI4AVR-USB/src/nvmv6.cpp:76

  bool erase_flash_page (uint32_t _dwAddr) {
    D2PRINTF(" NVM_V6_FLPER=%06lX\r\n", _dwAddr);
    return (
      nvm_ctrl_change(0x08)   /* NVM_V6_CMD_FLPER */
      && UPDI::send_byte(_dwAddr, 0xFF)
    161c:	e1 cf       	rjmp	.-62     	; 0x15e0 <NVM::V6::nvm_ctrl_change(unsigned char)>

0000161e <NVM::V6::erase_flash_page(unsigned long)>:
erase_flash_page():
    161e:	cf 92       	push	r12
    1620:	df 92       	push	r13
    1622:	ef 92       	push	r14
    1624:	ff 92       	push	r15
    1626:	6b 01       	movw	r12, r22
/Users/askn/Develop/UPDI4AVR-USB/src/nvmv6.cpp:77
      && (nvm_wait() & 0x73) == 0
    1628:	7c 01       	movw	r14, r24
    162a:	88 e0       	ldi	r24, 0x08	; 8
    162c:	d9 df       	rcall	.-78     	; 0x15e0 <NVM::V6::nvm_ctrl_change(unsigned char)>
    162e:	88 23       	and	r24, r24
/Users/askn/Develop/UPDI4AVR-USB/src/nvmv6.cpp:80
      && nvm_ctrl_change(0x00)
    );
  }
    1630:	71 f0       	breq	.+28     	; 0x164e <NVM::V6::erase_flash_page(unsigned long)+0x30>
    1632:	4f ef       	ldi	r20, 0xFF	; 255
    1634:	c7 01       	movw	r24, r14
    1636:	b6 01       	movw	r22, r12
    1638:	ac db       	rcall	.-2216   	; 0xd92 <UPDI::send_byte(unsigned long, unsigned char)>
    163a:	88 23       	and	r24, r24
    163c:	41 f0       	breq	.+16     	; 0x164e <NVM::V6::erase_flash_page(unsigned long)+0x30>
    163e:	c6 df       	rcall	.-116    	; 0x15cc <NVM::V6::nvm_wait()>
    1640:	83 77       	andi	r24, 0x73	; 115
    1642:	29 f4       	brne	.+10     	; 0x164e <NVM::V6::erase_flash_page(unsigned long)+0x30>
    1644:	ff 90       	pop	r15
/Users/askn/Develop/UPDI4AVR-USB/src/nvmv3.cpp:55
  constexpr auto NVM_STATUS = 0x1006;
  constexpr auto PROD_SIG   = 0x1100;
  constexpr auto PROG_START = 0x800000;

  uint8_t nvm_wait (void) {
    do { UPDI::recv_byte(NVM_STATUS); } while (RXDATA & 3);
    1646:	ef 90       	pop	r14
    1648:	df 90       	pop	r13
    164a:	cf 90       	pop	r12
    164c:	e6 cf       	rjmp	.-52     	; 0x161a <NVM::V6::write_eeprom(unsigned long, unsigned int) [clone .part.5]>
    164e:	80 e0       	ldi	r24, 0x00	; 0
    1650:	ff 90       	pop	r15
    1652:	ef 90       	pop	r14
    1654:	df 90       	pop	r13
/Users/askn/Develop/UPDI4AVR-USB/src/nvmv3.cpp:57
    return RXDATA;
  }
    1656:	cf 90       	pop	r12
/Users/askn/Develop/UPDI4AVR-USB/src/nvmv3.cpp:73
    D2PRINTF(" NVM_V3_FLPERW=%06lX\r\n", _dwAddr);
    return (
      nvm_ctrl_change(0x00)
      && UPDI::send_words_block(_dwAddr, _wLength)
      && nvm_ctrl_change(0x05)  /* NVM_V3_CMD_FLPERW */
      && (nvm_wait() & 0x73) == 0
    1658:	08 95       	ret

0000165a <NVM::V3::nvm_wait()>:
nvm_wait():
    165a:	66 e0       	ldi	r22, 0x06	; 6
    165c:	70 e1       	ldi	r23, 0x10	; 16
    165e:	80 e0       	ldi	r24, 0x00	; 0
    1660:	90 e0       	ldi	r25, 0x00	; 0
    1662:	3f db       	rcall	.-2434   	; 0xce2 <UPDI::recv_byte(unsigned long)>
    1664:	8d b3       	in	r24, 0x1d	; 29
/Users/askn/Develop/UPDI4AVR-USB/src/nvmv3.cpp:59
  uint8_t nvm_wait (void) {
    do { UPDI::recv_byte(NVM_STATUS); } while (RXDATA & 3);
    return RXDATA;
  }

  bool nvm_ctrl_change (uint8_t _nvmcmd) {
    1666:	83 70       	andi	r24, 0x03	; 3
    1668:	c1 f7       	brne	.-16     	; 0x165a <NVM::V3::nvm_wait()>
/Users/askn/Develop/UPDI4AVR-USB/src/nvmv3.cpp:60
    nvm_wait();
    166a:	8d b3       	in	r24, 0x1d	; 29
    166c:	08 95       	ret

0000166e <NVM::V3::write_eeprom(unsigned long, unsigned int) [clone .part.3]>:
_ZN3NVM2V317write_words_flashEmj.part.1():
/Users/askn/Develop/UPDI4AVR-USB/src/nvmv3.cpp:61
    if (UPDI::recv_byte(NVM_CTRL) && RXDATA == _nvmcmd) return true;
    166e:	f5 df       	rcall	.-22     	; 0x165a <NVM::V3::nvm_wait()>
    1670:	98 2f       	mov	r25, r24
    1672:	93 77       	andi	r25, 0x73	; 115
    1674:	81 e0       	ldi	r24, 0x01	; 1
    1676:	09 f0       	breq	.+2      	; 0x167a <NVM::V3::write_eeprom(unsigned long, unsigned int) [clone .part.3]+0xc>
    1678:	80 e0       	ldi	r24, 0x00	; 0
    167a:	08 95       	ret

0000167c <NVM::V3::nvm_ctrl_change(unsigned char)>:
nvm_ctrl_change():
    167c:	cf 93       	push	r28
    167e:	c8 2f       	mov	r28, r24
    1680:	ec df       	rcall	.-40     	; 0x165a <NVM::V3::nvm_wait()>
    1682:	60 e0       	ldi	r22, 0x00	; 0
/Users/askn/Develop/UPDI4AVR-USB/src/nvmv3.cpp:65
    if (!UPDI::nvm_ctrl(0x00)) return false;
    if (0 != _nvmcmd) return UPDI::nvm_ctrl(_nvmcmd);
    return true;
  }
    1684:	70 e1       	ldi	r23, 0x10	; 16
    1686:	80 e0       	ldi	r24, 0x00	; 0
/Users/askn/Develop/UPDI4AVR-USB/src/nvmv3.cpp:62
  }

  bool nvm_ctrl_change (uint8_t _nvmcmd) {
    nvm_wait();
    if (UPDI::recv_byte(NVM_CTRL) && RXDATA == _nvmcmd) return true;
    if (!UPDI::nvm_ctrl(0x00)) return false;
    1688:	90 e0       	ldi	r25, 0x00	; 0
    168a:	2b db       	rcall	.-2474   	; 0xce2 <UPDI::recv_byte(unsigned long)>
    168c:	88 23       	and	r24, r24
    168e:	31 f0       	breq	.+12     	; 0x169c <NVM::V3::nvm_ctrl_change(unsigned char)+0x20>
/Users/askn/Develop/UPDI4AVR-USB/src/nvmv2.cpp:65
    1690:	8d b3       	in	r24, 0x1d	; 29
    1692:	8c 13       	cpse	r24, r28
    if (0 != _nvmcmd) return UPDI::nvm_ctrl(_nvmcmd);
    return true;
  }
    1694:	03 c0       	rjmp	.+6      	; 0x169c <NVM::V3::nvm_ctrl_change(unsigned char)+0x20>
    1696:	81 e0       	ldi	r24, 0x01	; 1
    1698:	cf 91       	pop	r28
/Users/askn/Develop/UPDI4AVR-USB/src/nvmv4.cpp:116
      && nvm_ctrl_change(0x00)
    );
  }

  size_t prog_init (void) {
    return nvm_ctrl_change(0x00);
    169a:	08 95       	ret
    169c:	80 e0       	ldi	r24, 0x00	; 0
/Users/askn/Develop/UPDI4AVR-USB/src/nvmv4.cpp:117
  }
    169e:	96 db       	rcall	.-2260   	; 0xdcc <UPDI::nvm_ctrl(unsigned char)>
    16a0:	88 23       	and	r24, r24
/Users/askn/Develop/UPDI4AVR-USB/src/nvmv4.cpp:78
    D2PRINTF(" NVM_V4_FLPER=%06lX\r\n", _dwAddr);
    return (
      nvm_ctrl_change(0x08)   /* NVM_V4_CMD_FLPER */
      && UPDI::send_byte(_dwAddr, 0xFF)
      && (nvm_wait() & 0x73) == 0
      && nvm_ctrl_change(0x00)
    16a2:	d1 f3       	breq	.-12     	; 0x1698 <NVM::V3::nvm_ctrl_change(unsigned char)+0x1c>
    16a4:	cc 23       	and	r28, r28
    16a6:	b9 f3       	breq	.-18     	; 0x1696 <NVM::V3::nvm_ctrl_change(unsigned char)+0x1a>
/Users/askn/Develop/UPDI4AVR-USB/src/nvmv3.cpp:98
      && (nvm_wait() & 0x73) == 0
    );
  }

  size_t prog_init (void) {
    nvm_ctrl_change(0x0F);      /* NVM_V3_CMD_FLPBCLR */
    16a8:	8c 2f       	mov	r24, r28
    16aa:	cf 91       	pop	r28
    16ac:	8f cb       	rjmp	.-2274   	; 0xdcc <UPDI::nvm_ctrl(unsigned char)>

000016ae <NVM::V4::prog_init()>:
prog_init():
/Users/askn/Develop/UPDI4AVR-USB/src/nvmv3.cpp:99
    nvm_ctrl_change(0x1F);      /* NVM_V3_CMD_EEPBCLR */
    16ae:	80 e0       	ldi	r24, 0x00	; 0
    16b0:	e5 df       	rcall	.-54     	; 0x167c <NVM::V3::nvm_ctrl_change(unsigned char)>
/Users/askn/Develop/UPDI4AVR-USB/src/nvmv3.cpp:100
    return nvm_ctrl_change(0x00);
    16b2:	90 e0       	ldi	r25, 0x00	; 0
    16b4:	08 95       	ret

000016b6 <NVM::V4::write_eeprom(unsigned long, unsigned int) [clone .part.5]>:
_ZN3NVM2V416erase_flash_pageEm.part.1():
    16b6:	80 e0       	ldi	r24, 0x00	; 0
/Users/askn/Develop/UPDI4AVR-USB/src/nvmv3.cpp:101
  }
    16b8:	e1 cf       	rjmp	.-62     	; 0x167c <NVM::V3::nvm_ctrl_change(unsigned char)>

000016ba <NVM::V3::prog_init()>:
prog_init():
    16ba:	8f e0       	ldi	r24, 0x0F	; 15
    16bc:	df df       	rcall	.-66     	; 0x167c <NVM::V3::nvm_ctrl_change(unsigned char)>
/Users/askn/Develop/UPDI4AVR-USB/src/nvmv3.cpp:77
      && nvm_ctrl_change(0x05)  /* NVM_V3_CMD_FLPERW */
      && (nvm_wait() & 0x73) == 0
    );
  }

  bool write_bytes_flash (uint32_t _dwAddr, size_t _wLength) {
    16be:	8f e1       	ldi	r24, 0x1F	; 31
    16c0:	dd df       	rcall	.-70     	; 0x167c <NVM::V3::nvm_ctrl_change(unsigned char)>
    16c2:	80 e0       	ldi	r24, 0x00	; 0
    16c4:	db df       	rcall	.-74     	; 0x167c <NVM::V3::nvm_ctrl_change(unsigned char)>
    16c6:	90 e0       	ldi	r25, 0x00	; 0
    16c8:	08 95       	ret

000016ca <NVM::V5::prog_init()>:
_ZN3NVM2V59prog_initEv():
/Users/askn/Develop/UPDI4AVR-USB/src/nvmv3.cpp:80
    D2PRINTF(" NVM_V3_FLPERW=%06lX\r\n", _dwAddr);
    return (
      nvm_ctrl_change(0x00)
    16ca:	f7 cf       	rjmp	.-18     	; 0x16ba <NVM::V3::prog_init()>

000016cc <NVM::V3::write_bytes_flash(unsigned long, unsigned int)>:
write_bytes_flash():
    16cc:	cf 92       	push	r12
    16ce:	df 92       	push	r13
/Users/askn/Develop/UPDI4AVR-USB/src/nvmv3.cpp:83
      && UPDI::send_bytes_block(_dwAddr, _wLength)
      && nvm_ctrl_change(0x05)  /* NVM_V3_CMD_FLPERW */
      && (nvm_wait() & 0x73) == 0
    16d0:	ef 92       	push	r14
/Users/askn/Develop/UPDI4AVR-USB/src/nvmv3.cpp:81

  bool write_bytes_flash (uint32_t _dwAddr, size_t _wLength) {
    D2PRINTF(" NVM_V3_FLPERW=%06lX\r\n", _dwAddr);
    return (
      nvm_ctrl_change(0x00)
      && UPDI::send_bytes_block(_dwAddr, _wLength)
    16d2:	ff 92       	push	r15
    16d4:	cf 93       	push	r28
    16d6:	df 93       	push	r29
    16d8:	6b 01       	movw	r12, r22
    16da:	7c 01       	movw	r14, r24
    16dc:	ea 01       	movw	r28, r20
    16de:	80 e0       	ldi	r24, 0x00	; 0
/Users/askn/Develop/UPDI4AVR-USB/src/nvmv3.cpp:82
      && nvm_ctrl_change(0x05)  /* NVM_V3_CMD_FLPERW */
    16e0:	cd df       	rcall	.-102    	; 0x167c <NVM::V3::nvm_ctrl_change(unsigned char)>
    16e2:	88 23       	and	r24, r24
    16e4:	89 f0       	breq	.+34     	; 0x1708 <NVM::V3::write_bytes_flash(unsigned long, unsigned int)+0x3c>
    16e6:	ae 01       	movw	r20, r28
/Users/askn/Develop/UPDI4AVR-USB/src/nvmv3.cpp:85
      && (nvm_wait() & 0x73) == 0
    );
  }
    16e8:	c7 01       	movw	r24, r14
    16ea:	b6 01       	movw	r22, r12
    16ec:	9f db       	rcall	.-2242   	; 0xe2c <UPDI::send_bytes_block(unsigned long, unsigned int)>
    16ee:	88 23       	and	r24, r24
    16f0:	59 f0       	breq	.+22     	; 0x1708 <NVM::V3::write_bytes_flash(unsigned long, unsigned int)+0x3c>
    16f2:	85 e0       	ldi	r24, 0x05	; 5
    16f4:	c3 df       	rcall	.-122    	; 0x167c <NVM::V3::nvm_ctrl_change(unsigned char)>
    16f6:	88 23       	and	r24, r24
    16f8:	39 f0       	breq	.+14     	; 0x1708 <NVM::V3::write_bytes_flash(unsigned long, unsigned int)+0x3c>
    16fa:	df 91       	pop	r29
    16fc:	cf 91       	pop	r28
    16fe:	ff 90       	pop	r15
    1700:	ef 90       	pop	r14
/Users/askn/Develop/UPDI4AVR-USB/src/nvmv3.cpp:67
    if (!UPDI::nvm_ctrl(0x00)) return false;
    if (0 != _nvmcmd) return UPDI::nvm_ctrl(_nvmcmd);
    return true;
  }

  bool write_words_flash (uint32_t _dwAddr, size_t _wLength) {
    1702:	df 90       	pop	r13
    1704:	cf 90       	pop	r12
    1706:	b3 cf       	rjmp	.-154    	; 0x166e <NVM::V3::write_eeprom(unsigned long, unsigned int) [clone .part.3]>
    1708:	80 e0       	ldi	r24, 0x00	; 0
    170a:	df 91       	pop	r29
    170c:	cf 91       	pop	r28
    170e:	ff 90       	pop	r15
    1710:	ef 90       	pop	r14
/Users/askn/Develop/UPDI4AVR-USB/src/nvmv3.cpp:70
    D2PRINTF(" NVM_V3_FLPERW=%06lX\r\n", _dwAddr);
    return (
      nvm_ctrl_change(0x00)
    1712:	df 90       	pop	r13
    1714:	cf 90       	pop	r12
/Users/askn/Develop/UPDI4AVR-USB/src/nvmv3.cpp:73
      && UPDI::send_words_block(_dwAddr, _wLength)
      && nvm_ctrl_change(0x05)  /* NVM_V3_CMD_FLPERW */
      && (nvm_wait() & 0x73) == 0
    1716:	08 95       	ret

00001718 <NVM::V3::write_words_flash(unsigned long, unsigned int)>:
write_words_flash():
    1718:	cf 92       	push	r12
/Users/askn/Develop/UPDI4AVR-USB/src/nvmv3.cpp:71

  bool write_words_flash (uint32_t _dwAddr, size_t _wLength) {
    D2PRINTF(" NVM_V3_FLPERW=%06lX\r\n", _dwAddr);
    return (
      nvm_ctrl_change(0x00)
      && UPDI::send_words_block(_dwAddr, _wLength)
    171a:	df 92       	push	r13
    171c:	ef 92       	push	r14
    171e:	ff 92       	push	r15
    1720:	cf 93       	push	r28
    1722:	df 93       	push	r29
    1724:	6b 01       	movw	r12, r22
/Users/askn/Develop/UPDI4AVR-USB/src/nvmv3.cpp:72
      && nvm_ctrl_change(0x05)  /* NVM_V3_CMD_FLPERW */
    1726:	7c 01       	movw	r14, r24
    1728:	ea 01       	movw	r28, r20
    172a:	80 e0       	ldi	r24, 0x00	; 0
    172c:	a7 df       	rcall	.-178    	; 0x167c <NVM::V3::nvm_ctrl_change(unsigned char)>
    172e:	88 23       	and	r24, r24
/Users/askn/Develop/UPDI4AVR-USB/src/nvmv3.cpp:75
      && (nvm_wait() & 0x73) == 0
    );
  }
    1730:	89 f0       	breq	.+34     	; 0x1754 <NVM::V3::write_words_flash(unsigned long, unsigned int)+0x3c>
    1732:	ae 01       	movw	r20, r28
    1734:	c7 01       	movw	r24, r14
    1736:	b6 01       	movw	r22, r12
    1738:	ee da       	rcall	.-2596   	; 0xd16 <UPDI::send_words_block(unsigned long, unsigned int)>
    173a:	88 23       	and	r24, r24
    173c:	59 f0       	breq	.+22     	; 0x1754 <NVM::V3::write_words_flash(unsigned long, unsigned int)+0x3c>
    173e:	85 e0       	ldi	r24, 0x05	; 5
    1740:	9d df       	rcall	.-198    	; 0x167c <NVM::V3::nvm_ctrl_change(unsigned char)>
    1742:	88 23       	and	r24, r24
    1744:	39 f0       	breq	.+14     	; 0x1754 <NVM::V3::write_words_flash(unsigned long, unsigned int)+0x3c>
    1746:	df 91       	pop	r29
    1748:	cf 91       	pop	r28
    174a:	ff 90       	pop	r15
    174c:	ef 90       	pop	r14
    174e:	df 90       	pop	r13
/Users/askn/Develop/UPDI4AVR-USB/src/nvmv4.cpp:72
    if (!UPDI::nvm_ctrl(0x00)) return false;
    if (0 != _nvmcmd) return UPDI::nvm_ctrl(_nvmcmd);
    return true;
  }

  bool erase_flash_page (uint32_t _dwAddr) {
    1750:	cf 90       	pop	r12
    1752:	8d cf       	rjmp	.-230    	; 0x166e <NVM::V3::write_eeprom(unsigned long, unsigned int) [clone .part.3]>
    1754:	80 e0       	ldi	r24, 0x00	; 0
    1756:	df 91       	pop	r29
    1758:	cf 91       	pop	r28
    175a:	ff 90       	pop	r15
/Users/askn/Develop/UPDI4AVR-USB/src/nvmv4.cpp:75
    D2PRINTF(" NVM_V4_FLPER=%06lX\r\n", _dwAddr);
    return (
      nvm_ctrl_change(0x08)   /* NVM_V4_CMD_FLPER */
    175c:	ef 90       	pop	r14
    175e:	df 90       	pop	r13
    1760:	cf 90       	pop	r12
/Users/askn/Develop/UPDI4AVR-USB/src/nvmv4.cpp:78
      && UPDI::send_byte(_dwAddr, 0xFF)
      && (nvm_wait() & 0x73) == 0
      && nvm_ctrl_change(0x00)
    1762:	08 95       	ret

00001764 <NVM::V4::erase_flash_page(unsigned long)>:
erase_flash_page():
    1764:	cf 92       	push	r12
/Users/askn/Develop/UPDI4AVR-USB/src/nvmv4.cpp:76

  bool erase_flash_page (uint32_t _dwAddr) {
    D2PRINTF(" NVM_V4_FLPER=%06lX\r\n", _dwAddr);
    return (
      nvm_ctrl_change(0x08)   /* NVM_V4_CMD_FLPER */
      && UPDI::send_byte(_dwAddr, 0xFF)
    1766:	df 92       	push	r13
    1768:	ef 92       	push	r14
    176a:	ff 92       	push	r15
    176c:	6b 01       	movw	r12, r22
    176e:	7c 01       	movw	r14, r24
    1770:	88 e0       	ldi	r24, 0x08	; 8
    1772:	84 df       	rcall	.-248    	; 0x167c <NVM::V3::nvm_ctrl_change(unsigned char)>
/Users/askn/Develop/UPDI4AVR-USB/src/nvmv4.cpp:77
      && (nvm_wait() & 0x73) == 0
    1774:	88 23       	and	r24, r24
    1776:	71 f0       	breq	.+28     	; 0x1794 <NVM::V4::erase_flash_page(unsigned long)+0x30>
    1778:	4f ef       	ldi	r20, 0xFF	; 255
    177a:	c7 01       	movw	r24, r14
/Users/askn/Develop/UPDI4AVR-USB/src/nvmv4.cpp:80
      && nvm_ctrl_change(0x00)
    );
  }
    177c:	b6 01       	movw	r22, r12
    177e:	09 db       	rcall	.-2542   	; 0xd92 <UPDI::send_byte(unsigned long, unsigned char)>
    1780:	88 23       	and	r24, r24
    1782:	41 f0       	breq	.+16     	; 0x1794 <NVM::V4::erase_flash_page(unsigned long)+0x30>
    1784:	6a df       	rcall	.-300    	; 0x165a <NVM::V3::nvm_wait()>
    1786:	83 77       	andi	r24, 0x73	; 115
    1788:	29 f4       	brne	.+10     	; 0x1794 <NVM::V4::erase_flash_page(unsigned long)+0x30>
    178a:	ff 90       	pop	r15
    178c:	ef 90       	pop	r14
    178e:	df 90       	pop	r13
    1790:	cf 90       	pop	r12
/Users/askn/Develop/UPDI4AVR-USB/src/nvmv0.cpp:62
  constexpr auto NVM_STATUS = 0x1002;
  constexpr auto NVM_DATA   = 0x1006;
  constexpr auto PROD_SIG   = 0x1100;

  uint8_t nvm_wait (void) {
    do { UPDI::recv_byte(NVM_STATUS); } while (RXDATA & 3);
    1792:	91 cf       	rjmp	.-222    	; 0x16b6 <NVM::V4::write_eeprom(unsigned long, unsigned int) [clone .part.5]>
    1794:	80 e0       	ldi	r24, 0x00	; 0
    1796:	ff 90       	pop	r15
    1798:	ef 90       	pop	r14
    179a:	df 90       	pop	r13
    179c:	cf 90       	pop	r12
    179e:	08 95       	ret

000017a0 <NVM::V0::nvm_wait()>:
nvm_wait():
    17a0:	62 e0       	ldi	r22, 0x02	; 2
/Users/askn/Develop/UPDI4AVR-USB/src/nvmv0.cpp:63
    return RXDATA;
    17a2:	70 e1       	ldi	r23, 0x10	; 16
/Users/askn/Develop/UPDI4AVR-USB/src/nvmv0.cpp:64
  }
    17a4:	80 e0       	ldi	r24, 0x00	; 0
/Users/askn/Develop/UPDI4AVR-USB/src/nvmv0.cpp:108
      && (nvm_wait() & 7) == 0
    );
  }

  size_t prog_init (void) {
    nvm_wait();
    17a6:	90 e0       	ldi	r25, 0x00	; 0
    17a8:	9c da       	rcall	.-2760   	; 0xce2 <UPDI::recv_byte(unsigned long)>
/Users/askn/Develop/UPDI4AVR-USB/src/nvmv0.cpp:109
    UPDI::nvm_ctrl(0x04);         /* NVM_CMD_PBC */
    17aa:	8d b3       	in	r24, 0x1d	; 29
    17ac:	83 70       	andi	r24, 0x03	; 3
    17ae:	c1 f7       	brne	.-16     	; 0x17a0 <NVM::V0::nvm_wait()>
/Users/askn/Develop/UPDI4AVR-USB/src/nvmv0.cpp:110
    nvm_wait();
    17b0:	8d b3       	in	r24, 0x1d	; 29
    17b2:	08 95       	ret

000017b4 <NVM::V0::prog_init()>:
prog_init():
/Users/askn/Develop/UPDI4AVR-USB/src/nvmv0.cpp:111
    return UPDI::nvm_ctrl(0x00);
    17b4:	f5 df       	rcall	.-22     	; 0x17a0 <NVM::V0::nvm_wait()>
    17b6:	84 e0       	ldi	r24, 0x04	; 4
/Users/askn/Develop/UPDI4AVR-USB/src/nvmv0.cpp:112
  }
    17b8:	09 db       	rcall	.-2542   	; 0xdcc <UPDI::nvm_ctrl(unsigned char)>
    17ba:	f2 df       	rcall	.-28     	; 0x17a0 <NVM::V0::nvm_wait()>
/Users/askn/Develop/UPDI4AVR-USB/src/nvmv2.cpp:61
  uint8_t nvm_wait (void) {
    do { UPDI::recv_byte(NVM_STATUS); } while (RXDATA & 3);
    return RXDATA;
  }

  bool nvm_ctrl_change (uint8_t _nvmcmd) {
    17bc:	80 e0       	ldi	r24, 0x00	; 0
    17be:	06 db       	rcall	.-2548   	; 0xdcc <UPDI::nvm_ctrl(unsigned char)>
/Users/askn/Develop/UPDI4AVR-USB/src/nvmv2.cpp:62
    nvm_wait();
    17c0:	90 e0       	ldi	r25, 0x00	; 0
    17c2:	08 95       	ret

000017c4 <NVM::V2::nvm_ctrl_change(unsigned char)>:
nvm_ctrl_change():
/Users/askn/Develop/UPDI4AVR-USB/src/nvmv2.cpp:63
    if (UPDI::recv_byte(NVM_CTRL) && RXDATA == _nvmcmd) return true;
    17c4:	cf 93       	push	r28
    17c6:	c8 2f       	mov	r28, r24
    17c8:	eb df       	rcall	.-42     	; 0x17a0 <NVM::V0::nvm_wait()>
    17ca:	60 e0       	ldi	r22, 0x00	; 0
    17cc:	70 e1       	ldi	r23, 0x10	; 16
    17ce:	80 e0       	ldi	r24, 0x00	; 0
    17d0:	90 e0       	ldi	r25, 0x00	; 0
    17d2:	87 da       	rcall	.-2802   	; 0xce2 <UPDI::recv_byte(unsigned long)>
    17d4:	88 23       	and	r24, r24
    17d6:	31 f0       	breq	.+12     	; 0x17e4 <NVM::V2::nvm_ctrl_change(unsigned char)+0x20>
    17d8:	8d b3       	in	r24, 0x1d	; 29
/Users/askn/Develop/UPDI4AVR-USB/src/nvmv2.cpp:67
    if (!UPDI::nvm_ctrl(0x00)) return false;
    if (0 != _nvmcmd) return UPDI::nvm_ctrl(_nvmcmd);
    return true;
  }
    17da:	8c 13       	cpse	r24, r28
    17dc:	03 c0       	rjmp	.+6      	; 0x17e4 <NVM::V2::nvm_ctrl_change(unsigned char)+0x20>
/Users/askn/Develop/UPDI4AVR-USB/src/nvmv2.cpp:64
  }

  bool nvm_ctrl_change (uint8_t _nvmcmd) {
    nvm_wait();
    if (UPDI::recv_byte(NVM_CTRL) && RXDATA == _nvmcmd) return true;
    if (!UPDI::nvm_ctrl(0x00)) return false;
    17de:	81 e0       	ldi	r24, 0x01	; 1
    17e0:	cf 91       	pop	r28
    17e2:	08 95       	ret
    17e4:	80 e0       	ldi	r24, 0x00	; 0
    17e6:	f2 da       	rcall	.-2588   	; 0xdcc <UPDI::nvm_ctrl(unsigned char)>
/Users/askn/Develop/UPDI4AVR-USB/src/nvmv2.cpp:65
    if (0 != _nvmcmd) return UPDI::nvm_ctrl(_nvmcmd);
    17e8:	88 23       	and	r24, r24
    17ea:	d1 f3       	breq	.-12     	; 0x17e0 <NVM::V2::nvm_ctrl_change(unsigned char)+0x1c>
/Users/askn/Develop/UPDI4AVR-USB/src/nvmv2.cpp:67
    return true;
  }
    17ec:	cc 23       	and	r28, r28
/Users/askn/Develop/UPDI4AVR-USB/src/nvmv2.cpp:65

  bool nvm_ctrl_change (uint8_t _nvmcmd) {
    nvm_wait();
    if (UPDI::recv_byte(NVM_CTRL) && RXDATA == _nvmcmd) return true;
    if (!UPDI::nvm_ctrl(0x00)) return false;
    if (0 != _nvmcmd) return UPDI::nvm_ctrl(_nvmcmd);
    17ee:	b9 f3       	breq	.-18     	; 0x17de <NVM::V2::nvm_ctrl_change(unsigned char)+0x1a>
/Users/askn/Develop/UPDI4AVR-USB/src/nvmv2.cpp:113
      && nvm_ctrl_change(0x00)
    );
  }

  size_t prog_init (void) {
    return nvm_ctrl_change(0x00);
    17f0:	8c 2f       	mov	r24, r28
    17f2:	cf 91       	pop	r28
    17f4:	eb ca       	rjmp	.-2602   	; 0xdcc <UPDI::nvm_ctrl(unsigned char)>

000017f6 <NVM::V2::prog_init()>:
prog_init():
/Users/askn/Develop/UPDI4AVR-USB/src/nvmv2.cpp:114
  }
    17f6:	80 e0       	ldi	r24, 0x00	; 0
    17f8:	e5 df       	rcall	.-54     	; 0x17c4 <NVM::V2::nvm_ctrl_change(unsigned char)>
/Users/askn/Develop/UPDI4AVR-USB/src/nvmv2.cpp:75
    D2PRINTF(" NVM_V2_FLPER=%06lX\r\n", _dwAddr);
    return (
      nvm_ctrl_change(0x08)   /* NVM_V2_CMD_FLPER */
      && UPDI::send_byte(_dwAddr, 0xFF)
      && (nvm_wait() & 0x73) == 0
      && nvm_ctrl_change(0x00)
    17fa:	90 e0       	ldi	r25, 0x00	; 0
    17fc:	08 95       	ret

000017fe <NVM::V2::write_eeprom(unsigned long, unsigned int) [clone .part.5]>:
_ZN3NVM2V216erase_flash_pageEm.part.1():
    17fe:	80 e0       	ldi	r24, 0x00	; 0
/Users/askn/Develop/UPDI4AVR-USB/src/nvmv2.cpp:69
    if (!UPDI::nvm_ctrl(0x00)) return false;
    if (0 != _nvmcmd) return UPDI::nvm_ctrl(_nvmcmd);
    return true;
  }

  bool erase_flash_page (uint32_t _dwAddr) {
    1800:	e1 cf       	rjmp	.-62     	; 0x17c4 <NVM::V2::nvm_ctrl_change(unsigned char)>

00001802 <NVM::V2::erase_flash_page(unsigned long)>:
erase_flash_page():
    1802:	cf 92       	push	r12
    1804:	df 92       	push	r13
    1806:	ef 92       	push	r14
    1808:	ff 92       	push	r15
    180a:	6b 01       	movw	r12, r22
/Users/askn/Develop/UPDI4AVR-USB/src/nvmv2.cpp:72
    D2PRINTF(" NVM_V2_FLPER=%06lX\r\n", _dwAddr);
    return (
      nvm_ctrl_change(0x08)   /* NVM_V2_CMD_FLPER */
    180c:	7c 01       	movw	r14, r24
    180e:	88 e0       	ldi	r24, 0x08	; 8
    1810:	d9 df       	rcall	.-78     	; 0x17c4 <NVM::V2::nvm_ctrl_change(unsigned char)>
/Users/askn/Develop/UPDI4AVR-USB/src/nvmv2.cpp:75
      && UPDI::send_byte(_dwAddr, 0xFF)
      && (nvm_wait() & 0x73) == 0
      && nvm_ctrl_change(0x00)
    1812:	88 23       	and	r24, r24
    1814:	71 f0       	breq	.+28     	; 0x1832 <NVM::V2::erase_flash_page(unsigned long)+0x30>
/Users/askn/Develop/UPDI4AVR-USB/src/nvmv2.cpp:73

  bool erase_flash_page (uint32_t _dwAddr) {
    D2PRINTF(" NVM_V2_FLPER=%06lX\r\n", _dwAddr);
    return (
      nvm_ctrl_change(0x08)   /* NVM_V2_CMD_FLPER */
      && UPDI::send_byte(_dwAddr, 0xFF)
    1816:	4f ef       	ldi	r20, 0xFF	; 255
    1818:	c7 01       	movw	r24, r14
    181a:	b6 01       	movw	r22, r12
    181c:	ba da       	rcall	.-2700   	; 0xd92 <UPDI::send_byte(unsigned long, unsigned char)>
    181e:	88 23       	and	r24, r24
    1820:	41 f0       	breq	.+16     	; 0x1832 <NVM::V2::erase_flash_page(unsigned long)+0x30>
    1822:	be df       	rcall	.-132    	; 0x17a0 <NVM::V0::nvm_wait()>
/Users/askn/Develop/UPDI4AVR-USB/src/nvmv2.cpp:74
      && (nvm_wait() & 0x73) == 0
    1824:	83 77       	andi	r24, 0x73	; 115
    1826:	29 f4       	brne	.+10     	; 0x1832 <NVM::V2::erase_flash_page(unsigned long)+0x30>
    1828:	ff 90       	pop	r15
    182a:	ef 90       	pop	r14
/Users/askn/Develop/UPDI4AVR-USB/src/nvmv2.cpp:77
      && nvm_ctrl_change(0x00)
    );
  }
    182c:	df 90       	pop	r13
    182e:	cf 90       	pop	r12
    1830:	e6 cf       	rjmp	.-52     	; 0x17fe <NVM::V2::write_eeprom(unsigned long, unsigned int) [clone .part.5]>
    1832:	80 e0       	ldi	r24, 0x00	; 0
    1834:	ff 90       	pop	r15
    1836:	ef 90       	pop	r14
    1838:	df 90       	pop	r13
    183a:	cf 90       	pop	r12
    183c:	08 95       	ret

0000183e <NVM::V1::write_memory()>:
_ZN3NVM2V112write_memoryEv():
    183e:	90 e0       	ldi	r25, 0x00	; 0
    1840:	80 e0       	ldi	r24, 0x00	; 0
    1842:	08 95       	ret

00001844 <NVM::V1::read_memory()>:
_ZN3NVM2V111read_memoryEv():
    1844:	90 e0       	ldi	r25, 0x00	; 0
    1846:	80 e0       	ldi	r24, 0x00	; 0
    1848:	08 95       	ret

0000184a <NVM::V1::erase_memory()>:
_ZN3NVM2V112erase_memoryEv():
    184a:	90 e0       	ldi	r25, 0x00	; 0
    184c:	80 e0       	ldi	r24, 0x00	; 0
    184e:	08 95       	ret

00001850 <Print::write(char)>:
write():
    1850:	dc 01       	movw	r26, r24
    1852:	ed 91       	ld	r30, X+
    1854:	fc 91       	ld	r31, X
/Users/askn/Library/Arduino15/packages/MultiX-Zinnia/hardware/modernAVR/0.4.5/cores/modernAVR/api/Print.h:58

  virtual size_t write (uint8_t) = 0;

  /* Value and Strings */

  inline size_t write (const char _c) { return write((uint8_t) _c); }
    1856:	01 90       	ld	r0, Z+
    1858:	f0 81       	ld	r31, Z
    185a:	e0 2d       	mov	r30, r0
    185c:	09 94       	ijmp

0000185e <Print::printHex(void const*, unsigned int, char, unsigned int, char const*) [clone .constprop.14]>:
printHex():
    185e:	cf 92       	push	r12
    1860:	df 92       	push	r13
    1862:	ef 92       	push	r14
/Users/askn/Library/Arduino15/packages/MultiX-Zinnia/hardware/modernAVR/0.4.5/cores/modernAVR/api/cpp/Print_puts.cpp:85
    }
  }
  return *this;
}

Print& Print::printHex (const void* _source, size_t _length, char _separator, size_t _wrap, const char* _split) {
    1864:	ff 92       	push	r15
    1866:	0f 93       	push	r16
    1868:	1f 93       	push	r17
    186a:	cf 93       	push	r28
    186c:	df 93       	push	r29
    186e:	7c 01       	movw	r14, r24
    1870:	10 e0       	ldi	r17, 0x00	; 0
    1872:	00 e0       	ldi	r16, 0x00	; 0
_print_hex():
    1874:	6b 01       	movw	r12, r22
/Users/askn/Library/Arduino15/packages/MultiX-Zinnia/hardware/modernAVR/0.4.5/cores/modernAVR/api/cpp/Print_puts.cpp:72
uint8_t _read (uint32_t _addr, bool _prog) {
  return _prog ? pgm_read_byte(_addr) : *((uint8_t*)_addr);
}

Print& Print::_print_hex (Print_OPT_HEX_t p) {
  size_t _count = 0;
    1876:	81 e0       	ldi	r24, 0x01	; 1
    1878:	c8 1a       	sub	r12, r24
/Users/askn/Library/Arduino15/packages/MultiX-Zinnia/hardware/modernAVR/0.4.5/cores/modernAVR/api/cpp/Print_puts.cpp:73
  while (p.length--) {
    187a:	d1 08       	sbc	r13, r1
    187c:	67 2b       	or	r22, r23
    187e:	91 f1       	breq	.+100    	; 0x18e4 <Print::printHex(void const*, unsigned int, char, unsigned int, char const*) [clone .constprop.14]+0x86>
_read():
    1880:	f7 01       	movw	r30, r14
    1882:	c1 91       	ld	r28, Z+
    1884:	7f 01       	movw	r14, r30
_print_hex():
/Users/askn/Library/Arduino15/packages/MultiX-Zinnia/hardware/modernAVR/0.4.5/cores/modernAVR/api/cpp/Print_puts.cpp:68
/*
 * Hex Dump
 */

uint8_t _read (uint32_t _addr, bool _prog) {
  return _prog ? pgm_read_byte(_addr) : *((uint8_t*)_addr);
    1886:	8c 2f       	mov	r24, r28
    1888:	82 95       	swap	r24
btoh():
    188a:	8f 70       	andi	r24, 0x0F	; 15
/Users/askn/Library/Arduino15/packages/MultiX-Zinnia/hardware/modernAVR/0.4.5/cores/modernAVR/api/cpp/Print_puts.cpp:75

Print& Print::_print_hex (Print_OPT_HEX_t p) {
  size_t _count = 0;
  while (p.length--) {
    uint8_t _c = _read(p.addr++, p.prog);
    write(btoh(__builtin_avr_swap(_c)));
    188c:	60 e3       	ldi	r22, 0x30	; 48
    188e:	68 0f       	add	r22, r24
/Users/askn/Library/Arduino15/packages/MultiX-Zinnia/hardware/modernAVR/0.4.5/cores/modernAVR/api/cpp/btools.cpp:69
    _p++; _r--;
  }
}

char btoh (uint8_t _x) {
  _x = (_x & 15) + '0';
    1890:	6a 33       	cpi	r22, 0x3A	; 58
    1892:	10 f0       	brcs	.+4      	; 0x1898 <Print::printHex(void const*, unsigned int, char, unsigned int, char const*) [clone .constprop.14]+0x3a>
    1894:	67 e3       	ldi	r22, 0x37	; 55
/Users/askn/Library/Arduino15/packages/MultiX-Zinnia/hardware/modernAVR/0.4.5/cores/modernAVR/api/cpp/btools.cpp:70
  if (_x > '9') _x += 7;
    1896:	68 0f       	add	r22, r24
_print_hex():
    1898:	82 eb       	ldi	r24, 0xB2	; 178
    189a:	90 e6       	ldi	r25, 0x60	; 96
    189c:	d9 df       	rcall	.-78     	; 0x1850 <Print::write(char)>
btoh():
/Users/askn/Library/Arduino15/packages/MultiX-Zinnia/hardware/modernAVR/0.4.5/cores/modernAVR/api/cpp/Print_puts.cpp:75
    189e:	cf 70       	andi	r28, 0x0F	; 15
    18a0:	60 e3       	ldi	r22, 0x30	; 48
    18a2:	6c 0f       	add	r22, r28
    18a4:	6a 33       	cpi	r22, 0x3A	; 58
/Users/askn/Library/Arduino15/packages/MultiX-Zinnia/hardware/modernAVR/0.4.5/cores/modernAVR/api/cpp/btools.cpp:69
    _p++; _r--;
  }
}

char btoh (uint8_t _x) {
  _x = (_x & 15) + '0';
    18a6:	10 f0       	brcs	.+4      	; 0x18ac <Print::printHex(void const*, unsigned int, char, unsigned int, char const*) [clone .constprop.14]+0x4e>
    18a8:	67 e3       	ldi	r22, 0x37	; 55
    18aa:	6c 0f       	add	r22, r28
_print_hex():
/Users/askn/Library/Arduino15/packages/MultiX-Zinnia/hardware/modernAVR/0.4.5/cores/modernAVR/api/cpp/btools.cpp:70
  if (_x > '9') _x += 7;
    18ac:	82 eb       	ldi	r24, 0xB2	; 178
    18ae:	90 e6       	ldi	r25, 0x60	; 96
    18b0:	cf df       	rcall	.-98     	; 0x1850 <Print::write(char)>
    18b2:	c1 14       	cp	r12, r1
/Users/askn/Library/Arduino15/packages/MultiX-Zinnia/hardware/modernAVR/0.4.5/cores/modernAVR/api/cpp/Print_puts.cpp:76
    write(btoh(_c));
    18b4:	d1 04       	cpc	r13, r1
    18b6:	79 f0       	breq	.+30     	; 0x18d6 <Print::printHex(void const*, unsigned int, char, unsigned int, char const*) [clone .constprop.14]+0x78>
    18b8:	0f 5f       	subi	r16, 0xFF	; 255
    18ba:	1f 4f       	sbci	r17, 0xFF	; 255
/Users/askn/Library/Arduino15/packages/MultiX-Zinnia/hardware/modernAVR/0.4.5/cores/modernAVR/api/cpp/Print_puts.cpp:77
    if (p.length) {
    18bc:	71 f4       	brne	.+28     	; 0x18da <Print::printHex(void const*, unsigned int, char, unsigned int, char const*) [clone .constprop.14]+0x7c>
    18be:	c6 ea       	ldi	r28, 0xA6	; 166
    18c0:	d0 e6       	ldi	r29, 0x60	; 96
puts():
/Users/askn/Library/Arduino15/packages/MultiX-Zinnia/hardware/modernAVR/0.4.5/cores/modernAVR/api/cpp/Print_puts.cpp:78
      if (++_count == p.wrap) { puts(p.split); _count -= p.wrap; }
    18c2:	69 91       	ld	r22, Y+
    18c4:	66 23       	and	r22, r22
    18c6:	39 f0       	breq	.+14     	; 0x18d6 <Print::printHex(void const*, unsigned int, char, unsigned int, char const*) [clone .constprop.14]+0x78>
    18c8:	82 eb       	ldi	r24, 0xB2	; 178
    18ca:	90 e6       	ldi	r25, 0x60	; 96
/Users/askn/Library/Arduino15/packages/MultiX-Zinnia/hardware/modernAVR/0.4.5/cores/modernAVR/api/cpp/Print_puts.cpp:35

size_t Print::puts (const char _str[]) {
  char _c;
  size_t _n = 0;
  char* _p = (char *) _str;
  while ((_c = *_p++)) {
    18cc:	c1 df       	rcall	.-126    	; 0x1850 <Print::write(char)>
    18ce:	89 2b       	or	r24, r25
    18d0:	c1 f7       	brne	.-16     	; 0x18c2 <Print::printHex(void const*, unsigned int, char, unsigned int, char const*) [clone .constprop.14]+0x64>
printHex():
/Users/askn/Library/Arduino15/packages/MultiX-Zinnia/hardware/modernAVR/0.4.5/cores/modernAVR/api/cpp/Print_puts.cpp:36
    if (write(_c)) _n++;
    18d2:	10 e0       	ldi	r17, 0x00	; 0
    18d4:	00 e0       	ldi	r16, 0x00	; 0
    18d6:	b6 01       	movw	r22, r12
    18d8:	cd cf       	rjmp	.-102    	; 0x1874 <Print::printHex(void const*, unsigned int, char, unsigned int, char const*) [clone .constprop.14]+0x16>
_print_hex():
    18da:	6a e3       	ldi	r22, 0x3A	; 58
    18dc:	82 eb       	ldi	r24, 0xB2	; 178
/Users/askn/Library/Arduino15/packages/MultiX-Zinnia/hardware/modernAVR/0.4.5/cores/modernAVR/api/cpp/Print_puts.cpp:78
  while (p.length--) {
    uint8_t _c = _read(p.addr++, p.prog);
    write(btoh(__builtin_avr_swap(_c)));
    write(btoh(_c));
    if (p.length) {
      if (++_count == p.wrap) { puts(p.split); _count -= p.wrap; }
    18de:	90 e6       	ldi	r25, 0x60	; 96
    18e0:	b7 df       	rcall	.-146    	; 0x1850 <Print::write(char)>
    18e2:	f9 cf       	rjmp	.-14     	; 0x18d6 <Print::printHex(void const*, unsigned int, char, unsigned int, char const*) [clone .constprop.14]+0x78>
printHex():
    18e4:	82 eb       	ldi	r24, 0xB2	; 178
/Users/askn/Library/Arduino15/packages/MultiX-Zinnia/hardware/modernAVR/0.4.5/cores/modernAVR/api/cpp/Print_puts.cpp:79
      else if (p.sep) write(p.sep);
    18e6:	90 e6       	ldi	r25, 0x60	; 96
    18e8:	df 91       	pop	r29
    18ea:	cf 91       	pop	r28
    18ec:	1f 91       	pop	r17
    18ee:	0f 91       	pop	r16
/Users/askn/Library/Arduino15/packages/MultiX-Zinnia/hardware/modernAVR/0.4.5/cores/modernAVR/api/cpp/Print_puts.cpp:95
  , _wrap
  , _separator
  , false
  };
  return _print_hex(p);
}
    18f0:	ff 90       	pop	r15
    18f2:	ef 90       	pop	r14
    18f4:	df 90       	pop	r13
    18f6:	cf 90       	pop	r12
    18f8:	08 95       	ret

000018fa <Print::ln()>:
ln():
    18fa:	cf 93       	push	r28
    18fc:	df 93       	push	r29
    18fe:	ec 01       	movw	r28, r24
    1900:	6d e0       	ldi	r22, 0x0D	; 13
    1902:	a6 df       	rcall	.-180    	; 0x1850 <Print::write(char)>
    1904:	6a e0       	ldi	r22, 0x0A	; 10
/Users/askn/Library/Arduino15/packages/MultiX-Zinnia/hardware/modernAVR/0.4.5/cores/modernAVR/api/Print.h:73
  size_t puts (const char _str[]);
  size_t puts (const PGM_t _str[]);

  /* Support */

  inline Print& ln (void) { write('\r'); write('\n'); return *this; }
    1906:	ce 01       	movw	r24, r28
    1908:	a3 df       	rcall	.-186    	; 0x1850 <Print::write(char)>
    190a:	ce 01       	movw	r24, r28
    190c:	df 91       	pop	r29
    190e:	cf 91       	pop	r28
    1910:	08 95       	ret

00001912 <Print::printf(PGM_t const*, ...) [clone .constprop.17]>:
printf():
    1912:	cf 93       	push	r28
    1914:	df 93       	push	r29
    1916:	cd b7       	in	r28, 0x3d	; 61
    1918:	de b7       	in	r29, 0x3e	; 62
    191a:	2e 97       	sbiw	r28, 0x0e	; 14
    191c:	cd bf       	out	0x3d, r28	; 61
    191e:	de bf       	out	0x3e, r29	; 62
    1920:	83 e9       	ldi	r24, 0x93	; 147
/Users/askn/Library/Arduino15/packages/MultiX-Zinnia/hardware/modernAVR/0.4.5/cores/modernAVR/api/cpp/Print_format.cpp:35
  va_start(_ap, _format);
  vfprintf(&_fp, _format, _ap);
  return *this;
}

Print& Print::printf (const PGM_t *_format, ...) {
    1922:	95 e0       	ldi	r25, 0x05	; 5
    1924:	89 87       	std	Y+9, r24	; 0x09
    1926:	9a 87       	std	Y+10, r25	; 0x0a
    1928:	1b 86       	std	Y+11, r1	; 0x0b
    192a:	1c 86       	std	Y+12, r1	; 0x0c
    192c:	82 e0       	ldi	r24, 0x02	; 2
/Users/askn/Library/Arduino15/packages/MultiX-Zinnia/hardware/modernAVR/0.4.5/cores/modernAVR/api/cpp/Print_format.cpp:38
  FILE _fp;
  va_list _ap;
  fdev_setup_stream(&_fp, printf_putchar, NULL, _FDEV_SETUP_WRITE);
    192e:	8c 83       	std	Y+4, r24	; 0x04
    1930:	82 eb       	ldi	r24, 0xB2	; 178
    1932:	90 e6       	ldi	r25, 0x60	; 96
    1934:	8d 87       	std	Y+13, r24	; 0x0d
    1936:	9e 87       	std	Y+14, r25	; 0x0e
    1938:	ae 01       	movw	r20, r28
    193a:	49 5e       	subi	r20, 0xE9	; 233
    193c:	5f 4f       	sbci	r21, 0xFF	; 255
/Users/askn/Library/Arduino15/packages/MultiX-Zinnia/hardware/modernAVR/0.4.5/cores/modernAVR/api/cpp/Print_format.cpp:39
  fdev_set_udata(&_fp, this);
    193e:	6d 89       	ldd	r22, Y+21	; 0x15
    1940:	7e 89       	ldd	r23, Y+22	; 0x16
    1942:	ce 01       	movw	r24, r28
    1944:	01 96       	adiw	r24, 0x01	; 1
/Users/askn/Library/Arduino15/packages/MultiX-Zinnia/hardware/modernAVR/0.4.5/cores/modernAVR/api/cpp/Print_format.cpp:41
  va_start(_ap, _format);
  vfprintf_P(&_fp, (const char *) _format, _ap);
    1946:	0e 94 08 2a 	call	0x5410	; 0x5410 <vfprintf_P>
    194a:	82 eb       	ldi	r24, 0xB2	; 178
    194c:	90 e6       	ldi	r25, 0x60	; 96
    194e:	2e 96       	adiw	r28, 0x0e	; 14
    1950:	cd bf       	out	0x3d, r28	; 61
    1952:	de bf       	out	0x3e, r29	; 62
    1954:	df 91       	pop	r29
    1956:	cf 91       	pop	r28
/Users/askn/Library/Arduino15/packages/MultiX-Zinnia/hardware/modernAVR/0.4.5/cores/modernAVR/api/cpp/Print_format.cpp:43
  return *this;
}
    1958:	08 95       	ret

0000195a <USART::change_pdi()>:
change_pdi():
    195a:	cf 93       	push	r28
    195c:	cf b7       	in	r28, 0x3f	; 63
__iCliRetVal():
    195e:	f8 94       	cli
change_pdi():
    1960:	81 e1       	ldi	r24, 0x11	; 17
    1962:	80 93 e2 05 	sts	0x05E2, r24	; 0x8005e2 <__TEXT_REGION_LENGTH__+0x7f05e2>
    1966:	80 e8       	ldi	r24, 0x80	; 128
/Users/askn/Develop/UPDI4AVR-USB/src/usart.cpp:123
    }
  }

  /*** Set up single-wire synchronous mode for PDI operation. ***/
  /* The TRST is repurposed to transmit the synchronous clock. */
  void change_pdi (void) {
    1968:	80 93 16 04 	sts	0x0416, r24	; 0x800416 <__TEXT_REGION_LENGTH__+0x7f0416>
/Users/askn/Library/Arduino15/packages/MultiX-Zinnia/tools/avr8-gcc/7.3.0-avr8-gnu-toolchain/avr/include/util/atomic.h:50
    return 1;
}

static __inline__ uint8_t __iCliRetVal(void)
{
    cli();
    196c:	06 9a       	sbi	0x00, 6	; 0
/Users/askn/Develop/UPDI4AVR-USB/src/usart.cpp:126
    #if defined(CONFIG_PGM_PDI_ENABLE)
    ATOMIC_BLOCK(ATOMIC_RESTORESTATE) {
      PORTMUX_USARTROUTEA = PORTMUX_USART_PDI;
    196e:	80 e2       	ldi	r24, 0x20	; 32
    1970:	80 93 04 08 	sts	0x0804, r24	; 0x800804 <__TEXT_REGION_LENGTH__+0x7f0804>
sync_baud_khz():
/Users/askn/Develop/UPDI4AVR-USB/src/usart.cpp:127
      pinControlRegister(PIN_PGM_PCLK) = PORT_INVEN_bm;
    1974:	20 91 59 63 	lds	r18, 0x6359	; 0x806359 <_xclk>
    1978:	30 91 5a 63 	lds	r19, 0x635A	; 0x80635a <_xclk+0x1>
/Users/askn/Develop/UPDI4AVR-USB/src/usart.cpp:129
      pinLogicPull(PIN_PGM_PCLK);   /* Everything except CNANO is shared with TRST */
      USART0_STATUS = USART_DREIF_bm;
    197c:	50 e0       	ldi	r21, 0x00	; 0
    197e:	40 e0       	ldi	r20, 0x00	; 0
/Users/askn/Develop/UPDI4AVR-USB/src/usart.cpp:50
    else if (_baud > 0xFFFFU) _baud = 0xFFFF;
    return _baud;
  }

  uint16_t sync_baud_khz (uint16_t _khz) {
    uint32_t _baud = ((F_CPU / 1000) / _khz + 1) / 2;
    1980:	60 e2       	ldi	r22, 0x20	; 32
    1982:	7e e4       	ldi	r23, 0x4E	; 78
    1984:	80 e0       	ldi	r24, 0x00	; 0
    1986:	90 e0       	ldi	r25, 0x00	; 0
    1988:	0e 94 ec 2c 	call	0x59d8	; 0x59d8 <__divmodsi4>
    198c:	da 01       	movw	r26, r20
    198e:	c9 01       	movw	r24, r18
    1990:	01 96       	adiw	r24, 0x01	; 1
    1992:	a1 1d       	adc	r26, r1
    1994:	b1 1d       	adc	r27, r1
    1996:	b5 95       	asr	r27
    1998:	a7 95       	ror	r26
    199a:	97 95       	ror	r25
    199c:	87 95       	ror	r24
    199e:	36 e0       	ldi	r19, 0x06	; 6
    19a0:	88 0f       	add	r24, r24
    19a2:	99 1f       	adc	r25, r25
    19a4:	aa 1f       	adc	r26, r26
/Users/askn/Develop/UPDI4AVR-USB/src/usart.cpp:51
    _baud <<= 6;
    19a6:	bb 1f       	adc	r27, r27
    19a8:	3a 95       	dec	r19
    19aa:	d1 f7       	brne	.-12     	; 0x19a0 <USART::change_pdi()+0x46>
    19ac:	00 97       	sbiw	r24, 0x00	; 0
    19ae:	21 e0       	ldi	r18, 0x01	; 1
    19b0:	a2 07       	cpc	r26, r18
    19b2:	b1 05       	cpc	r27, r1
    19b4:	20 f0       	brcs	.+8      	; 0x19be <USART::change_pdi()+0x64>
    19b6:	8f ef       	ldi	r24, 0xFF	; 255
    19b8:	9f ef       	ldi	r25, 0xFF	; 255
    19ba:	a0 e0       	ldi	r26, 0x00	; 0
    19bc:	b0 e0       	ldi	r27, 0x00	; 0
    19be:	80 34       	cpi	r24, 0x40	; 64
    19c0:	91 05       	cpc	r25, r1
    19c2:	a1 05       	cpc	r26, r1
    19c4:	b1 05       	cpc	r27, r1
/Users/askn/Develop/UPDI4AVR-USB/src/usart.cpp:54
    if (_baud < 64) _baud = 64;
    else if (_baud > 0xFFFFU) _baud = 0xFFFF;
    return _baud;
    19c6:	20 f4       	brcc	.+8      	; 0x19d0 <USART::change_pdi()+0x76>
    19c8:	80 e4       	ldi	r24, 0x40	; 64
    19ca:	90 e0       	ldi	r25, 0x00	; 0
    19cc:	a0 e0       	ldi	r26, 0x00	; 0
    19ce:	b0 e0       	ldi	r27, 0x00	; 0
change_pdi():
    19d0:	80 93 08 08 	sts	0x0808, r24	; 0x800808 <__TEXT_REGION_LENGTH__+0x7f0808>
    19d4:	90 93 09 08 	sts	0x0809, r25	; 0x800809 <__TEXT_REGION_LENGTH__+0x7f0809>
/Users/askn/Develop/UPDI4AVR-USB/src/usart.cpp:130
    ATOMIC_BLOCK(ATOMIC_RESTORESTATE) {
      PORTMUX_USARTROUTEA = PORTMUX_USART_PDI;
      pinControlRegister(PIN_PGM_PCLK) = PORT_INVEN_bm;
      pinLogicPull(PIN_PGM_PCLK);   /* Everything except CNANO is shared with TRST */
      USART0_STATUS = USART_DREIF_bm;
      USART0_BAUD  = sync_baud_khz(_xclk);
    19d8:	8b e6       	ldi	r24, 0x6B	; 107
    19da:	80 93 07 08 	sts	0x0807, r24	; 0x800807 <__TEXT_REGION_LENGTH__+0x7f0807>
/Users/askn/Develop/UPDI4AVR-USB/src/usart.cpp:131
      USART0_CTRLC = USART_CHSIZE_8BIT_gc | USART_PMODE_EVEN_gc | USART_CMODE_SYNCHRONOUS_gc | USART_SBMODE_2BIT_gc;
    19de:	8a e0       	ldi	r24, 0x0A	; 10
    19e0:	80 93 05 08 	sts	0x0805, r24	; 0x800805 <__TEXT_REGION_LENGTH__+0x7f0805>
/Users/askn/Develop/UPDI4AVR-USB/src/usart.cpp:132
      USART0_CTRLA = USART_LBME_bm | USART_RS485_INT_gc;
    19e4:	80 e8       	ldi	r24, 0x80	; 128
    19e6:	80 93 06 08 	sts	0x0806, r24	; 0x800806 <__TEXT_REGION_LENGTH__+0x7f0806>
/Users/askn/Develop/UPDI4AVR-USB/src/usart.cpp:133
      USART0_CTRLB = USART_RXEN_bm;
    19ea:	80 91 08 08 	lds	r24, 0x0808	; 0x800808 <__TEXT_REGION_LENGTH__+0x7f0808>
    19ee:	90 91 09 08 	lds	r25, 0x0809	; 0x800809 <__TEXT_REGION_LENGTH__+0x7f0809>
/Users/askn/Develop/UPDI4AVR-USB/src/usart.cpp:134
      D1PRINTF(" USART=PDI BAUD=%04X\r\n", USART0_BAUD);
    19f2:	9f 93       	push	r25
    19f4:	8f 93       	push	r24
    19f6:	80 e1       	ldi	r24, 0x10	; 16
    19f8:	9a e0       	ldi	r25, 0x0A	; 10
    19fa:	9f 93       	push	r25
    19fc:	8f 93       	push	r24
    19fe:	82 eb       	ldi	r24, 0xB2	; 178
    1a00:	90 e6       	ldi	r25, 0x60	; 96
    1a02:	9f 93       	push	r25
    1a04:	8f 93       	push	r24
    1a06:	85 df       	rcall	.-246    	; 0x1912 <Print::printf(PGM_t const*, ...) [clone .constprop.17]>
__iRestore():
    1a08:	cf bf       	out	0x3f, r28	; 63
    1a0a:	0f 90       	pop	r0
    1a0c:	0f 90       	pop	r0
    1a0e:	0f 90       	pop	r0
/Users/askn/Library/Arduino15/packages/MultiX-Zinnia/tools/avr8-gcc/7.3.0-avr8-gnu-toolchain/avr/include/util/atomic.h:70
    (void)__s;
}

static __inline__ void __iRestore(const  uint8_t *__s)
{
    SREG = *__s;
    1a10:	0f 90       	pop	r0
/Users/askn/Library/Arduino15/packages/MultiX-Zinnia/tools/avr8-gcc/7.3.0-avr8-gnu-toolchain/avr/include/util/atomic.h:71
    __asm__ volatile ("" ::: "memory");
    1a12:	0f 90       	pop	r0
    1a14:	0f 90       	pop	r0
change_pdi():
    1a16:	cf 91       	pop	r28
    1a18:	08 95       	ret

00001a1a <SYS::LED_TM(unsigned char, unsigned int) [clone .part.3]>:
_ZN3SYS6LED_TMEhj.part.3():
    1a1a:	ef 92       	push	r14
    1a1c:	ff 92       	push	r15
/Users/askn/Develop/UPDI4AVR-USB/src/usart.cpp:137
    }
    #endif
  }
    1a1e:	1f 93       	push	r17
    1a20:	cf 93       	push	r28
/Users/askn/Develop/UPDI4AVR-USB/src/sys.cpp:188
      EVSYS_USERCCLLUT2A = EVSYS_USER_CHANNEL1_gc;  /* <- for RTC 128Hz */
      _led_mode = 1;
    }
  }

  WEAK void LED_TM (uint8_t _mode, uint16_t _ccmp) {
    1a22:	df 93       	push	r29
    1a24:	18 2f       	mov	r17, r24
    1a26:	eb 01       	movw	r28, r22
    1a28:	10 92 24 02 	sts	0x0224, r1	; 0x800224 <__TEXT_REGION_LENGTH__+0x7f0224>
    1a2c:	e1 2c       	mov	r14, r1
    1a2e:	8a e0       	ldi	r24, 0x0A	; 10
/Users/askn/Develop/UPDI4AVR-USB/src/sys.cpp:190
    if (_led_mode != _mode) {
      EVSYS_USERCCLLUT2A = 0;   /* <- sognal in stop for TCA0_WO0 */
    1a30:	f8 2e       	mov	r15, r24
    1a32:	f7 01       	movw	r30, r14
/Users/askn/Develop/UPDI4AVR-USB/src/sys.cpp:191
      TCA0_SINGLE_CTRLA = 0;
    1a34:	10 82       	st	Z, r1
    1a36:	1f 92       	push	r1
    1a38:	1f 93       	push	r17
    1a3a:	81 e4       	ldi	r24, 0x41	; 65
    1a3c:	98 e0       	ldi	r25, 0x08	; 8
/Users/askn/Develop/UPDI4AVR-USB/src/sys.cpp:192
      D1PRINTF(" LED:MD=%d\r\n", _mode);
    1a3e:	9f 93       	push	r25
    1a40:	8f 93       	push	r24
    1a42:	82 eb       	ldi	r24, 0xB2	; 178
    1a44:	90 e6       	ldi	r25, 0x60	; 96
    1a46:	9f 93       	push	r25
    1a48:	8f 93       	push	r24
    1a4a:	63 df       	rcall	.-314    	; 0x1912 <Print::printf(PGM_t const*, ...) [clone .constprop.17]>
    1a4c:	10 92 03 0a 	sts	0x0A03, r1	; 0x800a03 <__TEXT_REGION_LENGTH__+0x7f0a03>
    1a50:	c0 93 26 0a 	sts	0x0A26, r28	; 0x800a26 <__TEXT_REGION_LENGTH__+0x7f0a26>
    1a54:	d0 93 27 0a 	sts	0x0A27, r29	; 0x800a27 <__TEXT_REGION_LENGTH__+0x7f0a27>
/Users/askn/Develop/UPDI4AVR-USB/src/sys.cpp:193
      TCA0_SINGLE_CTRLD = 0;
    1a58:	d6 95       	lsr	r29
/Users/askn/Develop/UPDI4AVR-USB/src/sys.cpp:194
      TCA0_SINGLE_PER   = _ccmp;
    1a5a:	c7 95       	ror	r28
    1a5c:	c0 93 28 0a 	sts	0x0A28, r28	; 0x800a28 <__TEXT_REGION_LENGTH__+0x7f0a28>
    1a60:	d0 93 29 0a 	sts	0x0A29, r29	; 0x800a29 <__TEXT_REGION_LENGTH__+0x7f0a29>
/Users/askn/Develop/UPDI4AVR-USB/src/sys.cpp:195
      TCA0_SINGLE_CMP0  = _ccmp >> 1;
    1a64:	83 e0       	ldi	r24, 0x03	; 3
    1a66:	80 93 01 0a 	sts	0x0A01, r24	; 0x800a01 <__TEXT_REGION_LENGTH__+0x7f0a01>
    1a6a:	8f e0       	ldi	r24, 0x0F	; 15
    1a6c:	f7 01       	movw	r30, r14
/Users/askn/Develop/UPDI4AVR-USB/src/sys.cpp:196
      TCA0_SINGLE_CTRLB = TCA_SINGLE_WGMODE_SINGLESLOPE_gc;
    1a6e:	80 83       	st	Z, r24
    1a70:	10 93 57 63 	sts	0x6357, r17	; 0x806357 <_led_mode>
/Users/askn/Develop/UPDI4AVR-USB/src/sys.cpp:197
      TCA0_SINGLE_CTRLA = TCA_SINGLE_ENABLE_bm | TCA_SPLIT_CLKSEL_DIV1024_gc;
    1a74:	0f 90       	pop	r0
    1a76:	0f 90       	pop	r0
    1a78:	0f 90       	pop	r0
/Users/askn/Develop/UPDI4AVR-USB/src/sys.cpp:198
      _led_mode = _mode;
    1a7a:	0f 90       	pop	r0
    1a7c:	0f 90       	pop	r0
    1a7e:	0f 90       	pop	r0
    1a80:	df 91       	pop	r29
    1a82:	cf 91       	pop	r28
    1a84:	1f 91       	pop	r17
    1a86:	ff 90       	pop	r15
    1a88:	ef 90       	pop	r14
/Users/askn/Develop/UPDI4AVR-USB/src/sys.cpp:200
    }
  }
    1a8a:	08 95       	ret

00001a8c <SYS::LED_Blink()>:
LED_TM():
    1a8c:	80 91 57 63 	lds	r24, 0x6357	; 0x806357 <_led_mode>
    1a90:	83 30       	cpi	r24, 0x03	; 3
    1a92:	21 f0       	breq	.+8      	; 0x1a9c <SYS::LED_Blink()+0x10>
    1a94:	61 e1       	ldi	r22, 0x11	; 17
/Users/askn/Develop/UPDI4AVR-USB/src/sys.cpp:189
      _led_mode = 1;
    }
  }

  WEAK void LED_TM (uint8_t _mode, uint16_t _ccmp) {
    if (_led_mode != _mode) {
    1a96:	73 e1       	ldi	r23, 0x13	; 19
    1a98:	83 e0       	ldi	r24, 0x03	; 3
    1a9a:	bf cf       	rjmp	.-130    	; 0x1a1a <SYS::LED_TM(unsigned char, unsigned int) [clone .part.3]>
LED_Blink():
    1a9c:	08 95       	ret

00001a9e <SYS::LED_Flash()>:
LED_TM():
    1a9e:	80 91 57 63 	lds	r24, 0x6357	; 0x806357 <_led_mode>
    1aa2:	82 30       	cpi	r24, 0x02	; 2
    1aa4:	21 f0       	breq	.+8      	; 0x1aae <SYS::LED_Flash()+0x10>
/Users/askn/Develop/UPDI4AVR-USB/src/sys.cpp:210
  }

  /* SW0 is pressed indicator. */
  WEAK void LED_Blink (void) {
    LED_TM(3, TM_BLINK);
  }
    1aa6:	64 e2       	ldi	r22, 0x24	; 36
/Users/askn/Develop/UPDI4AVR-USB/src/sys.cpp:189
      _led_mode = 1;
    }
  }

  WEAK void LED_TM (uint8_t _mode, uint16_t _ccmp) {
    if (_led_mode != _mode) {
    1aa8:	76 e2       	ldi	r23, 0x26	; 38
    1aaa:	82 e0       	ldi	r24, 0x02	; 2
    1aac:	b6 cf       	rjmp	.-148    	; 0x1a1a <SYS::LED_TM(unsigned char, unsigned int) [clone .part.3]>
LED_Flash():
    1aae:	08 95       	ret

00001ab0 <SYS::reboot()>:
reboot():
    1ab0:	86 e3       	ldi	r24, 0x36	; 54
    1ab2:	98 e0       	ldi	r25, 0x08	; 8
    1ab4:	9f 93       	push	r25
    1ab6:	8f 93       	push	r24
    1ab8:	82 eb       	ldi	r24, 0xB2	; 178
/Users/askn/Develop/UPDI4AVR-USB/src/sys.cpp:205
  }

  /* USB uplink is disabled indicator. */
  WEAK void LED_Flash (void) {
    LED_TM(2, TM_FLASH);
  }
    1aba:	90 e6       	ldi	r25, 0x60	; 96
/Users/askn/Develop/UPDI4AVR-USB/src/sys.cpp:357
   * System reboot
   *
   * Always run it after the USB has stopped.
   */
  void reboot (void) {
    D1PRINTF("<REBOOT>\r\n");
    1abc:	9f 93       	push	r25
    1abe:	8f 93       	push	r24
    1ac0:	28 df       	rcall	.-432    	; 0x1912 <Print::printf(PGM_t const*, ...) [clone .constprop.17]>
    1ac2:	80 91 b4 60 	lds	r24, 0x60B4	; 0x8060b4 <Serial1C+0x2>
    1ac6:	90 91 b5 60 	lds	r25, 0x60B5	; 0x8060b5 <Serial1C+0x3>
    1aca:	b4 d8       	rcall	.-3736   	; 0xc34 <UsartBaseClass::flush() [clone .isra.0] [clone .lto_priv.18]>
    1acc:	88 ed       	ldi	r24, 0xD8	; 216
    1ace:	91 e0       	ldi	r25, 0x01	; 1
/Users/askn/Develop/UPDI4AVR-USB/src/sys.cpp:358
    DFLUSH();
    1ad0:	84 bf       	out	0x34, r24	; 52
    1ad2:	90 93 00 01 	sts	0x0100, r25	; 0x800100 <__TEXT_REGION_LENGTH__+0x7f0100>
    1ad6:	0f 90       	pop	r0
    1ad8:	0f 90       	pop	r0
    1ada:	0f 90       	pop	r0
/Users/askn/Develop/UPDI4AVR-USB/src/sys.cpp:359
    _PROTECTED_WRITE(WDT_CTRLA, WDT_PERIOD_8CLK_gc);
    1adc:	0f 90       	pop	r0
    1ade:	ff cf       	rjmp	.-2      	; 0x1ade <SYS::reboot()+0x2e>

00001ae0 <SYS::LED_HeartBeat()>:
LED_HeartBeat():
    1ae0:	80 91 57 63 	lds	r24, 0x6357	; 0x806357 <_led_mode>
    1ae4:	81 30       	cpi	r24, 0x01	; 1
    1ae6:	29 f1       	breq	.+74     	; 0x1b32 <SYS::LED_HeartBeat()+0x52>
    1ae8:	10 92 00 0a 	sts	0x0A00, r1	; 0x800a00 <__TEXT_REGION_LENGTH__+0x7f0a00>
    1aec:	89 e2       	ldi	r24, 0x29	; 41
    1aee:	98 e0       	ldi	r25, 0x08	; 8
/Users/askn/Develop/UPDI4AVR-USB/src/sys.cpp:176
  * LED operation switching
  */

  /* Heartbeat (waiting) */
  WEAK void LED_HeartBeat (void) {
    if (_led_mode != 1) {
    1af0:	9f 93       	push	r25
    1af2:	8f 93       	push	r24
    1af4:	82 eb       	ldi	r24, 0xB2	; 178
    1af6:	90 e6       	ldi	r25, 0x60	; 96
/Users/askn/Develop/UPDI4AVR-USB/src/sys.cpp:177
      TCA0_SPLIT_CTRLA = 0;
    1af8:	9f 93       	push	r25
    1afa:	8f 93       	push	r24
/Users/askn/Develop/UPDI4AVR-USB/src/sys.cpp:178
      D1PRINTF(" LED:HBEAT\r\n");
    1afc:	0a df       	rcall	.-492    	; 0x1912 <Print::printf(PGM_t const*, ...) [clone .constprop.17]>
    1afe:	21 e0       	ldi	r18, 0x01	; 1
    1b00:	20 93 03 0a 	sts	0x0A03, r18	; 0x800a03 <__TEXT_REGION_LENGTH__+0x7f0a03>
    1b04:	80 91 c3 60 	lds	r24, 0x60C3	; 0x8060c3 <_beat>
    1b08:	80 93 26 0a 	sts	0x0A26, r24	; 0x800a26 <__TEXT_REGION_LENGTH__+0x7f0a26>
    1b0c:	80 91 c3 60 	lds	r24, 0x60C3	; 0x8060c3 <_beat>
/Users/askn/Develop/UPDI4AVR-USB/src/sys.cpp:179
      TCA0_SPLIT_CTRLD = TCA_SPLIT_SPLITM_bm;       /* SINGLESLOPE PWM */
    1b10:	90 e0       	ldi	r25, 0x00	; 0
    1b12:	95 95       	asr	r25
    1b14:	87 95       	ror	r24
/Users/askn/Develop/UPDI4AVR-USB/src/sys.cpp:180
      TCA0_SPLIT_LPER  = _beat;                     /* TOP WO[210] */
    1b16:	80 93 28 0a 	sts	0x0A28, r24	; 0x800a28 <__TEXT_REGION_LENGTH__+0x7f0a28>
    1b1a:	8f e0       	ldi	r24, 0x0F	; 15
    1b1c:	80 93 00 0a 	sts	0x0A00, r24	; 0x800a00 <__TEXT_REGION_LENGTH__+0x7f0a00>
/Users/askn/Develop/UPDI4AVR-USB/src/sys.cpp:181
      TCA0_SPLIT_LCMP0 = _beat >> 1;                /* CMP WO0 */
    1b20:	82 e0       	ldi	r24, 0x02	; 2
    1b22:	80 93 24 02 	sts	0x0224, r24	; 0x800224 <__TEXT_REGION_LENGTH__+0x7f0224>
    1b26:	20 93 57 63 	sts	0x6357, r18	; 0x806357 <_led_mode>
    1b2a:	0f 90       	pop	r0
/Users/askn/Develop/UPDI4AVR-USB/src/sys.cpp:182
      TCA0_SPLIT_CTRLA = TCA_SPLIT_ENABLE_bm | TCA_SPLIT_CLKSEL_DIV1024_gc;
    1b2c:	0f 90       	pop	r0
    1b2e:	0f 90       	pop	r0
    1b30:	0f 90       	pop	r0
/Users/askn/Develop/UPDI4AVR-USB/src/sys.cpp:183
      EVSYS_USERCCLLUT2A = EVSYS_USER_CHANNEL1_gc;  /* <- for RTC 128Hz */
    1b32:	08 95       	ret

00001b34 <USART::change_vcp()>:
change_vcp():
    1b34:	bf 92       	push	r11
    1b36:	cf 92       	push	r12
/Users/askn/Develop/UPDI4AVR-USB/src/sys.cpp:184
      _led_mode = 1;
    1b38:	df 92       	push	r13
    1b3a:	ef 92       	push	r14
    1b3c:	ff 92       	push	r15
    1b3e:	0f 93       	push	r16
    1b40:	1f 93       	push	r17
/Users/askn/Develop/UPDI4AVR-USB/src/sys.cpp:186
    }
  }
    1b42:	cf 93       	push	r28
/Users/askn/Develop/UPDI4AVR-USB/src/usart.cpp:141

  /*** Activates VCP operation. ***/
  /* Detailed parameters are specified in SET_LINE_ENCODING. */
  void change_vcp (void) {
    1b44:	df 93       	push	r29
    1b46:	00 d0       	rcall	.+0      	; 0x1b48 <USART::change_vcp()+0x14>
    1b48:	00 d0       	rcall	.+0      	; 0x1b4a <USART::change_vcp()+0x16>
    1b4a:	cd b7       	in	r28, 0x3d	; 61
    1b4c:	de b7       	in	r29, 0x3e	; 62
    1b4e:	20 91 ab 60 	lds	r18, 0x60AB	; 0x8060ab <_set_line_encoding>
    1b52:	30 91 ac 60 	lds	r19, 0x60AC	; 0x8060ac <_set_line_encoding+0x1>
    1b56:	40 91 ad 60 	lds	r20, 0x60AD	; 0x8060ad <_set_line_encoding+0x2>
    1b5a:	50 91 ae 60 	lds	r21, 0x60AE	; 0x8060ae <_set_line_encoding+0x3>
/Users/askn/Develop/UPDI4AVR-USB/src/usart.cpp:143
    uint8_t _ctrlb = USART_RXEN_bm | USART_TXEN_bm | USART_ODME_bm;
    uint32_t _baud = _set_line_encoding.dwDTERate;
    1b5e:	21 15       	cp	r18, r1
    1b60:	31 05       	cpc	r19, r1
    1b62:	41 05       	cpc	r20, r1
    1b64:	51 05       	cpc	r21, r1
    1b66:	21 f4       	brne	.+8      	; 0x1b70 <USART::change_vcp()+0x3c>
    1b68:	20 e8       	ldi	r18, 0x80	; 128
    1b6a:	35 e2       	ldi	r19, 0x25	; 37
/Users/askn/Develop/UPDI4AVR-USB/src/usart.cpp:145
    /* If the BAUD value is small, select double speed mode. */
    if (!_baud) _baud = 9600UL;
    1b6c:	40 e0       	ldi	r20, 0x00	; 0
    1b6e:	50 e0       	ldi	r21, 0x00	; 0
    1b70:	60 e0       	ldi	r22, 0x00	; 0
    1b72:	78 e6       	ldi	r23, 0x68	; 104
    1b74:	89 e8       	ldi	r24, 0x89	; 137
    1b76:	99 e0       	ldi	r25, 0x09	; 9
    1b78:	0e 94 ca 2c 	call	0x5994	; 0x5994 <__udivmodsi4>
    1b7c:	da 01       	movw	r26, r20
/Users/askn/Develop/UPDI4AVR-USB/src/usart.cpp:146
    if (_baud) _baud = (((F_CPU * 8L) / _baud) + 1) >> 1;
    1b7e:	c9 01       	movw	r24, r18
    1b80:	01 96       	adiw	r24, 0x01	; 1
    1b82:	a1 1d       	adc	r26, r1
    1b84:	b1 1d       	adc	r27, r1
    1b86:	6c 01       	movw	r12, r24
    1b88:	7d 01       	movw	r14, r26
    1b8a:	f6 94       	lsr	r15
    1b8c:	e7 94       	ror	r14
    1b8e:	d7 94       	ror	r13
    1b90:	c7 94       	ror	r12
    1b92:	20 e6       	ldi	r18, 0x60	; 96
    1b94:	c2 16       	cp	r12, r18
    1b96:	d1 04       	cpc	r13, r1
    1b98:	e1 04       	cpc	r14, r1
    1b9a:	f1 04       	cpc	r15, r1
/Users/askn/Develop/UPDI4AVR-USB/src/usart.cpp:147
    if (_baud < 96) {
    1b9c:	08 f0       	brcs	.+2      	; 0x1ba0 <USART::change_vcp()+0x6c>
    1b9e:	7b c0       	rjmp	.+246    	; 0x1c96 <USART::change_vcp()+0x162>
    1ba0:	6c 01       	movw	r12, r24
    1ba2:	7d 01       	movw	r14, r26
    1ba4:	e8 94       	clt
    1ba6:	c0 f8       	bld	r12, 0
/Users/askn/Develop/UPDI4AVR-USB/src/usart.cpp:148
      _baud <<= 1;
    1ba8:	9a ec       	ldi	r25, 0xCA	; 202
    1baa:	b9 2e       	mov	r11, r25
    1bac:	1f 92       	push	r1
    1bae:	bf 92       	push	r11
/Users/askn/Develop/UPDI4AVR-USB/src/usart.cpp:149
      _ctrlb |= USART_RXMODE_CLK2X_gc;
    1bb0:	ff 92       	push	r15
/Users/askn/Develop/UPDI4AVR-USB/src/usart.cpp:151
    }
    D1PRINTF(" BAUD=%08lX:%02X\r\n", _baud, _ctrlb);
    1bb2:	ef 92       	push	r14
    1bb4:	df 92       	push	r13
    1bb6:	cf 92       	push	r12
    1bb8:	80 e4       	ldi	r24, 0x40	; 64
    1bba:	9a e0       	ldi	r25, 0x0A	; 10
    1bbc:	9f 93       	push	r25
    1bbe:	8f 93       	push	r24
    1bc0:	02 eb       	ldi	r16, 0xB2	; 178
    1bc2:	10 e6       	ldi	r17, 0x60	; 96
    1bc4:	1f 93       	push	r17
    1bc6:	0f 93       	push	r16
    1bc8:	a4 de       	rcall	.-696    	; 0x1912 <Print::printf(PGM_t const*, ...) [clone .constprop.17]>
    1bca:	cd bf       	out	0x3d, r28	; 61
    1bcc:	de bf       	out	0x3e, r29	; 62
    1bce:	d7 01       	movw	r26, r14
/Users/askn/Develop/UPDI4AVR-USB/src/usart.cpp:152
    if (_baud < 0x10000UL && _baud >= 64) {
    1bd0:	c6 01       	movw	r24, r12
    1bd2:	80 54       	subi	r24, 0x40	; 64
    1bd4:	91 09       	sbc	r25, r1
    1bd6:	a1 09       	sbc	r26, r1
    1bd8:	b1 09       	sbc	r27, r1
    1bda:	80 3c       	cpi	r24, 0xC0	; 192
    1bdc:	9f 4f       	sbci	r25, 0xFF	; 255
    1bde:	a1 05       	cpc	r26, r1
    1be0:	b1 05       	cpc	r27, r1
    1be2:	08 f0       	brcs	.+2      	; 0x1be6 <USART::change_vcp()+0xb2>
    1be4:	5d c0       	rjmp	.+186    	; 0x1ca0 <USART::change_vcp()+0x16c>
    1be6:	90 91 b1 60 	lds	r25, 0x60B1	; 0x8060b1 <_set_line_encoding+0x6>
/Users/askn/Develop/UPDI4AVR-USB/src/usart.cpp:153
      uint8_t _bits = _set_line_encoding.bDataBits - 5;
    1bea:	95 50       	subi	r25, 0x05	; 5
    1bec:	40 91 2a 60 	lds	r20, 0x602A	; 0x80602a <UPDI::_set_ptr24+0x6>
/Users/askn/Develop/UPDI4AVR-USB/src/usart.cpp:154
      uint8_t _ctrlc = (uint8_t[]){
    1bf0:	50 91 2b 60 	lds	r21, 0x602B	; 0x80602b <UPDI::_set_ptr24+0x7>
    1bf4:	60 91 2c 60 	lds	r22, 0x602C	; 0x80602c <UPDI::_set_ptr24+0x8>
    1bf8:	70 91 2d 60 	lds	r23, 0x602D	; 0x80602d <UPDI::_set_ptr24+0x9>
    1bfc:	49 83       	std	Y+1, r20	; 0x01
    1bfe:	5a 83       	std	Y+2, r21	; 0x02
    1c00:	6b 83       	std	Y+3, r22	; 0x03
    1c02:	7c 83       	std	Y+4, r23	; 0x04
    1c04:	e0 91 b0 60 	lds	r30, 0x60B0	; 0x8060b0 <_set_line_encoding+0x5>
/Users/askn/Develop/UPDI4AVR-USB/src/usart.cpp:156
        USART_PMODE_DISABLED_gc, USART_PMODE_ODD_gc, USART_PMODE_EVEN_gc, USART_PMODE_DISABLED_gc
      }[_set_line_encoding.bParityType & 3]
    1c08:	e3 70       	andi	r30, 0x03	; 3
    1c0a:	ec 0f       	add	r30, r28
    1c0c:	fd 2f       	mov	r31, r29
    1c0e:	f1 1d       	adc	r31, r1
    1c10:	21 81       	ldd	r18, Z+1	; 0x01
    1c12:	80 91 af 60 	lds	r24, 0x60AF	; 0x8060af <_set_line_encoding+0x4>
/Users/askn/Develop/UPDI4AVR-USB/src/usart.cpp:157
      + _set_line_encoding.bCharFormat ? USART_SBMODE_2BIT_gc : USART_SBMODE_1BIT_gc;
    1c16:	28 0f       	add	r18, r24
    1c18:	33 27       	eor	r19, r19
    1c1a:	33 1f       	adc	r19, r19
    1c1c:	80 e0       	ldi	r24, 0x00	; 0
    1c1e:	23 2b       	or	r18, r19
    1c20:	09 f0       	breq	.+2      	; 0x1c24 <USART::change_vcp()+0xf0>
    1c22:	88 e0       	ldi	r24, 0x08	; 8
/Users/askn/Develop/UPDI4AVR-USB/src/usart.cpp:158
      if (_bits < 4) {
    1c24:	94 30       	cpi	r25, 0x04	; 4
    1c26:	d0 f5       	brcc	.+116    	; 0x1c9c <USART::change_vcp()+0x168>
/Users/askn/Develop/UPDI4AVR-USB/src/usart.cpp:159
        _ctrlc += _bits; /* USART_CHSIZE_[5,6,7,8]BIT_gc */
    1c28:	89 0f       	add	r24, r25
/Users/askn/Develop/UPDI4AVR-USB/src/usart.cpp:174
      }
      else {
        _ctrlc += USART_CHSIZE_8BIT_gc;
        #endif
      }
      ATOMIC_BLOCK(ATOMIC_RESTORESTATE) {
    1c2a:	9f b7       	in	r25, 0x3f	; 63
__iCliRetVal():
/Users/askn/Library/Arduino15/packages/MultiX-Zinnia/tools/avr8-gcc/7.3.0-avr8-gnu-toolchain/avr/include/util/atomic.h:50
    return 1;
}

static __inline__ uint8_t __iCliRetVal(void)
{
    cli();
    1c2c:	f8 94       	cli
change_vcp():
/Users/askn/Develop/UPDI4AVR-USB/src/usart.cpp:175
        PORTMUX_USARTROUTEA = PORTMUX_USART_VCP;
    1c2e:	22 e1       	ldi	r18, 0x12	; 18
    1c30:	20 93 e2 05 	sts	0x05E2, r18	; 0x8005e2 <__TEXT_REGION_LENGTH__+0x7f05e2>
/Users/askn/Develop/UPDI4AVR-USB/src/usart.cpp:176
        USART0_STATUS = USART_DREIF_bm;
    1c34:	20 e2       	ldi	r18, 0x20	; 32
    1c36:	20 93 04 08 	sts	0x0804, r18	; 0x800804 <__TEXT_REGION_LENGTH__+0x7f0804>
/Users/askn/Develop/UPDI4AVR-USB/src/usart.cpp:177
        USART0_BAUD = (uint16_t)_baud;
    1c3a:	c0 92 08 08 	sts	0x0808, r12	; 0x800808 <__TEXT_REGION_LENGTH__+0x7f0808>
    1c3e:	d0 92 09 08 	sts	0x0809, r13	; 0x800809 <__TEXT_REGION_LENGTH__+0x7f0809>
/Users/askn/Develop/UPDI4AVR-USB/src/usart.cpp:178
        USART0_CTRLC = _ctrlc;
    1c42:	80 93 07 08 	sts	0x0807, r24	; 0x800807 <__TEXT_REGION_LENGTH__+0x7f0807>
/Users/askn/Develop/UPDI4AVR-USB/src/usart.cpp:179
        USART0_CTRLA = USART_RXCIF_bm;
    1c46:	80 e8       	ldi	r24, 0x80	; 128
    1c48:	80 93 05 08 	sts	0x0805, r24	; 0x800805 <__TEXT_REGION_LENGTH__+0x7f0805>
/Users/askn/Develop/UPDI4AVR-USB/src/usart.cpp:180
        USART0_CTRLB = _ctrlb;
    1c4c:	b0 92 06 08 	sts	0x0806, r11	; 0x800806 <__TEXT_REGION_LENGTH__+0x7f0806>
/Users/askn/Library/Arduino15/packages/MultiX-Zinnia/tools/avr8-gcc/7.3.0-avr8-gnu-toolchain/avr/include/util/atomic.h:70
    (void)__s;
}

static __inline__ void __iRestore(const  uint8_t *__s)
{
    SREG = *__s;
    1c50:	f1 9a       	sbi	0x1e, 1	; 30
__iRestore():
/Users/askn/Develop/UPDI4AVR-USB/src/usart.cpp:183
        bit_set(GPCONF, GPCONF_VCP_bp);
      }
      D1PRINTF(" USART=VCP\r\n");
    1c52:	9f bf       	out	0x3f, r25	; 63
change_vcp():
    1c54:	83 e3       	ldi	r24, 0x33	; 51
    1c56:	9a e0       	ldi	r25, 0x0A	; 10
    1c58:	9f 93       	push	r25
    1c5a:	8f 93       	push	r24
    1c5c:	82 eb       	ldi	r24, 0xB2	; 178
    1c5e:	90 e6       	ldi	r25, 0x60	; 96
    1c60:	9f 93       	push	r25
    1c62:	8f 93       	push	r24
    1c64:	56 de       	rcall	.-852    	; 0x1912 <Print::printf(PGM_t const*, ...) [clone .constprop.17]>
/Users/askn/Develop/UPDI4AVR-USB/src/usart.cpp:184
      drain();
    1c66:	0e 94 9f 05 	call	0xb3e	; 0xb3e <USART::drain(unsigned int) [clone .constprop.13]>
/Users/askn/Develop/UPDI4AVR-USB/src/usart.cpp:188
    }
    else {
      /* If outside the supported range, the USART will remain in the BREAK state. */
      D1PRINTF(" VCP=FAIL\r\n");
    1c6a:	0f 90       	pop	r0
    1c6c:	0f 90       	pop	r0
    1c6e:	0f 90       	pop	r0
    1c70:	0f 90       	pop	r0
/Users/askn/Develop/UPDI4AVR-USB/src/usart.cpp:190
    }
    GPCONF &= ~(GPCONF_HLD_bm | GPCONF_RIS_bm | GPCONF_FAL_bm);
    1c72:	8e b3       	in	r24, 0x1e	; 30
    1c74:	8f 71       	andi	r24, 0x1F	; 31
    1c76:	8e bb       	out	0x1e, r24	; 30
/Users/askn/Develop/UPDI4AVR-USB/src/usart.cpp:191
    if (bit_is_set(GPCONF, GPCONF_USB_bp))
    1c78:	f0 9b       	sbis	0x1e, 0	; 30
/Users/askn/Develop/UPDI4AVR-USB/src/usart.cpp:195
      SYS::LED_HeartBeat();
    else
      SYS::LED_Flash();
  }
    1c7a:	1a c0       	rjmp	.+52     	; 0x1cb0 <USART::change_vcp()+0x17c>
    1c7c:	24 96       	adiw	r28, 0x04	; 4
    1c7e:	cd bf       	out	0x3d, r28	; 61
    1c80:	de bf       	out	0x3e, r29	; 62
    1c82:	df 91       	pop	r29
    1c84:	cf 91       	pop	r28
    1c86:	1f 91       	pop	r17
    1c88:	0f 91       	pop	r16
    1c8a:	ff 90       	pop	r15
    1c8c:	ef 90       	pop	r14
    1c8e:	df 90       	pop	r13
    1c90:	cf 90       	pop	r12
/Users/askn/Develop/UPDI4AVR-USB/src/usart.cpp:192
      /* If outside the supported range, the USART will remain in the BREAK state. */
      D1PRINTF(" VCP=FAIL\r\n");
    }
    GPCONF &= ~(GPCONF_HLD_bm | GPCONF_RIS_bm | GPCONF_FAL_bm);
    if (bit_is_set(GPCONF, GPCONF_USB_bp))
      SYS::LED_HeartBeat();
    1c92:	bf 90       	pop	r11
    1c94:	25 cf       	rjmp	.-438    	; 0x1ae0 <SYS::LED_HeartBeat()>
/Users/askn/Develop/UPDI4AVR-USB/src/usart.cpp:142
  }

  /*** Activates VCP operation. ***/
  /* Detailed parameters are specified in SET_LINE_ENCODING. */
  void change_vcp (void) {
    uint8_t _ctrlb = USART_RXEN_bm | USART_TXEN_bm | USART_ODME_bm;
    1c96:	88 ec       	ldi	r24, 0xC8	; 200
    1c98:	b8 2e       	mov	r11, r24
    1c9a:	88 cf       	rjmp	.-240    	; 0x1bac <USART::change_vcp()+0x78>
/Users/askn/Develop/UPDI4AVR-USB/src/usart.cpp:171
        usart_receiver    = &USB::vcp_receiver_9bit;
        usart_transmitter = &USB::vcp_transceiver_9bit;
        #else
      }
      else {
        _ctrlc += USART_CHSIZE_8BIT_gc;
    1c9c:	8d 5f       	subi	r24, 0xFD	; 253
    1c9e:	c5 cf       	rjmp	.-118    	; 0x1c2a <USART::change_vcp()+0xf6>
/Users/askn/Develop/UPDI4AVR-USB/src/usart.cpp:188
      D1PRINTF(" USART=VCP\r\n");
      drain();
    }
    else {
      /* If outside the supported range, the USART will remain in the BREAK state. */
      D1PRINTF(" VCP=FAIL\r\n");
    1ca0:	87 e2       	ldi	r24, 0x27	; 39
    1ca2:	9a e0       	ldi	r25, 0x0A	; 10
    1ca4:	9f 93       	push	r25
    1ca6:	8f 93       	push	r24
    1ca8:	1f 93       	push	r17
    1caa:	0f 93       	push	r16
    1cac:	32 de       	rcall	.-924    	; 0x1912 <Print::printf(PGM_t const*, ...) [clone .constprop.17]>
    1cae:	dd cf       	rjmp	.-70     	; 0x1c6a <USART::change_vcp()+0x136>
    1cb0:	24 96       	adiw	r28, 0x04	; 4
/Users/askn/Develop/UPDI4AVR-USB/src/usart.cpp:195
    GPCONF &= ~(GPCONF_HLD_bm | GPCONF_RIS_bm | GPCONF_FAL_bm);
    if (bit_is_set(GPCONF, GPCONF_USB_bp))
      SYS::LED_HeartBeat();
    else
      SYS::LED_Flash();
  }
    1cb2:	cd bf       	out	0x3d, r28	; 61
    1cb4:	de bf       	out	0x3e, r29	; 62
    1cb6:	df 91       	pop	r29
    1cb8:	cf 91       	pop	r28
    1cba:	1f 91       	pop	r17
    1cbc:	0f 91       	pop	r16
    1cbe:	ff 90       	pop	r15
    1cc0:	ef 90       	pop	r14
    1cc2:	df 90       	pop	r13
    1cc4:	cf 90       	pop	r12
    1cc6:	bf 90       	pop	r11
    1cc8:	ea ce       	rjmp	.-556    	; 0x1a9e <SYS::LED_Flash()>

00001cca <USB::break_off()>:
break_off():
/Users/askn/Develop/UPDI4AVR-USB/src/usart.cpp:194
    }
    GPCONF &= ~(GPCONF_HLD_bm | GPCONF_RIS_bm | GPCONF_FAL_bm);
    if (bit_is_set(GPCONF, GPCONF_USB_bp))
      SYS::LED_HeartBeat();
    else
      SYS::LED_Flash();
    1cca:	f1 9b       	sbis	0x1e, 1	; 30
/Users/askn/Develop/UPDI4AVR-USB/src/usb.cpp:373
    bit_set(GPCONF, GPCONF_BRK_bp);
  }

  void break_off (void) {
    if (bit_is_set(GPCONF, GPCONF_VCP_bp)
     && bit_is_set(GPCONF, GPCONF_BRK_bp)) {
    1ccc:	04 c0       	rjmp	.+8      	; 0x1cd6 <USB::break_off()+0xc>
    1cce:	f3 9b       	sbis	0x1e, 3	; 30
    1cd0:	02 c0       	rjmp	.+4      	; 0x1cd6 <USB::break_off()+0xc>
    1cd2:	30 df       	rcall	.-416    	; 0x1b34 <USART::change_vcp()>
/Users/askn/Develop/UPDI4AVR-USB/src/usb.cpp:374
      USART::change_vcp();
    1cd4:	f4 9a       	sbi	0x1e, 4	; 30
    1cd6:	f3 98       	cbi	0x1e, 3	; 30
/Users/askn/Develop/UPDI4AVR-USB/src/usb.cpp:375
      bit_set(GPCONF, GPCONF_OPN_bp);
    1cd8:	08 95       	ret

00001cda <PDI::enter_progmode()>:
enter_progmode():
/Users/askn/Develop/UPDI4AVR-USB/src/usb.cpp:377
    }
    bit_clear(GPCONF, GPCONF_BRK_bp);
    1cda:	f9 99       	sbic	0x1f, 1	; 31
/Users/askn/Develop/UPDI4AVR-USB/src/usb.cpp:378
  }
    1cdc:	1d c0       	rjmp	.+58     	; 0x1d18 <PDI::enter_progmode()+0x3e>
/Users/askn/Develop/UPDI4AVR-USB/src/pdi.cpp:366
    if (bit_is_set(PGCONF, PGCONF_UPDI_bp)) return 1;
    return send_bytes(_leave, sizeof(_leave));
  }

  size_t enter_progmode (void) {
    if (bit_is_set(PGCONF, PGCONF_PROG_bp)) return 1;
    1cde:	69 e0       	ldi	r22, 0x09	; 9
    1ce0:	70 e0       	ldi	r23, 0x00	; 0
/Users/askn/Develop/UPDI4AVR-USB/src/pdi.cpp:369

    /* Enter NVMPROGKEY */
    if (send_bytes(nvmprog_key, sizeof(nvmprog_key)) && pdibus_wait()) {
    1ce2:	83 e5       	ldi	r24, 0x53	; 83
    1ce4:	90 e6       	ldi	r25, 0x60	; 96
    1ce6:	ae db       	rcall	.-2212   	; 0x1444 <PDI::send_bytes(unsigned char const*, unsigned int)>
    1ce8:	88 23       	and	r24, r24
    1cea:	c9 f0       	breq	.+50     	; 0x1d1e <PDI::enter_progmode()+0x44>
    1cec:	99 db       	rcall	.-2254   	; 0x1420 <PDI::pdibus_wait()>
    1cee:	88 23       	and	r24, r24
    1cf0:	b1 f0       	breq	.+44     	; 0x1d1e <PDI::enter_progmode()+0x44>
    1cf2:	f9 9a       	sbi	0x1f, 1	; 31
    1cf4:	8d b3       	in	r24, 0x1d	; 29
    1cf6:	1f 92       	push	r1
    1cf8:	8f 93       	push	r24
/Users/askn/Develop/UPDI4AVR-USB/src/pdi.cpp:370
      bit_set(PGCONF, PGCONF_PROG_bp);
    1cfa:	8a e0       	ldi	r24, 0x0A	; 10
/Users/askn/Develop/UPDI4AVR-USB/src/pdi.cpp:371
      D1PRINTF("  NVMP_ON:%02X\r\n", RXDATA);
    1cfc:	98 e0       	ldi	r25, 0x08	; 8
    1cfe:	9f 93       	push	r25
    1d00:	8f 93       	push	r24
    1d02:	82 eb       	ldi	r24, 0xB2	; 178
    1d04:	90 e6       	ldi	r25, 0x60	; 96
    1d06:	9f 93       	push	r25
    1d08:	8f 93       	push	r24
    1d0a:	03 de       	rcall	.-1018   	; 0x1912 <Print::printf(PGM_t const*, ...) [clone .constprop.17]>
    1d0c:	0f 90       	pop	r0
    1d0e:	0f 90       	pop	r0
    1d10:	0f 90       	pop	r0
    1d12:	0f 90       	pop	r0
    1d14:	0f 90       	pop	r0
    1d16:	0f 90       	pop	r0
    1d18:	81 e0       	ldi	r24, 0x01	; 1
    1d1a:	90 e0       	ldi	r25, 0x00	; 0
    1d1c:	08 95       	ret
    1d1e:	8d b3       	in	r24, 0x1d	; 29
/Users/askn/Develop/UPDI4AVR-USB/src/pdi.cpp:366
    if (bit_is_set(PGCONF, PGCONF_UPDI_bp)) return 1;
    return send_bytes(_leave, sizeof(_leave));
  }

  size_t enter_progmode (void) {
    if (bit_is_set(PGCONF, PGCONF_PROG_bp)) return 1;
    1d20:	1f 92       	push	r1
    1d22:	8f 93       	push	r24
/Users/askn/Develop/UPDI4AVR-USB/src/pdi.cpp:376
      D1PRINTF("  NVMP_ON:%02X\r\n", RXDATA);
      return 1;
    }
    D1PRINTF("  Fail:%02X\r\n", RXDATA);
    return 0;
  }
    1d24:	8b e1       	ldi	r24, 0x1B	; 27
/Users/askn/Develop/UPDI4AVR-USB/src/pdi.cpp:374
    if (send_bytes(nvmprog_key, sizeof(nvmprog_key)) && pdibus_wait()) {
      bit_set(PGCONF, PGCONF_PROG_bp);
      D1PRINTF("  NVMP_ON:%02X\r\n", RXDATA);
      return 1;
    }
    D1PRINTF("  Fail:%02X\r\n", RXDATA);
    1d26:	98 e0       	ldi	r25, 0x08	; 8
    1d28:	9f 93       	push	r25
    1d2a:	8f 93       	push	r24
    1d2c:	82 eb       	ldi	r24, 0xB2	; 178
    1d2e:	90 e6       	ldi	r25, 0x60	; 96
    1d30:	9f 93       	push	r25
    1d32:	8f 93       	push	r24
    1d34:	ee dd       	rcall	.-1060   	; 0x1912 <Print::printf(PGM_t const*, ...) [clone .constprop.17]>
    1d36:	0f 90       	pop	r0
    1d38:	0f 90       	pop	r0
    1d3a:	0f 90       	pop	r0
    1d3c:	0f 90       	pop	r0
    1d3e:	0f 90       	pop	r0
    1d40:	0f 90       	pop	r0
    1d42:	90 e0       	ldi	r25, 0x00	; 0
    1d44:	80 e0       	ldi	r24, 0x00	; 0
    1d46:	08 95       	ret

00001d48 <PDI::timeout_fallback()>:
timeout_fallback():
/Users/askn/Develop/UPDI4AVR-USB/src/pdi.cpp:375
    return 0;
    1d48:	8d ee       	ldi	r24, 0xED	; 237
    1d4a:	97 e0       	ldi	r25, 0x07	; 7
/Users/askn/Develop/UPDI4AVR-USB/src/pdi.cpp:317
  }

  // MARK: PDI Session

  size_t timeout_fallback (void) {
    D1PRINTF(" Fail\r\n");
    1d4c:	9f 93       	push	r25
    1d4e:	8f 93       	push	r24
    1d50:	82 eb       	ldi	r24, 0xB2	; 178
    1d52:	90 e6       	ldi	r25, 0x60	; 96
    1d54:	9f 93       	push	r25
    1d56:	8f 93       	push	r24
    1d58:	dc dd       	rcall	.-1096   	; 0x1912 <Print::printf(PGM_t const*, ...) [clone .constprop.17]>
    1d5a:	80 91 59 63 	lds	r24, 0x6359	; 0x806359 <_xclk>
/Users/askn/Develop/UPDI4AVR-USB/src/pdi.cpp:319
    /* If a timeout occurs, the communication speed will be reduced. */
    if (_xclk == 50) return 0;
    1d5e:	90 91 5a 63 	lds	r25, 0x635A	; 0x80635a <_xclk+0x1>
    1d62:	0f 90       	pop	r0
    1d64:	0f 90       	pop	r0
    1d66:	0f 90       	pop	r0
    1d68:	0f 90       	pop	r0
    1d6a:	82 33       	cpi	r24, 0x32	; 50
    1d6c:	91 05       	cpc	r25, r1
/Users/askn/Develop/UPDI4AVR-USB/src/pdi.cpp:320
    _xclk -= 50;
    1d6e:	79 f0       	breq	.+30     	; 0x1d8e <PDI::timeout_fallback()+0x46>
/Users/askn/Develop/UPDI4AVR-USB/src/pdi.cpp:321
    if (_xclk < 50) _xclk = 50;
    1d70:	c2 97       	sbiw	r24, 0x32	; 50
    1d72:	82 33       	cpi	r24, 0x32	; 50
    1d74:	91 05       	cpc	r25, r1
    1d76:	40 f0       	brcs	.+16     	; 0x1d88 <PDI::timeout_fallback()+0x40>
    1d78:	80 93 59 63 	sts	0x6359, r24	; 0x806359 <_xclk>
/Users/askn/Develop/UPDI4AVR-USB/src/pdi.cpp:322
    USART::change_pdi();
    1d7c:	90 93 5a 63 	sts	0x635A, r25	; 0x80635a <_xclk+0x1>
/Users/askn/Develop/UPDI4AVR-USB/src/pdi.cpp:323
    return send_break();
    1d80:	ec dd       	rcall	.-1064   	; 0x195a <USART::change_pdi()>
    1d82:	15 dc       	rcall	.-2006   	; 0x15ae <PDI::send_break()>
    1d84:	90 e0       	ldi	r25, 0x00	; 0
/Users/askn/Develop/UPDI4AVR-USB/src/pdi.cpp:321
  size_t timeout_fallback (void) {
    D1PRINTF(" Fail\r\n");
    /* If a timeout occurs, the communication speed will be reduced. */
    if (_xclk == 50) return 0;
    _xclk -= 50;
    if (_xclk < 50) _xclk = 50;
    1d86:	08 95       	ret
    1d88:	82 e3       	ldi	r24, 0x32	; 50
    1d8a:	90 e0       	ldi	r25, 0x00	; 0
/Users/askn/Develop/UPDI4AVR-USB/src/pdi.cpp:319
  // MARK: PDI Session

  size_t timeout_fallback (void) {
    D1PRINTF(" Fail\r\n");
    /* If a timeout occurs, the communication speed will be reduced. */
    if (_xclk == 50) return 0;
    1d8c:	f5 cf       	rjmp	.-22     	; 0x1d78 <PDI::timeout_fallback()+0x30>
/Users/askn/Develop/UPDI4AVR-USB/src/pdi.cpp:324
    _xclk -= 50;
    if (_xclk < 50) _xclk = 50;
    USART::change_pdi();
    return send_break();
  }
    1d8e:	90 e0       	ldi	r25, 0x00	; 0
/Users/askn/Develop/UPDI4AVR-USB/src/pdi.cpp:266
      }
    }
    return _rspsize;
  }

  size_t write_memory (void) {
    1d90:	80 e0       	ldi	r24, 0x00	; 0
    1d92:	08 95       	ret

00001d94 <PDI::write_memory()>:
write_memory():
    1d94:	cf 92       	push	r12
    1d96:	df 92       	push	r13
    1d98:	ef 92       	push	r14
    1d9a:	ff 92       	push	r15
    1d9c:	0f 93       	push	r16
/Users/askn/Develop/UPDI4AVR-USB/src/pdi.cpp:268
    uint8_t _nvm_cmd = 0, _nvm_pclr = 0, _nvm_pset = 0;
    uint8_t   m_type = packet.out.bMType;
    1d9e:	1f 93       	push	r17
    1da0:	cf 93       	push	r28
/Users/askn/Develop/UPDI4AVR-USB/src/pdi.cpp:269
    uint32_t _dwAddr = packet.out.dwAddr + get_mtype_offset(m_type);
    1da2:	df 93       	push	r29
    1da4:	c0 91 e4 60 	lds	r28, 0x60E4	; 0x8060e4 <packet+0x7>
    1da8:	c0 90 e5 60 	lds	r12, 0x60E5	; 0x8060e5 <packet+0x8>
    1dac:	d0 90 e6 60 	lds	r13, 0x60E6	; 0x8060e6 <packet+0x9>
    1db0:	e0 90 e7 60 	lds	r14, 0x60E7	; 0x8060e7 <packet+0xa>
    1db4:	f0 90 e8 60 	lds	r15, 0x60E8	; 0x8060e8 <packet+0xb>
    1db8:	8c 2f       	mov	r24, r28
    1dba:	92 da       	rcall	.-2780   	; 0x12e0 <PDI::get_mtype_offset(unsigned char)>
    1dbc:	c6 0e       	add	r12, r22
/Users/askn/Develop/UPDI4AVR-USB/src/pdi.cpp:270
    size_t  _wLength = packet.out.dwLength;
    1dbe:	d7 1e       	adc	r13, r23
    1dc0:	e8 1e       	adc	r14, r24
    1dc2:	f9 1e       	adc	r15, r25
    1dc4:	00 91 e9 60 	lds	r16, 0x60E9	; 0x8060e9 <packet+0xc>
/Users/askn/Develop/UPDI4AVR-USB/src/pdi.cpp:271
    _CAPS32(_set_ptr32[1])->dword = _dwAddr;
    1dc8:	10 91 ea 60 	lds	r17, 0x60EA	; 0x8060ea <packet+0xd>
    1dcc:	c0 92 0f 60 	sts	0x600F, r12	; 0x80600f <PDI::_set_ptr32+0x1>
    1dd0:	d0 92 10 60 	sts	0x6010, r13	; 0x806010 <PDI::_set_ptr32+0x2>
    1dd4:	e0 92 11 60 	sts	0x6011, r14	; 0x806011 <PDI::_set_ptr32+0x3>
/Users/askn/Develop/UPDI4AVR-USB/src/pdi.cpp:272
    _CAPS16(_set_repeat[1])->word = _wLength - 1;
    1dd8:	f0 92 12 60 	sts	0x6012, r15	; 0x806012 <PDI::_set_ptr32+0x4>
    1ddc:	98 01       	movw	r18, r16
    1dde:	21 50       	subi	r18, 0x01	; 1
    1de0:	31 09       	sbc	r19, r1
    1de2:	20 93 0b 60 	sts	0x600B, r18	; 0x80600b <PDI::_set_repeat+0x1>
/Users/askn/Develop/UPDI4AVR-USB/src/pdi.cpp:273
    _set_repeat[3] = 0x64;  /* ST PTR++ DATA1 */
    1de6:	30 93 0c 60 	sts	0x600C, r19	; 0x80600c <PDI::_set_repeat+0x2>
/Users/askn/Develop/UPDI4AVR-USB/src/pdi.cpp:274
    D1PRINTF(" L=%04X,A=%08lX,", _wLength, _dwAddr);
    1dea:	24 e6       	ldi	r18, 0x64	; 100
    1dec:	20 93 0d 60 	sts	0x600D, r18	; 0x80600d <PDI::_set_repeat+0x3>
    1df0:	ff 92       	push	r15
    1df2:	ef 92       	push	r14
    1df4:	df 92       	push	r13
    1df6:	cf 92       	push	r12
    1df8:	1f 93       	push	r17
    1dfa:	0f 93       	push	r16
    1dfc:	8c ed       	ldi	r24, 0xDC	; 220
    1dfe:	97 e0       	ldi	r25, 0x07	; 7
    1e00:	9f 93       	push	r25
    1e02:	8f 93       	push	r24
    1e04:	82 eb       	ldi	r24, 0xB2	; 178
    1e06:	90 e6       	ldi	r25, 0x60	; 96
/Users/askn/Develop/UPDI4AVR-USB/src/pdi.cpp:275
    nvm_wait();
    1e08:	9f 93       	push	r25
    1e0a:	8f 93       	push	r24
/Users/askn/Develop/UPDI4AVR-USB/src/pdi.cpp:276
    if (m_type == 0xC0) {                                           /* APPCODE or FLASH */
    1e0c:	82 dd       	rcall	.-1276   	; 0x1912 <Print::printf(PGM_t const*, ...) [clone .constprop.17]>
    1e0e:	3e db       	rcall	.-2436   	; 0x148c <PDI::nvm_wait()>
    1e10:	8d b7       	in	r24, 0x3d	; 61
    1e12:	9e b7       	in	r25, 0x3e	; 62
    1e14:	0a 96       	adiw	r24, 0x0a	; 10
    1e16:	8d bf       	out	0x3d, r24	; 61
    1e18:	9e bf       	out	0x3e, r25	; 62
    1e1a:	c0 3c       	cpi	r28, 0xC0	; 192
/Users/askn/Develop/UPDI4AVR-USB/src/pdi.cpp:279
      _nvm_cmd = 0x25; _nvm_pclr = 0x26; _nvm_pset = 0x23;
    }
    else if (m_type == 0xB0 || m_type == 0xC1) {                    /* BOOTCODE */
    1e1c:	09 f4       	brne	.+2      	; 0x1e20 <PDI::write_memory()+0x8c>
    1e1e:	3f c0       	rjmp	.+126    	; 0x1e9e <PDI::write_memory()+0x10a>
    1e20:	c0 3b       	cpi	r28, 0xB0	; 176
    1e22:	09 f4       	brne	.+2      	; 0x1e26 <PDI::write_memory()+0x92>
    1e24:	7a c0       	rjmp	.+244    	; 0x1f1a <PDI::write_memory()+0x186>
/Users/askn/Develop/UPDI4AVR-USB/src/pdi.cpp:282
      _nvm_cmd = 0x2D; _nvm_pclr = 0x26; _nvm_pset = 0x23;
    }
    else if (m_type == 0x22 || m_type == 0xB1 || m_type == 0xC4) {  /* EEPROM */
    1e26:	c1 3c       	cpi	r28, 0xC1	; 193
    1e28:	09 f4       	brne	.+2      	; 0x1e2c <PDI::write_memory()+0x98>
    1e2a:	77 c0       	rjmp	.+238    	; 0x1f1a <PDI::write_memory()+0x186>
    1e2c:	c2 32       	cpi	r28, 0x22	; 34
    1e2e:	09 f4       	brne	.+2      	; 0x1e32 <PDI::write_memory()+0x9e>
    1e30:	78 c0       	rjmp	.+240    	; 0x1f22 <PDI::write_memory()+0x18e>
    1e32:	c1 3b       	cpi	r28, 0xB1	; 177
    1e34:	09 f4       	brne	.+2      	; 0x1e38 <PDI::write_memory()+0xa4>
/Users/askn/Develop/UPDI4AVR-USB/src/pdi.cpp:285
      _nvm_cmd = 0x35; _nvm_pclr = 0x36; _nvm_pset = 0x33;
    }
    else if (m_type == 0xC5) {                                      /* USERSIG */
    1e36:	75 c0       	rjmp	.+234    	; 0x1f22 <PDI::write_memory()+0x18e>
    1e38:	c4 3c       	cpi	r28, 0xC4	; 196
    1e3a:	09 f4       	brne	.+2      	; 0x1e3e <PDI::write_memory()+0xaa>
/Users/askn/Develop/UPDI4AVR-USB/src/pdi.cpp:289
      _nvm_cmd = 0x1A; _nvm_pclr = 0x26; _nvm_pset = 0x23;
    }
    else {
      if      (m_type == 0xB2) _nvm_cmd = 0x4C;   /* FUSE */
    1e3c:	72 c0       	rjmp	.+228    	; 0x1f22 <PDI::write_memory()+0x18e>
    1e3e:	c5 3c       	cpi	r28, 0xC5	; 197
/Users/askn/Develop/UPDI4AVR-USB/src/pdi.cpp:290
      else if (m_type == 0xB3) _nvm_cmd = 0x08;   /* LOCK */
    1e40:	09 f4       	brne	.+2      	; 0x1e44 <PDI::write_memory()+0xb0>
    1e42:	73 c0       	rjmp	.+230    	; 0x1f2a <PDI::write_memory()+0x196>
    1e44:	c2 3b       	cpi	r28, 0xB2	; 178
/Users/askn/Develop/UPDI4AVR-USB/src/pdi.cpp:291
      else return 0;
    1e46:	31 f0       	breq	.+12     	; 0x1e54 <PDI::write_memory()+0xc0>
    1e48:	88 e0       	ldi	r24, 0x08	; 8
    1e4a:	c3 3b       	cpi	r28, 0xB3	; 179
/Users/askn/Develop/UPDI4AVR-USB/src/pdi.cpp:289
    }
    else if (m_type == 0xC5) {                                      /* USERSIG */
      _nvm_cmd = 0x1A; _nvm_pclr = 0x26; _nvm_pset = 0x23;
    }
    else {
      if      (m_type == 0xB2) _nvm_cmd = 0x4C;   /* FUSE */
    1e4c:	21 f0       	breq	.+8      	; 0x1e56 <PDI::write_memory()+0xc2>
/Users/askn/Develop/UPDI4AVR-USB/src/pdi.cpp:292
      else if (m_type == 0xB3) _nvm_cmd = 0x08;   /* LOCK */
      else return 0;
      return (nvm_cmd(_nvm_cmd)
    1e4e:	90 e0       	ldi	r25, 0x00	; 0
    1e50:	80 e0       	ldi	r24, 0x00	; 0
/Users/askn/Develop/UPDI4AVR-USB/src/pdi.cpp:296
           && send_bytes(_set_ptr32, sizeof(_set_ptr32))
           && send_bytes(_set_repeat, sizeof(_set_repeat))
           && send_bytes(&packet.out.memData[0], _wLength)
           && nvm_wait());
    1e52:	06 c0       	rjmp	.+12     	; 0x1e60 <PDI::write_memory()+0xcc>
/Users/askn/Develop/UPDI4AVR-USB/src/pdi.cpp:311
     && send_bytes(&packet.out.memData[0], _wLength)
     && nvm_cmd(_nvm_cmd)
     && send_bytes(_set_ptr32, sizeof(_set_ptr32))
     && send(0x64)  /* ST */
     && send(0xFF)  /* dummy byte */
     && nvm_wait());
    1e54:	8c e4       	ldi	r24, 0x4C	; 76
    1e56:	3c db       	rcall	.-2440   	; 0x14d0 <PDI::nvm_cmd(unsigned char)>
/Users/askn/Develop/UPDI4AVR-USB/src/pdi.cpp:312
  }
    1e58:	81 11       	cpse	r24, r1
    1e5a:	0b c0       	rjmp	.+22     	; 0x1e72 <PDI::write_memory()+0xde>
    1e5c:	80 e0       	ldi	r24, 0x00	; 0
    1e5e:	90 e0       	ldi	r25, 0x00	; 0
    1e60:	df 91       	pop	r29
    1e62:	cf 91       	pop	r28
    1e64:	1f 91       	pop	r17
    1e66:	0f 91       	pop	r16
/Users/askn/Develop/UPDI4AVR-USB/src/pdi.cpp:293
    else {
      if      (m_type == 0xB2) _nvm_cmd = 0x4C;   /* FUSE */
      else if (m_type == 0xB3) _nvm_cmd = 0x08;   /* LOCK */
      else return 0;
      return (nvm_cmd(_nvm_cmd)
           && send_bytes(_set_ptr32, sizeof(_set_ptr32))
    1e68:	ff 90       	pop	r15
    1e6a:	ef 90       	pop	r14
    1e6c:	df 90       	pop	r13
    1e6e:	cf 90       	pop	r12
    1e70:	08 95       	ret
    1e72:	65 e0       	ldi	r22, 0x05	; 5
    1e74:	70 e0       	ldi	r23, 0x00	; 0
    1e76:	8e e0       	ldi	r24, 0x0E	; 14
/Users/askn/Develop/UPDI4AVR-USB/src/pdi.cpp:294
           && send_bytes(_set_repeat, sizeof(_set_repeat))
    1e78:	90 e6       	ldi	r25, 0x60	; 96
    1e7a:	e4 da       	rcall	.-2616   	; 0x1444 <PDI::send_bytes(unsigned char const*, unsigned int)>
    1e7c:	88 23       	and	r24, r24
    1e7e:	71 f3       	breq	.-36     	; 0x1e5c <PDI::write_memory()+0xc8>
    1e80:	64 e0       	ldi	r22, 0x04	; 4
    1e82:	70 e0       	ldi	r23, 0x00	; 0
    1e84:	8a e0       	ldi	r24, 0x0A	; 10
    1e86:	90 e6       	ldi	r25, 0x60	; 96
/Users/askn/Develop/UPDI4AVR-USB/src/pdi.cpp:295
           && send_bytes(&packet.out.memData[0], _wLength)
    1e88:	dd da       	rcall	.-2630   	; 0x1444 <PDI::send_bytes(unsigned char const*, unsigned int)>
    1e8a:	88 23       	and	r24, r24
    1e8c:	39 f3       	breq	.-50     	; 0x1e5c <PDI::write_memory()+0xc8>
    1e8e:	b8 01       	movw	r22, r16
    1e90:	8e ee       	ldi	r24, 0xEE	; 238
/Users/askn/Develop/UPDI4AVR-USB/src/pdi.cpp:310
     && send_bytes(_set_repeat, sizeof(_set_repeat))
     && send_bytes(&packet.out.memData[0], _wLength)
     && nvm_cmd(_nvm_cmd)
     && send_bytes(_set_ptr32, sizeof(_set_ptr32))
     && send(0x64)  /* ST */
     && send(0xFF)  /* dummy byte */
    1e92:	90 e6       	ldi	r25, 0x60	; 96
    1e94:	d7 da       	rcall	.-2642   	; 0x1444 <PDI::send_bytes(unsigned char const*, unsigned int)>
/Users/askn/Develop/UPDI4AVR-USB/src/pdi.cpp:311
     && nvm_wait());
    1e96:	88 23       	and	r24, r24
    1e98:	09 f3       	breq	.-62     	; 0x1e5c <PDI::write_memory()+0xc8>
    1e9a:	f8 da       	rcall	.-2576   	; 0x148c <PDI::nvm_wait()>
/Users/askn/Develop/UPDI4AVR-USB/src/pdi.cpp:277
    _CAPS16(_set_repeat[1])->word = _wLength - 1;
    _set_repeat[3] = 0x64;  /* ST PTR++ DATA1 */
    D1PRINTF(" L=%04X,A=%08lX,", _wLength, _dwAddr);
    nvm_wait();
    if (m_type == 0xC0) {                                           /* APPCODE or FLASH */
      _nvm_cmd = 0x25; _nvm_pclr = 0x26; _nvm_pset = 0x23;
    1e9c:	e0 cf       	rjmp	.-64     	; 0x1e5e <PDI::write_memory()+0xca>
    1e9e:	d3 e2       	ldi	r29, 0x23	; 35
    1ea0:	86 e2       	ldi	r24, 0x26	; 38
/Users/askn/Develop/UPDI4AVR-USB/src/pdi.cpp:300
           && send_bytes(&packet.out.memData[0], _wLength)
           && nvm_wait());
    }

    /* FLASH, BOOTCODE, APPCODE or EEPROM */
    return (nvm_cmd(_nvm_pclr)
    1ea2:	c5 e2       	ldi	r28, 0x25	; 37
    1ea4:	15 db       	rcall	.-2518   	; 0x14d0 <PDI::nvm_cmd(unsigned char)>
/Users/askn/Develop/UPDI4AVR-USB/src/pdi.cpp:311
     && send_bytes(&packet.out.memData[0], _wLength)
     && nvm_cmd(_nvm_cmd)
     && send_bytes(_set_ptr32, sizeof(_set_ptr32))
     && send(0x64)  /* ST */
     && send(0xFF)  /* dummy byte */
     && nvm_wait());
    1ea6:	88 23       	and	r24, r24
/Users/askn/Develop/UPDI4AVR-USB/src/pdi.cpp:301
           && nvm_wait());
    }

    /* FLASH, BOOTCODE, APPCODE or EEPROM */
    return (nvm_cmd(_nvm_pclr)
     && nvm_cmdex()
    1ea8:	c9 f2       	breq	.-78     	; 0x1e5c <PDI::write_memory()+0xc8>
    1eaa:	2d db       	rcall	.-2470   	; 0x1506 <PDI::nvm_cmdex()>
    1eac:	88 23       	and	r24, r24
    1eae:	b1 f2       	breq	.-84     	; 0x1e5c <PDI::write_memory()+0xc8>
/Users/askn/Develop/UPDI4AVR-USB/src/pdi.cpp:302
     && nvm_wait()
    1eb0:	ed da       	rcall	.-2598   	; 0x148c <PDI::nvm_wait()>
    1eb2:	88 23       	and	r24, r24
    1eb4:	99 f2       	breq	.-90     	; 0x1e5c <PDI::write_memory()+0xc8>
/Users/askn/Develop/UPDI4AVR-USB/src/pdi.cpp:303
     && nvm_cmd(_nvm_pset)
    1eb6:	8d 2f       	mov	r24, r29
    1eb8:	0b db       	rcall	.-2538   	; 0x14d0 <PDI::nvm_cmd(unsigned char)>
    1eba:	88 23       	and	r24, r24
    1ebc:	79 f2       	breq	.-98     	; 0x1e5c <PDI::write_memory()+0xc8>
/Users/askn/Develop/UPDI4AVR-USB/src/pdi.cpp:304
     && send_bytes(_set_ptr32, sizeof(_set_ptr32))
    1ebe:	65 e0       	ldi	r22, 0x05	; 5
    1ec0:	70 e0       	ldi	r23, 0x00	; 0
    1ec2:	8e e0       	ldi	r24, 0x0E	; 14
    1ec4:	90 e6       	ldi	r25, 0x60	; 96
    1ec6:	be da       	rcall	.-2692   	; 0x1444 <PDI::send_bytes(unsigned char const*, unsigned int)>
    1ec8:	88 23       	and	r24, r24
    1eca:	09 f4       	brne	.+2      	; 0x1ece <PDI::write_memory()+0x13a>
    1ecc:	c7 cf       	rjmp	.-114    	; 0x1e5c <PDI::write_memory()+0xc8>
    1ece:	64 e0       	ldi	r22, 0x04	; 4
/Users/askn/Develop/UPDI4AVR-USB/src/pdi.cpp:305
     && send_bytes(_set_repeat, sizeof(_set_repeat))
    1ed0:	70 e0       	ldi	r23, 0x00	; 0
    1ed2:	8a e0       	ldi	r24, 0x0A	; 10
    1ed4:	90 e6       	ldi	r25, 0x60	; 96
    1ed6:	b6 da       	rcall	.-2708   	; 0x1444 <PDI::send_bytes(unsigned char const*, unsigned int)>
    1ed8:	88 23       	and	r24, r24
    1eda:	09 f4       	brne	.+2      	; 0x1ede <PDI::write_memory()+0x14a>
    1edc:	bf cf       	rjmp	.-130    	; 0x1e5c <PDI::write_memory()+0xc8>
    1ede:	b8 01       	movw	r22, r16
    1ee0:	8e ee       	ldi	r24, 0xEE	; 238
/Users/askn/Develop/UPDI4AVR-USB/src/pdi.cpp:306
     && send_bytes(&packet.out.memData[0], _wLength)
    1ee2:	90 e6       	ldi	r25, 0x60	; 96
    1ee4:	af da       	rcall	.-2722   	; 0x1444 <PDI::send_bytes(unsigned char const*, unsigned int)>
    1ee6:	88 23       	and	r24, r24
    1ee8:	09 f4       	brne	.+2      	; 0x1eec <PDI::write_memory()+0x158>
    1eea:	b8 cf       	rjmp	.-144    	; 0x1e5c <PDI::write_memory()+0xc8>
    1eec:	8c 2f       	mov	r24, r28
    1eee:	f0 da       	rcall	.-2592   	; 0x14d0 <PDI::nvm_cmd(unsigned char)>
    1ef0:	88 23       	and	r24, r24
/Users/askn/Develop/UPDI4AVR-USB/src/pdi.cpp:307
     && nvm_cmd(_nvm_cmd)
    1ef2:	09 f4       	brne	.+2      	; 0x1ef6 <PDI::write_memory()+0x162>
    1ef4:	b3 cf       	rjmp	.-154    	; 0x1e5c <PDI::write_memory()+0xc8>
    1ef6:	65 e0       	ldi	r22, 0x05	; 5
    1ef8:	70 e0       	ldi	r23, 0x00	; 0
    1efa:	8e e0       	ldi	r24, 0x0E	; 14
    1efc:	90 e6       	ldi	r25, 0x60	; 96
/Users/askn/Develop/UPDI4AVR-USB/src/pdi.cpp:308
     && send_bytes(_set_ptr32, sizeof(_set_ptr32))
    1efe:	a2 da       	rcall	.-2748   	; 0x1444 <PDI::send_bytes(unsigned char const*, unsigned int)>
    1f00:	88 23       	and	r24, r24
    1f02:	09 f4       	brne	.+2      	; 0x1f06 <PDI::write_memory()+0x172>
    1f04:	ab cf       	rjmp	.-170    	; 0x1e5c <PDI::write_memory()+0xc8>
    1f06:	84 e6       	ldi	r24, 0x64	; 100
    1f08:	0e 94 34 06 	call	0xc68	; 0xc68 <PDI::send(unsigned char)>
    1f0c:	88 23       	and	r24, r24
    1f0e:	09 f4       	brne	.+2      	; 0x1f12 <PDI::write_memory()+0x17e>
/Users/askn/Develop/UPDI4AVR-USB/src/pdi.cpp:309
     && send(0x64)  /* ST */
    1f10:	a5 cf       	rjmp	.-182    	; 0x1e5c <PDI::write_memory()+0xc8>
    1f12:	8f ef       	ldi	r24, 0xFF	; 255
    1f14:	0e 94 34 06 	call	0xc68	; 0xc68 <PDI::send(unsigned char)>
    1f18:	be cf       	rjmp	.-132    	; 0x1e96 <PDI::write_memory()+0x102>
    1f1a:	d3 e2       	ldi	r29, 0x23	; 35
/Users/askn/Develop/UPDI4AVR-USB/src/pdi.cpp:310
     && send(0xFF)  /* dummy byte */
    1f1c:	86 e2       	ldi	r24, 0x26	; 38
    1f1e:	cd e2       	ldi	r28, 0x2D	; 45
    1f20:	c1 cf       	rjmp	.-126    	; 0x1ea4 <PDI::write_memory()+0x110>
    1f22:	d3 e3       	ldi	r29, 0x33	; 51
/Users/askn/Develop/UPDI4AVR-USB/src/pdi.cpp:280
    nvm_wait();
    if (m_type == 0xC0) {                                           /* APPCODE or FLASH */
      _nvm_cmd = 0x25; _nvm_pclr = 0x26; _nvm_pset = 0x23;
    }
    else if (m_type == 0xB0 || m_type == 0xC1) {                    /* BOOTCODE */
      _nvm_cmd = 0x2D; _nvm_pclr = 0x26; _nvm_pset = 0x23;
    1f24:	86 e3       	ldi	r24, 0x36	; 54
    1f26:	c5 e3       	ldi	r28, 0x35	; 53
    1f28:	bd cf       	rjmp	.-134    	; 0x1ea4 <PDI::write_memory()+0x110>
    1f2a:	d3 e2       	ldi	r29, 0x23	; 35
/Users/askn/Develop/UPDI4AVR-USB/src/pdi.cpp:283
    }
    else if (m_type == 0x22 || m_type == 0xB1 || m_type == 0xC4) {  /* EEPROM */
      _nvm_cmd = 0x35; _nvm_pclr = 0x36; _nvm_pset = 0x33;
    1f2c:	86 e2       	ldi	r24, 0x26	; 38
    1f2e:	ca e1       	ldi	r28, 0x1A	; 26
    1f30:	b9 cf       	rjmp	.-142    	; 0x1ea4 <PDI::write_memory()+0x110>

00001f32 <PDI::read_memory()>:
read_memory():
    1f32:	cf 92       	push	r12
/Users/askn/Develop/UPDI4AVR-USB/src/pdi.cpp:286
    }
    else if (m_type == 0xC5) {                                      /* USERSIG */
      _nvm_cmd = 0x1A; _nvm_pclr = 0x26; _nvm_pset = 0x23;
    1f34:	df 92       	push	r13
    1f36:	ef 92       	push	r14
    1f38:	ff 92       	push	r15
    1f3a:	0f 93       	push	r16
/Users/askn/Develop/UPDI4AVR-USB/src/pdi.cpp:239
    /* Any other sections specified will be ignored, */
    /* but the command will return successful completion. */
    return 1;
  }

  size_t read_memory (void) {
    1f3c:	1f 93       	push	r17
    1f3e:	cf 93       	push	r28
    1f40:	df 93       	push	r29
    1f42:	c0 90 e5 60 	lds	r12, 0x60E5	; 0x8060e5 <packet+0x8>
    1f46:	d0 90 e6 60 	lds	r13, 0x60E6	; 0x8060e6 <packet+0x9>
    1f4a:	e0 90 e7 60 	lds	r14, 0x60E7	; 0x8060e7 <packet+0xa>
/Users/askn/Develop/UPDI4AVR-USB/src/pdi.cpp:241
    uint8_t   m_type = packet.out.bMType;
    uint32_t _dwAddr = packet.out.dwAddr + get_mtype_offset(m_type);
    1f4e:	f0 90 e8 60 	lds	r15, 0x60E8	; 0x8060e8 <packet+0xb>
    1f52:	80 91 e4 60 	lds	r24, 0x60E4	; 0x8060e4 <packet+0x7>
    1f56:	c4 d9       	rcall	.-3192   	; 0x12e0 <PDI::get_mtype_offset(unsigned char)>
    1f58:	c6 0e       	add	r12, r22
    1f5a:	d7 1e       	adc	r13, r23
    1f5c:	e8 1e       	adc	r14, r24
    1f5e:	f9 1e       	adc	r15, r25
    1f60:	c0 91 e9 60 	lds	r28, 0x60E9	; 0x8060e9 <packet+0xc>
    1f64:	d0 91 ea 60 	lds	r29, 0x60EA	; 0x8060ea <packet+0xd>
    1f68:	ff 92       	push	r15
    1f6a:	ef 92       	push	r14
/Users/askn/Develop/UPDI4AVR-USB/src/pdi.cpp:242
    size_t  _wLength = packet.out.dwLength;
    1f6c:	df 92       	push	r13
    1f6e:	cf 92       	push	r12
    1f70:	df 93       	push	r29
    1f72:	cf 93       	push	r28
/Users/askn/Develop/UPDI4AVR-USB/src/pdi.cpp:244
    size_t  _rspsize = 0;
    D1PRINTF(" L=%04X,A=%08lX,", _wLength, _dwAddr);
    1f74:	8b ec       	ldi	r24, 0xCB	; 203
    1f76:	97 e0       	ldi	r25, 0x07	; 7
    1f78:	9f 93       	push	r25
    1f7a:	8f 93       	push	r24
    1f7c:	82 eb       	ldi	r24, 0xB2	; 178
    1f7e:	90 e6       	ldi	r25, 0x60	; 96
    1f80:	9f 93       	push	r25
    1f82:	8f 93       	push	r24
    1f84:	c6 dc       	rcall	.-1652   	; 0x1912 <Print::printf(PGM_t const*, ...) [clone .constprop.17]>
    1f86:	83 e4       	ldi	r24, 0x43	; 67
    1f88:	a3 da       	rcall	.-2746   	; 0x14d0 <PDI::nvm_cmd(unsigned char)>
    1f8a:	ed b7       	in	r30, 0x3d	; 61
    1f8c:	fe b7       	in	r31, 0x3e	; 62
    1f8e:	3a 96       	adiw	r30, 0x0a	; 10
    1f90:	ed bf       	out	0x3d, r30	; 61
    1f92:	fe bf       	out	0x3e, r31	; 62
/Users/askn/Develop/UPDI4AVR-USB/src/pdi.cpp:245
    if (!nvm_cmd(0x43)) return 0;
    1f94:	88 23       	and	r24, r24
    1f96:	09 f4       	brne	.+2      	; 0x1f9a <PDI::read_memory()+0x68>
    1f98:	5a c0       	rjmp	.+180    	; 0x204e <__DATA_REGION_LENGTH__+0x4e>
    1f9a:	c1 30       	cpi	r28, 0x01	; 1
    1f9c:	d1 05       	cpc	r29, r1
    1f9e:	11 f5       	brne	.+68     	; 0x1fe4 <PDI::read_memory()+0xb2>
recv_byte():
    1fa0:	c0 92 06 60 	sts	0x6006, r12	; 0x806006 <PDI::recv_byte(unsigned long)::_set_ptr+0x1>
    1fa4:	d0 92 07 60 	sts	0x6007, r13	; 0x806007 <PDI::recv_byte(unsigned long)::_set_ptr+0x2>
    1fa8:	e0 92 08 60 	sts	0x6008, r14	; 0x806008 <PDI::recv_byte(unsigned long)::_set_ptr+0x3>
/Users/askn/Develop/UPDI4AVR-USB/src/pdi.cpp:246
    if (_wLength == 1) {
    1fac:	f0 92 09 60 	sts	0x6009, r15	; 0x806009 <PDI::recv_byte(unsigned long)::_set_ptr+0x4>
/Users/askn/Develop/UPDI4AVR-USB/src/pdi.cpp:132

  bool recv_byte (uint32_t _dwAddr) {
    static uint8_t _set_ptr[] = {
      0x0C, 0, 0, 0, 0    /* LDS ADDR4 DATA1 */
    };
    _CAPS32(_set_ptr[1])->dword = _dwAddr;
    1fb0:	65 e0       	ldi	r22, 0x05	; 5
    1fb2:	70 e0       	ldi	r23, 0x00	; 0
    1fb4:	85 e0       	ldi	r24, 0x05	; 5
    1fb6:	90 e6       	ldi	r25, 0x60	; 96
    1fb8:	45 da       	rcall	.-2934   	; 0x1444 <PDI::send_bytes(unsigned char const*, unsigned int)>
    1fba:	88 23       	and	r24, r24
    1fbc:	09 f4       	brne	.+2      	; 0x1fc0 <PDI::read_memory()+0x8e>
    1fbe:	47 c0       	rjmp	.+142    	; 0x204e <__DATA_REGION_LENGTH__+0x4e>
/Users/askn/Develop/UPDI4AVR-USB/src/pdi.cpp:133
    return send_bytes(_set_ptr, sizeof(_set_ptr)) && recv_byte();
    1fc0:	1d da       	rcall	.-3014   	; 0x13fc <PDI::recv_byte()>
    1fc2:	88 23       	and	r24, r24
    1fc4:	09 f4       	brne	.+2      	; 0x1fc8 <PDI::read_memory()+0x96>
    1fc6:	43 c0       	rjmp	.+134    	; 0x204e <__DATA_REGION_LENGTH__+0x4e>
read_memory():
    1fc8:	8d b3       	in	r24, 0x1d	; 29
    1fca:	80 93 e4 60 	sts	0x60E4, r24	; 0x8060e4 <packet+0x7>
    1fce:	82 e0       	ldi	r24, 0x02	; 2
    1fd0:	90 e0       	ldi	r25, 0x00	; 0
    1fd2:	df 91       	pop	r29
    1fd4:	cf 91       	pop	r28
    1fd6:	1f 91       	pop	r17
    1fd8:	0f 91       	pop	r16
    1fda:	ff 90       	pop	r15
/Users/askn/Develop/UPDI4AVR-USB/src/pdi.cpp:248
    size_t  _rspsize = 0;
    D1PRINTF(" L=%04X,A=%08lX,", _wLength, _dwAddr);
    if (!nvm_cmd(0x43)) return 0;
    if (_wLength == 1) {
      if (recv_byte(_dwAddr)) {
        packet.in.data[0] = RXDATA;
    1fdc:	ef 90       	pop	r14
    1fde:	df 90       	pop	r13
    1fe0:	cf 90       	pop	r12
/Users/askn/Develop/UPDI4AVR-USB/src/pdi.cpp:249
        _rspsize = 1 + _wLength;
    1fe2:	08 95       	ret
    1fe4:	c0 92 0f 60 	sts	0x600F, r12	; 0x80600f <PDI::_set_ptr32+0x1>
/Users/askn/Develop/UPDI4AVR-USB/src/pdi.cpp:264
        _rspsize = 1 + _wLength;
        D2PRINTHEX(&packet.in.data[0], _wLength);
      }
    }
    return _rspsize;
  }
    1fe8:	d0 92 10 60 	sts	0x6010, r13	; 0x806010 <PDI::_set_ptr32+0x2>
    1fec:	e0 92 11 60 	sts	0x6011, r14	; 0x806011 <PDI::_set_ptr32+0x3>
    1ff0:	f0 92 12 60 	sts	0x6012, r15	; 0x806012 <PDI::_set_ptr32+0x4>
    1ff4:	ce 01       	movw	r24, r28
    1ff6:	01 97       	sbiw	r24, 0x01	; 1
/Users/askn/Develop/UPDI4AVR-USB/src/pdi.cpp:253
        packet.in.data[0] = RXDATA;
        _rspsize = 1 + _wLength;
      }
    }
    else {
      _CAPS32(_set_ptr32[1])->dword = _dwAddr;
    1ff8:	80 93 0b 60 	sts	0x600B, r24	; 0x80600b <PDI::_set_repeat+0x1>
    1ffc:	90 93 0c 60 	sts	0x600C, r25	; 0x80600c <PDI::_set_repeat+0x2>
    2000:	84 e2       	ldi	r24, 0x24	; 36
    2002:	80 93 0d 60 	sts	0x600D, r24	; 0x80600d <PDI::_set_repeat+0x3>
    2006:	65 e0       	ldi	r22, 0x05	; 5
/Users/askn/Develop/UPDI4AVR-USB/src/pdi.cpp:254
      _CAPS16(_set_repeat[1])->word = _wLength - 1;
    2008:	70 e0       	ldi	r23, 0x00	; 0
    200a:	8e e0       	ldi	r24, 0x0E	; 14
    200c:	90 e6       	ldi	r25, 0x60	; 96
    200e:	1a da       	rcall	.-3020   	; 0x1444 <PDI::send_bytes(unsigned char const*, unsigned int)>
    2010:	88 23       	and	r24, r24
    2012:	e9 f0       	breq	.+58     	; 0x204e <__DATA_REGION_LENGTH__+0x4e>
/Users/askn/Develop/UPDI4AVR-USB/src/pdi.cpp:255
      _set_repeat[3] = 0x24;  /* LD PTR++ DATA1 */
    2014:	64 e0       	ldi	r22, 0x04	; 4
    2016:	70 e0       	ldi	r23, 0x00	; 0
    2018:	8a e0       	ldi	r24, 0x0A	; 10
/Users/askn/Develop/UPDI4AVR-USB/src/pdi.cpp:256
      if (send_bytes(_set_ptr32, sizeof(_set_ptr32))
    201a:	90 e6       	ldi	r25, 0x60	; 96
    201c:	13 da       	rcall	.-3034   	; 0x1444 <PDI::send_bytes(unsigned char const*, unsigned int)>
    201e:	88 23       	and	r24, r24
    2020:	b1 f0       	breq	.+44     	; 0x204e <__DATA_REGION_LENGTH__+0x4e>
recv_bytes():
    2022:	e0 d9       	rcall	.-3136   	; 0x13e4 <PDI::stop_txd()>
    2024:	0d ed       	ldi	r16, 0xDD	; 221
/Users/askn/Develop/UPDI4AVR-USB/src/pdi.cpp:258
       && send_bytes(_set_repeat, sizeof(_set_repeat))
       && recv_bytes(&packet.in.data[0], _wLength)) {
    2026:	10 e6       	ldi	r17, 0x60	; 96
/Users/askn/Develop/UPDI4AVR-USB/src/pdi.cpp:257
    else {
      _CAPS32(_set_ptr32[1])->dword = _dwAddr;
      _CAPS16(_set_repeat[1])->word = _wLength - 1;
      _set_repeat[3] = 0x24;  /* LD PTR++ DATA1 */
      if (send_bytes(_set_ptr32, sizeof(_set_ptr32))
       && send_bytes(_set_repeat, sizeof(_set_repeat))
    2028:	9e 01       	movw	r18, r28
    202a:	23 52       	subi	r18, 0x23	; 35
    202c:	3f 49       	sbci	r19, 0x9F	; 159
    202e:	79 01       	movw	r14, r18
    2030:	0e 94 22 06 	call	0xc44	; 0xc44 <PDI::recv()>
    2034:	88 23       	and	r24, r24
/Users/askn/Develop/UPDI4AVR-USB/src/pdi.cpp:137
    _CAPS32(_set_ptr[1])->dword = _dwAddr;
    return send_bytes(_set_ptr, sizeof(_set_ptr)) && recv_byte();
  }

  bool recv_bytes (uint8_t* _data, size_t _len) {
    stop_txd();
    2036:	59 f0       	breq	.+22     	; 0x204e <__DATA_REGION_LENGTH__+0x4e>
    2038:	8d b3       	in	r24, 0x1d	; 29
    203a:	f8 01       	movw	r30, r16
    203c:	87 83       	std	Z+7, r24	; 0x07
/Users/askn/Develop/UPDI4AVR-USB/src/pdi.cpp:141
    do {
      if (!recv()) return false;
      *_data++ = RXDATA;
    } while (--_len);
    203e:	0f 5f       	subi	r16, 0xFF	; 255
    2040:	1f 4f       	sbci	r17, 0xFF	; 255
    2042:	0e 15       	cp	r16, r14
    2044:	1f 05       	cpc	r17, r15
/Users/askn/Develop/UPDI4AVR-USB/src/pdi.cpp:139
  }

  bool recv_bytes (uint8_t* _data, size_t _len) {
    stop_txd();
    do {
      if (!recv()) return false;
    2046:	a1 f7       	brne	.-24     	; 0x2030 <__DATA_REGION_LENGTH__+0x30>
read_memory():
    2048:	ce 01       	movw	r24, r28
    204a:	01 96       	adiw	r24, 0x01	; 1
    204c:	c2 cf       	rjmp	.-124    	; 0x1fd2 <PDI::read_memory()+0xa0>
/Users/askn/Develop/UPDI4AVR-USB/src/pdi.cpp:140
      *_data++ = RXDATA;
    204e:	90 e0       	ldi	r25, 0x00	; 0
    2050:	80 e0       	ldi	r24, 0x00	; 0
    2052:	bf cf       	rjmp	.-130    	; 0x1fd2 <PDI::read_memory()+0xa0>

00002054 <SYS::send_bitmap(unsigned char const*, unsigned int) [clone .constprop.12]>:
send_bitmap():
    2054:	bc 01       	movw	r22, r24
    2056:	8f b7       	in	r24, 0x3f	; 63
__iCliRetVal():
/Users/askn/Develop/UPDI4AVR-USB/src/pdi.cpp:141
    } while (--_len);
    2058:	f8 94       	cli
send_bitmap():
    205a:	10 92 0a 0b 	sts	0x0B0A, r1	; 0x800b0a <__TEXT_REGION_LENGTH__+0x7f0b0a>
/Users/askn/Develop/UPDI4AVR-USB/src/pdi.cpp:259
      _CAPS16(_set_repeat[1])->word = _wLength - 1;
      _set_repeat[3] = 0x24;  /* LD PTR++ DATA1 */
      if (send_bytes(_set_ptr32, sizeof(_set_ptr32))
       && send_bytes(_set_repeat, sizeof(_set_repeat))
       && recv_bytes(&packet.in.data[0], _wLength)) {
        _rspsize = 1 + _wLength;
    205e:	10 92 0b 0b 	sts	0x0B0B, r1	; 0x800b0b <__TEXT_REGION_LENGTH__+0x7f0b0b>
    2062:	10 92 04 0b 	sts	0x0B04, r1	; 0x800b04 <__TEXT_REGION_LENGTH__+0x7f0b04>
/Users/askn/Develop/UPDI4AVR-USB/src/pdi.cpp:245
    uint8_t   m_type = packet.out.bMType;
    uint32_t _dwAddr = packet.out.dwAddr + get_mtype_offset(m_type);
    size_t  _wLength = packet.out.dwLength;
    size_t  _rspsize = 0;
    D1PRINTF(" L=%04X,A=%08lX,", _wLength, _dwAddr);
    if (!nvm_cmd(0x43)) return 0;
    2066:	10 92 05 0b 	sts	0x0B05, r1	; 0x800b05 <__TEXT_REGION_LENGTH__+0x7f0b05>
/Users/askn/Develop/UPDI4AVR-USB/src/sys.cpp:285
  }

  /*** Low level TDAT stream manipulation ***/
  /* UPDI commands are sent from TDAT using only TCAB
     and bit manipulation, without switching USART. */
  void send_bitmap (const uint8_t _bitmap[], const size_t _length) {
    206a:	9f ef       	ldi	r25, 0xFF	; 255
/Users/askn/Develop/UPDI4AVR-USB/src/sys.cpp:286
    ATOMIC_BLOCK(ATOMIC_RESTORESTATE) {
    206c:	90 93 06 0b 	sts	0x0B06, r25	; 0x800b06 <__TEXT_REGION_LENGTH__+0x7f0b06>
/Users/askn/Develop/UPDI4AVR-USB/src/sys.cpp:287
      TCB0_CNT      = 0;
    2070:	20 ea       	ldi	r18, 0xA0	; 160
    2072:	30 e0       	ldi	r19, 0x00	; 0
    2074:	20 93 0c 0b 	sts	0x0B0C, r18	; 0x800b0c <__TEXT_REGION_LENGTH__+0x7f0b0c>
/Users/askn/Develop/UPDI4AVR-USB/src/sys.cpp:288
      TCB0_EVCTRL   = 0;
    2078:	30 93 0d 0b 	sts	0x0B0D, r19	; 0x800b0d <__TEXT_REGION_LENGTH__+0x7f0b0d>
/Users/askn/Develop/UPDI4AVR-USB/src/sys.cpp:289
      TCB0_INTCTRL  = 0;
    207c:	10 92 01 0b 	sts	0x0B01, r1	; 0x800b01 <__TEXT_REGION_LENGTH__+0x7f0b01>
/Users/askn/Develop/UPDI4AVR-USB/src/sys.cpp:290
      TCB0_INTFLAGS = ~0;
    2080:	91 e0       	ldi	r25, 0x01	; 1
    2082:	90 93 00 0b 	sts	0x0B00, r25	; 0x800b00 <__TEXT_REGION_LENGTH__+0x7f0b00>
__iRestore():
/Users/askn/Develop/UPDI4AVR-USB/src/sys.cpp:291
      TCB0_CCMP     = F_CPU / 125000L;
    2086:	8f bf       	out	0x3f, r24	; 63
    2088:	30 e0       	ldi	r19, 0x00	; 0
    208a:	20 e0       	ldi	r18, 0x00	; 0
send_bitmap():
    208c:	f9 01       	movw	r30, r18
    208e:	83 e0       	ldi	r24, 0x03	; 3
    2090:	f5 95       	asr	r31
/Users/askn/Develop/UPDI4AVR-USB/src/sys.cpp:292
      TCB0_CTRLB    = 0;
    2092:	e7 95       	ror	r30
    2094:	8a 95       	dec	r24
/Users/askn/Develop/UPDI4AVR-USB/src/sys.cpp:293
      TCB0_CTRLA    = TCB_ENABLE_bm | TCB_CLKSEL_DIV1_gc;
    2096:	e1 f7       	brne	.-8      	; 0x2090 <SYS::send_bitmap(unsigned char const*, unsigned int) [clone .constprop.12]+0x3c>
    2098:	e6 0f       	add	r30, r22
    209a:	f7 1f       	adc	r31, r23
/Users/askn/Library/Arduino15/packages/MultiX-Zinnia/tools/avr8-gcc/7.3.0-avr8-gnu-toolchain/avr/include/util/atomic.h:70
    209c:	40 81       	ld	r20, Z
/Users/askn/Library/Arduino15/packages/MultiX-Zinnia/tools/avr8-gcc/7.3.0-avr8-gnu-toolchain/avr/include/util/atomic.h:71
    __asm__ volatile ("" ::: "memory");
    209e:	50 e0       	ldi	r21, 0x00	; 0
    20a0:	82 2f       	mov	r24, r18
/Users/askn/Develop/UPDI4AVR-USB/src/sys.cpp:296
    }
    for (uint8_t i = 0; i < _length; i++) {
      uint8_t _d = (_bitmap[i >> 3]) >> (i & 7);
    20a2:	87 70       	andi	r24, 0x07	; 7
    20a4:	02 c0       	rjmp	.+4      	; 0x20aa <SYS::send_bitmap(unsigned char const*, unsigned int) [clone .constprop.12]+0x56>
    20a6:	55 95       	asr	r21
    20a8:	47 95       	ror	r20
    20aa:	8a 95       	dec	r24
    20ac:	e2 f7       	brpl	.-8      	; 0x20a6 <SYS::send_bitmap(unsigned char const*, unsigned int) [clone .constprop.12]+0x52>
    20ae:	80 91 06 0b 	lds	r24, 0x0B06	; 0x800b06 <__TEXT_REGION_LENGTH__+0x7f0b06>
    20b2:	80 ff       	sbrs	r24, 0
    20b4:	fc cf       	rjmp	.-8      	; 0x20ae <SYS::send_bitmap(unsigned char const*, unsigned int) [clone .constprop.12]+0x5a>
    20b6:	40 ff       	sbrs	r20, 0
    20b8:	0f c0       	rjmp	.+30     	; 0x20d8 <SYS::send_bitmap(unsigned char const*, unsigned int) [clone .constprop.12]+0x84>
    20ba:	00 98       	cbi	0x00, 0	; 0
    20bc:	90 91 06 0b 	lds	r25, 0x0B06	; 0x800b06 <__TEXT_REGION_LENGTH__+0x7f0b06>
    20c0:	91 60       	ori	r25, 0x01	; 1
    20c2:	90 93 06 0b 	sts	0x0B06, r25	; 0x800b06 <__TEXT_REGION_LENGTH__+0x7f0b06>
/Users/askn/Develop/UPDI4AVR-USB/src/sys.cpp:297
      loop_until_bit_is_set(TCB0_INTFLAGS, TCB_CAPT_bp);
    20c6:	a8 95       	wdr
    20c8:	2f 5f       	subi	r18, 0xFF	; 255
    20ca:	3f 4f       	sbci	r19, 0xFF	; 255
/Users/askn/Develop/UPDI4AVR-USB/src/sys.cpp:298
      if (bit_is_set(_d, 0))
    20cc:	20 37       	cpi	r18, 0x70	; 112
    20ce:	31 05       	cpc	r19, r1
/Users/askn/Develop/UPDI4AVR-USB/src/sys.cpp:299
        pinLogicOpen(PIN_PGM_TDAT);
    20d0:	e9 f6       	brne	.-70     	; 0x208c <SYS::send_bitmap(unsigned char const*, unsigned int) [clone .constprop.12]+0x38>
/Users/askn/Develop/UPDI4AVR-USB/src/sys.cpp:302
      else
        pinLogicPull(PIN_PGM_TDAT);
      bit_set(TCB0_INTFLAGS, TCB_CAPT_bp);
    20d2:	10 92 00 0b 	sts	0x0B00, r1	; 0x800b00 <__TEXT_REGION_LENGTH__+0x7f0b00>
    20d6:	08 95       	ret
    20d8:	00 9a       	sbi	0x00, 0	; 0
    20da:	f0 cf       	rjmp	.-32     	; 0x20bc <SYS::send_bitmap(unsigned char const*, unsigned int) [clone .constprop.12]+0x68>

000020dc <USB::setup_device(bool) [clone .part.2]>:
_ZN3USB12setup_deviceEb.part.2():
/Users/askn/Develop/UPDI4AVR-USB/src/sys.cpp:303
      wdt_reset();
    20dc:	cf 93       	push	r28
    20de:	df 93       	push	r29
    20e0:	c0 e0       	ldi	r28, 0x00	; 0
/Users/askn/Develop/UPDI4AVR-USB/src/sys.cpp:295
      TCB0_INTFLAGS = ~0;
      TCB0_CCMP     = F_CPU / 125000L;
      TCB0_CTRLB    = 0;
      TCB0_CTRLA    = TCB_ENABLE_bm | TCB_CLKSEL_DIV1_gc;
    }
    for (uint8_t i = 0; i < _length; i++) {
    20e2:	dc e0       	ldi	r29, 0x0C	; 12
    20e4:	18 82       	st	Y, r1
    20e6:	10 92 04 0c 	sts	0x0C04, r1	; 0x800c04 <__TEXT_REGION_LENGTH__+0x7f0c04>
/Users/askn/Develop/UPDI4AVR-USB/src/sys.cpp:305
      else
        pinLogicPull(PIN_PGM_TDAT);
      bit_set(TCB0_INTFLAGS, TCB_CAPT_bp);
      wdt_reset();
    }
    TCB0_CTRLA = 0;
    20ea:	82 e8       	ldi	r24, 0x82	; 130
/Users/askn/Develop/UPDI4AVR-USB/src/sys.cpp:306
  }
    20ec:	94 e6       	ldi	r25, 0x64	; 100
/Users/askn/Develop/UPDI4AVR-USB/src/sys.cpp:301
      uint8_t _d = (_bitmap[i >> 3]) >> (i & 7);
      loop_until_bit_is_set(TCB0_INTFLAGS, TCB_CAPT_bp);
      if (bit_is_set(_d, 0))
        pinLogicOpen(PIN_PGM_TDAT);
      else
        pinLogicPull(PIN_PGM_TDAT);
    20ee:	80 93 06 0c 	sts	0x0C06, r24	; 0x800c06 <__TEXT_REGION_LENGTH__+0x7f0c06>
/Users/askn/Develop/UPDI4AVR-USB/src/usb.cpp:236
    EP_MEM.cci_header.wIndex        = 1;    /* Interface#1 */
    EP_MEM.cci_header.wLength       = 2;
    EP_MEM.cci_wValue               = _state;
  }

  void setup_device (bool _force) {
    20f2:	90 93 07 0c 	sts	0x0C07, r25	; 0x800c07 <__TEXT_REGION_LENGTH__+0x7f0c07>
/Users/askn/Develop/UPDI4AVR-USB/src/usb.cpp:240
    if (_led_mode != 3) SYS::LED_Flash();
    USB0_ADDR = 0;
    if (USB0_CTRLA || _force) {
      USB0_CTRLA = 0;
    20f6:	81 e0       	ldi	r24, 0x01	; 1
    20f8:	80 93 01 0c 	sts	0x0C01, r24	; 0x800c01 <__TEXT_REGION_LENGTH__+0x7f0c01>
/Users/askn/Develop/UPDI4AVR-USB/src/usb.cpp:241
      USB0_FIFOWP = 0;
    20fc:	1e ba       	out	0x1e, r1	; 30
/Users/askn/Develop/UPDI4AVR-USB/src/usb.cpp:242
      USB0_EPPTR = (uint16_t)&EP_TABLE.EP;
    20fe:	1f ba       	out	0x1f, r1	; 31
    2100:	1c ba       	out	0x1c, r1	; 28
    2102:	10 92 78 64 	sts	0x6478, r1	; 0x806478 <_send_break>
    2106:	10 92 79 64 	sts	0x6479, r1	; 0x806479 <_send_break+0x1>
/Users/askn/Develop/UPDI4AVR-USB/src/usb.cpp:243
      USB0_CTRLB = USB_ATTACH_bm;
    210a:	10 92 77 64 	sts	0x6477, r1	; 0x806477 <_send_count>
    210e:	10 92 76 64 	sts	0x6476, r1	; 0x806476 <_recv_count>
/Users/askn/Develop/UPDI4AVR-USB/src/usb.cpp:245
      GPCONF = 0;
      PGCONF = 0;
    2112:	10 92 75 64 	sts	0x6475, r1	; 0x806475 <_set_config>
/Users/askn/Develop/UPDI4AVR-USB/src/usb.cpp:247
      RXSTAT = 0;
      _send_break = 0;
    2116:	10 92 74 64 	sts	0x6474, r1	; 0x806474 <_sof_count>
    211a:	4a e4       	ldi	r20, 0x4A	; 74
/Users/askn/Develop/UPDI4AVR-USB/src/usb.cpp:248
      _send_count = 0;
    211c:	50 e0       	ldi	r21, 0x00	; 0
    211e:	63 e5       	ldi	r22, 0x53	; 83
/Users/askn/Develop/UPDI4AVR-USB/src/usb.cpp:249
      _recv_count = 0;
    2120:	7a e0       	ldi	r23, 0x0A	; 10
    2122:	8a e7       	ldi	r24, 0x7A	; 122
/Users/askn/Develop/UPDI4AVR-USB/src/usb.cpp:250
      _set_config = 0;
    2124:	94 e6       	ldi	r25, 0x64	; 100
    2126:	0e 94 ff 29 	call	0x53fe	; 0x53fe <memcpy_P>
set_cci_data():
/Users/askn/Develop/UPDI4AVR-USB/src/usb.cpp:251
      _sof_count = 0;
    212a:	ec e5       	ldi	r30, 0x5C	; 92
/Users/askn/Develop/UPDI4AVR-USB/src/usb.cpp:252
      memcpy_P(&EP_TABLE, &ep_init, sizeof(EP_TABLE_t));
    212c:	f3 e6       	ldi	r31, 0x63	; 99
    212e:	81 ea       	ldi	r24, 0xA1	; 161
    2130:	80 87       	std	Z+8, r24	; 0x08
    2132:	80 e2       	ldi	r24, 0x20	; 32
    2134:	81 87       	std	Z+9, r24	; 0x09
    2136:	12 86       	std	Z+10, r1	; 0x0a
    2138:	13 86       	std	Z+11, r1	; 0x0b
/Users/askn/Develop/UPDI4AVR-USB/src/usb.cpp:228
    return _size;
  }

  void set_cci_data (uint16_t _state) {
    _set_serial_state = _state;
    EP_MEM.cci_header.bmRequestType = 0xA1; /* REQTYPE_DIRECTION | REQTYPE_CLASS | RECIPIENT_INTERFACE */
    213a:	81 e0       	ldi	r24, 0x01	; 1
    213c:	90 e0       	ldi	r25, 0x00	; 0
    213e:	84 87       	std	Z+12, r24	; 0x0c
    2140:	95 87       	std	Z+13, r25	; 0x0d
/Users/askn/Develop/UPDI4AVR-USB/src/usb.cpp:229
    EP_MEM.cci_header.bRequest      = 0x20; /* CDC_REQ_SerialState */
    2142:	82 e0       	ldi	r24, 0x02	; 2
    2144:	90 e0       	ldi	r25, 0x00	; 0
/Users/askn/Develop/UPDI4AVR-USB/src/usb.cpp:230
    EP_MEM.cci_header.wValue        = 0;
    2146:	86 87       	std	Z+14, r24	; 0x0e
    2148:	97 87       	std	Z+15, r25	; 0x0f
/Users/askn/Develop/UPDI4AVR-USB/src/usb.cpp:231
    EP_MEM.cci_header.wIndex        = 1;    /* Interface#1 */
    214a:	10 8a       	std	Z+16, r1	; 0x10
    214c:	11 8a       	std	Z+17, r1	; 0x11
_ZN3USB12setup_deviceEb.part.2():
    214e:	83 e8       	ldi	r24, 0x83	; 131
    2150:	88 83       	st	Y, r24
/Users/askn/Develop/UPDI4AVR-USB/src/usb.cpp:232
    EP_MEM.cci_header.wLength       = 2;
    2152:	df 91       	pop	r29
    2154:	cf 91       	pop	r28
    2156:	08 95       	ret

00002158 <USART::disable_vcp() [clone .part.1]>:
delay_micros():
    2158:	8a e1       	ldi	r24, 0x1A	; 26
/Users/askn/Develop/UPDI4AVR-USB/src/usb.cpp:233
    EP_MEM.cci_wValue               = _state;
    215a:	8a 95       	dec	r24
    215c:	f1 f7       	brne	.-4      	; 0x215a <USART::disable_vcp() [clone .part.1]+0x2>
/Users/askn/Develop/UPDI4AVR-USB/src/usb.cpp:254
      _recv_count = 0;
      _set_config = 0;
      _sof_count = 0;
      memcpy_P(&EP_TABLE, &ep_init, sizeof(EP_TABLE_t));
      set_cci_data(0x00);
      USB0_CTRLA = USB_ENABLE_bm | (USB_ENDPOINTS_MAX - 1);
    215e:	00 c0       	rjmp	.+0      	; 0x2160 <USART::disable_vcp() [clone .part.1]+0x8>
_ZN5USART11disable_vcpEv.part.1():
    2160:	8f b7       	in	r24, 0x3f	; 63
__iCliRetVal():
/Users/askn/Develop/UPDI4AVR-USB/src/usb.cpp:256
    }
  }
    2162:	f8 94       	cli
_ZN5USART11disable_vcpEv.part.1():
    2164:	10 92 06 08 	sts	0x0806, r1	; 0x800806 <__TEXT_REGION_LENGTH__+0x7f0806>
/Users/askn/Library/Arduino15/packages/MultiX-Zinnia/hardware/modernAVR/0.4.5/cores/modernAVR/api/delay_busywait.h:33
static __inline__ __attribute__((__always_inline__)) void delay_micros (uint32_t _us);
static __inline__ __attribute__((__always_inline__)) void delay_millis (uint32_t _ms);

void delay_micros (uint32_t _us) {
  if (F_CPU >= 1000000L) {
    __builtin_avr_delay_cycles((F_CPU / 1000000L) * _us);
    2168:	10 92 05 08 	sts	0x0805, r1	; 0x800805 <__TEXT_REGION_LENGTH__+0x7f0805>
    216c:	1c ba       	out	0x1c, r1	; 28
    216e:	1d ba       	out	0x1d, r1	; 29
/Users/askn/Develop/UPDI4AVR-USB/src/usart.cpp:74
  void disable_vcp (void) {
    if (USART0_CTRLB) {
      // D1PRINTF(" VCP=OFF\r\n");
      /* Allow time to move USART0_TXDATA */
      delay_micros(4);
      ATOMIC_BLOCK(ATOMIC_RESTORESTATE) {
    2170:	95 e1       	ldi	r25, 0x15	; 21
/Users/askn/Library/Arduino15/packages/MultiX-Zinnia/tools/avr8-gcc/7.3.0-avr8-gnu-toolchain/avr/include/util/atomic.h:50
    return 1;
}

static __inline__ uint8_t __iCliRetVal(void)
{
    cli();
    2172:	90 93 e2 05 	sts	0x05E2, r25	; 0x8005e2 <__TEXT_REGION_LENGTH__+0x7f05e2>
/Users/askn/Develop/UPDI4AVR-USB/src/usart.cpp:77
        /* Simply clearing the CTRLB does not disable the USART completely.                    */
        /* This errata is not documented for the AVR-DU, but is the same as for tinyAVR-0 etc. */
        USART0_CTRLB = 0;
    2176:	f1 98       	cbi	0x1e, 1	; 30
__iRestore():
/Users/askn/Develop/UPDI4AVR-USB/src/usart.cpp:78
        USART0_CTRLA = 0;
    2178:	8f bf       	out	0x3f, r24	; 63
_ZN5USART11disable_vcpEv.part.1():
    217a:	88 e0       	ldi	r24, 0x08	; 8
/Users/askn/Develop/UPDI4AVR-USB/src/usart.cpp:80
        RXSTAT = 0;
        RXDATA = 0;
    217c:	80 93 12 04 	sts	0x0412, r24	; 0x800412 <__TEXT_REGION_LENGTH__+0x7f0412>
/Users/askn/Develop/UPDI4AVR-USB/src/usart.cpp:81
        PORTMUX_USARTROUTEA = PORTMUX_USART_NONE;
    2180:	02 98       	cbi	0x00, 2	; 0
    2182:	03 98       	cbi	0x00, 3	; 0
/Users/askn/Develop/UPDI4AVR-USB/src/usart.cpp:82
        bit_clear(GPCONF, GPCONF_VCP_bp);
    2184:	08 95       	ret

00002186 <USART::setup()>:
LED_TM():
/Users/askn/Library/Arduino15/packages/MultiX-Zinnia/tools/avr8-gcc/7.3.0-avr8-gnu-toolchain/avr/include/util/atomic.h:70
    (void)__s;
}

static __inline__ void __iRestore(const  uint8_t *__s)
{
    SREG = *__s;
    2186:	80 91 57 63 	lds	r24, 0x6357	; 0x806357 <_led_mode>
/Users/askn/Develop/UPDI4AVR-USB/src/usart.cpp:84
      }
      pinControlRegister(PIN_VCP_TXD) = PORT_PULLUPEN_bm;
    218a:	84 30       	cpi	r24, 0x04	; 4
    218c:	21 f0       	breq	.+8      	; 0x2196 <USART::setup()+0x10>
/Users/askn/Develop/UPDI4AVR-USB/src/usart.cpp:85
      pinLogicOpen(PIN_VCP_TXD);  /* CONFIG_PGM_TYPE!=1 is internal shared TCLK */
    218e:	68 e8       	ldi	r22, 0x88	; 136
/Users/askn/Develop/UPDI4AVR-USB/src/usart.cpp:86
      pinLogicOpen(PIN_VCP_RXD);
    2190:	79 e0       	ldi	r23, 0x09	; 9
/Users/askn/Develop/UPDI4AVR-USB/src/usart.cpp:88
    }
  }
    2192:	84 e0       	ldi	r24, 0x04	; 4
/Users/askn/Develop/UPDI4AVR-USB/src/sys.cpp:189
      _led_mode = 1;
    }
  }

  WEAK void LED_TM (uint8_t _mode, uint16_t _ccmp) {
    if (_led_mode != _mode) {
    2194:	42 dc       	rcall	.-1916   	; 0x1a1a <SYS::LED_TM(unsigned char, unsigned int) [clone .part.3]>
disable_vcp():
    2196:	80 91 06 08 	lds	r24, 0x0806	; 0x800806 <__TEXT_REGION_LENGTH__+0x7f0806>
    219a:	81 11       	cpse	r24, r1
    219c:	dd df       	rcall	.-70     	; 0x2158 <USART::disable_vcp() [clone .part.1]>
setup():
    219e:	00 98       	cbi	0x00, 0	; 0
    21a0:	01 98       	cbi	0x00, 1	; 0
    21a2:	02 98       	cbi	0x00, 2	; 0
    21a4:	80 91 58 63 	lds	r24, 0x6358	; 0x806358 <_jtag_arch>
/Users/askn/Develop/UPDI4AVR-USB/src/usart.cpp:70
    } while (--_delay);
  }

  /*** Stop the VCP and release the ports in use. ***/
  void disable_vcp (void) {
    if (USART0_CTRLB) {
    21a8:	83 30       	cpi	r24, 0x03	; 3
    21aa:	19 f4       	brne	.+6      	; 0x21b2 <USART::setup()+0x2c>
    21ac:	04 9a       	sbi	0x00, 4	; 0
    21ae:	06 98       	cbi	0x00, 6	; 0
/Users/askn/Develop/UPDI4AVR-USB/src/usart.cpp:27
namespace USART {

  void setup (void) {
    SYS::LED_Fast();
    disable_vcp();
    pinLogicOpen(PIN_PGM_TDAT);
    21b0:	08 95       	ret
/Users/askn/Develop/UPDI4AVR-USB/src/usart.cpp:28
    pinLogicOpen(PIN_PGM_TRST);
    21b2:	04 98       	cbi	0x00, 4	; 0
/Users/askn/Develop/UPDI4AVR-USB/src/usart.cpp:29
    pinLogicOpen(PIN_PGM_TCLK);
    21b4:	fc cf       	rjmp	.-8      	; 0x21ae <USART::setup()+0x28>

000021b6 <UPDI::sys_wait_clear(unsigned char)>:
sys_wait_clear():
/Users/askn/Develop/UPDI4AVR-USB/src/usart.cpp:31
  #ifdef CONFIG_PGM_PDI_ENABLE
    if (_jtag_arch == 3) {
    21b6:	cf 93       	push	r28
    21b8:	df 93       	push	r29
delay_micros():
    21ba:	e2 e1       	ldi	r30, 0x12	; 18
    21bc:	f1 e0       	ldi	r31, 0x01	; 1
/Users/askn/Develop/UPDI4AVR-USB/src/usart.cpp:32
      pinLogicPull(PIN_PGM_PDAT);
    21be:	31 97       	sbiw	r30, 0x01	; 1
/Users/askn/Develop/UPDI4AVR-USB/src/usart.cpp:37
    }
    else {
      pinLogicOpen(PIN_PGM_PDAT);
    }
    pinLogicOpen(PIN_PGM_PCLK);
    21c0:	f1 f7       	brne	.-4      	; 0x21be <UPDI::sys_wait_clear(unsigned char)+0x8>
/Users/askn/Develop/UPDI4AVR-USB/src/usart.cpp:39
  #endif
  }
    21c2:	00 c0       	rjmp	.+0      	; 0x21c4 <UPDI::sys_wait_clear(unsigned char)+0xe>
/Users/askn/Develop/UPDI4AVR-USB/src/usart.cpp:35
  #ifdef CONFIG_PGM_PDI_ENABLE
    if (_jtag_arch == 3) {
      pinLogicPull(PIN_PGM_PDAT);
    }
    else {
      pinLogicOpen(PIN_PGM_PDAT);
    21c4:	00 00       	nop
    21c6:	c1 e0       	ldi	r28, 0x01	; 1
/Users/askn/Develop/UPDI4AVR-USB/src/updi.cpp:255
      sys_status();
    } while (bit_is_clear(RXDATA, _bit));
    return true;
  }

  bool sys_wait_clear (uint8_t _bit) {
    21c8:	d0 e0       	ldi	r29, 0x00	; 0
    21ca:	02 c0       	rjmp	.+4      	; 0x21d0 <UPDI::sys_wait_clear(unsigned char)+0x1a>
/Users/askn/Library/Arduino15/packages/MultiX-Zinnia/hardware/modernAVR/0.4.5/cores/modernAVR/api/delay_busywait.h:33
    21cc:	cc 0f       	add	r28, r28
    21ce:	dd 1f       	adc	r29, r29
    21d0:	8a 95       	dec	r24
    21d2:	e2 f7       	brpl	.-8      	; 0x21cc <UPDI::sys_wait_clear(unsigned char)+0x16>
sys_wait_clear():
    21d4:	0e 94 5f 06 	call	0xcbe	; 0xcbe <UPDI::sys_status()>
    21d8:	8d b3       	in	r24, 0x1d	; 29
    21da:	90 e0       	ldi	r25, 0x00	; 0
    21dc:	8c 23       	and	r24, r28
    21de:	9d 23       	and	r25, r29
    21e0:	89 2b       	or	r24, r25
    21e2:	c1 f7       	brne	.-16     	; 0x21d4 <UPDI::sys_wait_clear(unsigned char)+0x1e>
    21e4:	81 e0       	ldi	r24, 0x01	; 1
/Users/askn/Develop/UPDI4AVR-USB/src/updi.cpp:258
    SYS::delay_55us();
    do {
      sys_status();
    21e6:	df 91       	pop	r29
    21e8:	cf 91       	pop	r28
/Users/askn/Develop/UPDI4AVR-USB/src/updi.cpp:259
    } while (bit_is_set(RXDATA, _bit));
    21ea:	08 95       	ret

000021ec <UPDI::sys_wait_set(unsigned char)>:
sys_wait_set():
    21ec:	cf 93       	push	r28
    21ee:	df 93       	push	r29
delay_micros():
    21f0:	e2 e1       	ldi	r30, 0x12	; 18
    21f2:	f1 e0       	ldi	r31, 0x01	; 1
    21f4:	31 97       	sbiw	r30, 0x01	; 1
/Users/askn/Develop/UPDI4AVR-USB/src/updi.cpp:261
    return true;
  }
    21f6:	f1 f7       	brne	.-4      	; 0x21f4 <UPDI::sys_wait_set(unsigned char)+0x8>
    21f8:	00 c0       	rjmp	.+0      	; 0x21fa <UPDI::sys_wait_set(unsigned char)+0xe>
    21fa:	00 00       	nop
    21fc:	c1 e0       	ldi	r28, 0x01	; 1
/Users/askn/Develop/UPDI4AVR-USB/src/updi.cpp:247
      key_status();
    } while (bit_is_set(RXDATA, _bit));
    return true;
  }

  bool sys_wait_set (uint8_t _bit) {
    21fe:	d0 e0       	ldi	r29, 0x00	; 0
    2200:	02 c0       	rjmp	.+4      	; 0x2206 <UPDI::sys_wait_set(unsigned char)+0x1a>
/Users/askn/Library/Arduino15/packages/MultiX-Zinnia/hardware/modernAVR/0.4.5/cores/modernAVR/api/delay_busywait.h:33
    2202:	cc 0f       	add	r28, r28
    2204:	dd 1f       	adc	r29, r29
    2206:	8a 95       	dec	r24
    2208:	e2 f7       	brpl	.-8      	; 0x2202 <UPDI::sys_wait_set(unsigned char)+0x16>
sys_wait_set():
    220a:	0e 94 5f 06 	call	0xcbe	; 0xcbe <UPDI::sys_status()>
    220e:	8d b3       	in	r24, 0x1d	; 29
    2210:	90 e0       	ldi	r25, 0x00	; 0
    2212:	8c 23       	and	r24, r28
    2214:	9d 23       	and	r25, r29
    2216:	89 2b       	or	r24, r25
    2218:	c1 f3       	breq	.-16     	; 0x220a <UPDI::sys_wait_set(unsigned char)+0x1e>
    221a:	81 e0       	ldi	r24, 0x01	; 1
/Users/askn/Develop/UPDI4AVR-USB/src/updi.cpp:250
    SYS::delay_55us();
    do {
      sys_status();
    221c:	df 91       	pop	r29
/Users/askn/Develop/UPDI4AVR-USB/src/updi.cpp:251
    } while (bit_is_clear(RXDATA, _bit));
    221e:	cf 91       	pop	r28
    2220:	08 95       	ret

00002222 <UPDI::key_wait_set(unsigned char)>:
key_wait_set():
    2222:	cf 93       	push	r28
    2224:	df 93       	push	r29
delay_micros():
    2226:	e2 e1       	ldi	r30, 0x12	; 18
    2228:	f1 e0       	ldi	r31, 0x01	; 1
/Users/askn/Develop/UPDI4AVR-USB/src/updi.cpp:253
    return true;
  }
    222a:	31 97       	sbiw	r30, 0x01	; 1
    222c:	f1 f7       	brne	.-4      	; 0x222a <UPDI::key_wait_set(unsigned char)+0x8>
    222e:	00 c0       	rjmp	.+0      	; 0x2230 <UPDI::key_wait_set(unsigned char)+0xe>
    2230:	00 00       	nop
/Users/askn/Develop/UPDI4AVR-USB/src/updi.cpp:231
  bool sys_status (void) {
    const static uint8_t _sys_stat[] = {0x55, 0x8B};
    return send_bytes(_sys_stat, 2) && recv();
  }

  bool key_wait_set (uint8_t _bit) {
    2232:	c1 e0       	ldi	r28, 0x01	; 1
    2234:	d0 e0       	ldi	r29, 0x00	; 0
/Users/askn/Library/Arduino15/packages/MultiX-Zinnia/hardware/modernAVR/0.4.5/cores/modernAVR/api/delay_busywait.h:33
    2236:	02 c0       	rjmp	.+4      	; 0x223c <UPDI::key_wait_set(unsigned char)+0x1a>
    2238:	cc 0f       	add	r28, r28
    223a:	dd 1f       	adc	r29, r29
    223c:	8a 95       	dec	r24
    223e:	e2 f7       	brpl	.-8      	; 0x2238 <UPDI::key_wait_set(unsigned char)+0x16>
key_wait_set():
    2240:	0e 94 68 06 	call	0xcd0	; 0xcd0 <UPDI::key_status()>
    2244:	8d b3       	in	r24, 0x1d	; 29
    2246:	90 e0       	ldi	r25, 0x00	; 0
    2248:	8c 23       	and	r24, r28
    224a:	9d 23       	and	r25, r29
    224c:	89 2b       	or	r24, r25
/Users/askn/Develop/UPDI4AVR-USB/src/updi.cpp:234
    SYS::delay_55us();
    do {
      key_status();
    224e:	c1 f3       	breq	.-16     	; 0x2240 <UPDI::key_wait_set(unsigned char)+0x1e>
    2250:	81 e0       	ldi	r24, 0x01	; 1
/Users/askn/Develop/UPDI4AVR-USB/src/updi.cpp:235
    } while (bit_is_clear(RXDATA, _bit));
    2252:	df 91       	pop	r29
    2254:	cf 91       	pop	r28
    2256:	08 95       	ret

00002258 <UPDI::set_nvmprog_key(bool)>:
set_nvmprog_key():
    2258:	cf 93       	push	r28
    225a:	c8 2f       	mov	r28, r24
/Users/askn/Develop/UPDI4AVR-USB/src/updi.cpp:237
    return true;
  }
    225c:	86 e1       	ldi	r24, 0x16	; 22
    225e:	99 e0       	ldi	r25, 0x09	; 9
    2260:	9f 93       	push	r25
    2262:	8f 93       	push	r24
/Users/askn/Develop/UPDI4AVR-USB/src/updi.cpp:263
      sys_status();
    } while (bit_is_set(RXDATA, _bit));
    return true;
  }

  bool set_nvmprog_key (bool _reset = true) {
    2264:	82 eb       	ldi	r24, 0xB2	; 178
    2266:	90 e6       	ldi	r25, 0x60	; 96
/Users/askn/Develop/UPDI4AVR-USB/src/updi.cpp:264
    D1PRINTF(" PROG_KEY=");   /* wait set NVMPROG */
    2268:	9f 93       	push	r25
    226a:	8f 93       	push	r24
    226c:	52 db       	rcall	.-2396   	; 0x1912 <Print::printf(PGM_t const*, ...) [clone .constprop.17]>
    226e:	6a e0       	ldi	r22, 0x0A	; 10
    2270:	70 e0       	ldi	r23, 0x00	; 0
    2272:	83 e6       	ldi	r24, 0x63	; 99
    2274:	90 e6       	ldi	r25, 0x60	; 96
    2276:	0e 94 45 06 	call	0xc8a	; 0xc8a <UPDI::send_bytes(unsigned char const*, unsigned int)>
/Users/askn/Develop/UPDI4AVR-USB/src/updi.cpp:265
    if (!send_bytes(nvmprog_key, sizeof(nvmprog_key)) || !key_wait_set(4)) return false;
    227a:	0f 90       	pop	r0
    227c:	0f 90       	pop	r0
    227e:	0f 90       	pop	r0
    2280:	0f 90       	pop	r0
    2282:	81 11       	cpse	r24, r1
    2284:	03 c0       	rjmp	.+6      	; 0x228c <UPDI::set_nvmprog_key(bool)+0x34>
    2286:	80 e0       	ldi	r24, 0x00	; 0
    2288:	cf 91       	pop	r28
    228a:	08 95       	ret
    228c:	84 e0       	ldi	r24, 0x04	; 4
    228e:	c9 df       	rcall	.-110    	; 0x2222 <UPDI::key_wait_set(unsigned char)>
    2290:	88 23       	and	r24, r24
    2292:	c9 f3       	breq	.-14     	; 0x2286 <UPDI::set_nvmprog_key(bool)+0x2e>
/Users/askn/Develop/UPDI4AVR-USB/src/updi.cpp:267
    return _reset ? sys_reset(false) : true;
  }
    2294:	cc 23       	and	r28, r28
/Users/askn/Develop/UPDI4AVR-USB/src/updi.cpp:265
    return true;
  }

  bool set_nvmprog_key (bool _reset = true) {
    D1PRINTF(" PROG_KEY=");   /* wait set NVMPROG */
    if (!send_bytes(nvmprog_key, sizeof(nvmprog_key)) || !key_wait_set(4)) return false;
    2296:	c1 f3       	breq	.-16     	; 0x2288 <UPDI::set_nvmprog_key(bool)+0x30>
sys_reset():
    2298:	66 e0       	ldi	r22, 0x06	; 6
    229a:	70 e0       	ldi	r23, 0x00	; 0
    229c:	87 e9       	ldi	r24, 0x97	; 151
    229e:	90 e6       	ldi	r25, 0x60	; 96
set_nvmprog_key():
/Users/askn/Develop/UPDI4AVR-USB/src/updi.cpp:266
    return _reset ? sys_reset(false) : true;
    22a0:	cf 91       	pop	r28
sys_reset():
    22a2:	0c 94 45 06 	jmp	0xc8a	; 0xc8a <UPDI::send_bytes(unsigned char const*, unsigned int)>

000022a6 <UPDI::enter_progmode()>:
enter_progmode():
/Users/askn/Develop/UPDI4AVR-USB/src/updi.cpp:134
    const static uint8_t _reset[] = {
      0x55, 0xC8, 0x59, /* SYSRST */
      0x55, 0xC8, 0x00, /* SYSRUN */
      0x55, 0xC3, 0x04  /* UPDIDIS */
    };
    return send_bytes(_reset, _leave ? 9 : 6);
    22a6:	f9 99       	sbic	0x1f, 1	; 31
    22a8:	2c c0       	rjmp	.+88     	; 0x2302 <UPDI::enter_progmode()+0x5c>
    22aa:	81 e0       	ldi	r24, 0x01	; 1
/Users/askn/Develop/UPDI4AVR-USB/src/updi.cpp:267

  bool set_nvmprog_key (bool _reset = true) {
    D1PRINTF(" PROG_KEY=");   /* wait set NVMPROG */
    if (!send_bytes(nvmprog_key, sizeof(nvmprog_key)) || !key_wait_set(4)) return false;
    return _reset ? sys_reset(false) : true;
  }
    22ac:	d5 df       	rcall	.-86     	; 0x2258 <UPDI::set_nvmprog_key(bool)>
/Users/askn/Develop/UPDI4AVR-USB/src/updi.cpp:134
    const static uint8_t _reset[] = {
      0x55, 0xC8, 0x59, /* SYSRST */
      0x55, 0xC8, 0x00, /* SYSRUN */
      0x55, 0xC3, 0x04  /* UPDIDIS */
    };
    return send_bytes(_reset, _leave ? 9 : 6);
    22ae:	88 23       	and	r24, r24
    22b0:	59 f1       	breq	.+86     	; 0x2308 <UPDI::enter_progmode()+0x62>
delay_micros():
/Users/askn/Develop/UPDI4AVR-USB/src/updi.cpp:466
  inline size_t disconnect (void) {
    return sys_reset(true);
  }

  size_t enter_progmode (void) {
    if (bit_is_set(PGCONF, PGCONF_PROG_bp)) return 1;
    22b2:	82 e1       	ldi	r24, 0x12	; 18
    22b4:	91 e0       	ldi	r25, 0x01	; 1
/Users/askn/Develop/UPDI4AVR-USB/src/updi.cpp:469

    /* Enter NVMPROGKEY. */
    if (!set_nvmprog_key()) return 0;
    22b6:	01 97       	sbiw	r24, 0x01	; 1
    22b8:	f1 f7       	brne	.-4      	; 0x22b6 <UPDI::enter_progmode()+0x10>
    22ba:	00 c0       	rjmp	.+0      	; 0x22bc <UPDI::enter_progmode()+0x16>
    22bc:	00 00       	nop
key_wait_clear():
    22be:	0e 94 68 06 	call	0xcd0	; 0xcd0 <UPDI::key_status()>
/Users/askn/Library/Arduino15/packages/MultiX-Zinnia/hardware/modernAVR/0.4.5/cores/modernAVR/api/delay_busywait.h:33
    22c2:	ec 99       	sbic	0x1d, 4	; 29
    22c4:	fc cf       	rjmp	.-8      	; 0x22be <UPDI::enter_progmode()+0x18>
enter_progmode():
    22c6:	0e 94 5f 06 	call	0xcbe	; 0xcbe <UPDI::sys_status()>
/Users/askn/Develop/UPDI4AVR-USB/src/updi.cpp:242
  }

  bool key_wait_clear (uint8_t _bit) {
    SYS::delay_55us();
    do {
      key_status();
    22ca:	88 23       	and	r24, r24
    22cc:	41 f0       	breq	.+16     	; 0x22de <UPDI::enter_progmode()+0x38>
/Users/askn/Develop/UPDI4AVR-USB/src/updi.cpp:243
    } while (bit_is_set(RXDATA, _bit));
    22ce:	e8 99       	sbic	0x1d, 0	; 29
    22d0:	06 c0       	rjmp	.+12     	; 0x22de <UPDI::enter_progmode()+0x38>
/Users/askn/Develop/UPDI4AVR-USB/src/updi.cpp:473
    /* Enter NVMPROGKEY. */
    if (!set_nvmprog_key()) return 0;

    /* Verify that the NVMPROG bit is cleared. */
    /* A locked device does not have LOCKSTATUS cleared. */
    if (key_wait_clear(4) && sys_status() && bit_is_clear(RXDATA, 0)) {
    22d2:	f9 9a       	sbi	0x1f, 1	; 31
    22d4:	e0 91 4f 63 	lds	r30, 0x634F	; 0x80634f <Command_Table>
    22d8:	f0 91 50 63 	lds	r31, 0x6350	; 0x806350 <Command_Table+0x1>
    22dc:	09 95       	icall
/Users/askn/Develop/UPDI4AVR-USB/src/updi.cpp:474
      bit_set(PGCONF, PGCONF_PROG_bp);
    22de:	8d b3       	in	r24, 0x1d	; 29
/Users/askn/Develop/UPDI4AVR-USB/src/updi.cpp:475
      (*Command_Table.prog_init)();
    22e0:	1f 92       	push	r1
    22e2:	8f 93       	push	r24
    22e4:	89 e0       	ldi	r24, 0x09	; 9
    22e6:	9a e0       	ldi	r25, 0x0A	; 10
/Users/askn/Develop/UPDI4AVR-USB/src/updi.cpp:477
    }
    D1PRINTF("%02X\r\n", RXDATA);
    22e8:	9f 93       	push	r25
    22ea:	8f 93       	push	r24
    22ec:	82 eb       	ldi	r24, 0xB2	; 178
    22ee:	90 e6       	ldi	r25, 0x60	; 96
    22f0:	9f 93       	push	r25
    22f2:	8f 93       	push	r24
    22f4:	0e db       	rcall	.-2532   	; 0x1912 <Print::printf(PGM_t const*, ...) [clone .constprop.17]>
    22f6:	0f 90       	pop	r0
    22f8:	0f 90       	pop	r0
    22fa:	0f 90       	pop	r0
    22fc:	0f 90       	pop	r0
    22fe:	0f 90       	pop	r0
    2300:	0f 90       	pop	r0
    2302:	81 e0       	ldi	r24, 0x01	; 1
    2304:	90 e0       	ldi	r25, 0x00	; 0
    2306:	08 95       	ret
    2308:	90 e0       	ldi	r25, 0x00	; 0
    230a:	80 e0       	ldi	r24, 0x00	; 0
    230c:	08 95       	ret

0000230e <UPDI::write_userrow()>:
write_userrow():
/Users/askn/Develop/UPDI4AVR-USB/src/updi.cpp:466
  inline size_t disconnect (void) {
    return sys_reset(true);
  }

  size_t enter_progmode (void) {
    if (bit_is_set(PGCONF, PGCONF_PROG_bp)) return 1;
    230e:	bf 92       	push	r11
    2310:	cf 92       	push	r12
    2312:	df 92       	push	r13
/Users/askn/Develop/UPDI4AVR-USB/src/updi.cpp:469

    /* Enter NVMPROGKEY. */
    if (!set_nvmprog_key()) return 0;
    2314:	ef 92       	push	r14
    2316:	ff 92       	push	r15
/Users/askn/Develop/UPDI4AVR-USB/src/updi.cpp:481
    }
    D1PRINTF("%02X\r\n", RXDATA);

    /* In either case it returns success. */
    return 1;
  }
    2318:	0f 93       	push	r16
/Users/askn/Develop/UPDI4AVR-USB/src/updi.cpp:309
  /*
   * Use the UPDI ACC to write to the USERROW of the locked chip.
   * The write start address should match the USERROW address.
   * The write length should match the USERROW field.
   */
  bool write_userrow (void) {
    231a:	1f 93       	push	r17
    231c:	cf 93       	push	r28
    231e:	df 93       	push	r29
    2320:	f8 99       	sbic	0x1f, 0	; 31
    2322:	0c c0       	rjmp	.+24     	; 0x233c <UPDI::write_userrow()+0x2e>
    2324:	10 e0       	ldi	r17, 0x00	; 0
    2326:	81 2f       	mov	r24, r17
    2328:	df 91       	pop	r29
/Users/askn/Develop/UPDI4AVR-USB/src/updi.cpp:318
    uint32_t _dwAddr = packet.out.dwAddr;
    size_t  _wLength = packet.out.dwLength;
    if (bit_is_clear(PGCONF, PGCONF_UPDI_bp)
     || m_type != 0xC5
     || _wLength != Device_Descriptor.UPDI.user_sig_bytes
     || (uint16_t)_dwAddr != Device_Descriptor.UPDI.user_sig_base) return false;
    232a:	cf 91       	pop	r28
    232c:	1f 91       	pop	r17
    232e:	0f 91       	pop	r16
/Users/askn/Develop/UPDI4AVR-USB/src/updi.cpp:339
      sys_wait_set(3);    /* wait set PROGSTART */
      D1PRINTF(" RE_PROGSTART=%02X\r\n", RXDATA);
      return true;
    }
    else return sys_reset(false);
  }
    2330:	ff 90       	pop	r15
    2332:	ef 90       	pop	r14
    2334:	df 90       	pop	r13
    2336:	cf 90       	pop	r12
    2338:	bf 90       	pop	r11
    233a:	08 95       	ret
    233c:	80 91 e4 60 	lds	r24, 0x60E4	; 0x8060e4 <packet+0x7>
    2340:	85 3c       	cpi	r24, 0xC5	; 197
    2342:	81 f7       	brne	.-32     	; 0x2324 <UPDI::write_userrow()+0x16>
/Users/askn/Develop/UPDI4AVR-USB/src/updi.cpp:316
    const static uint8_t _urowstop[] = { 0x55, 0xC7, 0x20 };  /* ASI_KEY_STATUS <= UROWWR */
    uint8_t   m_type = packet.out.bMType;
    uint32_t _dwAddr = packet.out.dwAddr;
    size_t  _wLength = packet.out.dwLength;
    if (bit_is_clear(PGCONF, PGCONF_UPDI_bp)
     || m_type != 0xC5
    2344:	00 91 13 63 	lds	r16, 0x6313	; 0x806313 <Device_Descriptor+0x18>
    2348:	10 91 14 63 	lds	r17, 0x6314	; 0x806314 <Device_Descriptor+0x19>
/Users/askn/Develop/UPDI4AVR-USB/src/updi.cpp:317
     || _wLength != Device_Descriptor.UPDI.user_sig_bytes
    234c:	80 91 e9 60 	lds	r24, 0x60E9	; 0x8060e9 <packet+0xc>
    2350:	90 91 ea 60 	lds	r25, 0x60EA	; 0x8060ea <packet+0xd>
    2354:	08 17       	cp	r16, r24
    2356:	19 07       	cpc	r17, r25
    2358:	29 f7       	brne	.-54     	; 0x2324 <UPDI::write_userrow()+0x16>
    235a:	c0 90 e5 60 	lds	r12, 0x60E5	; 0x8060e5 <packet+0x8>
    235e:	d0 90 e6 60 	lds	r13, 0x60E6	; 0x8060e6 <packet+0x9>
/Users/askn/Develop/UPDI4AVR-USB/src/updi.cpp:313
   */
  bool write_userrow (void) {
    const static uint8_t _urowdone[] = { 0x55, 0xCA, 0x03 };  /* ASI_SYS_CTRLA <= UROWDONE|CLKREQ */
    const static uint8_t _urowstop[] = { 0x55, 0xC7, 0x20 };  /* ASI_KEY_STATUS <= UROWWR */
    uint8_t   m_type = packet.out.bMType;
    uint32_t _dwAddr = packet.out.dwAddr;
    2362:	e0 90 e7 60 	lds	r14, 0x60E7	; 0x8060e7 <packet+0xa>
    2366:	f0 90 e8 60 	lds	r15, 0x60E8	; 0x8060e8 <packet+0xb>
    236a:	80 91 1d 63 	lds	r24, 0x631D	; 0x80631d <Device_Descriptor+0x22>
    236e:	90 91 1e 63 	lds	r25, 0x631E	; 0x80631e <Device_Descriptor+0x23>
/Users/askn/Develop/UPDI4AVR-USB/src/updi.cpp:318
    size_t  _wLength = packet.out.dwLength;
    if (bit_is_clear(PGCONF, PGCONF_UPDI_bp)
     || m_type != 0xC5
     || _wLength != Device_Descriptor.UPDI.user_sig_bytes
     || (uint16_t)_dwAddr != Device_Descriptor.UPDI.user_sig_base) return false;
    2372:	8c 15       	cp	r24, r12
    2374:	9d 05       	cpc	r25, r13
    2376:	b1 f6       	brne	.-84     	; 0x2324 <UPDI::write_userrow()+0x16>
    2378:	0e 94 9f 05 	call	0xb3e	; 0xb3e <USART::drain(unsigned int) [clone .constprop.13]>
/Users/askn/Develop/UPDI4AVR-USB/src/updi.cpp:319
    USART::drain();
    237c:	1f 93       	push	r17
    237e:	0f 93       	push	r16
/Users/askn/Develop/UPDI4AVR-USB/src/updi.cpp:320
    D1PRINTF(" ENTER_UROW=%04lX:%04X\r\n", _dwAddr, _wLength);
    2380:	ff 92       	push	r15
    2382:	ef 92       	push	r14
    2384:	df 92       	push	r13
    2386:	cf 92       	push	r12
    2388:	8f e9       	ldi	r24, 0x9F	; 159
    238a:	99 e0       	ldi	r25, 0x09	; 9
    238c:	9f 93       	push	r25
    238e:	8f 93       	push	r24
    2390:	c2 eb       	ldi	r28, 0xB2	; 178
    2392:	d0 e6       	ldi	r29, 0x60	; 96
    2394:	df 93       	push	r29
    2396:	cf 93       	push	r28
    2398:	bc da       	rcall	.-2696   	; 0x1912 <Print::printf(PGM_t const*, ...) [clone .constprop.17]>
    239a:	80 91 b4 60 	lds	r24, 0x60B4	; 0x8060b4 <Serial1C+0x2>
    239e:	90 91 b5 60 	lds	r25, 0x60B5	; 0x8060b5 <Serial1C+0x3>
/Users/askn/Develop/UPDI4AVR-USB/src/updi.cpp:321
    DFLUSH();
    23a2:	0e 94 1a 06 	call	0xc34	; 0xc34 <UsartBaseClass::flush() [clone .isra.0] [clone .lto_priv.18]>
set_urowwrite_key():
    23a6:	8f e5       	ldi	r24, 0x5F	; 95
    23a8:	99 e0       	ldi	r25, 0x09	; 9
    23aa:	9f 93       	push	r25
/Users/askn/Develop/UPDI4AVR-USB/src/updi.cpp:277
    if (!send_bytes(erase_key, sizeof(erase_key)) || !key_wait_set(3)) return false;
    return sys_reset(false);
  }

  bool set_urowwrite_key (void) {
    D1PRINTF(" UROW_KEY=");   /* wait set UROWWRITE */
    23ac:	8f 93       	push	r24
    23ae:	df 93       	push	r29
    23b0:	cf 93       	push	r28
    23b2:	af da       	rcall	.-2722   	; 0x1912 <Print::printf(PGM_t const*, ...) [clone .constprop.17]>
    23b4:	6a e0       	ldi	r22, 0x0A	; 10
    23b6:	70 e0       	ldi	r23, 0x00	; 0
    23b8:	87 e7       	ldi	r24, 0x77	; 119
    23ba:	90 e6       	ldi	r25, 0x60	; 96
/Users/askn/Develop/UPDI4AVR-USB/src/updi.cpp:278
    if (!send_bytes(urowwrite_key, sizeof(urowwrite_key)) || !key_wait_set(5)) return false;
    23bc:	0e 94 45 06 	call	0xc8a	; 0xc8a <UPDI::send_bytes(unsigned char const*, unsigned int)>
    23c0:	2d b7       	in	r18, 0x3d	; 61
    23c2:	3e b7       	in	r19, 0x3e	; 62
    23c4:	22 5f       	subi	r18, 0xF2	; 242
    23c6:	3f 4f       	sbci	r19, 0xFF	; 255
    23c8:	2d bf       	out	0x3d, r18	; 61
    23ca:	3e bf       	out	0x3e, r19	; 62
    23cc:	88 23       	and	r24, r24
    23ce:	09 f4       	brne	.+2      	; 0x23d2 <UPDI::write_userrow()+0xc4>
    23d0:	a9 cf       	rjmp	.-174    	; 0x2324 <UPDI::write_userrow()+0x16>
    23d2:	85 e0       	ldi	r24, 0x05	; 5
    23d4:	26 df       	rcall	.-436    	; 0x2222 <UPDI::key_wait_set(unsigned char)>
    23d6:	88 23       	and	r24, r24
    23d8:	09 f4       	brne	.+2      	; 0x23dc <UPDI::write_userrow()+0xce>
    23da:	a4 cf       	rjmp	.-184    	; 0x2324 <UPDI::write_userrow()+0x16>
sys_reset():
    23dc:	66 e0       	ldi	r22, 0x06	; 6
    23de:	70 e0       	ldi	r23, 0x00	; 0
    23e0:	87 e9       	ldi	r24, 0x97	; 151
    23e2:	90 e6       	ldi	r25, 0x60	; 96
    23e4:	0e 94 45 06 	call	0xc8a	; 0xc8a <UPDI::send_bytes(unsigned char const*, unsigned int)>
write_userrow():
/Users/askn/Develop/UPDI4AVR-USB/src/updi.cpp:134
    const static uint8_t _reset[] = {
      0x55, 0xC8, 0x59, /* SYSRST */
      0x55, 0xC8, 0x00, /* SYSRUN */
      0x55, 0xC3, 0x04  /* UPDIDIS */
    };
    return send_bytes(_reset, _leave ? 9 : 6);
    23e8:	88 23       	and	r24, r24
    23ea:	09 f4       	brne	.+2      	; 0x23ee <UPDI::write_userrow()+0xe0>
    23ec:	9b cf       	rjmp	.-202    	; 0x2324 <UPDI::write_userrow()+0x16>
    23ee:	82 e0       	ldi	r24, 0x02	; 2
    23f0:	fd de       	rcall	.-518    	; 0x21ec <UPDI::sys_wait_set(unsigned char)>
/Users/askn/Develop/UPDI4AVR-USB/src/updi.cpp:322
     || _wLength != Device_Descriptor.UPDI.user_sig_bytes
     || (uint16_t)_dwAddr != Device_Descriptor.UPDI.user_sig_base) return false;
    USART::drain();
    D1PRINTF(" ENTER_UROW=%04lX:%04X\r\n", _dwAddr, _wLength);
    DFLUSH();
    if (!set_urowwrite_key()) return false;
    23f2:	8d b3       	in	r24, 0x1d	; 29
    23f4:	9d b3       	in	r25, 0x1d	; 29
    23f6:	86 95       	lsr	r24
/Users/askn/Develop/UPDI4AVR-USB/src/updi.cpp:323
    sys_wait_set(2);      /* wait set UROWPROG */
    23f8:	86 95       	lsr	r24
    23fa:	bb 24       	eor	r11, r11
/Users/askn/Develop/UPDI4AVR-USB/src/updi.cpp:324
    D1PRINTF("<SYS:%02X:%d>\r\n", RXDATA, bit_is_clear(RXDATA, 2));
    23fc:	b3 94       	inc	r11
    23fe:	8b 25       	eor	r24, r11
    2400:	81 70       	andi	r24, 0x01	; 1
    2402:	1f 92       	push	r1
    2404:	8f 93       	push	r24
    2406:	1f 92       	push	r1
    2408:	9f 93       	push	r25
    240a:	8f e8       	ldi	r24, 0x8F	; 143
    240c:	99 e0       	ldi	r25, 0x09	; 9
    240e:	9f 93       	push	r25
    2410:	8f 93       	push	r24
    2412:	df 93       	push	r29
    2414:	cf 93       	push	r28
    2416:	7d da       	rcall	.-2822   	; 0x1912 <Print::printf(PGM_t const*, ...) [clone .constprop.17]>
    2418:	80 91 b4 60 	lds	r24, 0x60B4	; 0x8060b4 <Serial1C+0x2>
    241c:	90 91 b5 60 	lds	r25, 0x60B5	; 0x8060b5 <Serial1C+0x3>
    2420:	0e 94 1a 06 	call	0xc34	; 0xc34 <UsartBaseClass::flush() [clone .isra.0] [clone .lto_priv.18]>
/Users/askn/Develop/UPDI4AVR-USB/src/updi.cpp:325
    DFLUSH();
    2424:	a8 01       	movw	r20, r16
    2426:	c7 01       	movw	r24, r14
    2428:	b6 01       	movw	r22, r12
    242a:	0e 94 8b 06 	call	0xd16	; 0xd16 <UPDI::send_words_block(unsigned long, unsigned int)>
delay_micros():
    242e:	83 ef       	ldi	r24, 0xF3	; 243
/Users/askn/Develop/UPDI4AVR-USB/src/updi.cpp:326
    send_words_block(_dwAddr, _wLength);
    2430:	91 e0       	ldi	r25, 0x01	; 1
    2432:	01 97       	sbiw	r24, 0x01	; 1
    2434:	f1 f7       	brne	.-4      	; 0x2432 <UPDI::write_userrow()+0x124>
    2436:	00 c0       	rjmp	.+0      	; 0x2438 <UPDI::write_userrow()+0x12a>
    2438:	00 00       	nop
write_userrow():
/Users/askn/Library/Arduino15/packages/MultiX-Zinnia/hardware/modernAVR/0.4.5/cores/modernAVR/api/delay_busywait.h:33
    243a:	63 e0       	ldi	r22, 0x03	; 3
    243c:	70 e0       	ldi	r23, 0x00	; 0
    243e:	84 e8       	ldi	r24, 0x84	; 132
    2440:	90 e6       	ldi	r25, 0x60	; 96
    2442:	0e 94 45 06 	call	0xc8a	; 0xc8a <UPDI::send_bytes(unsigned char const*, unsigned int)>
/Users/askn/Develop/UPDI4AVR-USB/src/updi.cpp:328
    SYS::delay_100us();
    send_bytes(_urowdone, 3);
    2446:	82 e0       	ldi	r24, 0x02	; 2
    2448:	b6 de       	rcall	.-660    	; 0x21b6 <UPDI::sys_wait_clear(unsigned char)>
    244a:	8d b3       	in	r24, 0x1d	; 29
    244c:	9d b3       	in	r25, 0x1d	; 29
    244e:	86 95       	lsr	r24
/Users/askn/Develop/UPDI4AVR-USB/src/updi.cpp:329
    sys_wait_clear(2);    /* wait clear UROWPROG */
    2450:	86 95       	lsr	r24
    2452:	8b 25       	eor	r24, r11
    2454:	81 70       	andi	r24, 0x01	; 1
/Users/askn/Develop/UPDI4AVR-USB/src/updi.cpp:330
    D1PRINTF("<SYS:%02X:%d>\r\n", RXDATA, bit_is_clear(RXDATA, 2));
    2456:	1f 92       	push	r1
    2458:	8f 93       	push	r24
    245a:	1f 92       	push	r1
    245c:	9f 93       	push	r25
    245e:	8f e7       	ldi	r24, 0x7F	; 127
    2460:	99 e0       	ldi	r25, 0x09	; 9
    2462:	9f 93       	push	r25
    2464:	8f 93       	push	r24
    2466:	df 93       	push	r29
    2468:	cf 93       	push	r28
    246a:	53 da       	rcall	.-2906   	; 0x1912 <Print::printf(PGM_t const*, ...) [clone .constprop.17]>
    246c:	80 91 b4 60 	lds	r24, 0x60B4	; 0x8060b4 <Serial1C+0x2>
    2470:	90 91 b5 60 	lds	r25, 0x60B5	; 0x8060b5 <Serial1C+0x3>
    2474:	0e 94 1a 06 	call	0xc34	; 0xc34 <UsartBaseClass::flush() [clone .isra.0] [clone .lto_priv.18]>
/Users/askn/Develop/UPDI4AVR-USB/src/updi.cpp:331
    DFLUSH();
    2478:	63 e0       	ldi	r22, 0x03	; 3
    247a:	70 e0       	ldi	r23, 0x00	; 0
    247c:	81 e8       	ldi	r24, 0x81	; 129
    247e:	90 e6       	ldi	r25, 0x60	; 96
    2480:	0e 94 45 06 	call	0xc8a	; 0xc8a <UPDI::send_bytes(unsigned char const*, unsigned int)>
/Users/askn/Develop/UPDI4AVR-USB/src/updi.cpp:332
    send_bytes(_urowstop, 3);
    2484:	8d b7       	in	r24, 0x3d	; 61
    2486:	9e b7       	in	r25, 0x3e	; 62
    2488:	40 96       	adiw	r24, 0x10	; 16
    248a:	8d bf       	out	0x3d, r24	; 61
    248c:	9e bf       	out	0x3e, r25	; 62
    248e:	f9 99       	sbic	0x1f, 1	; 31
/Users/askn/Develop/UPDI4AVR-USB/src/updi.cpp:333
    if (bit_is_set(PGCONF, PGCONF_PROG_bp) && set_nvmprog_key()) {
    2490:	0f c0       	rjmp	.+30     	; 0x24b0 <UPDI::write_userrow()+0x1a2>
sys_reset():
    2492:	66 e0       	ldi	r22, 0x06	; 6
    2494:	70 e0       	ldi	r23, 0x00	; 0
    2496:	87 e9       	ldi	r24, 0x97	; 151
    2498:	90 e6       	ldi	r25, 0x60	; 96
write_userrow():
    249a:	df 91       	pop	r29
/Users/askn/Develop/UPDI4AVR-USB/src/updi.cpp:134
    const static uint8_t _reset[] = {
      0x55, 0xC8, 0x59, /* SYSRST */
      0x55, 0xC8, 0x00, /* SYSRUN */
      0x55, 0xC3, 0x04  /* UPDIDIS */
    };
    return send_bytes(_reset, _leave ? 9 : 6);
    249c:	cf 91       	pop	r28
    249e:	1f 91       	pop	r17
    24a0:	0f 91       	pop	r16
/Users/askn/Develop/UPDI4AVR-USB/src/updi.cpp:339
      sys_wait_set(3);    /* wait set PROGSTART */
      D1PRINTF(" RE_PROGSTART=%02X\r\n", RXDATA);
      return true;
    }
    else return sys_reset(false);
  }
    24a2:	ff 90       	pop	r15
    24a4:	ef 90       	pop	r14
    24a6:	df 90       	pop	r13
    24a8:	cf 90       	pop	r12
    24aa:	bf 90       	pop	r11
sys_reset():
    24ac:	0c 94 45 06 	jmp	0xc8a	; 0xc8a <UPDI::send_bytes(unsigned char const*, unsigned int)>
write_userrow():
    24b0:	81 e0       	ldi	r24, 0x01	; 1
/Users/askn/Develop/UPDI4AVR-USB/src/updi.cpp:134
    const static uint8_t _reset[] = {
      0x55, 0xC8, 0x59, /* SYSRST */
      0x55, 0xC8, 0x00, /* SYSRUN */
      0x55, 0xC3, 0x04  /* UPDIDIS */
    };
    return send_bytes(_reset, _leave ? 9 : 6);
    24b2:	d2 de       	rcall	.-604    	; 0x2258 <UPDI::set_nvmprog_key(bool)>
    24b4:	18 2f       	mov	r17, r24
/Users/askn/Develop/UPDI4AVR-USB/src/updi.cpp:333
    send_bytes(_urowdone, 3);
    sys_wait_clear(2);    /* wait clear UROWPROG */
    D1PRINTF("<SYS:%02X:%d>\r\n", RXDATA, bit_is_clear(RXDATA, 2));
    DFLUSH();
    send_bytes(_urowstop, 3);
    if (bit_is_set(PGCONF, PGCONF_PROG_bp) && set_nvmprog_key()) {
    24b6:	88 23       	and	r24, r24
    24b8:	61 f3       	breq	.-40     	; 0x2492 <UPDI::write_userrow()+0x184>
    24ba:	83 e0       	ldi	r24, 0x03	; 3
    24bc:	97 de       	rcall	.-722    	; 0x21ec <UPDI::sys_wait_set(unsigned char)>
    24be:	8d b3       	in	r24, 0x1d	; 29
    24c0:	1f 92       	push	r1
/Users/askn/Develop/UPDI4AVR-USB/src/updi.cpp:334
      sys_wait_set(3);    /* wait set PROGSTART */
    24c2:	8f 93       	push	r24
    24c4:	8a e6       	ldi	r24, 0x6A	; 106
    24c6:	99 e0       	ldi	r25, 0x09	; 9
/Users/askn/Develop/UPDI4AVR-USB/src/updi.cpp:335
      D1PRINTF(" RE_PROGSTART=%02X\r\n", RXDATA);
    24c8:	9f 93       	push	r25
    24ca:	8f 93       	push	r24
    24cc:	df 93       	push	r29
    24ce:	cf 93       	push	r28
    24d0:	20 da       	rcall	.-3008   	; 0x1912 <Print::printf(PGM_t const*, ...) [clone .constprop.17]>
    24d2:	0f 90       	pop	r0
    24d4:	0f 90       	pop	r0
    24d6:	0f 90       	pop	r0
    24d8:	0f 90       	pop	r0
    24da:	0f 90       	pop	r0
    24dc:	0f 90       	pop	r0
    24de:	23 cf       	rjmp	.-442    	; 0x2326 <UPDI::write_userrow()+0x18>

000024e0 <NVM::V0::write_memory()>:
write_memory():
    24e0:	4f 92       	push	r4
    24e2:	5f 92       	push	r5
    24e4:	6f 92       	push	r6
    24e6:	7f 92       	push	r7
    24e8:	af 92       	push	r10
/Users/askn/Develop/UPDI4AVR-USB/src/nvmv0.cpp:142
    }
    /* Page erase will not be used if received. */
    return 1;
  }

  size_t write_memory (void) {
    24ea:	bf 92       	push	r11
    24ec:	cf 92       	push	r12
    24ee:	df 92       	push	r13
    24f0:	ef 92       	push	r14
    24f2:	ff 92       	push	r15
    24f4:	0f 93       	push	r16
    24f6:	1f 93       	push	r17
    24f8:	cf 93       	push	r28
    24fa:	df 93       	push	r29
    24fc:	00 d0       	rcall	.+0      	; 0x24fe <NVM::V0::write_memory()+0x1e>
    24fe:	00 d0       	rcall	.+0      	; 0x2500 <NVM::V0::write_memory()+0x20>
    2500:	cd b7       	in	r28, 0x3d	; 61
    2502:	de b7       	in	r29, 0x3e	; 62
    2504:	f9 99       	sbic	0x1f, 1	; 31
    2506:	14 c0       	rjmp	.+40     	; 0x2530 <NVM::V0::write_memory()+0x50>
    2508:	02 df       	rcall	.-508    	; 0x230e <UPDI::write_userrow()>
    250a:	90 e0       	ldi	r25, 0x00	; 0
    250c:	24 96       	adiw	r28, 0x04	; 4
/Users/askn/Develop/UPDI4AVR-USB/src/nvmv0.cpp:146
    uint8_t  m_type = packet.out.bMType;
    uint16_t _wAddr = packet.out.dwAddr;
    size_t _wLength = packet.out.dwLength;
    if (bit_is_clear(PGCONF, PGCONF_PROG_bp)) return UPDI::write_userrow();
    250e:	cd bf       	out	0x3d, r28	; 61
    2510:	de bf       	out	0x3e, r29	; 62
    2512:	df 91       	pop	r29
    2514:	cf 91       	pop	r28
/Users/askn/Develop/UPDI4AVR-USB/src/nvmv0.cpp:168
    }
    else {
      /* MTYPE_SRAM */
      return UPDI::send_bytes_block(_wAddr, _wLength);
    }
  }
    2516:	1f 91       	pop	r17
    2518:	0f 91       	pop	r16
    251a:	ff 90       	pop	r15
    251c:	ef 90       	pop	r14
    251e:	df 90       	pop	r13
    2520:	cf 90       	pop	r12
    2522:	bf 90       	pop	r11
    2524:	af 90       	pop	r10
    2526:	7f 90       	pop	r7
    2528:	6f 90       	pop	r6
    252a:	5f 90       	pop	r5
    252c:	4f 90       	pop	r4
    252e:	08 95       	ret
    2530:	80 91 e4 60 	lds	r24, 0x60E4	; 0x8060e4 <packet+0x7>
    2534:	c0 90 e5 60 	lds	r12, 0x60E5	; 0x8060e5 <packet+0x8>
/Users/askn/Develop/UPDI4AVR-USB/src/nvmv0.cpp:143
    /* Page erase will not be used if received. */
    return 1;
  }

  size_t write_memory (void) {
    uint8_t  m_type = packet.out.bMType;
    2538:	d0 90 e6 60 	lds	r13, 0x60E6	; 0x8060e6 <packet+0x9>
/Users/askn/Develop/UPDI4AVR-USB/src/nvmv0.cpp:144
    uint16_t _wAddr = packet.out.dwAddr;
    253c:	e0 90 e7 60 	lds	r14, 0x60E7	; 0x8060e7 <packet+0xa>
    2540:	f0 90 e8 60 	lds	r15, 0x60E8	; 0x8060e8 <packet+0xb>
    2544:	96 01       	movw	r18, r12
    2546:	00 91 e9 60 	lds	r16, 0x60E9	; 0x8060e9 <packet+0xc>
/Users/askn/Develop/UPDI4AVR-USB/src/nvmv0.cpp:145
    size_t _wLength = packet.out.dwLength;
    254a:	10 91 ea 60 	lds	r17, 0x60EA	; 0x8060ea <packet+0xd>
    254e:	9e e4       	ldi	r25, 0x4E	; 78
/Users/askn/Develop/UPDI4AVR-USB/src/nvmv0.cpp:147
    if (bit_is_clear(PGCONF, PGCONF_PROG_bp)) return UPDI::write_userrow();
    if (m_type == 0xB2 || m_type == 0xB3) {
    2550:	98 0f       	add	r25, r24
    2552:	92 30       	cpi	r25, 0x02	; 2
    2554:	08 f0       	brcs	.+2      	; 0x2558 <NVM::V0::write_memory()+0x78>
    2556:	46 c0       	rjmp	.+140    	; 0x25e4 <NVM::V0::write_memory()+0x104>
    2558:	8d ed       	ldi	r24, 0xDD	; 221
    255a:	e8 2e       	mov	r14, r24
    255c:	80 e6       	ldi	r24, 0x60	; 96
    255e:	f8 2e       	mov	r15, r24
write_fuse():
/Users/askn/Develop/UPDI4AVR-USB/src/nvmv0.cpp:73
      uint16_t data;  /* NVMCTRL_REG_DATA */
      uint16_t addr;  /* NVMCTRL_REG_ADDR */
    } fuses;
    for (size_t _i = 0; _i < _wLength; _i++) {
      fuses.data = packet.out.memData[_i];
      fuses.addr = _wAddr + _i;
    2560:	c9 01       	movw	r24, r18
    2562:	8d 5d       	subi	r24, 0xDD	; 221
    2564:	90 46       	sbci	r25, 0x60	; 96
/Users/askn/Develop/UPDI4AVR-USB/src/nvmv0.cpp:71
  bool write_fuse (uint16_t _wAddr, size_t _wLength) {
    struct fuse_packet_t {
      uint16_t data;  /* NVMCTRL_REG_DATA */
      uint16_t addr;  /* NVMCTRL_REG_ADDR */
    } fuses;
    for (size_t _i = 0; _i < _wLength; _i++) {
    2566:	6c 01       	movw	r12, r24
    2568:	c7 01       	movw	r24, r14
    256a:	8d 5d       	subi	r24, 0xDD	; 221
    256c:	90 46       	sbci	r25, 0x60	; 96
    256e:	80 17       	cp	r24, r16
    2570:	91 07       	cpc	r25, r17
/Users/askn/Develop/UPDI4AVR-USB/src/nvmv0.cpp:72
      fuses.data = packet.out.memData[_i];
    2572:	b0 f5       	brcc	.+108    	; 0x25e0 <NVM::V0::write_memory()+0x100>
    2574:	f7 01       	movw	r30, r14
    2576:	81 89       	ldd	r24, Z+17	; 0x11
    2578:	90 e0       	ldi	r25, 0x00	; 0
    257a:	89 83       	std	Y+1, r24	; 0x01
/Users/askn/Develop/UPDI4AVR-USB/src/nvmv0.cpp:73
      fuses.addr = _wAddr + _i;
    257c:	9a 83       	std	Y+2, r25	; 0x02
    257e:	c6 01       	movw	r24, r12
    2580:	8e 0d       	add	r24, r14
    2582:	9f 1d       	adc	r25, r15
/Users/askn/Develop/UPDI4AVR-USB/src/nvmv0.cpp:75
      D2PRINTF(" NVM_V0_WFU=%04X<%02X\r\n", fuses.addr, fuses.data);
      nvm_wait();
    2584:	8b 83       	std	Y+3, r24	; 0x03
    2586:	9c 83       	std	Y+4, r25	; 0x04
    2588:	0b d9       	rcall	.-3562   	; 0x17a0 <NVM::V0::nvm_wait()>
    258a:	ce 01       	movw	r24, r28
    258c:	01 96       	adiw	r24, 0x01	; 1
    258e:	5c 01       	movw	r10, r24
    2590:	66 e0       	ldi	r22, 0x06	; 6
    2592:	70 e1       	ldi	r23, 0x10	; 16
/Users/askn/Develop/UPDI4AVR-USB/src/updi.cpp:207
      && clear_rsd();
  }

  bool send_bytes_data (uint32_t _dwAddr, uint8_t* _data, size_t _wLength) {
    for (size_t _i = 0; _i < _wLength; _i++) {
      if (!send_byte(_dwAddr++, *_data++)) return false;
    2594:	80 e0       	ldi	r24, 0x00	; 0
    2596:	90 e0       	ldi	r25, 0x00	; 0
send_bytes_data():
    2598:	f5 01       	movw	r30, r10
    259a:	41 91       	ld	r20, Z+
    259c:	5f 01       	movw	r10, r30
    259e:	2b 01       	movw	r4, r22
    25a0:	3c 01       	movw	r6, r24
    25a2:	ff ef       	ldi	r31, 0xFF	; 255
    25a4:	4f 1a       	sub	r4, r31
    25a6:	5f 0a       	sbc	r5, r31
    25a8:	6f 0a       	sbc	r6, r31
    25aa:	7f 0a       	sbc	r7, r31
/Users/askn/Develop/UPDI4AVR-USB/src/nvmv0.cpp:78
      if (!(UPDI::send_bytes_data(NVM_DATA, (uint8_t*)&fuses, 4)
        && UPDI::nvm_ctrl(0x07)   /* NVM_CMD_WFU */
        && (nvm_wait() & 7) == 0)) return false;
    25ac:	0e 94 c9 06 	call	0xd92	; 0xd92 <UPDI::send_byte(unsigned long, unsigned char)>
    25b0:	81 11       	cpse	r24, r1
    25b2:	02 c0       	rjmp	.+4      	; 0x25b8 <NVM::V0::write_memory()+0xd8>
write_memory():
/Users/askn/Develop/UPDI4AVR-USB/src/updi.cpp:206
      && send_bytes(&packet.out.memData[0], _wLength & ~1)
      && clear_rsd();
  }

  bool send_bytes_data (uint32_t _dwAddr, uint8_t* _data, size_t _wLength) {
    for (size_t _i = 0; _i < _wLength; _i++) {
    25b4:	80 e0       	ldi	r24, 0x00	; 0
    25b6:	a9 cf       	rjmp	.-174    	; 0x250a <NVM::V0::write_memory()+0x2a>
    25b8:	c3 01       	movw	r24, r6
    25ba:	b2 01       	movw	r22, r4
send_bytes_data():
    25bc:	6a 30       	cpi	r22, 0x0A	; 10
/Users/askn/Develop/UPDI4AVR-USB/src/nvmv0.cpp:77
      fuses.data = packet.out.memData[_i];
      fuses.addr = _wAddr + _i;
      D2PRINTF(" NVM_V0_WFU=%04X<%02X\r\n", fuses.addr, fuses.data);
      nvm_wait();
      if (!(UPDI::send_bytes_data(NVM_DATA, (uint8_t*)&fuses, 4)
        && UPDI::nvm_ctrl(0x07)   /* NVM_CMD_WFU */
    25be:	20 e1       	ldi	r18, 0x10	; 16
    25c0:	72 07       	cpc	r23, r18
    25c2:	81 05       	cpc	r24, r1
    25c4:	91 05       	cpc	r25, r1
    25c6:	41 f7       	brne	.-48     	; 0x2598 <NVM::V0::write_memory()+0xb8>
write_fuse():
/Users/askn/Develop/UPDI4AVR-USB/src/nvmv0.cpp:78
        && (nvm_wait() & 7) == 0)) return false;
    25c8:	87 e0       	ldi	r24, 0x07	; 7
    25ca:	0e 94 e6 06 	call	0xdcc	; 0xdcc <UPDI::nvm_ctrl(unsigned char)>
    25ce:	88 23       	and	r24, r24
    25d0:	89 f3       	breq	.-30     	; 0x25b4 <NVM::V0::write_memory()+0xd4>
/Users/askn/Develop/UPDI4AVR-USB/src/nvmv0.cpp:76
    for (size_t _i = 0; _i < _wLength; _i++) {
      fuses.data = packet.out.memData[_i];
      fuses.addr = _wAddr + _i;
      D2PRINTF(" NVM_V0_WFU=%04X<%02X\r\n", fuses.addr, fuses.data);
      nvm_wait();
      if (!(UPDI::send_bytes_data(NVM_DATA, (uint8_t*)&fuses, 4)
    25d2:	e6 d8       	rcall	.-3636   	; 0x17a0 <NVM::V0::nvm_wait()>
    25d4:	9f ef       	ldi	r25, 0xFF	; 255
    25d6:	e9 1a       	sub	r14, r25
/Users/askn/Develop/UPDI4AVR-USB/src/nvmv0.cpp:80
        && UPDI::nvm_ctrl(0x07)   /* NVM_CMD_WFU */
        && (nvm_wait() & 7) == 0)) return false;
    }
    return true;
    25d8:	f9 0a       	sbc	r15, r25
    25da:	87 70       	andi	r24, 0x07	; 7
/Users/askn/Develop/UPDI4AVR-USB/src/nvmv0.cpp:152
    if (m_type == 0xB2 || m_type == 0xB3) {
      /* MTYPE_FUSE_BITS */
      /* MTYPE_LOCK_BITS */
      return write_fuse(_wAddr, _wLength);
    }
    else if (m_type == 0x22 || m_type == 0xC4 || m_type == 0xC5) {
    25dc:	29 f2       	breq	.-118    	; 0x2568 <NVM::V0::write_memory()+0x88>
    25de:	ea cf       	rjmp	.-44     	; 0x25b4 <NVM::V0::write_memory()+0xd4>
write_memory():
    25e0:	81 e0       	ldi	r24, 0x01	; 1
    25e2:	93 cf       	rjmp	.-218    	; 0x250a <NVM::V0::write_memory()+0x2a>
    25e4:	82 32       	cpi	r24, 0x22	; 34
    25e6:	21 f0       	breq	.+8      	; 0x25f0 <NVM::V0::write_memory()+0x110>
/Users/askn/Develop/UPDI4AVR-USB/src/nvmv0.cpp:99
    );
  }

  bool write_eeprom (uint16_t _wAddr, size_t _wLength) {
    D2PRINTF(" NVM_V0_ERWP=%04X\r\n", _wAddr);
    nvm_wait();
    25e8:	9c e3       	ldi	r25, 0x3C	; 60
    25ea:	98 0f       	add	r25, r24
/Users/askn/Develop/UPDI4AVR-USB/src/nvmv0.cpp:101
    return (
      UPDI::send_bytes_block(_wAddr, _wLength)
    25ec:	92 30       	cpi	r25, 0x02	; 2
    25ee:	60 f4       	brcc	.+24     	; 0x2608 <NVM::V0::write_memory()+0x128>
write_eeprom():
    25f0:	d7 d8       	rcall	.-3666   	; 0x17a0 <NVM::V0::nvm_wait()>
    25f2:	c7 01       	movw	r24, r14
    25f4:	b6 01       	movw	r22, r12
/Users/askn/Develop/UPDI4AVR-USB/src/nvmv0.cpp:91
      nvm_wait();
      UPDI::nvm_ctrl(0x04);       /* NVM_CMD_PBC */
    }
    nvm_wait();
    return (
      UPDI::send_bytes_block(_wAddr, _wLength)
    25f6:	88 27       	eor	r24, r24
    25f8:	99 27       	eor	r25, r25
/Users/askn/Develop/UPDI4AVR-USB/src/nvmv0.cpp:93
      && UPDI::nvm_ctrl(0x03)     /* NVM_CMD_ERWP */
      && (nvm_wait() & 7) == 0
    25fa:	a8 01       	movw	r20, r16
write_flash():
    25fc:	0e 94 16 07 	call	0xe2c	; 0xe2c <UPDI::send_bytes_block(unsigned long, unsigned int)>
    2600:	81 11       	cpse	r24, r1
/Users/askn/Develop/UPDI4AVR-USB/src/nvmv0.cpp:158
      /* MTYPE_EEPROM */
      /* MTYPE_EEPROM_XMEGA */
      /* MTYPE_USERSIG (USERROW) */
      return write_eeprom(_wAddr, _wLength);
    }
    else if (m_type == 0xB0 || m_type == 0xC0) {
    2602:	1d c0       	rjmp	.+58     	; 0x263e <NVM::V0::write_memory()+0x15e>
    2604:	90 e0       	ldi	r25, 0x00	; 0
    2606:	24 c0       	rjmp	.+72     	; 0x2650 <NVM::V0::write_memory()+0x170>
write_memory():
    2608:	80 3b       	cpi	r24, 0xB0	; 176
/Users/askn/Develop/UPDI4AVR-USB/src/nvmv0.cpp:161
      /* MTYPE_FLASH_PAGE (PROGMEM) */
      /* MTYPE_FLASH (alias) */
      _wAddr += Device_Descriptor.UPDI.prog_base;
    260a:	11 f0       	breq	.+4      	; 0x2610 <NVM::V0::write_memory()+0x130>
    260c:	80 3c       	cpi	r24, 0xC0	; 192
    260e:	11 f5       	brne	.+68     	; 0x2654 <NVM::V0::write_memory()+0x174>
    2610:	60 91 fb 62 	lds	r22, 0x62FB	; 0x8062fb <Device_Descriptor>
    2614:	70 91 fc 62 	lds	r23, 0x62FC	; 0x8062fc <Device_Descriptor+0x1>
/Users/askn/Develop/UPDI4AVR-USB/src/nvmv0.cpp:85
    return true;
  }

  bool write_flash (uint16_t _wAddr, size_t _wLength) {
    D2PRINTF(" NVM_V0_ERWP=%04X\r\n", _wAddr);
    if (SYS::is_boundary_flash_page(_wAddr)) {
    2618:	c6 0e       	add	r12, r22
    261a:	d7 1e       	adc	r13, r23
write_flash():
    261c:	f1 2c       	mov	r15, r1
    261e:	e1 2c       	mov	r14, r1
    2620:	c7 01       	movw	r24, r14
    2622:	b6 01       	movw	r22, r12
    2624:	0e 94 39 09 	call	0x1272	; 0x1272 <SYS::is_boundary_flash_page(unsigned long)>
/Users/askn/Develop/UPDI4AVR-USB/src/nvmv0.cpp:86
      nvm_wait();
    2628:	88 23       	and	r24, r24
/Users/askn/Develop/UPDI4AVR-USB/src/nvmv0.cpp:87
      UPDI::nvm_ctrl(0x04);       /* NVM_CMD_PBC */
    262a:	21 f0       	breq	.+8      	; 0x2634 <NVM::V0::write_memory()+0x154>
    262c:	b9 d8       	rcall	.-3726   	; 0x17a0 <NVM::V0::nvm_wait()>
    262e:	84 e0       	ldi	r24, 0x04	; 4
/Users/askn/Develop/UPDI4AVR-USB/src/nvmv0.cpp:89
    }
    nvm_wait();
    2630:	0e 94 e6 06 	call	0xdcc	; 0xdcc <UPDI::nvm_ctrl(unsigned char)>
/Users/askn/Develop/UPDI4AVR-USB/src/nvmv0.cpp:91
    return (
      UPDI::send_bytes_block(_wAddr, _wLength)
    2634:	b5 d8       	rcall	.-3734   	; 0x17a0 <NVM::V0::nvm_wait()>
    2636:	a8 01       	movw	r20, r16
    2638:	c7 01       	movw	r24, r14
    263a:	b6 01       	movw	r22, r12
/Users/askn/Develop/UPDI4AVR-USB/src/nvmv0.cpp:92
      && UPDI::nvm_ctrl(0x03)     /* NVM_CMD_ERWP */
    263c:	df cf       	rjmp	.-66     	; 0x25fc <NVM::V0::write_memory()+0x11c>
    263e:	83 e0       	ldi	r24, 0x03	; 3
    2640:	0e 94 e6 06 	call	0xdcc	; 0xdcc <UPDI::nvm_ctrl(unsigned char)>
    2644:	88 23       	and	r24, r24
/Users/askn/Develop/UPDI4AVR-USB/src/nvmv0.cpp:93
      && (nvm_wait() & 7) == 0
    2646:	f1 f2       	breq	.-68     	; 0x2604 <NVM::V0::write_memory()+0x124>
    2648:	ab d8       	rcall	.-3754   	; 0x17a0 <NVM::V0::nvm_wait()>
    264a:	87 70       	andi	r24, 0x07	; 7
    264c:	91 e0       	ldi	r25, 0x01	; 1
    264e:	d1 f6       	brne	.-76     	; 0x2604 <NVM::V0::write_memory()+0x124>
write_memory():
/Users/askn/Develop/UPDI4AVR-USB/src/nvmv0.cpp:162
    }
    else if (m_type == 0xB0 || m_type == 0xC0) {
      /* MTYPE_FLASH_PAGE (PROGMEM) */
      /* MTYPE_FLASH (alias) */
      _wAddr += Device_Descriptor.UPDI.prog_base;
      return write_flash(_wAddr, _wLength);
    2650:	89 2f       	mov	r24, r25
    2652:	5b cf       	rjmp	.-330    	; 0x250a <NVM::V0::write_memory()+0x2a>
/Users/askn/Develop/UPDI4AVR-USB/src/nvmv0.cpp:166
    }
    else {
      /* MTYPE_SRAM */
      return UPDI::send_bytes_block(_wAddr, _wLength);
    2654:	c7 01       	movw	r24, r14
    2656:	b6 01       	movw	r22, r12
    2658:	88 27       	eor	r24, r24
    265a:	99 27       	eor	r25, r25
    265c:	a8 01       	movw	r20, r16
    265e:	0e 94 16 07 	call	0xe2c	; 0xe2c <UPDI::send_bytes_block(unsigned long, unsigned int)>
    2662:	53 cf       	rjmp	.-346    	; 0x250a <NVM::V0::write_memory()+0x2a>

00002664 <NVM::V2::write_memory()>:
/Users/askn/Develop/UPDI4AVR-USB/src/nvmv2.cpp:155
    /* Page erase will not be used if received. */
    /* Instead, page erase is determined by the is_boundary_flash_page function. */
    return 1;
  }

  size_t write_memory (void) {
    2664:	cf 92       	push	r12
    2666:	df 92       	push	r13
    2668:	ef 92       	push	r14
    266a:	ff 92       	push	r15
    266c:	cf 93       	push	r28
/Users/askn/Develop/UPDI4AVR-USB/src/nvmv2.cpp:159
    uint8_t   m_type = packet.out.bMType;
    uint32_t _dwAddr = packet.out.dwAddr;
    size_t  _wLength = packet.out.dwLength;
    if (bit_is_clear(PGCONF, PGCONF_PROG_bp)) return UPDI::write_userrow();
    266e:	df 93       	push	r29
    2670:	f9 99       	sbic	0x1f, 1	; 31
    2672:	09 c0       	rjmp	.+18     	; 0x2686 <NVM::V2::write_memory()+0x22>
    2674:	4c de       	rcall	.-872    	; 0x230e <UPDI::write_userrow()>
/Users/askn/Develop/UPDI4AVR-USB/src/nvmv2.cpp:179
      _dwAddr += PROG_START;
      return write_words_flash(_dwAddr, _wLength);
    }
    else {
      /* MTYPE_SRAM */
      return UPDI::send_bytes_block(_dwAddr, _wLength);
    2676:	90 e0       	ldi	r25, 0x00	; 0
/Users/askn/Develop/UPDI4AVR-USB/src/nvmv2.cpp:181
    }
  }
    2678:	df 91       	pop	r29
    267a:	cf 91       	pop	r28
    267c:	ff 90       	pop	r15
    267e:	ef 90       	pop	r14
    2680:	df 90       	pop	r13
    2682:	cf 90       	pop	r12
    2684:	08 95       	ret
/Users/askn/Develop/UPDI4AVR-USB/src/nvmv2.cpp:156
    /* Instead, page erase is determined by the is_boundary_flash_page function. */
    return 1;
  }

  size_t write_memory (void) {
    uint8_t   m_type = packet.out.bMType;
    2686:	80 91 e4 60 	lds	r24, 0x60E4	; 0x8060e4 <packet+0x7>
/Users/askn/Develop/UPDI4AVR-USB/src/nvmv2.cpp:157
    uint32_t _dwAddr = packet.out.dwAddr;
    268a:	c0 90 e5 60 	lds	r12, 0x60E5	; 0x8060e5 <packet+0x8>
    268e:	d0 90 e6 60 	lds	r13, 0x60E6	; 0x8060e6 <packet+0x9>
    2692:	e0 90 e7 60 	lds	r14, 0x60E7	; 0x8060e7 <packet+0xa>
    2696:	f0 90 e8 60 	lds	r15, 0x60E8	; 0x8060e8 <packet+0xb>
/Users/askn/Develop/UPDI4AVR-USB/src/nvmv2.cpp:158
    size_t  _wLength = packet.out.dwLength;
    269a:	c0 91 e9 60 	lds	r28, 0x60E9	; 0x8060e9 <packet+0xc>
    269e:	d0 91 ea 60 	lds	r29, 0x60EA	; 0x8060ea <packet+0xd>
/Users/askn/Develop/UPDI4AVR-USB/src/nvmv2.cpp:160
    if (bit_is_clear(PGCONF, PGCONF_PROG_bp)) return UPDI::write_userrow();
    if (m_type == 0x22 || m_type == 0xB2 || m_type == 0xB3 || m_type == 0xC4) {
    26a2:	82 32       	cpi	r24, 0x22	; 34
    26a4:	31 f0       	breq	.+12     	; 0x26b2 <NVM::V2::write_memory()+0x4e>
    26a6:	9e e4       	ldi	r25, 0x4E	; 78
    26a8:	98 0f       	add	r25, r24
    26aa:	92 30       	cpi	r25, 0x02	; 2
    26ac:	10 f0       	brcs	.+4      	; 0x26b2 <NVM::V2::write_memory()+0x4e>
    26ae:	84 3c       	cpi	r24, 0xC4	; 196
    26b0:	91 f4       	brne	.+36     	; 0x26d6 <NVM::V2::write_memory()+0x72>
write_eeprom():
/Users/askn/Develop/UPDI4AVR-USB/src/nvmv2.cpp:105
  }

  bool write_eeprom (uint32_t _dwAddr, size_t _wLength) {
    D2PRINTF(" NVM_V2_EEERWR=%06lX\r\n", _dwAddr);
    return (
      nvm_ctrl_change(0x13)   /* NVM_V2_CMD_EEERWR */
    26b2:	83 e1       	ldi	r24, 0x13	; 19
    26b4:	87 d8       	rcall	.-3826   	; 0x17c4 <NVM::V2::nvm_ctrl_change(unsigned char)>
    26b6:	81 11       	cpse	r24, r1
/Users/askn/Develop/UPDI4AVR-USB/src/nvmv2.cpp:108
      && UPDI::send_bytes_block_slow(_dwAddr, _wLength)
      && (nvm_wait() & 0x73) == 0
      && nvm_ctrl_change(0x00)
    26b8:	02 c0       	rjmp	.+4      	; 0x26be <NVM::V2::write_memory()+0x5a>
write_memory():
    26ba:	80 e0       	ldi	r24, 0x00	; 0
/Users/askn/Develop/UPDI4AVR-USB/src/nvmv2.cpp:87
    D2PRINTF(" NVM_V2_FLWR=%06lX\r\n", _dwAddr);
    return (
      nvm_ctrl_change(0x02)   /* NVM_V2_CMD_FLWR */
      && UPDI::send_words_block(_dwAddr, _wLength)
      && (nvm_wait() & 0x73) == 0
      && nvm_ctrl_change(0x00)
    26bc:	dc cf       	rjmp	.-72     	; 0x2676 <NVM::V2::write_memory()+0x12>
write_eeprom():
    26be:	ae 01       	movw	r20, r28
/Users/askn/Develop/UPDI4AVR-USB/src/nvmv2.cpp:106

  bool write_eeprom (uint32_t _dwAddr, size_t _wLength) {
    D2PRINTF(" NVM_V2_EEERWR=%06lX\r\n", _dwAddr);
    return (
      nvm_ctrl_change(0x13)   /* NVM_V2_CMD_EEERWR */
      && UPDI::send_bytes_block_slow(_dwAddr, _wLength)
    26c0:	c7 01       	movw	r24, r14
    26c2:	b6 01       	movw	r22, r12
    26c4:	0e 94 ec 06 	call	0xdd8	; 0xdd8 <UPDI::send_bytes_block_slow(unsigned long, unsigned int)>
    26c8:	88 23       	and	r24, r24
    26ca:	b9 f3       	breq	.-18     	; 0x26ba <NVM::V2::write_memory()+0x56>
    26cc:	69 d8       	rcall	.-3886   	; 0x17a0 <NVM::V0::nvm_wait()>
/Users/askn/Develop/UPDI4AVR-USB/src/nvmv2.cpp:107
      && (nvm_wait() & 0x73) == 0
    26ce:	83 77       	andi	r24, 0x73	; 115
    26d0:	a1 f7       	brne	.-24     	; 0x26ba <NVM::V2::write_memory()+0x56>
    26d2:	95 d8       	rcall	.-3798   	; 0x17fe <NVM::V2::write_eeprom(unsigned long, unsigned int) [clone .part.5]>
    26d4:	d0 cf       	rjmp	.-96     	; 0x2676 <NVM::V2::write_memory()+0x12>
write_memory():
    26d6:	80 3c       	cpi	r24, 0xC0	; 192
    26d8:	11 f0       	breq	.+4      	; 0x26de <NVM::V2::write_memory()+0x7a>
    26da:	85 3c       	cpi	r24, 0xC5	; 197
/Users/askn/Develop/UPDI4AVR-USB/src/nvmv2.cpp:167
      /* MTYPE_LOCK_BITS */
      /* MTYPE_EEPROM */
      /* MTYPE_EEPROM_XMEGA */
      return write_eeprom(_dwAddr, _wLength);
    }
    else if (m_type == 0xC0 || m_type == 0xC5) {
    26dc:	c9 f4       	brne	.+50     	; 0x2710 <NVM::V2::write_memory()+0xac>
write_bytes_flash():
    26de:	c7 01       	movw	r24, r14
    26e0:	b6 01       	movw	r22, r12
    26e2:	0e 94 39 09 	call	0x1272	; 0x1272 <SYS::is_boundary_flash_page(unsigned long)>
/Users/askn/Develop/UPDI4AVR-USB/src/nvmv2.cpp:92
      && nvm_ctrl_change(0x00)
    );
  }

  bool write_bytes_flash (uint32_t _dwAddr, size_t _wLength) {
    if (SYS::is_boundary_flash_page(_dwAddr)) erase_flash_page(_dwAddr);
    26e6:	88 23       	and	r24, r24
    26e8:	19 f0       	breq	.+6      	; 0x26f0 <NVM::V2::write_memory()+0x8c>
    26ea:	c7 01       	movw	r24, r14
    26ec:	b6 01       	movw	r22, r12
    26ee:	89 d8       	rcall	.-3822   	; 0x1802 <NVM::V2::erase_flash_page(unsigned long)>
    26f0:	82 e0       	ldi	r24, 0x02	; 2
    26f2:	68 d8       	rcall	.-3888   	; 0x17c4 <NVM::V2::nvm_ctrl_change(unsigned char)>
    26f4:	88 23       	and	r24, r24
    26f6:	09 f3       	breq	.-62     	; 0x26ba <NVM::V2::write_memory()+0x56>
/Users/askn/Develop/UPDI4AVR-USB/src/nvmv2.cpp:95
    D2PRINTF(" NVM_V2_FLWR=%06lX\r\n", _dwAddr);
    return (
      nvm_ctrl_change(0x02)   /* NVM_V2_CMD_FLWR */
    26f8:	ae 01       	movw	r20, r28
    26fa:	c7 01       	movw	r24, r14
    26fc:	b6 01       	movw	r22, r12
/Users/askn/Develop/UPDI4AVR-USB/src/nvmv2.cpp:98
      && UPDI::send_bytes_block_slow(_dwAddr, _wLength)
      && (nvm_wait() & 0x73) == 0
      && nvm_ctrl_change(0x00)
    26fe:	0e 94 ec 06 	call	0xdd8	; 0xdd8 <UPDI::send_bytes_block_slow(unsigned long, unsigned int)>
/Users/askn/Develop/UPDI4AVR-USB/src/nvmv2.cpp:96
  bool write_bytes_flash (uint32_t _dwAddr, size_t _wLength) {
    if (SYS::is_boundary_flash_page(_dwAddr)) erase_flash_page(_dwAddr);
    D2PRINTF(" NVM_V2_FLWR=%06lX\r\n", _dwAddr);
    return (
      nvm_ctrl_change(0x02)   /* NVM_V2_CMD_FLWR */
      && UPDI::send_bytes_block_slow(_dwAddr, _wLength)
    2702:	88 23       	and	r24, r24
    2704:	d1 f2       	breq	.-76     	; 0x26ba <NVM::V2::write_memory()+0x56>
    2706:	4c d8       	rcall	.-3944   	; 0x17a0 <NVM::V0::nvm_wait()>
    2708:	83 77       	andi	r24, 0x73	; 115
    270a:	b9 f6       	brne	.-82     	; 0x26ba <NVM::V2::write_memory()+0x56>
    270c:	78 d8       	rcall	.-3856   	; 0x17fe <NVM::V2::write_eeprom(unsigned long, unsigned int) [clone .part.5]>
    270e:	b3 cf       	rjmp	.-154    	; 0x2676 <NVM::V2::write_memory()+0x12>
write_memory():
/Users/askn/Develop/UPDI4AVR-USB/src/nvmv2.cpp:97
      && (nvm_wait() & 0x73) == 0
    2710:	80 3b       	cpi	r24, 0xB0	; 176
    2712:	09 f5       	brne	.+66     	; 0x2756 <NVM::V2::write_memory()+0xf2>
    2714:	80 e8       	ldi	r24, 0x80	; 128
    2716:	e8 0e       	add	r14, r24
    2718:	f1 1c       	adc	r15, r1
write_words_flash():
    271a:	fa 99       	sbic	0x1f, 2	; 31
    271c:	09 c0       	rjmp	.+18     	; 0x2730 <NVM::V2::write_memory()+0xcc>
/Users/askn/Develop/UPDI4AVR-USB/src/nvmv2.cpp:172
    else if (m_type == 0xC0 || m_type == 0xC5) {
      /* MTYPE_FLASH (alias) */
      /* MTYPE_USERSIG (USERROW) */
      return write_bytes_flash(_dwAddr, _wLength);
    }
    else if (m_type == 0xB0) {
    271e:	c7 01       	movw	r24, r14
    2720:	b6 01       	movw	r22, r12
/Users/askn/Develop/UPDI4AVR-USB/src/nvmv2.cpp:174
      /* MTYPE_FLASH_PAGE (PROGMEM) */
      _dwAddr += PROG_START;
    2722:	0e 94 39 09 	call	0x1272	; 0x1272 <SYS::is_boundary_flash_page(unsigned long)>
    2726:	88 23       	and	r24, r24
/Users/askn/Develop/UPDI4AVR-USB/src/nvmv2.cpp:81
    );
  }

  bool write_words_flash (uint32_t _dwAddr, size_t _wLength) {
    if (bit_is_clear(PGCONF, PGCONF_ERSE_bp)
      && SYS::is_boundary_flash_page(_dwAddr)) erase_flash_page(_dwAddr);
    2728:	19 f0       	breq	.+6      	; 0x2730 <NVM::V2::write_memory()+0xcc>
    272a:	c7 01       	movw	r24, r14
    272c:	b6 01       	movw	r22, r12
    272e:	69 d8       	rcall	.-3886   	; 0x1802 <NVM::V2::erase_flash_page(unsigned long)>
    2730:	82 e0       	ldi	r24, 0x02	; 2
    2732:	48 d8       	rcall	.-3952   	; 0x17c4 <NVM::V2::nvm_ctrl_change(unsigned char)>
    2734:	88 23       	and	r24, r24
    2736:	09 f4       	brne	.+2      	; 0x273a <NVM::V2::write_memory()+0xd6>
    2738:	c0 cf       	rjmp	.-128    	; 0x26ba <NVM::V2::write_memory()+0x56>
    273a:	ae 01       	movw	r20, r28
    273c:	c7 01       	movw	r24, r14
    273e:	b6 01       	movw	r22, r12
/Users/askn/Develop/UPDI4AVR-USB/src/nvmv2.cpp:84
    D2PRINTF(" NVM_V2_FLWR=%06lX\r\n", _dwAddr);
    return (
      nvm_ctrl_change(0x02)   /* NVM_V2_CMD_FLWR */
    2740:	0e 94 8b 06 	call	0xd16	; 0xd16 <UPDI::send_words_block(unsigned long, unsigned int)>
    2744:	88 23       	and	r24, r24
/Users/askn/Develop/UPDI4AVR-USB/src/nvmv2.cpp:87
      && UPDI::send_words_block(_dwAddr, _wLength)
      && (nvm_wait() & 0x73) == 0
      && nvm_ctrl_change(0x00)
    2746:	09 f4       	brne	.+2      	; 0x274a <NVM::V2::write_memory()+0xe6>
    2748:	b8 cf       	rjmp	.-144    	; 0x26ba <NVM::V2::write_memory()+0x56>
    274a:	2a d8       	rcall	.-4012   	; 0x17a0 <NVM::V0::nvm_wait()>
/Users/askn/Develop/UPDI4AVR-USB/src/nvmv2.cpp:85
    if (bit_is_clear(PGCONF, PGCONF_ERSE_bp)
      && SYS::is_boundary_flash_page(_dwAddr)) erase_flash_page(_dwAddr);
    D2PRINTF(" NVM_V2_FLWR=%06lX\r\n", _dwAddr);
    return (
      nvm_ctrl_change(0x02)   /* NVM_V2_CMD_FLWR */
      && UPDI::send_words_block(_dwAddr, _wLength)
    274c:	83 77       	andi	r24, 0x73	; 115
    274e:	09 f0       	breq	.+2      	; 0x2752 <NVM::V2::write_memory()+0xee>
    2750:	b4 cf       	rjmp	.-152    	; 0x26ba <NVM::V2::write_memory()+0x56>
    2752:	55 d8       	rcall	.-3926   	; 0x17fe <NVM::V2::write_eeprom(unsigned long, unsigned int) [clone .part.5]>
    2754:	90 cf       	rjmp	.-224    	; 0x2676 <NVM::V2::write_memory()+0x12>
write_memory():
    2756:	ae 01       	movw	r20, r28
    2758:	c7 01       	movw	r24, r14
    275a:	b6 01       	movw	r22, r12
/Users/askn/Develop/UPDI4AVR-USB/src/nvmv2.cpp:86
      && (nvm_wait() & 0x73) == 0
    275c:	0e 94 16 07 	call	0xe2c	; 0xe2c <UPDI::send_bytes_block(unsigned long, unsigned int)>
    2760:	8a cf       	rjmp	.-236    	; 0x2676 <NVM::V2::write_memory()+0x12>

00002762 <NVM::V3::write_memory()>:
    2762:	cf 92       	push	r12
    2764:	df 92       	push	r13
    2766:	ef 92       	push	r14
    2768:	ff 92       	push	r15
    276a:	cf 93       	push	r28
/Users/askn/Develop/UPDI4AVR-USB/src/nvmv2.cpp:179
      _dwAddr += PROG_START;
      return write_words_flash(_dwAddr, _wLength);
    }
    else {
      /* MTYPE_SRAM */
      return UPDI::send_bytes_block(_dwAddr, _wLength);
    276c:	df 93       	push	r29
    276e:	f9 99       	sbic	0x1f, 1	; 31
    2770:	09 c0       	rjmp	.+18     	; 0x2784 <NVM::V3::write_memory()+0x22>
    2772:	cd dd       	rcall	.-1126   	; 0x230e <UPDI::write_userrow()>
    2774:	90 e0       	ldi	r25, 0x00	; 0
    2776:	df 91       	pop	r29
/Users/askn/Develop/UPDI4AVR-USB/src/nvmv3.cpp:133
    }
    /* Page erase will not be used if received. */
    return 1;
  }

  size_t write_memory (void) {
    2778:	cf 91       	pop	r28
    277a:	ff 90       	pop	r15
    277c:	ef 90       	pop	r14
    277e:	df 90       	pop	r13
    2780:	cf 90       	pop	r12
/Users/askn/Develop/UPDI4AVR-USB/src/nvmv3.cpp:137
    uint8_t   m_type = packet.out.bMType;
    uint32_t _dwAddr = packet.out.dwAddr;
    size_t  _wLength = packet.out.dwLength;
    if (bit_is_clear(PGCONF, PGCONF_PROG_bp)) return UPDI::write_userrow();
    2782:	08 95       	ret
    2784:	80 91 e4 60 	lds	r24, 0x60E4	; 0x8060e4 <packet+0x7>
    2788:	c0 90 e5 60 	lds	r12, 0x60E5	; 0x8060e5 <packet+0x8>
/Users/askn/Develop/UPDI4AVR-USB/src/nvmv3.cpp:159
    }
    else {
      /* MTYPE_SRAM */
      return UPDI::send_bytes_block(_dwAddr, _wLength);
    }
  }
    278c:	d0 90 e6 60 	lds	r13, 0x60E6	; 0x8060e6 <packet+0x9>
    2790:	e0 90 e7 60 	lds	r14, 0x60E7	; 0x8060e7 <packet+0xa>
    2794:	f0 90 e8 60 	lds	r15, 0x60E8	; 0x8060e8 <packet+0xb>
    2798:	c0 91 e9 60 	lds	r28, 0x60E9	; 0x8060e9 <packet+0xc>
/Users/askn/Develop/UPDI4AVR-USB/src/nvmv3.cpp:134
    /* Page erase will not be used if received. */
    return 1;
  }

  size_t write_memory (void) {
    uint8_t   m_type = packet.out.bMType;
    279c:	d0 91 ea 60 	lds	r29, 0x60EA	; 0x8060ea <packet+0xd>
/Users/askn/Develop/UPDI4AVR-USB/src/nvmv3.cpp:135
    uint32_t _dwAddr = packet.out.dwAddr;
    27a0:	82 32       	cpi	r24, 0x22	; 34
    27a2:	31 f0       	breq	.+12     	; 0x27b0 <NVM::V3::write_memory()+0x4e>
    27a4:	9e e4       	ldi	r25, 0x4E	; 78
    27a6:	98 0f       	add	r25, r24
    27a8:	92 30       	cpi	r25, 0x02	; 2
    27aa:	10 f0       	brcs	.+4      	; 0x27b0 <NVM::V3::write_memory()+0x4e>
    27ac:	84 3c       	cpi	r24, 0xC4	; 196
/Users/askn/Develop/UPDI4AVR-USB/src/nvmv3.cpp:136
    size_t  _wLength = packet.out.dwLength;
    27ae:	b1 f4       	brne	.+44     	; 0x27dc <NVM::V3::write_memory()+0x7a>
write_eeprom():
    27b0:	80 e1       	ldi	r24, 0x10	; 16
    27b2:	0e 94 3e 0b 	call	0x167c	; 0x167c <NVM::V3::nvm_ctrl_change(unsigned char)>
/Users/askn/Develop/UPDI4AVR-USB/src/nvmv3.cpp:138
    if (bit_is_clear(PGCONF, PGCONF_PROG_bp)) return UPDI::write_userrow();
    if (m_type == 0x22 || m_type == 0xB2 || m_type == 0xB3 || m_type == 0xC4) {
    27b6:	81 11       	cpse	r24, r1
    27b8:	02 c0       	rjmp	.+4      	; 0x27be <NVM::V3::write_memory()+0x5c>
write_memory():
    27ba:	80 e0       	ldi	r24, 0x00	; 0
    27bc:	db cf       	rjmp	.-74     	; 0x2774 <NVM::V3::write_memory()+0x12>
write_eeprom():
    27be:	ae 01       	movw	r20, r28
    27c0:	c7 01       	movw	r24, r14
    27c2:	b6 01       	movw	r22, r12
    27c4:	0e 94 16 07 	call	0xe2c	; 0xe2c <UPDI::send_bytes_block(unsigned long, unsigned int)>
/Users/askn/Develop/UPDI4AVR-USB/src/nvmv3.cpp:90
  }

  bool write_eeprom (uint32_t _dwAddr, size_t _wLength) {
    D2PRINTF(" NVM_V3_EEPERW=%06lX\r\n", _dwAddr);
    return (
      nvm_ctrl_change(0x10)
    27c8:	88 23       	and	r24, r24
    27ca:	b9 f3       	breq	.-18     	; 0x27ba <NVM::V3::write_memory()+0x58>
/Users/askn/Develop/UPDI4AVR-USB/src/nvmv3.cpp:93
      && UPDI::send_bytes_block(_dwAddr, _wLength)
      && nvm_ctrl_change(0x15)  /* NVM_V3_CMD_EEPERW */
      && (nvm_wait() & 0x73) == 0
    27cc:	85 e1       	ldi	r24, 0x15	; 21
    27ce:	0e 94 3e 0b 	call	0x167c	; 0x167c <NVM::V3::nvm_ctrl_change(unsigned char)>
    27d2:	88 23       	and	r24, r24
/Users/askn/Develop/UPDI4AVR-USB/src/nvmv3.cpp:91

  bool write_eeprom (uint32_t _dwAddr, size_t _wLength) {
    D2PRINTF(" NVM_V3_EEPERW=%06lX\r\n", _dwAddr);
    return (
      nvm_ctrl_change(0x10)
      && UPDI::send_bytes_block(_dwAddr, _wLength)
    27d4:	91 f3       	breq	.-28     	; 0x27ba <NVM::V3::write_memory()+0x58>
    27d6:	0e 94 37 0b 	call	0x166e	; 0x166e <NVM::V3::write_eeprom(unsigned long, unsigned int) [clone .part.3]>
    27da:	cc cf       	rjmp	.-104    	; 0x2774 <NVM::V3::write_memory()+0x12>
write_memory():
    27dc:	80 3c       	cpi	r24, 0xC0	; 192
    27de:	11 f0       	breq	.+4      	; 0x27e4 <NVM::V3::write_memory()+0x82>
    27e0:	85 3c       	cpi	r24, 0xC5	; 197
/Users/askn/Develop/UPDI4AVR-USB/src/nvmv3.cpp:92
      && nvm_ctrl_change(0x15)  /* NVM_V3_CMD_EEPERW */
    27e2:	31 f4       	brne	.+12     	; 0x27f0 <NVM::V3::write_memory()+0x8e>
    27e4:	ae 01       	movw	r20, r28
    27e6:	c7 01       	movw	r24, r14
    27e8:	b6 01       	movw	r22, r12
    27ea:	0e 94 66 0b 	call	0x16cc	; 0x16cc <NVM::V3::write_bytes_flash(unsigned long, unsigned int)>
    27ee:	c2 cf       	rjmp	.-124    	; 0x2774 <NVM::V3::write_memory()+0x12>
    27f0:	80 3b       	cpi	r24, 0xB0	; 176
/Users/askn/Develop/UPDI4AVR-USB/src/nvmv3.cpp:145
      /* MTYPE_LOCK_BITS */
      /* MTYPE_EEPROM */
      /* MTYPE_EEPROM_XMEGA */
      return write_eeprom(_dwAddr, _wLength);
    }
    else if (m_type == 0xC0 || m_type == 0xC5) {
    27f2:	41 f4       	brne	.+16     	; 0x2804 <NVM::V3::write_memory()+0xa2>
    27f4:	c7 01       	movw	r24, r14
    27f6:	b6 01       	movw	r22, r12
    27f8:	80 58       	subi	r24, 0x80	; 128
/Users/askn/Develop/UPDI4AVR-USB/src/nvmv3.cpp:148
      /* MTYPE_FLASH (alias) */
      /* MTYPE_USERSIG (USERROW) */
      return write_bytes_flash(_dwAddr, _wLength);
    27fa:	9f 4f       	sbci	r25, 0xFF	; 255
    27fc:	ae 01       	movw	r20, r28
    27fe:	0e 94 8c 0b 	call	0x1718	; 0x1718 <NVM::V3::write_words_flash(unsigned long, unsigned int)>
    2802:	b8 cf       	rjmp	.-144    	; 0x2774 <NVM::V3::write_memory()+0x12>
    2804:	ae 01       	movw	r20, r28
/Users/askn/Develop/UPDI4AVR-USB/src/nvmv3.cpp:150
    }
    else if (m_type == 0xB0) {
    2806:	c7 01       	movw	r24, r14
    2808:	b6 01       	movw	r22, r12
/Users/askn/Develop/UPDI4AVR-USB/src/nvmv3.cpp:152
      /* MTYPE_FLASH_PAGE (PROGMEM) */
      _dwAddr += PROG_START;
    280a:	0e 94 16 07 	call	0xe2c	; 0xe2c <UPDI::send_bytes_block(unsigned long, unsigned int)>
    280e:	b2 cf       	rjmp	.-156    	; 0x2774 <NVM::V3::write_memory()+0x12>

00002810 <NVM::V4::write_memory()>:
    2810:	cf 92       	push	r12
/Users/askn/Develop/UPDI4AVR-USB/src/nvmv3.cpp:153
      return write_words_flash(_dwAddr, _wLength);
    2812:	df 92       	push	r13
    2814:	ef 92       	push	r14
    2816:	ff 92       	push	r15
    2818:	cf 93       	push	r28
/Users/askn/Develop/UPDI4AVR-USB/src/nvmv3.cpp:157
    }
    else {
      /* MTYPE_SRAM */
      return UPDI::send_bytes_block(_dwAddr, _wLength);
    281a:	df 93       	push	r29
    281c:	f9 99       	sbic	0x1f, 1	; 31
    281e:	09 c0       	rjmp	.+18     	; 0x2832 <NVM::V4::write_memory()+0x22>
    2820:	76 dd       	rcall	.-1300   	; 0x230e <UPDI::write_userrow()>
    2822:	90 e0       	ldi	r25, 0x00	; 0
    2824:	df 91       	pop	r29
/Users/askn/Develop/UPDI4AVR-USB/src/nvmv4.cpp:158
    /* Page erase will not be used if received. */
    /* Instead, page erase is determined by the is_boundary_flash_page function. */
    return 1;
  }

  size_t write_memory (void) {
    2826:	cf 91       	pop	r28
    2828:	ff 90       	pop	r15
    282a:	ef 90       	pop	r14
    282c:	df 90       	pop	r13
    282e:	cf 90       	pop	r12
/Users/askn/Develop/UPDI4AVR-USB/src/nvmv4.cpp:162
    uint8_t   m_type = packet.out.bMType;
    uint32_t _dwAddr = packet.out.dwAddr;
    size_t  _wLength = packet.out.dwLength;
    if (bit_is_clear(PGCONF, PGCONF_PROG_bp)) return UPDI::write_userrow();
    2830:	08 95       	ret
    2832:	80 91 e4 60 	lds	r24, 0x60E4	; 0x8060e4 <packet+0x7>
    2836:	c0 90 e5 60 	lds	r12, 0x60E5	; 0x8060e5 <packet+0x8>
/Users/askn/Develop/UPDI4AVR-USB/src/nvmv4.cpp:184
    }
    else {
      /* MTYPE_SRAM */
      return UPDI::send_bytes_block(_dwAddr, _wLength);
    }
  }
    283a:	d0 90 e6 60 	lds	r13, 0x60E6	; 0x8060e6 <packet+0x9>
    283e:	e0 90 e7 60 	lds	r14, 0x60E7	; 0x8060e7 <packet+0xa>
    2842:	f0 90 e8 60 	lds	r15, 0x60E8	; 0x8060e8 <packet+0xb>
    2846:	c0 91 e9 60 	lds	r28, 0x60E9	; 0x8060e9 <packet+0xc>
/Users/askn/Develop/UPDI4AVR-USB/src/nvmv4.cpp:159
    /* Instead, page erase is determined by the is_boundary_flash_page function. */
    return 1;
  }

  size_t write_memory (void) {
    uint8_t   m_type = packet.out.bMType;
    284a:	d0 91 ea 60 	lds	r29, 0x60EA	; 0x8060ea <packet+0xd>
/Users/askn/Develop/UPDI4AVR-USB/src/nvmv4.cpp:160
    uint32_t _dwAddr = packet.out.dwAddr;
    284e:	82 32       	cpi	r24, 0x22	; 34
    2850:	31 f0       	breq	.+12     	; 0x285e <NVM::V4::write_memory()+0x4e>
    2852:	9e e4       	ldi	r25, 0x4E	; 78
    2854:	98 0f       	add	r25, r24
    2856:	92 30       	cpi	r25, 0x02	; 2
    2858:	10 f0       	brcs	.+4      	; 0x285e <NVM::V4::write_memory()+0x4e>
    285a:	84 3c       	cpi	r24, 0xC4	; 196
/Users/askn/Develop/UPDI4AVR-USB/src/nvmv4.cpp:161
    size_t  _wLength = packet.out.dwLength;
    285c:	a9 f4       	brne	.+42     	; 0x2888 <NVM::V4::write_memory()+0x78>
write_eeprom():
    285e:	83 e1       	ldi	r24, 0x13	; 19
    2860:	0e 94 3e 0b 	call	0x167c	; 0x167c <NVM::V3::nvm_ctrl_change(unsigned char)>
/Users/askn/Develop/UPDI4AVR-USB/src/nvmv4.cpp:163
    if (bit_is_clear(PGCONF, PGCONF_PROG_bp)) return UPDI::write_userrow();
    if (m_type == 0x22 || m_type == 0xB2 || m_type == 0xB3 || m_type == 0xC4) {
    2864:	81 11       	cpse	r24, r1
    2866:	02 c0       	rjmp	.+4      	; 0x286c <NVM::V4::write_memory()+0x5c>
write_memory():
    2868:	80 e0       	ldi	r24, 0x00	; 0
    286a:	db cf       	rjmp	.-74     	; 0x2822 <NVM::V4::write_memory()+0x12>
write_eeprom():
    286c:	ae 01       	movw	r20, r28
    286e:	c7 01       	movw	r24, r14
    2870:	b6 01       	movw	r22, r12
    2872:	0e 94 ec 06 	call	0xdd8	; 0xdd8 <UPDI::send_bytes_block_slow(unsigned long, unsigned int)>
/Users/askn/Develop/UPDI4AVR-USB/src/nvmv4.cpp:108
  }

  bool write_eeprom (uint32_t _dwAddr, size_t _wLength) {
    D2PRINTF(" NVM_V4_EEERWR=%06lX\r\n", _dwAddr);
    return (
      nvm_ctrl_change(0x13)   /* NVM_V4_CMD_EEERWR */
    2876:	88 23       	and	r24, r24
    2878:	b9 f3       	breq	.-18     	; 0x2868 <NVM::V4::write_memory()+0x58>
/Users/askn/Develop/UPDI4AVR-USB/src/nvmv4.cpp:111
      && UPDI::send_bytes_block_slow(_dwAddr, _wLength)
      && (nvm_wait() & 0x73) == 0
      && nvm_ctrl_change(0x00)
    287a:	0e 94 2d 0b 	call	0x165a	; 0x165a <NVM::V3::nvm_wait()>
/Users/askn/Develop/UPDI4AVR-USB/src/nvmv4.cpp:90
    D2PRINTF(" NVM_V4_FLWR=%06lX\r\n", _dwAddr);
    return (
      nvm_ctrl_change(0x02)   /* NVM_V4_CMD_FLWR */
      && UPDI::send_words_block(_dwAddr, _wLength)
      && (nvm_wait() & 0x73) == 0
      && nvm_ctrl_change(0x00)
    287e:	83 77       	andi	r24, 0x73	; 115
    2880:	99 f7       	brne	.-26     	; 0x2868 <NVM::V4::write_memory()+0x58>
/Users/askn/Develop/UPDI4AVR-USB/src/nvmv4.cpp:109

  bool write_eeprom (uint32_t _dwAddr, size_t _wLength) {
    D2PRINTF(" NVM_V4_EEERWR=%06lX\r\n", _dwAddr);
    return (
      nvm_ctrl_change(0x13)   /* NVM_V4_CMD_EEERWR */
      && UPDI::send_bytes_block_slow(_dwAddr, _wLength)
    2882:	0e 94 5b 0b 	call	0x16b6	; 0x16b6 <NVM::V4::write_eeprom(unsigned long, unsigned int) [clone .part.5]>
    2886:	cd cf       	rjmp	.-102    	; 0x2822 <NVM::V4::write_memory()+0x12>
write_memory():
    2888:	80 3c       	cpi	r24, 0xC0	; 192
    288a:	11 f0       	breq	.+4      	; 0x2890 <NVM::V4::write_memory()+0x80>
    288c:	85 3c       	cpi	r24, 0xC5	; 197
    288e:	e9 f4       	brne	.+58     	; 0x28ca <NVM::V4::write_memory()+0xba>
write_bytes_flash():
/Users/askn/Develop/UPDI4AVR-USB/src/nvmv4.cpp:110
      && (nvm_wait() & 0x73) == 0
    2890:	c7 01       	movw	r24, r14
    2892:	b6 01       	movw	r22, r12
    2894:	0e 94 39 09 	call	0x1272	; 0x1272 <SYS::is_boundary_flash_page(unsigned long)>
    2898:	88 23       	and	r24, r24
    289a:	21 f0       	breq	.+8      	; 0x28a4 <NVM::V4::write_memory()+0x94>
    289c:	c7 01       	movw	r24, r14
/Users/askn/Develop/UPDI4AVR-USB/src/nvmv4.cpp:170
      /* MTYPE_LOCK_BITS */
      /* MTYPE_EEPROM */
      /* MTYPE_EEPROM_XMEGA */
      return write_eeprom(_dwAddr, _wLength);
    }
    else if (m_type == 0xC0 || m_type == 0xC5) {
    289e:	b6 01       	movw	r22, r12
    28a0:	0e 94 b2 0b 	call	0x1764	; 0x1764 <NVM::V4::erase_flash_page(unsigned long)>
    28a4:	82 e0       	ldi	r24, 0x02	; 2
/Users/askn/Develop/UPDI4AVR-USB/src/nvmv4.cpp:95
      && nvm_ctrl_change(0x00)
    );
  }

  bool write_bytes_flash (uint32_t _dwAddr, size_t _wLength) {
    if (SYS::is_boundary_flash_page(_dwAddr)) erase_flash_page(_dwAddr);
    28a6:	0e 94 3e 0b 	call	0x167c	; 0x167c <NVM::V3::nvm_ctrl_change(unsigned char)>
    28aa:	88 23       	and	r24, r24
    28ac:	e9 f2       	breq	.-70     	; 0x2868 <NVM::V4::write_memory()+0x58>
    28ae:	ae 01       	movw	r20, r28
    28b0:	c7 01       	movw	r24, r14
    28b2:	b6 01       	movw	r22, r12
    28b4:	0e 94 ec 06 	call	0xdd8	; 0xdd8 <UPDI::send_bytes_block_slow(unsigned long, unsigned int)>
    28b8:	88 23       	and	r24, r24
/Users/askn/Develop/UPDI4AVR-USB/src/nvmv4.cpp:98
    D2PRINTF(" NVM_V4_FLWR=%06lX\r\n", _dwAddr);
    return (
      nvm_ctrl_change(0x02)   /* NVM_V4_CMD_FLWR */
    28ba:	b1 f2       	breq	.-84     	; 0x2868 <NVM::V4::write_memory()+0x58>
    28bc:	0e 94 2d 0b 	call	0x165a	; 0x165a <NVM::V3::nvm_wait()>
/Users/askn/Develop/UPDI4AVR-USB/src/nvmv4.cpp:101
      && UPDI::send_bytes_block_slow(_dwAddr, _wLength)
      && (nvm_wait() & 0x73) == 0
      && nvm_ctrl_change(0x00)
    28c0:	83 77       	andi	r24, 0x73	; 115
    28c2:	91 f6       	brne	.-92     	; 0x2868 <NVM::V4::write_memory()+0x58>
/Users/askn/Develop/UPDI4AVR-USB/src/nvmv4.cpp:99
  bool write_bytes_flash (uint32_t _dwAddr, size_t _wLength) {
    if (SYS::is_boundary_flash_page(_dwAddr)) erase_flash_page(_dwAddr);
    D2PRINTF(" NVM_V4_FLWR=%06lX\r\n", _dwAddr);
    return (
      nvm_ctrl_change(0x02)   /* NVM_V4_CMD_FLWR */
      && UPDI::send_bytes_block_slow(_dwAddr, _wLength)
    28c4:	0e 94 5b 0b 	call	0x16b6	; 0x16b6 <NVM::V4::write_eeprom(unsigned long, unsigned int) [clone .part.5]>
    28c8:	ac cf       	rjmp	.-168    	; 0x2822 <NVM::V4::write_memory()+0x12>
write_memory():
    28ca:	80 3b       	cpi	r24, 0xB0	; 176
    28cc:	29 f5       	brne	.+74     	; 0x2918 <NVM::V4::write_memory()+0x108>
    28ce:	80 e8       	ldi	r24, 0x80	; 128
    28d0:	e8 0e       	add	r14, r24
/Users/askn/Develop/UPDI4AVR-USB/src/nvmv4.cpp:100
      && (nvm_wait() & 0x73) == 0
    28d2:	f1 1c       	adc	r15, r1
write_words_flash():
    28d4:	fa 99       	sbic	0x1f, 2	; 31
    28d6:	0a c0       	rjmp	.+20     	; 0x28ec <NVM::V4::write_memory()+0xdc>
    28d8:	c7 01       	movw	r24, r14
    28da:	b6 01       	movw	r22, r12
    28dc:	0e 94 39 09 	call	0x1272	; 0x1272 <SYS::is_boundary_flash_page(unsigned long)>
/Users/askn/Develop/UPDI4AVR-USB/src/nvmv4.cpp:175
    else if (m_type == 0xC0 || m_type == 0xC5) {
      /* MTYPE_FLASH (alias) */
      /* MTYPE_USERSIG (USERROW, BOOTROW) */
      return write_bytes_flash(_dwAddr, _wLength);
    }
    else if (m_type == 0xB0) {
    28e0:	88 23       	and	r24, r24
    28e2:	21 f0       	breq	.+8      	; 0x28ec <NVM::V4::write_memory()+0xdc>
/Users/askn/Develop/UPDI4AVR-USB/src/nvmv4.cpp:177
      /* MTYPE_FLASH_PAGE (PROGMEM) */
      _dwAddr += PROG_START;
    28e4:	c7 01       	movw	r24, r14
    28e6:	b6 01       	movw	r22, r12
    28e8:	0e 94 b2 0b 	call	0x1764	; 0x1764 <NVM::V4::erase_flash_page(unsigned long)>
/Users/askn/Develop/UPDI4AVR-USB/src/nvmv4.cpp:84
    );
  }

  bool write_words_flash (uint32_t _dwAddr, size_t _wLength) {
    if (bit_is_clear(PGCONF, PGCONF_ERSE_bp)
      && SYS::is_boundary_flash_page(_dwAddr)) erase_flash_page(_dwAddr);
    28ec:	82 e0       	ldi	r24, 0x02	; 2
    28ee:	0e 94 3e 0b 	call	0x167c	; 0x167c <NVM::V3::nvm_ctrl_change(unsigned char)>
    28f2:	88 23       	and	r24, r24
    28f4:	09 f4       	brne	.+2      	; 0x28f8 <NVM::V4::write_memory()+0xe8>
    28f6:	b8 cf       	rjmp	.-144    	; 0x2868 <NVM::V4::write_memory()+0x58>
    28f8:	ae 01       	movw	r20, r28
    28fa:	c7 01       	movw	r24, r14
    28fc:	b6 01       	movw	r22, r12
    28fe:	0e 94 8b 06 	call	0xd16	; 0xd16 <UPDI::send_words_block(unsigned long, unsigned int)>
/Users/askn/Develop/UPDI4AVR-USB/src/nvmv4.cpp:87
    D2PRINTF(" NVM_V4_FLWR=%06lX\r\n", _dwAddr);
    return (
      nvm_ctrl_change(0x02)   /* NVM_V4_CMD_FLWR */
    2902:	88 23       	and	r24, r24
    2904:	09 f4       	brne	.+2      	; 0x2908 <NVM::V4::write_memory()+0xf8>
    2906:	b0 cf       	rjmp	.-160    	; 0x2868 <NVM::V4::write_memory()+0x58>
/Users/askn/Develop/UPDI4AVR-USB/src/nvmv4.cpp:90
      && UPDI::send_words_block(_dwAddr, _wLength)
      && (nvm_wait() & 0x73) == 0
      && nvm_ctrl_change(0x00)
    2908:	0e 94 2d 0b 	call	0x165a	; 0x165a <NVM::V3::nvm_wait()>
    290c:	83 77       	andi	r24, 0x73	; 115
/Users/askn/Develop/UPDI4AVR-USB/src/nvmv4.cpp:88
    if (bit_is_clear(PGCONF, PGCONF_ERSE_bp)
      && SYS::is_boundary_flash_page(_dwAddr)) erase_flash_page(_dwAddr);
    D2PRINTF(" NVM_V4_FLWR=%06lX\r\n", _dwAddr);
    return (
      nvm_ctrl_change(0x02)   /* NVM_V4_CMD_FLWR */
      && UPDI::send_words_block(_dwAddr, _wLength)
    290e:	09 f0       	breq	.+2      	; 0x2912 <NVM::V4::write_memory()+0x102>
    2910:	ab cf       	rjmp	.-170    	; 0x2868 <NVM::V4::write_memory()+0x58>
    2912:	0e 94 5b 0b 	call	0x16b6	; 0x16b6 <NVM::V4::write_eeprom(unsigned long, unsigned int) [clone .part.5]>
    2916:	85 cf       	rjmp	.-246    	; 0x2822 <NVM::V4::write_memory()+0x12>
write_memory():
    2918:	ae 01       	movw	r20, r28
    291a:	c7 01       	movw	r24, r14
    291c:	b6 01       	movw	r22, r12
/Users/askn/Develop/UPDI4AVR-USB/src/nvmv4.cpp:89
      && (nvm_wait() & 0x73) == 0
    291e:	0e 94 16 07 	call	0xe2c	; 0xe2c <UPDI::send_bytes_block(unsigned long, unsigned int)>
    2922:	7f cf       	rjmp	.-258    	; 0x2822 <NVM::V4::write_memory()+0x12>

00002924 <NVM::V5::write_memory()>:
    2924:	cf 92       	push	r12
    2926:	df 92       	push	r13
    2928:	ef 92       	push	r14
    292a:	ff 92       	push	r15
    292c:	cf 93       	push	r28
/Users/askn/Develop/UPDI4AVR-USB/src/nvmv4.cpp:182
      _dwAddr += PROG_START;
      return write_words_flash(_dwAddr, _wLength);
    }
    else {
      /* MTYPE_SRAM */
      return UPDI::send_bytes_block(_dwAddr, _wLength);
    292e:	df 93       	push	r29
    2930:	f9 99       	sbic	0x1f, 1	; 31
    2932:	09 c0       	rjmp	.+18     	; 0x2946 <NVM::V5::write_memory()+0x22>
    2934:	ec dc       	rcall	.-1576   	; 0x230e <UPDI::write_userrow()>
    2936:	90 e0       	ldi	r25, 0x00	; 0
    2938:	df 91       	pop	r29
/Users/askn/Develop/UPDI4AVR-USB/src/nvmv5.cpp:136
    }
    /* Page erase will not be used if received. */
    return 1;
  }

  size_t write_memory (void) {
    293a:	cf 91       	pop	r28
    293c:	ff 90       	pop	r15
    293e:	ef 90       	pop	r14
    2940:	df 90       	pop	r13
    2942:	cf 90       	pop	r12
    2944:	08 95       	ret
/Users/askn/Develop/UPDI4AVR-USB/src/nvmv5.cpp:140
    uint8_t   m_type = packet.out.bMType;
    uint32_t _dwAddr = packet.out.dwAddr;
    size_t  _wLength = packet.out.dwLength;
    if (bit_is_clear(PGCONF, PGCONF_PROG_bp)) return UPDI::write_userrow();
    2946:	80 91 e4 60 	lds	r24, 0x60E4	; 0x8060e4 <packet+0x7>
    294a:	c0 90 e5 60 	lds	r12, 0x60E5	; 0x8060e5 <packet+0x8>
/Users/askn/Develop/UPDI4AVR-USB/src/nvmv5.cpp:160
      _dwAddr += PROG_START;
      return write_words_flash(_dwAddr, _wLength);
    }
    else {
      /* MTYPE_SRAM */
      return UPDI::send_bytes_block(_dwAddr, _wLength);
    294e:	d0 90 e6 60 	lds	r13, 0x60E6	; 0x8060e6 <packet+0x9>
/Users/askn/Develop/UPDI4AVR-USB/src/nvmv5.cpp:162
    }
  }
    2952:	e0 90 e7 60 	lds	r14, 0x60E7	; 0x8060e7 <packet+0xa>
    2956:	f0 90 e8 60 	lds	r15, 0x60E8	; 0x8060e8 <packet+0xb>
    295a:	c0 91 e9 60 	lds	r28, 0x60E9	; 0x8060e9 <packet+0xc>
/Users/askn/Develop/UPDI4AVR-USB/src/nvmv5.cpp:137
    /* Page erase will not be used if received. */
    return 1;
  }

  size_t write_memory (void) {
    uint8_t   m_type = packet.out.bMType;
    295e:	d0 91 ea 60 	lds	r29, 0x60EA	; 0x8060ea <packet+0xd>
/Users/askn/Develop/UPDI4AVR-USB/src/nvmv5.cpp:138
    uint32_t _dwAddr = packet.out.dwAddr;
    2962:	82 32       	cpi	r24, 0x22	; 34
    2964:	31 f0       	breq	.+12     	; 0x2972 <NVM::V5::write_memory()+0x4e>
    2966:	9e e4       	ldi	r25, 0x4E	; 78
    2968:	98 0f       	add	r25, r24
    296a:	92 30       	cpi	r25, 0x02	; 2
    296c:	10 f0       	brcs	.+4      	; 0x2972 <NVM::V5::write_memory()+0x4e>
    296e:	84 3c       	cpi	r24, 0xC4	; 196
/Users/askn/Develop/UPDI4AVR-USB/src/nvmv5.cpp:139
    size_t  _wLength = packet.out.dwLength;
    2970:	b1 f4       	brne	.+44     	; 0x299e <NVM::V5::write_memory()+0x7a>
write_eeprom():
    2972:	80 e0       	ldi	r24, 0x00	; 0
    2974:	0e 94 3e 0b 	call	0x167c	; 0x167c <NVM::V3::nvm_ctrl_change(unsigned char)>
/Users/askn/Develop/UPDI4AVR-USB/src/nvmv5.cpp:141
    if (bit_is_clear(PGCONF, PGCONF_PROG_bp)) return UPDI::write_userrow();
    if (m_type == 0x22 || m_type == 0xB2 || m_type == 0xB3 || m_type == 0xC4) {
    2978:	81 11       	cpse	r24, r1
    297a:	02 c0       	rjmp	.+4      	; 0x2980 <NVM::V5::write_memory()+0x5c>
write_memory():
    297c:	80 e0       	ldi	r24, 0x00	; 0
    297e:	db cf       	rjmp	.-74     	; 0x2936 <NVM::V5::write_memory()+0x12>
write_eeprom():
    2980:	ae 01       	movw	r20, r28
    2982:	c7 01       	movw	r24, r14
    2984:	b6 01       	movw	r22, r12
/Users/askn/Develop/UPDI4AVR-USB/src/nvmv5.cpp:93
  }

  bool write_eeprom (uint32_t _dwAddr, size_t _wLength) {
    D2PRINTF(" NVM_V5_EEPERW=%06lX\r\n", _dwAddr);
    return (
      nvm_ctrl_change(0x00)
    2986:	0e 94 16 07 	call	0xe2c	; 0xe2c <UPDI::send_bytes_block(unsigned long, unsigned int)>
    298a:	88 23       	and	r24, r24
/Users/askn/Develop/UPDI4AVR-USB/src/nvmv5.cpp:96
      && UPDI::send_bytes_block(_dwAddr, _wLength)
      && nvm_ctrl_change(0x15)  /* NVM_V5_CMD_EEPERW */
      && (nvm_wait() & 0x73) == 0
    298c:	b9 f3       	breq	.-18     	; 0x297c <NVM::V5::write_memory()+0x58>
    298e:	85 e1       	ldi	r24, 0x15	; 21
    2990:	0e 94 3e 0b 	call	0x167c	; 0x167c <NVM::V3::nvm_ctrl_change(unsigned char)>
/Users/askn/Develop/UPDI4AVR-USB/src/nvmv5.cpp:94

  bool write_eeprom (uint32_t _dwAddr, size_t _wLength) {
    D2PRINTF(" NVM_V5_EEPERW=%06lX\r\n", _dwAddr);
    return (
      nvm_ctrl_change(0x00)
      && UPDI::send_bytes_block(_dwAddr, _wLength)
    2994:	88 23       	and	r24, r24
    2996:	91 f3       	breq	.-28     	; 0x297c <NVM::V5::write_memory()+0x58>
    2998:	0e 94 37 0b 	call	0x166e	; 0x166e <NVM::V3::write_eeprom(unsigned long, unsigned int) [clone .part.3]>
    299c:	cc cf       	rjmp	.-104    	; 0x2936 <NVM::V5::write_memory()+0x12>
write_memory():
    299e:	80 3c       	cpi	r24, 0xC0	; 192
    29a0:	11 f0       	breq	.+4      	; 0x29a6 <NVM::V5::write_memory()+0x82>
/Users/askn/Develop/UPDI4AVR-USB/src/nvmv5.cpp:95
      && nvm_ctrl_change(0x15)  /* NVM_V5_CMD_EEPERW */
    29a2:	85 3c       	cpi	r24, 0xC5	; 197
    29a4:	31 f4       	brne	.+12     	; 0x29b2 <NVM::V5::write_memory()+0x8e>
    29a6:	ae 01       	movw	r20, r28
    29a8:	c7 01       	movw	r24, r14
    29aa:	b6 01       	movw	r22, r12
    29ac:	0e 94 66 0b 	call	0x16cc	; 0x16cc <NVM::V3::write_bytes_flash(unsigned long, unsigned int)>
    29b0:	c2 cf       	rjmp	.-124    	; 0x2936 <NVM::V5::write_memory()+0x12>
/Users/askn/Develop/UPDI4AVR-USB/src/nvmv5.cpp:148
      /* MTYPE_LOCK_BITS */
      /* MTYPE_EEPROM */
      /* MTYPE_EEPROM_XMEGA */
      return write_eeprom(_dwAddr, _wLength);
    }
    else if (m_type == 0xC0 || m_type == 0xC5) {
    29b2:	80 3b       	cpi	r24, 0xB0	; 176
    29b4:	41 f4       	brne	.+16     	; 0x29c6 <NVM::V5::write_memory()+0xa2>
    29b6:	c7 01       	movw	r24, r14
    29b8:	b6 01       	movw	r22, r12
/Users/askn/Develop/UPDI4AVR-USB/src/nvmv5.cpp:151
      /* MTYPE_FLASH (alias) */
      /* MTYPE_USERSIG (USERROW, BOOTROW) */
      return write_bytes_flash(_dwAddr, _wLength);
    29ba:	80 58       	subi	r24, 0x80	; 128
    29bc:	9f 4f       	sbci	r25, 0xFF	; 255
    29be:	ae 01       	movw	r20, r28
    29c0:	0e 94 8c 0b 	call	0x1718	; 0x1718 <NVM::V3::write_words_flash(unsigned long, unsigned int)>
    29c4:	b8 cf       	rjmp	.-144    	; 0x2936 <NVM::V5::write_memory()+0x12>
/Users/askn/Develop/UPDI4AVR-USB/src/nvmv5.cpp:153
    }
    else if (m_type == 0xB0) {
    29c6:	ae 01       	movw	r20, r28
    29c8:	c7 01       	movw	r24, r14
/Users/askn/Develop/UPDI4AVR-USB/src/nvmv5.cpp:155
      /* MTYPE_FLASH_PAGE (PROGMEM) */
      _dwAddr += PROG_START;
    29ca:	b6 01       	movw	r22, r12
    29cc:	0e 94 16 07 	call	0xe2c	; 0xe2c <UPDI::send_bytes_block(unsigned long, unsigned int)>
    29d0:	b2 cf       	rjmp	.-156    	; 0x2936 <NVM::V5::write_memory()+0x12>

000029d2 <NVM::V6::write_memory()>:
/Users/askn/Develop/UPDI4AVR-USB/src/nvmv5.cpp:156
      return write_words_flash(_dwAddr, _wLength);
    29d2:	cf 92       	push	r12
    29d4:	df 92       	push	r13
    29d6:	ef 92       	push	r14
/Users/askn/Develop/UPDI4AVR-USB/src/nvmv5.cpp:160
    }
    else {
      /* MTYPE_SRAM */
      return UPDI::send_bytes_block(_dwAddr, _wLength);
    29d8:	ff 92       	push	r15
    29da:	cf 93       	push	r28
    29dc:	df 93       	push	r29
    29de:	f9 99       	sbic	0x1f, 1	; 31
    29e0:	09 c0       	rjmp	.+18     	; 0x29f4 <NVM::V6::write_memory()+0x22>
    29e2:	95 dc       	rcall	.-1750   	; 0x230e <UPDI::write_userrow()>
/Users/askn/Develop/UPDI4AVR-USB/src/nvmv6.cpp:158
    /* Page erase will not be used if received. */
    /* Instead, page erase is determined by the is_boundary_flash_page function. */
    return 1;
  }

  size_t write_memory (void) {
    29e4:	90 e0       	ldi	r25, 0x00	; 0
    29e6:	df 91       	pop	r29
    29e8:	cf 91       	pop	r28
    29ea:	ff 90       	pop	r15
    29ec:	ef 90       	pop	r14
    29ee:	df 90       	pop	r13
/Users/askn/Develop/UPDI4AVR-USB/src/nvmv6.cpp:162
    uint8_t   m_type = packet.out.bMType;
    uint32_t _dwAddr = packet.out.dwAddr;
    size_t  _wLength = packet.out.dwLength;
    if (bit_is_clear(PGCONF, PGCONF_PROG_bp)) return UPDI::write_userrow();
    29f0:	cf 90       	pop	r12
    29f2:	08 95       	ret
    29f4:	80 91 e4 60 	lds	r24, 0x60E4	; 0x8060e4 <packet+0x7>
/Users/askn/Develop/UPDI4AVR-USB/src/nvmv6.cpp:182
      _dwAddr += PROG_START;
      return write_words_flash(_dwAddr, _wLength);
    }
    else {
      /* MTYPE_SRAM */
      return UPDI::send_bytes_block(_dwAddr, _wLength);
    29f8:	c0 90 e5 60 	lds	r12, 0x60E5	; 0x8060e5 <packet+0x8>
/Users/askn/Develop/UPDI4AVR-USB/src/nvmv6.cpp:184
    }
  }
    29fc:	d0 90 e6 60 	lds	r13, 0x60E6	; 0x8060e6 <packet+0x9>
    2a00:	e0 90 e7 60 	lds	r14, 0x60E7	; 0x8060e7 <packet+0xa>
    2a04:	f0 90 e8 60 	lds	r15, 0x60E8	; 0x8060e8 <packet+0xb>
/Users/askn/Develop/UPDI4AVR-USB/src/nvmv6.cpp:159
    /* Instead, page erase is determined by the is_boundary_flash_page function. */
    return 1;
  }

  size_t write_memory (void) {
    uint8_t   m_type = packet.out.bMType;
    2a08:	c0 91 e9 60 	lds	r28, 0x60E9	; 0x8060e9 <packet+0xc>
/Users/askn/Develop/UPDI4AVR-USB/src/nvmv6.cpp:160
    uint32_t _dwAddr = packet.out.dwAddr;
    2a0c:	d0 91 ea 60 	lds	r29, 0x60EA	; 0x8060ea <packet+0xd>
    2a10:	82 32       	cpi	r24, 0x22	; 34
    2a12:	31 f0       	breq	.+12     	; 0x2a20 <NVM::V6::write_memory()+0x4e>
    2a14:	9e e4       	ldi	r25, 0x4E	; 78
    2a16:	98 0f       	add	r25, r24
    2a18:	92 30       	cpi	r25, 0x02	; 2
/Users/askn/Develop/UPDI4AVR-USB/src/nvmv6.cpp:161
    size_t  _wLength = packet.out.dwLength;
    2a1a:	10 f0       	brcs	.+4      	; 0x2a20 <NVM::V6::write_memory()+0x4e>
    2a1c:	84 3c       	cpi	r24, 0xC4	; 196
    2a1e:	a9 f4       	brne	.+42     	; 0x2a4a <NVM::V6::write_memory()+0x78>
write_eeprom():
    2a20:	83 e1       	ldi	r24, 0x13	; 19
/Users/askn/Develop/UPDI4AVR-USB/src/nvmv6.cpp:163
    if (bit_is_clear(PGCONF, PGCONF_PROG_bp)) return UPDI::write_userrow();
    if (m_type == 0x22 || m_type == 0xB2 || m_type == 0xB3 || m_type == 0xC4) {
    2a22:	0e 94 f0 0a 	call	0x15e0	; 0x15e0 <NVM::V6::nvm_ctrl_change(unsigned char)>
    2a26:	81 11       	cpse	r24, r1
    2a28:	02 c0       	rjmp	.+4      	; 0x2a2e <NVM::V6::write_memory()+0x5c>
write_memory():
    2a2a:	80 e0       	ldi	r24, 0x00	; 0
    2a2c:	db cf       	rjmp	.-74     	; 0x29e4 <NVM::V6::write_memory()+0x12>
write_eeprom():
    2a2e:	ae 01       	movw	r20, r28
/Users/askn/Develop/UPDI4AVR-USB/src/nvmv6.cpp:108
  }

  bool write_eeprom (uint32_t _dwAddr, size_t _wLength) {
    D2PRINTF(" NVM_V6_EEERWR=%06lX\r\n", _dwAddr);
    return (
      nvm_ctrl_change(0x13)   /* NVM_V6_CMD_EEERWR */
    2a30:	c7 01       	movw	r24, r14
    2a32:	b6 01       	movw	r22, r12
    2a34:	0e 94 ec 06 	call	0xdd8	; 0xdd8 <UPDI::send_bytes_block_slow(unsigned long, unsigned int)>
/Users/askn/Develop/UPDI4AVR-USB/src/nvmv6.cpp:111
      && UPDI::send_bytes_block_slow(_dwAddr, _wLength)
      && (nvm_wait() & 0x73) == 0
      && nvm_ctrl_change(0x00)
    2a38:	88 23       	and	r24, r24
/Users/askn/Develop/UPDI4AVR-USB/src/nvmv6.cpp:90
    D2PRINTF(" NVM_V6_FLWR=%06lX\r\n", _dwAddr);
    return (
      nvm_ctrl_change(0x02)   /* NVM_V6_CMD_FLWR */
      && UPDI::send_words_block(_dwAddr, _wLength)
      && (nvm_wait() & 0x73) == 0
      && nvm_ctrl_change(0x00)
    2a3a:	b9 f3       	breq	.-18     	; 0x2a2a <NVM::V6::write_memory()+0x58>
    2a3c:	0e 94 e6 0a 	call	0x15cc	; 0x15cc <NVM::V6::nvm_wait()>
/Users/askn/Develop/UPDI4AVR-USB/src/nvmv6.cpp:109

  bool write_eeprom (uint32_t _dwAddr, size_t _wLength) {
    D2PRINTF(" NVM_V6_EEERWR=%06lX\r\n", _dwAddr);
    return (
      nvm_ctrl_change(0x13)   /* NVM_V6_CMD_EEERWR */
      && UPDI::send_bytes_block_slow(_dwAddr, _wLength)
    2a40:	83 77       	andi	r24, 0x73	; 115
    2a42:	99 f7       	brne	.-26     	; 0x2a2a <NVM::V6::write_memory()+0x58>
    2a44:	0e 94 0d 0b 	call	0x161a	; 0x161a <NVM::V6::write_eeprom(unsigned long, unsigned int) [clone .part.5]>
    2a48:	cd cf       	rjmp	.-102    	; 0x29e4 <NVM::V6::write_memory()+0x12>
write_memory():
    2a4a:	80 3c       	cpi	r24, 0xC0	; 192
/Users/askn/Develop/UPDI4AVR-USB/src/nvmv6.cpp:110
      && (nvm_wait() & 0x73) == 0
    2a4c:	11 f0       	breq	.+4      	; 0x2a52 <NVM::V6::write_memory()+0x80>
    2a4e:	85 3c       	cpi	r24, 0xC5	; 197
    2a50:	e9 f4       	brne	.+58     	; 0x2a8c <NVM::V6::write_memory()+0xba>
write_bytes_flash():
    2a52:	c7 01       	movw	r24, r14
    2a54:	b6 01       	movw	r22, r12
    2a56:	0e 94 39 09 	call	0x1272	; 0x1272 <SYS::is_boundary_flash_page(unsigned long)>
/Users/askn/Develop/UPDI4AVR-USB/src/nvmv6.cpp:170
      /* MTYPE_LOCK_BITS */
      /* MTYPE_EEPROM */
      /* MTYPE_EEPROM_XMEGA */
      return write_eeprom(_dwAddr, _wLength);
    }
    else if (m_type == 0xC0 || m_type == 0xC5) {
    2a5a:	88 23       	and	r24, r24
    2a5c:	21 f0       	breq	.+8      	; 0x2a66 <NVM::V6::write_memory()+0x94>
    2a5e:	c7 01       	movw	r24, r14
    2a60:	b6 01       	movw	r22, r12
/Users/askn/Develop/UPDI4AVR-USB/src/nvmv6.cpp:95
      && nvm_ctrl_change(0x00)
    );
  }

  bool write_bytes_flash (uint32_t _dwAddr, size_t _wLength) {
    if (SYS::is_boundary_flash_page(_dwAddr)) erase_flash_page(_dwAddr);
    2a62:	0e 94 0f 0b 	call	0x161e	; 0x161e <NVM::V6::erase_flash_page(unsigned long)>
    2a66:	82 e0       	ldi	r24, 0x02	; 2
    2a68:	0e 94 f0 0a 	call	0x15e0	; 0x15e0 <NVM::V6::nvm_ctrl_change(unsigned char)>
    2a6c:	88 23       	and	r24, r24
    2a6e:	e9 f2       	breq	.-70     	; 0x2a2a <NVM::V6::write_memory()+0x58>
    2a70:	ae 01       	movw	r20, r28
    2a72:	c7 01       	movw	r24, r14
/Users/askn/Develop/UPDI4AVR-USB/src/nvmv6.cpp:98
    D2PRINTF(" NVM_V6_FLWR=%06lX\r\n", _dwAddr);
    return (
      nvm_ctrl_change(0x02)   /* NVM_V6_CMD_FLWR */
    2a74:	b6 01       	movw	r22, r12
    2a76:	0e 94 ec 06 	call	0xdd8	; 0xdd8 <UPDI::send_bytes_block_slow(unsigned long, unsigned int)>
/Users/askn/Develop/UPDI4AVR-USB/src/nvmv6.cpp:99
      && UPDI::send_bytes_block_slow(_dwAddr, _wLength)
    2a7a:	88 23       	and	r24, r24
    2a7c:	b1 f2       	breq	.-84     	; 0x2a2a <NVM::V6::write_memory()+0x58>
    2a7e:	0e 94 e6 0a 	call	0x15cc	; 0x15cc <NVM::V6::nvm_wait()>
    2a82:	83 77       	andi	r24, 0x73	; 115
    2a84:	91 f6       	brne	.-92     	; 0x2a2a <NVM::V6::write_memory()+0x58>
/Users/askn/Develop/UPDI4AVR-USB/src/nvmv6.cpp:100
      && (nvm_wait() & 0x73) == 0
    2a86:	0e 94 0d 0b 	call	0x161a	; 0x161a <NVM::V6::write_eeprom(unsigned long, unsigned int) [clone .part.5]>
    2a8a:	ac cf       	rjmp	.-168    	; 0x29e4 <NVM::V6::write_memory()+0x12>
write_memory():
    2a8c:	80 3b       	cpi	r24, 0xB0	; 176
    2a8e:	29 f5       	brne	.+74     	; 0x2ada <NVM::V6::write_memory()+0x108>
    2a90:	80 e8       	ldi	r24, 0x80	; 128
    2a92:	e8 0e       	add	r14, r24
/Users/askn/Develop/UPDI4AVR-USB/src/nvmv6.cpp:175
    else if (m_type == 0xC0 || m_type == 0xC5) {
      /* MTYPE_FLASH (alias) */
      /* MTYPE_USERSIG (USERROW, BOOTROW) */
      return write_bytes_flash(_dwAddr, _wLength);
    }
    else if (m_type == 0xB0) {
    2a94:	f1 1c       	adc	r15, r1
write_words_flash():
    2a96:	fa 99       	sbic	0x1f, 2	; 31
/Users/askn/Develop/UPDI4AVR-USB/src/nvmv6.cpp:177
      /* MTYPE_FLASH_PAGE (PROGMEM) */
      _dwAddr += PROG_START;
    2a98:	0a c0       	rjmp	.+20     	; 0x2aae <NVM::V6::write_memory()+0xdc>
    2a9a:	c7 01       	movw	r24, r14
    2a9c:	b6 01       	movw	r22, r12
/Users/askn/Develop/UPDI4AVR-USB/src/nvmv6.cpp:84
    );
  }

  bool write_words_flash (uint32_t _dwAddr, size_t _wLength) {
    if (bit_is_clear(PGCONF, PGCONF_ERSE_bp)
      && SYS::is_boundary_flash_page(_dwAddr)) erase_flash_page(_dwAddr);
    2a9e:	0e 94 39 09 	call	0x1272	; 0x1272 <SYS::is_boundary_flash_page(unsigned long)>
    2aa2:	88 23       	and	r24, r24
    2aa4:	21 f0       	breq	.+8      	; 0x2aae <NVM::V6::write_memory()+0xdc>
    2aa6:	c7 01       	movw	r24, r14
    2aa8:	b6 01       	movw	r22, r12
    2aaa:	0e 94 0f 0b 	call	0x161e	; 0x161e <NVM::V6::erase_flash_page(unsigned long)>
    2aae:	82 e0       	ldi	r24, 0x02	; 2
    2ab0:	0e 94 f0 0a 	call	0x15e0	; 0x15e0 <NVM::V6::nvm_ctrl_change(unsigned char)>
/Users/askn/Develop/UPDI4AVR-USB/src/nvmv6.cpp:87
    D2PRINTF(" NVM_V6_FLWR=%06lX\r\n", _dwAddr);
    return (
      nvm_ctrl_change(0x02)   /* NVM_V6_CMD_FLWR */
    2ab4:	88 23       	and	r24, r24
    2ab6:	09 f4       	brne	.+2      	; 0x2aba <NVM::V6::write_memory()+0xe8>
    2ab8:	b8 cf       	rjmp	.-144    	; 0x2a2a <NVM::V6::write_memory()+0x58>
/Users/askn/Develop/UPDI4AVR-USB/src/nvmv6.cpp:90
      && UPDI::send_words_block(_dwAddr, _wLength)
      && (nvm_wait() & 0x73) == 0
      && nvm_ctrl_change(0x00)
    2aba:	ae 01       	movw	r20, r28
    2abc:	c7 01       	movw	r24, r14
    2abe:	b6 01       	movw	r22, r12
/Users/askn/Develop/UPDI4AVR-USB/src/nvmv6.cpp:88
    if (bit_is_clear(PGCONF, PGCONF_ERSE_bp)
      && SYS::is_boundary_flash_page(_dwAddr)) erase_flash_page(_dwAddr);
    D2PRINTF(" NVM_V6_FLWR=%06lX\r\n", _dwAddr);
    return (
      nvm_ctrl_change(0x02)   /* NVM_V6_CMD_FLWR */
      && UPDI::send_words_block(_dwAddr, _wLength)
    2ac0:	0e 94 8b 06 	call	0xd16	; 0xd16 <UPDI::send_words_block(unsigned long, unsigned int)>
    2ac4:	88 23       	and	r24, r24
    2ac6:	09 f4       	brne	.+2      	; 0x2aca <NVM::V6::write_memory()+0xf8>
    2ac8:	b0 cf       	rjmp	.-160    	; 0x2a2a <NVM::V6::write_memory()+0x58>
    2aca:	0e 94 e6 0a 	call	0x15cc	; 0x15cc <NVM::V6::nvm_wait()>
    2ace:	83 77       	andi	r24, 0x73	; 115
/Users/askn/Develop/UPDI4AVR-USB/src/nvmv6.cpp:89
      && (nvm_wait() & 0x73) == 0
    2ad0:	09 f0       	breq	.+2      	; 0x2ad4 <NVM::V6::write_memory()+0x102>
    2ad2:	ab cf       	rjmp	.-170    	; 0x2a2a <NVM::V6::write_memory()+0x58>
    2ad4:	0e 94 0d 0b 	call	0x161a	; 0x161a <NVM::V6::write_eeprom(unsigned long, unsigned int) [clone .part.5]>
    2ad8:	85 cf       	rjmp	.-246    	; 0x29e4 <NVM::V6::write_memory()+0x12>
write_memory():
    2ada:	ae 01       	movw	r20, r28
    2adc:	c7 01       	movw	r24, r14
/Users/askn/Develop/UPDI4AVR-USB/src/nvmv6.cpp:182
      _dwAddr += PROG_START;
      return write_words_flash(_dwAddr, _wLength);
    }
    else {
      /* MTYPE_SRAM */
      return UPDI::send_bytes_block(_dwAddr, _wLength);
    2ade:	b6 01       	movw	r22, r12
    2ae0:	0e 94 16 07 	call	0xe2c	; 0xe2c <UPDI::send_bytes_block(unsigned long, unsigned int)>
    2ae4:	7f cf       	rjmp	.-258    	; 0x29e4 <NVM::V6::write_memory()+0x12>

00002ae6 <UPDI::chip_erase()>:
chip_erase():
    2ae6:	cf 93       	push	r28
    2ae8:	df 93       	push	r29
/Users/askn/Develop/UPDI4AVR-USB/src/updi.cpp:282
    D1PRINTF(" UROW_KEY=");   /* wait set UROWWRITE */
    if (!send_bytes(urowwrite_key, sizeof(urowwrite_key)) || !key_wait_set(5)) return false;
    return sys_reset(false);
  }

  bool chip_erase (void) {
    2aea:	83 e5       	ldi	r24, 0x53	; 83
    2aec:	99 e0       	ldi	r25, 0x09	; 9
/Users/askn/Develop/UPDI4AVR-USB/src/updi.cpp:283
    D1PRINTF(" CHIP_ERASE");
    2aee:	9f 93       	push	r25
    2af0:	8f 93       	push	r24
    2af2:	82 eb       	ldi	r24, 0xB2	; 178
    2af4:	90 e6       	ldi	r25, 0x60	; 96
    2af6:	9f 93       	push	r25
    2af8:	8f 93       	push	r24
    2afa:	0e 94 89 0c 	call	0x1912	; 0x1912 <Print::printf(PGM_t const*, ...) [clone .constprop.17]>
    2afe:	0e 94 9f 05 	call	0xb3e	; 0xb3e <USART::drain(unsigned int) [clone .constprop.13]>
set_erase_key():
/Users/askn/Develop/UPDI4AVR-USB/src/updi.cpp:284
    USART::drain();
    2b02:	0f 90       	pop	r0
    2b04:	0f 90       	pop	r0
/Users/askn/Develop/UPDI4AVR-USB/src/updi.cpp:270
    if (!send_bytes(nvmprog_key, sizeof(nvmprog_key)) || !key_wait_set(4)) return false;
    return _reset ? sys_reset(false) : true;
  }

  bool set_erase_key (void) {
    if (bit_is_clear(PGCONF, PGCONF_PROG_bp)) set_nvmprog_key(false);
    2b06:	0f 90       	pop	r0
    2b08:	0f 90       	pop	r0
    2b0a:	f9 99       	sbic	0x1f, 1	; 31
    2b0c:	02 c0       	rjmp	.+4      	; 0x2b12 <UPDI::chip_erase()+0x2c>
    2b0e:	80 e0       	ldi	r24, 0x00	; 0
    2b10:	a3 db       	rcall	.-2234   	; 0x2258 <UPDI::set_nvmprog_key(bool)>
    2b12:	81 e2       	ldi	r24, 0x21	; 33
    2b14:	99 e0       	ldi	r25, 0x09	; 9
    2b16:	9f 93       	push	r25
/Users/askn/Develop/UPDI4AVR-USB/src/updi.cpp:271
    D1PRINTF(" ERASE_KEY=");  /* wait set CHIPERASE */
    2b18:	8f 93       	push	r24
    2b1a:	c2 eb       	ldi	r28, 0xB2	; 178
    2b1c:	d0 e6       	ldi	r29, 0x60	; 96
    2b1e:	df 93       	push	r29
    2b20:	cf 93       	push	r28
    2b22:	0e 94 89 0c 	call	0x1912	; 0x1912 <Print::printf(PGM_t const*, ...) [clone .constprop.17]>
    2b26:	6a e0       	ldi	r22, 0x0A	; 10
    2b28:	70 e0       	ldi	r23, 0x00	; 0
    2b2a:	8d e6       	ldi	r24, 0x6D	; 109
/Users/askn/Develop/UPDI4AVR-USB/src/updi.cpp:272
    if (!send_bytes(erase_key, sizeof(erase_key)) || !key_wait_set(3)) return false;
    2b2c:	90 e6       	ldi	r25, 0x60	; 96
    2b2e:	0e 94 45 06 	call	0xc8a	; 0xc8a <UPDI::send_bytes(unsigned char const*, unsigned int)>
    2b32:	0f 90       	pop	r0
    2b34:	0f 90       	pop	r0
    2b36:	0f 90       	pop	r0
    2b38:	0f 90       	pop	r0
    2b3a:	81 11       	cpse	r24, r1
    2b3c:	02 c0       	rjmp	.+4      	; 0x2b42 <UPDI::chip_erase()+0x5c>
chip_erase():
    2b3e:	20 e0       	ldi	r18, 0x00	; 0
    2b40:	71 c0       	rjmp	.+226    	; 0x2c24 <UPDI::chip_erase()+0x13e>
set_erase_key():
    2b42:	83 e0       	ldi	r24, 0x03	; 3
/Users/askn/Develop/UPDI4AVR-USB/src/updi.cpp:301
      sys_wait_set(3);      /* wait set PROGSTART */
    }
    D1PRINTF(" PROGSTART=%02X\r\n", RXDATA);
    bit_set(PGCONF, PGCONF_ERSE_bp);
    bit_set(PGCONF, PGCONF_PROG_bp);
    return (*Command_Table.prog_init)();
    2b44:	6e db       	rcall	.-2340   	; 0x2222 <UPDI::key_wait_set(unsigned char)>
    2b46:	88 23       	and	r24, r24
/Users/askn/Develop/UPDI4AVR-USB/src/updi.cpp:272
  }

  bool set_erase_key (void) {
    if (bit_is_clear(PGCONF, PGCONF_PROG_bp)) set_nvmprog_key(false);
    D1PRINTF(" ERASE_KEY=");  /* wait set CHIPERASE */
    if (!send_bytes(erase_key, sizeof(erase_key)) || !key_wait_set(3)) return false;
    2b48:	d1 f3       	breq	.-12     	; 0x2b3e <UPDI::chip_erase()+0x58>
sys_reset():
    2b4a:	66 e0       	ldi	r22, 0x06	; 6
    2b4c:	70 e0       	ldi	r23, 0x00	; 0
    2b4e:	87 e9       	ldi	r24, 0x97	; 151
    2b50:	90 e6       	ldi	r25, 0x60	; 96
/Users/askn/Develop/UPDI4AVR-USB/src/updi.cpp:134
    const static uint8_t _reset[] = {
      0x55, 0xC8, 0x59, /* SYSRST */
      0x55, 0xC8, 0x00, /* SYSRUN */
      0x55, 0xC3, 0x04  /* UPDIDIS */
    };
    return send_bytes(_reset, _leave ? 9 : 6);
    2b52:	0e 94 45 06 	call	0xc8a	; 0xc8a <UPDI::send_bytes(unsigned char const*, unsigned int)>
chip_erase():
    2b56:	88 23       	and	r24, r24
    2b58:	91 f3       	breq	.-28     	; 0x2b3e <UPDI::chip_erase()+0x58>
    2b5a:	8d e4       	ldi	r24, 0x4D	; 77
    2b5c:	99 e0       	ldi	r25, 0x09	; 9
/Users/askn/Develop/UPDI4AVR-USB/src/updi.cpp:285
  }

  bool chip_erase (void) {
    D1PRINTF(" CHIP_ERASE");
    USART::drain();
    if (!set_erase_key()) return false;
    2b5e:	9f 93       	push	r25
    2b60:	8f 93       	push	r24
/Users/askn/Develop/UPDI4AVR-USB/src/updi.cpp:286
    D1PRINTF(" WAIT");
    2b62:	df 93       	push	r29
    2b64:	cf 93       	push	r28
    2b66:	0e 94 89 0c 	call	0x1912	; 0x1912 <Print::printf(PGM_t const*, ...) [clone .constprop.17]>
delay_millis():
    2b6a:	8f e1       	ldi	r24, 0x1F	; 31
    2b6c:	91 ea       	ldi	r25, 0xA1	; 161
    2b6e:	27 e0       	ldi	r18, 0x07	; 7
/Users/askn/Library/Arduino15/packages/MultiX-Zinnia/hardware/modernAVR/0.4.5/cores/modernAVR/api/delay_busywait.h:42
  }
}

void delay_millis (uint32_t _ms) {
  if (F_CPU >= 1000000L) {
    __builtin_avr_delay_cycles((F_CPU / 1000L) * _ms);
    2b70:	81 50       	subi	r24, 0x01	; 1
    2b72:	90 40       	sbci	r25, 0x00	; 0
    2b74:	20 40       	sbci	r18, 0x00	; 0
    2b76:	e1 f7       	brne	.-8      	; 0x2b70 <UPDI::chip_erase()+0x8a>
    2b78:	00 c0       	rjmp	.+0      	; 0x2b7a <UPDI::chip_erase()+0x94>
    2b7a:	00 00       	nop
    2b7c:	8f e1       	ldi	r24, 0x1F	; 31
    2b7e:	91 ea       	ldi	r25, 0xA1	; 161
    2b80:	27 e0       	ldi	r18, 0x07	; 7
    2b82:	81 50       	subi	r24, 0x01	; 1
    2b84:	90 40       	sbci	r25, 0x00	; 0
    2b86:	20 40       	sbci	r18, 0x00	; 0
    2b88:	e1 f7       	brne	.-8      	; 0x2b82 <UPDI::chip_erase()+0x9c>
    2b8a:	00 c0       	rjmp	.+0      	; 0x2b8c <UPDI::chip_erase()+0xa6>
    2b8c:	00 00       	nop
chip_erase():
    2b8e:	0e 94 9f 05 	call	0xb3e	; 0xb3e <USART::drain(unsigned int) [clone .constprop.13]>
/Users/askn/Develop/UPDI4AVR-USB/src/updi.cpp:289
    SYS::delay_125ms();
    SYS::delay_125ms();
    USART::drain();
    2b92:	85 e0       	ldi	r24, 0x05	; 5
/Users/askn/Develop/UPDI4AVR-USB/src/updi.cpp:290
    sys_wait_clear(5);      /* wait clear RSTSYS */
    2b94:	10 db       	rcall	.-2528   	; 0x21b6 <UPDI::sys_wait_clear(unsigned char)>
    2b96:	80 e0       	ldi	r24, 0x00	; 0
    2b98:	0e db       	rcall	.-2532   	; 0x21b6 <UPDI::sys_wait_clear(unsigned char)>
/Users/askn/Develop/UPDI4AVR-USB/src/updi.cpp:291
    sys_wait_clear(0);      /* wait clear LOCKSTATUS */
    2b9a:	8d b3       	in	r24, 0x1d	; 29
    2b9c:	1f 92       	push	r1
    2b9e:	8f 93       	push	r24
/Users/askn/Develop/UPDI4AVR-USB/src/updi.cpp:292
    D1PRINTF(" <SYS:%02X>\r\n", RXDATA);
    2ba0:	8f e3       	ldi	r24, 0x3F	; 63
    2ba2:	99 e0       	ldi	r25, 0x09	; 9
    2ba4:	9f 93       	push	r25
    2ba6:	8f 93       	push	r24
    2ba8:	df 93       	push	r29
    2baa:	cf 93       	push	r28
    2bac:	0e 94 89 0c 	call	0x1912	; 0x1912 <Print::printf(PGM_t const*, ...) [clone .constprop.17]>
delay_micros():
    2bb0:	82 e1       	ldi	r24, 0x12	; 18
    2bb2:	91 e0       	ldi	r25, 0x01	; 1
    2bb4:	01 97       	sbiw	r24, 0x01	; 1
/Users/askn/Library/Arduino15/packages/MultiX-Zinnia/hardware/modernAVR/0.4.5/cores/modernAVR/api/delay_busywait.h:33
static __inline__ __attribute__((__always_inline__)) void delay_micros (uint32_t _us);
static __inline__ __attribute__((__always_inline__)) void delay_millis (uint32_t _ms);

void delay_micros (uint32_t _us) {
  if (F_CPU >= 1000000L) {
    __builtin_avr_delay_cycles((F_CPU / 1000000L) * _us);
    2bb6:	f1 f7       	brne	.-4      	; 0x2bb4 <UPDI::chip_erase()+0xce>
    2bb8:	00 c0       	rjmp	.+0      	; 0x2bba <UPDI::chip_erase()+0xd4>
    2bba:	00 00       	nop
    2bbc:	8d b7       	in	r24, 0x3d	; 61
    2bbe:	9e b7       	in	r25, 0x3e	; 62
    2bc0:	0a 96       	adiw	r24, 0x0a	; 10
    2bc2:	8d bf       	out	0x3d, r24	; 61
    2bc4:	9e bf       	out	0x3e, r25	; 62
key_wait_clear():
    2bc6:	0e 94 68 06 	call	0xcd0	; 0xcd0 <UPDI::key_status()>
    2bca:	eb 99       	sbic	0x1d, 3	; 29
/Users/askn/Develop/UPDI4AVR-USB/src/updi.cpp:242
  }

  bool key_wait_clear (uint8_t _bit) {
    SYS::delay_55us();
    do {
      key_status();
    2bcc:	fc cf       	rjmp	.-8      	; 0x2bc6 <UPDI::chip_erase()+0xe0>
chip_erase():
    2bce:	0e 94 5f 06 	call	0xcbe	; 0xcbe <UPDI::sys_status()>
/Users/askn/Develop/UPDI4AVR-USB/src/updi.cpp:243
    } while (bit_is_set(RXDATA, _bit));
    2bd2:	88 23       	and	r24, r24
/Users/askn/Develop/UPDI4AVR-USB/src/updi.cpp:294
    USART::drain();
    sys_wait_clear(5);      /* wait clear RSTSYS */
    sys_wait_clear(0);      /* wait clear LOCKSTATUS */
    D1PRINTF(" <SYS:%02X>\r\n", RXDATA);
    key_wait_clear(3);      /* wait clear CHIPERASE */
    if (sys_status() && bit_is_clear(RXDATA, 3)) {
    2bd4:	49 f0       	breq	.+18     	; 0x2be8 <UPDI::chip_erase()+0x102>
    2bd6:	eb 99       	sbic	0x1d, 3	; 29
    2bd8:	07 c0       	rjmp	.+14     	; 0x2be8 <UPDI::chip_erase()+0x102>
    2bda:	81 e0       	ldi	r24, 0x01	; 1
    2bdc:	3d db       	rcall	.-2438   	; 0x2258 <UPDI::set_nvmprog_key(bool)>
    2bde:	88 23       	and	r24, r24
/Users/askn/Develop/UPDI4AVR-USB/src/updi.cpp:295
      if (!set_nvmprog_key(true)) return false;
    2be0:	09 f4       	brne	.+2      	; 0x2be4 <UPDI::chip_erase()+0xfe>
    2be2:	ad cf       	rjmp	.-166    	; 0x2b3e <UPDI::chip_erase()+0x58>
    2be4:	83 e0       	ldi	r24, 0x03	; 3
    2be6:	02 db       	rcall	.-2556   	; 0x21ec <UPDI::sys_wait_set(unsigned char)>
    2be8:	8d b3       	in	r24, 0x1d	; 29
    2bea:	1f 92       	push	r1
/Users/askn/Develop/UPDI4AVR-USB/src/updi.cpp:296
      sys_wait_set(3);      /* wait set PROGSTART */
    2bec:	8f 93       	push	r24
    2bee:	8d e2       	ldi	r24, 0x2D	; 45
    2bf0:	99 e0       	ldi	r25, 0x09	; 9
/Users/askn/Develop/UPDI4AVR-USB/src/updi.cpp:298
    }
    D1PRINTF(" PROGSTART=%02X\r\n", RXDATA);
    2bf2:	9f 93       	push	r25
    2bf4:	8f 93       	push	r24
    2bf6:	82 eb       	ldi	r24, 0xB2	; 178
    2bf8:	90 e6       	ldi	r25, 0x60	; 96
    2bfa:	9f 93       	push	r25
    2bfc:	8f 93       	push	r24
    2bfe:	0e 94 89 0c 	call	0x1912	; 0x1912 <Print::printf(PGM_t const*, ...) [clone .constprop.17]>
    2c02:	fa 9a       	sbi	0x1f, 2	; 31
    2c04:	f9 9a       	sbi	0x1f, 1	; 31
    2c06:	e0 91 4f 63 	lds	r30, 0x634F	; 0x80634f <Command_Table>
    2c0a:	f0 91 50 63 	lds	r31, 0x6350	; 0x806350 <Command_Table+0x1>
/Users/askn/Develop/UPDI4AVR-USB/src/updi.cpp:300
    bit_set(PGCONF, PGCONF_ERSE_bp);
    bit_set(PGCONF, PGCONF_PROG_bp);
    2c0e:	09 95       	icall
/Users/askn/Develop/UPDI4AVR-USB/src/updi.cpp:301
    return (*Command_Table.prog_init)();
    2c10:	21 e0       	ldi	r18, 0x01	; 1
    2c12:	0f 90       	pop	r0
    2c14:	0f 90       	pop	r0
    2c16:	0f 90       	pop	r0
    2c18:	0f 90       	pop	r0
    2c1a:	0f 90       	pop	r0
    2c1c:	0f 90       	pop	r0
    2c1e:	89 2b       	or	r24, r25
    2c20:	09 f4       	brne	.+2      	; 0x2c24 <UPDI::chip_erase()+0x13e>
    2c22:	8d cf       	rjmp	.-230    	; 0x2b3e <UPDI::chip_erase()+0x58>
    2c24:	82 2f       	mov	r24, r18
    2c26:	df 91       	pop	r29
    2c28:	cf 91       	pop	r28
    2c2a:	08 95       	ret

00002c2c <NVM::V0::erase_memory()>:
erase_memory():
    2c2c:	80 91 e4 60 	lds	r24, 0x60E4	; 0x8060e4 <packet+0x7>
/Users/askn/Develop/UPDI4AVR-USB/src/updi.cpp:302
  }
    2c30:	81 11       	cpse	r24, r1
    2c32:	03 c0       	rjmp	.+6      	; 0x2c3a <NVM::V0::erase_memory()+0xe>
    2c34:	58 df       	rcall	.-336    	; 0x2ae6 <UPDI::chip_erase()>
/Users/askn/Develop/UPDI4AVR-USB/src/nvmv0.cpp:134
    return 0;
  }

  size_t erase_memory (void) {
    uint8_t e_type = packet.out.bEType;
    if (e_type == 0x00) {
    2c36:	90 e0       	ldi	r25, 0x00	; 0
    2c38:	08 95       	ret
    2c3a:	81 e0       	ldi	r24, 0x01	; 1
/Users/askn/Develop/UPDI4AVR-USB/src/nvmv0.cpp:136
      /* XMEGA_ERASE_CHIP */
      return UPDI::chip_erase();
    2c3c:	90 e0       	ldi	r25, 0x00	; 0
    2c3e:	08 95       	ret

00002c40 <NVM::V3::erase_memory()>:
_ZN3NVM2V312erase_memoryEv():
    2c40:	f5 cf       	rjmp	.-22     	; 0x2c2c <NVM::V0::erase_memory()>

00002c42 <NVM::V5::erase_memory()>:
_ZN3NVM2V512erase_memoryEv():
/Users/askn/Develop/UPDI4AVR-USB/src/nvmv0.cpp:139
    }
    /* Page erase will not be used if received. */
    return 1;
    2c42:	f4 cf       	rjmp	.-24     	; 0x2c2c <NVM::V0::erase_memory()>

00002c44 <NVM::V2::erase_memory()>:
erase_memory():
    2c44:	80 91 e4 60 	lds	r24, 0x60E4	; 0x8060e4 <packet+0x7>
/Users/askn/Develop/UPDI4AVR-USB/src/nvmv0.cpp:140
  }
    2c48:	81 11       	cpse	r24, r1
    2c4a:	03 c0       	rjmp	.+6      	; 0x2c52 <NVM::V2::erase_memory()+0xe>
    2c4c:	4c df       	rcall	.-360    	; 0x2ae6 <UPDI::chip_erase()>
    2c4e:	90 e0       	ldi	r25, 0x00	; 0
/Users/askn/Develop/UPDI4AVR-USB/src/nvmv2.cpp:137
    }
    return 0;
  }

  size_t erase_memory (void) {
    uint8_t e_type = packet.out.bEType;
    2c50:	08 95       	ret
    2c52:	87 30       	cpi	r24, 0x07	; 7
/Users/askn/Develop/UPDI4AVR-USB/src/nvmv2.cpp:138
    if (e_type == 0x00) {
    2c54:	59 f4       	brne	.+22     	; 0x2c6c <NVM::V2::erase_memory()+0x28>
    2c56:	60 91 e5 60 	lds	r22, 0x60E5	; 0x8060e5 <packet+0x8>
/Users/askn/Develop/UPDI4AVR-USB/src/nvmv2.cpp:140
      /* XMEGA_ERASE_CHIP */
      return UPDI::chip_erase();
    2c5a:	70 91 e6 60 	lds	r23, 0x60E6	; 0x8060e6 <packet+0x9>
/Users/askn/Develop/UPDI4AVR-USB/src/nvmv2.cpp:147
    else {
      /* NOTE: AVRDUDE<=7.3 may pass the wrong M_TYPE. */
      /* For safety, only USERROW and BOOTROW are allowed to erase pages. */
      if (e_type == 0x07) {
        /* XMEGA_ERASE_USERSIG */
        return erase_flash_page(packet.out.dwAddr);
    2c5e:	80 91 e7 60 	lds	r24, 0x60E7	; 0x8060e7 <packet+0xa>
/Users/askn/Develop/UPDI4AVR-USB/src/nvmv2.cpp:145
      return UPDI::chip_erase();
    }
    else {
      /* NOTE: AVRDUDE<=7.3 may pass the wrong M_TYPE. */
      /* For safety, only USERROW and BOOTROW are allowed to erase pages. */
      if (e_type == 0x07) {
    2c62:	90 91 e8 60 	lds	r25, 0x60E8	; 0x8060e8 <packet+0xb>
/Users/askn/Develop/UPDI4AVR-USB/src/nvmv2.cpp:147
        /* XMEGA_ERASE_USERSIG */
        return erase_flash_page(packet.out.dwAddr);
    2c66:	0e 94 01 0c 	call	0x1802	; 0x1802 <NVM::V2::erase_flash_page(unsigned long)>
    2c6a:	f1 cf       	rjmp	.-30     	; 0x2c4e <NVM::V2::erase_memory()+0xa>
    2c6c:	81 e0       	ldi	r24, 0x01	; 1
    2c6e:	90 e0       	ldi	r25, 0x00	; 0
    2c70:	08 95       	ret

00002c72 <NVM::V4::erase_memory()>:
    2c72:	80 91 e4 60 	lds	r24, 0x60E4	; 0x8060e4 <packet+0x7>
    2c76:	81 11       	cpse	r24, r1
/Users/askn/Develop/UPDI4AVR-USB/src/nvmv2.cpp:152
      }
    }
    /* Page erase will not be used if received. */
    /* Instead, page erase is determined by the is_boundary_flash_page function. */
    return 1;
    2c78:	03 c0       	rjmp	.+6      	; 0x2c80 <NVM::V4::erase_memory()+0xe>
    2c7a:	35 df       	rcall	.-406    	; 0x2ae6 <UPDI::chip_erase()>
/Users/askn/Develop/UPDI4AVR-USB/src/nvmv2.cpp:153
  }
    2c7c:	90 e0       	ldi	r25, 0x00	; 0
/Users/askn/Develop/UPDI4AVR-USB/src/nvmv4.cpp:140
    }
    return 0;
  }

  size_t erase_memory (void) {
    uint8_t e_type = packet.out.bEType;
    2c7e:	08 95       	ret
    2c80:	87 30       	cpi	r24, 0x07	; 7
/Users/askn/Develop/UPDI4AVR-USB/src/nvmv4.cpp:141
    if (e_type == 0x00) {
    2c82:	59 f4       	brne	.+22     	; 0x2c9a <NVM::V4::erase_memory()+0x28>
    2c84:	60 91 e5 60 	lds	r22, 0x60E5	; 0x8060e5 <packet+0x8>
/Users/askn/Develop/UPDI4AVR-USB/src/nvmv4.cpp:143
      /* XMEGA_ERASE_CHIP */
      return UPDI::chip_erase();
    2c88:	70 91 e6 60 	lds	r23, 0x60E6	; 0x8060e6 <packet+0x9>
/Users/askn/Develop/UPDI4AVR-USB/src/nvmv4.cpp:150
    else {
      /* NOTE: AVRDUDE<=7.3 may pass the wrong M_TYPE. */
      /* For safety, only USERROW and BOOTROW are allowed to erase pages. */
      if (e_type == 0x07) {
        /* XMEGA_ERASE_USERSIG */
        return erase_flash_page(packet.out.dwAddr);
    2c8c:	80 91 e7 60 	lds	r24, 0x60E7	; 0x8060e7 <packet+0xa>
/Users/askn/Develop/UPDI4AVR-USB/src/nvmv4.cpp:148
      return UPDI::chip_erase();
    }
    else {
      /* NOTE: AVRDUDE<=7.3 may pass the wrong M_TYPE. */
      /* For safety, only USERROW and BOOTROW are allowed to erase pages. */
      if (e_type == 0x07) {
    2c90:	90 91 e8 60 	lds	r25, 0x60E8	; 0x8060e8 <packet+0xb>
/Users/askn/Develop/UPDI4AVR-USB/src/nvmv4.cpp:150
        /* XMEGA_ERASE_USERSIG */
        return erase_flash_page(packet.out.dwAddr);
    2c94:	0e 94 b2 0b 	call	0x1764	; 0x1764 <NVM::V4::erase_flash_page(unsigned long)>
    2c98:	f1 cf       	rjmp	.-30     	; 0x2c7c <NVM::V4::erase_memory()+0xa>
    2c9a:	81 e0       	ldi	r24, 0x01	; 1
    2c9c:	90 e0       	ldi	r25, 0x00	; 0
    2c9e:	08 95       	ret

00002ca0 <NVM::V6::erase_memory()>:
    2ca0:	80 91 e4 60 	lds	r24, 0x60E4	; 0x8060e4 <packet+0x7>
    2ca4:	81 11       	cpse	r24, r1
    2ca6:	03 c0       	rjmp	.+6      	; 0x2cae <NVM::V6::erase_memory()+0xe>
/Users/askn/Develop/UPDI4AVR-USB/src/nvmv4.cpp:155
      }
    }
    /* Page erase will not be used if received. */
    /* Instead, page erase is determined by the is_boundary_flash_page function. */
    return 1;
    2ca8:	1e df       	rcall	.-452    	; 0x2ae6 <UPDI::chip_erase()>
    2caa:	90 e0       	ldi	r25, 0x00	; 0
/Users/askn/Develop/UPDI4AVR-USB/src/nvmv4.cpp:156
  }
    2cac:	08 95       	ret
/Users/askn/Develop/UPDI4AVR-USB/src/nvmv6.cpp:140
    }
    return 0;
  }

  size_t erase_memory (void) {
    uint8_t e_type = packet.out.bEType;
    2cae:	87 30       	cpi	r24, 0x07	; 7
    2cb0:	59 f4       	brne	.+22     	; 0x2cc8 <NVM::V6::erase_memory()+0x28>
/Users/askn/Develop/UPDI4AVR-USB/src/nvmv6.cpp:141
    if (e_type == 0x00) {
    2cb2:	60 91 e5 60 	lds	r22, 0x60E5	; 0x8060e5 <packet+0x8>
/Users/askn/Develop/UPDI4AVR-USB/src/nvmv6.cpp:143
      /* XMEGA_ERASE_CHIP */
      return UPDI::chip_erase();
    2cb6:	70 91 e6 60 	lds	r23, 0x60E6	; 0x8060e6 <packet+0x9>
/Users/askn/Develop/UPDI4AVR-USB/src/nvmv6.cpp:150
    else {
      /* NOTE: AVRDUDE<=7.3 may pass the wrong M_TYPE. */
      /* For safety, only USERROW and BOOTROW are allowed to erase pages. */
      if (e_type == 0x07) {
        /* XMEGA_ERASE_USERSIG */
        return erase_flash_page(packet.out.dwAddr);
    2cba:	80 91 e7 60 	lds	r24, 0x60E7	; 0x8060e7 <packet+0xa>
/Users/askn/Develop/UPDI4AVR-USB/src/nvmv6.cpp:148
      return UPDI::chip_erase();
    }
    else {
      /* NOTE: AVRDUDE<=7.3 may pass the wrong M_TYPE. */
      /* For safety, only USERROW and BOOTROW are allowed to erase pages. */
      if (e_type == 0x07) {
    2cbe:	90 91 e8 60 	lds	r25, 0x60E8	; 0x8060e8 <packet+0xb>
/Users/askn/Develop/UPDI4AVR-USB/src/nvmv6.cpp:150
        /* XMEGA_ERASE_USERSIG */
        return erase_flash_page(packet.out.dwAddr);
    2cc2:	0e 94 0f 0b 	call	0x161e	; 0x161e <NVM::V6::erase_flash_page(unsigned long)>
    2cc6:	f1 cf       	rjmp	.-30     	; 0x2caa <NVM::V6::erase_memory()+0xa>
    2cc8:	81 e0       	ldi	r24, 0x01	; 1
    2cca:	90 e0       	ldi	r25, 0x00	; 0
    2ccc:	08 95       	ret

00002cce <SYS::power_reset(bool, bool) [clone .part.5]>:
_ZN3SYS11power_resetEbb.part.5():
    2cce:	88 23       	and	r24, r24
    2cd0:	49 f0       	breq	.+18     	; 0x2ce4 <SYS::power_reset(bool, bool) [clone .part.5]+0x16>
delay_millis():
    2cd2:	2f e1       	ldi	r18, 0x1F	; 31
    2cd4:	81 ea       	ldi	r24, 0xA1	; 161
    2cd6:	97 e0       	ldi	r25, 0x07	; 7
/Users/askn/Develop/UPDI4AVR-USB/src/nvmv6.cpp:155
      }
    }
    /* Page erase will not be used if received. */
    /* Instead, page erase is determined by the is_boundary_flash_page function. */
    return 1;
    2cd8:	21 50       	subi	r18, 0x01	; 1
    2cda:	80 40       	sbci	r24, 0x00	; 0
/Users/askn/Develop/UPDI4AVR-USB/src/nvmv6.cpp:156
  }
    2cdc:	90 40       	sbci	r25, 0x00	; 0
/Users/askn/Develop/UPDI4AVR-USB/src/sys.cpp:272
      pinControlRegister(PIN_VCP_RXD)  &= ~PORT_PULLUPEN_bm;
  #endif
    }
    if (_on) {
  #ifdef CONFIG_PGM_VPOWER_ENABLE
      if (_off) delay_125ms();  /* discharge duration */
    2cde:	e1 f7       	brne	.-8      	; 0x2cd8 <SYS::power_reset(bool, bool) [clone .part.5]+0xa>
    2ce0:	00 c0       	rjmp	.+0      	; 0x2ce2 <SYS::power_reset(bool, bool) [clone .part.5]+0x14>
/Users/askn/Library/Arduino15/packages/MultiX-Zinnia/hardware/modernAVR/0.4.5/cores/modernAVR/api/delay_busywait.h:42
  }
}

void delay_millis (uint32_t _ms) {
  if (F_CPU >= 1000000L) {
    __builtin_avr_delay_cycles((F_CPU / 1000L) * _ms);
    2ce2:	00 00       	nop
_ZN3SYS11power_resetEbb.part.5():
    2ce4:	6b 98       	cbi	0x0d, 3	; 13
    2ce6:	80 91 12 04 	lds	r24, 0x0412	; 0x800412 <__TEXT_REGION_LENGTH__+0x7f0412>
    2cea:	88 60       	ori	r24, 0x08	; 8
    2cec:	80 93 12 04 	sts	0x0412, r24	; 0x800412 <__TEXT_REGION_LENGTH__+0x7f0412>
    2cf0:	80 91 13 04 	lds	r24, 0x0413	; 0x800413 <__TEXT_REGION_LENGTH__+0x7f0413>
/Users/askn/Develop/UPDI4AVR-USB/src/sys.cpp:273
      digitalWriteMacro(PIN_PGM_VPOWER, LOW);   /* VTG on */
    2cf4:	88 60       	ori	r24, 0x08	; 8
/Users/askn/Develop/UPDI4AVR-USB/src/sys.cpp:274
      pinControlRegister(PIN_VCP_TXD)  |= PORT_PULLUPEN_bm;   /* internal shared TCLK */
    2cf6:	80 93 13 04 	sts	0x0413, r24	; 0x800413 <__TEXT_REGION_LENGTH__+0x7f0413>
    2cfa:	80 91 10 04 	lds	r24, 0x0410	; 0x800410 <__TEXT_REGION_LENGTH__+0x7f0410>
    2cfe:	88 60       	ori	r24, 0x08	; 8
/Users/askn/Develop/UPDI4AVR-USB/src/sys.cpp:275
      pinControlRegister(PIN_VCP_RXD)  |= PORT_PULLUPEN_bm;
    2d00:	80 93 10 04 	sts	0x0410, r24	; 0x800410 <__TEXT_REGION_LENGTH__+0x7f0410>
    2d04:	80 91 11 04 	lds	r24, 0x0411	; 0x800411 <__TEXT_REGION_LENGTH__+0x7f0411>
    2d08:	88 60       	ori	r24, 0x08	; 8
/Users/askn/Develop/UPDI4AVR-USB/src/sys.cpp:276
      pinControlRegister(PIN_PGM_TDAT) |= PORT_PULLUPEN_bm;
    2d0a:	80 93 11 04 	sts	0x0411, r24	; 0x800411 <__TEXT_REGION_LENGTH__+0x7f0411>
    2d0e:	08 95       	ret

00002d10 <SYS::power_reset(bool, bool)>:
power_reset():
    2d10:	88 23       	and	r24, r24
    2d12:	a9 f0       	breq	.+42     	; 0x2d3e <SYS::power_reset(bool, bool)+0x2e>
/Users/askn/Develop/UPDI4AVR-USB/src/sys.cpp:277
      pinControlRegister(PIN_PGM_TRST) |= PORT_PULLUPEN_bm;
    2d14:	6b 9a       	sbi	0x0d, 3	; 13
    2d16:	90 91 11 04 	lds	r25, 0x0411	; 0x800411 <__TEXT_REGION_LENGTH__+0x7f0411>
    2d1a:	97 7f       	andi	r25, 0xF7	; 247
    2d1c:	90 93 11 04 	sts	0x0411, r25	; 0x800411 <__TEXT_REGION_LENGTH__+0x7f0411>
/Users/askn/Develop/UPDI4AVR-USB/src/sys.cpp:258
  /*
   * Target Reset
   */

  WEAK void power_reset (bool _off, bool _on) {
    if (_off) {
    2d20:	90 91 10 04 	lds	r25, 0x0410	; 0x800410 <__TEXT_REGION_LENGTH__+0x7f0410>
/Users/askn/Develop/UPDI4AVR-USB/src/sys.cpp:260
  #ifdef CONFIG_PGM_VPOWER_ENABLE
      digitalWriteMacro(PIN_PGM_VPOWER, HIGH);  /* VTG off */
    2d24:	97 7f       	andi	r25, 0xF7	; 247
/Users/askn/Develop/UPDI4AVR-USB/src/sys.cpp:264
      /* Temporarily disable the pullup to stop current leakage when VTG=OFF. */
      /* It would be easier to just set the pin output LOW,                   */
      /* but we do it this way because of possible conflicts.                 */
      pinControlRegister(PIN_PGM_TRST) &= ~PORT_PULLUPEN_bm;
    2d26:	90 93 10 04 	sts	0x0410, r25	; 0x800410 <__TEXT_REGION_LENGTH__+0x7f0410>
    2d2a:	90 91 12 04 	lds	r25, 0x0412	; 0x800412 <__TEXT_REGION_LENGTH__+0x7f0412>
    2d2e:	97 7f       	andi	r25, 0xF7	; 247
/Users/askn/Develop/UPDI4AVR-USB/src/sys.cpp:265
      pinControlRegister(PIN_PGM_TDAT) &= ~PORT_PULLUPEN_bm;
    2d30:	90 93 12 04 	sts	0x0412, r25	; 0x800412 <__TEXT_REGION_LENGTH__+0x7f0412>
    2d34:	90 91 13 04 	lds	r25, 0x0413	; 0x800413 <__TEXT_REGION_LENGTH__+0x7f0413>
    2d38:	97 7f       	andi	r25, 0xF7	; 247
/Users/askn/Develop/UPDI4AVR-USB/src/sys.cpp:266
      pinControlRegister(PIN_VCP_TXD)  &= ~PORT_PULLUPEN_bm;  /* internal shared TCLK */
    2d3a:	90 93 13 04 	sts	0x0413, r25	; 0x800413 <__TEXT_REGION_LENGTH__+0x7f0413>
    2d3e:	61 11       	cpse	r22, r1
    2d40:	c6 cf       	rjmp	.-116    	; 0x2cce <SYS::power_reset(bool, bool) [clone .part.5]>
    2d42:	08 95       	ret

00002d44 <PDI::connect()>:
connect():
/Users/askn/Develop/UPDI4AVR-USB/src/sys.cpp:267
      pinControlRegister(PIN_VCP_RXD)  &= ~PORT_PULLUPEN_bm;
    2d44:	20 da       	rcall	.-3008   	; 0x2186 <USART::setup()>
    2d46:	0c 98       	cbi	0x01, 4	; 1
    2d48:	04 9a       	sbi	0x00, 4	; 0
    2d4a:	06 9a       	sbi	0x00, 6	; 0
    2d4c:	61 e0       	ldi	r22, 0x01	; 1
/Users/askn/Develop/UPDI4AVR-USB/src/sys.cpp:270
  #endif
    }
    if (_on) {
    2d4e:	81 e0       	ldi	r24, 0x01	; 1
    2d50:	df df       	rcall	.-66     	; 0x2d10 <SYS::power_reset(bool, bool)>
    2d52:	0c 9a       	sbi	0x01, 4	; 1
delay_micros():
/Users/askn/Develop/UPDI4AVR-USB/src/sys.cpp:280
      pinControlRegister(PIN_VCP_RXD)  |= PORT_PULLUPEN_bm;
      pinControlRegister(PIN_PGM_TDAT) |= PORT_PULLUPEN_bm;
      pinControlRegister(PIN_PGM_TRST) |= PORT_PULLUPEN_bm;
  #endif
    }
  }
    2d54:	82 e1       	ldi	r24, 0x12	; 18
/Users/askn/Develop/UPDI4AVR-USB/src/pdi.cpp:333
      0xC2, PDI_GVAL,   /* Set GUADTIME in ASI_CTRL */
      0xC1, 0x59,       /* SYSRST */
      0x82              /* Read back ASI_CTRL */
    };

    USART::setup();
    2d56:	91 e0       	ldi	r25, 0x01	; 1
    2d58:	01 97       	sbiw	r24, 0x01	; 1
/Users/askn/Develop/UPDI4AVR-USB/src/pdi.cpp:335

    digitalWriteMacro(PIN_PGM_PDAT, LOW);
    2d5a:	f1 f7       	brne	.-4      	; 0x2d58 <PDI::connect()+0x14>
/Users/askn/Develop/UPDI4AVR-USB/src/pdi.cpp:336
    pinLogicPull(PIN_PGM_PDAT);
    2d5c:	00 c0       	rjmp	.+0      	; 0x2d5e <PDI::connect()+0x1a>
/Users/askn/Develop/UPDI4AVR-USB/src/pdi.cpp:337
    pinLogicPull(PIN_PGM_PCLK);
    2d5e:	00 00       	nop
connect():
/Users/askn/Develop/UPDI4AVR-USB/src/pdi.cpp:338
    SYS::power_reset();
    2d60:	0e 94 ad 0c 	call	0x195a	; 0x195a <USART::change_pdi()>
    2d64:	80 e1       	ldi	r24, 0x10	; 16
    2d66:	90 e0       	ldi	r25, 0x00	; 0
/Users/askn/Develop/UPDI4AVR-USB/src/pdi.cpp:339
    digitalWriteMacro(PIN_PGM_PDAT, HIGH);
    2d68:	0e 94 e1 09 	call	0x13c2	; 0x13c2 <PDI::idle_clock(unsigned int)>
/Users/askn/Library/Arduino15/packages/MultiX-Zinnia/hardware/modernAVR/0.4.5/cores/modernAVR/api/delay_busywait.h:33
static __inline__ __attribute__((__always_inline__)) void delay_micros (uint32_t _us);
static __inline__ __attribute__((__always_inline__)) void delay_millis (uint32_t _ms);

void delay_micros (uint32_t _us) {
  if (F_CPU >= 1000000L) {
    __builtin_avr_delay_cycles((F_CPU / 1000000L) * _us);
    2d6c:	65 e0       	ldi	r22, 0x05	; 5
    2d6e:	70 e0       	ldi	r23, 0x00	; 0
    2d70:	8a e4       	ldi	r24, 0x4A	; 74
    2d72:	90 e6       	ldi	r25, 0x60	; 96
    2d74:	0e 94 22 0a 	call	0x1444	; 0x1444 <PDI::send_bytes(unsigned char const*, unsigned int)>
/Users/askn/Develop/UPDI4AVR-USB/src/pdi.cpp:343
    SYS::delay_55us();

    /* Send at least a certain number of IDLE bits to PCLK within 100us after PoR. */
    USART::change_pdi();
    2d78:	81 11       	cpse	r24, r1
/Users/askn/Develop/UPDI4AVR-USB/src/pdi.cpp:344
    idle_clock(16);
    2d7a:	05 c0       	rjmp	.+10     	; 0x2d86 <PDI::connect()+0x42>
    2d7c:	0e 94 d7 0a 	call	0x15ae	; 0x15ae <PDI::send_break()>
    2d80:	0e 94 d7 0a 	call	0x15ae	; 0x15ae <PDI::send_break()>
/Users/askn/Develop/UPDI4AVR-USB/src/pdi.cpp:346

    while (!(send_bytes(_init, sizeof(_init)) && recv_byte() && RXDATA == PDI_GVAL)) {
    2d84:	f3 cf       	rjmp	.-26     	; 0x2d6c <PDI::connect()+0x28>
    2d86:	0e 94 fe 09 	call	0x13fc	; 0x13fc <PDI::recv_byte()>
    2d8a:	88 23       	and	r24, r24
    2d8c:	b9 f3       	breq	.-18     	; 0x2d7c <PDI::connect()+0x38>
    2d8e:	8d b3       	in	r24, 0x1d	; 29
    2d90:	85 30       	cpi	r24, 0x05	; 5
/Users/askn/Develop/UPDI4AVR-USB/src/pdi.cpp:347
      send_break();
    2d92:	a1 f7       	brne	.-24     	; 0x2d7c <PDI::connect()+0x38>
    2d94:	8d b3       	in	r24, 0x1d	; 29
/Users/askn/Develop/UPDI4AVR-USB/src/pdi.cpp:348
      send_break();
    2d96:	1f 92       	push	r1
    2d98:	8f 93       	push	r24
    2d9a:	85 ef       	ldi	r24, 0xF5	; 245
/Users/askn/Develop/UPDI4AVR-USB/src/pdi.cpp:346

    /* Send at least a certain number of IDLE bits to PCLK within 100us after PoR. */
    USART::change_pdi();
    idle_clock(16);

    while (!(send_bytes(_init, sizeof(_init)) && recv_byte() && RXDATA == PDI_GVAL)) {
    2d9c:	97 e0       	ldi	r25, 0x07	; 7
    2d9e:	9f 93       	push	r25
    2da0:	8f 93       	push	r24
    2da2:	82 eb       	ldi	r24, 0xB2	; 178
    2da4:	90 e6       	ldi	r25, 0x60	; 96
    2da6:	9f 93       	push	r25
    2da8:	8f 93       	push	r24
/Users/askn/Develop/UPDI4AVR-USB/src/pdi.cpp:351
      send_break();
      send_break();
    }

    D1PRINTF("  PDI_ON:GVAL=%02X\r\n", RXDATA);
    2daa:	0e 94 89 0c 	call	0x1912	; 0x1912 <Print::printf(PGM_t const*, ...) [clone .constprop.17]>
    2dae:	f8 9a       	sbi	0x1f, 0	; 31
    2db0:	0f 90       	pop	r0
    2db2:	0f 90       	pop	r0
    2db4:	0f 90       	pop	r0
    2db6:	0f 90       	pop	r0
    2db8:	0f 90       	pop	r0
    2dba:	0f 90       	pop	r0
    2dbc:	81 e0       	ldi	r24, 0x01	; 1
    2dbe:	90 e0       	ldi	r25, 0x00	; 0
    2dc0:	08 95       	ret

00002dc2 <SYS::hvc_enable()>:
hvc_enable():
    2dc2:	e0 e0       	ldi	r30, 0x00	; 0
/Users/askn/Develop/UPDI4AVR-USB/src/pdi.cpp:352
    bit_set(PGCONF, PGCONF_UPDI_bp);
    2dc4:	fa e0       	ldi	r31, 0x0A	; 10
/Users/askn/Develop/UPDI4AVR-USB/src/pdi.cpp:353
    return 1;
    2dc6:	10 82       	st	Z, r1
    2dc8:	81 e0       	ldi	r24, 0x01	; 1
    2dca:	80 93 03 0a 	sts	0x0A03, r24	; 0x800a03 <__TEXT_REGION_LENGTH__+0x7f0a03>
    2dce:	90 e6       	ldi	r25, 0x60	; 96
    2dd0:	90 93 01 0a 	sts	0x0A01, r25	; 0x800a01 <__TEXT_REGION_LENGTH__+0x7f0a01>
/Users/askn/Develop/UPDI4AVR-USB/src/pdi.cpp:354
  }
    2dd4:	92 e0       	ldi	r25, 0x02	; 2
    2dd6:	90 93 2b 0a 	sts	0x0A2B, r25	; 0x800a2b <__TEXT_REGION_LENGTH__+0x7f0a2b>
/Users/askn/Develop/UPDI4AVR-USB/src/sys.cpp:406
    return _adc_reading;
  }

  void hvc_enable (void) {
  #ifdef CONFIG_HVC_ENABLE
    TCA0_SPLIT_CTRLA = 0;
    2dda:	90 93 2d 0a 	sts	0x0A2D, r25	; 0x800a2d <__TEXT_REGION_LENGTH__+0x7f0a2d>
/Users/askn/Develop/UPDI4AVR-USB/src/sys.cpp:407
    TCA0_SPLIT_CTRLD = TCA_SPLIT_SPLITM_bm; /* SINGLESLOPE PWM */
    2dde:	93 e0       	ldi	r25, 0x03	; 3
    2de0:	90 93 27 0a 	sts	0x0A27, r25	; 0x800a27 <__TEXT_REGION_LENGTH__+0x7f0a27>
/Users/askn/Develop/UPDI4AVR-USB/src/sys.cpp:408
    TCA0_SPLIT_CTRLB = TCA_SPLIT_HCMP2EN_bm | TCA_SPLIT_HCMP1EN_bm;
    2de4:	10 92 21 0a 	sts	0x0A21, r1	; 0x800a21 <__TEXT_REGION_LENGTH__+0x7f0a21>
    2de8:	80 83       	st	Z, r24
delay_micros():
/Users/askn/Develop/UPDI4AVR-USB/src/sys.cpp:409
    TCA0_SPLIT_HCMP1 = F_CPU / HVC_CLK / 2;
    2dea:	83 ef       	ldi	r24, 0xF3	; 243
    2dec:	91 e0       	ldi	r25, 0x01	; 1
    2dee:	01 97       	sbiw	r24, 0x01	; 1
/Users/askn/Develop/UPDI4AVR-USB/src/sys.cpp:410
    TCA0_SPLIT_HCMP2 = F_CPU / HVC_CLK / 2;
    2df0:	f1 f7       	brne	.-4      	; 0x2dee <SYS::hvc_enable()+0x2c>
    2df2:	00 c0       	rjmp	.+0      	; 0x2df4 <SYS::hvc_enable()+0x32>
/Users/askn/Develop/UPDI4AVR-USB/src/sys.cpp:411
    TCA0_SPLIT_HPER = (F_CPU / HVC_CLK) - 1;
    2df4:	00 00       	nop
hvc_enable():
    2df6:	08 95       	ret

00002df8 <TPI::connect()>:
connect():
    2df8:	cf 92       	push	r12
/Users/askn/Develop/UPDI4AVR-USB/src/sys.cpp:412
    TCA0_SPLIT_HCNT = 0;
    2dfa:	df 92       	push	r13
    2dfc:	ef 92       	push	r14
/Users/askn/Develop/UPDI4AVR-USB/src/sys.cpp:413
    TCA0_SPLIT_CTRLA = TCA_SPLIT_ENABLE_bm | TCA_SPLIT_CLKSEL_DIV1_gc;
    2dfe:	ff 92       	push	r15
/Users/askn/Library/Arduino15/packages/MultiX-Zinnia/hardware/modernAVR/0.4.5/cores/modernAVR/api/delay_busywait.h:33
    2e00:	0f 93       	push	r16
    2e02:	1f 93       	push	r17
    2e04:	cf 93       	push	r28
    2e06:	df 93       	push	r29
    2e08:	00 d0       	rcall	.+0      	; 0x2e0a <TPI::connect()+0x12>
    2e0a:	cd b7       	in	r28, 0x3d	; 61
/Users/askn/Develop/UPDI4AVR-USB/src/sys.cpp:416
    delay_100us();
  #endif
  }
    2e0c:	de b7       	in	r29, 0x3e	; 62
/Users/askn/Develop/UPDI4AVR-USB/src/tpi.cpp:230
    return nvm_ctrl(0x00);
  }

  // MARK: TPI Session

  size_t connect (void) {
    2e0e:	1f ba       	out	0x1f, r1	; 31
    2e10:	ba d9       	rcall	.-3212   	; 0x2186 <USART::setup()>
    2e12:	01 9a       	sbi	0x00, 1	; 0
    2e14:	61 e0       	ldi	r22, 0x01	; 1
    2e16:	81 e0       	ldi	r24, 0x01	; 1
    2e18:	7b df       	rcall	.-266    	; 0x2d10 <SYS::power_reset(bool, bool)>
delay_micros():
    2e1a:	83 ed       	ldi	r24, 0xD3	; 211
    2e1c:	90 e3       	ldi	r25, 0x30	; 48
    2e1e:	01 97       	sbiw	r24, 0x01	; 1
    2e20:	f1 f7       	brne	.-4      	; 0x2e1e <TPI::connect()+0x26>
    2e22:	00 c0       	rjmp	.+0      	; 0x2e24 <TPI::connect()+0x2c>
/Users/askn/Develop/UPDI4AVR-USB/src/tpi.cpp:231
    PGCONF = 0;
    2e24:	00 00       	nop
connect():
/Users/askn/Develop/UPDI4AVR-USB/src/tpi.cpp:232
    USART::setup();
    2e26:	80 91 f9 62 	lds	r24, 0x62F9	; 0x8062f9 <_packet_length>
/Users/askn/Develop/UPDI4AVR-USB/src/tpi.cpp:234

    pinLogicPull(PIN_PGM_TRST);
    2e2a:	90 91 fa 62 	lds	r25, 0x62FA	; 0x8062fa <_packet_length+0x1>
/Users/askn/Develop/UPDI4AVR-USB/src/tpi.cpp:235
    SYS::power_reset();
    2e2e:	07 97       	sbiw	r24, 0x07	; 7
    2e30:	20 f0       	brcs	.+8      	; 0x2e3a <TPI::connect()+0x42>
    2e32:	80 91 e3 60 	lds	r24, 0x60E3	; 0x8060e3 <packet+0x6>
/Users/askn/Library/Arduino15/packages/MultiX-Zinnia/hardware/modernAVR/0.4.5/cores/modernAVR/api/delay_busywait.h:33
    2e36:	81 11       	cpse	r24, r1
    2e38:	02 c0       	rjmp	.+4      	; 0x2e3e <TPI::connect()+0x46>
    2e3a:	f5 9b       	sbis	0x1e, 5	; 30
    2e3c:	12 c0       	rjmp	.+36     	; 0x2e62 <TPI::connect()+0x6a>
    2e3e:	01 98       	cbi	0x00, 1	; 0
/Users/askn/Develop/UPDI4AVR-USB/src/tpi.cpp:241
    SYS::delay_2500us();

    /* Called with `-xhvtpi` hvtpi_support */
    /* or SW0 holding start */
  #ifdef CONFIG_HVC_ENABLE
    if ((_packet_length > 6 && packet.out.tpi.bType) || bit_is_set(GPCONF, GPCONF_HLD_bp)) {
    2e40:	c0 df       	rcall	.-128    	; 0x2dc2 <SYS::hvc_enable()>
    2e42:	69 9a       	sbi	0x0d, 1	; 13
    2e44:	8f e0       	ldi	r24, 0x0F	; 15
    2e46:	99 e0       	ldi	r25, 0x09	; 9
    2e48:	9f 93       	push	r25
    2e4a:	8f 93       	push	r24
    2e4c:	82 eb       	ldi	r24, 0xB2	; 178
    2e4e:	90 e6       	ldi	r25, 0x60	; 96
    2e50:	9f 93       	push	r25
    2e52:	8f 93       	push	r24
    2e54:	0e 94 89 0c 	call	0x1912	; 0x1912 <Print::printf(PGM_t const*, ...) [clone .constprop.17]>
/Users/askn/Develop/UPDI4AVR-USB/src/tpi.cpp:243
      /* External Reset : Activation High-Voltage mode */
      pinLogicOpen(PIN_PGM_TRST);
    2e58:	fe 9a       	sbi	0x1f, 6	; 31
/Users/askn/Develop/UPDI4AVR-USB/src/tpi.cpp:244
      SYS::hvc_enable();
    2e5a:	0f 90       	pop	r0
    2e5c:	0f 90       	pop	r0
/Users/askn/Develop/UPDI4AVR-USB/src/tpi.cpp:245
      digitalWriteMacro(PIN_HVC_SELECT2, HIGH);
    2e5e:	0f 90       	pop	r0
/Users/askn/Develop/UPDI4AVR-USB/src/tpi.cpp:246
      D1PRINTF("<HVEN>");
    2e60:	0f 90       	pop	r0
delay_millis():
    2e62:	9f e1       	ldi	r25, 0x1F	; 31
    2e64:	e1 ea       	ldi	r30, 0xA1	; 161
    2e66:	f7 e0       	ldi	r31, 0x07	; 7
    2e68:	91 50       	subi	r25, 0x01	; 1
    2e6a:	e0 40       	sbci	r30, 0x00	; 0
    2e6c:	f0 40       	sbci	r31, 0x00	; 0
    2e6e:	e1 f7       	brne	.-8      	; 0x2e68 <TPI::connect()+0x70>
    2e70:	00 c0       	rjmp	.+0      	; 0x2e72 <TPI::connect()+0x7a>
/Users/askn/Develop/UPDI4AVR-USB/src/tpi.cpp:247
      bit_set(PGCONF, PGCONF_HVEN_bp);
    2e72:	00 00       	nop
change_tpi():
    2e74:	1f b7       	in	r17, 0x3f	; 63
__iCliRetVal():
    2e76:	f8 94       	cli
change_tpi():
    2e78:	80 e1       	ldi	r24, 0x10	; 16
    2e7a:	80 93 e2 05 	sts	0x05E2, r24	; 0x8005e2 <__TEXT_REGION_LENGTH__+0x7f05e2>
/Users/askn/Library/Arduino15/packages/MultiX-Zinnia/hardware/modernAVR/0.4.5/cores/modernAVR/api/delay_busywait.h:42
  }
}

void delay_millis (uint32_t _ms) {
  if (F_CPU >= 1000000L) {
    __builtin_avr_delay_cycles((F_CPU / 1000L) * _ms);
    2e7e:	80 e8       	ldi	r24, 0x80	; 128
    2e80:	80 93 12 04 	sts	0x0412, r24	; 0x800412 <__TEXT_REGION_LENGTH__+0x7f0412>
    2e84:	02 9a       	sbi	0x00, 2	; 0
    2e86:	80 e2       	ldi	r24, 0x20	; 32
    2e88:	80 93 04 08 	sts	0x0804, r24	; 0x800804 <__TEXT_REGION_LENGTH__+0x7f0804>
/Users/askn/Develop/UPDI4AVR-USB/src/usart.cpp:108
  }

  /*** Set up single-wire synchronous mode for TPI operation. ***/
  /* The VCD-TxD is repurposed to transmit the synchronous clock. */
  void change_tpi (void) {
    ATOMIC_BLOCK(ATOMIC_RESTORESTATE) {
    2e8c:	80 e0       	ldi	r24, 0x00	; 0
/Users/askn/Library/Arduino15/packages/MultiX-Zinnia/tools/avr8-gcc/7.3.0-avr8-gnu-toolchain/avr/include/util/atomic.h:50
    return 1;
}

static __inline__ uint8_t __iCliRetVal(void)
{
    cli();
    2e8e:	9a e0       	ldi	r25, 0x0A	; 10
/Users/askn/Develop/UPDI4AVR-USB/src/usart.cpp:109
      PORTMUX_USARTROUTEA = PORTMUX_USART_PGM;
    2e90:	80 93 08 08 	sts	0x0808, r24	; 0x800808 <__TEXT_REGION_LENGTH__+0x7f0808>
    2e94:	90 93 09 08 	sts	0x0809, r25	; 0x800809 <__TEXT_REGION_LENGTH__+0x7f0809>
/Users/askn/Develop/UPDI4AVR-USB/src/usart.cpp:110
      pinControlRegister(PIN_PGM_TCLK) = PORT_INVEN_bm;
    2e98:	8b e6       	ldi	r24, 0x6B	; 107
    2e9a:	80 93 07 08 	sts	0x0807, r24	; 0x800807 <__TEXT_REGION_LENGTH__+0x7f0807>
/Users/askn/Develop/UPDI4AVR-USB/src/usart.cpp:112
      pinLogicPull(PIN_PGM_TCLK);   /* CONFIG_PGM_TYPE!=1 is internal shared VTxD */
      USART0_STATUS = USART_DREIF_bm;
    2e9e:	8a e0       	ldi	r24, 0x0A	; 10
    2ea0:	80 93 05 08 	sts	0x0805, r24	; 0x800805 <__TEXT_REGION_LENGTH__+0x7f0805>
/Users/askn/Develop/UPDI4AVR-USB/src/usart.cpp:113
      USART0_BAUD  = sync_baud_khz(TPI_CLK);
    2ea4:	88 ec       	ldi	r24, 0xC8	; 200
    2ea6:	80 93 06 08 	sts	0x0806, r24	; 0x800806 <__TEXT_REGION_LENGTH__+0x7f0806>
    2eaa:	80 91 08 08 	lds	r24, 0x0808	; 0x800808 <__TEXT_REGION_LENGTH__+0x7f0808>
    2eae:	90 91 09 08 	lds	r25, 0x0809	; 0x800809 <__TEXT_REGION_LENGTH__+0x7f0809>
/Users/askn/Develop/UPDI4AVR-USB/src/usart.cpp:114
      USART0_CTRLC = USART_CHSIZE_8BIT_gc | USART_PMODE_EVEN_gc | USART_CMODE_SYNCHRONOUS_gc | USART_SBMODE_2BIT_gc;
    2eb2:	9f 93       	push	r25
    2eb4:	8f 93       	push	r24
/Users/askn/Develop/UPDI4AVR-USB/src/usart.cpp:115
      USART0_CTRLA = USART_LBME_bm | USART_RS485_INT_gc;
    2eb6:	8f ed       	ldi	r24, 0xDF	; 223
    2eb8:	98 e0       	ldi	r25, 0x08	; 8
    2eba:	9f 93       	push	r25
/Users/askn/Develop/UPDI4AVR-USB/src/usart.cpp:116
      USART0_CTRLB = USART_RXEN_bm | USART_TXEN_bm | USART_ODME_bm;
    2ebc:	8f 93       	push	r24
    2ebe:	82 eb       	ldi	r24, 0xB2	; 178
    2ec0:	90 e6       	ldi	r25, 0x60	; 96
/Users/askn/Develop/UPDI4AVR-USB/src/usart.cpp:117
      D1PRINTF(" USART=TPI BAUD=%04X\r\n", USART0_BAUD);
    2ec2:	9f 93       	push	r25
    2ec4:	8f 93       	push	r24
    2ec6:	0e 94 89 0c 	call	0x1912	; 0x1912 <Print::printf(PGM_t const*, ...) [clone .constprop.17]>
__iRestore():
    2eca:	1f bf       	out	0x3f, r17	; 63
connect():
    2ecc:	84 e1       	ldi	r24, 0x14	; 20
    2ece:	90 e0       	ldi	r25, 0x00	; 0
    2ed0:	0e 94 f4 08 	call	0x11e8	; 0x11e8 <TPI::idle_clock(unsigned int)>
set_sstcs():
    2ed4:	82 ec       	ldi	r24, 0xC2	; 194
    2ed6:	0e 94 34 06 	call	0xc68	; 0xc68 <PDI::send(unsigned char)>
    2eda:	0f 90       	pop	r0
    2edc:	0f 90       	pop	r0
    2ede:	0f 90       	pop	r0
/Users/askn/Library/Arduino15/packages/MultiX-Zinnia/tools/avr8-gcc/7.3.0-avr8-gnu-toolchain/avr/include/util/atomic.h:70
    (void)__s;
}

static __inline__ void __iRestore(const  uint8_t *__s)
{
    SREG = *__s;
    2ee0:	0f 90       	pop	r0
/Users/askn/Develop/UPDI4AVR-USB/src/tpi.cpp:256
    /* Required rest time after PoR, 32-128 ms */
    SYS::delay_125ms();

    /*** Activate clock ***/
    USART::change_tpi();
    idle_clock(20);
    2ee2:	0f 90       	pop	r0
    2ee4:	0f 90       	pop	r0
    2ee6:	81 11       	cpse	r24, r1
    2ee8:	0d c0       	rjmp	.+26     	; 0x2f04 <TPI::connect()+0x10c>
connect():
/Users/askn/Develop/UPDI4AVR-USB/src/tpi.cpp:74
    return send(0x80 | _addr) && recv();
  }

  bool set_sstcs (const uint8_t _addr, const uint8_t _data) {
    D2PRINTF("[SSTCS:%02X:%02X]\r\n", _addr, _data);
    return send(0xC0 | _addr) && send(_data);
    2eea:	90 e0       	ldi	r25, 0x00	; 0
    2eec:	80 e0       	ldi	r24, 0x00	; 0
    2eee:	0f 90       	pop	r0
    2ef0:	0f 90       	pop	r0
    2ef2:	df 91       	pop	r29
    2ef4:	cf 91       	pop	r28
    2ef6:	1f 91       	pop	r17
    2ef8:	0f 91       	pop	r16
    2efa:	ff 90       	pop	r15
    2efc:	ef 90       	pop	r14
    2efe:	df 90       	pop	r13
/Users/askn/Develop/UPDI4AVR-USB/src/tpi.cpp:259
    /*** Activate clock ***/
    USART::change_tpi();
    idle_clock(20);

    /*** Set TPIPCR Guard Time ****/
    if (!set_sstcs(0x02, TPI_GVAL)) return 0;
    2f00:	cf 90       	pop	r12
    2f02:	08 95       	ret
set_sstcs():
/Users/askn/Develop/UPDI4AVR-USB/src/tpi.cpp:300
          bit_set(PGCONF, PGCONF_PROG_bp);
          return 1;
        }
      }
    } while (true);
  }
    2f04:	85 e0       	ldi	r24, 0x05	; 5
    2f06:	0e 94 b1 08 	call	0x1162	; 0x1162 <PDI::send_byte(unsigned char) [clone .part.4]>
connect():
    2f0a:	88 23       	and	r24, r24
    2f0c:	71 f3       	breq	.-36     	; 0x2eea <TPI::connect()+0xf2>
get_sldcs():
    2f0e:	8f e8       	ldi	r24, 0x8F	; 143
    2f10:	0e 94 34 06 	call	0xc68	; 0xc68 <PDI::send(unsigned char)>
    2f14:	88 23       	and	r24, r24
    2f16:	d9 f3       	breq	.-10     	; 0x2f0e <TPI::connect()+0x116>
    2f18:	0e 94 33 06 	call	0xc66	; 0xc66 <PDI::recv_byte() [clone .part.3]>
connect():
    2f1c:	88 23       	and	r24, r24
    2f1e:	b9 f3       	breq	.-18     	; 0x2f0e <TPI::connect()+0x116>
/Users/askn/Develop/UPDI4AVR-USB/src/tpi.cpp:259
    /*** Activate clock ***/
    USART::change_tpi();
    idle_clock(20);

    /*** Set TPIPCR Guard Time ****/
    if (!set_sstcs(0x02, TPI_GVAL)) return 0;
    2f20:	8d b3       	in	r24, 0x1d	; 29
    2f22:	80 38       	cpi	r24, 0x80	; 128
/Users/askn/Develop/UPDI4AVR-USB/src/tpi.cpp:69

  /*** TPI control and CSS area command ***/

  bool get_sldcs (const uint8_t _addr) {
    D2PRINTF("[SLDCS:%02X]\r\n", _addr);
    return send(0x80 | _addr) && recv();
    2f24:	a1 f7       	brne	.-24     	; 0x2f0e <TPI::connect()+0x116>
    2f26:	f8 9a       	sbi	0x1f, 0	; 31
    2f28:	87 e0       	ldi	r24, 0x07	; 7
    2f2a:	e8 2e       	mov	r14, r24
    2f2c:	89 e0       	ldi	r24, 0x09	; 9
    2f2e:	f8 2e       	mov	r15, r24
    2f30:	92 eb       	ldi	r25, 0xB2	; 178
/Users/askn/Develop/UPDI4AVR-USB/src/tpi.cpp:262

    /*** Set TPIPCR Guard Time ****/
    if (!set_sstcs(0x02, TPI_GVAL)) return 0;

    /*** Check TPIIR code : Fixed 0x80 ***/
    while (!(get_sldcs(0x0F) && (RXDATA == 0x80)));
    2f32:	c9 2e       	mov	r12, r25
    2f34:	90 e6       	ldi	r25, 0x60	; 96
    2f36:	d9 2e       	mov	r13, r25
    2f38:	ff 92       	push	r15
    2f3a:	ef 92       	push	r14
/Users/askn/Develop/UPDI4AVR-USB/src/tpi.cpp:263
    bit_set(PGCONF, PGCONF_UPDI_bp);
    2f3c:	df 92       	push	r13
/Users/askn/Develop/UPDI4AVR-USB/src/tpi.cpp:267

    /*** Activate NVMPROG mode ***/
    do {
      D1PRINTF(" SKEY\r\n");
    2f3e:	cf 92       	push	r12
    2f40:	0e 94 89 0c 	call	0x1912	; 0x1912 <Print::printf(PGM_t const*, ...) [clone .constprop.17]>
    2f44:	03 e5       	ldi	r16, 0x53	; 83
    2f46:	10 e6       	ldi	r17, 0x60	; 96
    2f48:	0f 90       	pop	r0
    2f4a:	0f 90       	pop	r0
    2f4c:	0f 90       	pop	r0
    2f4e:	0f 90       	pop	r0
    2f50:	f8 01       	movw	r30, r16
    2f52:	81 91       	ld	r24, Z+
    2f54:	8f 01       	movw	r16, r30
    2f56:	0e 94 34 06 	call	0xc68	; 0xc68 <PDI::send(unsigned char)>
    2f5a:	88 23       	and	r24, r24
    2f5c:	31 f2       	breq	.-116    	; 0x2eea <TPI::connect()+0xf2>
    2f5e:	f0 e6       	ldi	r31, 0x60	; 96
    2f60:	0c 35       	cpi	r16, 0x5C	; 92
    2f62:	1f 07       	cpc	r17, r31
    2f64:	a9 f7       	brne	.-22     	; 0x2f50 <TPI::connect()+0x158>
/Users/askn/Develop/UPDI4AVR-USB/src/tpi.cpp:269
      for (uint8_t i = 0; i < (uint8_t)sizeof(nvmprog_key); i++) {
        if (!send(nvmprog_key[i])) return 0;
    2f66:	18 e0       	ldi	r17, 0x08	; 8
    2f68:	84 e1       	ldi	r24, 0x14	; 20
    2f6a:	90 e0       	ldi	r25, 0x00	; 0
    2f6c:	0e 94 f4 08 	call	0x11e8	; 0x11e8 <TPI::idle_clock(unsigned int)>
get_sldcs():
    2f70:	80 e8       	ldi	r24, 0x80	; 128
    2f72:	0e 94 34 06 	call	0xc68	; 0xc68 <PDI::send(unsigned char)>
/Users/askn/Develop/UPDI4AVR-USB/src/tpi.cpp:268
    bit_set(PGCONF, PGCONF_UPDI_bp);

    /*** Activate NVMPROG mode ***/
    do {
      D1PRINTF(" SKEY\r\n");
      for (uint8_t i = 0; i < (uint8_t)sizeof(nvmprog_key); i++) {
    2f76:	81 11       	cpse	r24, r1
    2f78:	03 c0       	rjmp	.+6      	; 0x2f80 <TPI::connect()+0x188>
    2f7a:	11 50       	subi	r17, 0x01	; 1
connect():
    2f7c:	a9 f7       	brne	.-22     	; 0x2f68 <TPI::connect()+0x170>
/Users/askn/Develop/UPDI4AVR-USB/src/tpi.cpp:272
        if (!send(nvmprog_key[i])) return 0;
      }
      for (uint8_t _i = 0; _i < 8; _i++) {
        idle_clock(20);
    2f7e:	dc cf       	rjmp	.-72     	; 0x2f38 <TPI::connect()+0x140>
get_sldcs():
    2f80:	0e 94 33 06 	call	0xc66	; 0xc66 <PDI::recv_byte() [clone .part.3]>
connect():
    2f84:	88 23       	and	r24, r24
/Users/askn/Develop/UPDI4AVR-USB/src/tpi.cpp:69

  /*** TPI control and CSS area command ***/

  bool get_sldcs (const uint8_t _addr) {
    D2PRINTF("[SLDCS:%02X]\r\n", _addr);
    return send(0x80 | _addr) && recv();
    2f86:	c9 f3       	breq	.-14     	; 0x2f7a <TPI::connect()+0x182>
    2f88:	8d b3       	in	r24, 0x1d	; 29
    2f8a:	82 30       	cpi	r24, 0x02	; 2
    2f8c:	b1 f7       	brne	.-20     	; 0x2f7a <TPI::connect()+0x182>
    2f8e:	19 82       	std	Y+1, r1	; 0x01
    2f90:	1a 82       	std	Y+2, r1	; 0x02
/Users/askn/Develop/UPDI4AVR-USB/src/tpi.cpp:271
    do {
      D1PRINTF(" SKEY\r\n");
      for (uint8_t i = 0; i < (uint8_t)sizeof(nvmprog_key); i++) {
        if (!send(nvmprog_key[i])) return 0;
      }
      for (uint8_t _i = 0; _i < 8; _i++) {
    2f92:	81 ec       	ldi	r24, 0xC1	; 193
    2f94:	9f e3       	ldi	r25, 0x3F	; 63
    2f96:	0e 94 dc 08 	call	0x11b8	; 0x11b8 <TPI::set_sstpr(unsigned int)>
/Users/askn/Develop/UPDI4AVR-USB/src/tpi.cpp:273
        idle_clock(20);
        if (get_sldcs(0x00) && RXDATA == 0x02) {  /* get TPISR */
    2f9a:	88 23       	and	r24, r24
    2f9c:	81 f1       	breq	.+96     	; 0x2ffe <TPI::connect()+0x206>
    2f9e:	0e 94 d6 08 	call	0x11ac	; 0x11ac <TPI::get_sld()>
    2fa2:	88 23       	and	r24, r24
/Users/askn/Develop/UPDI4AVR-USB/src/tpi.cpp:286
          * Other is written in 1 word chunks.
          *
          * The original PICKit4 probably does the same thing,
          * since the JTAG3 protocol does not include these notifications.
          */
          uint16_t _signature = 0;
    2fa4:	61 f1       	breq	.+88     	; 0x2ffe <TPI::connect()+0x206>
    2fa6:	8d b3       	in	r24, 0x1d	; 29
/Users/askn/Develop/UPDI4AVR-USB/src/tpi.cpp:287
          if (set_sstpr(0x3FC1) && get_sld()) {
    2fa8:	8a 83       	std	Y+2, r24	; 0x02
    2faa:	0e 94 d6 08 	call	0x11ac	; 0x11ac <TPI::get_sld()>
    2fae:	88 23       	and	r24, r24
    2fb0:	11 f0       	breq	.+4      	; 0x2fb6 <TPI::connect()+0x1be>
    2fb2:	8d b3       	in	r24, 0x1d	; 29
    2fb4:	89 83       	std	Y+1, r24	; 0x01
    2fb6:	29 81       	ldd	r18, Y+1	; 0x01
    2fb8:	3a 81       	ldd	r19, Y+2	; 0x02
    2fba:	2e 30       	cpi	r18, 0x0E	; 14
/Users/askn/Develop/UPDI4AVR-USB/src/tpi.cpp:288
            _CAPS16(_signature)->bytes[1] = RXDATA;
    2fbc:	82 e9       	ldi	r24, 0x92	; 146
    2fbe:	38 07       	cpc	r19, r24
/Users/askn/Develop/UPDI4AVR-USB/src/tpi.cpp:289
            if (get_sld()) _CAPS16(_signature)->bytes[0] = RXDATA;
    2fc0:	39 f0       	breq	.+14     	; 0x2fd0 <TPI::connect()+0x1d8>
    2fc2:	84 e0       	ldi	r24, 0x04	; 4
    2fc4:	2f 30       	cpi	r18, 0x0F	; 15
    2fc6:	91 e9       	ldi	r25, 0x91	; 145
    2fc8:	39 07       	cpc	r19, r25
    2fca:	19 f0       	breq	.+6      	; 0x2fd2 <TPI::connect()+0x1da>
/Users/askn/Develop/UPDI4AVR-USB/src/tpi.cpp:291
          }
          _tpi_chunks = _signature == 0x920E ? 8  /* ATtiny40 */
    2fcc:	82 e0       	ldi	r24, 0x02	; 2
    2fce:	01 c0       	rjmp	.+2      	; 0x2fd2 <TPI::connect()+0x1da>
    2fd0:	88 e0       	ldi	r24, 0x08	; 8
    2fd2:	80 93 db 60 	sts	0x60DB, r24	; 0x8060db <_tpi_chunks>
    2fd6:	1f 92       	push	r1
    2fd8:	8f 93       	push	r24
    2fda:	3f 93       	push	r19
    2fdc:	2f 93       	push	r18
    2fde:	86 ef       	ldi	r24, 0xF6	; 246
    2fe0:	98 e0       	ldi	r25, 0x08	; 8
    2fe2:	9f 93       	push	r25
    2fe4:	8f 93       	push	r24
    2fe6:	82 eb       	ldi	r24, 0xB2	; 178
    2fe8:	90 e6       	ldi	r25, 0x60	; 96
    2fea:	9f 93       	push	r25
/Users/askn/Develop/UPDI4AVR-USB/src/tpi.cpp:294
                      : _signature == 0x910F ? 4  /* ATtiny20 */
                      : 2;                        /* Othres   */
          D1PRINTF(" SIG>%04X:%02X\r\n", _signature, _tpi_chunks);
    2fec:	8f 93       	push	r24
    2fee:	0e 94 89 0c 	call	0x1912	; 0x1912 <Print::printf(PGM_t const*, ...) [clone .constprop.17]>
    2ff2:	f9 9a       	sbi	0x1f, 1	; 31
    2ff4:	cd bf       	out	0x3d, r28	; 61
    2ff6:	de bf       	out	0x3e, r29	; 62
    2ff8:	81 e0       	ldi	r24, 0x01	; 1
    2ffa:	90 e0       	ldi	r25, 0x00	; 0
    2ffc:	78 cf       	rjmp	.-272    	; 0x2eee <TPI::connect()+0xf6>
    2ffe:	29 81       	ldd	r18, Y+1	; 0x01
    3000:	3a 81       	ldd	r19, Y+2	; 0x02
    3002:	e4 cf       	rjmp	.-56     	; 0x2fcc <TPI::connect()+0x1d4>

00003004 <UPDI::connect()>:
    3004:	cf 93       	push	r28
    3006:	10 92 2f 63 	sts	0x632F, r1	; 0x80632f <_sib>
/Users/askn/Develop/UPDI4AVR-USB/src/tpi.cpp:295
          bit_set(PGCONF, PGCONF_PROG_bp);
    300a:	8f ef       	ldi	r24, 0xFF	; 255
    300c:	9f ef       	ldi	r25, 0xFF	; 255
/Users/askn/Develop/UPDI4AVR-USB/src/tpi.cpp:296
          return 1;
    300e:	dc 01       	movw	r26, r24
    3010:	80 93 2b 63 	sts	0x632B, r24	; 0x80632b <_before_page>
/Users/askn/Develop/UPDI4AVR-USB/src/tpi.cpp:291
          uint16_t _signature = 0;
          if (set_sstpr(0x3FC1) && get_sld()) {
            _CAPS16(_signature)->bytes[1] = RXDATA;
            if (get_sld()) _CAPS16(_signature)->bytes[0] = RXDATA;
          }
          _tpi_chunks = _signature == 0x920E ? 8  /* ATtiny40 */
    3014:	90 93 2c 63 	sts	0x632C, r25	; 0x80632c <_before_page+0x1>
    3018:	a0 93 2d 63 	sts	0x632D, r26	; 0x80632d <_before_page+0x2>
/Users/askn/Develop/UPDI4AVR-USB/src/updi.cpp:385
      0x55, 0x82        /* LDCS CTRLA */
    };
    const static uint8_t _sib256[] = {
      0x55, 0xE6        /* SIB 256bits */
    };
    _sib[0] = 0;
    301c:	b0 93 2e 63 	sts	0x632E, r27	; 0x80632e <_before_page+0x3>
setup():
/Users/askn/Develop/UPDI4AVR-USB/src/updi.cpp:386
    _before_page = -1L;
    3020:	8f e1       	ldi	r24, 0x1F	; 31
    3022:	96 e0       	ldi	r25, 0x06	; 6
    3024:	80 93 4f 63 	sts	0x634F, r24	; 0x80634f <Command_Table>
    3028:	90 93 50 63 	sts	0x6350, r25	; 0x806350 <Command_Table+0x1>
    302c:	82 e2       	ldi	r24, 0x22	; 34
    302e:	9c e0       	ldi	r25, 0x0C	; 12
    3030:	80 93 51 63 	sts	0x6351, r24	; 0x806351 <Command_Table+0x2>
    3034:	90 93 52 63 	sts	0x6352, r25	; 0x806352 <Command_Table+0x3>
/Users/askn/Develop/UPDI4AVR-USB/src/nvmv1.cpp:71
    // else if (m_type == 0xD3)   /* MTYPE_SIB */ /* This is in its own memory space. */
    return 0;
  }

  bool setup (void) {
    Command_Table.prog_init    = &prog_init;
    3038:	85 e2       	ldi	r24, 0x25	; 37
    303a:	9c e0       	ldi	r25, 0x0C	; 12
    303c:	80 93 53 63 	sts	0x6353, r24	; 0x806353 <Command_Table+0x4>
    3040:	90 93 54 63 	sts	0x6354, r25	; 0x806354 <Command_Table+0x5>
/Users/askn/Develop/UPDI4AVR-USB/src/nvmv1.cpp:72
    Command_Table.read_memory  = &read_memory;
    3044:	8f e1       	ldi	r24, 0x1F	; 31
    3046:	9c e0       	ldi	r25, 0x0C	; 12
    3048:	80 93 55 63 	sts	0x6355, r24	; 0x806355 <Command_Table+0x6>
    304c:	90 93 56 63 	sts	0x6356, r25	; 0x806356 <Command_Table+0x7>
connect():
/Users/askn/Develop/UPDI4AVR-USB/src/nvmv1.cpp:73
    Command_Table.erase_memory = &erase_memory;
    3050:	9a d8       	rcall	.-3788   	; 0x2186 <USART::setup()>
    3052:	08 98       	cbi	0x01, 0	; 1
    3054:	09 98       	cbi	0x01, 1	; 1
    3056:	01 9a       	sbi	0x00, 1	; 0
    3058:	61 e0       	ldi	r22, 0x01	; 1
/Users/askn/Develop/UPDI4AVR-USB/src/nvmv1.cpp:74
    Command_Table.write_memory = &write_memory;
    305a:	81 e0       	ldi	r24, 0x01	; 1
    305c:	59 de       	rcall	.-846    	; 0x2d10 <SYS::power_reset(bool, bool)>
delay_micros():
    305e:	83 ed       	ldi	r24, 0xD3	; 211
    3060:	90 e3       	ldi	r25, 0x30	; 48
    3062:	01 97       	sbiw	r24, 0x01	; 1
    3064:	f1 f7       	brne	.-4      	; 0x3062 <UPDI::connect()+0x5e>
/Users/askn/Develop/UPDI4AVR-USB/src/updi.cpp:388
    NVM::V1::setup();   /* default is dummy callback */
    USART::setup();
    3066:	00 c0       	rjmp	.+0      	; 0x3068 <UPDI::connect()+0x64>
    3068:	00 00       	nop
connect():
/Users/askn/Develop/UPDI4AVR-USB/src/updi.cpp:391

    /* If possible, perform a hardware reset of the device. */
    digitalWriteMacro(PIN_PGM_TDAT, LOW);
    306a:	01 98       	cbi	0x00, 1	; 0
/Users/askn/Develop/UPDI4AVR-USB/src/updi.cpp:392
    digitalWriteMacro(PIN_PGM_TRST, LOW);
    306c:	80 91 f9 62 	lds	r24, 0x62F9	; 0x8062f9 <_packet_length>
/Users/askn/Develop/UPDI4AVR-USB/src/updi.cpp:394
    pinLogicPull(PIN_PGM_TRST);
    SYS::power_reset();
    3070:	90 91 fa 62 	lds	r25, 0x62FA	; 0x8062fa <_packet_length+0x1>
    3074:	07 97       	sbiw	r24, 0x07	; 7
    3076:	40 f0       	brcs	.+16     	; 0x3088 <UPDI::connect()+0x84>
/Users/askn/Library/Arduino15/packages/MultiX-Zinnia/hardware/modernAVR/0.4.5/cores/modernAVR/api/delay_busywait.h:33
static __inline__ __attribute__((__always_inline__)) void delay_micros (uint32_t _us);
static __inline__ __attribute__((__always_inline__)) void delay_millis (uint32_t _ms);

void delay_micros (uint32_t _us) {
  if (F_CPU >= 1000000L) {
    __builtin_avr_delay_cycles((F_CPU / 1000000L) * _us);
    3078:	80 91 e4 60 	lds	r24, 0x60E4	; 0x8060e4 <packet+0x7>
    307c:	88 23       	and	r24, r24
    307e:	21 f0       	breq	.+8      	; 0x3088 <UPDI::connect()+0x84>
    3080:	80 91 dc 60 	lds	r24, 0x60DC	; 0x8060dc <_jtag_hvctrl>
/Users/askn/Develop/UPDI4AVR-USB/src/updi.cpp:396
    SYS::delay_2500us();
    pinLogicOpen(PIN_PGM_TRST);
    3084:	81 11       	cpse	r24, r1
/Users/askn/Develop/UPDI4AVR-USB/src/updi.cpp:402

    /* High-Voltage control */
  #ifdef CONFIG_HVC_ENABLE
    uint8_t _hvvar = Device_Descriptor.UPDI.hvupdi_variant;
    bool _hven = (_packet_length >= 7 && packet.out.bMType && _jtag_hvctrl)
              || bit_is_set(GPCONF, GPCONF_HLD_bp);
    3086:	02 c0       	rjmp	.+4      	; 0x308c <UPDI::connect()+0x88>
    3088:	f5 9b       	sbis	0x1e, 5	; 30
    308a:	26 c0       	rjmp	.+76     	; 0x30d8 <UPDI::connect()+0xd4>
    308c:	c0 91 2a 63 	lds	r28, 0x632A	; 0x80632a <Device_Descriptor+0x2f>
    3090:	c1 30       	cpi	r28, 0x01	; 1
/Users/askn/Develop/UPDI4AVR-USB/src/updi.cpp:401
    pinLogicOpen(PIN_PGM_TRST);

    /* High-Voltage control */
  #ifdef CONFIG_HVC_ENABLE
    uint8_t _hvvar = Device_Descriptor.UPDI.hvupdi_variant;
    bool _hven = (_packet_length >= 7 && packet.out.bMType && _jtag_hvctrl)
    3092:	11 f1       	breq	.+68     	; 0x30d8 <UPDI::connect()+0xd4>
    3094:	1f 92       	push	r1
    3096:	cf 93       	push	r28
    3098:	8f ef       	ldi	r24, 0xFF	; 255
    309a:	99 e0       	ldi	r25, 0x09	; 9
    309c:	9f 93       	push	r25
    309e:	8f 93       	push	r24
    30a0:	82 eb       	ldi	r24, 0xB2	; 178
/Users/askn/Develop/UPDI4AVR-USB/src/updi.cpp:402
              || bit_is_set(GPCONF, GPCONF_HLD_bp);
    30a2:	90 e6       	ldi	r25, 0x60	; 96
    30a4:	9f 93       	push	r25
/Users/askn/Develop/UPDI4AVR-USB/src/updi.cpp:400
    SYS::delay_2500us();
    pinLogicOpen(PIN_PGM_TRST);

    /* High-Voltage control */
  #ifdef CONFIG_HVC_ENABLE
    uint8_t _hvvar = Device_Descriptor.UPDI.hvupdi_variant;
    30a6:	8f 93       	push	r24
    30a8:	0e 94 89 0c 	call	0x1912	; 0x1912 <Print::printf(PGM_t const*, ...) [clone .constprop.17]>
/Users/askn/Develop/UPDI4AVR-USB/src/updi.cpp:403
    bool _hven = (_packet_length >= 7 && packet.out.bMType && _jtag_hvctrl)
              || bit_is_set(GPCONF, GPCONF_HLD_bp);
    if (_hven && _hvvar != 1) {
    30ac:	8a de       	rcall	.-748    	; 0x2dc2 <SYS::hvc_enable()>
/Users/askn/Develop/UPDI4AVR-USB/src/updi.cpp:404
      D1PRINTF("<HVC:V%d>", _hvvar);
    30ae:	0f 90       	pop	r0
    30b0:	0f 90       	pop	r0
    30b2:	0f 90       	pop	r0
    30b4:	0f 90       	pop	r0
    30b6:	0f 90       	pop	r0
    30b8:	0f 90       	pop	r0
    30ba:	c1 11       	cpse	r28, r1
    30bc:	9b c0       	rjmp	.+310    	; 0x31f4 <UPDI::connect()+0x1f0>
    30be:	68 9a       	sbi	0x0d, 0	; 13
delay_micros():
    30c0:	8f e9       	ldi	r24, 0x9F	; 159
    30c2:	9f e0       	ldi	r25, 0x0F	; 15
    30c4:	01 97       	sbiw	r24, 0x01	; 1
/Users/askn/Develop/UPDI4AVR-USB/src/updi.cpp:405
      SYS::hvc_enable();
    30c6:	f1 f7       	brne	.-4      	; 0x30c4 <UPDI::connect()+0xc0>
    30c8:	00 c0       	rjmp	.+0      	; 0x30ca <UPDI::connect()+0xc6>
/Users/askn/Develop/UPDI4AVR-USB/src/updi.cpp:406
      if (_hvvar == 0) {
    30ca:	00 00       	nop
hvc_leave():
    30cc:	10 92 01 0a 	sts	0x0A01, r1	; 0x800a01 <__TEXT_REGION_LENGTH__+0x7f0a01>
    30d0:	10 92 00 0a 	sts	0x0A00, r1	; 0x800a00 <__TEXT_REGION_LENGTH__+0x7f0a00>
connect():
    30d4:	68 98       	cbi	0x0d, 0	; 13
    30d6:	6a 98       	cbi	0x0d, 2	; 13
    30d8:	00 9a       	sbi	0x00, 0	; 0
delay_micros():
/Users/askn/Develop/UPDI4AVR-USB/src/updi.cpp:407
        digitalWriteMacro(PIN_HVC_SELECT1, HIGH);
    30da:	83 ed       	ldi	r24, 0xD3	; 211
/Users/askn/Library/Arduino15/packages/MultiX-Zinnia/hardware/modernAVR/0.4.5/cores/modernAVR/api/delay_busywait.h:33
    30dc:	90 e3       	ldi	r25, 0x30	; 48
    30de:	01 97       	sbiw	r24, 0x01	; 1
    30e0:	f1 f7       	brne	.-4      	; 0x30de <UPDI::connect()+0xda>
    30e2:	00 c0       	rjmp	.+0      	; 0x30e4 <UPDI::connect()+0xe0>
    30e4:	00 00       	nop
connect():
    30e6:	00 98       	cbi	0x00, 0	; 0
/Users/askn/Develop/UPDI4AVR-USB/src/sys.cpp:420

  void hvc_leave (void) {
  #ifdef CONFIG_HVC_ENABLE
    TCA0_SPLIT_CTRLB = 0;
    30e8:	10 9b       	sbis	0x02, 0	; 2
    30ea:	fe cf       	rjmp	.-4      	; 0x30e8 <UPDI::connect()+0xe4>
change_updi():
/Users/askn/Develop/UPDI4AVR-USB/src/sys.cpp:421
    TCA0_SPLIT_CTRLA = 0;
    30ec:	cf b7       	in	r28, 0x3f	; 63
__iCliRetVal():
    30ee:	f8 94       	cli
change_updi():
/Users/askn/Develop/UPDI4AVR-USB/src/updi.cpp:415
        digitalWriteMacro(PIN_HVC_SELECT3, HIGH);
      }
      /* Most early silicon requires a pulse of 700us or more. */
      SYS::delay_800us();
      SYS::hvc_leave();
      digitalWriteMacro(PIN_HVC_SELECT1, LOW);
    30f0:	80 e1       	ldi	r24, 0x10	; 16
/Users/askn/Develop/UPDI4AVR-USB/src/updi.cpp:416
      digitalWriteMacro(PIN_HVC_SELECT3, LOW);
    30f2:	80 93 e2 05 	sts	0x05E2, r24	; 0x8005e2 <__TEXT_REGION_LENGTH__+0x7f05e2>
/Users/askn/Library/Arduino15/packages/MultiX-Zinnia/hardware/modernAVR/0.4.5/cores/modernAVR/api/delay_busywait.h:33
    30f6:	80 e2       	ldi	r24, 0x20	; 32
    30f8:	80 93 04 08 	sts	0x0804, r24	; 0x800804 <__TEXT_REGION_LENGTH__+0x7f0804>
calk_baud_khz():
    30fc:	20 91 59 63 	lds	r18, 0x6359	; 0x806359 <_xclk>
    3100:	30 91 5a 63 	lds	r19, 0x635A	; 0x80635a <_xclk+0x1>
/Users/askn/Develop/UPDI4AVR-USB/src/updi.cpp:427
    pinLogicPull(PIN_PGM_TDAT);
    SYS::delay_2500us();
    pinLogicOpen(PIN_PGM_TDAT);

    /* When UPDI is activated, it becomes a HIGH signal. */
    while (!digitalReadMacro(PIN_PGM_TDAT));
    3104:	50 e0       	ldi	r21, 0x00	; 0
    3106:	40 e0       	ldi	r20, 0x00	; 0
/Users/askn/Develop/UPDI4AVR-USB/src/usart.cpp:92
    }
  }

  /*** Sets up single-wire asynchronous mode for UPDI operation. ***/
  void change_updi (void) {
    ATOMIC_BLOCK(ATOMIC_RESTORESTATE) {
    3108:	60 e0       	ldi	r22, 0x00	; 0
/Users/askn/Library/Arduino15/packages/MultiX-Zinnia/tools/avr8-gcc/7.3.0-avr8-gnu-toolchain/avr/include/util/atomic.h:50
    return 1;
}

static __inline__ uint8_t __iCliRetVal(void)
{
    cli();
    310a:	71 e7       	ldi	r23, 0x71	; 113
/Users/askn/Develop/UPDI4AVR-USB/src/usart.cpp:93
      PORTMUX_USARTROUTEA = PORTMUX_USART_PGM;
    310c:	82 e0       	ldi	r24, 0x02	; 2
    310e:	90 e0       	ldi	r25, 0x00	; 0
    3110:	0e 94 ec 2c 	call	0x59d8	; 0x59d8 <__divmodsi4>
/Users/askn/Develop/UPDI4AVR-USB/src/usart.cpp:94
      USART0_STATUS = USART_DREIF_bm;
    3114:	da 01       	movw	r26, r20
    3116:	c9 01       	movw	r24, r18
/Users/askn/Develop/UPDI4AVR-USB/src/usart.cpp:43
  #endif
  }

  /*** Calculate the baud rate for VCP asynchronous mode. ***/
  uint16_t calk_baud_khz (uint16_t _khz) {
    uint32_t _baud = ((F_CPU / 1000L * 8L) / _khz + 1) / 2;
    3118:	01 96       	adiw	r24, 0x01	; 1
    311a:	a1 1d       	adc	r26, r1
    311c:	b1 1d       	adc	r27, r1
    311e:	b5 95       	asr	r27
    3120:	a7 95       	ror	r26
    3122:	97 95       	ror	r25
    3124:	87 95       	ror	r24
    3126:	80 34       	cpi	r24, 0x40	; 64
    3128:	91 05       	cpc	r25, r1
    312a:	a1 05       	cpc	r26, r1
    312c:	b1 05       	cpc	r27, r1
    312e:	0c f4       	brge	.+2      	; 0x3132 <UPDI::connect()+0x12e>
    3130:	66 c0       	rjmp	.+204    	; 0x31fe <UPDI::connect()+0x1fa>
    3132:	00 97       	sbiw	r24, 0x00	; 0
    3134:	21 e0       	ldi	r18, 0x01	; 1
    3136:	a2 07       	cpc	r26, r18
    3138:	b1 05       	cpc	r27, r1
    313a:	20 f0       	brcs	.+8      	; 0x3144 <UPDI::connect()+0x140>
    313c:	8f ef       	ldi	r24, 0xFF	; 255
    313e:	9f ef       	ldi	r25, 0xFF	; 255
    3140:	a0 e0       	ldi	r26, 0x00	; 0
/Users/askn/Develop/UPDI4AVR-USB/src/usart.cpp:44
    if (_baud < 64) _baud = 64;
    3142:	b0 e0       	ldi	r27, 0x00	; 0
change_updi():
    3144:	80 93 08 08 	sts	0x0808, r24	; 0x800808 <__TEXT_REGION_LENGTH__+0x7f0808>
    3148:	90 93 09 08 	sts	0x0809, r25	; 0x800809 <__TEXT_REGION_LENGTH__+0x7f0809>
    314c:	8b e2       	ldi	r24, 0x2B	; 43
    314e:	80 93 07 08 	sts	0x0807, r24	; 0x800807 <__TEXT_REGION_LENGTH__+0x7f0807>
    3152:	8a e0       	ldi	r24, 0x0A	; 10
    3154:	80 93 05 08 	sts	0x0805, r24	; 0x800805 <__TEXT_REGION_LENGTH__+0x7f0805>
    3158:	88 ec       	ldi	r24, 0xC8	; 200
    315a:	80 93 06 08 	sts	0x0806, r24	; 0x800806 <__TEXT_REGION_LENGTH__+0x7f0806>
    315e:	80 91 08 08 	lds	r24, 0x0808	; 0x800808 <__TEXT_REGION_LENGTH__+0x7f0808>
/Users/askn/Develop/UPDI4AVR-USB/src/usart.cpp:95
  /*** Sets up single-wire asynchronous mode for UPDI operation. ***/
  void change_updi (void) {
    ATOMIC_BLOCK(ATOMIC_RESTORESTATE) {
      PORTMUX_USARTROUTEA = PORTMUX_USART_PGM;
      USART0_STATUS = USART_DREIF_bm;
      USART0_BAUD  = calk_baud_khz(_xclk);
    3162:	90 91 09 08 	lds	r25, 0x0809	; 0x800809 <__TEXT_REGION_LENGTH__+0x7f0809>
    3166:	9f 93       	push	r25
/Users/askn/Develop/UPDI4AVR-USB/src/usart.cpp:96
      USART0_CTRLC = USART_CHSIZE_8BIT_gc | USART_PMODE_EVEN_gc | USART_SBMODE_2BIT_gc;
    3168:	8f 93       	push	r24
    316a:	80 91 5a 63 	lds	r24, 0x635A	; 0x80635a <_xclk+0x1>
/Users/askn/Develop/UPDI4AVR-USB/src/usart.cpp:99
      /* The RS485_INT:_BV(1) attribute is undocumented but works fine.     */
      /* Without it, an additional delay is required before sending a byte. */
      USART0_CTRLA = USART_LBME_bm | USART_RS485_INT_gc;
    316e:	8f 93       	push	r24
    3170:	80 91 59 63 	lds	r24, 0x6359	; 0x806359 <_xclk>
/Users/askn/Develop/UPDI4AVR-USB/src/usart.cpp:100
      USART0_CTRLB = USART_RXEN_bm | USART_TXEN_bm | USART_ODME_bm;
    3174:	8f 93       	push	r24
    3176:	88 eb       	ldi	r24, 0xB8	; 184
    3178:	99 e0       	ldi	r25, 0x09	; 9
/Users/askn/Develop/UPDI4AVR-USB/src/usart.cpp:101
      D1PRINTF(" USART=UPDI XCLK=%d BAUD=%04X\r\n", _xclk, USART0_BAUD);
    317a:	9f 93       	push	r25
    317c:	8f 93       	push	r24
    317e:	82 eb       	ldi	r24, 0xB2	; 178
    3180:	90 e6       	ldi	r25, 0x60	; 96
    3182:	9f 93       	push	r25
    3184:	8f 93       	push	r24
    3186:	0e 94 89 0c 	call	0x1912	; 0x1912 <Print::printf(PGM_t const*, ...) [clone .constprop.17]>
__iRestore():
    318a:	cf bf       	out	0x3f, r28	; 63
    318c:	8d b7       	in	r24, 0x3d	; 61
    318e:	9e b7       	in	r25, 0x3e	; 62
    3190:	08 96       	adiw	r24, 0x08	; 8
    3192:	8d bf       	out	0x3d, r24	; 61
    3194:	9e bf       	out	0x3e, r25	; 62
connect():
    3196:	6b e0       	ldi	r22, 0x0B	; 11
    3198:	70 e0       	ldi	r23, 0x00	; 0
    319a:	8c e8       	ldi	r24, 0x8C	; 140
    319c:	90 e6       	ldi	r25, 0x60	; 96
    319e:	0e 94 45 06 	call	0xc8a	; 0xc8a <UPDI::send_bytes(unsigned char const*, unsigned int)>
    31a2:	88 23       	and	r24, r24
    31a4:	89 f1       	breq	.+98     	; 0x3208 <UPDI::connect()+0x204>
/Users/askn/Library/Arduino15/packages/MultiX-Zinnia/tools/avr8-gcc/7.3.0-avr8-gnu-toolchain/avr/include/util/atomic.h:70
    (void)__s;
}

static __inline__ void __iRestore(const  uint8_t *__s)
{
    SREG = *__s;
    31a6:	0e 94 22 06 	call	0xc44	; 0xc44 <PDI::recv()>
/Users/askn/Library/Arduino15/packages/MultiX-Zinnia/tools/avr8-gcc/7.3.0-avr8-gnu-toolchain/avr/include/util/atomic.h:71
    __asm__ volatile ("" ::: "memory");
    31aa:	88 23       	and	r24, r24
    31ac:	69 f1       	breq	.+90     	; 0x3208 <UPDI::connect()+0x204>
    31ae:	8d b3       	in	r24, 0x1d	; 29
    31b0:	85 31       	cpi	r24, 0x15	; 21
/Users/askn/Develop/UPDI4AVR-USB/src/updi.cpp:433
    USART::change_updi();

    /* It will send a series of commands and check the response. */
    /* If the response is invalid, it will send a BREAK character and try again. */
    /* If UPDI does not respond, a timeout occurs. */
    while (!(send_bytes(_init, sizeof(_init)) && recv() && (RXDATA == UPDI_CTRLAV))) {
    31b2:	51 f5       	brne	.+84     	; 0x3208 <UPDI::connect()+0x204>
    31b4:	62 e0       	ldi	r22, 0x02	; 2
    31b6:	70 e0       	ldi	r23, 0x00	; 0
    31b8:	8a e8       	ldi	r24, 0x8A	; 138
    31ba:	90 e6       	ldi	r25, 0x60	; 96
    31bc:	0e 94 45 06 	call	0xc8a	; 0xc8a <UPDI::send_bytes(unsigned char const*, unsigned int)>
    31c0:	81 11       	cpse	r24, r1
    31c2:	25 c0       	rjmp	.+74     	; 0x320e <UPDI::connect()+0x20a>
    31c4:	9d b3       	in	r25, 0x1d	; 29
    31c6:	8c b3       	in	r24, 0x1c	; 28
    31c8:	1f 92       	push	r1
    31ca:	9f 93       	push	r25
    31cc:	1f 92       	push	r1
    31ce:	8f 93       	push	r24
/Users/askn/Develop/UPDI4AVR-USB/src/updi.cpp:439
      send_break();
    }

    /* Read the SIB from the ACC. */
    /* This can be done even on a locked device. */
    if (send_bytes(_sib256, sizeof(_sib256)) && recv_bytes(_sib, 32)) {
    31d0:	88 ed       	ldi	r24, 0xD8	; 216
    31d2:	99 e0       	ldi	r25, 0x09	; 9
    31d4:	9f 93       	push	r25
    31d6:	8f 93       	push	r24
    31d8:	82 eb       	ldi	r24, 0xB2	; 178
    31da:	90 e6       	ldi	r25, 0x60	; 96
    31dc:	9f 93       	push	r25
    31de:	8f 93       	push	r24
/Users/askn/Develop/UPDI4AVR-USB/src/updi.cpp:457
        memcpy(&packet.in.data[0], _sib[0] == ' ' ? &_sib[4] : &_sib[0], 4);
        bit_set(PGCONF, PGCONF_UPDI_bp);
        return 5;
      }
    }
    D1PRINTF(" FAIL:%02X,%02X\r\n", RXSTAT, RXDATA);
    31e0:	0e 94 89 0c 	call	0x1912	; 0x1912 <Print::printf(PGM_t const*, ...) [clone .constprop.17]>
    31e4:	8d b7       	in	r24, 0x3d	; 61
    31e6:	9e b7       	in	r25, 0x3e	; 62
    31e8:	08 96       	adiw	r24, 0x08	; 8
    31ea:	8d bf       	out	0x3d, r24	; 61
    31ec:	9e bf       	out	0x3e, r25	; 62
    31ee:	90 e0       	ldi	r25, 0x00	; 0
    31f0:	80 e0       	ldi	r24, 0x00	; 0
    31f2:	5b c0       	rjmp	.+182    	; 0x32aa <UPDI::connect()+0x2a6>
    31f4:	c2 30       	cpi	r28, 0x02	; 2
    31f6:	09 f0       	breq	.+2      	; 0x31fa <UPDI::connect()+0x1f6>
    31f8:	63 cf       	rjmp	.-314    	; 0x30c0 <UPDI::connect()+0xbc>
    31fa:	6a 9a       	sbi	0x0d, 2	; 13
    31fc:	61 cf       	rjmp	.-318    	; 0x30c0 <UPDI::connect()+0xbc>
    31fe:	80 e4       	ldi	r24, 0x40	; 64
    3200:	90 e0       	ldi	r25, 0x00	; 0
    3202:	a0 e0       	ldi	r26, 0x00	; 0
    3204:	b0 e0       	ldi	r27, 0x00	; 0
    3206:	9e cf       	rjmp	.-196    	; 0x3144 <UPDI::connect()+0x140>
    3208:	0e 94 5f 08 	call	0x10be	; 0x10be <UPDI::send_break()>
/Users/askn/Develop/UPDI4AVR-USB/src/updi.cpp:458
    return 0;
    320c:	c4 cf       	rjmp	.-120    	; 0x3196 <UPDI::connect()+0x192>
    320e:	60 e2       	ldi	r22, 0x20	; 32
/Users/askn/Develop/UPDI4AVR-USB/src/updi.cpp:409
      D1PRINTF("<HVC:V%d>", _hvvar);
      SYS::hvc_enable();
      if (_hvvar == 0) {
        digitalWriteMacro(PIN_HVC_SELECT1, HIGH);
      }
      else if (_hvvar == 2) {
    3210:	70 e0       	ldi	r23, 0x00	; 0
    3212:	8f e2       	ldi	r24, 0x2F	; 47
    3214:	93 e6       	ldi	r25, 0x63	; 99
/Users/askn/Develop/UPDI4AVR-USB/src/updi.cpp:410
        digitalWriteMacro(PIN_HVC_SELECT3, HIGH);
    3216:	0e 94 59 07 	call	0xeb2	; 0xeb2 <UPDI::recv_bytes(unsigned char*, unsigned int)>
/Users/askn/Develop/UPDI4AVR-USB/src/usart.cpp:44
  }

  /*** Calculate the baud rate for VCP asynchronous mode. ***/
  uint16_t calk_baud_khz (uint16_t _khz) {
    uint32_t _baud = ((F_CPU / 1000L * 8L) / _khz + 1) / 2;
    if (_baud < 64) _baud = 64;
    321a:	88 23       	and	r24, r24
    321c:	99 f2       	breq	.-90     	; 0x31c4 <UPDI::connect()+0x1c0>
    321e:	8f e2       	ldi	r24, 0x2F	; 47
    3220:	93 e6       	ldi	r25, 0x63	; 99
    3222:	9f 93       	push	r25
/Users/askn/Develop/UPDI4AVR-USB/src/updi.cpp:434

    /* It will send a series of commands and check the response. */
    /* If the response is invalid, it will send a BREAK character and try again. */
    /* If UPDI does not respond, a timeout occurs. */
    while (!(send_bytes(_init, sizeof(_init)) && recv() && (RXDATA == UPDI_CTRLAV))) {
      send_break();
    3224:	8f 93       	push	r24
    3226:	80 91 39 63 	lds	r24, 0x6339	; 0x806339 <_sib+0xa>
/Users/askn/Develop/UPDI4AVR-USB/src/updi.cpp:439
    }

    /* Read the SIB from the ACC. */
    /* This can be done even on a locked device. */
    if (send_bytes(_sib256, sizeof(_sib256)) && recv_bytes(_sib, 32)) {
    322a:	1f 92       	push	r1
    322c:	8f 93       	push	r24
    322e:	8a ee       	ldi	r24, 0xEA	; 234
    3230:	99 e0       	ldi	r25, 0x09	; 9
    3232:	9f 93       	push	r25
    3234:	8f 93       	push	r24
    3236:	82 eb       	ldi	r24, 0xB2	; 178
    3238:	90 e6       	ldi	r25, 0x60	; 96
/Users/askn/Develop/UPDI4AVR-USB/src/updi.cpp:441
      size_t _result = 0;
      D1PRINTF(" NVM:%02X,SIB=\"%s\"\r\n", _sib[10], _sib);
    323a:	9f 93       	push	r25
    323c:	8f 93       	push	r24
    323e:	0e 94 89 0c 	call	0x1912	; 0x1912 <Print::printf(PGM_t const*, ...) [clone .constprop.17]>
    3242:	80 91 39 63 	lds	r24, 0x6339	; 0x806339 <_sib+0xa>
    3246:	2d b7       	in	r18, 0x3d	; 61
    3248:	3e b7       	in	r19, 0x3e	; 62
    324a:	28 5f       	subi	r18, 0xF8	; 248
    324c:	3f 4f       	sbci	r19, 0xFF	; 255
    324e:	2d bf       	out	0x3d, r18	; 61
    3250:	3e bf       	out	0x3e, r19	; 62
    3252:	86 33       	cpi	r24, 0x36	; 54
    3254:	61 f5       	brne	.+88     	; 0x32ae <UPDI::connect()+0x2aa>
setup():
    3256:	89 e0       	ldi	r24, 0x09	; 9
    3258:	9b e0       	ldi	r25, 0x0B	; 11
    325a:	80 93 4f 63 	sts	0x634F, r24	; 0x80634f <Command_Table>
/Users/askn/Develop/UPDI4AVR-USB/src/updi.cpp:443
      /* Depending on the SIB, different low-level methods are executed. */
      if      (_sib[10] == '6') _result = NVM::V6::setup();
    325e:	90 93 50 63 	sts	0x6350, r25	; 0x806350 <Command_Table+0x1>
    3262:	8e e5       	ldi	r24, 0x5E	; 94
    3264:	98 e0       	ldi	r25, 0x08	; 8
    3266:	80 93 51 63 	sts	0x6351, r24	; 0x806351 <Command_Table+0x2>
    326a:	90 93 52 63 	sts	0x6352, r25	; 0x806352 <Command_Table+0x3>
    326e:	80 e5       	ldi	r24, 0x50	; 80
    3270:	96 e1       	ldi	r25, 0x16	; 22
/Users/askn/Develop/UPDI4AVR-USB/src/nvmv6.cpp:187
      return UPDI::send_bytes_block(_dwAddr, _wLength);
    }
  }

  bool setup (void) {
    Command_Table.prog_init    = &prog_init;
    3272:	80 93 53 63 	sts	0x6353, r24	; 0x806353 <Command_Table+0x4>
    3276:	90 93 54 63 	sts	0x6354, r25	; 0x806354 <Command_Table+0x5>
    327a:	89 ee       	ldi	r24, 0xE9	; 233
    327c:	94 e1       	ldi	r25, 0x14	; 20
/Users/askn/Develop/UPDI4AVR-USB/src/nvmv6.cpp:188
    Command_Table.read_memory  = &read_memory;
    327e:	80 93 55 63 	sts	0x6355, r24	; 0x806355 <Command_Table+0x6>
    3282:	90 93 56 63 	sts	0x6356, r25	; 0x806356 <Command_Table+0x7>
connect():
    3286:	80 91 2f 63 	lds	r24, 0x632F	; 0x80632f <_sib>
/Users/askn/Develop/UPDI4AVR-USB/src/nvmv6.cpp:189
    Command_Table.erase_memory = &erase_memory;
    328a:	ef e2       	ldi	r30, 0x2F	; 47
    328c:	f3 e6       	ldi	r31, 0x63	; 99
    328e:	80 32       	cpi	r24, 0x20	; 32
    3290:	11 f4       	brne	.+4      	; 0x3296 <UPDI::connect()+0x292>
    3292:	e3 e3       	ldi	r30, 0x33	; 51
    3294:	f3 e6       	ldi	r31, 0x63	; 99
/Users/askn/Develop/UPDI4AVR-USB/src/nvmv6.cpp:190
    Command_Table.write_memory = &write_memory;
    3296:	84 e0       	ldi	r24, 0x04	; 4
    3298:	a4 ee       	ldi	r26, 0xE4	; 228
/Users/askn/Develop/UPDI4AVR-USB/src/nvmv0.cpp:174

  bool setup (void) {
    Command_Table.prog_init    = &prog_init;
    Command_Table.read_memory  = &read_memory;
    Command_Table.erase_memory = &erase_memory;
    Command_Table.write_memory = &write_memory;
    329a:	b0 e6       	ldi	r27, 0x60	; 96
    329c:	01 90       	ld	r0, Z+
    329e:	0d 92       	st	X+, r0
    32a0:	8a 95       	dec	r24
/Users/askn/Develop/UPDI4AVR-USB/src/updi.cpp:452
      else if (_sib[10] == '2') _result = NVM::V2::setup();
      else if (_sib[10] == '0') _result = NVM::V0::setup();
      if (_result) {
        /* If the SIB is obtained, the first 4-characters are returned. */
        /* If the 1st character is blank, the next 4-characters are returned. */
        memcpy(&packet.in.data[0], _sib[0] == ' ' ? &_sib[4] : &_sib[0], 4);
    32a2:	e1 f7       	brne	.-8      	; 0x329c <UPDI::connect()+0x298>
    32a4:	f8 9a       	sbi	0x1f, 0	; 31
    32a6:	85 e0       	ldi	r24, 0x05	; 5
    32a8:	90 e0       	ldi	r25, 0x00	; 0
    32aa:	cf 91       	pop	r28
    32ac:	08 95       	ret
    32ae:	85 33       	cpi	r24, 0x35	; 53
    32b0:	a9 f4       	brne	.+42     	; 0x32dc <UPDI::connect()+0x2d8>
setup():
    32b2:	85 e6       	ldi	r24, 0x65	; 101
    32b4:	9b e0       	ldi	r25, 0x0B	; 11
    32b6:	80 93 4f 63 	sts	0x634F, r24	; 0x80634f <Command_Table>
    32ba:	90 93 50 63 	sts	0x6350, r25	; 0x806350 <Command_Table+0x1>
    32be:	8d e5       	ldi	r24, 0x5D	; 93
/Users/askn/Develop/UPDI4AVR-USB/src/updi.cpp:453
        bit_set(PGCONF, PGCONF_UPDI_bp);
    32c0:	98 e0       	ldi	r25, 0x08	; 8
/Users/askn/Develop/UPDI4AVR-USB/src/updi.cpp:454
        return 5;
    32c2:	80 93 51 63 	sts	0x6351, r24	; 0x806351 <Command_Table+0x2>
/Users/askn/Develop/UPDI4AVR-USB/src/updi.cpp:459
      }
    }
    D1PRINTF(" FAIL:%02X,%02X\r\n", RXSTAT, RXDATA);
    return 0;
  }
    32c6:	90 93 52 63 	sts	0x6352, r25	; 0x806352 <Command_Table+0x3>
/Users/askn/Develop/UPDI4AVR-USB/src/updi.cpp:444
    if (send_bytes(_sib256, sizeof(_sib256)) && recv_bytes(_sib, 32)) {
      size_t _result = 0;
      D1PRINTF(" NVM:%02X,SIB=\"%s\"\r\n", _sib[10], _sib);
      /* Depending on the SIB, different low-level methods are executed. */
      if      (_sib[10] == '6') _result = NVM::V6::setup();
      else if (_sib[10] == '5') _result = NVM::V5::setup();
    32ca:	81 e2       	ldi	r24, 0x21	; 33
    32cc:	96 e1       	ldi	r25, 0x16	; 22
/Users/askn/Develop/UPDI4AVR-USB/src/nvmv5.cpp:165
    }
  }

  bool setup (void) {
    Command_Table.prog_init    = &prog_init;
    32ce:	80 93 53 63 	sts	0x6353, r24	; 0x806353 <Command_Table+0x4>
    32d2:	90 93 54 63 	sts	0x6354, r25	; 0x806354 <Command_Table+0x5>
    32d6:	82 e9       	ldi	r24, 0x92	; 146
    32d8:	94 e1       	ldi	r25, 0x14	; 20
/Users/askn/Develop/UPDI4AVR-USB/src/nvmv5.cpp:166
    Command_Table.read_memory  = &read_memory;
    32da:	d1 cf       	rjmp	.-94     	; 0x327e <UPDI::connect()+0x27a>
connect():
    32dc:	84 33       	cpi	r24, 0x34	; 52
    32de:	a9 f4       	brne	.+42     	; 0x330a <UPDI::connect()+0x306>
setup():
    32e0:	87 e5       	ldi	r24, 0x57	; 87
    32e2:	9b e0       	ldi	r25, 0x0B	; 11
    32e4:	80 93 4f 63 	sts	0x634F, r24	; 0x80634f <Command_Table>
/Users/askn/Develop/UPDI4AVR-USB/src/nvmv5.cpp:167
    Command_Table.erase_memory = &erase_memory;
    32e8:	90 93 50 63 	sts	0x6350, r25	; 0x806350 <Command_Table+0x1>
    32ec:	8e e2       	ldi	r24, 0x2E	; 46
    32ee:	98 e0       	ldi	r25, 0x08	; 8
    32f0:	80 93 51 63 	sts	0x6351, r24	; 0x806351 <Command_Table+0x2>
/Users/askn/Develop/UPDI4AVR-USB/src/nvmv5.cpp:168
    Command_Table.write_memory = &write_memory;
    32f4:	90 93 52 63 	sts	0x6352, r25	; 0x806352 <Command_Table+0x3>
/Users/askn/Develop/UPDI4AVR-USB/src/updi.cpp:445
      else if (_sib[10] == '4') _result = NVM::V4::setup();
    32f8:	89 e3       	ldi	r24, 0x39	; 57
    32fa:	96 e1       	ldi	r25, 0x16	; 22
/Users/askn/Develop/UPDI4AVR-USB/src/nvmv4.cpp:187
      return UPDI::send_bytes_block(_dwAddr, _wLength);
    }
  }

  bool setup (void) {
    Command_Table.prog_init    = &prog_init;
    32fc:	80 93 53 63 	sts	0x6353, r24	; 0x806353 <Command_Table+0x4>
    3300:	90 93 54 63 	sts	0x6354, r25	; 0x806354 <Command_Table+0x5>
    3304:	88 e0       	ldi	r24, 0x08	; 8
    3306:	94 e1       	ldi	r25, 0x14	; 20
/Users/askn/Develop/UPDI4AVR-USB/src/nvmv4.cpp:188
    Command_Table.read_memory  = &read_memory;
    3308:	ba cf       	rjmp	.-140    	; 0x327e <UPDI::connect()+0x27a>
connect():
    330a:	83 33       	cpi	r24, 0x33	; 51
    330c:	a9 f4       	brne	.+42     	; 0x3338 <UPDI::connect()+0x334>
setup():
    330e:	8d e5       	ldi	r24, 0x5D	; 93
    3310:	9b e0       	ldi	r25, 0x0B	; 11
    3312:	80 93 4f 63 	sts	0x634F, r24	; 0x80634f <Command_Table>
/Users/askn/Develop/UPDI4AVR-USB/src/nvmv4.cpp:189
    Command_Table.erase_memory = &erase_memory;
    3316:	90 93 50 63 	sts	0x6350, r25	; 0x806350 <Command_Table+0x1>
    331a:	8d e2       	ldi	r24, 0x2D	; 45
    331c:	98 e0       	ldi	r25, 0x08	; 8
    331e:	80 93 51 63 	sts	0x6351, r24	; 0x806351 <Command_Table+0x2>
/Users/askn/Develop/UPDI4AVR-USB/src/nvmv4.cpp:190
    Command_Table.write_memory = &write_memory;
    3322:	90 93 52 63 	sts	0x6352, r25	; 0x806352 <Command_Table+0x3>
/Users/askn/Develop/UPDI4AVR-USB/src/updi.cpp:446
      else if (_sib[10] == '3') _result = NVM::V3::setup();
    3326:	80 e2       	ldi	r24, 0x20	; 32
    3328:	96 e1       	ldi	r25, 0x16	; 22
/Users/askn/Develop/UPDI4AVR-USB/src/nvmv3.cpp:162
    }
  }

  bool setup (void) {
    Command_Table.prog_init    = &prog_init;
    332a:	80 93 53 63 	sts	0x6353, r24	; 0x806353 <Command_Table+0x4>
    332e:	90 93 54 63 	sts	0x6354, r25	; 0x806354 <Command_Table+0x5>
    3332:	81 eb       	ldi	r24, 0xB1	; 177
    3334:	93 e1       	ldi	r25, 0x13	; 19
/Users/askn/Develop/UPDI4AVR-USB/src/nvmv3.cpp:163
    Command_Table.read_memory  = &read_memory;
    3336:	a3 cf       	rjmp	.-186    	; 0x327e <UPDI::connect()+0x27a>
connect():
    3338:	82 33       	cpi	r24, 0x32	; 50
    333a:	a9 f4       	brne	.+42     	; 0x3366 <UPDI::connect()+0x362>
setup():
    333c:	8b ef       	ldi	r24, 0xFB	; 251
    333e:	9b e0       	ldi	r25, 0x0B	; 11
    3340:	80 93 4f 63 	sts	0x634F, r24	; 0x80634f <Command_Table>
/Users/askn/Develop/UPDI4AVR-USB/src/nvmv3.cpp:164
    Command_Table.erase_memory = &erase_memory;
    3344:	90 93 50 63 	sts	0x6350, r25	; 0x806350 <Command_Table+0x1>
    3348:	8f ef       	ldi	r24, 0xFF	; 255
    334a:	97 e0       	ldi	r25, 0x07	; 7
    334c:	80 93 51 63 	sts	0x6351, r24	; 0x806351 <Command_Table+0x2>
/Users/askn/Develop/UPDI4AVR-USB/src/nvmv3.cpp:165
    Command_Table.write_memory = &write_memory;
    3350:	90 93 52 63 	sts	0x6352, r25	; 0x806352 <Command_Table+0x3>
/Users/askn/Develop/UPDI4AVR-USB/src/updi.cpp:447
      else if (_sib[10] == '2') _result = NVM::V2::setup();
    3354:	82 e2       	ldi	r24, 0x22	; 34
    3356:	96 e1       	ldi	r25, 0x16	; 22
/Users/askn/Develop/UPDI4AVR-USB/src/nvmv2.cpp:184
      return UPDI::send_bytes_block(_dwAddr, _wLength);
    }
  }

  bool setup (void) {
    Command_Table.prog_init    = &prog_init;
    3358:	80 93 53 63 	sts	0x6353, r24	; 0x806353 <Command_Table+0x4>
    335c:	90 93 54 63 	sts	0x6354, r25	; 0x806354 <Command_Table+0x5>
    3360:	82 e3       	ldi	r24, 0x32	; 50
    3362:	93 e1       	ldi	r25, 0x13	; 19
/Users/askn/Develop/UPDI4AVR-USB/src/nvmv2.cpp:185
    Command_Table.read_memory  = &read_memory;
    3364:	8c cf       	rjmp	.-232    	; 0x327e <UPDI::connect()+0x27a>
connect():
    3366:	80 33       	cpi	r24, 0x30	; 48
    3368:	09 f0       	breq	.+2      	; 0x336c <UPDI::connect()+0x368>
    336a:	2c cf       	rjmp	.-424    	; 0x31c4 <UPDI::connect()+0x1c0>
setup():
    336c:	8a ed       	ldi	r24, 0xDA	; 218
    336e:	9b e0       	ldi	r25, 0x0B	; 11
/Users/askn/Develop/UPDI4AVR-USB/src/nvmv2.cpp:186
    Command_Table.erase_memory = &erase_memory;
    3370:	80 93 4f 63 	sts	0x634F, r24	; 0x80634f <Command_Table>
    3374:	90 93 50 63 	sts	0x6350, r25	; 0x806350 <Command_Table+0x1>
    3378:	84 ed       	ldi	r24, 0xD4	; 212
    337a:	97 e0       	ldi	r25, 0x07	; 7
/Users/askn/Develop/UPDI4AVR-USB/src/nvmv2.cpp:187
    Command_Table.write_memory = &write_memory;
    337c:	80 93 51 63 	sts	0x6351, r24	; 0x806351 <Command_Table+0x2>
    3380:	90 93 52 63 	sts	0x6352, r25	; 0x806352 <Command_Table+0x3>
/Users/askn/Develop/UPDI4AVR-USB/src/updi.cpp:448
      else if (_sib[10] == '0') _result = NVM::V0::setup();
    3384:	86 e1       	ldi	r24, 0x16	; 22
    3386:	96 e1       	ldi	r25, 0x16	; 22
/Users/askn/Develop/UPDI4AVR-USB/src/nvmv0.cpp:171
      return UPDI::send_bytes_block(_wAddr, _wLength);
    }
  }

  bool setup (void) {
    Command_Table.prog_init    = &prog_init;
    3388:	80 93 53 63 	sts	0x6353, r24	; 0x806353 <Command_Table+0x4>
    338c:	90 93 54 63 	sts	0x6354, r25	; 0x806354 <Command_Table+0x5>
    3390:	80 e7       	ldi	r24, 0x70	; 112
    3392:	92 e1       	ldi	r25, 0x12	; 18
/Users/askn/Develop/UPDI4AVR-USB/src/nvmv0.cpp:172
    Command_Table.read_memory  = &read_memory;
    3394:	74 cf       	rjmp	.-280    	; 0x327e <UPDI::connect()+0x27a>

00003396 <TPI::write_memory()>:
write_memory():
    3396:	2f 92       	push	r2
    3398:	3f 92       	push	r3
    339a:	4f 92       	push	r4
    339c:	5f 92       	push	r5
    339e:	6f 92       	push	r6
/Users/askn/Develop/UPDI4AVR-USB/src/nvmv0.cpp:173
    Command_Table.erase_memory = &erase_memory;
    33a0:	7f 92       	push	r7
    33a2:	8f 92       	push	r8
    33a4:	9f 92       	push	r9
    33a6:	af 92       	push	r10
    33a8:	bf 92       	push	r11
    33aa:	cf 92       	push	r12
/Users/askn/Develop/UPDI4AVR-USB/src/nvmv0.cpp:174
    Command_Table.write_memory = &write_memory;
    33ac:	df 92       	push	r13
    33ae:	ef 92       	push	r14
    33b0:	ff 92       	push	r15
/Users/askn/Develop/UPDI4AVR-USB/src/tpi.cpp:165
    }
    D1PRINTHEX(&packet.in.data, _wLength);
    return _wLength;
  }

  size_t write_memory (void) {
    33b2:	0f 93       	push	r16
    33b4:	1f 93       	push	r17
    33b6:	cf 93       	push	r28
    33b8:	df 93       	push	r29
    33ba:	90 90 e3 60 	lds	r9, 0x60E3	; 0x8060e3 <packet+0x6>
bswap16():
    33be:	00 91 e7 60 	lds	r16, 0x60E7	; 0x8060e7 <packet+0xa>
    33c2:	10 91 e8 60 	lds	r17, 0x60E8	; 0x8060e8 <packet+0xb>
    33c6:	10 27       	eor	r17, r16
    33c8:	01 27       	eor	r16, r17
    33ca:	10 27       	eor	r17, r16
    33cc:	e0 90 e9 60 	lds	r14, 0x60E9	; 0x8060e9 <packet+0xc>
    33d0:	f0 90 ea 60 	lds	r15, 0x60EA	; 0x8060ea <packet+0xd>
    33d4:	fe 24       	eor	r15, r14
/Users/askn/Develop/UPDI4AVR-USB/src/tpi.cpp:166
    uint8_t   m_type = packet.out.tpi.read.bMType;
    33d6:	ef 24       	eor	r14, r15
    33d8:	fe 24       	eor	r15, r14
write_memory():
/Users/askn/Library/Arduino15/packages/MultiX-Zinnia/hardware/modernAVR/0.4.5/cores/modernAVR/api/cpp/btools.cpp:45
//
// Byte convert
//

uint16_t bswap16 (uint16_t _word) {
  return __builtin_bswap16(_word);
    33da:	80 91 db 60 	lds	r24, 0x60DB	; 0x8060db <_tpi_chunks>
    33de:	81 50       	subi	r24, 0x01	; 1
    33e0:	99 0b       	sbc	r25, r25
    33e2:	cb ee       	ldi	r28, 0xEB	; 235
    33e4:	d0 e6       	ldi	r29, 0x60	; 96
    33e6:	2f ef       	ldi	r18, 0xFF	; 255
    33e8:	ac 01       	movw	r20, r24
    33ea:	40 23       	and	r20, r16
    33ec:	51 23       	and	r21, r17
    33ee:	45 2b       	or	r20, r21
    33f0:	79 f4       	brne	.+30     	; 0x3410 <TPI::write_memory()+0x7a>
    33f2:	2f ef       	ldi	r18, 0xFF	; 255
    33f4:	6c 01       	movw	r12, r24
/Users/askn/Develop/UPDI4AVR-USB/src/tpi.cpp:174
    uint8_t *_p = &packet.out.tpi.write.memData[0];
    bool _result = true;

    /* To accommodate older host programs, */
    /* the address must be aligned to the top of the page. */
    while (_dwAddr & (_tpi_chunks - 1)) {
    33f6:	ce 20       	and	r12, r14
    33f8:	df 20       	and	r13, r15
    33fa:	c1 14       	cp	r12, r1
    33fc:	d1 04       	cpc	r13, r1
/Users/askn/Develop/UPDI4AVR-USB/src/tpi.cpp:169

  size_t write_memory (void) {
    uint8_t   m_type = packet.out.tpi.read.bMType;
    uint16_t _dwAddr = bswap16(_CAPS32(packet.out.tpi.write.dwAddr)->words[1]);
    size_t  _wLength = bswap16(packet.out.tpi.write.wLength);
    uint8_t *_p = &packet.out.tpi.write.memData[0];
    33fe:	79 f0       	breq	.+30     	; 0x341e <TPI::write_memory()+0x88>
    3400:	f8 01       	movw	r30, r16
/Users/askn/Develop/UPDI4AVR-USB/src/tpi.cpp:178
    /* the address must be aligned to the top of the page. */
    while (_dwAddr & (_tpi_chunks - 1)) {
      _dwAddr--;
      _wLength++;
      --_p;
      *_p = 0xFF;     /* NAND masked dummy bytes */
    3402:	ee 0d       	add	r30, r14
/Users/askn/Develop/UPDI4AVR-USB/src/tpi.cpp:174
    uint8_t *_p = &packet.out.tpi.write.memData[0];
    bool _result = true;

    /* To accommodate older host programs, */
    /* the address must be aligned to the top of the page. */
    while (_dwAddr & (_tpi_chunks - 1)) {
    3404:	ff 1d       	adc	r31, r15
    3406:	20 83       	st	Z, r18
    3408:	ef ef       	ldi	r30, 0xFF	; 255
    340a:	ee 1a       	sub	r14, r30
    340c:	fe 0a       	sbc	r15, r30
/Users/askn/Develop/UPDI4AVR-USB/src/tpi.cpp:181
      _wLength++;
      --_p;
      *_p = 0xFF;     /* NAND masked dummy bytes */
    }
    while (_wLength & (_tpi_chunks - 1)) {
      *((uint8_t*)(_dwAddr + _wLength)) = 0xFF;
    340e:	f2 cf       	rjmp	.-28     	; 0x33f4 <TPI::write_memory()+0x5e>
/Users/askn/Develop/UPDI4AVR-USB/src/tpi.cpp:180
      _dwAddr--;
      _wLength++;
      --_p;
      *_p = 0xFF;     /* NAND masked dummy bytes */
    }
    while (_wLength & (_tpi_chunks - 1)) {
    3410:	01 50       	subi	r16, 0x01	; 1
    3412:	11 09       	sbc	r17, r1
    3414:	3f ef       	ldi	r19, 0xFF	; 255
    3416:	e3 1a       	sub	r14, r19
    3418:	f3 0a       	sbc	r15, r19
    341a:	2a 93       	st	-Y, r18
/Users/askn/Develop/UPDI4AVR-USB/src/tpi.cpp:181
      *((uint8_t*)(_dwAddr + _wLength)) = 0xFF;
    341c:	e5 cf       	rjmp	.-54     	; 0x33e8 <TPI::write_memory()+0x52>
    341e:	ff 92       	push	r15
    3420:	ef 92       	push	r14
    3422:	1f 93       	push	r17
/Users/askn/Develop/UPDI4AVR-USB/src/tpi.cpp:182
      _wLength++;
    3424:	0f 93       	push	r16
    3426:	8f ec       	ldi	r24, 0xCF	; 207
    3428:	98 e0       	ldi	r25, 0x08	; 8
    342a:	9f 93       	push	r25
/Users/askn/Develop/UPDI4AVR-USB/src/tpi.cpp:175
    bool _result = true;

    /* To accommodate older host programs, */
    /* the address must be aligned to the top of the page. */
    while (_dwAddr & (_tpi_chunks - 1)) {
      _dwAddr--;
    342c:	8f 93       	push	r24
    342e:	22 eb       	ldi	r18, 0xB2	; 178
/Users/askn/Develop/UPDI4AVR-USB/src/tpi.cpp:176
      _wLength++;
    3430:	a2 2e       	mov	r10, r18
    3432:	20 e6       	ldi	r18, 0x60	; 96
    3434:	b2 2e       	mov	r11, r18
/Users/askn/Develop/UPDI4AVR-USB/src/tpi.cpp:178
      --_p;
      *_p = 0xFF;     /* NAND masked dummy bytes */
    3436:	bf 92       	push	r11
    3438:	af 92       	push	r10
/Users/askn/Develop/UPDI4AVR-USB/src/tpi.cpp:184
    }
    while (_wLength & (_tpi_chunks - 1)) {
      *((uint8_t*)(_dwAddr + _wLength)) = 0xFF;
      _wLength++;
    }
    D1PRINTF(" WRITE=%04X:%d ", _dwAddr, _wLength);
    343a:	0e 94 89 0c 	call	0x1912	; 0x1912 <Print::printf(PGM_t const*, ...) [clone .constprop.17]>
    343e:	b7 01       	movw	r22, r14
    3440:	ce 01       	movw	r24, r28
    3442:	0e 94 2f 0c 	call	0x185e	; 0x185e <Print::printHex(void const*, unsigned int, char, unsigned int, char const*) [clone .constprop.14]>
    3446:	0e 94 7d 0c 	call	0x18fa	; 0x18fa <Print::ln()>
    344a:	8d b7       	in	r24, 0x3d	; 61
    344c:	9e b7       	in	r25, 0x3e	; 62
    344e:	08 96       	adiw	r24, 0x08	; 8
    3450:	8d bf       	out	0x3d, r24	; 61
    3452:	9e bf       	out	0x3e, r25	; 62
    3454:	91 e0       	ldi	r25, 0x01	; 1
    3456:	99 12       	cpse	r9, r25
    3458:	71 c0       	rjmp	.+226    	; 0x353c <TPI::write_memory()+0x1a6>
/Users/askn/Develop/UPDI4AVR-USB/src/tpi.cpp:185
    D1PRINTHEX(_p, _wLength);
    345a:	91 2c       	mov	r9, r1
    345c:	81 2c       	mov	r8, r1
    345e:	81 ea       	ldi	r24, 0xA1	; 161
    3460:	48 2e       	mov	r4, r24
    3462:	88 e0       	ldi	r24, 0x08	; 8
    3464:	58 2e       	mov	r5, r24
/Users/askn/Develop/UPDI4AVR-USB/src/tpi.cpp:190

    /* For the flash code area, the page erase can be */
    /* omitted if the chip has already been erased.   */
    /* 0x01: XPRG_MEM_TYPE_APPL */
    if (m_type != 0x01) {
    3466:	92 eb       	ldi	r25, 0xB2	; 178
    3468:	69 2e       	mov	r6, r25
    346a:	90 e6       	ldi	r25, 0x60	; 96
    346c:	79 2e       	mov	r7, r25
    346e:	8e 14       	cp	r8, r14
    3470:	9f 04       	cpc	r9, r15
    3472:	08 f0       	brcs	.+2      	; 0x3476 <TPI::write_memory()+0xe0>
    3474:	c6 c0       	rjmp	.+396    	; 0x3602 <TPI::write_memory()+0x26c>
/Users/askn/Develop/UPDI4AVR-USB/src/tpi.cpp:169

  size_t write_memory (void) {
    uint8_t   m_type = packet.out.tpi.read.bMType;
    uint16_t _dwAddr = bswap16(_CAPS32(packet.out.tpi.write.dwAddr)->words[1]);
    size_t  _wLength = bswap16(packet.out.tpi.write.wLength);
    uint8_t *_p = &packet.out.tpi.write.memData[0];
    3476:	80 91 db 60 	lds	r24, 0x60DB	; 0x8060db <_tpi_chunks>
/Users/askn/Develop/UPDI4AVR-USB/src/tpi.cpp:204
      if (!_result) return 0;
    }

    /* WRITE_PAGE */
    for (size_t _i = 0; _i < _wLength; _i += _tpi_chunks) {
      D1PRINTF(" CODE_WRITE=%04X:%02X\r\n", _dwAddr, _tpi_chunks);
    347a:	1f 92       	push	r1
    347c:	8f 93       	push	r24
    347e:	1f 93       	push	r17
    3480:	0f 93       	push	r16
    3482:	5f 92       	push	r5
    3484:	4f 92       	push	r4
    3486:	7f 92       	push	r7
    3488:	6f 92       	push	r6
/Users/askn/Develop/UPDI4AVR-USB/src/tpi.cpp:203
        && nvm_ctrl(0x00);
      if (!_result) return 0;
    }

    /* WRITE_PAGE */
    for (size_t _i = 0; _i < _wLength; _i += _tpi_chunks) {
    348a:	0e 94 89 0c 	call	0x1912	; 0x1912 <Print::printf(PGM_t const*, ...) [clone .constprop.17]>
    348e:	0e 94 be 08 	call	0x117c	; 0x117c <TPI::nvm_wait()>
/Users/askn/Develop/UPDI4AVR-USB/src/tpi.cpp:204
      D1PRINTF(" CODE_WRITE=%04X:%02X\r\n", _dwAddr, _tpi_chunks);
    3492:	38 2e       	mov	r3, r24
    3494:	ed b7       	in	r30, 0x3d	; 61
    3496:	fe b7       	in	r31, 0x3e	; 62
    3498:	38 96       	adiw	r30, 0x08	; 8
    349a:	ed bf       	out	0x3d, r30	; 61
    349c:	fe bf       	out	0x3e, r31	; 62
    349e:	88 23       	and	r24, r24
    34a0:	99 f0       	breq	.+38     	; 0x34c8 <TPI::write_memory()+0x132>
    34a2:	c8 01       	movw	r24, r16
    34a4:	0e 94 dc 08 	call	0x11b8	; 0x11b8 <TPI::set_sstpr(unsigned int)>
    34a8:	38 2e       	mov	r3, r24
/Users/askn/Develop/UPDI4AVR-USB/src/tpi.cpp:205
      _result &= nvm_wait()
    34aa:	88 23       	and	r24, r24
    34ac:	69 f0       	breq	.+26     	; 0x34c8 <TPI::write_memory()+0x132>
    34ae:	8d e1       	ldi	r24, 0x1D	; 29
/Users/askn/Develop/UPDI4AVR-USB/src/tpi.cpp:209
              && set_sstpr(_dwAddr)
              && nvm_ctrl(0x1D)
              && set_sst(*_p++)
              && set_sst(*_p++);
    34b0:	0e 94 b2 08 	call	0x1164	; 0x1164 <TPI::nvm_ctrl(unsigned char)>
    34b4:	38 2e       	mov	r3, r24
    34b6:	88 23       	and	r24, r24
    34b8:	39 f0       	breq	.+14     	; 0x34c8 <TPI::write_memory()+0x132>
    34ba:	88 81       	ld	r24, Y
    34bc:	0e 94 ca 08 	call	0x1194	; 0x1194 <TPI::set_sst(unsigned char)>
/Users/askn/Develop/UPDI4AVR-USB/src/tpi.cpp:206

    /* WRITE_PAGE */
    for (size_t _i = 0; _i < _wLength; _i += _tpi_chunks) {
      D1PRINTF(" CODE_WRITE=%04X:%02X\r\n", _dwAddr, _tpi_chunks);
      _result &= nvm_wait()
              && set_sstpr(_dwAddr)
    34c0:	38 2e       	mov	r3, r24
    34c2:	81 11       	cpse	r24, r1
    34c4:	7e c0       	rjmp	.+252    	; 0x35c2 <TPI::write_memory()+0x22c>
    34c6:	21 96       	adiw	r28, 0x01	; 1
    34c8:	20 90 db 60 	lds	r2, 0x60DB	; 0x8060db <_tpi_chunks>
/Users/askn/Develop/UPDI4AVR-USB/src/tpi.cpp:207
              && nvm_ctrl(0x1D)
    34cc:	33 e0       	ldi	r19, 0x03	; 3
    34ce:	32 15       	cp	r19, r2
    34d0:	48 f5       	brcc	.+82     	; 0x3524 <TPI::write_memory()+0x18e>
    34d2:	80 e1       	ldi	r24, 0x10	; 16
    34d4:	90 e0       	ldi	r25, 0x00	; 0
/Users/askn/Develop/UPDI4AVR-USB/src/tpi.cpp:208
              && set_sst(*_p++)
    34d6:	0e 94 f4 08 	call	0x11e8	; 0x11e8 <TPI::idle_clock(unsigned int)>
    34da:	88 81       	ld	r24, Y
    34dc:	0e 94 ca 08 	call	0x1194	; 0x1194 <TPI::set_sst(unsigned char)>
    34e0:	81 11       	cpse	r24, r1
    34e2:	79 c0       	rjmp	.+242    	; 0x35d6 <TPI::write_memory()+0x240>
/Users/askn/Develop/UPDI4AVR-USB/src/tpi.cpp:211
              && set_sst(*_p++);
      /* The 2-word or 4-word write model requires a 12-bit wait for each word written. */
      if (_tpi_chunks >= 4) {
    34e4:	21 96       	adiw	r28, 0x01	; 1
    34e6:	38 22       	and	r3, r24
    34e8:	98 e0       	ldi	r25, 0x08	; 8
    34ea:	29 12       	cpse	r2, r25
    34ec:	1b c0       	rjmp	.+54     	; 0x3524 <TPI::write_memory()+0x18e>
/Users/askn/Develop/UPDI4AVR-USB/src/tpi.cpp:212
        idle_clock(16);
    34ee:	80 e1       	ldi	r24, 0x10	; 16
    34f0:	90 e0       	ldi	r25, 0x00	; 0
    34f2:	0e 94 f4 08 	call	0x11e8	; 0x11e8 <TPI::idle_clock(unsigned int)>
/Users/askn/Develop/UPDI4AVR-USB/src/tpi.cpp:213
        _result &= set_sst(*_p++) && set_sst(*_p++);
    34f6:	88 81       	ld	r24, Y
    34f8:	0e 94 ca 08 	call	0x1194	; 0x1194 <TPI::set_sst(unsigned char)>
    34fc:	5e 01       	movw	r10, r28
    34fe:	81 11       	cpse	r24, r1
    3500:	73 c0       	rjmp	.+230    	; 0x35e8 <TPI::write_memory()+0x252>
    3502:	ef ef       	ldi	r30, 0xFF	; 255
/Users/askn/Develop/UPDI4AVR-USB/src/tpi.cpp:215
      }
      if (_tpi_chunks == 8) {
    3504:	ae 1a       	sub	r10, r30
    3506:	be 0a       	sbc	r11, r30
    3508:	38 22       	and	r3, r24
/Users/askn/Develop/UPDI4AVR-USB/src/tpi.cpp:216
        idle_clock(16);
    350a:	80 e1       	ldi	r24, 0x10	; 16
    350c:	90 e0       	ldi	r25, 0x00	; 0
    350e:	0e 94 f4 08 	call	0x11e8	; 0x11e8 <TPI::idle_clock(unsigned int)>
/Users/askn/Develop/UPDI4AVR-USB/src/tpi.cpp:217
        _result &= set_sst(*_p++) && set_sst(*_p++);
    3512:	f5 01       	movw	r30, r10
    3514:	80 81       	ld	r24, Z
    3516:	0e 94 ca 08 	call	0x1194	; 0x1194 <TPI::set_sst(unsigned char)>
    351a:	e5 01       	movw	r28, r10
    351c:	81 11       	cpse	r24, r1
    351e:	6b c0       	rjmp	.+214    	; 0x35f6 <TPI::write_memory()+0x260>
    3520:	21 96       	adiw	r28, 0x01	; 1
    3522:	38 22       	and	r3, r24
    3524:	0e 94 be 08 	call	0x117c	; 0x117c <TPI::nvm_wait()>
/Users/askn/Develop/UPDI4AVR-USB/src/tpi.cpp:218
        idle_clock(16);
    3528:	33 20       	and	r3, r3
    352a:	b9 f1       	breq	.+110    	; 0x359a <TPI::write_memory()+0x204>
    352c:	88 23       	and	r24, r24
/Users/askn/Develop/UPDI4AVR-USB/src/tpi.cpp:219
        _result &= set_sst(*_p++) && set_sst(*_p++);
    352e:	a9 f1       	breq	.+106    	; 0x359a <TPI::write_memory()+0x204>
    3530:	31 2c       	mov	r3, r1
    3532:	02 0d       	add	r16, r2
    3534:	13 1d       	adc	r17, r3
    3536:	82 0c       	add	r8, r2
    3538:	93 1c       	adc	r9, r3
    353a:	99 cf       	rjmp	.-206    	; 0x346e <TPI::write_memory()+0xd8>
    353c:	48 01       	movw	r8, r16
    353e:	68 94       	set
/Users/askn/Develop/UPDI4AVR-USB/src/tpi.cpp:221
      }
      _result &= nvm_wait();
    3540:	80 f8       	bld	r8, 0
    3542:	9f 92       	push	r9
/Users/askn/Develop/UPDI4AVR-USB/src/tpi.cpp:222
      if (!_result) return 0;
    3544:	8f 92       	push	r8
    3546:	89 eb       	ldi	r24, 0xB9	; 185
    3548:	98 e0       	ldi	r25, 0x08	; 8
    354a:	9f 93       	push	r25
/Users/askn/Develop/UPDI4AVR-USB/src/tpi.cpp:223
      _dwAddr += _tpi_chunks;
    354c:	8f 93       	push	r24
    354e:	bf 92       	push	r11
    3550:	af 92       	push	r10
/Users/askn/Develop/UPDI4AVR-USB/src/tpi.cpp:203
        && nvm_ctrl(0x00);
      if (!_result) return 0;
    }

    /* WRITE_PAGE */
    for (size_t _i = 0; _i < _wLength; _i += _tpi_chunks) {
    3552:	0e 94 89 0c 	call	0x1912	; 0x1912 <Print::printf(PGM_t const*, ...) [clone .constprop.17]>
    3556:	0e 94 be 08 	call	0x117c	; 0x117c <TPI::nvm_wait()>
/Users/askn/Develop/UPDI4AVR-USB/src/tpi.cpp:192
    /* For the flash code area, the page erase can be */
    /* omitted if the chip has already been erased.   */
    /* 0x01: XPRG_MEM_TYPE_APPL */
    if (m_type != 0x01) {
      /* SECTION_ERASE */
      D1PRINTF(" SECTION_ERASE=%04X\r\n", _dwAddr | 1);
    355a:	0f 90       	pop	r0
    355c:	0f 90       	pop	r0
    355e:	0f 90       	pop	r0
    3560:	0f 90       	pop	r0
    3562:	0f 90       	pop	r0
    3564:	0f 90       	pop	r0
    3566:	88 23       	and	r24, r24
    3568:	c1 f0       	breq	.+48     	; 0x359a <TPI::write_memory()+0x204>
    356a:	c4 01       	movw	r24, r8
    356c:	0e 94 dc 08 	call	0x11b8	; 0x11b8 <TPI::set_sstpr(unsigned int)>
    3570:	88 23       	and	r24, r24
/Users/askn/Develop/UPDI4AVR-USB/src/tpi.cpp:193
      _result &= nvm_wait()
    3572:	99 f0       	breq	.+38     	; 0x359a <TPI::write_memory()+0x204>
    3574:	84 e1       	ldi	r24, 0x14	; 20
/Users/askn/Develop/UPDI4AVR-USB/src/tpi.cpp:198
        && set_sstpr(_dwAddr | 1)
        && nvm_ctrl(0x14)
        && set_sst(0xFF)
        && nvm_wait()
        && nvm_ctrl(0x00);
    3576:	0e 94 b2 08 	call	0x1164	; 0x1164 <TPI::nvm_ctrl(unsigned char)>
    357a:	88 23       	and	r24, r24
    357c:	71 f0       	breq	.+28     	; 0x359a <TPI::write_memory()+0x204>
    357e:	8f ef       	ldi	r24, 0xFF	; 255
    3580:	0e 94 ca 08 	call	0x1194	; 0x1194 <TPI::set_sst(unsigned char)>
    3584:	88 23       	and	r24, r24
/Users/askn/Develop/UPDI4AVR-USB/src/tpi.cpp:194
    /* 0x01: XPRG_MEM_TYPE_APPL */
    if (m_type != 0x01) {
      /* SECTION_ERASE */
      D1PRINTF(" SECTION_ERASE=%04X\r\n", _dwAddr | 1);
      _result &= nvm_wait()
        && set_sstpr(_dwAddr | 1)
    3586:	49 f0       	breq	.+18     	; 0x359a <TPI::write_memory()+0x204>
    3588:	0e 94 be 08 	call	0x117c	; 0x117c <TPI::nvm_wait()>
    358c:	88 23       	and	r24, r24
    358e:	29 f0       	breq	.+10     	; 0x359a <TPI::write_memory()+0x204>
/Users/askn/Develop/UPDI4AVR-USB/src/tpi.cpp:195
        && nvm_ctrl(0x14)
    3590:	80 e0       	ldi	r24, 0x00	; 0
    3592:	0e 94 b2 08 	call	0x1164	; 0x1164 <TPI::nvm_ctrl(unsigned char)>
    3596:	81 11       	cpse	r24, r1
    3598:	60 cf       	rjmp	.-320    	; 0x345a <TPI::write_memory()+0xc4>
/Users/askn/Develop/UPDI4AVR-USB/src/tpi.cpp:196
        && set_sst(0xFF)
    359a:	c6 01       	movw	r24, r12
    359c:	df 91       	pop	r29
    359e:	cf 91       	pop	r28
    35a0:	1f 91       	pop	r17
    35a2:	0f 91       	pop	r16
/Users/askn/Develop/UPDI4AVR-USB/src/tpi.cpp:197
        && nvm_wait()
    35a4:	ff 90       	pop	r15
    35a6:	ef 90       	pop	r14
    35a8:	df 90       	pop	r13
    35aa:	cf 90       	pop	r12
/Users/askn/Develop/UPDI4AVR-USB/src/tpi.cpp:198
        && nvm_ctrl(0x00);
    35ac:	bf 90       	pop	r11
    35ae:	af 90       	pop	r10
    35b0:	9f 90       	pop	r9
    35b2:	8f 90       	pop	r8
    35b4:	7f 90       	pop	r7
/Users/askn/Develop/UPDI4AVR-USB/src/tpi.cpp:226
      _result &= nvm_wait();
      if (!_result) return 0;
      _dwAddr += _tpi_chunks;
    }
    return nvm_ctrl(0x00);
  }
    35b6:	6f 90       	pop	r6
    35b8:	5f 90       	pop	r5
    35ba:	4f 90       	pop	r4
    35bc:	3f 90       	pop	r3
    35be:	2f 90       	pop	r2
    35c0:	08 95       	ret
    35c2:	5e 01       	movw	r10, r28
    35c4:	f2 e0       	ldi	r31, 0x02	; 2
    35c6:	af 0e       	add	r10, r31
    35c8:	b1 1c       	adc	r11, r1
    35ca:	89 81       	ldd	r24, Y+1	; 0x01
    35cc:	0e 94 ca 08 	call	0x1194	; 0x1194 <TPI::set_sst(unsigned char)>
    35d0:	38 2e       	mov	r3, r24
    35d2:	e5 01       	movw	r28, r10
    35d4:	79 cf       	rjmp	.-270    	; 0x34c8 <TPI::write_memory()+0x132>
    35d6:	5e 01       	movw	r10, r28
    35d8:	82 e0       	ldi	r24, 0x02	; 2
    35da:	a8 0e       	add	r10, r24
    35dc:	b1 1c       	adc	r11, r1
/Users/askn/Develop/UPDI4AVR-USB/src/tpi.cpp:209
      D1PRINTF(" CODE_WRITE=%04X:%02X\r\n", _dwAddr, _tpi_chunks);
      _result &= nvm_wait()
              && set_sstpr(_dwAddr)
              && nvm_ctrl(0x1D)
              && set_sst(*_p++)
              && set_sst(*_p++);
    35de:	89 81       	ldd	r24, Y+1	; 0x01
    35e0:	0e 94 ca 08 	call	0x1194	; 0x1194 <TPI::set_sst(unsigned char)>
    35e4:	e5 01       	movw	r28, r10
    35e6:	7f cf       	rjmp	.-258    	; 0x34e6 <TPI::write_memory()+0x150>
    35e8:	f2 e0       	ldi	r31, 0x02	; 2
    35ea:	af 0e       	add	r10, r31
    35ec:	b1 1c       	adc	r11, r1
    35ee:	89 81       	ldd	r24, Y+1	; 0x01
    35f0:	0e 94 ca 08 	call	0x1194	; 0x1194 <TPI::set_sst(unsigned char)>
/Users/askn/Develop/UPDI4AVR-USB/src/tpi.cpp:213
      /* The 2-word or 4-word write model requires a 12-bit wait for each word written. */
      if (_tpi_chunks >= 4) {
        idle_clock(16);
        _result &= set_sst(*_p++) && set_sst(*_p++);
    35f4:	89 cf       	rjmp	.-238    	; 0x3508 <TPI::write_memory()+0x172>
    35f6:	22 96       	adiw	r28, 0x02	; 2
    35f8:	f5 01       	movw	r30, r10
    35fa:	81 81       	ldd	r24, Z+1	; 0x01
    35fc:	0e 94 ca 08 	call	0x1194	; 0x1194 <TPI::set_sst(unsigned char)>
    3600:	90 cf       	rjmp	.-224    	; 0x3522 <TPI::write_memory()+0x18c>
    3602:	80 e0       	ldi	r24, 0x00	; 0
/Users/askn/Develop/UPDI4AVR-USB/src/tpi.cpp:217
      }
      if (_tpi_chunks == 8) {
        idle_clock(16);
        _result &= set_sst(*_p++) && set_sst(*_p++);
    3604:	0e 94 b2 08 	call	0x1164	; 0x1164 <TPI::nvm_ctrl(unsigned char)>
    3608:	c8 2e       	mov	r12, r24
    360a:	d1 2c       	mov	r13, r1
    360c:	c6 cf       	rjmp	.-116    	; 0x359a <TPI::write_memory()+0x204>

0000360e <TPI::read_memory()>:
read_memory():
    360e:	0f 93       	push	r16
    3610:	1f 93       	push	r17
/Users/askn/Develop/UPDI4AVR-USB/src/tpi.cpp:219
        idle_clock(16);
        _result &= set_sst(*_p++) && set_sst(*_p++);
    3612:	cf 93       	push	r28
    3614:	df 93       	push	r29
bswap16():
    3616:	00 91 e6 60 	lds	r16, 0x60E6	; 0x8060e6 <packet+0x9>
    361a:	10 91 e7 60 	lds	r17, 0x60E7	; 0x8060e7 <packet+0xa>
/Users/askn/Develop/UPDI4AVR-USB/src/tpi.cpp:225
      }
      _result &= nvm_wait();
      if (!_result) return 0;
      _dwAddr += _tpi_chunks;
    }
    return nvm_ctrl(0x00);
    361e:	10 27       	eor	r17, r16
    3620:	01 27       	eor	r16, r17
    3622:	10 27       	eor	r17, r16
    3624:	c0 91 e8 60 	lds	r28, 0x60E8	; 0x8060e8 <packet+0xb>
    3628:	d0 91 e9 60 	lds	r29, 0x60E9	; 0x8060e9 <packet+0xc>
/Users/askn/Develop/UPDI4AVR-USB/src/tpi.cpp:148
        }
    }
    return 0;
  }

  size_t read_memory (void) {
    362c:	dc 27       	eor	r29, r28
    362e:	cd 27       	eor	r28, r29
    3630:	dc 27       	eor	r29, r28
read_memory():
/Users/askn/Library/Arduino15/packages/MultiX-Zinnia/hardware/modernAVR/0.4.5/cores/modernAVR/api/cpp/btools.cpp:45
    3632:	df 93       	push	r29
    3634:	cf 93       	push	r28
    3636:	1f 93       	push	r17
    3638:	0f 93       	push	r16
    363a:	82 e9       	ldi	r24, 0x92	; 146
    363c:	98 e0       	ldi	r25, 0x08	; 8
    363e:	9f 93       	push	r25
    3640:	8f 93       	push	r24
    3642:	82 eb       	ldi	r24, 0xB2	; 178
    3644:	90 e6       	ldi	r25, 0x60	; 96
    3646:	9f 93       	push	r25
    3648:	8f 93       	push	r24
    364a:	0e 94 89 0c 	call	0x1912	; 0x1912 <Print::printf(PGM_t const*, ...) [clone .constprop.17]>
/Users/askn/Develop/UPDI4AVR-USB/src/tpi.cpp:154
    /* With reduceAVR you don't need to look at the memory type. */
    uint16_t _dwAddr = bswap16(_CAPS32(packet.out.tpi.read.dwAddr)->words[1]);
    size_t  _wLength = bswap16(packet.out.tpi.read.wLength);
    uint8_t *_q = &packet.in.data[0];
    size_t _cnt = 0;
    D1PRINTF(" READ=%04X:%d ", _dwAddr, _wLength);
    364e:	c8 01       	movw	r24, r16
    3650:	0e 94 dc 08 	call	0x11b8	; 0x11b8 <TPI::set_sstpr(unsigned int)>
    3654:	ed b7       	in	r30, 0x3d	; 61
    3656:	fe b7       	in	r31, 0x3e	; 62
    3658:	38 96       	adiw	r30, 0x08	; 8
    365a:	ed bf       	out	0x3d, r30	; 61
    365c:	fe bf       	out	0x3e, r31	; 62
    365e:	0d ed       	ldi	r16, 0xDD	; 221
    3660:	10 e6       	ldi	r17, 0x60	; 96
    3662:	c8 01       	movw	r24, r16
    3664:	8d 5d       	subi	r24, 0xDD	; 221
    3666:	90 46       	sbci	r25, 0x60	; 96
    3668:	8c 17       	cp	r24, r28
/Users/askn/Develop/UPDI4AVR-USB/src/tpi.cpp:155
    set_sstpr(_dwAddr);
    366a:	9d 07       	cpc	r25, r29
    366c:	50 f4       	brcc	.+20     	; 0x3682 <TPI::read_memory()+0x74>
    366e:	0e 94 d6 08 	call	0x11ac	; 0x11ac <TPI::get_sld()>
    3672:	0f 5f       	subi	r16, 0xFF	; 255
    3674:	1f 4f       	sbci	r17, 0xFF	; 255
    3676:	88 23       	and	r24, r24
    3678:	89 f0       	breq	.+34     	; 0x369c <TPI::read_memory()+0x8e>
    367a:	8d b3       	in	r24, 0x1d	; 29
    367c:	f8 01       	movw	r30, r16
/Users/askn/Develop/UPDI4AVR-USB/src/tpi.cpp:156
    while (_cnt < _wLength) {
    367e:	86 83       	std	Z+6, r24	; 0x06
    3680:	f0 cf       	rjmp	.-32     	; 0x3662 <TPI::read_memory()+0x54>
    3682:	be 01       	movw	r22, r28
    3684:	84 ee       	ldi	r24, 0xE4	; 228
    3686:	90 e6       	ldi	r25, 0x60	; 96
    3688:	0e 94 2f 0c 	call	0x185e	; 0x185e <Print::printHex(void const*, unsigned int, char, unsigned int, char const*) [clone .constprop.14]>
/Users/askn/Develop/UPDI4AVR-USB/src/tpi.cpp:157
      if (!get_sld()) return 0;
    368c:	0e 94 7d 0c 	call	0x18fa	; 0x18fa <Print::ln()>
    3690:	ce 01       	movw	r24, r28
    3692:	df 91       	pop	r29
    3694:	cf 91       	pop	r28
/Users/askn/Develop/UPDI4AVR-USB/src/tpi.cpp:158
      *_q++ = RXDATA;
    3696:	1f 91       	pop	r17
    3698:	0f 91       	pop	r16
    369a:	08 95       	ret
    369c:	d0 e0       	ldi	r29, 0x00	; 0
/Users/askn/Develop/UPDI4AVR-USB/src/tpi.cpp:161
      ++_cnt;
    }
    D1PRINTHEX(&packet.in.data, _wLength);
    369e:	c0 e0       	ldi	r28, 0x00	; 0
    36a0:	f7 cf       	rjmp	.-18     	; 0x3690 <TPI::read_memory()+0x82>

000036a2 <TPI::erase_memory()>:
erase_memory():
    36a2:	cf 93       	push	r28
    36a4:	df 93       	push	r29
bswap16():
    36a6:	c0 91 e6 60 	lds	r28, 0x60E6	; 0x8060e6 <packet+0x9>
    36aa:	d0 91 e7 60 	lds	r29, 0x60E7	; 0x8060e7 <packet+0xa>
/Users/askn/Develop/UPDI4AVR-USB/src/tpi.cpp:163
    return _wLength;
  }
    36ae:	dc 27       	eor	r29, r28
    36b0:	cd 27       	eor	r28, r29
    36b2:	dc 27       	eor	r29, r28
erase_memory():
    36b4:	80 91 e3 60 	lds	r24, 0x60E3	; 0x8060e3 <packet+0x6>
/Users/askn/Develop/UPDI4AVR-USB/src/tpi.cpp:157
    uint8_t *_q = &packet.in.data[0];
    size_t _cnt = 0;
    D1PRINTF(" READ=%04X:%d ", _dwAddr, _wLength);
    set_sstpr(_dwAddr);
    while (_cnt < _wLength) {
      if (!get_sld()) return 0;
    36b8:	81 30       	cpi	r24, 0x01	; 1
    36ba:	79 f5       	brne	.+94     	; 0x371a <TPI::erase_memory()+0x78>
    36bc:	df 93       	push	r29
/Users/askn/Develop/UPDI4AVR-USB/src/tpi.cpp:117

  bool nvm_ctrl (const uint8_t _nvmcmd) {
    return set_sout(0x63, _nvmcmd);   /* NVMCMD_REG: IO=0x33 */
  }

  size_t erase_memory (void) {
    36be:	cf 93       	push	r28
    36c0:	8f e7       	ldi	r24, 0x7F	; 127
/Users/askn/Library/Arduino15/packages/MultiX-Zinnia/hardware/modernAVR/0.4.5/cores/modernAVR/api/cpp/btools.cpp:45
    36c2:	98 e0       	ldi	r25, 0x08	; 8
    36c4:	9f 93       	push	r25
    36c6:	8f 93       	push	r24
    36c8:	82 eb       	ldi	r24, 0xB2	; 178
    36ca:	90 e6       	ldi	r25, 0x60	; 96
    36cc:	9f 93       	push	r25
/Users/askn/Develop/UPDI4AVR-USB/src/tpi.cpp:120
    uint8_t   m_type = packet.out.tpi.read.bMType;
    uint16_t _dwAddr = bswap16(_CAPS32(packet.out.tpi.read.dwAddr)->words[1]);
    if (m_type == 0x01) {
    36ce:	8f 93       	push	r24
    36d0:	0e 94 89 0c 	call	0x1912	; 0x1912 <Print::printf(PGM_t const*, ...) [clone .constprop.17]>
    36d4:	0e 94 be 08 	call	0x117c	; 0x117c <TPI::nvm_wait()>
/Users/askn/Develop/UPDI4AVR-USB/src/tpi.cpp:122
      /* XPRG_ERASE_CHIP */
      D1PRINTF(" CHIP_ERASE=%04X\r\n", _dwAddr);
    36d8:	0f 90       	pop	r0
    36da:	0f 90       	pop	r0
    36dc:	0f 90       	pop	r0
    36de:	0f 90       	pop	r0
    36e0:	0f 90       	pop	r0
    36e2:	0f 90       	pop	r0
    36e4:	81 11       	cpse	r24, r1
    36e6:	05 c0       	rjmp	.+10     	; 0x36f2 <TPI::erase_memory()+0x50>
    36e8:	90 e0       	ldi	r25, 0x00	; 0
    36ea:	80 e0       	ldi	r24, 0x00	; 0
    36ec:	df 91       	pop	r29
/Users/askn/Develop/UPDI4AVR-USB/src/tpi.cpp:123
      if (nvm_wait()
    36ee:	cf 91       	pop	r28
    36f0:	08 95       	ret
/Users/askn/Develop/UPDI4AVR-USB/src/tpi.cpp:127
        && set_sstpr(_dwAddr | 1)
        && nvm_ctrl(0x10)
        && set_sst(0xFF)
        && nvm_wait()) {
    36f2:	ce 01       	movw	r24, r28
    36f4:	81 60       	ori	r24, 0x01	; 1
    36f6:	0e 94 dc 08 	call	0x11b8	; 0x11b8 <TPI::set_sstpr(unsigned int)>
    36fa:	88 23       	and	r24, r24
    36fc:	a9 f3       	breq	.-22     	; 0x36e8 <TPI::erase_memory()+0x46>
    36fe:	80 e1       	ldi	r24, 0x10	; 16
/Users/askn/Develop/UPDI4AVR-USB/src/tpi.cpp:145
        && set_sst(0xFF)
        && nvm_wait()) {
          return 1;
        }
    }
    return 0;
    3700:	0e 94 b2 08 	call	0x1164	; 0x1164 <TPI::nvm_ctrl(unsigned char)>
/Users/askn/Develop/UPDI4AVR-USB/src/tpi.cpp:146
  }
    3704:	88 23       	and	r24, r24
    3706:	81 f3       	breq	.-32     	; 0x36e8 <TPI::erase_memory()+0x46>
    3708:	8f ef       	ldi	r24, 0xFF	; 255
/Users/askn/Develop/UPDI4AVR-USB/src/tpi.cpp:124
    uint16_t _dwAddr = bswap16(_CAPS32(packet.out.tpi.read.dwAddr)->words[1]);
    if (m_type == 0x01) {
      /* XPRG_ERASE_CHIP */
      D1PRINTF(" CHIP_ERASE=%04X\r\n", _dwAddr);
      if (nvm_wait()
        && set_sstpr(_dwAddr | 1)
    370a:	0e 94 ca 08 	call	0x1194	; 0x1194 <TPI::set_sst(unsigned char)>
    370e:	88 23       	and	r24, r24
    3710:	59 f3       	breq	.-42     	; 0x36e8 <TPI::erase_memory()+0x46>
    3712:	0e 94 be 08 	call	0x117c	; 0x117c <TPI::nvm_wait()>
/Users/askn/Develop/UPDI4AVR-USB/src/tpi.cpp:125
        && nvm_ctrl(0x10)
    3716:	90 e0       	ldi	r25, 0x00	; 0
/Users/askn/Develop/UPDI4AVR-USB/src/tpi.cpp:139
      /* Currently not called on AVRDUDE<=8.0. */
      /* It may be called from terminal mode.  */
      D1PRINTF(" SECTION_ERASE=%04X\r\n", _dwAddr);
      if (nvm_wait()
        && set_sstpr(_dwAddr | 1)
        && nvm_ctrl(0x14)
    3718:	e9 cf       	rjmp	.-46     	; 0x36ec <TPI::erase_memory()+0x4a>
    371a:	df 93       	push	r29
    371c:	cf 93       	push	r28
    371e:	89 e6       	ldi	r24, 0x69	; 105
/Users/askn/Develop/UPDI4AVR-USB/src/tpi.cpp:140
        && set_sst(0xFF)
    3720:	98 e0       	ldi	r25, 0x08	; 8
    3722:	9f 93       	push	r25
    3724:	8f 93       	push	r24
    3726:	82 eb       	ldi	r24, 0xB2	; 178
    3728:	90 e6       	ldi	r25, 0x60	; 96
/Users/askn/Develop/UPDI4AVR-USB/src/tpi.cpp:141
        && nvm_wait()) {
    372a:	9f 93       	push	r25
    372c:	8f 93       	push	r24
/Users/askn/Develop/UPDI4AVR-USB/src/tpi.cpp:145
          return 1;
        }
    }
    return 0;
    372e:	0e 94 89 0c 	call	0x1912	; 0x1912 <Print::printf(PGM_t const*, ...) [clone .constprop.17]>
/Users/askn/Develop/UPDI4AVR-USB/src/tpi.cpp:136
    else {
      /* 0x02: XPRG_ERASE_APP */
      /* 0x09: XPRG_ERASE_CONFIG */
      /* Currently not called on AVRDUDE<=8.0. */
      /* It may be called from terminal mode.  */
      D1PRINTF(" SECTION_ERASE=%04X\r\n", _dwAddr);
    3732:	0e 94 be 08 	call	0x117c	; 0x117c <TPI::nvm_wait()>
    3736:	0f 90       	pop	r0
    3738:	0f 90       	pop	r0
    373a:	0f 90       	pop	r0
    373c:	0f 90       	pop	r0
    373e:	0f 90       	pop	r0
    3740:	0f 90       	pop	r0
    3742:	88 23       	and	r24, r24
    3744:	89 f2       	breq	.-94     	; 0x36e8 <TPI::erase_memory()+0x46>
    3746:	ce 01       	movw	r24, r28
    3748:	81 60       	ori	r24, 0x01	; 1
/Users/askn/Develop/UPDI4AVR-USB/src/tpi.cpp:137
      if (nvm_wait()
    374a:	0e 94 dc 08 	call	0x11b8	; 0x11b8 <TPI::set_sstpr(unsigned int)>
/Users/askn/Develop/UPDI4AVR-USB/src/tpi.cpp:141
        && set_sstpr(_dwAddr | 1)
        && nvm_ctrl(0x14)
        && set_sst(0xFF)
        && nvm_wait()) {
    374e:	88 23       	and	r24, r24
    3750:	59 f2       	breq	.-106    	; 0x36e8 <TPI::erase_memory()+0x46>
    3752:	84 e1       	ldi	r24, 0x14	; 20
    3754:	d5 cf       	rjmp	.-86     	; 0x3700 <TPI::erase_memory()+0x5e>

00003756 <__vector_19>:
__vector_19():
    3756:	1f 92       	push	r1
    3758:	0f 92       	push	r0
    375a:	0f b6       	in	r0, 0x3f	; 63
    375c:	0f 92       	push	r0
/Users/askn/Develop/UPDI4AVR-USB/src/tpi.cpp:138
      /* 0x09: XPRG_ERASE_CONFIG */
      /* Currently not called on AVRDUDE<=8.0. */
      /* It may be called from terminal mode.  */
      D1PRINTF(" SECTION_ERASE=%04X\r\n", _dwAddr);
      if (nvm_wait()
        && set_sstpr(_dwAddr | 1)
    375e:	11 24       	eor	r1, r1
    3760:	2f 93       	push	r18
    3762:	3f 93       	push	r19
    3764:	4f 93       	push	r20
    3766:	5f 93       	push	r21
    3768:	6f 93       	push	r22
/Users/askn/Develop/UPDI4AVR-USB/src/tpi.cpp:139
        && nvm_ctrl(0x14)
    376a:	7f 93       	push	r23
    376c:	8f 93       	push	r24
/Users/askn/Develop/UPDI4AVR-USB/src/usart.cpp:246
  }

};

/*** CMSIS-DAP VCOM,VCP transceiver ***/
ISR(USART0_RXC_vect) {
    376e:	9f 93       	push	r25
    3770:	af 93       	push	r26
    3772:	bf 93       	push	r27
    3774:	cf 93       	push	r28
    3776:	ef 93       	push	r30
    3778:	ff 93       	push	r31
vcp_receiver():
    377a:	c0 91 01 08 	lds	r28, 0x0801	; 0x800801 <__TEXT_REGION_LENGTH__+0x7f0801>
    377e:	20 91 00 08 	lds	r18, 0x0800	; 0x800800 <__TEXT_REGION_LENGTH__+0x7f0800>
    3782:	8c 2f       	mov	r24, r28
    3784:	86 74       	andi	r24, 0x46	; 70
    3786:	a9 f4       	brne	.+42     	; 0x37b2 <__vector_19+0x5c>
write_byte():
    3788:	f2 99       	sbic	0x1e, 2	; 30
    378a:	28 c0       	rjmp	.+80     	; 0x37dc <__vector_19+0x86>
__vector_19():
    378c:	84 ef       	ldi	r24, 0xF4	; 244
    378e:	93 e6       	ldi	r25, 0x63	; 99
write_byte():
    3790:	e0 91 77 64 	lds	r30, 0x6477	; 0x806477 <_send_count>
/Users/askn/Develop/UPDI4AVR-USB/src/usb.cpp:455
  void read_drop (void) {
    if (bit_is_set(EP_CDO.STATUS, USB_BUSNAK_bp)) ep_cdo_listen();
  }

  void vcp_receiver (void) {
    uint8_t _d = USART0_RXDATAH;
    3794:	31 e0       	ldi	r19, 0x01	; 1
/Users/askn/Develop/UPDI4AVR-USB/src/usb.cpp:456
    uint8_t _c = USART0_RXDATAL;
    3796:	3e 0f       	add	r19, r30
    3798:	30 93 77 64 	sts	0x6477, r19	; 0x806477 <_send_count>
/Users/askn/Develop/UPDI4AVR-USB/src/usb.cpp:457
    if (!(_d & (USART_BUFOVF_bm | USART_FERR_bm | USART_PERR_bm))) {
    379c:	e8 0f       	add	r30, r24
    379e:	f9 2f       	mov	r31, r25
/Users/askn/Develop/UPDI4AVR-USB/src/usb.cpp:419
  // MARK: VCP

  void write_byte (const uint8_t _c) {
    /* The double buffer consists of two blocks. */
    uint8_t* _buf = bit_is_set(GPCONF, GPCONF_DBL_bp)
      ? &EP_MEM.cdi_data[64]
    37a0:	f1 1d       	adc	r31, r1
    37a2:	20 83       	st	Z, r18
    37a4:	80 91 77 64 	lds	r24, 0x6477	; 0x806477 <_send_count>
/Users/askn/Develop/UPDI4AVR-USB/src/usb.cpp:421
      : &EP_MEM.cdi_data[0];
    _buf[_send_count++] = _c;
    37a8:	80 34       	cpi	r24, 0x40	; 64
    37aa:	d8 f4       	brcc	.+54     	; 0x37e2 <__vector_19+0x8c>
    37ac:	8e e1       	ldi	r24, 0x1E	; 30
    37ae:	80 93 74 64 	sts	0x6474, r24	; 0x806474 <_sof_count>
vcp_receiver():
    37b2:	8c b3       	in	r24, 0x1c	; 28
    37b4:	c8 2b       	or	r28, r24
    37b6:	cc bb       	out	0x1c, r28	; 28
__vector_19():
    37b8:	ff 91       	pop	r31
    37ba:	ef 91       	pop	r30
/Users/askn/Develop/UPDI4AVR-USB/src/usb.cpp:422
    if (_send_count < 64) _sof_count = 30;
    37bc:	cf 91       	pop	r28
    37be:	bf 91       	pop	r27
    37c0:	af 91       	pop	r26
    37c2:	9f 91       	pop	r25
    37c4:	8f 91       	pop	r24
    37c6:	7f 91       	pop	r23
    37c8:	6f 91       	pop	r22
/Users/askn/Develop/UPDI4AVR-USB/src/usb.cpp:460
    uint8_t _d = USART0_RXDATAH;
    uint8_t _c = USART0_RXDATAL;
    if (!(_d & (USART_BUFOVF_bm | USART_FERR_bm | USART_PERR_bm))) {
      write_byte(_c);
    }
    RXSTAT |= _d;
    37ca:	5f 91       	pop	r21
    37cc:	4f 91       	pop	r20
    37ce:	3f 91       	pop	r19
/Users/askn/Develop/UPDI4AVR-USB/src/usart.cpp:252
#if defined(CONFIG_VCP_9BIT_SUPPORT)
  usart_receiver();
#else
  USB::vcp_receiver();
#endif
}
    37d0:	2f 91       	pop	r18
    37d2:	0f 90       	pop	r0
    37d4:	0f be       	out	0x3f, r0	; 63
    37d6:	0f 90       	pop	r0
    37d8:	1f 90       	pop	r1
    37da:	18 95       	reti
    37dc:	84 e3       	ldi	r24, 0x34	; 52
    37de:	94 e6       	ldi	r25, 0x64	; 100
    37e0:	d7 cf       	rjmp	.-82     	; 0x3790 <__vector_19+0x3a>
write_byte():
    37e2:	0e 94 ce 05 	call	0xb9c	; 0xb9c <USB::ep_cdi_listen()>
    37e6:	e5 cf       	rjmp	.-54     	; 0x37b2 <__vector_19+0x5c>

000037e8 <__vector_15>:
__vector_15():
    37e8:	11 24       	eor	r1, r1
    37ea:	10 92 00 0b 	sts	0x0B00, r1	; 0x800b00 <__TEXT_REGION_LENGTH__+0x7f0b00>
    37ee:	e6 e0       	ldi	r30, 0x06	; 6
    37f0:	fb e0       	ldi	r31, 0x0B	; 11
    37f2:	80 81       	ld	r24, Z
/Users/askn/Develop/UPDI4AVR-USB/src/usb.cpp:419
  // MARK: VCP

  void write_byte (const uint8_t _c) {
    /* The double buffer consists of two blocks. */
    uint8_t* _buf = bit_is_set(GPCONF, GPCONF_DBL_bp)
      ? &EP_MEM.cdi_data[64]
    37f4:	81 60       	ori	r24, 0x01	; 1
    37f6:	80 83       	st	Z, r24
    37f8:	62 e0       	ldi	r22, 0x02	; 2
/Users/askn/Develop/UPDI4AVR-USB/src/usb.cpp:423
      : &EP_MEM.cdi_data[0];
    _buf[_send_count++] = _c;
    if (_send_count < 64) _sof_count = 30;
    else ep_cdi_listen();
    37fa:	70 e0       	ldi	r23, 0x00	; 0
    37fc:	84 ec       	ldi	r24, 0xC4	; 196
    37fe:	90 e6       	ldi	r25, 0x60	; 96
/Users/askn/Develop/UPDI4AVR-USB/src/timeout.cpp:98
ISR(TCB0_INT_vect, ISR_NAKED) {
  /***
    This interrupt is a global escape due to timeout.
    There is no return to the source of the interrupt.
  ***/
  __asm__ __volatile__ ("EOR R1,R1");
    3800:	0e 94 df 29 	call	0x53be	; 0x53be <longjmp>

00003804 <Timeout::stop()>:
_ZN7Timeout4stopEv():
/Users/askn/Develop/UPDI4AVR-USB/src/timeout.cpp:99
  TCB0_CTRLA = 0;
    3804:	8f b7       	in	r24, 0x3f	; 63
__iCliRetVal():
/Users/askn/Develop/UPDI4AVR-USB/src/timeout.cpp:100
  bit_set(TCB0_INTFLAGS, TCB_CAPT_bp);
    3806:	f8 94       	cli
_ZN7Timeout4stopEv():
    3808:	10 92 00 0b 	sts	0x0B00, r1	; 0x800b00 <__TEXT_REGION_LENGTH__+0x7f0b00>
    380c:	10 92 05 0b 	sts	0x0B05, r1	; 0x800b05 <__TEXT_REGION_LENGTH__+0x7f0b05>
/Users/askn/Develop/UPDI4AVR-USB/src/timeout.cpp:101
  longjmp(TIMEOUT_CONTEXT, 2);
    3810:	9f ef       	ldi	r25, 0xFF	; 255
    3812:	90 93 06 0b 	sts	0x0B06, r25	; 0x800b06 <__TEXT_REGION_LENGTH__+0x7f0b06>
__iRestore():
    3816:	8f bf       	out	0x3f, r24	; 63
_ZN7Timeout4stopEv():
    3818:	18 95       	reti

0000381a <Timeout::command(unsigned int (*)(), unsigned int (*)(), unsigned int)>:
command():
    381a:	0f 93       	push	r16
/Users/askn/Develop/UPDI4AVR-USB/src/timeout.cpp:46
   * Exit from the timeout block.
   * The last RETI is required.
   */
  __attribute__((used, naked, noinline))
  void stop (void) {
    ATOMIC_BLOCK(ATOMIC_RESTORESTATE) {
    381c:	1f 93       	push	r17
/Users/askn/Library/Arduino15/packages/MultiX-Zinnia/tools/avr8-gcc/7.3.0-avr8-gnu-toolchain/avr/include/util/atomic.h:50
    return 1;
}

static __inline__ uint8_t __iCliRetVal(void)
{
    cli();
    381e:	cf 93       	push	r28
/Users/askn/Develop/UPDI4AVR-USB/src/timeout.cpp:47
      TCB0_CTRLA = 0;
    3820:	df 93       	push	r29
    3822:	cd b7       	in	r28, 0x3d	; 61
/Users/askn/Develop/UPDI4AVR-USB/src/timeout.cpp:48
      TCB0_INTCTRL = 0;
    3824:	de b7       	in	r29, 0x3e	; 62
    3826:	28 97       	sbiw	r28, 0x08	; 8
/Users/askn/Develop/UPDI4AVR-USB/src/timeout.cpp:49
      TCB0_INTFLAGS = ~0;
    3828:	cd bf       	out	0x3d, r28	; 61
    382a:	de bf       	out	0x3e, r29	; 62
    382c:	8d 83       	std	Y+5, r24	; 0x05
/Users/askn/Library/Arduino15/packages/MultiX-Zinnia/tools/avr8-gcc/7.3.0-avr8-gnu-toolchain/avr/include/util/atomic.h:70
    (void)__s;
}

static __inline__ void __iRestore(const  uint8_t *__s)
{
    SREG = *__s;
    382e:	9e 83       	std	Y+6, r25	; 0x06
/Users/askn/Develop/UPDI4AVR-USB/src/timeout.cpp:51
    }
    reti();
    3830:	6b 83       	std	Y+3, r22	; 0x03
/Users/askn/Develop/UPDI4AVR-USB/src/timeout.cpp:68
  /*
   * Timeout block.
   * Does not work with interrupts disabled.
   * RETI must be called after the interrupt is suspended.
   */
  size_t command (size_t (*func_p)(void), size_t (*fail_p)(void), uint16_t _ms) {
    3832:	7c 83       	std	Y+4, r23	; 0x04
    3834:	4f 83       	std	Y+7, r20	; 0x07
    3836:	58 87       	std	Y+8, r21	; 0x08
    3838:	19 82       	std	Y+1, r1	; 0x01
    383a:	1a 82       	std	Y+2, r1	; 0x02
    383c:	89 81       	ldd	r24, Y+1	; 0x01
    383e:	9a 81       	ldd	r25, Y+2	; 0x02
    3840:	89 2b       	or	r24, r25
    3842:	09 f0       	breq	.+2      	; 0x3846 <Timeout::command(unsigned int (*)(), unsigned int (*)(), unsigned int)+0x2c>
    3844:	41 c0       	rjmp	.+130    	; 0x38c8 <Timeout::command(unsigned int (*)(), unsigned int (*)(), unsigned int)+0xae>
    3846:	84 ec       	ldi	r24, 0xC4	; 196
    3848:	90 e6       	ldi	r25, 0x60	; 96
    384a:	0e 94 bf 29 	call	0x537e	; 0x537e <setjmp>
    384e:	89 2b       	or	r24, r25
/Users/askn/Develop/UPDI4AVR-USB/src/timeout.cpp:69
    volatile size_t _result = 0;
    3850:	09 f0       	breq	.+2      	; 0x3854 <Timeout::command(unsigned int (*)(), unsigned int (*)(), unsigned int)+0x3a>
    3852:	44 c0       	rjmp	.+136    	; 0x38dc <Timeout::command(unsigned int (*)(), unsigned int (*)(), unsigned int)+0xc2>
start():
/Users/askn/Develop/UPDI4AVR-USB/src/timeout.cpp:70
    while (_result == 0) {
    3854:	8e e4       	ldi	r24, 0x4E	; 78
    3856:	98 e0       	ldi	r25, 0x08	; 8
    3858:	9f 93       	push	r25
    385a:	8f 93       	push	r24
    385c:	02 eb       	ldi	r16, 0xB2	; 178
/Users/askn/Develop/UPDI4AVR-USB/src/timeout.cpp:71
      if (setjmp(TIMEOUT_CONTEXT) == 0) {
    385e:	10 e6       	ldi	r17, 0x60	; 96
    3860:	1f 93       	push	r17
    3862:	0f 93       	push	r16
    3864:	0e 94 89 0c 	call	0x1912	; 0x1912 <Print::printf(PGM_t const*, ...) [clone .constprop.17]>
    3868:	0f 90       	pop	r0
    386a:	0f 90       	pop	r0
/Users/askn/Develop/UPDI4AVR-USB/src/timeout.cpp:29
  /*
   * Timeout after the specified time.
   * To be precise, in 1/1024 sec units.
   */
  void start (uint16_t _ms) {
    D1PRINTF(" TCB0:ON\r\n");
    386c:	0f 90       	pop	r0
    386e:	0f 90       	pop	r0
    3870:	9f b7       	in	r25, 0x3f	; 63
__iCliRetVal():
    3872:	f8 94       	cli
start():
    3874:	10 92 0a 0b 	sts	0x0B0A, r1	; 0x800b0a <__TEXT_REGION_LENGTH__+0x7f0b0a>
    3878:	10 92 0b 0b 	sts	0x0B0B, r1	; 0x800b0b <__TEXT_REGION_LENGTH__+0x7f0b0b>
    387c:	2f 81       	ldd	r18, Y+7	; 0x07
    387e:	38 85       	ldd	r19, Y+8	; 0x08
    3880:	20 93 0c 0b 	sts	0x0B0C, r18	; 0x800b0c <__TEXT_REGION_LENGTH__+0x7f0b0c>
    3884:	30 93 0d 0b 	sts	0x0B0D, r19	; 0x800b0d <__TEXT_REGION_LENGTH__+0x7f0b0d>
/Users/askn/Develop/UPDI4AVR-USB/src/timeout.cpp:30
    ATOMIC_BLOCK(ATOMIC_RESTORESTATE) {
    3888:	81 e0       	ldi	r24, 0x01	; 1
/Users/askn/Library/Arduino15/packages/MultiX-Zinnia/tools/avr8-gcc/7.3.0-avr8-gnu-toolchain/avr/include/util/atomic.h:50
    return 1;
}

static __inline__ uint8_t __iCliRetVal(void)
{
    cli();
    388a:	80 93 05 0b 	sts	0x0B05, r24	; 0x800b05 <__TEXT_REGION_LENGTH__+0x7f0b05>
/Users/askn/Develop/UPDI4AVR-USB/src/timeout.cpp:31
      TCB0_CNT = 0;
    388e:	e6 e0       	ldi	r30, 0x06	; 6
    3890:	fb e0       	ldi	r31, 0x0B	; 11
    3892:	80 81       	ld	r24, Z
/Users/askn/Develop/UPDI4AVR-USB/src/timeout.cpp:32
      TCB0_CCMP = _ms;
    3894:	81 60       	ori	r24, 0x01	; 1
    3896:	80 83       	st	Z, r24
    3898:	10 92 01 0b 	sts	0x0B01, r1	; 0x800b01 <__TEXT_REGION_LENGTH__+0x7f0b01>
    389c:	8f e0       	ldi	r24, 0x0F	; 15
    389e:	80 93 00 0b 	sts	0x0B00, r24	; 0x800b00 <__TEXT_REGION_LENGTH__+0x7f0b00>
__iRestore():
/Users/askn/Develop/UPDI4AVR-USB/src/timeout.cpp:33
      TCB0_INTCTRL = TCB_CAPT_bm;
    38a2:	9f bf       	out	0x3f, r25	; 63
command():
    38a4:	ed 81       	ldd	r30, Y+5	; 0x05
/Users/askn/Develop/UPDI4AVR-USB/src/timeout.cpp:34
      bit_set(TCB0_INTFLAGS, TCB_CAPT_bp);
    38a6:	fe 81       	ldd	r31, Y+6	; 0x06
    38a8:	09 95       	icall
    38aa:	89 83       	std	Y+1, r24	; 0x01
    38ac:	9a 83       	std	Y+2, r25	; 0x02
    38ae:	aa df       	rcall	.-172    	; 0x3804 <Timeout::stop()>
/Users/askn/Develop/UPDI4AVR-USB/src/timeout.cpp:35
      TCB0_CTRLB = 0;
    38b0:	8e e5       	ldi	r24, 0x5E	; 94
    38b2:	98 e0       	ldi	r25, 0x08	; 8
/Users/askn/Develop/UPDI4AVR-USB/src/timeout.cpp:36
      TCB0_CTRLA = TCB_ENABLE_bm | TCB_CLKSEL_EVENT_gc; /* for EVSYS_USERTCB0COUNT */
    38b4:	9f 93       	push	r25
    38b6:	8f 93       	push	r24
    38b8:	1f 93       	push	r17
/Users/askn/Library/Arduino15/packages/MultiX-Zinnia/tools/avr8-gcc/7.3.0-avr8-gnu-toolchain/avr/include/util/atomic.h:70
    (void)__s;
}

static __inline__ void __iRestore(const  uint8_t *__s)
{
    SREG = *__s;
    38ba:	0f 93       	push	r16
/Users/askn/Develop/UPDI4AVR-USB/src/timeout.cpp:73
  size_t command (size_t (*func_p)(void), size_t (*fail_p)(void), uint16_t _ms) {
    volatile size_t _result = 0;
    while (_result == 0) {
      if (setjmp(TIMEOUT_CONTEXT) == 0) {
        Timeout::start(_ms);
        _result = (*func_p)();
    38bc:	0e 94 89 0c 	call	0x1912	; 0x1912 <Print::printf(PGM_t const*, ...) [clone .constprop.17]>
    38c0:	0f 90       	pop	r0
    38c2:	0f 90       	pop	r0
    38c4:	0f 90       	pop	r0
/Users/askn/Develop/UPDI4AVR-USB/src/timeout.cpp:74
        Timeout::stop();
    38c6:	0f 90       	pop	r0
    38c8:	89 81       	ldd	r24, Y+1	; 0x01
/Users/askn/Develop/UPDI4AVR-USB/src/timeout.cpp:75
        D1PRINTF(" TCB0:OF\r\n");
    38ca:	9a 81       	ldd	r25, Y+2	; 0x02
    38cc:	28 96       	adiw	r28, 0x08	; 8
    38ce:	cd bf       	out	0x3d, r28	; 61
    38d0:	de bf       	out	0x3e, r29	; 62
    38d2:	df 91       	pop	r29
    38d4:	cf 91       	pop	r28
    38d6:	1f 91       	pop	r17
    38d8:	0f 91       	pop	r16
    38da:	08 95       	ret
    38dc:	93 df       	rcall	.-218    	; 0x3804 <Timeout::stop()>
    38de:	29 e5       	ldi	r18, 0x59	; 89
    38e0:	38 e0       	ldi	r19, 0x08	; 8
/Users/askn/Develop/UPDI4AVR-USB/src/timeout.cpp:84
      D1PRINTF("[TO]");
      if (!fail_p) break;
      wdt_reset();
      if (!(*fail_p)()) break;
    }
    return _result;
    38e2:	3f 93       	push	r19
    38e4:	2f 93       	push	r18
/Users/askn/Develop/UPDI4AVR-USB/src/timeout.cpp:85
  }
    38e6:	e2 eb       	ldi	r30, 0xB2	; 178
    38e8:	f0 e6       	ldi	r31, 0x60	; 96
    38ea:	ff 93       	push	r31
    38ec:	ef 93       	push	r30
    38ee:	0e 94 89 0c 	call	0x1912	; 0x1912 <Print::printf(PGM_t const*, ...) [clone .constprop.17]>
    38f2:	0f 90       	pop	r0
    38f4:	0f 90       	pop	r0
/Users/askn/Develop/UPDI4AVR-USB/src/timeout.cpp:78
        _result = (*func_p)();
        Timeout::stop();
        D1PRINTF(" TCB0:OF\r\n");
        break;
      }
      Timeout::stop();
    38f6:	0f 90       	pop	r0
    38f8:	0f 90       	pop	r0
/Users/askn/Develop/UPDI4AVR-USB/src/timeout.cpp:79
      D1PRINTF("[TO]");
    38fa:	8b 81       	ldd	r24, Y+3	; 0x03
    38fc:	9c 81       	ldd	r25, Y+4	; 0x04
    38fe:	89 2b       	or	r24, r25
    3900:	19 f3       	breq	.-58     	; 0x38c8 <Timeout::command(unsigned int (*)(), unsigned int (*)(), unsigned int)+0xae>
    3902:	a8 95       	wdr
    3904:	eb 81       	ldd	r30, Y+3	; 0x03
    3906:	fc 81       	ldd	r31, Y+4	; 0x04
    3908:	09 95       	icall
    390a:	89 2b       	or	r24, r25
    390c:	09 f0       	breq	.+2      	; 0x3910 <Timeout::command(unsigned int (*)(), unsigned int (*)(), unsigned int)+0xf6>
    390e:	96 cf       	rjmp	.-212    	; 0x383c <Timeout::command(unsigned int (*)(), unsigned int (*)(), unsigned int)+0x22>
    3910:	db cf       	rjmp	.-74     	; 0x38c8 <Timeout::command(unsigned int (*)(), unsigned int (*)(), unsigned int)+0xae>

00003912 <__vector_6>:
__vector_6():
    3912:	1f 92       	push	r1
    3914:	0f 92       	push	r0
/Users/askn/Develop/UPDI4AVR-USB/src/timeout.cpp:80
      if (!fail_p) break;
    3916:	0f b6       	in	r0, 0x3f	; 63
    3918:	0f 92       	push	r0
    391a:	11 24       	eor	r1, r1
    391c:	8f 93       	push	r24
/Users/askn/Develop/UPDI4AVR-USB/src/timeout.cpp:81
      wdt_reset();
    391e:	8f ef       	ldi	r24, 0xFF	; 255
/Users/askn/Develop/UPDI4AVR-USB/src/timeout.cpp:82
      if (!(*fail_p)()) break;
    3920:	80 93 c7 01 	sts	0x01C7, r24	; 0x8001c7 <__TEXT_REGION_LENGTH__+0x7f01c7>
    3924:	f7 9a       	sbi	0x1e, 7	; 30
    3926:	8f 91       	pop	r24
    3928:	0f 90       	pop	r0
    392a:	0f be       	out	0x3f, r0	; 63
    392c:	0f 90       	pop	r0
/Users/askn/Develop/UPDI4AVR-USB/src/sys.cpp:456
  vportRegister(PIN_SYS_SW0).INTFLAGS = ~0;
  bit_set(GPCONF, GPCONF_RIS_bp);
  D2PRINTF("{R}");
}

ISR(CCL_CCL_vect) {
    392e:	1f 90       	pop	r1
    3930:	18 95       	reti

00003932 <__vector_24>:
__vector_24():
    3932:	1f 92       	push	r1
    3934:	0f 92       	push	r0
    3936:	0f b6       	in	r0, 0x3f	; 63
    3938:	0f 92       	push	r0
/Users/askn/Develop/UPDI4AVR-USB/src/sys.cpp:458
  /* SW0 Falling Intrrupt from CCLn */
  CCL_INTFLAGS = ~0;
    393a:	11 24       	eor	r1, r1
    393c:	8f 93       	push	r24
    393e:	8f ef       	ldi	r24, 0xFF	; 255
/Users/askn/Develop/UPDI4AVR-USB/src/sys.cpp:459
  bit_set(GPCONF, GPCONF_FAL_bp);
    3940:	87 bb       	out	0x17, r24	; 23
/Users/askn/Develop/UPDI4AVR-USB/src/sys.cpp:461
  D2PRINTF("{F}");
}
    3942:	f6 9a       	sbi	0x1e, 6	; 30
    3944:	8f 91       	pop	r24
    3946:	0f 90       	pop	r0
    3948:	0f be       	out	0x3f, r0	; 63
    394a:	0f 90       	pop	r0
    394c:	1f 90       	pop	r1
/Users/askn/Develop/UPDI4AVR-USB/src/sys.cpp:449

};  /* SYS */

#if defined(PIN_SYS_SW0)
/* If the level is not maintained for a sufficient period of time it will not function properly. */
ISR(portIntrruptVector(PIN_SYS_SW0)) {
    394e:	18 95       	reti

00003950 <_GLOBAL__sub_I_Serial0A>:
_ZN14UsartBaseClassC2EP12USART_struct():
    3950:	e2 eb       	ldi	r30, 0xB2	; 178
    3952:	f0 e6       	ldi	r31, 0x60	; 96
    3954:	80 e2       	ldi	r24, 0x20	; 32
    3956:	98 e0       	ldi	r25, 0x08	; 8
    3958:	82 83       	std	Z+2, r24	; 0x02
/Users/askn/Develop/UPDI4AVR-USB/src/sys.cpp:451
  /* SW0 Raising Interrupt */
  vportRegister(PIN_SYS_SW0).INTFLAGS = ~0;
    395a:	93 83       	std	Z+3, r25	; 0x03
_ZN14HarfUART_ClassC2EP12USART_structPK14UART_portmux_t():
    395c:	84 ea       	ldi	r24, 0xA4	; 164
/Users/askn/Develop/UPDI4AVR-USB/src/sys.cpp:452
  bit_set(GPCONF, GPCONF_RIS_bp);
    395e:	90 e6       	ldi	r25, 0x60	; 96
/Users/askn/Develop/UPDI4AVR-USB/src/sys.cpp:454
  D2PRINTF("{R}");
}
    3960:	80 83       	st	Z, r24
    3962:	91 83       	std	Z+1, r25	; 0x01
    3964:	8d e9       	ldi	r24, 0x9D	; 157
    3966:	9a e0       	ldi	r25, 0x0A	; 10
    3968:	85 83       	std	Z+5, r24	; 0x05
    396a:	96 83       	std	Z+6, r25	; 0x06
_GLOBAL__sub_I_Serial0A():
/Users/askn/Library/Arduino15/packages/MultiX-Zinnia/hardware/modernAVR/0.4.5/cores/modernAVR/api/cpp/Portmux_USART.cpp:69
HarfUART_Class Serial1B {&USART1, &_portmux_usart1b};
#endif

#ifdef _PORTMUX_USART1C
const UART_portmux_t PROGMEM _portmux_usart1c = _PORTMUX_USART1C;
HarfUART_Class Serial1C {&USART1, &_portmux_usart1c};
    396c:	08 95       	ret

0000396e <main>:
main():
/Users/askn/Develop/UPDI4AVR-USB/src/main.cpp:86
} /* NAMELESS */;

__attribute__((used, naked, section(".init3")))
void setup_mcu (void) { initVariant(); }

int main (void) {
    396e:	cf 93       	push	r28
    3970:	df 93       	push	r29
    3972:	cd b7       	in	r28, 0x3d	; 61
    3974:	de b7       	in	r29, 0x3e	; 62
    3976:	27 97       	sbiw	r28, 0x07	; 7
    3978:	cd bf       	out	0x3d, r28	; 61
    397a:	de bf       	out	0x3e, r29	; 62
setup():
/Users/askn/Develop/UPDI4AVR-USB/src/HAL/AVRDU_CNANO.cpp:43
     *
     * V-Target power control: output negative logic.
     */

    /* Enables automatic adjustment of the OSCHF synchronized to the USB SOF. */
    _led_mode = CLKCTRL_OSCHFCTRLA | CLKCTRL_ALGSEL_bm | CLKCTRL_AUTOTUNE_SOF_gc;
    397c:	80 91 68 00 	lds	r24, 0x0068	; 0x800068 <__TEXT_REGION_LENGTH__+0x7f0068>
    3980:	82 64       	ori	r24, 0x42	; 66
    3982:	80 93 57 63 	sts	0x6357, r24	; 0x806357 <_led_mode>
/Users/askn/Develop/UPDI4AVR-USB/src/HAL/AVRDU_CNANO.cpp:44
    _PROTECTED_WRITE(CLKCTRL_OSCHFCTRLA, _led_mode);
    3986:	98 ed       	ldi	r25, 0xD8	; 216
    3988:	94 bf       	out	0x34, r25	; 52
    398a:	80 93 68 00 	sts	0x0068, r24	; 0x800068 <__TEXT_REGION_LENGTH__+0x7f0068>
/Users/askn/Develop/UPDI4AVR-USB/src/HAL/AVRDU_CNANO.cpp:47

    /* Output GPIO */
    VPORTD_DIR = 0b00110111;    /* 5:HVCP2 4:HVCP1 2:HVSL3 1:HVSL2 0:HVSL1 */
    398e:	57 e3       	ldi	r21, 0x37	; 55
    3990:	5c b9       	out	0x0c, r21	; 12
/Users/askn/Develop/UPDI4AVR-USB/src/HAL/AVRDU_CNANO.cpp:50

  #ifdef CONFIG_PGM_VPOWER_ENABLE
    vportRegister(PIN_PGM_VPOWER).DIR |= portBitmask(PIN_PGM_VPOWER);
    3992:	63 9a       	sbi	0x0c, 3	; 12
/Users/askn/Develop/UPDI4AVR-USB/src/HAL/AVRDU_CNANO.cpp:55
  #endif

    /* Pull-Up GPIO */
    /* Grouping consecutive lines that assign the same value results in shorter code. */
    pinControlRegister(PIN_VCP_TXD)      = PORT_PULLUPEN_bm;
    3994:	98 e0       	ldi	r25, 0x08	; 8
    3996:	90 93 12 04 	sts	0x0412, r25	; 0x800412 <__TEXT_REGION_LENGTH__+0x7f0412>
/Users/askn/Develop/UPDI4AVR-USB/src/HAL/AVRDU_CNANO.cpp:56
    pinControlRegister(PIN_VCP_RXD)      = PORT_PULLUPEN_bm;
    399a:	90 93 13 04 	sts	0x0413, r25	; 0x800413 <__TEXT_REGION_LENGTH__+0x7f0413>
/Users/askn/Develop/UPDI4AVR-USB/src/HAL/AVRDU_CNANO.cpp:57
    pinControlRegister(PIN_PGM_TDAT)     = PORT_PULLUPEN_bm;
    399e:	90 93 10 04 	sts	0x0410, r25	; 0x800410 <__TEXT_REGION_LENGTH__+0x7f0410>
/Users/askn/Develop/UPDI4AVR-USB/src/HAL/AVRDU_CNANO.cpp:58
    pinControlRegister(PIN_PGM_TRST)     = PORT_PULLUPEN_bm | PORT_ISC_INPUT_DISABLE_gc;
    39a2:	4c e0       	ldi	r20, 0x0C	; 12
    39a4:	40 93 11 04 	sts	0x0411, r20	; 0x800411 <__TEXT_REGION_LENGTH__+0x7f0411>
/Users/askn/Develop/UPDI4AVR-USB/src/HAL/AVRDU_CNANO.cpp:60
  #ifdef CONFIG_PGM_PDI_ENABLE
    pinControlRegister(PIN_PGM_PDAT)     = 0;
    39a8:	10 92 14 04 	sts	0x0414, r1	; 0x800414 <__TEXT_REGION_LENGTH__+0x7f0414>
/Users/askn/Develop/UPDI4AVR-USB/src/HAL/AVRDU_CNANO.cpp:61
    pinControlRegister(PIN_PGM_PCLK)     = PORT_ISC_INPUT_DISABLE_gc;
    39ac:	64 e0       	ldi	r22, 0x04	; 4
    39ae:	60 93 16 04 	sts	0x0416, r22	; 0x800416 <__TEXT_REGION_LENGTH__+0x7f0416>
/Users/askn/Develop/UPDI4AVR-USB/src/HAL/AVRDU_CNANO.cpp:63
  #endif
    pinControlRegister(PIN_SYS_SW0)      = PORT_PULLUPEN_bm | PORT_ISC_RISING_gc;
    39b2:	2a e0       	ldi	r18, 0x0A	; 10
    39b4:	20 93 b6 04 	sts	0x04B6, r18	; 0x8004b6 <__TEXT_REGION_LENGTH__+0x7f04b6>
/Users/askn/Develop/UPDI4AVR-USB/src/HAL/AVRDU_CNANO.cpp:64
    pinControlRegister(PIN_SYS_LED0)     = PORT_INVEN_bm    | PORT_ISC_INPUT_DISABLE_gc;
    39b8:	84 e8       	ldi	r24, 0x84	; 132
    39ba:	80 93 b2 04 	sts	0x04B2, r24	; 0x8004b2 <__TEXT_REGION_LENGTH__+0x7f04b2>
/Users/askn/Develop/UPDI4AVR-USB/src/HAL/AVRDU_CNANO.cpp:65
    pinControlRegister(PIN_HVC_CHGPUMP1) = PORT_INVEN_bm    | PORT_ISC_INPUT_DISABLE_gc;
    39be:	80 93 74 04 	sts	0x0474, r24	; 0x800474 <__TEXT_REGION_LENGTH__+0x7f0474>
/Users/askn/Develop/UPDI4AVR-USB/src/HAL/AVRDU_CNANO.cpp:74
    /* PORTx event generator */
  #if ((PIN_SYS_SW0 & 0xE0) == (PIN_VCP_RXD & 0xE0))
    portRegister(PIN_SYS_SW0).EVGENCTRLA = pinPosition(PIN_SYS_SW0)       /* EVG0 */
                                         | pinPosition(PIN_VCP_RXD) << 4; /* EVG1 */
  #else
    portRegister(PIN_SYS_SW0).EVGENCTRLA = pinPosition(PIN_SYS_SW0);      /* EVG0 */
    39c2:	86 e0       	ldi	r24, 0x06	; 6
    39c4:	80 93 b8 04 	sts	0x04B8, r24	; 0x8004b8 <__TEXT_REGION_LENGTH__+0x7f04b8>
/Users/askn/Develop/UPDI4AVR-USB/src/HAL/AVRDU_CNANO.cpp:75
    portRegister(PIN_VCP_RXD).EVGENCTRLA = pinPosition(PIN_VCP_RXD) << 4; /* EVG1 */
    39c8:	30 e3       	ldi	r19, 0x30	; 48
    39ca:	30 93 18 04 	sts	0x0418, r19	; 0x800418 <__TEXT_REGION_LENGTH__+0x7f0418>
/Users/askn/Develop/UPDI4AVR-USB/src/HAL/AVRDU_CNANO.cpp:79
  #endif

    /*** Port Multiplexer ***/
    PORTMUX_TCAROUTEA     = PORTMUX_TCA0_PORTD_gc;          /* TCA0_WOn_ALT3 -> PORTD */
    39ce:	03 e0       	ldi	r16, 0x03	; 3
    39d0:	00 93 e7 05 	sts	0x05E7, r16	; 0x8005e7 <__TEXT_REGION_LENGTH__+0x7f05e7>
/Users/askn/Develop/UPDI4AVR-USB/src/HAL/AVRDU_CNANO.cpp:82

    /*** Event System ***/
    EVSYS_CHANNEL0        = EVSYS_CHANNEL_RTC_EVGEN0_gc;    /* 1024Hz periodic.  */
    39d4:	90 93 10 02 	sts	0x0210, r25	; 0x800210 <__TEXT_REGION_LENGTH__+0x7f0210>
/Users/askn/Develop/UPDI4AVR-USB/src/HAL/AVRDU_CNANO.cpp:83
    EVSYS_CHANNEL1        = EVSYS_CHANNEL_RTC_EVGEN1_gc;    /* 128Hz periodic.   */
    39d8:	99 e0       	ldi	r25, 0x09	; 9
    39da:	90 93 11 02 	sts	0x0211, r25	; 0x800211 <__TEXT_REGION_LENGTH__+0x7f0211>
/Users/askn/Develop/UPDI4AVR-USB/src/HAL/AVRDU_CNANO.cpp:84
    EVSYS_CHANNEL2        = EVSYS_CHANNEL_CCL_LUT1_gc;      /* <- Indicator */
    39de:	91 e1       	ldi	r25, 0x11	; 17
    39e0:	90 93 12 02 	sts	0x0212, r25	; 0x800212 <__TEXT_REGION_LENGTH__+0x7f0212>
/Users/askn/Develop/UPDI4AVR-USB/src/HAL/AVRDU_CNANO.cpp:85
    EVSYS_CHANNEL3        = EVSYS_CHANNEL_CCL_LUT2_gc;      /* <- LED0 */
    39e4:	92 e1       	ldi	r25, 0x12	; 18
    39e6:	90 93 13 02 	sts	0x0213, r25	; 0x800213 <__TEXT_REGION_LENGTH__+0x7f0213>
/Users/askn/Develop/UPDI4AVR-USB/src/HAL/AVRDU_CNANO.cpp:86
    EVSYS_CHANNEL4        = EVSYS_CHANNEL_PORTX_EVGEN1(PIN_VCP_RXD);  /* <- VRxD */
    39ea:	31 e4       	ldi	r19, 0x41	; 65
    39ec:	30 93 14 02 	sts	0x0214, r19	; 0x800214 <__TEXT_REGION_LENGTH__+0x7f0214>
/Users/askn/Develop/UPDI4AVR-USB/src/HAL/AVRDU_CNANO.cpp:87
    EVSYS_CHANNEL5        = EVSYS_CHANNEL_PORTX_EVGEN0(PIN_SYS_SW0);  /* <- SW0  */
    39f0:	9a e4       	ldi	r25, 0x4A	; 74
    39f2:	90 93 15 02 	sts	0x0215, r25	; 0x800215 <__TEXT_REGION_LENGTH__+0x7f0215>
/Users/askn/Develop/UPDI4AVR-USB/src/HAL/AVRDU_CNANO.cpp:89

    EVSYS_USEREVSYSEVOUTF = EVSYS_USER_CHANNEL3_gc;         /* LED0 -> EVOUTF:PIN_PF2 */
    39f6:	60 93 2b 02 	sts	0x022B, r22	; 0x80022b <__TEXT_REGION_LENGTH__+0x7f022b>
/Users/askn/Develop/UPDI4AVR-USB/src/HAL/AVRDU_CNANO.cpp:91

    EVSYS_USERCCLLUT0A    = EVSYS_USER_CHANNEL5_gc;         /* <- SW0  */
    39fa:	80 93 20 02 	sts	0x0220, r24	; 0x800220 <__TEXT_REGION_LENGTH__+0x7f0220>
/Users/askn/Develop/UPDI4AVR-USB/src/HAL/AVRDU_CNANO.cpp:92
    EVSYS_USERCCLLUT1A    = EVSYS_USER_CHANNEL4_gc;         /* <- VRxD */
    39fe:	95 e0       	ldi	r25, 0x05	; 5
    3a00:	90 93 22 02 	sts	0x0222, r25	; 0x800222 <__TEXT_REGION_LENGTH__+0x7f0222>
/Users/askn/Develop/UPDI4AVR-USB/src/HAL/AVRDU_CNANO.cpp:93
    EVSYS_USERCCLLUT3A    = EVSYS_USER_CHANNEL4_gc;         /* <- VRxD */
    3a04:	90 93 26 02 	sts	0x0226, r25	; 0x800226 <__TEXT_REGION_LENGTH__+0x7f0226>
/Users/askn/Develop/UPDI4AVR-USB/src/HAL/AVRDU_CNANO.cpp:95

    EVSYS_USERTCB1CAPT    = EVSYS_USER_CHANNEL2_gc;         /* TCB1_CAPT <- Strobe */
    3a08:	00 93 32 02 	sts	0x0232, r16	; 0x800232 <__TEXT_REGION_LENGTH__+0x7f0232>
/Users/askn/Develop/UPDI4AVR-USB/src/HAL/AVRDU_CNANO.cpp:96
    EVSYS_USERTCB0COUNT   = EVSYS_USER_CHANNEL0_gc;         /* TCB0_CLK = 1024Hz */
    3a0c:	11 e0       	ldi	r17, 0x01	; 1
    3a0e:	10 93 31 02 	sts	0x0231, r17	; 0x800231 <__TEXT_REGION_LENGTH__+0x7f0231>
/Users/askn/Develop/UPDI4AVR-USB/src/HAL/AVRDU_CNANO.cpp:101

    /*** CCL0 : SW0 FALLING Interrupt generator ***/
    /* The rising edge of SW0 triggers a PORTx interrupt,
       while the falling edge triggers a CCL interrupt. */
    CCL_TRUTH0    = CCL_TRUTH_1_bm;
    3a12:	62 e0       	ldi	r22, 0x02	; 2
    3a14:	60 93 cb 01 	sts	0x01CB, r22	; 0x8001cb <__TEXT_REGION_LENGTH__+0x7f01cb>
/Users/askn/Develop/UPDI4AVR-USB/src/HAL/AVRDU_CNANO.cpp:102
    CCL_LUT0CTRLB = CCL_INSEL0_EVENTA_gc;                   /* <- EVS_CH5 */
    3a18:	00 93 c9 01 	sts	0x01C9, r16	; 0x8001c9 <__TEXT_REGION_LENGTH__+0x7f01c9>
/Users/askn/Develop/UPDI4AVR-USB/src/HAL/AVRDU_CNANO.cpp:103
    CCL_LUT0CTRLA = CCL_ENABLE_bm | CCL_FILTSEL_FILTER_gc | CCL_CLKSRC_OSC32K_gc;
    3a1c:	7b e2       	ldi	r23, 0x2B	; 43
    3a1e:	70 93 c8 01 	sts	0x01C8, r23	; 0x8001c8 <__TEXT_REGION_LENGTH__+0x7f01c8>
/Users/askn/Develop/UPDI4AVR-USB/src/HAL/AVRDU_CNANO.cpp:104
    CCL_INTCTRL0  = CCL_INTMODE0_FALLING_gc;
    3a22:	60 93 c5 01 	sts	0x01C5, r22	; 0x8001c5 <__TEXT_REGION_LENGTH__+0x7f01c5>
/Users/askn/Develop/UPDI4AVR-USB/src/HAL/AVRDU_CNANO.cpp:107

    /*** CCL1 : VCP Indicator ***/
    CCL_TRUTH1    = CCL_TRUTH_0_bm | CCL_TRUTH_1_bm;
    3a26:	00 93 cf 01 	sts	0x01CF, r16	; 0x8001cf <__TEXT_REGION_LENGTH__+0x7f01cf>
/Users/askn/Develop/UPDI4AVR-USB/src/HAL/AVRDU_CNANO.cpp:108
    CCL_LUT1CTRLB = CCL_INSEL0_USART0_gc                    /* <- UART_TX */
    3a2a:	50 93 cd 01 	sts	0x01CD, r21	; 0x8001cd <__TEXT_REGION_LENGTH__+0x7f01cd>
/Users/askn/Develop/UPDI4AVR-USB/src/HAL/AVRDU_CNANO.cpp:110
                  | CCL_INSEL1_EVENTA_gc;                   /* <- EVS_CH4 : VRxD */
    CCL_LUT1CTRLA = CCL_ENABLE_bm;
    3a2e:	10 93 cc 01 	sts	0x01CC, r17	; 0x8001cc <__TEXT_REGION_LENGTH__+0x7f01cc>
/Users/askn/Develop/UPDI4AVR-USB/src/HAL/AVRDU_CNANO.cpp:113

    /*** CCL3 : LED1 (PF3) generator ***/
    CCL_TRUTH3    = CCL_TRUTH_2_bm | CCL_TRUTH_3_bm;
    3a32:	40 93 d7 01 	sts	0x01D7, r20	; 0x8001d7 <__TEXT_REGION_LENGTH__+0x7f01d7>
/Users/askn/Develop/UPDI4AVR-USB/src/HAL/AVRDU_CNANO.cpp:114
    CCL_LUT3CTRLB = CCL_INSEL0_EVENTA_gc                    /* <- EVS_CH4 : VRxD */
    3a36:	43 ea       	ldi	r20, 0xA3	; 163
    3a38:	40 93 d5 01 	sts	0x01D5, r20	; 0x8001d5 <__TEXT_REGION_LENGTH__+0x7f01d5>
/Users/askn/Develop/UPDI4AVR-USB/src/HAL/AVRDU_CNANO.cpp:116
                  | CCL_INSEL1_TCB1_gc;                     /* <- TCB1_WO */
    CCL_LUT3CTRLA = CCL_ENABLE_bm | CCL_OUTEN_bm;           /* -> PIN_PF3 */
    3a3c:	30 93 d4 01 	sts	0x01D4, r19	; 0x8001d4 <__TEXT_REGION_LENGTH__+0x7f01d4>
/Users/askn/Develop/UPDI4AVR-USB/src/HAL/AVRDU_CNANO.cpp:119

    /*** CCL2 : LED0 (PF2:ORANGE) Heart-Beat generator ***/
    CCL_TRUTH2    = CCL_TRUTH_1_bm | CCL_TRUTH_2_bm;
    3a40:	80 93 d3 01 	sts	0x01D3, r24	; 0x8001d3 <__TEXT_REGION_LENGTH__+0x7f01d3>
/Users/askn/Develop/UPDI4AVR-USB/src/HAL/AVRDU_CNANO.cpp:120
    CCL_LUT2CTRLC = CCL_INSEL2_TCB1_gc;                     /* <- TCB1_WO */
    3a44:	20 93 d2 01 	sts	0x01D2, r18	; 0x8001d2 <__TEXT_REGION_LENGTH__+0x7f01d2>
/Users/askn/Develop/UPDI4AVR-USB/src/HAL/AVRDU_CNANO.cpp:121
    CCL_LUT2CTRLB = CCL_INSEL0_TCA0_gc | CCL_INSEL1_EVENTA_gc;
    3a48:	29 e3       	ldi	r18, 0x39	; 57
    3a4a:	20 93 d1 01 	sts	0x01D1, r18	; 0x8001d1 <__TEXT_REGION_LENGTH__+0x7f01d1>
/Users/askn/Develop/UPDI4AVR-USB/src/HAL/AVRDU_CNANO.cpp:122
    CCL_LUT2CTRLA = CCL_ENABLE_bm;                          /* -> EVS_CH3 */
    3a4e:	10 93 d0 01 	sts	0x01D0, r17	; 0x8001d0 <__TEXT_REGION_LENGTH__+0x7f01d0>
/Users/askn/Develop/UPDI4AVR-USB/src/HAL/AVRDU_CNANO.cpp:126

    /*** CCL enable ***/
    /* One of the CCL's is the LED output control. */
    CCL_CTRLA = CCL_ENABLE_bm;
    3a52:	10 93 c0 01 	sts	0x01C0, r17	; 0x8001c0 <__TEXT_REGION_LENGTH__+0x7f01c0>
/Users/askn/Develop/UPDI4AVR-USB/src/HAL/AVRDU_CNANO.cpp:139
    /*** TCB0 ***/
    /* The TCB0 timer is configured in the SYS and Timeout module. */

    /*** TCB1 ***/
    /* TCB1 is used to control the LED1 blinking rate. */
    TCB1_CCMP   = TM_VCPBL;
    3a56:	21 e6       	ldi	r18, 0x61	; 97
    3a58:	32 e0       	ldi	r19, 0x02	; 2
    3a5a:	20 93 1c 0b 	sts	0x0B1C, r18	; 0x800b1c <__TEXT_REGION_LENGTH__+0x7f0b1c>
    3a5e:	30 93 1d 0b 	sts	0x0B1D, r19	; 0x800b1d <__TEXT_REGION_LENGTH__+0x7f0b1d>
/Users/askn/Develop/UPDI4AVR-USB/src/HAL/AVRDU_CNANO.cpp:140
    TCB1_EVCTRL = TCB_CAPTEI_bm;
    3a62:	10 93 14 0b 	sts	0x0B14, r17	; 0x800b14 <__TEXT_REGION_LENGTH__+0x7f0b14>
/Users/askn/Develop/UPDI4AVR-USB/src/HAL/AVRDU_CNANO.cpp:141
    TCB1_CTRLB  = TCB_CNTMODE_SINGLE_gc;
    3a66:	80 93 11 0b 	sts	0x0B11, r24	; 0x800b11 <__TEXT_REGION_LENGTH__+0x7f0b11>
/Users/askn/Develop/UPDI4AVR-USB/src/HAL/AVRDU_CNANO.cpp:142
    TCB1_CTRLA  = TCB_ENABLE_bm | TCB_CLKSEL_TCA0_gc;
    3a6a:	90 93 10 0b 	sts	0x0B10, r25	; 0x800b10 <__TEXT_REGION_LENGTH__+0x7f0b10>
/Users/askn/Develop/UPDI4AVR-USB/src/HAL/AVRDU_CNANO.cpp:146

    /*** PIT and RTC ***/
    /* EVG0 <- 1024Hz (32768/32) : EVG1 <- 128Hz (32768/256) */
    RTC_PITEVGENCTRLA = RTC_EVGEN0SEL_DIV32_gc | RTC_EVGEN1SEL_DIV256_gc;
    3a6e:	84 e7       	ldi	r24, 0x74	; 116
    3a70:	80 93 56 01 	sts	0x0156, r24	; 0x800156 <__TEXT_REGION_LENGTH__+0x7f0156>
/Users/askn/Develop/UPDI4AVR-USB/src/HAL/AVRDU_CNANO.cpp:147
    RTC_PITCTRLA = RTC_PITEN_bm;
    3a74:	10 93 50 01 	sts	0x0150, r17	; 0x800150 <__TEXT_REGION_LENGTH__+0x7f0150>
/Users/askn/Develop/UPDI4AVR-USB/src/HAL/AVRDU_CNANO.cpp:155
    /* If you are supplying 3V3 to the VUSB pad from an
       external power source, you can comment this out.*/
    // SYSCFG_VUSBCTRL = SYSCFG_USBVREG_bm;

    /* Voltage measurements may initially return erroneous values. */
    _vtarget = get_vdd();
    3a78:	0e 94 04 09 	call	0x1208	; 0x1208 <SYS::get_vdd()>
    3a7c:	80 93 be 60 	sts	0x60BE, r24	; 0x8060be <_vtarget>
    3a80:	90 93 bf 60 	sts	0x60BF, r25	; 0x8060bf <_vtarget+0x1>
beat_tune():
/Users/askn/Develop/UPDI4AVR-USB/src/sys.cpp:236
   * Measures the clock error between OSC32K and OSCHF
   * and compensates for device-to-device variation.
   */
  void beat_tune (void) {
    uint16_t _beat_capt;
    EVSYS_USERTCB0CAPT = EVSYS_USER_CHANNEL0_gc;
    3a84:	10 93 30 02 	sts	0x0230, r17	; 0x800230 <__TEXT_REGION_LENGTH__+0x7f0230>
/Users/askn/Develop/UPDI4AVR-USB/src/sys.cpp:237
    TCB0_EVCTRL = TCB_CAPTEI_bm;
    3a88:	10 93 04 0b 	sts	0x0B04, r17	; 0x800b04 <__TEXT_REGION_LENGTH__+0x7f0b04>
/Users/askn/Develop/UPDI4AVR-USB/src/sys.cpp:238
    TCB0_CTRLB  = TCB_CNTMODE_FRQ_gc;
    3a8c:	00 93 01 0b 	sts	0x0B01, r16	; 0x800b01 <__TEXT_REGION_LENGTH__+0x7f0b01>
/Users/askn/Develop/UPDI4AVR-USB/src/sys.cpp:239
    TCB0_CTRLA  = TCB_ENABLE_bm | TCB_CLKSEL_DIV1_gc;
    3a90:	10 93 00 0b 	sts	0x0B00, r17	; 0x800b00 <__TEXT_REGION_LENGTH__+0x7f0b00>
/Users/askn/Develop/UPDI4AVR-USB/src/sys.cpp:240
    loop_until_bit_is_set(TCB0_INTFLAGS, TCB_CAPT_bp);
    3a94:	80 91 06 0b 	lds	r24, 0x0B06	; 0x800b06 <__TEXT_REGION_LENGTH__+0x7f0b06>
    3a98:	80 ff       	sbrs	r24, 0
    3a9a:	fc cf       	rjmp	.-8      	; 0x3a94 <main+0x126>
/Users/askn/Develop/UPDI4AVR-USB/src/sys.cpp:241
    _beat_capt  = TCB0_CCMP;
    3a9c:	80 91 0c 0b 	lds	r24, 0x0B0C	; 0x800b0c <__TEXT_REGION_LENGTH__+0x7f0b0c>
    3aa0:	90 91 0d 0b 	lds	r25, 0x0B0D	; 0x800b0d <__TEXT_REGION_LENGTH__+0x7f0b0d>
/Users/askn/Develop/UPDI4AVR-USB/src/sys.cpp:242
    loop_until_bit_is_set(TCB0_INTFLAGS, TCB_CAPT_bp);
    3aa4:	80 91 06 0b 	lds	r24, 0x0B06	; 0x800b06 <__TEXT_REGION_LENGTH__+0x7f0b06>
    3aa8:	80 ff       	sbrs	r24, 0
    3aaa:	fc cf       	rjmp	.-8      	; 0x3aa4 <main+0x136>
/Users/askn/Develop/UPDI4AVR-USB/src/sys.cpp:243
    _beat_capt  = TCB0_CCMP;
    3aac:	80 91 0c 0b 	lds	r24, 0x0B0C	; 0x800b0c <__TEXT_REGION_LENGTH__+0x7f0b0c>
    3ab0:	90 91 0d 0b 	lds	r25, 0x0B0D	; 0x800b0d <__TEXT_REGION_LENGTH__+0x7f0b0d>
/Users/askn/Develop/UPDI4AVR-USB/src/sys.cpp:244
    TCB0_CTRLA  = 0;
    3ab4:	10 92 00 0b 	sts	0x0B00, r1	; 0x800b00 <__TEXT_REGION_LENGTH__+0x7f0b00>
/Users/askn/Develop/UPDI4AVR-USB/src/sys.cpp:245
    TCB0_CTRLB  = 0;
    3ab8:	10 92 01 0b 	sts	0x0B01, r1	; 0x800b01 <__TEXT_REGION_LENGTH__+0x7f0b01>
/Users/askn/Develop/UPDI4AVR-USB/src/sys.cpp:246
    TCB0_EVCTRL = 0;
    3abc:	10 92 04 0b 	sts	0x0B04, r1	; 0x800b04 <__TEXT_REGION_LENGTH__+0x7f0b04>
/Users/askn/Develop/UPDI4AVR-USB/src/sys.cpp:247
    TCB0_INTFLAGS = ~0;
    3ac0:	ff 24       	eor	r15, r15
    3ac2:	fa 94       	dec	r15
    3ac4:	f0 92 06 0b 	sts	0x0B06, r15	; 0x800b06 <__TEXT_REGION_LENGTH__+0x7f0b06>
/Users/askn/Develop/UPDI4AVR-USB/src/sys.cpp:248
    _beat = (_beat_capt + 1) >> 7;  /* Values ​​used for the heartbeat */
    3ac8:	01 96       	adiw	r24, 0x01	; 1
    3aca:	88 0f       	add	r24, r24
    3acc:	89 2f       	mov	r24, r25
    3ace:	88 1f       	adc	r24, r24
    3ad0:	99 0b       	sbc	r25, r25
    3ad2:	91 95       	neg	r25
    3ad4:	80 93 c3 60 	sts	0x60C3, r24	; 0x8060c3 <_beat>
/Users/askn/Develop/UPDI4AVR-USB/src/sys.cpp:249
    EVSYS_USERTCB0CAPT = EVSYS_USER_OFF_gc;
    3ad8:	10 92 30 02 	sts	0x0230, r1	; 0x800230 <__TEXT_REGION_LENGTH__+0x7f0230>
main():
/Users/askn/Develop/UPDI4AVR-USB/src/main.cpp:90

  SYS::setup();
  SYS::beat_tune();
  SYS::LED_Blink();
    3adc:	0e 94 46 0d 	call	0x1a8c	; 0x1a8c <SYS::LED_Blink()>
initiate():
/Users/askn/Library/Arduino15/packages/MultiX-Zinnia/hardware/modernAVR/0.4.5/cores/modernAVR/api/cpp/HarfUART.cpp:34
  if (_baudrate <= 63) {
    _baud2x = 1;
    _usart_ctrl_b = USART_RXEN_bm | USART_TXEN_bm | USART_RXMODE_CLK2X_gc;
  }
#endif
  const UART_portmux_t* _mux = portmux;
    3ae0:	02 eb       	ldi	r16, 0xB2	; 178
    3ae2:	10 e6       	ldi	r17, 0x60	; 96
    3ae4:	80 91 b7 60 	lds	r24, 0x60B7	; 0x8060b7 <Serial1C+0x5>
    3ae8:	90 91 b8 60 	lds	r25, 0x60B8	; 0x8060b8 <Serial1C+0x6>
/Users/askn/Library/Arduino15/packages/MultiX-Zinnia/hardware/modernAVR/0.4.5/cores/modernAVR/api/cpp/HarfUART.cpp:35
  register8_t *_portmux = (register8_t*)pgm_read_ptr(&_mux->portmux_reg);
    3aec:	fc 01       	movw	r30, r24
    3aee:	a5 91       	lpm	r26, Z+
    3af0:	b4 91       	lpm	r27, Z
/Users/askn/Library/Arduino15/packages/MultiX-Zinnia/hardware/modernAVR/0.4.5/cores/modernAVR/api/cpp/HarfUART.cpp:36
  *_portmux = (*_portmux & pgm_read_byte(&_mux->portmux_mask))
    3af2:	2c 91       	ld	r18, X
    3af4:	fc 01       	movw	r30, r24
    3af6:	32 96       	adiw	r30, 0x02	; 2
    3af8:	34 91       	lpm	r19, Z
/Users/askn/Library/Arduino15/packages/MultiX-Zinnia/hardware/modernAVR/0.4.5/cores/modernAVR/api/cpp/HarfUART.cpp:37
                         | pgm_read_byte(&_mux->portmux_set);
    3afa:	31 96       	adiw	r30, 0x01	; 1
    3afc:	e4 91       	lpm	r30, Z
/Users/askn/Library/Arduino15/packages/MultiX-Zinnia/hardware/modernAVR/0.4.5/cores/modernAVR/api/cpp/HarfUART.cpp:36
    _usart_ctrl_b = USART_RXEN_bm | USART_TXEN_bm | USART_RXMODE_CLK2X_gc;
  }
#endif
  const UART_portmux_t* _mux = portmux;
  register8_t *_portmux = (register8_t*)pgm_read_ptr(&_mux->portmux_reg);
  *_portmux = (*_portmux & pgm_read_byte(&_mux->portmux_mask))
    3afe:	23 23       	and	r18, r19
/Users/askn/Library/Arduino15/packages/MultiX-Zinnia/hardware/modernAVR/0.4.5/cores/modernAVR/api/cpp/HarfUART.cpp:37
                         | pgm_read_byte(&_mux->portmux_set);
    3b00:	2e 2b       	or	r18, r30
/Users/askn/Library/Arduino15/packages/MultiX-Zinnia/hardware/modernAVR/0.4.5/cores/modernAVR/api/cpp/HarfUART.cpp:36
    _usart_ctrl_b = USART_RXEN_bm | USART_TXEN_bm | USART_RXMODE_CLK2X_gc;
  }
#endif
  const UART_portmux_t* _mux = portmux;
  register8_t *_portmux = (register8_t*)pgm_read_ptr(&_mux->portmux_reg);
  *_portmux = (*_portmux & pgm_read_byte(&_mux->portmux_mask))
    3b02:	2c 93       	st	X, r18
/Users/askn/Library/Arduino15/packages/MultiX-Zinnia/hardware/modernAVR/0.4.5/cores/modernAVR/api/cpp/HarfUART.cpp:38
                         | pgm_read_byte(&_mux->portmux_set);
  PORT_t *_port = pgm_read_ptr(&_mux->port_reg);
    3b04:	fc 01       	movw	r30, r24
    3b06:	34 96       	adiw	r30, 0x04	; 4
    3b08:	a5 91       	lpm	r26, Z+
    3b0a:	b4 91       	lpm	r27, Z
/Users/askn/Library/Arduino15/packages/MultiX-Zinnia/hardware/modernAVR/0.4.5/cores/modernAVR/api/cpp/HarfUART.cpp:39
  _port->DIRSET = pgm_read_byte(&_mux->tx_pin);
    3b0c:	fc 01       	movw	r30, r24
    3b0e:	36 96       	adiw	r30, 0x06	; 6
    3b10:	e4 91       	lpm	r30, Z
    3b12:	11 96       	adiw	r26, 0x01	; 1
    3b14:	ec 93       	st	X, r30
    3b16:	11 97       	sbiw	r26, 0x01	; 1
/Users/askn/Library/Arduino15/packages/MultiX-Zinnia/hardware/modernAVR/0.4.5/cores/modernAVR/api/cpp/HarfUART.cpp:40
  _port->DIRCLR = pgm_read_byte(&_mux->rx_pin);
    3b18:	fc 01       	movw	r30, r24
    3b1a:	37 96       	adiw	r30, 0x07	; 7
    3b1c:	e4 91       	lpm	r30, Z
    3b1e:	12 96       	adiw	r26, 0x02	; 2
    3b20:	ec 93       	st	X, r30
/Users/askn/Library/Arduino15/packages/MultiX-Zinnia/hardware/modernAVR/0.4.5/cores/modernAVR/api/cpp/HarfUART.cpp:41
  (*(register8_t*)pgm_read_ptr(&_mux->rx_pin_ctrl)) = PORT_PULLUPEN_bm
    3b22:	fc 01       	movw	r30, r24
    3b24:	38 96       	adiw	r30, 0x08	; 8
    3b26:	a5 91       	lpm	r26, Z+
    3b28:	b4 91       	lpm	r27, Z
    3b2a:	38 e0       	ldi	r19, 0x08	; 8
    3b2c:	e3 2e       	mov	r14, r19
    3b2e:	ec 92       	st	X, r14
/Users/askn/Library/Arduino15/packages/MultiX-Zinnia/hardware/modernAVR/0.4.5/cores/modernAVR/api/cpp/HarfUART.cpp:43
                                                    | PORT_ISC_INTDISABLE_gc;
  USART_t* _usart = usart;
    3b30:	e0 91 b4 60 	lds	r30, 0x60B4	; 0x8060b4 <Serial1C+0x2>
    3b34:	f0 91 b5 60 	lds	r31, 0x60B5	; 0x8060b5 <Serial1C+0x3>
/Users/askn/Library/Arduino15/packages/MultiX-Zinnia/hardware/modernAVR/0.4.5/cores/modernAVR/api/cpp/HarfUART.cpp:44
  _usart->BAUD = (_baudrate << _baud2x);
    3b38:	80 ea       	ldi	r24, 0xA0	; 160
    3b3a:	90 e0       	ldi	r25, 0x00	; 0
    3b3c:	80 87       	std	Z+8, r24	; 0x08
    3b3e:	91 87       	std	Z+9, r25	; 0x09
/Users/askn/Library/Arduino15/packages/MultiX-Zinnia/hardware/modernAVR/0.4.5/cores/modernAVR/api/cpp/HarfUART.cpp:55
  _usart->CTRLB =  USART_RXEN_bm | USART_TXEN_bm;
  _usart->CTRLA =+ USART_CSIG_NORMAL_gc
                 | USART_CMODE_ASYNCHRONOUS_gc
                 | USART_ENABLE_bm;
#else
  _usart->CTRLA = 0;
    3b40:	15 82       	std	Z+5, r1	; 0x05
/Users/askn/Library/Arduino15/packages/MultiX-Zinnia/hardware/modernAVR/0.4.5/cores/modernAVR/api/cpp/HarfUART.cpp:56
  _usart->CTRLC =+ USART_CHSIZE_8BIT_gc
    3b42:	83 e0       	ldi	r24, 0x03	; 3
    3b44:	87 83       	std	Z+7, r24	; 0x07
/Users/askn/Library/Arduino15/packages/MultiX-Zinnia/hardware/modernAVR/0.4.5/cores/modernAVR/api/cpp/HarfUART.cpp:60
                 | USART_PMODE_DISABLED_gc
                 | USART_CMODE_ASYNCHRONOUS_gc
                 | USART_SBMODE_1BIT_gc;
  _usart->CTRLB = _usart_ctrl_b;
    3b46:	80 ec       	ldi	r24, 0xC0	; 192
    3b48:	86 83       	std	Z+6, r24	; 0x06
delay_millis():
/Users/askn/Library/Arduino15/packages/MultiX-Zinnia/hardware/modernAVR/0.4.5/cores/modernAVR/api/delay_busywait.h:42
  }
}

void delay_millis (uint32_t _ms) {
  if (F_CPU >= 1000000L) {
    __builtin_avr_delay_cycles((F_CPU / 1000L) * _ms);
    3b4a:	2f ef       	ldi	r18, 0xFF	; 255
    3b4c:	3e e9       	ldi	r19, 0x9E	; 158
    3b4e:	44 e2       	ldi	r20, 0x24	; 36
    3b50:	21 50       	subi	r18, 0x01	; 1
    3b52:	30 40       	sbci	r19, 0x00	; 0
    3b54:	40 40       	sbci	r20, 0x00	; 0
    3b56:	e1 f7       	brne	.-8      	; 0x3b50 <main+0x1e2>
    3b58:	00 c0       	rjmp	.+0      	; 0x3b5a <main+0x1ec>
    3b5a:	00 00       	nop
main():
/Users/askn/Develop/UPDI4AVR-USB/src/main.cpp:95

#if defined(DEBUG)
  Serial.begin(CONSOLE_BAUD);
  delay_millis(600);  /* VCP setup delay */
  D1PRINTF("\n<startup>\r\n");
    3b5c:	8e eb       	ldi	r24, 0xBE	; 190
    3b5e:	97 e0       	ldi	r25, 0x07	; 7
    3b60:	9f 93       	push	r25
    3b62:	8f 93       	push	r24
    3b64:	1f 93       	push	r17
    3b66:	0f 93       	push	r16
    3b68:	0e 94 89 0c 	call	0x1912	; 0x1912 <Print::printf(PGM_t const*, ...) [clone .constprop.17]>
/Users/askn/Develop/UPDI4AVR-USB/src/main.cpp:96
  D1PRINTF("F_CPU=%ld\r\n", F_CPU);
    3b6c:	81 e0       	ldi	r24, 0x01	; 1
    3b6e:	8f 93       	push	r24
    3b70:	81 e3       	ldi	r24, 0x31	; 49
    3b72:	8f 93       	push	r24
    3b74:	8d e2       	ldi	r24, 0x2D	; 45
    3b76:	8f 93       	push	r24
    3b78:	1f 92       	push	r1
    3b7a:	82 eb       	ldi	r24, 0xB2	; 178
    3b7c:	97 e0       	ldi	r25, 0x07	; 7
    3b7e:	9f 93       	push	r25
    3b80:	8f 93       	push	r24
    3b82:	1f 93       	push	r17
    3b84:	0f 93       	push	r16
    3b86:	0e 94 89 0c 	call	0x1912	; 0x1912 <Print::printf(PGM_t const*, ...) [clone .constprop.17]>
/Users/askn/Develop/UPDI4AVR-USB/src/main.cpp:97
  D1PRINTF("_AVR_IOXXX_H_=" _AVR_IOXXX_H_ "\r\n");
    3b8a:	84 e9       	ldi	r24, 0x94	; 148
    3b8c:	97 e0       	ldi	r25, 0x07	; 7
    3b8e:	9f 93       	push	r25
    3b90:	8f 93       	push	r24
    3b92:	1f 93       	push	r17
    3b94:	0f 93       	push	r16
    3b96:	0e 94 89 0c 	call	0x1912	; 0x1912 <Print::printf(PGM_t const*, ...) [clone .constprop.17]>
/Users/askn/Develop/UPDI4AVR-USB/src/main.cpp:98
  D1PRINTF("__AVR_ARCH__=%d\r\n", __AVR_ARCH__);
    3b9a:	1f 92       	push	r1
    3b9c:	86 e6       	ldi	r24, 0x66	; 102
    3b9e:	8f 93       	push	r24
    3ba0:	82 e8       	ldi	r24, 0x82	; 130
    3ba2:	97 e0       	ldi	r25, 0x07	; 7
    3ba4:	9f 93       	push	r25
    3ba6:	8f 93       	push	r24
    3ba8:	1f 93       	push	r17
    3baa:	0f 93       	push	r16
    3bac:	0e 94 89 0c 	call	0x1912	; 0x1912 <Print::printf(PGM_t const*, ...) [clone .constprop.17]>
/Users/askn/Develop/UPDI4AVR-USB/src/main.cpp:99
  D1PRINTF("HAL_PROFILE=" HAL_PROFILE "\r\n");
    3bb0:	82 e6       	ldi	r24, 0x62	; 98
    3bb2:	97 e0       	ldi	r25, 0x07	; 7
    3bb4:	9f 93       	push	r25
    3bb6:	8f 93       	push	r24
    3bb8:	1f 93       	push	r17
    3bba:	0f 93       	push	r16
    3bbc:	0e 94 89 0c 	call	0x1912	; 0x1912 <Print::printf(PGM_t const*, ...) [clone .constprop.17]>
/Users/askn/Develop/UPDI4AVR-USB/src/main.cpp:100
  D1PRINTF("BEAT=%d:%d\r\n", _beat, TM_HBEAT);
    3bc0:	1f 92       	push	r1
    3bc2:	1f 92       	push	r1
    3bc4:	1f 92       	push	r1
    3bc6:	87 e9       	ldi	r24, 0x97	; 151
    3bc8:	8f 93       	push	r24
    3bca:	80 91 c3 60 	lds	r24, 0x60C3	; 0x8060c3 <_beat>
    3bce:	1f 92       	push	r1
    3bd0:	8f 93       	push	r24
    3bd2:	85 e5       	ldi	r24, 0x55	; 85
    3bd4:	97 e0       	ldi	r25, 0x07	; 7
    3bd6:	9f 93       	push	r25
    3bd8:	8f 93       	push	r24
    3bda:	1f 93       	push	r17
    3bdc:	0f 93       	push	r16
    3bde:	0e 94 89 0c 	call	0x1912	; 0x1912 <Print::printf(PGM_t const*, ...) [clone .constprop.17]>
/Users/askn/Develop/UPDI4AVR-USB/src/main.cpp:101
  DFLUSH();
    3be2:	cd bf       	out	0x3d, r28	; 61
    3be4:	de bf       	out	0x3e, r29	; 62
    3be6:	80 91 b4 60 	lds	r24, 0x60B4	; 0x8060b4 <Serial1C+0x2>
    3bea:	90 91 b5 60 	lds	r25, 0x60B5	; 0x8060b5 <Serial1C+0x3>
    3bee:	0e 94 1a 06 	call	0xc34	; 0xc34 <UsartBaseClass::flush() [clone .isra.0] [clone .lto_priv.18]>
/Users/askn/Develop/UPDI4AVR-USB/src/main.cpp:104
#endif

  USART::setup();
    3bf2:	0e 94 c3 10 	call	0x2186	; 0x2186 <USART::setup()>
/Users/askn/Develop/UPDI4AVR-USB/src/main.cpp:106

  _PROTECTED_WRITE(WDT_CTRLA, WDT_PERIOD_1KCLK_gc);
    3bf6:	88 ed       	ldi	r24, 0xD8	; 216
    3bf8:	84 bf       	out	0x34, r24	; 52
    3bfa:	e0 92 00 01 	sts	0x0100, r14	; 0x800100 <__TEXT_REGION_LENGTH__+0x7f0100>
/Users/askn/Develop/UPDI4AVR-USB/src/main.cpp:110

#if defined(PIN_SYS_SW0)
  /* Clear the dirty flag before enabling interrupts. */
  vportRegister(PIN_SYS_SW0).INTFLAGS = ~0;
    3bfe:	f7 ba       	out	0x17, r15	; 23
/Users/askn/Develop/UPDI4AVR-USB/src/main.cpp:111
  CCL_INTFLAGS = ~0;
    3c00:	f0 92 c7 01 	sts	0x01C7, r15	; 0x8001c7 <__TEXT_REGION_LENGTH__+0x7f01c7>
/Users/askn/Develop/UPDI4AVR-USB/src/main.cpp:114
#endif

  interrupts();
    3c04:	78 94       	sei
delay_millis():
/Users/askn/Library/Arduino15/packages/MultiX-Zinnia/hardware/modernAVR/0.4.5/cores/modernAVR/api/delay_busywait.h:42
    3c06:	9f e1       	ldi	r25, 0x1F	; 31
    3c08:	e1 ea       	ldi	r30, 0xA1	; 161
    3c0a:	f7 e0       	ldi	r31, 0x07	; 7
    3c0c:	91 50       	subi	r25, 0x01	; 1
    3c0e:	e0 40       	sbci	r30, 0x00	; 0
    3c10:	f0 40       	sbci	r31, 0x00	; 0
    3c12:	e1 f7       	brne	.-8      	; 0x3c0c <main+0x29e>
    3c14:	00 c0       	rjmp	.+0      	; 0x3c16 <main+0x2a8>
    3c16:	00 00       	nop
    3c18:	2f e1       	ldi	r18, 0x1F	; 31
    3c1a:	31 ea       	ldi	r19, 0xA1	; 161
    3c1c:	47 e0       	ldi	r20, 0x07	; 7
    3c1e:	21 50       	subi	r18, 0x01	; 1
    3c20:	30 40       	sbci	r19, 0x00	; 0
    3c22:	40 40       	sbci	r20, 0x00	; 0
    3c24:	e1 f7       	brne	.-8      	; 0x3c1e <main+0x2b0>
    3c26:	00 c0       	rjmp	.+0      	; 0x3c28 <main+0x2ba>
    3c28:	00 00       	nop
setup_device():
/Users/askn/Develop/UPDI4AVR-USB/src/usb.cpp:237
    EP_MEM.cci_header.wLength       = 2;
    EP_MEM.cci_wValue               = _state;
  }

  void setup_device (bool _force) {
    if (_led_mode != 3) SYS::LED_Flash();
    3c2a:	80 91 57 63 	lds	r24, 0x6357	; 0x806357 <_led_mode>
    3c2e:	83 30       	cpi	r24, 0x03	; 3
    3c30:	11 f0       	breq	.+4      	; 0x3c36 <main+0x2c8>
    3c32:	0e 94 4f 0d 	call	0x1a9e	; 0x1a9e <SYS::LED_Flash()>
/Users/askn/Develop/UPDI4AVR-USB/src/usb.cpp:238
    USB0_ADDR = 0;
    3c36:	10 92 03 0c 	sts	0x0C03, r1	; 0x800c03 <__TEXT_REGION_LENGTH__+0x7f0c03>
/Users/askn/Develop/UPDI4AVR-USB/src/usb.cpp:239
    if (USB0_CTRLA || _force) {
    3c3a:	80 91 00 0c 	lds	r24, 0x0C00	; 0x800c00 <__TEXT_REGION_LENGTH__+0x7f0c00>
    3c3e:	0e 94 6e 10 	call	0x20dc	; 0x20dc <USB::setup_device(bool) [clone .part.2]>
main():
/Users/askn/Develop/UPDI4AVR-USB/src/main.cpp:124
  SYS::delay_125ms();
  USB::setup_device(true);
#endif

  /* From here on, it's an endless loop. */
  D1PRINTF("<WAITING>\r\n");
    3c42:	89 e4       	ldi	r24, 0x49	; 73
    3c44:	97 e0       	ldi	r25, 0x07	; 7
    3c46:	9f 93       	push	r25
    3c48:	8f 93       	push	r24
    3c4a:	82 eb       	ldi	r24, 0xB2	; 178
    3c4c:	90 e6       	ldi	r25, 0x60	; 96
    3c4e:	9f 93       	push	r25
    3c50:	8f 93       	push	r24
    3c52:	0e 94 89 0c 	call	0x1912	; 0x1912 <Print::printf(PGM_t const*, ...) [clone .constprop.17]>
    3c56:	0f 90       	pop	r0
    3c58:	0f 90       	pop	r0
    3c5a:	0f 90       	pop	r0
    3c5c:	0f 90       	pop	r0
/Users/askn/Develop/UPDI4AVR-USB/src/main.cpp:125
  bool _wdt = true;
    3c5e:	dd 24       	eor	r13, r13
    3c60:	d3 94       	inc	r13
handling_control_transactions():
/Users/askn/Develop/UPDI4AVR-USB/src/usb.cpp:645
  /* This process is equivalent to a endpoint interrupt. */
  /* The reason for using polling is to prioritize VCP performance. */
  void handling_control_transactions (void) {
    bool _listen = false;
    uint8_t bmRequestType = EP_MEM.req_data.bmRequestType;
    D1PRINTF("RQ=%02X:%04X:%02X:%02X:%04X:%04X:%04X\r\n",
    3c62:	02 eb       	ldi	r16, 0xB2	; 178
    3c64:	10 e6       	ldi	r17, 0x60	; 96
request_class():
/Users/askn/Develop/UPDI4AVR-USB/src/usb.cpp:611
    else if (bRequest == 0x21) {  /* GET_LINE_ENCODING */
      memcpy(&EP_MEM.res_encoding, &_set_line_encoding, sizeof(LineEncoding_t));
      if (EP_MEM.res_encoding.dwDTERate == 0) {
        /* Parameters that, if incorrectly accepted,           */
        /* would result in division by zero must be corrected. */
        EP_MEM.res_encoding.dwDTERate = 9600UL;
    3c66:	b0 e8       	ldi	r27, 0x80	; 128
    3c68:	8b 2e       	mov	r8, r27
    3c6a:	b5 e2       	ldi	r27, 0x25	; 37
    3c6c:	9b 2e       	mov	r9, r27
    3c6e:	a1 2c       	mov	r10, r1
    3c70:	b1 2c       	mov	r11, r1
request_standard():
/Users/askn/Develop/UPDI4AVR-USB/src/usb.cpp:566
    }
    else if (bRequest == 0x0A) {  /* GET_INTREFACE */
      /* It seems not to be used. */
      D1PRINTF("<SI:0>\r\n");
      EP_MEM.res_data[0] = 0;
      EP_RES.CNT = 1;
    3c72:	66 24       	eor	r6, r6
    3c74:	63 94       	inc	r6
    3c76:	71 2c       	mov	r7, r1
    3c78:	ce 01       	movw	r24, r28
    3c7a:	05 96       	adiw	r24, 0x05	; 5
    3c7c:	8d 83       	std	Y+5, r24	; 0x05
    3c7e:	9e 83       	std	Y+6, r25	; 0x06
main():
/Users/askn/Develop/UPDI4AVR-USB/src/main.cpp:127
  while (true) {
    if (_wdt) wdt_reset();
    3c80:	dd 20       	and	r13, r13
    3c82:	19 f0       	breq	.+6      	; 0x3c8a <main+0x31c>
    3c84:	a8 95       	wdr
    3c86:	dd 24       	eor	r13, r13
    3c88:	d3 94       	inc	r13
handling_bus_events():
/Users/askn/Develop/UPDI4AVR-USB/src/usb.cpp:673

  /*** This process is equivalent to a bus interrupt. ***/
  /* The reason for using polling is to prioritize VCP performance. */
  /* The trade-off is that power standby is not available. */
  void handling_bus_events (void) {
    uint8_t busstate = USB0_INTFLAGSA;
    3c8a:	f0 90 0a 0c 	lds	r15, 0x0C0A	; 0x800c0a <__TEXT_REGION_LENGTH__+0x7f0c0a>
/Users/askn/Develop/UPDI4AVR-USB/src/usb.cpp:674
    USB0_INTFLAGSA = busstate;
    3c8e:	f0 92 0a 0c 	sts	0x0C0A, r15	; 0x800c0a <__TEXT_REGION_LENGTH__+0x7f0c0a>
/Users/askn/Develop/UPDI4AVR-USB/src/usb.cpp:700
    }
    if (bit_is_set(busstate, USB_RESUME_bp)) {
      D1PRINTF("<RESUME:%04X>\r\n", USB0_ADDR);
    }
  #endif
    if (bit_is_set(busstate, USB_SOF_bp)) {
    3c92:	f7 fe       	sbrs	r15, 7
    3c94:	14 c0       	rjmp	.+40     	; 0x3cbe <main+0x350>
/Users/askn/Develop/UPDI4AVR-USB/src/usb.cpp:702
      /* If there is deferred data for a block transfer, it is sent here. */
      if (_sof_count > 0 && 0 == (--_sof_count)) {
    3c96:	80 91 74 64 	lds	r24, 0x6474	; 0x806474 <_sof_count>
    3c9a:	88 23       	and	r24, r24
    3c9c:	81 f0       	breq	.+32     	; 0x3cbe <main+0x350>
    3c9e:	80 91 74 64 	lds	r24, 0x6474	; 0x806474 <_sof_count>
    3ca2:	81 50       	subi	r24, 0x01	; 1
    3ca4:	80 93 74 64 	sts	0x6474, r24	; 0x806474 <_sof_count>
    3ca8:	81 11       	cpse	r24, r1
    3caa:	09 c0       	rjmp	.+18     	; 0x3cbe <main+0x350>
/Users/askn/Develop/UPDI4AVR-USB/src/usb.cpp:703
        if (bit_is_set(EP_CDI.STATUS, USB_BUSNAK_bp) && _send_count > 0) {
    3cac:	80 91 ba 64 	lds	r24, 0x64BA	; 0x8064ba <EP_TABLE+0x40>
    3cb0:	81 ff       	sbrs	r24, 1
    3cb2:	05 c0       	rjmp	.+10     	; 0x3cbe <main+0x350>
    3cb4:	80 91 77 64 	lds	r24, 0x6477	; 0x806477 <_send_count>
    3cb8:	81 11       	cpse	r24, r1
/Users/askn/Develop/UPDI4AVR-USB/src/usb.cpp:704
          ep_cdi_listen();
    3cba:	0e 94 ce 05 	call	0xb9c	; 0xb9c <USB::ep_cdi_listen()>
/Users/askn/Develop/UPDI4AVR-USB/src/usb.cpp:709
        }
      }
    }
    if (bit_is_set(busstate, USB_SUSPEND_bp)
     || bit_is_set(busstate, USB_RESUME_bp)) {
    3cbe:	8f 2d       	mov	r24, r15
    3cc0:	80 76       	andi	r24, 0x60	; 96
    3cc2:	c1 f0       	breq	.+48     	; 0x3cf4 <main+0x386>
/Users/askn/Develop/UPDI4AVR-USB/src/usb.cpp:712
      /* This implementation does not transition to power saving mode. */
      /* This is only passed when the USB cable is unplugged. */
      if (bit_is_set(GPCONF, GPCONF_USB_bp)) {
    3cc4:	f0 9b       	sbis	0x1e, 0	; 30
    3cc6:	14 c0       	rjmp	.+40     	; 0x3cf0 <main+0x382>
usb_detach():
/Users/askn/Develop/UPDI4AVR-USB/src/usb.cpp:259
      USB0_CTRLA = USB_ENABLE_bm | (USB_ENDPOINTS_MAX - 1);
    }
  }

  void usb_detach (void) {
    bit_clear(USB0_CTRLB, USB_ATTACH_bp);
    3cc8:	80 91 01 0c 	lds	r24, 0x0C01	; 0x800c01 <__TEXT_REGION_LENGTH__+0x7f0c01>
    3ccc:	8e 7f       	andi	r24, 0xFE	; 254
    3cce:	80 93 01 0c 	sts	0x0C01, r24	; 0x800c01 <__TEXT_REGION_LENGTH__+0x7f0c01>
/Users/askn/Develop/UPDI4AVR-USB/src/usb.cpp:260
    bit_clear(GPCONF, GPCONF_USB_bp);
    3cd2:	f0 98       	cbi	0x1e, 0	; 30
/Users/askn/Develop/UPDI4AVR-USB/src/usb.cpp:261
    wdt_reset();
    3cd4:	a8 95       	wdr
delay_millis():
/Users/askn/Library/Arduino15/packages/MultiX-Zinnia/hardware/modernAVR/0.4.5/cores/modernAVR/api/delay_busywait.h:42
    3cd6:	9f e1       	ldi	r25, 0x1F	; 31
    3cd8:	e1 ea       	ldi	r30, 0xA1	; 161
    3cda:	f7 e0       	ldi	r31, 0x07	; 7
    3cdc:	91 50       	subi	r25, 0x01	; 1
    3cde:	e0 40       	sbci	r30, 0x00	; 0
    3ce0:	f0 40       	sbci	r31, 0x00	; 0
    3ce2:	e1 f7       	brne	.-8      	; 0x3cdc <main+0x36e>
    3ce4:	00 c0       	rjmp	.+0      	; 0x3ce6 <main+0x378>
    3ce6:	00 00       	nop
usb_detach():
/Users/askn/Develop/UPDI4AVR-USB/src/usb.cpp:263
    SYS::delay_125ms();
    USB0_CTRLA = 0;
    3ce8:	10 92 00 0c 	sts	0x0C00, r1	; 0x800c00 <__TEXT_REGION_LENGTH__+0x7f0c00>
reset_leave():
/Users/askn/Develop/UPDI4AVR-USB/src/sys.cpp:346
  #endif
      D1PRINTF("<RST:OUT>\r\n");
      DFLUSH();
      if (bit_is_set(GPCONF, GPCONF_USB_bp))
        LED_HeartBeat();  /* The USB is ready. */
      else reboot();      /* USB disconnected, System reboot. */
    3cec:	0e 94 58 0d 	call	0x1ab0	; 0x1ab0 <SYS::reboot()>
handling_bus_events():
/Users/askn/Develop/UPDI4AVR-USB/src/usb.cpp:717
      if (bit_is_set(GPCONF, GPCONF_USB_bp)) {
        /* System reboot */
        usb_detach();
        SYS::reboot();
      }
      bit_set(busstate, USB_RESET_bp);
    3cf0:	68 94       	set
    3cf2:	f4 f8       	bld	r15, 4
/Users/askn/Develop/UPDI4AVR-USB/src/usb.cpp:719
    }
    if (bit_is_set(busstate, USB_RESET_bp)) {
    3cf4:	f4 fe       	sbrs	r15, 4
    3cf6:	0d c0       	rjmp	.+26     	; 0x3d12 <main+0x3a4>
setup_device():
/Users/askn/Develop/UPDI4AVR-USB/src/usb.cpp:237
    EP_MEM.cci_header.wLength       = 2;
    EP_MEM.cci_wValue               = _state;
  }

  void setup_device (bool _force) {
    if (_led_mode != 3) SYS::LED_Flash();
    3cf8:	80 91 57 63 	lds	r24, 0x6357	; 0x806357 <_led_mode>
    3cfc:	83 30       	cpi	r24, 0x03	; 3
    3cfe:	11 f0       	breq	.+4      	; 0x3d04 <main+0x396>
    3d00:	0e 94 4f 0d 	call	0x1a9e	; 0x1a9e <SYS::LED_Flash()>
/Users/askn/Develop/UPDI4AVR-USB/src/usb.cpp:238
    USB0_ADDR = 0;
    3d04:	10 92 03 0c 	sts	0x0C03, r1	; 0x800c03 <__TEXT_REGION_LENGTH__+0x7f0c03>
/Users/askn/Develop/UPDI4AVR-USB/src/usb.cpp:239
    if (USB0_CTRLA || _force) {
    3d08:	80 91 00 0c 	lds	r24, 0x0C00	; 0x800c00 <__TEXT_REGION_LENGTH__+0x7f0c00>
    3d0c:	81 11       	cpse	r24, r1
    3d0e:	0e 94 6e 10 	call	0x20dc	; 0x20dc <USB::setup_device(bool) [clone .part.2]>
is_ep_setup():
/Users/askn/Develop/UPDI4AVR-USB/src/usb.cpp:268
    USB0_CTRLA = 0;
  }

  // MARK: Endpoint

  bool is_ep_setup (void) { return bit_is_set(EP_REQ.STATUS, USB_EPSETUP_bp); }
    3d12:	80 91 82 64 	lds	r24, 0x6482	; 0x806482 <EP_TABLE+0x8>
main():
/Users/askn/Develop/UPDI4AVR-USB/src/main.cpp:131

    /*** USB control handling ***/
    USB::handling_bus_events();
    if (USB::is_ep_setup()) USB::handling_control_transactions();
    3d16:	84 ff       	sbrs	r24, 4
    3d18:	06 c1       	rjmp	.+524    	; 0x3f26 <main+0x5b8>
handling_control_transactions():
/Users/askn/Develop/UPDI4AVR-USB/src/usb.cpp:644
  /*** Accept the EP0 setup packet. ***/
  /* This process is equivalent to a endpoint interrupt. */
  /* The reason for using polling is to prioritize VCP performance. */
  void handling_control_transactions (void) {
    bool _listen = false;
    uint8_t bmRequestType = EP_MEM.req_data.bmRequestType;
    3d1a:	f0 90 5c 63 	lds	r15, 0x635C	; 0x80635c <EP_MEM>
/Users/askn/Develop/UPDI4AVR-USB/src/usb.cpp:645
    D1PRINTF("RQ=%02X:%04X:%02X:%02X:%04X:%04X:%04X\r\n",
    3d1e:	80 91 84 64 	lds	r24, 0x6484	; 0x806484 <EP_TABLE+0xa>
    3d22:	90 91 85 64 	lds	r25, 0x6485	; 0x806485 <EP_TABLE+0xb>
    3d26:	20 91 82 64 	lds	r18, 0x6482	; 0x806482 <EP_TABLE+0x8>
    3d2a:	30 91 63 63 	lds	r19, 0x6363	; 0x806363 <EP_MEM+0x7>
    3d2e:	3f 93       	push	r19
    3d30:	30 91 62 63 	lds	r19, 0x6362	; 0x806362 <EP_MEM+0x6>
    3d34:	3f 93       	push	r19
    3d36:	30 91 61 63 	lds	r19, 0x6361	; 0x806361 <EP_MEM+0x5>
    3d3a:	3f 93       	push	r19
    3d3c:	30 91 60 63 	lds	r19, 0x6360	; 0x806360 <EP_MEM+0x4>
    3d40:	3f 93       	push	r19
    3d42:	30 91 5f 63 	lds	r19, 0x635F	; 0x80635f <EP_MEM+0x3>
    3d46:	3f 93       	push	r19
    3d48:	30 91 5e 63 	lds	r19, 0x635E	; 0x80635e <EP_MEM+0x2>
    3d4c:	3f 93       	push	r19
    3d4e:	30 91 5d 63 	lds	r19, 0x635D	; 0x80635d <EP_MEM+0x1>
    3d52:	1f 92       	push	r1
    3d54:	3f 93       	push	r19
    3d56:	1f 92       	push	r1
    3d58:	ff 92       	push	r15
    3d5a:	9f 93       	push	r25
    3d5c:	8f 93       	push	r24
    3d5e:	1f 92       	push	r1
    3d60:	2f 93       	push	r18
    3d62:	2c e8       	ldi	r18, 0x8C	; 140
    3d64:	32 e0       	ldi	r19, 0x02	; 2
    3d66:	3f 93       	push	r19
    3d68:	2f 93       	push	r18
    3d6a:	1f 93       	push	r17
    3d6c:	0f 93       	push	r16
    3d6e:	0e 94 89 0c 	call	0x1912	; 0x1912 <Print::printf(PGM_t const*, ...) [clone .constprop.17]>
/Users/askn/Develop/UPDI4AVR-USB/src/usb.cpp:649
      EP_REQ.STATUS, EP_REQ.CNT, EP_MEM.req_data.bmRequestType, EP_MEM.req_data.bRequest,
      EP_MEM.req_data.wValue, EP_MEM.req_data.wIndex, EP_MEM.req_data.wLength);
    /* Accepts subsequent EP0_DATA packets as needed. */
    if (bit_is_clear(bmRequestType, 7)) ep_req_listen();
    3d72:	cd bf       	out	0x3d, r28	; 61
    3d74:	de bf       	out	0x3e, r29	; 62
    3d76:	f7 fe       	sbrs	r15, 7
    3d78:	0e 94 0e 06 	call	0xc1c	; 0xc1c <USB::ep_req_listen()>
/Users/askn/Develop/UPDI4AVR-USB/src/usb.cpp:650
    bmRequestType &= (3 << 5);
    3d7c:	8f 2d       	mov	r24, r15
    3d7e:	80 76       	andi	r24, 0x60	; 96
/Users/askn/Develop/UPDI4AVR-USB/src/usb.cpp:651
    if (bmRequestType == (0 << 5)) {
    3d80:	09 f0       	breq	.+2      	; 0x3d84 <main+0x416>
    3d82:	17 c2       	rjmp	.+1070   	; 0x41b2 <main+0x844>
request_standard():
/Users/askn/Develop/UPDI4AVR-USB/src/usb.cpp:513
  // MARK: USB Session

  /*** USB Standard Request Enumeration. ***/
  bool request_standard (void) {
    bool _listen = true;
    uint8_t bRequest = EP_MEM.req_data.bRequest;
    3d84:	80 91 5d 63 	lds	r24, 0x635D	; 0x80635d <EP_MEM+0x1>
/Users/askn/Develop/UPDI4AVR-USB/src/usb.cpp:514
    if (bRequest == 0x00) {       /* GET_STATUS */
    3d88:	81 11       	cpse	r24, r1
    3d8a:	0f c0       	rjmp	.+30     	; 0x3daa <main+0x43c>
/Users/askn/Develop/UPDI4AVR-USB/src/usb.cpp:515
      EP_MEM.res_data[0] = 0;
    3d8c:	10 92 64 63 	sts	0x6364, r1	; 0x806364 <EP_MEM+0x8>
/Users/askn/Develop/UPDI4AVR-USB/src/usb.cpp:516
      EP_MEM.res_data[1] = 0;
    3d90:	10 92 65 63 	sts	0x6365, r1	; 0x806365 <EP_MEM+0x9>
/Users/askn/Develop/UPDI4AVR-USB/src/usb.cpp:517
      EP_RES.CNT = 2;
    3d94:	82 e0       	ldi	r24, 0x02	; 2
    3d96:	90 e0       	ldi	r25, 0x00	; 0
    3d98:	80 93 8c 64 	sts	0x648C, r24	; 0x80648c <EP_TABLE+0x12>
    3d9c:	90 93 8d 64 	sts	0x648D, r25	; 0x80648d <EP_TABLE+0x13>
handling_control_transactions():
/Users/askn/Develop/UPDI4AVR-USB/src/usb.cpp:663
    else if (bmRequestType == (2 << 5)) {
      _listen = request_vendor();
    }
  #endif
    if (_listen) {
      ep_res_listen();
    3da0:	0e 94 02 06 	call	0xc04	; 0xc04 <USB::ep_res_listen()>
/Users/askn/Develop/UPDI4AVR-USB/src/usb.cpp:664
      ep_req_listen();
    3da4:	0e 94 0e 06 	call	0xc1c	; 0xc1c <USB::ep_req_listen()>
    3da8:	b9 c0       	rjmp	.+370    	; 0x3f1c <main+0x5ae>
request_standard():
/Users/askn/Develop/UPDI4AVR-USB/src/usb.cpp:519
    if (bRequest == 0x00) {       /* GET_STATUS */
      EP_MEM.res_data[0] = 0;
      EP_MEM.res_data[1] = 0;
      EP_RES.CNT = 2;
    }
    else if (bRequest == 0x01) {  /* CLEAR_FEATURE */
    3daa:	81 30       	cpi	r24, 0x01	; 1
    3dac:	79 f5       	brne	.+94     	; 0x3e0c <main+0x49e>
/Users/askn/Develop/UPDI4AVR-USB/src/usb.cpp:520
      D1PRINTF(" CF=%02X:%02X\r\n", EP_MEM.req_data.wValue, EP_MEM.req_data.wIndex);
    3dae:	80 91 61 63 	lds	r24, 0x6361	; 0x806361 <EP_MEM+0x5>
    3db2:	8f 93       	push	r24
    3db4:	80 91 60 63 	lds	r24, 0x6360	; 0x806360 <EP_MEM+0x4>
    3db8:	8f 93       	push	r24
    3dba:	80 91 5f 63 	lds	r24, 0x635F	; 0x80635f <EP_MEM+0x3>
    3dbe:	8f 93       	push	r24
    3dc0:	80 91 5e 63 	lds	r24, 0x635E	; 0x80635e <EP_MEM+0x2>
    3dc4:	8f 93       	push	r24
    3dc6:	8d e4       	ldi	r24, 0x4D	; 77
    3dc8:	92 e0       	ldi	r25, 0x02	; 2
    3dca:	9f 93       	push	r25
    3dcc:	8f 93       	push	r24
    3dce:	1f 93       	push	r17
    3dd0:	0f 93       	push	r16
    3dd2:	0e 94 89 0c 	call	0x1912	; 0x1912 <Print::printf(PGM_t const*, ...) [clone .constprop.17]>
/Users/askn/Develop/UPDI4AVR-USB/src/usb.cpp:521
      if (0 == (uint8_t)EP_MEM.req_data.wValue) {
    3dd6:	cd bf       	out	0x3d, r28	; 61
    3dd8:	de bf       	out	0x3e, r29	; 62
    3dda:	80 91 5e 63 	lds	r24, 0x635E	; 0x80635e <EP_MEM+0x2>
    3dde:	81 11       	cpse	r24, r1
    3de0:	10 c0       	rjmp	.+32     	; 0x3e02 <main+0x494>
/Users/askn/Develop/UPDI4AVR-USB/src/usb.cpp:524
        /* Expects an endpoint number to be passed in. Swaps the high and low */
        /* nibbles to make it a representation of the USB controller. */
        uint8_t _EP = USB_EP_ID_SWAP(EP_MEM.req_data.wIndex);
    3de2:	e0 91 60 63 	lds	r30, 0x6360	; 0x806360 <EP_MEM+0x4>
    3de6:	e2 95       	swap	r30
/Users/askn/Develop/UPDI4AVR-USB/src/usb.cpp:525
        loop_until_bit_is_clear(USB0_INTFLAGSB, USB_RMWBUSY_bp);
    3de8:	80 91 0b 0c 	lds	r24, 0x0C0B	; 0x800c0b <__TEXT_REGION_LENGTH__+0x7f0c0b>
    3dec:	82 fd       	sbrc	r24, 2
    3dee:	fc cf       	rjmp	.-8      	; 0x3de8 <main+0x47a>
/Users/askn/Develop/UPDI4AVR-USB/src/usb.cpp:526
        USB_EP_STATUS_CLR(_EP) = USB_STALLED_bm | USB_BUSNAK_bm | USB_TOGGLE_bm;
    3df0:	f0 e0       	ldi	r31, 0x00	; 0
    3df2:	f5 95       	asr	r31
    3df4:	e7 95       	ror	r30
    3df6:	f5 95       	asr	r31
    3df8:	e7 95       	ror	r30
    3dfa:	e0 5c       	subi	r30, 0xC0	; 192
    3dfc:	f3 4f       	sbci	r31, 0xF3	; 243
    3dfe:	8b e0       	ldi	r24, 0x0B	; 11
    3e00:	80 83       	st	Z, r24
request_class():
/Users/askn/Develop/UPDI4AVR-USB/src/usb.cpp:631
      /* Nothing else is used unless programmed by the application. */
      D1PRINTF(" SB=%04X\r\n", EP_MEM.req_data.wValue);
      _send_break = EP_MEM.req_data.wValue;
      if (_send_break) break_on();
      else break_off();
      EP_RES.CNT = 0;
    3e02:	10 92 8c 64 	sts	0x648C, r1	; 0x80648c <EP_TABLE+0x12>
    3e06:	10 92 8d 64 	sts	0x648D, r1	; 0x80648d <EP_TABLE+0x13>
    3e0a:	ca cf       	rjmp	.-108    	; 0x3da0 <main+0x432>
request_standard():
/Users/askn/Develop/UPDI4AVR-USB/src/usb.cpp:530
        loop_until_bit_is_clear(USB0_INTFLAGSB, USB_RMWBUSY_bp);
        USB_EP_STATUS_CLR(_EP) = USB_STALLED_bm | USB_BUSNAK_bm | USB_TOGGLE_bm;
      }
      EP_RES.CNT = 0;
    }
    else if (bRequest == 0x04) {  /* SET_FEATURE */
    3e0c:	84 30       	cpi	r24, 0x04	; 4
    3e0e:	d9 f4       	brne	.+54     	; 0x3e46 <main+0x4d8>
/Users/askn/Develop/UPDI4AVR-USB/src/usb.cpp:532
      /* If used, it will be ignored. */
      D1PRINTF(" SF=%02X:%02X\r\n", EP_MEM.req_data.wValue, EP_MEM.req_data.wIndex);
    3e10:	80 91 61 63 	lds	r24, 0x6361	; 0x806361 <EP_MEM+0x5>
    3e14:	8f 93       	push	r24
    3e16:	80 91 60 63 	lds	r24, 0x6360	; 0x806360 <EP_MEM+0x4>
    3e1a:	8f 93       	push	r24
    3e1c:	80 91 5f 63 	lds	r24, 0x635F	; 0x80635f <EP_MEM+0x3>
    3e20:	8f 93       	push	r24
    3e22:	80 91 5e 63 	lds	r24, 0x635E	; 0x80635e <EP_MEM+0x2>
    3e26:	8f 93       	push	r24
    3e28:	8d e3       	ldi	r24, 0x3D	; 61
    3e2a:	92 e0       	ldi	r25, 0x02	; 2
    3e2c:	9f 93       	push	r25
    3e2e:	8f 93       	push	r24
    3e30:	1f 93       	push	r17
    3e32:	0f 93       	push	r16
    3e34:	0e 94 89 0c 	call	0x1912	; 0x1912 <Print::printf(PGM_t const*, ...) [clone .constprop.17]>
/Users/askn/Develop/UPDI4AVR-USB/src/usb.cpp:533
      EP_RES.CNT = 0;
    3e38:	10 92 8c 64 	sts	0x648C, r1	; 0x80648c <EP_TABLE+0x12>
    3e3c:	10 92 8d 64 	sts	0x648D, r1	; 0x80648d <EP_TABLE+0x13>
    3e40:	cd bf       	out	0x3d, r28	; 61
    3e42:	de bf       	out	0x3e, r29	; 62
    3e44:	ad cf       	rjmp	.-166    	; 0x3da0 <main+0x432>
/Users/askn/Develop/UPDI4AVR-USB/src/usb.cpp:535
    }
    else if (bRequest == 0x05) {  /* SET_ADDRESS */
    3e46:	85 30       	cpi	r24, 0x05	; 5
    3e48:	a1 f4       	brne	.+40     	; 0x3e72 <main+0x504>
/Users/askn/Develop/UPDI4AVR-USB/src/usb.cpp:536
      uint8_t _addr = EP_MEM.req_data.wValue & 0x7F;
    3e4a:	80 91 5e 63 	lds	r24, 0x635E	; 0x80635e <EP_MEM+0x2>
    3e4e:	f8 2e       	mov	r15, r24
    3e50:	e8 94       	clt
    3e52:	f7 f8       	bld	r15, 7
/Users/askn/Develop/UPDI4AVR-USB/src/usb.cpp:537
      ep_res_listen();
    3e54:	0e 94 02 06 	call	0xc04	; 0xc04 <USB::ep_res_listen()>
ep_res_pending():
/Users/askn/Develop/UPDI4AVR-USB/src/usb.cpp:271
  // MARK: Endpoint

  bool is_ep_setup (void) { return bit_is_set(EP_REQ.STATUS, USB_EPSETUP_bp); }
  bool is_not_dap (void) { return bit_is_clear(EP_DPO.STATUS, USB_BUSNAK_bp); }
  void ep_req_pending (void) { loop_until_bit_is_set(EP_REQ.STATUS, USB_BUSNAK_bp); }
  void ep_res_pending (void) { loop_until_bit_is_set(EP_RES.STATUS, USB_BUSNAK_bp); }
    3e58:	80 91 8a 64 	lds	r24, 0x648A	; 0x80648a <EP_TABLE+0x10>
    3e5c:	81 ff       	sbrs	r24, 1
    3e5e:	fc cf       	rjmp	.-8      	; 0x3e58 <main+0x4ea>
request_standard():
/Users/askn/Develop/UPDI4AVR-USB/src/usb.cpp:539
    }
    else if (bRequest == 0x05) {  /* SET_ADDRESS */
      uint8_t _addr = EP_MEM.req_data.wValue & 0x7F;
      ep_res_listen();
      ep_res_pending();
      USB0_ADDR = _addr;
    3e60:	f0 92 03 0c 	sts	0x0C03, r15	; 0x800c03 <__TEXT_REGION_LENGTH__+0x7f0c03>
/Users/askn/Develop/UPDI4AVR-USB/src/usb.cpp:540
      D1PRINTF(" USB0_ADDR=%d\r\n", _addr);
    3e64:	1f 92       	push	r1
    3e66:	ff 92       	push	r15
    3e68:	8d e2       	ldi	r24, 0x2D	; 45
    3e6a:	92 e0       	ldi	r25, 0x02	; 2
    3e6c:	9f 93       	push	r25
request_class():
/Users/askn/Develop/UPDI4AVR-USB/src/usb.cpp:586
    bool _listen = true;
    uint8_t bRequest = EP_MEM.req_data.bRequest;
    if (bRequest == 0x0A) {       /* SET_IDLE */
      /* This is a HID Compliance Class Request. */
      /* It is called but not used. */
      D1PRINTF(" IDL=%02X\r\n", (uint8_t)EP_MEM.req_data.wValue);
    3e6e:	8f 93       	push	r24
    3e70:	74 c1       	rjmp	.+744    	; 0x415a <main+0x7ec>
request_standard():
/Users/askn/Develop/UPDI4AVR-USB/src/usb.cpp:543
      ep_res_pending();
      USB0_ADDR = _addr;
      D1PRINTF(" USB0_ADDR=%d\r\n", _addr);
      EP_RES.CNT = 0;
    }
    else if (bRequest == 0x06) {  /* GET_DESCRIPTOR */
    3e72:	86 30       	cpi	r24, 0x06	; 6
    3e74:	09 f0       	breq	.+2      	; 0x3e78 <main+0x50a>
    3e76:	45 c1       	rjmp	.+650    	; 0x4102 <main+0x794>
/Users/askn/Develop/UPDI4AVR-USB/src/usb.cpp:544
      size_t _length = EP_MEM.req_data.wLength;
    3e78:	30 91 62 63 	lds	r19, 0x6362	; 0x806362 <EP_MEM+0x6>
    3e7c:	3f 83       	std	Y+7, r19	; 0x07
    3e7e:	c0 90 63 63 	lds	r12, 0x6363	; 0x806363 <EP_MEM+0x7>
/Users/askn/Develop/UPDI4AVR-USB/src/usb.cpp:545
      size_t _size = get_descriptor((uint8_t*)&EP_MEM.res_data, EP_MEM.req_data.wValue);
    3e82:	80 91 5e 63 	lds	r24, 0x635E	; 0x80635e <EP_MEM+0x2>
    3e86:	90 91 5f 63 	lds	r25, 0x635F	; 0x80635f <EP_MEM+0x3>
get_descriptor():
/Users/askn/Develop/UPDI4AVR-USB/src/usb.cpp:156

  size_t get_descriptor (uint8_t* _buffer, uint16_t _index) {
    uint8_t* _pgmem = 0;
    size_t   _size = 0;
    uint8_t  _type = _index >> 8;
    if (_type == 0x01) {          /* DEVICE */
    3e8a:	91 30       	cpi	r25, 0x01	; 1
    3e8c:	09 f0       	breq	.+2      	; 0x3e90 <main+0x522>
    3e8e:	56 c0       	rjmp	.+172    	; 0x3f3c <main+0x5ce>
/Users/askn/Develop/UPDI4AVR-USB/src/usb.cpp:159
      _pgmem = (uint8_t*)&device_descriptor;
      _size = sizeof(device_descriptor);
      memcpy_P(_buffer, _pgmem, _size);
    3e90:	42 e1       	ldi	r20, 0x12	; 18
    3e92:	50 e0       	ldi	r21, 0x00	; 0
    3e94:	6e ee       	ldi	r22, 0xEE	; 238
    3e96:	71 e0       	ldi	r23, 0x01	; 1
    3e98:	84 e6       	ldi	r24, 0x64	; 100
    3e9a:	93 e6       	ldi	r25, 0x63	; 99
    3e9c:	0e 94 ff 29 	call	0x53fe	; 0x53fe <memcpy_P>
/Users/askn/Develop/UPDI4AVR-USB/src/usb.cpp:160
      uint32_t _vidpid = *((uint32_t*)EEPROM_START);
    3ea0:	80 91 00 14 	lds	r24, 0x1400	; 0x801400 <__TEXT_REGION_LENGTH__+0x7f1400>
    3ea4:	90 91 01 14 	lds	r25, 0x1401	; 0x801401 <__TEXT_REGION_LENGTH__+0x7f1401>
    3ea8:	a0 91 02 14 	lds	r26, 0x1402	; 0x801402 <__TEXT_REGION_LENGTH__+0x7f1402>
    3eac:	b0 91 03 14 	lds	r27, 0x1403	; 0x801403 <__TEXT_REGION_LENGTH__+0x7f1403>
/Users/askn/Develop/UPDI4AVR-USB/src/usb.cpp:161
      if (_vidpid + 1) _CAPS32(_buffer[8])->dword = _vidpid;
    3eb0:	8f 3f       	cpi	r24, 0xFF	; 255
    3eb2:	4f ef       	ldi	r20, 0xFF	; 255
    3eb4:	94 07       	cpc	r25, r20
    3eb6:	a4 07       	cpc	r26, r20
    3eb8:	b4 07       	cpc	r27, r20
    3eba:	41 f0       	breq	.+16     	; 0x3ecc <main+0x55e>
    3ebc:	80 93 6c 63 	sts	0x636C, r24	; 0x80636c <EP_MEM+0x10>
    3ec0:	90 93 6d 63 	sts	0x636D, r25	; 0x80636d <EP_MEM+0x11>
    3ec4:	a0 93 6e 63 	sts	0x636E, r26	; 0x80636e <EP_MEM+0x12>
    3ec8:	b0 93 6f 63 	sts	0x636F, r27	; 0x80636f <EP_MEM+0x13>
/Users/askn/Develop/UPDI4AVR-USB/src/usb.cpp:162
      D1PRINTF(" VID:PID=%04X:%04X\r\n", _CAPS16(_buffer[8])->word, _CAPS16(_buffer[10])->word);
    3ecc:	80 91 6f 63 	lds	r24, 0x636F	; 0x80636f <EP_MEM+0x13>
    3ed0:	8f 93       	push	r24
    3ed2:	80 91 6e 63 	lds	r24, 0x636E	; 0x80636e <EP_MEM+0x12>
    3ed6:	8f 93       	push	r24
    3ed8:	80 91 6d 63 	lds	r24, 0x636D	; 0x80636d <EP_MEM+0x11>
    3edc:	8f 93       	push	r24
    3ede:	80 91 6c 63 	lds	r24, 0x636C	; 0x80636c <EP_MEM+0x10>
    3ee2:	8f 93       	push	r24
    3ee4:	89 ed       	ldi	r24, 0xD9	; 217
    3ee6:	91 e0       	ldi	r25, 0x01	; 1
    3ee8:	9f 93       	push	r25
    3eea:	8f 93       	push	r24
    3eec:	1f 93       	push	r17
    3eee:	0f 93       	push	r16
    3ef0:	0e 94 89 0c 	call	0x1912	; 0x1912 <Print::printf(PGM_t const*, ...) [clone .constprop.17]>
    3ef4:	cd bf       	out	0x3d, r28	; 61
    3ef6:	de bf       	out	0x3e, r29	; 62
main():
/Users/askn/Develop/UPDI4AVR-USB/src/usb.cpp:163
      return _size;
    3ef8:	72 e1       	ldi	r23, 0x12	; 18
    3efa:	e7 2e       	mov	r14, r23
    3efc:	f1 2c       	mov	r15, r1
    3efe:	8f 81       	ldd	r24, Y+7	; 0x07
    3f00:	9c 2d       	mov	r25, r12
    3f02:	e8 16       	cp	r14, r24
    3f04:	f9 06       	cpc	r15, r25
    3f06:	08 f4       	brcc	.+2      	; 0x3f0a <main+0x59c>
    3f08:	c7 01       	movw	r24, r14
/Users/askn/Develop/UPDI4AVR-USB/src/usb.cpp:187
      _size = 4;
      *_buffer++ = 4;
      *_buffer++ = 3;
      *_buffer++ = 0x09;
      *_buffer++ = 0x04;
      return _size;
    3f0a:	97 01       	movw	r18, r14
    3f0c:	7c 01       	movw	r14, r24
request_standard():
/Users/askn/Develop/UPDI4AVR-USB/src/usb.cpp:546
      EP_RES.CNT = 0;
    }
    else if (bRequest == 0x06) {  /* GET_DESCRIPTOR */
      size_t _length = EP_MEM.req_data.wLength;
      size_t _size = get_descriptor((uint8_t*)&EP_MEM.res_data, EP_MEM.req_data.wValue);
      EP_RES.CNT = (_size > _length) ? _length : _size;
    3f0e:	e0 92 8c 64 	sts	0x648C, r14	; 0x80648c <EP_TABLE+0x12>
    3f12:	f0 92 8d 64 	sts	0x648D, r15	; 0x80648d <EP_TABLE+0x13>
handling_control_transactions():
/Users/askn/Develop/UPDI4AVR-USB/src/usb.cpp:662
  #ifdef _Not_being_used_STUB_
    else if (bmRequestType == (2 << 5)) {
      _listen = request_vendor();
    }
  #endif
    if (_listen) {
    3f16:	23 2b       	or	r18, r19
    3f18:	09 f0       	breq	.+2      	; 0x3f1c <main+0x5ae>
    3f1a:	42 cf       	rjmp	.-380    	; 0x3da0 <main+0x432>
/Users/askn/Develop/UPDI4AVR-USB/src/usb.cpp:666
      ep_res_listen();
      ep_req_listen();
    }
    USB0_INTFLAGSB |= USB_EPSETUP_bp;
    3f1c:	80 91 0b 0c 	lds	r24, 0x0C0B	; 0x800c0b <__TEXT_REGION_LENGTH__+0x7f0c0b>
    3f20:	84 60       	ori	r24, 0x04	; 4
    3f22:	80 93 0b 0c 	sts	0x0C0B, r24	; 0x800c0b <__TEXT_REGION_LENGTH__+0x7f0c0b>
main():
/Users/askn/Develop/UPDI4AVR-USB/src/main.cpp:134

    /* If the USB port is not open, go back to the loop beginning. */
    if (bit_is_clear(GPCONF, GPCONF_USB_bp)) {
    3f26:	f0 99       	sbic	0x1e, 0	; 30
    3f28:	23 c2       	rjmp	.+1094   	; 0x4370 <main+0xa02>
LED_Turn():
/Users/askn/Develop/UPDI4AVR-USB/src/sys.cpp:221

  /* Response to holding down SW0 before
     USB communication is established. */
  WEAK void LED_Turn (void) {
    #ifdef PIN_SYS_SW0
    if (!digitalReadMacro(PIN_SYS_SW0)) {
    3f2a:	b6 99       	sbic	0x16, 6	; 22
    3f2c:	a9 ce       	rjmp	.-686    	; 0x3c80 <main+0x312>
/Users/askn/Develop/UPDI4AVR-USB/src/sys.cpp:222
      EVSYS_SWEVENTA = EVSYS_SWEVENTA_CH2_gc;
    3f2e:	84 e0       	ldi	r24, 0x04	; 4
    3f30:	80 93 00 02 	sts	0x0200, r24	; 0x800200 <__TEXT_REGION_LENGTH__+0x7f0200>
/Users/askn/Develop/UPDI4AVR-USB/src/sys.cpp:223
      GPCONF &= ~(GPCONF_HLD_bm | GPCONF_RIS_bm | GPCONF_FAL_bm);
    3f34:	8e b3       	in	r24, 0x1e	; 30
    3f36:	8f 71       	andi	r24, 0x1F	; 31
    3f38:	8e bb       	out	0x1e, r24	; 30
    3f3a:	a2 ce       	rjmp	.-700    	; 0x3c80 <main+0x312>
get_descriptor():
/Users/askn/Develop/UPDI4AVR-USB/src/usb.cpp:165
      uint32_t _vidpid = *((uint32_t*)EEPROM_START);
      if (_vidpid + 1) _CAPS32(_buffer[8])->dword = _vidpid;
      D1PRINTF(" VID:PID=%04X:%04X\r\n", _CAPS16(_buffer[8])->word, _CAPS16(_buffer[10])->word);
      return _size;
    }
    else if (_type == 0x02) {     /* CONFIGURATION */
    3f3c:	92 30       	cpi	r25, 0x02	; 2
    3f3e:	09 f4       	brne	.+2      	; 0x3f42 <main+0x5d4>
    3f40:	c3 c0       	rjmp	.+390    	; 0x40c8 <main+0x75a>
/Users/askn/Develop/UPDI4AVR-USB/src/usb.cpp:169
      _pgmem = (uint8_t*)&current_descriptor;
      _size = sizeof(current_descriptor);
    }
    else if (_type == 0x06) {     /* QUALIFIER */
    3f42:	96 30       	cpi	r25, 0x06	; 6
    3f44:	09 f4       	brne	.+2      	; 0x3f48 <main+0x5da>
    3f46:	cb c0       	rjmp	.+406    	; 0x40de <main+0x770>
/Users/askn/Develop/UPDI4AVR-USB/src/usb.cpp:173
      _pgmem = (uint8_t*)&qualifier_descriptor;
      _size = sizeof(qualifier_descriptor);
    }
    else if (_type == 0x21) {     /* HID */
    3f48:	91 32       	cpi	r25, 0x21	; 33
    3f4a:	09 f4       	brne	.+2      	; 0x3f4e <main+0x5e0>
    3f4c:	ce c0       	rjmp	.+412    	; 0x40ea <main+0x77c>
/Users/askn/Develop/UPDI4AVR-USB/src/usb.cpp:177
      _pgmem = (uint8_t*)&current_descriptor + 18;
      _size = 9;
    }
    else if (_type == 0x22) {     /* REPORT */
    3f4e:	92 32       	cpi	r25, 0x22	; 34
    3f50:	09 f4       	brne	.+2      	; 0x3f54 <main+0x5e6>
    3f52:	d1 c0       	rjmp	.+418    	; 0x40f6 <main+0x788>
/Users/askn/Develop/UPDI4AVR-USB/src/usb.cpp:181
      _pgmem = (uint8_t*)&report_descriptor;
      _size = sizeof(report_descriptor);
    }
    else if (_index == 0x0300) {  /* LANGUAGE */
    3f54:	81 15       	cp	r24, r1
    3f56:	e3 e0       	ldi	r30, 0x03	; 3
    3f58:	9e 07       	cpc	r25, r30
    3f5a:	79 f4       	brne	.+30     	; 0x3f7a <main+0x60c>
/Users/askn/Develop/UPDI4AVR-USB/src/usb.cpp:183
      _size = 4;
      *_buffer++ = 4;
    3f5c:	84 e0       	ldi	r24, 0x04	; 4
    3f5e:	80 93 64 63 	sts	0x6364, r24	; 0x806364 <EP_MEM+0x8>
/Users/askn/Develop/UPDI4AVR-USB/src/usb.cpp:184
      *_buffer++ = 3;
    3f62:	93 e0       	ldi	r25, 0x03	; 3
    3f64:	90 93 65 63 	sts	0x6365, r25	; 0x806365 <EP_MEM+0x9>
/Users/askn/Develop/UPDI4AVR-USB/src/usb.cpp:185
      *_buffer++ = 0x09;
    3f68:	99 e0       	ldi	r25, 0x09	; 9
    3f6a:	90 93 66 63 	sts	0x6366, r25	; 0x806366 <EP_MEM+0xa>
/Users/askn/Develop/UPDI4AVR-USB/src/usb.cpp:186
      *_buffer++ = 0x04;
    3f6e:	80 93 67 63 	sts	0x6367, r24	; 0x806367 <EP_MEM+0xb>
main():
/Users/askn/Develop/UPDI4AVR-USB/src/usb.cpp:187
      return _size;
    3f72:	64 e0       	ldi	r22, 0x04	; 4
    3f74:	e6 2e       	mov	r14, r22
    3f76:	f1 2c       	mov	r15, r1
    3f78:	c2 cf       	rjmp	.-124    	; 0x3efe <main+0x590>
get_descriptor():
/Users/askn/Develop/UPDI4AVR-USB/src/usb.cpp:190
    }
    else {
      switch (_index) {
    3f7a:	82 30       	cpi	r24, 0x02	; 2
    3f7c:	f3 e0       	ldi	r31, 0x03	; 3
    3f7e:	9f 07       	cpc	r25, r31
    3f80:	51 f1       	breq	.+84     	; 0x3fd6 <main+0x668>
    3f82:	68 f4       	brcc	.+26     	; 0x3f9e <main+0x630>
main():
/Users/askn/Develop/UPDI4AVR-USB/src/usb.cpp:191
        case 0x0301: _pgmem = (uint8_t*)&vstring; _size = sizeof(vstring); break;
    3f84:	74 e3       	ldi	r23, 0x34	; 52
    3f86:	e7 2e       	mov	r14, r23
    3f88:	f1 2c       	mov	r15, r1
    3f8a:	6d e0       	ldi	r22, 0x0D	; 13
    3f8c:	71 e0       	ldi	r23, 0x01	; 1
get_descriptor():
/Users/askn/Develop/UPDI4AVR-USB/src/usb.cpp:190
      *_buffer++ = 0x09;
      *_buffer++ = 0x04;
      return _size;
    }
    else {
      switch (_index) {
    3f8e:	81 30       	cpi	r24, 0x01	; 1
    3f90:	93 40       	sbci	r25, 0x03	; 3
    3f92:	81 f0       	breq	.+32     	; 0x3fb4 <main+0x646>
main():
/Users/askn/Develop/UPDI4AVR-USB/src/usb.cpp:154
    { /* FRAMENUM */ }
  };

  size_t get_descriptor (uint8_t* _buffer, uint16_t _index) {
    uint8_t* _pgmem = 0;
    size_t   _size = 0;
    3f94:	f1 2c       	mov	r15, r1
    3f96:	e1 2c       	mov	r14, r1
/Users/askn/Develop/UPDI4AVR-USB/src/usb.cpp:153
    },
    { /* FRAMENUM */ }
  };

  size_t get_descriptor (uint8_t* _buffer, uint16_t _index) {
    uint8_t* _pgmem = 0;
    3f98:	70 e0       	ldi	r23, 0x00	; 0
    3f9a:	60 e0       	ldi	r22, 0x00	; 0
    3f9c:	0b c0       	rjmp	.+22     	; 0x3fb4 <main+0x646>
get_descriptor():
/Users/askn/Develop/UPDI4AVR-USB/src/usb.cpp:190
      *_buffer++ = 0x09;
      *_buffer++ = 0x04;
      return _size;
    }
    else {
      switch (_index) {
    3f9e:	83 30       	cpi	r24, 0x03	; 3
    3fa0:	98 07       	cpc	r25, r24
    3fa2:	f9 f0       	breq	.+62     	; 0x3fe2 <main+0x674>
main():
/Users/askn/Develop/UPDI4AVR-USB/src/usb.cpp:193
        case 0x0301: _pgmem = (uint8_t*)&vstring; _size = sizeof(vstring); break;
        case 0x0302: _pgmem = (uint8_t*)&mstring; _size = sizeof(mstring); break;
        case 0x0304: _pgmem = (uint8_t*)&istring; _size = sizeof(istring); break;
    3fa4:	48 e1       	ldi	r20, 0x18	; 24
    3fa6:	e4 2e       	mov	r14, r20
    3fa8:	f1 2c       	mov	r15, r1
    3faa:	6f ea       	ldi	r22, 0xAF	; 175
    3fac:	70 e0       	ldi	r23, 0x00	; 0
get_descriptor():
/Users/askn/Develop/UPDI4AVR-USB/src/usb.cpp:190
      *_buffer++ = 0x09;
      *_buffer++ = 0x04;
      return _size;
    }
    else {
      switch (_index) {
    3fae:	84 30       	cpi	r24, 0x04	; 4
    3fb0:	93 40       	sbci	r25, 0x03	; 3
    3fb2:	81 f7       	brne	.-32     	; 0x3f94 <main+0x626>
/Users/askn/Develop/UPDI4AVR-USB/src/usb.cpp:217
            *_buffer++ = btoh(_c     ); *_buffer++ = 0;
          }
          return 22;
        }
      }
      *_buffer++ = (uint8_t)_size;
    3fb4:	e0 92 64 63 	sts	0x6364, r14	; 0x806364 <EP_MEM+0x8>
/Users/askn/Develop/UPDI4AVR-USB/src/usb.cpp:218
      *_buffer++ = 3;
    3fb8:	83 e0       	ldi	r24, 0x03	; 3
    3fba:	80 93 65 63 	sts	0x6365, r24	; 0x806365 <EP_MEM+0x9>
/Users/askn/Develop/UPDI4AVR-USB/src/usb.cpp:219
      if (_size) memcpy_P(_buffer, _pgmem, _size - 2);
    3fbe:	a7 01       	movw	r20, r14
    3fc0:	42 50       	subi	r20, 0x02	; 2
    3fc2:	51 09       	sbc	r21, r1
    3fc4:	86 e6       	ldi	r24, 0x66	; 102
    3fc6:	93 e6       	ldi	r25, 0x63	; 99
    3fc8:	e1 14       	cp	r14, r1
    3fca:	f1 04       	cpc	r15, r1
    3fcc:	09 f0       	breq	.+2      	; 0x3fd0 <main+0x662>
    3fce:	84 c0       	rjmp	.+264    	; 0x40d8 <main+0x76a>
    3fd0:	30 e0       	ldi	r19, 0x00	; 0
    3fd2:	20 e0       	ldi	r18, 0x00	; 0
    3fd4:	9c cf       	rjmp	.-200    	; 0x3f0e <main+0x5a0>
main():
/Users/askn/Develop/UPDI4AVR-USB/src/usb.cpp:192
      return _size;
    }
    else {
      switch (_index) {
        case 0x0301: _pgmem = (uint8_t*)&vstring; _size = sizeof(vstring); break;
        case 0x0302: _pgmem = (uint8_t*)&mstring; _size = sizeof(mstring); break;
    3fd6:	56 e4       	ldi	r21, 0x46	; 70
    3fd8:	e5 2e       	mov	r14, r21
    3fda:	f1 2c       	mov	r15, r1
    3fdc:	67 ec       	ldi	r22, 0xC7	; 199
    3fde:	70 e0       	ldi	r23, 0x00	; 0
    3fe0:	e9 cf       	rjmp	.-46     	; 0x3fb4 <main+0x646>
get_descriptor():
/Users/askn/Develop/UPDI4AVR-USB/src/usb.cpp:203
           *
           * If the 4 bytes from offset 4 of the EEPROM are anything other
           * than 0xFFFF:FFFF, use them, otherwise generate a 32-bit random
           * serial number using CRC32 from the factory information.
           */
          uint32_t _sn = ((User_EEP_t*)EEPROM_START)->dwSerialNumber;
    3fe2:	40 91 04 14 	lds	r20, 0x1404	; 0x801404 <__TEXT_REGION_LENGTH__+0x7f1404>
    3fe6:	50 91 05 14 	lds	r21, 0x1405	; 0x801405 <__TEXT_REGION_LENGTH__+0x7f1405>
    3fea:	60 91 06 14 	lds	r22, 0x1406	; 0x801406 <__TEXT_REGION_LENGTH__+0x7f1406>
    3fee:	70 91 07 14 	lds	r23, 0x1407	; 0x801407 <__TEXT_REGION_LENGTH__+0x7f1407>
    3ff2:	49 83       	std	Y+1, r20	; 0x01
    3ff4:	5a 83       	std	Y+2, r21	; 0x02
    3ff6:	6b 83       	std	Y+3, r22	; 0x03
    3ff8:	7c 83       	std	Y+4, r23	; 0x04
/Users/askn/Develop/UPDI4AVR-USB/src/usb.cpp:204
          if (!(_sn + 1)) _sn = crc32((uint8_t*)SIGNATURES_START, 32);
    3ffa:	4f 3f       	cpi	r20, 0xFF	; 255
    3ffc:	ff ef       	ldi	r31, 0xFF	; 255
    3ffe:	5f 07       	cpc	r21, r31
    4000:	6f 07       	cpc	r22, r31
    4002:	7f 07       	cpc	r23, r31
    4004:	51 f5       	brne	.+84     	; 0x405a <main+0x6ec>
main():
/Users/askn/Library/Arduino15/packages/MultiX-Zinnia/hardware/modernAVR/0.4.5/cores/modernAVR/api/cpp/btools.cpp:210
  return _crc;
}

uint32_t crc32 (void* _data, size_t _len) {
  uint32_t _crc = ~0;
  uint8_t* _p = (uint8_t*)_data;
    4006:	e0 e8       	ldi	r30, 0x80	; 128
    4008:	f0 e1       	ldi	r31, 0x10	; 16
crc32():
/Users/askn/Library/Arduino15/packages/MultiX-Zinnia/hardware/modernAVR/0.4.5/cores/modernAVR/api/cpp/btools.cpp:211
  while (_len--) _crc = _crc32_update(_crc, *_p++);
    400a:	cf 01       	movw	r24, r30
    400c:	01 96       	adiw	r24, 0x01	; 1
_crc32_update():
/Users/askn/Library/Arduino15/packages/MultiX-Zinnia/hardware/modernAVR/0.4.5/cores/modernAVR/api/cpp/btools.cpp:201
}

/* x32 + x26 + x23 + x22 + x16 + x12 + x11 + x10 + x8 + x7 + x5 + x4 + x2 + x + 1 */
/* (0xEDB88320 rev) init -1 */
uint32_t _crc32_update (uint32_t _crc, uint8_t _data) {
  _crc ^= _data;
    400e:	20 81       	ld	r18, Z
    4010:	42 27       	eor	r20, r18
    4012:	28 e0       	ldi	r18, 0x08	; 8
/Users/askn/Library/Arduino15/packages/MultiX-Zinnia/hardware/modernAVR/0.4.5/cores/modernAVR/api/cpp/btools.cpp:203
  for (uint8_t j = 0; j < 8; j++) {
    _crc = (_crc >> 1) ^ (0xEDB88320UL & -(_crc & 1));
    4014:	1a 01       	movw	r2, r20
    4016:	2b 01       	movw	r4, r22
    4018:	56 94       	lsr	r5
    401a:	47 94       	ror	r4
    401c:	37 94       	ror	r3
    401e:	27 94       	ror	r2
    4020:	41 70       	andi	r20, 0x01	; 1
    4022:	55 27       	eor	r21, r21
    4024:	66 27       	eor	r22, r22
    4026:	77 27       	eor	r23, r23
    4028:	70 95       	com	r23
    402a:	60 95       	com	r22
    402c:	50 95       	com	r21
    402e:	41 95       	neg	r20
    4030:	5f 4f       	sbci	r21, 0xFF	; 255
    4032:	6f 4f       	sbci	r22, 0xFF	; 255
    4034:	7f 4f       	sbci	r23, 0xFF	; 255
    4036:	40 72       	andi	r20, 0x20	; 32
    4038:	53 78       	andi	r21, 0x83	; 131
    403a:	68 7b       	andi	r22, 0xB8	; 184
    403c:	7d 7e       	andi	r23, 0xED	; 237
    403e:	42 25       	eor	r20, r2
    4040:	53 25       	eor	r21, r3
    4042:	64 25       	eor	r22, r4
    4044:	75 25       	eor	r23, r5
    4046:	21 50       	subi	r18, 0x01	; 1
/Users/askn/Library/Arduino15/packages/MultiX-Zinnia/hardware/modernAVR/0.4.5/cores/modernAVR/api/cpp/btools.cpp:202

/* x32 + x26 + x23 + x22 + x16 + x12 + x11 + x10 + x8 + x7 + x5 + x4 + x2 + x + 1 */
/* (0xEDB88320 rev) init -1 */
uint32_t _crc32_update (uint32_t _crc, uint8_t _data) {
  _crc ^= _data;
  for (uint8_t j = 0; j < 8; j++) {
    4048:	29 f7       	brne	.-54     	; 0x4014 <main+0x6a6>
    404a:	fc 01       	movw	r30, r24
crc32():
/Users/askn/Library/Arduino15/packages/MultiX-Zinnia/hardware/modernAVR/0.4.5/cores/modernAVR/api/cpp/btools.cpp:211
}

uint32_t crc32 (void* _data, size_t _len) {
  uint32_t _crc = ~0;
  uint8_t* _p = (uint8_t*)_data;
  while (_len--) _crc = _crc32_update(_crc, *_p++);
    404c:	80 3a       	cpi	r24, 0xA0	; 160
    404e:	90 41       	sbci	r25, 0x10	; 16
    4050:	e1 f6       	brne	.-72     	; 0x400a <main+0x69c>
get_descriptor():
/Users/askn/Develop/UPDI4AVR-USB/src/usb.cpp:204
    4052:	49 83       	std	Y+1, r20	; 0x01
    4054:	5a 83       	std	Y+2, r21	; 0x02
    4056:	6b 83       	std	Y+3, r22	; 0x03
    4058:	7c 83       	std	Y+4, r23	; 0x04
/Users/askn/Develop/UPDI4AVR-USB/src/usb.cpp:206
          uint8_t* _p = (uint8_t*)&_sn;
          *_buffer++ = 22;  *_buffer++ = 3;
    405a:	86 e1       	ldi	r24, 0x16	; 22
    405c:	80 93 64 63 	sts	0x6364, r24	; 0x806364 <EP_MEM+0x8>
    4060:	83 e0       	ldi	r24, 0x03	; 3
    4062:	80 93 65 63 	sts	0x6365, r24	; 0x806365 <EP_MEM+0x9>
/Users/askn/Develop/UPDI4AVR-USB/src/usb.cpp:207
          *_buffer++ = 'M'; *_buffer++ = 0;
    4066:	8d e4       	ldi	r24, 0x4D	; 77
    4068:	80 93 66 63 	sts	0x6366, r24	; 0x806366 <EP_MEM+0xa>
    406c:	10 92 67 63 	sts	0x6367, r1	; 0x806367 <EP_MEM+0xb>
/Users/askn/Develop/UPDI4AVR-USB/src/usb.cpp:208
          *_buffer++ = 'X'; *_buffer++ = 0;
    4070:	88 e5       	ldi	r24, 0x58	; 88
    4072:	80 93 68 63 	sts	0x6368, r24	; 0x806368 <EP_MEM+0xc>
    4076:	10 92 69 63 	sts	0x6369, r1	; 0x806369 <EP_MEM+0xd>
    407a:	ea e6       	ldi	r30, 0x6A	; 106
    407c:	f3 e6       	ldi	r31, 0x63	; 99
    407e:	de 01       	movw	r26, r28
    4080:	11 96       	adiw	r26, 0x01	; 1
/Users/askn/Develop/UPDI4AVR-USB/src/usb.cpp:210
          for (uint8_t _i = 0; _i < 4; _i++) {
            uint8_t _c = *_p++;
    4082:	8d 91       	ld	r24, X+
/Users/askn/Develop/UPDI4AVR-USB/src/usb.cpp:211
            *_buffer++ = btoh(_c >> 4); *_buffer++ = 0;
    4084:	28 2f       	mov	r18, r24
    4086:	30 e0       	ldi	r19, 0x00	; 0
    4088:	94 e0       	ldi	r25, 0x04	; 4
    408a:	35 95       	asr	r19
    408c:	27 95       	ror	r18
    408e:	9a 95       	dec	r25
    4090:	e1 f7       	brne	.-8      	; 0x408a <main+0x71c>
btoh():
/Users/askn/Library/Arduino15/packages/MultiX-Zinnia/hardware/modernAVR/0.4.5/cores/modernAVR/api/cpp/btools.cpp:69
    _p++; _r--;
  }
}

char btoh (uint8_t _x) {
  _x = (_x & 15) + '0';
    4092:	90 e3       	ldi	r25, 0x30	; 48
    4094:	92 0f       	add	r25, r18
/Users/askn/Library/Arduino15/packages/MultiX-Zinnia/hardware/modernAVR/0.4.5/cores/modernAVR/api/cpp/btools.cpp:70
  if (_x > '9') _x += 7;
    4096:	9a 33       	cpi	r25, 0x3A	; 58
    4098:	10 f0       	brcs	.+4      	; 0x409e <main+0x730>
    409a:	97 e3       	ldi	r25, 0x37	; 55
    409c:	92 0f       	add	r25, r18
get_descriptor():
/Users/askn/Develop/UPDI4AVR-USB/src/usb.cpp:211
    409e:	90 83       	st	Z, r25
    40a0:	11 82       	std	Z+1, r1	; 0x01
btoh():
/Users/askn/Library/Arduino15/packages/MultiX-Zinnia/hardware/modernAVR/0.4.5/cores/modernAVR/api/cpp/btools.cpp:69
    _p++; _r--;
  }
}

char btoh (uint8_t _x) {
  _x = (_x & 15) + '0';
    40a2:	8f 70       	andi	r24, 0x0F	; 15
    40a4:	90 e3       	ldi	r25, 0x30	; 48
    40a6:	98 0f       	add	r25, r24
/Users/askn/Library/Arduino15/packages/MultiX-Zinnia/hardware/modernAVR/0.4.5/cores/modernAVR/api/cpp/btools.cpp:70
  if (_x > '9') _x += 7;
    40a8:	9a 33       	cpi	r25, 0x3A	; 58
    40aa:	10 f0       	brcs	.+4      	; 0x40b0 <main+0x742>
    40ac:	97 e3       	ldi	r25, 0x37	; 55
    40ae:	98 0f       	add	r25, r24
get_descriptor():
/Users/askn/Develop/UPDI4AVR-USB/src/usb.cpp:212
            *_buffer++ = btoh(_c     ); *_buffer++ = 0;
    40b0:	92 83       	std	Z+2, r25	; 0x02
    40b2:	13 82       	std	Z+3, r1	; 0x03
    40b4:	34 96       	adiw	r30, 0x04	; 4
/Users/askn/Develop/UPDI4AVR-USB/src/usb.cpp:209
          if (!(_sn + 1)) _sn = crc32((uint8_t*)SIGNATURES_START, 32);
          uint8_t* _p = (uint8_t*)&_sn;
          *_buffer++ = 22;  *_buffer++ = 3;
          *_buffer++ = 'M'; *_buffer++ = 0;
          *_buffer++ = 'X'; *_buffer++ = 0;
          for (uint8_t _i = 0; _i < 4; _i++) {
    40b6:	8d 81       	ldd	r24, Y+5	; 0x05
    40b8:	9e 81       	ldd	r25, Y+6	; 0x06
    40ba:	8a 17       	cp	r24, r26
    40bc:	9b 07       	cpc	r25, r27
    40be:	09 f7       	brne	.-62     	; 0x4082 <main+0x714>
main():
/Users/askn/Develop/UPDI4AVR-USB/src/usb.cpp:214
            uint8_t _c = *_p++;
            *_buffer++ = btoh(_c >> 4); *_buffer++ = 0;
            *_buffer++ = btoh(_c     ); *_buffer++ = 0;
          }
          return 22;
    40c0:	e6 e1       	ldi	r30, 0x16	; 22
    40c2:	ee 2e       	mov	r14, r30
    40c4:	f1 2c       	mov	r15, r1
    40c6:	1b cf       	rjmp	.-458    	; 0x3efe <main+0x590>
/Users/askn/Develop/UPDI4AVR-USB/src/usb.cpp:167
      D1PRINTF(" VID:PID=%04X:%04X\r\n", _CAPS16(_buffer[8])->word, _CAPS16(_buffer[10])->word);
      return _size;
    }
    else if (_type == 0x02) {     /* CONFIGURATION */
      _pgmem = (uint8_t*)&current_descriptor;
      _size = sizeof(current_descriptor);
    40c8:	6b e6       	ldi	r22, 0x6B	; 107
    40ca:	e6 2e       	mov	r14, r22
    40cc:	f1 2c       	mov	r15, r1
/Users/askn/Develop/UPDI4AVR-USB/src/usb.cpp:166
      if (_vidpid + 1) _CAPS32(_buffer[8])->dword = _vidpid;
      D1PRINTF(" VID:PID=%04X:%04X\r\n", _CAPS16(_buffer[8])->word, _CAPS16(_buffer[10])->word);
      return _size;
    }
    else if (_type == 0x02) {     /* CONFIGURATION */
      _pgmem = (uint8_t*)&current_descriptor;
    40ce:	64 e6       	ldi	r22, 0x64	; 100
    40d0:	71 e0       	ldi	r23, 0x01	; 1
get_descriptor():
/Users/askn/Develop/UPDI4AVR-USB/src/usb.cpp:222
      *_buffer++ = (uint8_t)_size;
      *_buffer++ = 3;
      if (_size) memcpy_P(_buffer, _pgmem, _size - 2);
      return _size;
    }
    if (_size) memcpy_P(_buffer, _pgmem, _size);
    40d2:	a7 01       	movw	r20, r14
    40d4:	84 e6       	ldi	r24, 0x64	; 100
    40d6:	93 e6       	ldi	r25, 0x63	; 99
    40d8:	0e 94 ff 29 	call	0x53fe	; 0x53fe <memcpy_P>
    40dc:	10 cf       	rjmp	.-480    	; 0x3efe <main+0x590>
main():
/Users/askn/Develop/UPDI4AVR-USB/src/usb.cpp:171
      _pgmem = (uint8_t*)&current_descriptor;
      _size = sizeof(current_descriptor);
    }
    else if (_type == 0x06) {     /* QUALIFIER */
      _pgmem = (uint8_t*)&qualifier_descriptor;
      _size = sizeof(qualifier_descriptor);
    40de:	5a e0       	ldi	r21, 0x0A	; 10
    40e0:	e5 2e       	mov	r14, r21
    40e2:	f1 2c       	mov	r15, r1
/Users/askn/Develop/UPDI4AVR-USB/src/usb.cpp:170
    else if (_type == 0x02) {     /* CONFIGURATION */
      _pgmem = (uint8_t*)&current_descriptor;
      _size = sizeof(current_descriptor);
    }
    else if (_type == 0x06) {     /* QUALIFIER */
      _pgmem = (uint8_t*)&qualifier_descriptor;
    40e4:	6f ec       	ldi	r22, 0xCF	; 207
    40e6:	71 e0       	ldi	r23, 0x01	; 1
    40e8:	f4 cf       	rjmp	.-24     	; 0x40d2 <main+0x764>
/Users/askn/Develop/UPDI4AVR-USB/src/usb.cpp:175
      _size = sizeof(qualifier_descriptor);
    }
    else if (_type == 0x21) {     /* HID */
      _pgmem = (uint8_t*)&current_descriptor + 18;
      _size = 9;
    40ea:	49 e0       	ldi	r20, 0x09	; 9
    40ec:	e4 2e       	mov	r14, r20
    40ee:	f1 2c       	mov	r15, r1
/Users/askn/Develop/UPDI4AVR-USB/src/usb.cpp:174
    else if (_type == 0x06) {     /* QUALIFIER */
      _pgmem = (uint8_t*)&qualifier_descriptor;
      _size = sizeof(qualifier_descriptor);
    }
    else if (_type == 0x21) {     /* HID */
      _pgmem = (uint8_t*)&current_descriptor + 18;
    40f0:	66 e7       	ldi	r22, 0x76	; 118
    40f2:	71 e0       	ldi	r23, 0x01	; 1
    40f4:	ee cf       	rjmp	.-36     	; 0x40d2 <main+0x764>
/Users/askn/Develop/UPDI4AVR-USB/src/usb.cpp:179
      _size = 9;
    }
    else if (_type == 0x22) {     /* REPORT */
      _pgmem = (uint8_t*)&report_descriptor;
      _size = sizeof(report_descriptor);
    40f6:	33 e2       	ldi	r19, 0x23	; 35
    40f8:	e3 2e       	mov	r14, r19
    40fa:	f1 2c       	mov	r15, r1
/Users/askn/Develop/UPDI4AVR-USB/src/usb.cpp:178
    else if (_type == 0x21) {     /* HID */
      _pgmem = (uint8_t*)&current_descriptor + 18;
      _size = 9;
    }
    else if (_type == 0x22) {     /* REPORT */
      _pgmem = (uint8_t*)&report_descriptor;
    40fc:	61 e4       	ldi	r22, 0x41	; 65
    40fe:	71 e0       	ldi	r23, 0x01	; 1
    4100:	e8 cf       	rjmp	.-48     	; 0x40d2 <main+0x764>
request_standard():
/Users/askn/Develop/UPDI4AVR-USB/src/usb.cpp:549
      size_t _length = EP_MEM.req_data.wLength;
      size_t _size = get_descriptor((uint8_t*)&EP_MEM.res_data, EP_MEM.req_data.wValue);
      EP_RES.CNT = (_size > _length) ? _length : _size;
      _listen = !!_size;
    }
    else if (bRequest == 0x08) {  /* GET_CONFIGURATION */
    4102:	88 30       	cpi	r24, 0x08	; 8
    4104:	c9 f4       	brne	.+50     	; 0x4138 <main+0x7ca>
/Users/askn/Develop/UPDI4AVR-USB/src/usb.cpp:550
      EP_MEM.res_data[0] = _set_config;
    4106:	80 91 75 64 	lds	r24, 0x6475	; 0x806475 <_set_config>
    410a:	80 93 64 63 	sts	0x6364, r24	; 0x806364 <EP_MEM+0x8>
/Users/askn/Develop/UPDI4AVR-USB/src/usb.cpp:551
      D1PRINTF("<GC:%02X>\r\n", _set_config);
    410e:	1f 92       	push	r1
    4110:	8f 93       	push	r24
    4112:	81 e2       	ldi	r24, 0x21	; 33
    4114:	92 e0       	ldi	r25, 0x02	; 2
    4116:	9f 93       	push	r25
    4118:	8f 93       	push	r24
    411a:	1f 93       	push	r17
    411c:	0f 93       	push	r16
    411e:	0e 94 89 0c 	call	0x1912	; 0x1912 <Print::printf(PGM_t const*, ...) [clone .constprop.17]>
/Users/askn/Develop/UPDI4AVR-USB/src/usb.cpp:552
      EP_RES.CNT = 1;
    4122:	60 92 8c 64 	sts	0x648C, r6	; 0x80648c <EP_TABLE+0x12>
    4126:	70 92 8d 64 	sts	0x648D, r7	; 0x80648d <EP_TABLE+0x13>
    412a:	0f 90       	pop	r0
    412c:	0f 90       	pop	r0
    412e:	0f 90       	pop	r0
    4130:	0f 90       	pop	r0
    4132:	0f 90       	pop	r0
    4134:	0f 90       	pop	r0
    4136:	34 ce       	rjmp	.-920    	; 0x3da0 <main+0x432>
/Users/askn/Develop/UPDI4AVR-USB/src/usb.cpp:554
    }
    else if (bRequest == 0x09) {  /* SET_CONFIGURATION */
    4138:	89 30       	cpi	r24, 0x09	; 9
    413a:	c1 f4       	brne	.+48     	; 0x416c <main+0x7fe>
/Users/askn/Develop/UPDI4AVR-USB/src/usb.cpp:556
      /* Once the USB connection is fully initiated, it will go through here. */
      _set_config = (uint8_t)EP_MEM.req_data.wValue;
    413c:	80 91 5e 63 	lds	r24, 0x635E	; 0x80635e <EP_MEM+0x2>
    4140:	80 93 75 64 	sts	0x6475, r24	; 0x806475 <_set_config>
/Users/askn/Develop/UPDI4AVR-USB/src/usb.cpp:557
      bit_set(GPCONF, GPCONF_USB_bp);
    4144:	f0 9a       	sbi	0x1e, 0	; 30
/Users/askn/Develop/UPDI4AVR-USB/src/usb.cpp:558
      SYS::LED_HeartBeat();
    4146:	0e 94 70 0d 	call	0x1ae0	; 0x1ae0 <SYS::LED_HeartBeat()>
/Users/askn/Develop/UPDI4AVR-USB/src/usb.cpp:559
      D1PRINTF("<SC:%02X>\r\n", _set_config);
    414a:	80 91 75 64 	lds	r24, 0x6475	; 0x806475 <_set_config>
    414e:	1f 92       	push	r1
    4150:	8f 93       	push	r24
    4152:	e5 e1       	ldi	r30, 0x15	; 21
    4154:	f2 e0       	ldi	r31, 0x02	; 2
    4156:	ff 93       	push	r31
    4158:	ef 93       	push	r30
/Users/askn/Develop/UPDI4AVR-USB/src/usb.cpp:570
      EP_MEM.res_data[0] = 0;
      EP_RES.CNT = 1;
    }
    else if (bRequest == 0x0B) {  /* SET_INTREFACE */
      /* It seems not to be used. */
      D1PRINTF("<GI:%02X>\r\n", EP_MEM.req_data.wValue);
    415a:	1f 93       	push	r17
    415c:	0f 93       	push	r16
    415e:	0e 94 89 0c 	call	0x1912	; 0x1912 <Print::printf(PGM_t const*, ...) [clone .constprop.17]>
/Users/askn/Develop/UPDI4AVR-USB/src/usb.cpp:571
      EP_RES.CNT = 0;
    4162:	10 92 8c 64 	sts	0x648C, r1	; 0x80648c <EP_TABLE+0x12>
    4166:	10 92 8d 64 	sts	0x648D, r1	; 0x80648d <EP_TABLE+0x13>
    416a:	df cf       	rjmp	.-66     	; 0x412a <main+0x7bc>
/Users/askn/Develop/UPDI4AVR-USB/src/usb.cpp:562
      bit_set(GPCONF, GPCONF_USB_bp);
      SYS::LED_HeartBeat();
      D1PRINTF("<SC:%02X>\r\n", _set_config);
      EP_RES.CNT = 0;
    }
    else if (bRequest == 0x0A) {  /* GET_INTREFACE */
    416c:	8a 30       	cpi	r24, 0x0A	; 10
    416e:	99 f4       	brne	.+38     	; 0x4196 <main+0x828>
/Users/askn/Develop/UPDI4AVR-USB/src/usb.cpp:564
      /* It seems not to be used. */
      D1PRINTF("<SI:0>\r\n");
    4170:	8c e0       	ldi	r24, 0x0C	; 12
    4172:	92 e0       	ldi	r25, 0x02	; 2
    4174:	9f 93       	push	r25
    4176:	8f 93       	push	r24
    4178:	1f 93       	push	r17
    417a:	0f 93       	push	r16
    417c:	0e 94 89 0c 	call	0x1912	; 0x1912 <Print::printf(PGM_t const*, ...) [clone .constprop.17]>
/Users/askn/Develop/UPDI4AVR-USB/src/usb.cpp:565
      EP_MEM.res_data[0] = 0;
    4180:	10 92 64 63 	sts	0x6364, r1	; 0x806364 <EP_MEM+0x8>
/Users/askn/Develop/UPDI4AVR-USB/src/usb.cpp:566
      EP_RES.CNT = 1;
    4184:	60 92 8c 64 	sts	0x648C, r6	; 0x80648c <EP_TABLE+0x12>
    4188:	70 92 8d 64 	sts	0x648D, r7	; 0x80648d <EP_TABLE+0x13>
request_class():
/Users/askn/Develop/UPDI4AVR-USB/src/usb.cpp:616
        EP_MEM.res_encoding.dwDTERate = 9600UL;
        EP_MEM.res_encoding.bDataBits = 8;
      }
      D1PRINTF(" GLE=");
      D1PRINTHEX(&EP_MEM.res_encoding, sizeof(LineEncoding_t));
      EP_RES.CNT = sizeof(LineEncoding_t);
    418c:	0f 90       	pop	r0
    418e:	0f 90       	pop	r0
    4190:	0f 90       	pop	r0
    4192:	0f 90       	pop	r0
    4194:	05 ce       	rjmp	.-1014   	; 0x3da0 <main+0x432>
request_standard():
/Users/askn/Develop/UPDI4AVR-USB/src/usb.cpp:568
      /* It seems not to be used. */
      D1PRINTF("<SI:0>\r\n");
      EP_MEM.res_data[0] = 0;
      EP_RES.CNT = 1;
    }
    else if (bRequest == 0x0B) {  /* SET_INTREFACE */
    4196:	8b 30       	cpi	r24, 0x0B	; 11
    4198:	09 f0       	breq	.+2      	; 0x419c <main+0x82e>
    419a:	c0 ce       	rjmp	.-640    	; 0x3f1c <main+0x5ae>
/Users/askn/Develop/UPDI4AVR-USB/src/usb.cpp:570
      /* It seems not to be used. */
      D1PRINTF("<GI:%02X>\r\n", EP_MEM.req_data.wValue);
    419c:	80 91 5f 63 	lds	r24, 0x635F	; 0x80635f <EP_MEM+0x3>
    41a0:	8f 93       	push	r24
    41a2:	80 91 5e 63 	lds	r24, 0x635E	; 0x80635e <EP_MEM+0x2>
    41a6:	8f 93       	push	r24
    41a8:	20 e0       	ldi	r18, 0x00	; 0
    41aa:	32 e0       	ldi	r19, 0x02	; 2
    41ac:	3f 93       	push	r19
    41ae:	2f 93       	push	r18
    41b0:	d4 cf       	rjmp	.-88     	; 0x415a <main+0x7ec>
handling_control_transactions():
/Users/askn/Develop/UPDI4AVR-USB/src/usb.cpp:654
    if (bit_is_clear(bmRequestType, 7)) ep_req_listen();
    bmRequestType &= (3 << 5);
    if (bmRequestType == (0 << 5)) {
      _listen = request_standard();
    }
    else if (bmRequestType == (1 << 5)) {
    41b2:	80 32       	cpi	r24, 0x20	; 32
    41b4:	09 f0       	breq	.+2      	; 0x41b8 <main+0x84a>
    41b6:	b2 ce       	rjmp	.-668    	; 0x3f1c <main+0x5ae>
request_class():
/Users/askn/Develop/UPDI4AVR-USB/src/usb.cpp:582
  }

  /*** CDC-ACM request processing. ***/
  bool request_class (void) {
    bool _listen = true;
    uint8_t bRequest = EP_MEM.req_data.bRequest;
    41b8:	80 91 5d 63 	lds	r24, 0x635D	; 0x80635d <EP_MEM+0x1>
/Users/askn/Develop/UPDI4AVR-USB/src/usb.cpp:583
    if (bRequest == 0x0A) {       /* SET_IDLE */
    41bc:	8a 30       	cpi	r24, 0x0A	; 10
    41be:	59 f4       	brne	.+22     	; 0x41d6 <main+0x868>
/Users/askn/Develop/UPDI4AVR-USB/src/usb.cpp:586
      /* This is a HID Compliance Class Request. */
      /* It is called but not used. */
      D1PRINTF(" IDL=%02X\r\n", (uint8_t)EP_MEM.req_data.wValue);
    41c0:	80 91 5e 63 	lds	r24, 0x635E	; 0x80635e <EP_MEM+0x2>
    41c4:	90 91 5f 63 	lds	r25, 0x635F	; 0x80635f <EP_MEM+0x3>
    41c8:	99 27       	eor	r25, r25
    41ca:	9f 93       	push	r25
    41cc:	8f 93       	push	r24
    41ce:	80 e8       	ldi	r24, 0x80	; 128
    41d0:	92 e0       	ldi	r25, 0x02	; 2
    41d2:	9f 93       	push	r25
    41d4:	4c ce       	rjmp	.-872    	; 0x3e6e <main+0x500>
/Users/askn/Develop/UPDI4AVR-USB/src/usb.cpp:589
      EP_RES.CNT = 0;
    }
    else if (bRequest == 0x20) {  /* SET_LINE_ENCODING */
    41d6:	80 32       	cpi	r24, 0x20	; 32
    41d8:	e1 f5       	brne	.+120    	; 0x4252 <main+0x8e4>
ep_req_pending():
/Users/askn/Develop/UPDI4AVR-USB/src/usb.cpp:270

  // MARK: Endpoint

  bool is_ep_setup (void) { return bit_is_set(EP_REQ.STATUS, USB_EPSETUP_bp); }
  bool is_not_dap (void) { return bit_is_clear(EP_DPO.STATUS, USB_BUSNAK_bp); }
  void ep_req_pending (void) { loop_until_bit_is_set(EP_REQ.STATUS, USB_BUSNAK_bp); }
    41da:	80 91 82 64 	lds	r24, 0x6482	; 0x806482 <EP_TABLE+0x8>
    41de:	81 ff       	sbrs	r24, 1
    41e0:	fc cf       	rjmp	.-8      	; 0x41da <main+0x86c>
set_line_encoding():
/Users/askn/Develop/UPDI4AVR-USB/src/usart.cpp:199
      SYS::LED_Flash();
  }

  void set_line_encoding (LineEncoding_t* _buff) {
    /* The USART will not change unless a different setting is given. */
    if (0 == memcmp(&_set_line_encoding, _buff, sizeof(LineEncoding_t))) return;
    41e2:	47 e0       	ldi	r20, 0x07	; 7
    41e4:	50 e0       	ldi	r21, 0x00	; 0
    41e6:	64 e6       	ldi	r22, 0x64	; 100
    41e8:	73 e6       	ldi	r23, 0x63	; 99
    41ea:	8b ea       	ldi	r24, 0xAB	; 171
    41ec:	90 e6       	ldi	r25, 0x60	; 96
    41ee:	0e 94 15 2d 	call	0x5a2a	; 0x5a2a <memcmp>
    41f2:	89 2b       	or	r24, r25
    41f4:	91 f0       	breq	.+36     	; 0x421a <main+0x8ac>
read_drop():
/Users/askn/Develop/UPDI4AVR-USB/src/usb.cpp:451
    }
    return _s != 0;
  }

  void read_drop (void) {
    if (bit_is_set(EP_CDO.STATUS, USB_BUSNAK_bp)) ep_cdo_listen();
    41f6:	80 91 b2 64 	lds	r24, 0x64B2	; 0x8064b2 <EP_TABLE+0x38>
    41fa:	81 fd       	sbrc	r24, 1
    41fc:	0e 94 bd 05 	call	0xb7a	; 0xb7a <USB::ep_cdo_listen()>
set_line_encoding():
/Users/askn/Develop/UPDI4AVR-USB/src/usart.cpp:201
    USB::read_drop();
    USART::setup();
    4200:	0e 94 c3 10 	call	0x2186	; 0x2186 <USART::setup()>
/Users/askn/Develop/UPDI4AVR-USB/src/usart.cpp:202
    memcpy(&_set_line_encoding, _buff, sizeof(LineEncoding_t));
    4204:	87 e0       	ldi	r24, 0x07	; 7
    4206:	e4 e6       	ldi	r30, 0x64	; 100
    4208:	f3 e6       	ldi	r31, 0x63	; 99
    420a:	ab ea       	ldi	r26, 0xAB	; 171
    420c:	b0 e6       	ldi	r27, 0x60	; 96
    420e:	01 90       	ld	r0, Z+
    4210:	0d 92       	st	X+, r0
    4212:	8a 95       	dec	r24
    4214:	e1 f7       	brne	.-8      	; 0x420e <main+0x8a0>
/Users/askn/Develop/UPDI4AVR-USB/src/usart.cpp:203
    change_vcp();
    4216:	0e 94 9a 0d 	call	0x1b34	; 0x1b34 <USART::change_vcp()>
request_class():
/Users/askn/Develop/UPDI4AVR-USB/src/usb.cpp:598
      /* In any case, this isn't a one-off thing. */
      /* If the same parameter settings persist,  */
      /* it's probably best to do nothing.        */
      ep_req_pending();
      USART::set_line_encoding(&EP_MEM.res_encoding);
      D1PRINTF(" SLE=");
    421a:	2a e7       	ldi	r18, 0x7A	; 122
    421c:	32 e0       	ldi	r19, 0x02	; 2
    421e:	3f 93       	push	r19
    4220:	2f 93       	push	r18
    4222:	1f 93       	push	r17
    4224:	0f 93       	push	r16
    4226:	0e 94 89 0c 	call	0x1912	; 0x1912 <Print::printf(PGM_t const*, ...) [clone .constprop.17]>
/Users/askn/Develop/UPDI4AVR-USB/src/usb.cpp:599
      D1PRINTHEX(&_set_line_encoding, sizeof(LineEncoding_t));
    422a:	67 e0       	ldi	r22, 0x07	; 7
    422c:	70 e0       	ldi	r23, 0x00	; 0
    422e:	8b ea       	ldi	r24, 0xAB	; 171
    4230:	90 e6       	ldi	r25, 0x60	; 96
    4232:	0e 94 2f 0c 	call	0x185e	; 0x185e <Print::printHex(void const*, unsigned int, char, unsigned int, char const*) [clone .constprop.14]>
    4236:	0e 94 7d 0c 	call	0x18fa	; 0x18fa <Print::ln()>
/Users/askn/Develop/UPDI4AVR-USB/src/usb.cpp:600
      bit_set(GPCONF, GPCONF_OPN_bp);
    423a:	f4 9a       	sbi	0x1e, 4	; 30
/Users/askn/Develop/UPDI4AVR-USB/src/usb.cpp:601
      _send_count = 0;
    423c:	10 92 77 64 	sts	0x6477, r1	; 0x806477 <_send_count>
/Users/askn/Develop/UPDI4AVR-USB/src/usb.cpp:602
      _recv_count = 0;
    4240:	10 92 76 64 	sts	0x6476, r1	; 0x806476 <_recv_count>
/Users/askn/Develop/UPDI4AVR-USB/src/usb.cpp:603
      _sof_count = 0;
    4244:	10 92 74 64 	sts	0x6474, r1	; 0x806474 <_sof_count>
/Users/askn/Develop/UPDI4AVR-USB/src/usb.cpp:604
      EP_RES.CNT = 0;
    4248:	10 92 8c 64 	sts	0x648C, r1	; 0x80648c <EP_TABLE+0x12>
    424c:	10 92 8d 64 	sts	0x648D, r1	; 0x80648d <EP_TABLE+0x13>
    4250:	9d cf       	rjmp	.-198    	; 0x418c <main+0x81e>
/Users/askn/Develop/UPDI4AVR-USB/src/usb.cpp:606
    }
    else if (bRequest == 0x21) {  /* GET_LINE_ENCODING */
    4252:	81 32       	cpi	r24, 0x21	; 33
    4254:	b9 f5       	brne	.+110    	; 0x42c4 <main+0x956>
/Users/askn/Develop/UPDI4AVR-USB/src/usb.cpp:607
      memcpy(&EP_MEM.res_encoding, &_set_line_encoding, sizeof(LineEncoding_t));
    4256:	87 e0       	ldi	r24, 0x07	; 7
    4258:	eb ea       	ldi	r30, 0xAB	; 171
    425a:	f0 e6       	ldi	r31, 0x60	; 96
    425c:	a4 e6       	ldi	r26, 0x64	; 100
    425e:	b3 e6       	ldi	r27, 0x63	; 99
    4260:	01 90       	ld	r0, Z+
    4262:	0d 92       	st	X+, r0
    4264:	8a 95       	dec	r24
    4266:	e1 f7       	brne	.-8      	; 0x4260 <main+0x8f2>
/Users/askn/Develop/UPDI4AVR-USB/src/usb.cpp:608
      if (EP_MEM.res_encoding.dwDTERate == 0) {
    4268:	80 91 64 63 	lds	r24, 0x6364	; 0x806364 <EP_MEM+0x8>
    426c:	90 91 65 63 	lds	r25, 0x6365	; 0x806365 <EP_MEM+0x9>
    4270:	a0 91 66 63 	lds	r26, 0x6366	; 0x806366 <EP_MEM+0xa>
    4274:	b0 91 67 63 	lds	r27, 0x6367	; 0x806367 <EP_MEM+0xb>
    4278:	89 2b       	or	r24, r25
    427a:	8a 2b       	or	r24, r26
    427c:	8b 2b       	or	r24, r27
    427e:	59 f4       	brne	.+22     	; 0x4296 <main+0x928>
/Users/askn/Develop/UPDI4AVR-USB/src/usb.cpp:611
        /* Parameters that, if incorrectly accepted,           */
        /* would result in division by zero must be corrected. */
        EP_MEM.res_encoding.dwDTERate = 9600UL;
    4280:	80 92 64 63 	sts	0x6364, r8	; 0x806364 <EP_MEM+0x8>
    4284:	90 92 65 63 	sts	0x6365, r9	; 0x806365 <EP_MEM+0x9>
    4288:	a0 92 66 63 	sts	0x6366, r10	; 0x806366 <EP_MEM+0xa>
    428c:	b0 92 67 63 	sts	0x6367, r11	; 0x806367 <EP_MEM+0xb>
/Users/askn/Develop/UPDI4AVR-USB/src/usb.cpp:612
        EP_MEM.res_encoding.bDataBits = 8;
    4290:	88 e0       	ldi	r24, 0x08	; 8
    4292:	80 93 6a 63 	sts	0x636A, r24	; 0x80636a <EP_MEM+0xe>
/Users/askn/Develop/UPDI4AVR-USB/src/usb.cpp:614
      }
      D1PRINTF(" GLE=");
    4296:	84 e7       	ldi	r24, 0x74	; 116
    4298:	92 e0       	ldi	r25, 0x02	; 2
    429a:	9f 93       	push	r25
    429c:	8f 93       	push	r24
    429e:	1f 93       	push	r17
    42a0:	0f 93       	push	r16
    42a2:	0e 94 89 0c 	call	0x1912	; 0x1912 <Print::printf(PGM_t const*, ...) [clone .constprop.17]>
/Users/askn/Develop/UPDI4AVR-USB/src/usb.cpp:615
      D1PRINTHEX(&EP_MEM.res_encoding, sizeof(LineEncoding_t));
    42a6:	67 e0       	ldi	r22, 0x07	; 7
    42a8:	70 e0       	ldi	r23, 0x00	; 0
    42aa:	84 e6       	ldi	r24, 0x64	; 100
    42ac:	93 e6       	ldi	r25, 0x63	; 99
    42ae:	0e 94 2f 0c 	call	0x185e	; 0x185e <Print::printHex(void const*, unsigned int, char, unsigned int, char const*) [clone .constprop.14]>
    42b2:	0e 94 7d 0c 	call	0x18fa	; 0x18fa <Print::ln()>
/Users/askn/Develop/UPDI4AVR-USB/src/usb.cpp:616
      EP_RES.CNT = sizeof(LineEncoding_t);
    42b6:	87 e0       	ldi	r24, 0x07	; 7
    42b8:	90 e0       	ldi	r25, 0x00	; 0
    42ba:	80 93 8c 64 	sts	0x648C, r24	; 0x80648c <EP_TABLE+0x12>
    42be:	90 93 8d 64 	sts	0x648D, r25	; 0x80648d <EP_TABLE+0x13>
    42c2:	64 cf       	rjmp	.-312    	; 0x418c <main+0x81e>
/Users/askn/Develop/UPDI4AVR-USB/src/usb.cpp:618
    }
    else if (bRequest == 0x22) {  /* SET_LINE_STATE */
    42c4:	82 32       	cpi	r24, 0x22	; 34
    42c6:	11 f5       	brne	.+68     	; 0x430c <main+0x99e>
/Users/askn/Develop/UPDI4AVR-USB/src/usb.cpp:620
      /* This includes the DTR and RTS settings. */
      D1PRINTF(" SLS=%02X\r\n", (uint8_t)EP_MEM.req_data.wValue);
    42c8:	80 91 5e 63 	lds	r24, 0x635E	; 0x80635e <EP_MEM+0x2>
    42cc:	90 91 5f 63 	lds	r25, 0x635F	; 0x80635f <EP_MEM+0x3>
    42d0:	99 27       	eor	r25, r25
    42d2:	9f 93       	push	r25
    42d4:	8f 93       	push	r24
    42d6:	28 e6       	ldi	r18, 0x68	; 104
    42d8:	32 e0       	ldi	r19, 0x02	; 2
    42da:	3f 93       	push	r19
    42dc:	2f 93       	push	r18
    42de:	1f 93       	push	r17
    42e0:	0f 93       	push	r16
    42e2:	0e 94 89 0c 	call	0x1912	; 0x1912 <Print::printf(PGM_t const*, ...) [clone .constprop.17]>
/Users/askn/Develop/UPDI4AVR-USB/src/usb.cpp:621
      USART::set_line_state((uint8_t)EP_MEM.req_data.wValue);
    42e6:	80 91 5e 63 	lds	r24, 0x635E	; 0x80635e <EP_MEM+0x2>
set_line_state():
/Users/askn/Develop/UPDI4AVR-USB/src/usart.cpp:230
      digitalWriteMacro(PIN_VCP_RTS, HIGH);
  #endif

  #if defined(CONFIG_VCP_DTR_RESET)
    /* If DTR is set, the device will reboot assuming the host has opened the port. */
    if (!_set_line_state.bStateDTR && bit_is_set(_line_state, 0)) {
    42ea:	90 91 aa 60 	lds	r25, 0x60AA	; 0x8060aa <__data_end>
    42ee:	0f 90       	pop	r0
    42f0:	0f 90       	pop	r0
    42f2:	0f 90       	pop	r0
    42f4:	0f 90       	pop	r0
    42f6:	0f 90       	pop	r0
    42f8:	0f 90       	pop	r0
    42fa:	90 fd       	sbrc	r25, 0
    42fc:	04 c0       	rjmp	.+8      	; 0x4306 <main+0x998>
    42fe:	80 ff       	sbrs	r24, 0
    4300:	02 c0       	rjmp	.+4      	; 0x4306 <main+0x998>
/Users/askn/Develop/UPDI4AVR-USB/src/usart.cpp:231
      bit_set(GPCONF, GPCONF_FAL_bp);
    4302:	f7 9a       	sbi	0x1e, 7	; 30
/Users/askn/Develop/UPDI4AVR-USB/src/usart.cpp:232
      bit_set(GPCONF, GPCONF_RIS_bp);
    4304:	f6 9a       	sbi	0x1e, 6	; 30
/Users/askn/Develop/UPDI4AVR-USB/src/usart.cpp:236
    }
  #endif

    _set_line_state.bValue = _line_state;
    4306:	80 93 aa 60 	sts	0x60AA, r24	; 0x8060aa <__data_end>
    430a:	7b cd       	rjmp	.-1290   	; 0x3e02 <main+0x494>
request_class():
/Users/askn/Develop/UPDI4AVR-USB/src/usb.cpp:624
      EP_RES.CNT = 0;
    }
    else if (bRequest == 0x23) {  /* SET_SEND_BREAK */
    430c:	83 32       	cpi	r24, 0x23	; 35
    430e:	09 f0       	breq	.+2      	; 0x4312 <main+0x9a4>
    4310:	05 ce       	rjmp	.-1014   	; 0x3f1c <main+0x5ae>
/Users/askn/Develop/UPDI4AVR-USB/src/usb.cpp:627
      /* When the host application closes the port, it may send a BREAK=0. */
      /* Nothing else is used unless programmed by the application. */
      D1PRINTF(" SB=%04X\r\n", EP_MEM.req_data.wValue);
    4312:	80 91 5f 63 	lds	r24, 0x635F	; 0x80635f <EP_MEM+0x3>
    4316:	8f 93       	push	r24
    4318:	80 91 5e 63 	lds	r24, 0x635E	; 0x80635e <EP_MEM+0x2>
    431c:	8f 93       	push	r24
    431e:	8d e5       	ldi	r24, 0x5D	; 93
    4320:	92 e0       	ldi	r25, 0x02	; 2
    4322:	9f 93       	push	r25
    4324:	8f 93       	push	r24
    4326:	1f 93       	push	r17
    4328:	0f 93       	push	r16
    432a:	0e 94 89 0c 	call	0x1912	; 0x1912 <Print::printf(PGM_t const*, ...) [clone .constprop.17]>
/Users/askn/Develop/UPDI4AVR-USB/src/usb.cpp:628
      _send_break = EP_MEM.req_data.wValue;
    432e:	80 91 5e 63 	lds	r24, 0x635E	; 0x80635e <EP_MEM+0x2>
    4332:	90 91 5f 63 	lds	r25, 0x635F	; 0x80635f <EP_MEM+0x3>
    4336:	80 93 78 64 	sts	0x6478, r24	; 0x806478 <_send_break>
    433a:	90 93 79 64 	sts	0x6479, r25	; 0x806479 <_send_break+0x1>
/Users/askn/Develop/UPDI4AVR-USB/src/usb.cpp:629
      if (_send_break) break_on();
    433e:	0f 90       	pop	r0
    4340:	0f 90       	pop	r0
    4342:	0f 90       	pop	r0
    4344:	0f 90       	pop	r0
    4346:	0f 90       	pop	r0
    4348:	0f 90       	pop	r0
    434a:	89 2b       	or	r24, r25
    434c:	71 f0       	breq	.+28     	; 0x436a <main+0x9fc>
break_on():
/Users/askn/Develop/UPDI4AVR-USB/src/usb.cpp:358
    ep_dpo_listen();  /* continue transaction */
  }

  void break_on (void) {
    if (bit_is_set(GPCONF, GPCONF_VCP_bp)
     && bit_is_clear(GPCONF, GPCONF_BRK_bp)) {
    434e:	f1 9b       	sbis	0x1e, 1	; 30
    4350:	0a c0       	rjmp	.+20     	; 0x4366 <main+0x9f8>
    4352:	f3 99       	sbic	0x1e, 3	; 30
    4354:	08 c0       	rjmp	.+16     	; 0x4366 <main+0x9f8>
/Users/askn/Develop/UPDI4AVR-USB/src/usb.cpp:360
      /* SET_SEND_BREAK is called when the port is closed successfully. */
      bit_clear(GPCONF, GPCONF_OPN_bp);
    4356:	f4 98       	cbi	0x1e, 4	; 30
/Users/askn/Develop/UPDI4AVR-USB/src/usb.cpp:361
      _sof_count = 0;
    4358:	10 92 74 64 	sts	0x6474, r1	; 0x806474 <_sof_count>
disable_vcp():
/Users/askn/Develop/UPDI4AVR-USB/src/usart.cpp:70
    } while (--_delay);
  }

  /*** Stop the VCP and release the ports in use. ***/
  void disable_vcp (void) {
    if (USART0_CTRLB) {
    435c:	80 91 06 08 	lds	r24, 0x0806	; 0x800806 <__TEXT_REGION_LENGTH__+0x7f0806>
    4360:	81 11       	cpse	r24, r1
    4362:	0e 94 ac 10 	call	0x2158	; 0x2158 <USART::disable_vcp() [clone .part.1]>
break_on():
/Users/askn/Develop/UPDI4AVR-USB/src/usb.cpp:368
  #ifdef CONFIG_VCP_TXD_ODM
      /* During Break, VCP-TxD is pulled LOW. */
      pinModeMacro(PIN_VCP_TXD, OUTPUT);
  #endif
    }
    bit_set(GPCONF, GPCONF_BRK_bp);
    4366:	f3 9a       	sbi	0x1e, 3	; 30
    4368:	4c cd       	rjmp	.-1384   	; 0x3e02 <main+0x494>
request_class():
/Users/askn/Develop/UPDI4AVR-USB/src/usb.cpp:630
      /* When the host application closes the port, it may send a BREAK=0. */
      /* Nothing else is used unless programmed by the application. */
      D1PRINTF(" SB=%04X\r\n", EP_MEM.req_data.wValue);
      _send_break = EP_MEM.req_data.wValue;
      if (_send_break) break_on();
      else break_off();
    436a:	0e 94 65 0e 	call	0x1cca	; 0x1cca <USB::break_off()>
    436e:	49 cd       	rjmp	.-1390   	; 0x3e02 <main+0x494>
main():
/Users/askn/Develop/UPDI4AVR-USB/src/main.cpp:140
      SYS::LED_Turn();
      continue;
    }

    /* If SW0 was used, work here. */
    if (bit_is_clear(PGCONF, PGCONF_UPDI_bp)) {
    4370:	f8 99       	sbic	0x1f, 0	; 31
    4372:	1f c0       	rjmp	.+62     	; 0x43b2 <main+0xa44>
/Users/askn/Develop/UPDI4AVR-USB/src/main.cpp:141
      if      (bit_is_set(GPCONF, GPCONF_FAL_bp)) SYS::reset_enter();
    4374:	f7 9b       	sbis	0x1e, 7	; 30
    4376:	69 c0       	rjmp	.+210    	; 0x444a <main+0xadc>
reset_enter():
/Users/askn/Develop/UPDI4AVR-USB/src/sys.cpp:313
  /*
   * Executed when SW0 is detected as being pressed.
   * May be called multiple times due to chattering.
   */
  void reset_enter (void) {
    if (bit_is_clear(GPCONF, GPCONF_HLD_bp)) {
    4378:	f5 99       	sbic	0x1e, 5	; 30
    437a:	1a c0       	rjmp	.+52     	; 0x43b0 <main+0xa42>
/Users/askn/Develop/UPDI4AVR-USB/src/sys.cpp:314
      LED_Blink();
    437c:	0e 94 46 0d 	call	0x1a8c	; 0x1a8c <SYS::LED_Blink()>
/Users/askn/Develop/UPDI4AVR-USB/src/sys.cpp:315
      pinLogicPull(PIN_PGM_TRST);
    4380:	01 9a       	sbi	0x00, 1	; 0
/Users/askn/Develop/UPDI4AVR-USB/src/sys.cpp:321
      /*
      * Puts a tinyAVR-0 which does not have a reset pad into reset state.
      * This applies to all chips which have an enabled UPDI pad.
      * Does not affect chips with an active reset pad or TPI/PDI type chips.
      */
      send_bitmap(_updi_bitmap_reset, sizeof(_updi_bitmap_reset) * 8);
    4382:	8e e2       	ldi	r24, 0x2E	; 46
    4384:	90 e6       	ldi	r25, 0x60	; 96
    4386:	0e 94 2a 10 	call	0x2054	; 0x2054 <SYS::send_bitmap(unsigned char const*, unsigned int) [clone .constprop.12]>
/Users/askn/Develop/UPDI4AVR-USB/src/sys.cpp:322
      D1PRINTF("<RST:IN>\r\n");
    438a:	84 eb       	ldi	r24, 0xB4	; 180
    438c:	92 e0       	ldi	r25, 0x02	; 2
    438e:	9f 93       	push	r25
    4390:	8f 93       	push	r24
    4392:	1f 93       	push	r17
    4394:	0f 93       	push	r16
    4396:	0e 94 89 0c 	call	0x1912	; 0x1912 <Print::printf(PGM_t const*, ...) [clone .constprop.17]>
/Users/askn/Develop/UPDI4AVR-USB/src/sys.cpp:323
      DFLUSH();
    439a:	80 91 b4 60 	lds	r24, 0x60B4	; 0x8060b4 <Serial1C+0x2>
    439e:	90 91 b5 60 	lds	r25, 0x60B5	; 0x8060b5 <Serial1C+0x3>
    43a2:	0e 94 1a 06 	call	0xc34	; 0xc34 <UsartBaseClass::flush() [clone .isra.0] [clone .lto_priv.18]>
/Users/askn/Develop/UPDI4AVR-USB/src/sys.cpp:324
      bit_set(GPCONF, GPCONF_HLD_bp);
    43a6:	f5 9a       	sbi	0x1e, 5	; 30
    43a8:	0f 90       	pop	r0
    43aa:	0f 90       	pop	r0
    43ac:	0f 90       	pop	r0
    43ae:	0f 90       	pop	r0
/Users/askn/Develop/UPDI4AVR-USB/src/sys.cpp:326
    }
    bit_clear(GPCONF, GPCONF_FAL_bp);
    43b0:	f7 98       	cbi	0x1e, 7	; 30
main():
/Users/askn/Develop/UPDI4AVR-USB/src/main.cpp:153
    /* character arrives every 400 clocks on a 20MHz reference. */
    /* So we avoid using interrupts here and use polling to gain speed. */
  #if defined(CONFIG_VCP_9BIT_SUPPORT)
    if (bit_is_set(GPCONF, GPCONF_VCP_bp)) usart_transmitter();
  #else
    if (bit_is_set(GPCONF, GPCONF_VCP_bp)) USB::vcp_transceiver();
    43b2:	f1 9b       	sbis	0x1e, 1	; 30
    43b4:	95 c0       	rjmp	.+298    	; 0x44e0 <main+0xb72>
vcp_transceiver():
/Users/askn/Develop/UPDI4AVR-USB/src/usb.cpp:487
    if (bit_is_clear(GPCONF, GPCONF_BRK_bp)
  #if defined(CONFIG_VCP_CTS_ENABLE)
     && !digitalReadMacro(PIN_VCP_CTS)
  #endif
     && bit_is_set(USART0_STATUS, USART_DREIF_bp)
     && read_available()) {
    43b6:	f3 99       	sbic	0x1e, 3	; 30
    43b8:	14 c0       	rjmp	.+40     	; 0x43e2 <main+0xa74>
/Users/askn/Develop/UPDI4AVR-USB/src/usb.cpp:486
  void vcp_transceiver (void) {
    if (bit_is_clear(GPCONF, GPCONF_BRK_bp)
  #if defined(CONFIG_VCP_CTS_ENABLE)
     && !digitalReadMacro(PIN_VCP_CTS)
  #endif
     && bit_is_set(USART0_STATUS, USART_DREIF_bp)
    43ba:	80 91 04 08 	lds	r24, 0x0804	; 0x800804 <__TEXT_REGION_LENGTH__+0x7f0804>
    43be:	85 ff       	sbrs	r24, 5
    43c0:	10 c0       	rjmp	.+32     	; 0x43e2 <main+0xa74>
read_available():
/Users/askn/Develop/UPDI4AVR-USB/src/usb.cpp:443
    return _c;
  }

  bool read_available (void) {
    uint8_t _s = 0;
    if (bit_is_set(EP_CDO.STATUS, USB_BUSNAK_bp) && bit_is_set(GPCONF, GPCONF_VCP_bp)) {
    43c2:	80 91 b2 64 	lds	r24, 0x64B2	; 0x8064b2 <EP_TABLE+0x38>
    43c6:	81 ff       	sbrs	r24, 1
    43c8:	0c c0       	rjmp	.+24     	; 0x43e2 <main+0xa74>
    43ca:	f1 9b       	sbis	0x1e, 1	; 30
    43cc:	0a c0       	rjmp	.+20     	; 0x43e2 <main+0xa74>
/Users/askn/Develop/UPDI4AVR-USB/src/usb.cpp:444
      _s = EP_CDO.CNT - _recv_count;
    43ce:	20 91 b4 64 	lds	r18, 0x64B4	; 0x8064b4 <EP_TABLE+0x3a>
    43d2:	30 91 b5 64 	lds	r19, 0x64B5	; 0x8064b5 <EP_TABLE+0x3b>
    43d6:	80 91 76 64 	lds	r24, 0x6476	; 0x806476 <_recv_count>
/Users/askn/Develop/UPDI4AVR-USB/src/usb.cpp:445
      if (_s == 0) ep_cdo_listen();
    43da:	82 13       	cpse	r24, r18
    43dc:	62 c0       	rjmp	.+196    	; 0x44a2 <main+0xb34>
    43de:	0e 94 bd 05 	call	0xb7a	; 0xb7a <USB::ep_cdo_listen()>
main():
/Users/askn/Develop/UPDI4AVR-USB/src/main.cpp:158
  #endif
    else USB::read_drop();

    /*** If the break value is between 1 and 65534, it will count down. ***/
    if (bit_is_set(GPCONF, GPCONF_BRK_bp)) USB::cci_break_count();
    43e2:	f3 9b       	sbis	0x1e, 3	; 30
    43e4:	28 c0       	rjmp	.+80     	; 0x4436 <main+0xac8>
cci_break_count():
/Users/askn/Develop/UPDI4AVR-USB/src/usb.cpp:382
    bit_clear(GPCONF, GPCONF_BRK_bp);
  }

  void cci_break_count (void) {
    /* If the break value is between 1 and 65534, it will count down. */
    if ((_send_break + 1) > 1) {
    43e6:	80 91 78 64 	lds	r24, 0x6478	; 0x806478 <_send_break>
    43ea:	90 91 79 64 	lds	r25, 0x6479	; 0x806479 <_send_break+0x1>
    43ee:	9c 01       	movw	r18, r24
    43f0:	2f 5f       	subi	r18, 0xFF	; 255
    43f2:	3f 4f       	sbci	r19, 0xFF	; 255
    43f4:	22 30       	cpi	r18, 0x02	; 2
    43f6:	31 05       	cpc	r19, r1
    43f8:	f0 f0       	brcs	.+60     	; 0x4436 <main+0xac8>
/Users/askn/Develop/UPDI4AVR-USB/src/usb.cpp:383
      if (_send_break > USB_CCI_INTERVAL) {
    43fa:	85 30       	cpi	r24, 0x05	; 5
    43fc:	91 05       	cpc	r25, r1
    43fe:	08 f4       	brcc	.+2      	; 0x4402 <main+0xa94>
    4400:	74 c0       	rjmp	.+232    	; 0x44ea <main+0xb7c>
/Users/askn/Develop/UPDI4AVR-USB/src/usb.cpp:384
        if (bit_is_set(EP_CCI.STATUS, USB_BUSNAK_bp)) ep_cci_listen();
    4402:	20 91 aa 64 	lds	r18, 0x64AA	; 0x8064aa <EP_TABLE+0x30>
    4406:	21 ff       	sbrs	r18, 1
    4408:	16 c0       	rjmp	.+44     	; 0x4436 <main+0xac8>
ep_cci_listen():
/Users/askn/Develop/UPDI4AVR-USB/src/usb.cpp:305
    USB_EP_STATUS_CLR(USB_EP_DPO) = ~USB_TOGGLE_bm;
  }

  void ep_cci_listen (void) {
    if ((_send_break + 1) > 1 && _send_break > USB_CCI_INTERVAL) {
      _send_break -= USB_CCI_INTERVAL;
    440a:	04 97       	sbiw	r24, 0x04	; 4
    440c:	80 93 78 64 	sts	0x6478, r24	; 0x806478 <_send_break>
    4410:	90 93 79 64 	sts	0x6479, r25	; 0x806479 <_send_break+0x1>
/Users/askn/Develop/UPDI4AVR-USB/src/usb.cpp:307
    }
    EP_CCI.CNT = 10;
    4414:	8a e0       	ldi	r24, 0x0A	; 10
    4416:	90 e0       	ldi	r25, 0x00	; 0
    4418:	80 93 ac 64 	sts	0x64AC, r24	; 0x8064ac <EP_TABLE+0x32>
    441c:	90 93 ad 64 	sts	0x64AD, r25	; 0x8064ad <EP_TABLE+0x33>
/Users/askn/Develop/UPDI4AVR-USB/src/usb.cpp:308
    EP_CCI.MCNT = 0;
    4420:	10 92 b0 64 	sts	0x64B0, r1	; 0x8064b0 <EP_TABLE+0x36>
    4424:	10 92 b1 64 	sts	0x64B1, r1	; 0x8064b1 <EP_TABLE+0x37>
/Users/askn/Develop/UPDI4AVR-USB/src/usb.cpp:309
    loop_until_bit_is_clear(USB0_INTFLAGSB, USB_RMWBUSY_bp);
    4428:	80 91 0b 0c 	lds	r24, 0x0C0B	; 0x800c0b <__TEXT_REGION_LENGTH__+0x7f0c0b>
    442c:	82 fd       	sbrc	r24, 2
    442e:	fc cf       	rjmp	.-8      	; 0x4428 <main+0xaba>
/Users/askn/Develop/UPDI4AVR-USB/src/usb.cpp:310
    USB_EP_STATUS_CLR(USB_EP_CCI) = ~USB_TOGGLE_bm;
    4430:	8e ef       	ldi	r24, 0xFE	; 254
    4432:	80 93 4a 0c 	sts	0x0C4A, r24	; 0x800c4a <__TEXT_REGION_LENGTH__+0x7f0c4a>
is_not_dap():
/Users/askn/Develop/UPDI4AVR-USB/src/usb.cpp:269
  }

  // MARK: Endpoint

  bool is_ep_setup (void) { return bit_is_set(EP_REQ.STATUS, USB_EPSETUP_bp); }
  bool is_not_dap (void) { return bit_is_clear(EP_DPO.STATUS, USB_BUSNAK_bp); }
    4436:	80 91 a2 64 	lds	r24, 0x64A2	; 0x8064a2 <EP_TABLE+0x28>
main():
/Users/askn/Develop/UPDI4AVR-USB/src/main.cpp:161

    /*** If CMSIS-DAP is not received, return to the top. ***/
    if (USB::is_not_dap()) {
    443a:	81 fd       	sbrc	r24, 1
    443c:	5d c0       	rjmp	.+186    	; 0x44f8 <main+0xb8a>
/Users/askn/Develop/UPDI4AVR-USB/src/main.cpp:163
      /* To force exit from a non-responsive terminal mode, press SW0. */
      if (bit_is_set(PGCONF, PGCONF_PROG_bp)) {
    443e:	f9 9b       	sbis	0x1f, 1	; 31
    4440:	1f cc       	rjmp	.-1986   	; 0x3c80 <main+0x312>
/Users/askn/Develop/UPDI4AVR-USB/src/main.cpp:164
        if (bit_is_set(GPCONF, GPCONF_RIS_bp)) _wdt = false;
    4442:	f6 99       	sbic	0x1e, 6	; 30
    4444:	d1 2c       	mov	r13, r1
/Users/askn/Develop/UPDI4AVR-USB/src/main.cpp:165
        bit_clear(GPCONF, GPCONF_RIS_bp);
    4446:	f6 98       	cbi	0x1e, 6	; 30
    4448:	1b cc       	rjmp	.-1994   	; 0x3c80 <main+0x312>
/Users/askn/Develop/UPDI4AVR-USB/src/main.cpp:142
    }

    /* If SW0 was used, work here. */
    if (bit_is_clear(PGCONF, PGCONF_UPDI_bp)) {
      if      (bit_is_set(GPCONF, GPCONF_FAL_bp)) SYS::reset_enter();
      else if (bit_is_set(GPCONF, GPCONF_RIS_bp)) SYS::reset_leave();
    444a:	f6 9b       	sbis	0x1e, 6	; 30
    444c:	b2 cf       	rjmp	.-156    	; 0x43b2 <main+0xa44>
reset_leave():
/Users/askn/Develop/UPDI4AVR-USB/src/sys.cpp:335
   * This will be executed when SW0 is released.
   * If the VCP is operating, it will return to normal operation,
   * but if the USB is stopped, it will reboot at the end.
   */
  void reset_leave (void) {
    if (bit_is_set(GPCONF, GPCONF_HLD_bp)) {
    444e:	f5 9b       	sbis	0x1e, 5	; 30
    4450:	24 c0       	rjmp	.+72     	; 0x449a <main+0xb2c>
/Users/askn/Develop/UPDI4AVR-USB/src/sys.cpp:336
      send_bitmap(_updi_bitmap_leave, sizeof(_updi_bitmap_leave) * 8);
    4452:	8c e3       	ldi	r24, 0x3C	; 60
    4454:	90 e6       	ldi	r25, 0x60	; 96
    4456:	0e 94 2a 10 	call	0x2054	; 0x2054 <SYS::send_bitmap(unsigned char const*, unsigned int) [clone .constprop.12]>
/Users/askn/Develop/UPDI4AVR-USB/src/sys.cpp:337
      pinLogicOpen(PIN_PGM_TRST);
    445a:	01 98       	cbi	0x00, 1	; 0
delay_millis():
/Users/askn/Library/Arduino15/packages/MultiX-Zinnia/hardware/modernAVR/0.4.5/cores/modernAVR/api/delay_busywait.h:42
    445c:	ff e1       	ldi	r31, 0x1F	; 31
    445e:	21 ea       	ldi	r18, 0xA1	; 161
    4460:	37 e0       	ldi	r19, 0x07	; 7
    4462:	f1 50       	subi	r31, 0x01	; 1
    4464:	20 40       	sbci	r18, 0x00	; 0
    4466:	30 40       	sbci	r19, 0x00	; 0
    4468:	e1 f7       	brne	.-8      	; 0x4462 <main+0xaf4>
    446a:	00 c0       	rjmp	.+0      	; 0x446c <main+0xafe>
    446c:	00 00       	nop
reset_leave():
/Users/askn/Develop/UPDI4AVR-USB/src/sys.cpp:342
  #ifdef CONFIG_VCP_DTR_RESET
      /* A delay of 64ms or more between when the bootloader starts and when RxD opens. */
      delay_125ms();
  #endif
      D1PRINTF("<RST:OUT>\r\n");
    446e:	8f eb       	ldi	r24, 0xBF	; 191
    4470:	92 e0       	ldi	r25, 0x02	; 2
    4472:	9f 93       	push	r25
    4474:	8f 93       	push	r24
    4476:	1f 93       	push	r17
    4478:	0f 93       	push	r16
    447a:	0e 94 89 0c 	call	0x1912	; 0x1912 <Print::printf(PGM_t const*, ...) [clone .constprop.17]>
/Users/askn/Develop/UPDI4AVR-USB/src/sys.cpp:343
      DFLUSH();
    447e:	80 91 b4 60 	lds	r24, 0x60B4	; 0x8060b4 <Serial1C+0x2>
    4482:	90 91 b5 60 	lds	r25, 0x60B5	; 0x8060b5 <Serial1C+0x3>
    4486:	0e 94 1a 06 	call	0xc34	; 0xc34 <UsartBaseClass::flush() [clone .isra.0] [clone .lto_priv.18]>
/Users/askn/Develop/UPDI4AVR-USB/src/sys.cpp:344
      if (bit_is_set(GPCONF, GPCONF_USB_bp))
    448a:	0f 90       	pop	r0
    448c:	0f 90       	pop	r0
    448e:	0f 90       	pop	r0
    4490:	0f 90       	pop	r0
    4492:	f0 9b       	sbis	0x1e, 0	; 30
    4494:	2b cc       	rjmp	.-1962   	; 0x3cec <main+0x37e>
/Users/askn/Develop/UPDI4AVR-USB/src/sys.cpp:345
        LED_HeartBeat();  /* The USB is ready. */
    4496:	0e 94 70 0d 	call	0x1ae0	; 0x1ae0 <SYS::LED_HeartBeat()>
/Users/askn/Develop/UPDI4AVR-USB/src/sys.cpp:348
      else reboot();      /* USB disconnected, System reboot. */
    }
    GPCONF &= ~(GPCONF_HLD_bm | GPCONF_RIS_bm | GPCONF_FAL_bm);
    449a:	8e b3       	in	r24, 0x1e	; 30
    449c:	8f 71       	andi	r24, 0x1F	; 31
    449e:	8e bb       	out	0x1e, r24	; 30
    44a0:	88 cf       	rjmp	.-240    	; 0x43b2 <main+0xa44>
read_byte():
/Users/askn/Develop/UPDI4AVR-USB/src/usb.cpp:428
    else ep_cdi_listen();
  }

  uint8_t read_byte (void) {
    uint8_t _c = 0;
    if (EP_CDO.CNT != _recv_count) {
    44a2:	40 91 b4 64 	lds	r20, 0x64B4	; 0x8064b4 <EP_TABLE+0x3a>
    44a6:	50 91 b5 64 	lds	r21, 0x64B5	; 0x8064b5 <EP_TABLE+0x3b>
    44aa:	28 2f       	mov	r18, r24
    44ac:	30 e0       	ldi	r19, 0x00	; 0
main():
/Users/askn/Develop/UPDI4AVR-USB/src/usb.cpp:427
    if (_send_count < 64) _sof_count = 30;
    else ep_cdi_listen();
  }

  uint8_t read_byte (void) {
    uint8_t _c = 0;
    44ae:	f1 2c       	mov	r15, r1
read_byte():
/Users/askn/Develop/UPDI4AVR-USB/src/usb.cpp:428
    if (EP_CDO.CNT != _recv_count) {
    44b0:	42 17       	cp	r20, r18
    44b2:	53 07       	cpc	r21, r19
    44b4:	39 f0       	breq	.+14     	; 0x44c4 <main+0xb56>
/Users/askn/Develop/UPDI4AVR-USB/src/usb.cpp:435
      if (_recv_count == 0) {
        D2PRINTF(" VO=%02X:", EP_CDO.CNT);
        D2PRINTHEX(&EP_MEM.cdo_data, EP_CDO.CNT);
      }
  #endif
      _c = EP_MEM.cdo_data[_recv_count++];
    44b6:	8f 5f       	subi	r24, 0xFF	; 255
    44b8:	80 93 76 64 	sts	0x6476, r24	; 0x806476 <_recv_count>
    44bc:	2c 54       	subi	r18, 0x4C	; 76
    44be:	3c 49       	sbci	r19, 0x9C	; 156
    44c0:	f9 01       	movw	r30, r18
    44c2:	f0 80       	ld	r15, Z
/Users/askn/Develop/UPDI4AVR-USB/src/usb.cpp:437
    }
    if (EP_CDO.CNT == _recv_count) ep_cdo_listen();
    44c4:	80 91 b4 64 	lds	r24, 0x64B4	; 0x8064b4 <EP_TABLE+0x3a>
    44c8:	90 91 b5 64 	lds	r25, 0x64B5	; 0x8064b5 <EP_TABLE+0x3b>
    44cc:	20 91 76 64 	lds	r18, 0x6476	; 0x806476 <_recv_count>
    44d0:	28 17       	cp	r18, r24
    44d2:	19 06       	cpc	r1, r25
    44d4:	11 f4       	brne	.+4      	; 0x44da <main+0xb6c>
    44d6:	0e 94 bd 05 	call	0xb7a	; 0xb7a <USB::ep_cdo_listen()>
vcp_transceiver():
/Users/askn/Develop/UPDI4AVR-USB/src/usb.cpp:488
  #if defined(CONFIG_VCP_CTS_ENABLE)
     && !digitalReadMacro(PIN_VCP_CTS)
  #endif
     && bit_is_set(USART0_STATUS, USART_DREIF_bp)
     && read_available()) {
      USART0_TXDATAL = read_byte();
    44da:	f0 92 02 08 	sts	0x0802, r15	; 0x800802 <__TEXT_REGION_LENGTH__+0x7f0802>
    44de:	81 cf       	rjmp	.-254    	; 0x43e2 <main+0xa74>
read_drop():
/Users/askn/Develop/UPDI4AVR-USB/src/usb.cpp:451
    }
    return _s != 0;
  }

  void read_drop (void) {
    if (bit_is_set(EP_CDO.STATUS, USB_BUSNAK_bp)) ep_cdo_listen();
    44e0:	80 91 b2 64 	lds	r24, 0x64B2	; 0x8064b2 <EP_TABLE+0x38>
    44e4:	81 ff       	sbrs	r24, 1
    44e6:	7d cf       	rjmp	.-262    	; 0x43e2 <main+0xa74>
    44e8:	7a cf       	rjmp	.-268    	; 0x43de <main+0xa70>
cci_break_count():
/Users/askn/Develop/UPDI4AVR-USB/src/usb.cpp:387
    if ((_send_break + 1) > 1) {
      if (_send_break > USB_CCI_INTERVAL) {
        if (bit_is_set(EP_CCI.STATUS, USB_BUSNAK_bp)) ep_cci_listen();
      }
      else {
        _send_break = 0;
    44ea:	10 92 78 64 	sts	0x6478, r1	; 0x806478 <_send_break>
    44ee:	10 92 79 64 	sts	0x6479, r1	; 0x806479 <_send_break+0x1>
/Users/askn/Develop/UPDI4AVR-USB/src/usb.cpp:388
        break_off();
    44f2:	0e 94 65 0e 	call	0x1cca	; 0x1cca <USB::break_off()>
    44f6:	9f cf       	rjmp	.-194    	; 0x4436 <main+0xac8>
dap_command_check():
/Users/askn/Develop/UPDI4AVR-USB/src/jtag.cpp:54
   * Command numbers 0x80 and above are vendor extensions, EDBG Payload uses 0x80 and x81.
   * Additionally, 0x82 is reserved for device event notification.
   */
  bool dap_command_check (void) {
    bool _result = false;
    uint8_t _cmd = EP_MEM.dap_data[0];
    44f8:	90 91 74 63 	lds	r25, 0x6374	; 0x806374 <EP_MEM+0x18>
/Users/askn/Develop/UPDI4AVR-USB/src/jtag.cpp:55
    uint8_t _sub = EP_MEM.dap_data[1];
    44fc:	80 91 75 63 	lds	r24, 0x6375	; 0x806375 <EP_MEM+0x19>
ep_dpi_pending():
/Users/askn/Develop/UPDI4AVR-USB/src/usb.cpp:272

  bool is_ep_setup (void) { return bit_is_set(EP_REQ.STATUS, USB_EPSETUP_bp); }
  bool is_not_dap (void) { return bit_is_clear(EP_DPO.STATUS, USB_BUSNAK_bp); }
  void ep_req_pending (void) { loop_until_bit_is_set(EP_REQ.STATUS, USB_BUSNAK_bp); }
  void ep_res_pending (void) { loop_until_bit_is_set(EP_RES.STATUS, USB_BUSNAK_bp); }
  void ep_dpi_pending (void) { loop_until_bit_is_set(EP_DPI.STATUS, USB_BUSNAK_bp); }
    4500:	20 91 9a 64 	lds	r18, 0x649A	; 0x80649a <EP_TABLE+0x20>
    4504:	21 ff       	sbrs	r18, 1
    4506:	fc cf       	rjmp	.-8      	; 0x4500 <main+0xb92>
dap_command_check():
/Users/askn/Develop/UPDI4AVR-USB/src/jtag.cpp:67
     * and the data is sent and received with a fixed length of 64 bytes,
     * determined by the value specified in the HID Report.
     * A maximum of 15 chunks is possible,
     * resulting in a maximum payload length of 900 bytes.
     */
    if (_cmd == 0x80) {             /* DAP_EDBG_VENDOR_AVR_CMD */
    4508:	90 38       	cpi	r25, 0x80	; 128
    450a:	09 f0       	breq	.+2      	; 0x450e <main+0xba0>
    450c:	da c0       	rjmp	.+436    	; 0x46c2 <main+0xd54>
/Users/askn/Develop/UPDI4AVR-USB/src/jtag.cpp:68
      uint8_t _endf = _sub & 0x0F;
    450e:	f8 2f       	mov	r31, r24
    4510:	ff 70       	andi	r31, 0x0F	; 15
    4512:	4f 2e       	mov	r4, r31
/Users/askn/Develop/UPDI4AVR-USB/src/jtag.cpp:72
      uint8_t _frag = _sub >> 4;
      uint8_t _size = EP_MEM.dap_data[3];
      size_t  _ofst = (_frag - 1) * 60;
      if (_endf >= 10) {
    4514:	29 e0       	ldi	r18, 0x09	; 9
    4516:	2f 17       	cp	r18, r31
    4518:	78 f4       	brcc	.+30     	; 0x4538 <main+0xbca>
/Users/askn/Develop/UPDI4AVR-USB/src/jtag.cpp:74
        /* Only a maximum of 540 bytes : 9 fragment records is accepted. */
        D1PRINTF("<EDBG_FAIL>\r\n");
    451a:	88 ee       	ldi	r24, 0xE8	; 232
    451c:	92 e0       	ldi	r25, 0x02	; 2
/Users/askn/Develop/UPDI4AVR-USB/src/jtag.cpp:96
            _packet_endfrag = 0;
            _result = true;
          }
          else {
            /* A missing chunk is detected, so an error is returned. */
            D1PRINTF("<EDBG_FAIL>\r\n");
    451e:	9f 93       	push	r25
    4520:	8f 93       	push	r24
    4522:	1f 93       	push	r17
    4524:	0f 93       	push	r16
    4526:	0e 94 89 0c 	call	0x1912	; 0x1912 <Print::printf(PGM_t const*, ...) [clone .constprop.17]>
/Users/askn/Develop/UPDI4AVR-USB/src/jtag.cpp:97
            EP_MEM.dap_data[1] = 0x00;  /* EDBG_RSP_FAIL */
    452a:	10 92 75 63 	sts	0x6375, r1	; 0x806375 <EP_MEM+0x19>
/Users/askn/Develop/UPDI4AVR-USB/src/jtag.cpp:107
    else if (_cmd == 0x81) {        /* DAP_EDBG_VENDOR_AVR_RSP */
      EP_MEM.dap_data[2] = 0;       /* Always zero */
      if (_packet_endfrag == 0) {
        D1PRINTF("<EDBG_EMPTY>\r\n");
        EP_MEM.dap_data[1] = 0;
        EP_MEM.dap_data[3] = 0;
    452e:	0f 90       	pop	r0
    4530:	0f 90       	pop	r0
    4532:	0f 90       	pop	r0
    4534:	0f 90       	pop	r0
    4536:	28 c0       	rjmp	.+80     	; 0x4588 <main+0xc1a>
/Users/askn/Develop/UPDI4AVR-USB/src/jtag.cpp:69
     * A maximum of 15 chunks is possible,
     * resulting in a maximum payload length of 900 bytes.
     */
    if (_cmd == 0x80) {             /* DAP_EDBG_VENDOR_AVR_CMD */
      uint8_t _endf = _sub & 0x0F;
      uint8_t _frag = _sub >> 4;
    4538:	90 e0       	ldi	r25, 0x00	; 0
    453a:	24 e0       	ldi	r18, 0x04	; 4
    453c:	95 95       	asr	r25
    453e:	87 95       	ror	r24
    4540:	2a 95       	dec	r18
    4542:	e1 f7       	brne	.-8      	; 0x453c <main+0xbce>
    4544:	38 2e       	mov	r3, r24
/Users/askn/Develop/UPDI4AVR-USB/src/jtag.cpp:70
      uint8_t _size = EP_MEM.dap_data[3];
    4546:	c0 90 77 63 	lds	r12, 0x6377	; 0x806377 <EP_MEM+0x1b>
/Users/askn/Develop/UPDI4AVR-USB/src/jtag.cpp:79
        D1PRINTF("<EDBG_FAIL>\r\n");
        EP_MEM.dap_data[1] = 0x00;  /* EDBG_RSP_FAIL */
      }
      else {
        /* Detect the first chunk. */
        if (_frag == 1) _packet_chunks = 0;
    454a:	31 e0       	ldi	r19, 0x01	; 1
    454c:	83 13       	cpse	r24, r19
    454e:	02 c0       	rjmp	.+4      	; 0x4554 <main+0xbe6>
    4550:	10 92 ba 60 	sts	0x60BA, r1	; 0x8060ba <_packet_chunks>
/Users/askn/Develop/UPDI4AVR-USB/src/jtag.cpp:71
     */
    if (_cmd == 0x80) {             /* DAP_EDBG_VENDOR_AVR_CMD */
      uint8_t _endf = _sub & 0x0F;
      uint8_t _frag = _sub >> 4;
      uint8_t _size = EP_MEM.dap_data[3];
      size_t  _ofst = (_frag - 1) * 60;
    4554:	01 97       	sbiw	r24, 0x01	; 1
    4556:	2c e3       	ldi	r18, 0x3C	; 60
    4558:	28 9f       	mul	r18, r24
    455a:	70 01       	movw	r14, r0
    455c:	29 9f       	mul	r18, r25
    455e:	f0 0c       	add	r15, r0
    4560:	11 24       	eor	r1, r1
/Users/askn/Develop/UPDI4AVR-USB/src/jtag.cpp:80
        EP_MEM.dap_data[1] = 0x00;  /* EDBG_RSP_FAIL */
      }
      else {
        /* Detect the first chunk. */
        if (_frag == 1) _packet_chunks = 0;
        ++_packet_chunks;
    4562:	50 90 ba 60 	lds	r5, 0x60BA	; 0x8060ba <_packet_chunks>
    4566:	53 94       	inc	r5
    4568:	50 92 ba 60 	sts	0x60BA, r5	; 0x8060ba <_packet_chunks>
/Users/askn/Develop/UPDI4AVR-USB/src/jtag.cpp:81
        memcpy(&packet.rawData[_ofst], &EP_MEM.dap_data[4], _size);
    456c:	d1 2c       	mov	r13, r1
    456e:	a6 01       	movw	r20, r12
    4570:	68 e7       	ldi	r22, 0x78	; 120
    4572:	73 e6       	ldi	r23, 0x63	; 99
    4574:	c7 01       	movw	r24, r14
    4576:	83 52       	subi	r24, 0x23	; 35
    4578:	9f 49       	sbci	r25, 0x9F	; 159
    457a:	0e 94 22 2d 	call	0x5a44	; 0x5a44 <memcpy>
/Users/askn/Develop/UPDI4AVR-USB/src/jtag.cpp:82
        EP_MEM.dap_data[1] = 0x01;  /* EDBG_RSP_OK */
    457e:	81 e0       	ldi	r24, 0x01	; 1
    4580:	80 93 75 63 	sts	0x6375, r24	; 0x806375 <EP_MEM+0x19>
/Users/askn/Develop/UPDI4AVR-USB/src/jtag.cpp:84
        D3PRINTHEX(&EP_MEM.dap_data, _size + 4);
        if (_endf == _frag) {       /* end of defragment */
    4584:	43 14       	cp	r4, r3
    4586:	11 f0       	breq	.+4      	; 0x458c <main+0xc1e>
main():
/Users/askn/Develop/UPDI4AVR-USB/src/jtag.cpp:53
  /*
   * Command numbers 0x80 and above are vendor extensions, EDBG Payload uses 0x80 and x81.
   * Additionally, 0x82 is reserved for device event notification.
   */
  bool dap_command_check (void) {
    bool _result = false;
    4588:	e1 2c       	mov	r14, r1
    458a:	0c c0       	rjmp	.+24     	; 0x45a4 <main+0xc36>
dap_command_check():
/Users/askn/Develop/UPDI4AVR-USB/src/jtag.cpp:85
        ++_packet_chunks;
        memcpy(&packet.rawData[_ofst], &EP_MEM.dap_data[4], _size);
        EP_MEM.dap_data[1] = 0x01;  /* EDBG_RSP_OK */
        D3PRINTHEX(&EP_MEM.dap_data, _size + 4);
        if (_endf == _frag) {       /* end of defragment */
          _packet_length = _ofst + _size;
    458c:	ec 0c       	add	r14, r12
    458e:	fd 1c       	adc	r15, r13
    4590:	e0 92 f9 62 	sts	0x62F9, r14	; 0x8062f9 <_packet_length>
    4594:	f0 92 fa 62 	sts	0x62FA, r15	; 0x8062fa <_packet_length+0x1>
/Users/askn/Develop/UPDI4AVR-USB/src/jtag.cpp:88
          D2PRINTF(" SQ=%03X:%03X<", packet.out.sequence, _packet_length);
          D2PRINTHEX(&packet, _packet_length);
          if (_packet_chunks == _endf) {
    4598:	45 10       	cpse	r4, r5
    459a:	90 c0       	rjmp	.+288    	; 0x46bc <main+0xd4e>
/Users/askn/Develop/UPDI4AVR-USB/src/jtag.cpp:91
            /* True if an EDBG Payload is received. */
            D2PRINTF("<EDBG_OK>\r\n");
            _packet_endfrag = 0;
    459c:	10 92 c1 60 	sts	0x60C1, r1	; 0x8060c1 <_packet_endfrag>
main():
/Users/askn/Develop/UPDI4AVR-USB/src/jtag.cpp:92
            _result = true;
    45a0:	ee 24       	eor	r14, r14
    45a2:	e3 94       	inc	r14
ep_dpi_listen():
/Users/askn/Develop/UPDI4AVR-USB/src/usb.cpp:291
    loop_until_bit_is_clear(USB0_INTFLAGSB, USB_RMWBUSY_bp);
    USB_EP_STATUS_CLR(USB_EP_RES) = ~USB_TOGGLE_bm;
  }

  void ep_dpi_listen (void) {
    EP_DPI.CNT = 64;
    45a4:	80 e4       	ldi	r24, 0x40	; 64
    45a6:	90 e0       	ldi	r25, 0x00	; 0
    45a8:	80 93 9c 64 	sts	0x649C, r24	; 0x80649c <EP_TABLE+0x22>
    45ac:	90 93 9d 64 	sts	0x649D, r25	; 0x80649d <EP_TABLE+0x23>
/Users/askn/Develop/UPDI4AVR-USB/src/usb.cpp:292
    EP_DPI.MCNT = 0;
    45b0:	10 92 a0 64 	sts	0x64A0, r1	; 0x8064a0 <EP_TABLE+0x26>
    45b4:	10 92 a1 64 	sts	0x64A1, r1	; 0x8064a1 <EP_TABLE+0x27>
/Users/askn/Develop/UPDI4AVR-USB/src/usb.cpp:293
    loop_until_bit_is_clear(USB0_INTFLAGSB, USB_RMWBUSY_bp);
    45b8:	80 91 0b 0c 	lds	r24, 0x0C0B	; 0x800c0b <__TEXT_REGION_LENGTH__+0x7f0c0b>
    45bc:	82 fd       	sbrc	r24, 2
    45be:	fc cf       	rjmp	.-8      	; 0x45b8 <main+0xc4a>
/Users/askn/Develop/UPDI4AVR-USB/src/usb.cpp:294
    USB_EP_STATUS_CLR(USB_EP_DPI) = ~USB_TOGGLE_bm;
    45c0:	8e ef       	ldi	r24, 0xFE	; 254
    45c2:	80 93 46 0c 	sts	0x0C46, r24	; 0x800c46 <__TEXT_REGION_LENGTH__+0x7f0c46>
ep_dpo_listen():
/Users/askn/Develop/UPDI4AVR-USB/src/usb.cpp:298
  }

  void ep_dpo_listen (void) {
    EP_DPO.CNT = 0;
    45c6:	10 92 a4 64 	sts	0x64A4, r1	; 0x8064a4 <EP_TABLE+0x2a>
    45ca:	10 92 a5 64 	sts	0x64A5, r1	; 0x8064a5 <EP_TABLE+0x2b>
/Users/askn/Develop/UPDI4AVR-USB/src/usb.cpp:299
    loop_until_bit_is_clear(USB0_INTFLAGSB, USB_RMWBUSY_bp);
    45ce:	80 91 0b 0c 	lds	r24, 0x0C0B	; 0x800c0b <__TEXT_REGION_LENGTH__+0x7f0c0b>
    45d2:	82 fd       	sbrc	r24, 2
    45d4:	fc cf       	rjmp	.-8      	; 0x45ce <main+0xc60>
/Users/askn/Develop/UPDI4AVR-USB/src/usb.cpp:300
    USB_EP_STATUS_CLR(USB_EP_DPO) = ~USB_TOGGLE_bm;
    45d6:	8e ef       	ldi	r24, 0xFE	; 254
    45d8:	80 93 48 0c 	sts	0x0C48, r24	; 0x800c48 <__TEXT_REGION_LENGTH__+0x7f0c48>
main():
/Users/askn/Develop/UPDI4AVR-USB/src/main.cpp:173
      continue;
    }
    _wdt = true;

    /*** CMSIS-DAP and JTAG3 packet receiver ***/
    if (JTAG::dap_command_check()) JTAG::jtag_scope_branch();
    45dc:	ee 20       	and	r14, r14
    45de:	09 f4       	brne	.+2      	; 0x45e2 <main+0xc74>
    45e0:	51 cb       	rjmp	.-2398   	; 0x3c84 <main+0x316>
jtag_scope_branch():
/Users/askn/Develop/UPDI4AVR-USB/src/jtag.cpp:416

  /* Processing branches depending on the scope specifier. */
  /* Currently, four types of scope are known: */
  void jtag_scope_branch (void) {
    size_t _rspsize = 0;
    uint8_t _scope  = packet.out.scope;
    45e2:	f0 90 e1 60 	lds	r15, 0x60E1	; 0x8060e1 <packet+0x4>
/Users/askn/Develop/UPDI4AVR-USB/src/jtag.cpp:417
    D1PRINTF("SQ=%d:%d>SCOPE=%02X,C=%02X,S=%02X,L=%02X\r\n",
    45e6:	80 91 e5 60 	lds	r24, 0x60E5	; 0x8060e5 <packet+0x8>
    45ea:	1f 92       	push	r1
    45ec:	8f 93       	push	r24
    45ee:	80 91 e4 60 	lds	r24, 0x60E4	; 0x8060e4 <packet+0x7>
    45f2:	1f 92       	push	r1
    45f4:	8f 93       	push	r24
    45f6:	80 91 e2 60 	lds	r24, 0x60E2	; 0x8060e2 <packet+0x5>
    45fa:	1f 92       	push	r1
    45fc:	8f 93       	push	r24
    45fe:	1f 92       	push	r1
    4600:	ff 92       	push	r15
    4602:	80 91 fa 62 	lds	r24, 0x62FA	; 0x8062fa <_packet_length+0x1>
    4606:	8f 93       	push	r24
    4608:	80 91 f9 62 	lds	r24, 0x62F9	; 0x8062f9 <_packet_length>
    460c:	8f 93       	push	r24
    460e:	80 91 e0 60 	lds	r24, 0x60E0	; 0x8060e0 <packet+0x3>
    4612:	8f 93       	push	r24
    4614:	80 91 df 60 	lds	r24, 0x60DF	; 0x8060df <packet+0x2>
    4618:	8f 93       	push	r24
    461a:	8e e1       	ldi	r24, 0x1E	; 30
    461c:	97 e0       	ldi	r25, 0x07	; 7
    461e:	9f 93       	push	r25
    4620:	8f 93       	push	r24
    4622:	1f 93       	push	r17
    4624:	0f 93       	push	r16
    4626:	0e 94 89 0c 	call	0x1912	; 0x1912 <Print::printf(PGM_t const*, ...) [clone .constprop.17]>
/Users/askn/Develop/UPDI4AVR-USB/src/jtag.cpp:424
      _packet_length,
      _scope,
      packet.out.cmd,
      packet.out.section,
      packet.out.index);
    if      (_scope == 0x01) _rspsize = jtag_scope_general();       /* SCOPE_GENERAL */
    462a:	cd bf       	out	0x3d, r28	; 61
    462c:	de bf       	out	0x3e, r29	; 62
    462e:	91 e0       	ldi	r25, 0x01	; 1
    4630:	f9 12       	cpse	r15, r25
    4632:	29 c1       	rjmp	.+594    	; 0x4886 <main+0xf18>
jtag_scope_general():
/Users/askn/Develop/UPDI4AVR-USB/src/jtag.cpp:179
  // MARK: JTAG

  /*** Only a subset of JTAGICE3 commands are implemented. ***/
  size_t jtag_scope_general (void) {
    size_t  _rspsize = 0;
    uint8_t _cmd     = packet.out.cmd;
    4634:	80 91 e2 60 	lds	r24, 0x60E2	; 0x8060e2 <packet+0x5>
/Users/askn/Develop/UPDI4AVR-USB/src/jtag.cpp:180
    uint8_t _section = packet.out.section;
    4638:	40 90 e4 60 	lds	r4, 0x60E4	; 0x8060e4 <packet+0x7>
/Users/askn/Develop/UPDI4AVR-USB/src/jtag.cpp:181
    uint8_t _index   = packet.out.index;
    463c:	50 90 e5 60 	lds	r5, 0x60E5	; 0x8060e5 <packet+0x8>
/Users/askn/Develop/UPDI4AVR-USB/src/jtag.cpp:182
    uint8_t _length  = packet.out.length;
    4640:	30 90 e6 60 	lds	r3, 0x60E6	; 0x8060e6 <packet+0x9>
/Users/askn/Develop/UPDI4AVR-USB/src/jtag.cpp:183
    if (_cmd == 0x02) {             /* CMD3_GET_PARAMETER */
    4644:	82 30       	cpi	r24, 0x02	; 2
    4646:	09 f0       	breq	.+2      	; 0x464a <main+0xcdc>
    4648:	e4 c0       	rjmp	.+456    	; 0x4812 <main+0xea4>
/Users/askn/Develop/UPDI4AVR-USB/src/jtag.cpp:184
      D1PRINTF(" GEN_GET_PARAM=%02X:%02X:%02X\r\n", _section, _index, _length);
    464a:	e3 2c       	mov	r14, r3
    464c:	f1 2c       	mov	r15, r1
    464e:	c5 2c       	mov	r12, r5
    4650:	d1 2c       	mov	r13, r1
    4652:	1f 92       	push	r1
    4654:	3f 92       	push	r3
    4656:	1f 92       	push	r1
    4658:	5f 92       	push	r5
    465a:	1f 92       	push	r1
    465c:	4f 92       	push	r4
    465e:	86 e6       	ldi	r24, 0x66	; 102
    4660:	93 e0       	ldi	r25, 0x03	; 3
    4662:	9f 93       	push	r25
    4664:	8f 93       	push	r24
    4666:	1f 93       	push	r17
    4668:	0f 93       	push	r16
    466a:	0e 94 89 0c 	call	0x1912	; 0x1912 <Print::printf(PGM_t const*, ...) [clone .constprop.17]>
/Users/askn/Develop/UPDI4AVR-USB/src/jtag.cpp:185
      if (_section == 0) {          /* SET_GET_CTXT_CONFIG */
    466e:	cd bf       	out	0x3d, r28	; 61
    4670:	de bf       	out	0x3e, r29	; 62
    4672:	41 10       	cpse	r4, r1
    4674:	91 c0       	rjmp	.+290    	; 0x4798 <main+0xe2a>
/Users/askn/Develop/UPDI4AVR-USB/src/jtag.cpp:187
        /* _index == 0-5 */
        memcpy_P(&packet.in.data[0], &jtag_version[_index], _length);
    4676:	b6 01       	movw	r22, r12
    4678:	6f 59       	subi	r22, 0x9F	; 159
    467a:	7c 4f       	sbci	r23, 0xFC	; 252
    467c:	a7 01       	movw	r20, r14
    467e:	84 ee       	ldi	r24, 0xE4	; 228
    4680:	90 e6       	ldi	r25, 0x60	; 96
    4682:	bd d6       	rcall	.+3450   	; 0x53fe <memcpy_P>
/Users/askn/Develop/UPDI4AVR-USB/src/jtag.cpp:188
        D1PRINTF(" VESRION=");
    4684:	87 e5       	ldi	r24, 0x57	; 87
    4686:	93 e0       	ldi	r25, 0x03	; 3
    4688:	9f 93       	push	r25
    468a:	8f 93       	push	r24
    468c:	1f 93       	push	r17
    468e:	0f 93       	push	r16
    4690:	0e 94 89 0c 	call	0x1912	; 0x1912 <Print::printf(PGM_t const*, ...) [clone .constprop.17]>
/Users/askn/Develop/UPDI4AVR-USB/src/jtag.cpp:189
        D1PRINTHEX(&packet.in.data[0], _length);
    4694:	b7 01       	movw	r22, r14
    4696:	84 ee       	ldi	r24, 0xE4	; 228
    4698:	90 e6       	ldi	r25, 0x60	; 96
    469a:	0e 94 2f 0c 	call	0x185e	; 0x185e <Print::printHex(void const*, unsigned int, char, unsigned int, char const*) [clone .constprop.14]>
    469e:	0e 94 7d 0c 	call	0x18fa	; 0x18fa <Print::ln()>
    46a2:	0f 90       	pop	r0
    46a4:	0f 90       	pop	r0
    46a6:	0f 90       	pop	r0
    46a8:	0f 90       	pop	r0
jtag_scope_edbg():
/Users/askn/Develop/UPDI4AVR-USB/src/jtag.cpp:261
          /* Called with `-xvtarget_switch` HAS_VTARG_SWITCH */
          D1PRINTF(" TARGET_POWER=%02X\r\n", _jtag_vpow);
          packet.in.data[0] = _jtag_vpow;
        }
      }
      packet.in.res = 0x184;        /* RSP3_DATA */
    46aa:	84 e8       	ldi	r24, 0x84	; 132
    46ac:	91 e0       	ldi	r25, 0x01	; 1
    46ae:	80 93 e2 60 	sts	0x60E2, r24	; 0x8060e2 <packet+0x5>
    46b2:	90 93 e3 60 	sts	0x60E3, r25	; 0x8060e3 <packet+0x6>
/Users/askn/Develop/UPDI4AVR-USB/src/jtag.cpp:262
      _rspsize = _length + 1;
    46b6:	c7 01       	movw	r24, r14
    46b8:	01 96       	adiw	r24, 0x01	; 1
    46ba:	43 c2       	rjmp	.+1158   	; 0x4b42 <main+0x11d4>
dap_command_check():
/Users/askn/Develop/UPDI4AVR-USB/src/jtag.cpp:96
            _packet_endfrag = 0;
            _result = true;
          }
          else {
            /* A missing chunk is detected, so an error is returned. */
            D1PRINTF("<EDBG_FAIL>\r\n");
    46bc:	8a ed       	ldi	r24, 0xDA	; 218
    46be:	92 e0       	ldi	r25, 0x02	; 2
    46c0:	2e cf       	rjmp	.-420    	; 0x451e <main+0xbb0>
/Users/askn/Develop/UPDI4AVR-USB/src/jtag.cpp:102
            EP_MEM.dap_data[1] = 0x00;  /* EDBG_RSP_FAIL */
          }
        }
      }
    }
    else if (_cmd == 0x81) {        /* DAP_EDBG_VENDOR_AVR_RSP */
    46c2:	91 38       	cpi	r25, 0x81	; 129
    46c4:	e9 f5       	brne	.+122    	; 0x4740 <main+0xdd2>
/Users/askn/Develop/UPDI4AVR-USB/src/jtag.cpp:103
      EP_MEM.dap_data[2] = 0;       /* Always zero */
    46c6:	10 92 76 63 	sts	0x6376, r1	; 0x806376 <EP_MEM+0x1a>
/Users/askn/Develop/UPDI4AVR-USB/src/jtag.cpp:104
      if (_packet_endfrag == 0) {
    46ca:	90 91 c1 60 	lds	r25, 0x60C1	; 0x8060c1 <_packet_endfrag>
    46ce:	91 11       	cpse	r25, r1
    46d0:	0d c0       	rjmp	.+26     	; 0x46ec <main+0xd7e>
/Users/askn/Develop/UPDI4AVR-USB/src/jtag.cpp:105
        D1PRINTF("<EDBG_EMPTY>\r\n");
    46d2:	8b ec       	ldi	r24, 0xCB	; 203
    46d4:	92 e0       	ldi	r25, 0x02	; 2
    46d6:	9f 93       	push	r25
    46d8:	8f 93       	push	r24
    46da:	1f 93       	push	r17
    46dc:	0f 93       	push	r16
    46de:	0e 94 89 0c 	call	0x1912	; 0x1912 <Print::printf(PGM_t const*, ...) [clone .constprop.17]>
/Users/askn/Develop/UPDI4AVR-USB/src/jtag.cpp:106
        EP_MEM.dap_data[1] = 0;
    46e2:	10 92 75 63 	sts	0x6375, r1	; 0x806375 <EP_MEM+0x19>
/Users/askn/Develop/UPDI4AVR-USB/src/jtag.cpp:107
        EP_MEM.dap_data[3] = 0;
    46e6:	10 92 77 63 	sts	0x6377, r1	; 0x806377 <EP_MEM+0x1b>
    46ea:	21 cf       	rjmp	.-446    	; 0x452e <main+0xbc0>
/Users/askn/Develop/UPDI4AVR-USB/src/jtag.cpp:110
      }
      else {
        memcpy(&EP_MEM.dap_data[4], &packet.in.token + (_packet_fragment * 60), 60);
    46ec:	80 91 c2 60 	lds	r24, 0x60C2	; 0x8060c2 <_packet_fragment>
    46f0:	2c e3       	ldi	r18, 0x3C	; 60
    46f2:	82 9f       	mul	r24, r18
    46f4:	f0 01       	movw	r30, r0
    46f6:	11 24       	eor	r1, r1
    46f8:	e2 52       	subi	r30, 0x22	; 34
    46fa:	ff 49       	sbci	r31, 0x9F	; 159
    46fc:	a8 e7       	ldi	r26, 0x78	; 120
    46fe:	b3 e6       	ldi	r27, 0x63	; 99
    4700:	01 90       	ld	r0, Z+
    4702:	0d 92       	st	X+, r0
    4704:	2a 95       	dec	r18
    4706:	e1 f7       	brne	.-8      	; 0x4700 <main+0xd92>
/Users/askn/Develop/UPDI4AVR-USB/src/jtag.cpp:111
        EP_MEM.dap_data[1] = ((++_packet_fragment) << 4) | _packet_endfrag;
    4708:	8f 5f       	subi	r24, 0xFF	; 255
    470a:	80 93 c2 60 	sts	0x60C2, r24	; 0x8060c2 <_packet_fragment>
    470e:	40 e1       	ldi	r20, 0x10	; 16
    4710:	84 9f       	mul	r24, r20
    4712:	90 01       	movw	r18, r0
    4714:	11 24       	eor	r1, r1
    4716:	29 2b       	or	r18, r25
    4718:	20 93 75 63 	sts	0x6375, r18	; 0x806375 <EP_MEM+0x19>
    471c:	20 91 f9 62 	lds	r18, 0x62F9	; 0x8062f9 <_packet_length>
    4720:	30 91 fa 62 	lds	r19, 0x62FA	; 0x8062fa <_packet_length+0x1>
/Users/askn/Develop/UPDI4AVR-USB/src/jtag.cpp:112
        EP_MEM.dap_data[3] = _packet_fragment == _packet_endfrag ? _packet_length : 60;
    4724:	98 17       	cp	r25, r24
    4726:	51 f0       	breq	.+20     	; 0x473c <main+0xdce>
    4728:	8c e3       	ldi	r24, 0x3C	; 60
    472a:	80 93 77 63 	sts	0x6377, r24	; 0x806377 <EP_MEM+0x1b>
/Users/askn/Develop/UPDI4AVR-USB/src/jtag.cpp:113
        _packet_length -= 60;
    472e:	2c 53       	subi	r18, 0x3C	; 60
    4730:	31 09       	sbc	r19, r1
    4732:	20 93 f9 62 	sts	0x62F9, r18	; 0x8062f9 <_packet_length>
    4736:	30 93 fa 62 	sts	0x62FA, r19	; 0x8062fa <_packet_length+0x1>
    473a:	26 cf       	rjmp	.-436    	; 0x4588 <main+0xc1a>
/Users/askn/Develop/UPDI4AVR-USB/src/jtag.cpp:112
        EP_MEM.dap_data[3] = 0;
      }
      else {
        memcpy(&EP_MEM.dap_data[4], &packet.in.token + (_packet_fragment * 60), 60);
        EP_MEM.dap_data[1] = ((++_packet_fragment) << 4) | _packet_endfrag;
        EP_MEM.dap_data[3] = _packet_fragment == _packet_endfrag ? _packet_length : 60;
    473c:	82 2f       	mov	r24, r18
    473e:	f5 cf       	rjmp	.-22     	; 0x472a <main+0xdbc>
/Users/askn/Develop/UPDI4AVR-USB/src/jtag.cpp:120
        D3PRINTHEX(&EP_MEM.dap_data, EP_MEM.dap_data[3] + 4);
      }
    }

    /*** DAP Standard ***/
    else if (_cmd == 0x00) {        /* DAP_CMD_INFO */
    4740:	91 11       	cpse	r25, r1
    4742:	1c c0       	rjmp	.+56     	; 0x477c <main+0xe0e>
/Users/askn/Develop/UPDI4AVR-USB/src/jtag.cpp:121
      if (_sub == 0xFF              /* DAP_INFO_PACKET_SIZE      */
    4744:	8f 3f       	cpi	r24, 0xFF	; 255
    4746:	21 f0       	breq	.+8      	; 0x4750 <main+0xde2>
/Users/askn/Develop/UPDI4AVR-USB/src/jtag.cpp:122
       || _sub == 0xFB              /* UART Receive Buffer Size  */
    4748:	95 e0       	ldi	r25, 0x05	; 5
    474a:	98 0f       	add	r25, r24
    474c:	92 30       	cpi	r25, 0x02	; 2
    474e:	48 f4       	brcc	.+18     	; 0x4762 <main+0xdf4>
/Users/askn/Develop/UPDI4AVR-USB/src/jtag.cpp:124
       || _sub == 0xFC) {           /* UART Transmit Buffer Size */
        EP_MEM.dap_data[1] = 0x02;  /* length=2 */
    4750:	82 e0       	ldi	r24, 0x02	; 2
    4752:	80 93 75 63 	sts	0x6375, r24	; 0x806375 <EP_MEM+0x19>
/Users/askn/Develop/UPDI4AVR-USB/src/jtag.cpp:125
        EP_MEM.dap_data[2] = 0x40;  /* MaxPacketSize = 64 */
    4756:	80 e4       	ldi	r24, 0x40	; 64
    4758:	80 93 76 63 	sts	0x6376, r24	; 0x806376 <EP_MEM+0x1a>
/Users/askn/Develop/UPDI4AVR-USB/src/jtag.cpp:126
        EP_MEM.dap_data[3] = 0x00;
    475c:	10 92 77 63 	sts	0x6377, r1	; 0x806377 <EP_MEM+0x1b>
    4760:	13 cf       	rjmp	.-474    	; 0x4588 <main+0xc1a>
/Users/askn/Develop/UPDI4AVR-USB/src/jtag.cpp:130
        D3PRINTF(" PI=");
        D3PRINTHEX(&EP_MEM.dap_data, 4);
      }
      else if (_sub == 0xF1) {      /* DAP_INFO_Capabilities */
    4762:	81 3f       	cpi	r24, 0xF1	; 241
    4764:	09 f0       	breq	.+2      	; 0x4768 <main+0xdfa>
    4766:	10 cf       	rjmp	.-480    	; 0x4588 <main+0xc1a>
/Users/askn/Develop/UPDI4AVR-USB/src/jtag.cpp:131
        EP_MEM.dap_data[1] = 0x02;  /* length=2 */
    4768:	82 e0       	ldi	r24, 0x02	; 2
    476a:	80 93 75 63 	sts	0x6375, r24	; 0x806375 <EP_MEM+0x19>
/Users/askn/Develop/UPDI4AVR-USB/src/jtag.cpp:132
        EP_MEM.dap_data[2] = 0x80;  /* 7:UART Communication Port */
    476e:	80 e8       	ldi	r24, 0x80	; 128
    4770:	80 93 76 63 	sts	0x6376, r24	; 0x806376 <EP_MEM+0x1a>
/Users/askn/Develop/UPDI4AVR-USB/src/jtag.cpp:133
        EP_MEM.dap_data[3] = 0x01;  /* 1:USB COM Port */
    4774:	81 e0       	ldi	r24, 0x01	; 1
    4776:	80 93 77 63 	sts	0x6377, r24	; 0x806377 <EP_MEM+0x1b>
    477a:	06 cf       	rjmp	.-500    	; 0x4588 <main+0xc1a>
/Users/askn/Develop/UPDI4AVR-USB/src/jtag.cpp:138
        D3PRINTF(" PI=");
        D3PRINTHEX(&EP_MEM.dap_data, 4);
      }
    }
    else if (_cmd == 0x02) {        /* DAP_CMD_CONNECT */
    477c:	92 30       	cpi	r25, 0x02	; 2
    477e:	09 f4       	brne	.+2      	; 0x4782 <main+0xe14>
    4780:	03 cf       	rjmp	.-506    	; 0x4588 <main+0xc1a>
/Users/askn/Develop/UPDI4AVR-USB/src/jtag.cpp:144
      /* EP_MEM.dap_data[1] == CONN_TYPE */
      /* Here, the response is returned without processing. */
      D3PRINTF(" PI=");
      D3PRINTHEX(&EP_MEM.dap_data, 2);
    }
    else if (_cmd == 0x01           /* DAP_CMD_HOSTSTATUS */
    4782:	91 30       	cpi	r25, 0x01	; 1
    4784:	31 f4       	brne	.+12     	; 0x4792 <main+0xe24>
/Users/askn/Develop/UPDI4AVR-USB/src/jtag.cpp:145
          && _sub == 0x00) {        /* DAP_LED_CONNECT */
    4786:	88 23       	and	r24, r24
    4788:	09 f4       	brne	.+2      	; 0x478c <main+0xe1e>
    478a:	fe ce       	rjmp	.-516    	; 0x4588 <main+0xc1a>
/Users/askn/Develop/UPDI4AVR-USB/src/jtag.cpp:157
      /* Here, the response is returned without processing. */
      D3PRINTF(" PI=");
      D3PRINTHEX(&EP_MEM.dap_data, 2);
    }
    else {
      EP_MEM.dap_data[1] = 0x00;    /* other 0 length result */
    478c:	10 92 75 63 	sts	0x6375, r1	; 0x806375 <EP_MEM+0x19>
    4790:	fb ce       	rjmp	.-522    	; 0x4588 <main+0xc1a>
/Users/askn/Develop/UPDI4AVR-USB/src/jtag.cpp:151
      /* EP_MEM.dap_data[2] == LED_ON/OFF */
      /* Here, the response is returned without processing. */
      D3PRINTF(" PI=");
      D3PRINTHEX(&EP_MEM.dap_data, 3);
    }
    else if (_cmd == 0x03) {        /* DAP_CMD_DISCONNECT */
    4792:	93 30       	cpi	r25, 0x03	; 3
    4794:	d9 f7       	brne	.-10     	; 0x478c <main+0xe1e>
    4796:	f8 ce       	rjmp	.-528    	; 0x4588 <main+0xc1a>
jtag_scope_general():
/Users/askn/Develop/UPDI4AVR-USB/src/jtag.cpp:191
        /* _index == 0-5 */
        memcpy_P(&packet.in.data[0], &jtag_version[_index], _length);
        D1PRINTF(" VESRION=");
        D1PRINTHEX(&packet.in.data[0], _length);
      }
      else if (_section == 1) {     /* SET_GET_CTXT_PHYSICAL */
    4798:	f1 e0       	ldi	r31, 0x01	; 1
    479a:	4f 12       	cpse	r4, r31
    479c:	86 cf       	rjmp	.-244    	; 0x46aa <main+0xd3c>
/Users/askn/Develop/UPDI4AVR-USB/src/jtag.cpp:192
        if (_index == 0 || _index == 0x20) {  /* PARM3_VTARGET */
    479e:	85 2d       	mov	r24, r5
    47a0:	8f 7d       	andi	r24, 0xDF	; 223
    47a2:	f9 f4       	brne	.+62     	; 0x47e2 <main+0xe74>
/Users/askn/Develop/UPDI4AVR-USB/src/jtag.cpp:194
          /* Called with `-xvtarget` HAS_VTARG_READ */
          _vtarget = SYS::get_vdd();
    47a4:	0e 94 04 09 	call	0x1208	; 0x1208 <SYS::get_vdd()>
    47a8:	80 93 be 60 	sts	0x60BE, r24	; 0x8060be <_vtarget>
    47ac:	90 93 bf 60 	sts	0x60BF, r25	; 0x8060bf <_vtarget+0x1>
/Users/askn/Develop/UPDI4AVR-USB/src/jtag.cpp:195
          D1PRINTF(" VTARGET=%d\r\n", _vtarget);
    47b0:	9f 93       	push	r25
    47b2:	8f 93       	push	r24
    47b4:	89 e4       	ldi	r24, 0x49	; 73
    47b6:	93 e0       	ldi	r25, 0x03	; 3
    47b8:	9f 93       	push	r25
    47ba:	8f 93       	push	r24
    47bc:	1f 93       	push	r17
    47be:	0f 93       	push	r16
    47c0:	0e 94 89 0c 	call	0x1912	; 0x1912 <Print::printf(PGM_t const*, ...) [clone .constprop.17]>
/Users/askn/Develop/UPDI4AVR-USB/src/jtag.cpp:196
          packet.in.wValue = _vtarget;
    47c4:	80 91 be 60 	lds	r24, 0x60BE	; 0x8060be <_vtarget>
    47c8:	90 91 bf 60 	lds	r25, 0x60BF	; 0x8060bf <_vtarget+0x1>
jtag_scope_avr_core():
/Users/askn/Develop/UPDI4AVR-USB/src/jtag.cpp:389
          packet.in.data[0] = _jtag_conn;
        }
        else if (_index == 0x31) {  /* PARM3_CLK_XMEGA_PDI */
          /* `-B <num>khz` : "khz" units are required. */
          D1PRINTF(" XCLK=%d\r\n", _xclk);
          packet.in.wValue = _xclk;
    47cc:	80 93 e4 60 	sts	0x60E4, r24	; 0x8060e4 <packet+0x7>
    47d0:	90 93 e5 60 	sts	0x60E5, r25	; 0x8060e5 <packet+0x8>
jtag_scope_edbg():
/Users/askn/Develop/UPDI4AVR-USB/src/jtag.cpp:258
      D1PRINTF(" AVR_GET_PARAM=%02X:%02X:%02X\r\n", _section, _index, _length);
      if (_section == 0) {          /* SET_GET_CTXT_CONFIG */
        if (_index == 0x10) {       /* EDBG_CONTROL_TARGET_POWER */
          /* Called with `-xvtarget_switch` HAS_VTARG_SWITCH */
          D1PRINTF(" TARGET_POWER=%02X\r\n", _jtag_vpow);
          packet.in.data[0] = _jtag_vpow;
    47d4:	0f 90       	pop	r0
    47d6:	0f 90       	pop	r0
    47d8:	0f 90       	pop	r0
    47da:	0f 90       	pop	r0
    47dc:	0f 90       	pop	r0
    47de:	0f 90       	pop	r0
    47e0:	64 cf       	rjmp	.-312    	; 0x46aa <main+0xd3c>
jtag_scope_general():
/Users/askn/Develop/UPDI4AVR-USB/src/jtag.cpp:200
          D1PRINTF(" VTARGET=%d\r\n", _vtarget);
          packet.in.wValue = _vtarget;
        }
        else {                      /* PARM3_ANALOG_XXXX */
          /* Called with PowerDebugger HAS_VTARG_ADJ */
          D1PRINTF(" PHYSICAL=%02X:%02X\r\n", _index, _length);
    47e2:	1f 92       	push	r1
    47e4:	3f 92       	push	r3
    47e6:	1f 92       	push	r1
    47e8:	5f 92       	push	r5
    47ea:	83 e3       	ldi	r24, 0x33	; 51
    47ec:	93 e0       	ldi	r25, 0x03	; 3
    47ee:	9f 93       	push	r25
    47f0:	8f 93       	push	r24
    47f2:	1f 93       	push	r17
    47f4:	0f 93       	push	r16
    47f6:	0e 94 89 0c 	call	0x1912	; 0x1912 <Print::printf(PGM_t const*, ...) [clone .constprop.17]>
/Users/askn/Develop/UPDI4AVR-USB/src/jtag.cpp:201
          memcpy_P(&packet.in.data[0], &jtag_physical[_index & 7], _length);
    47fa:	65 2d       	mov	r22, r5
    47fc:	67 70       	andi	r22, 0x07	; 7
    47fe:	70 e0       	ldi	r23, 0x00	; 0
    4800:	65 5d       	subi	r22, 0xD5	; 213
    4802:	7c 4f       	sbci	r23, 0xFC	; 252
    4804:	a7 01       	movw	r20, r14
    4806:	84 ee       	ldi	r24, 0xE4	; 228
    4808:	90 e6       	ldi	r25, 0x60	; 96
    480a:	f9 d5       	rcall	.+3058   	; 0x53fe <memcpy_P>
    480c:	cd bf       	out	0x3d, r28	; 61
    480e:	de bf       	out	0x3e, r29	; 62
    4810:	4c cf       	rjmp	.-360    	; 0x46aa <main+0xd3c>
/Users/askn/Develop/UPDI4AVR-USB/src/jtag.cpp:207
        }
      }
      packet.in.res = 0x184;        /* RSP3_DATA */
      _rspsize = _length + 1;
    }
    else if (_cmd == 0x10) {        /* CMD3_SIGN_ON */
    4812:	80 31       	cpi	r24, 0x10	; 16
    4814:	e1 f4       	brne	.+56     	; 0x484e <main+0xee0>
/Users/askn/Develop/UPDI4AVR-USB/src/jtag.cpp:208
      D1PRINTF(" GEN_SIGN_ON\r\n");
    4816:	8c e1       	ldi	r24, 0x1C	; 28
    4818:	93 e0       	ldi	r25, 0x03	; 3
    481a:	9f 93       	push	r25
    481c:	8f 93       	push	r24
    481e:	1f 93       	push	r17
    4820:	0f 93       	push	r16
    4822:	0e 94 89 0c 	call	0x1912	; 0x1912 <Print::printf(PGM_t const*, ...) [clone .constprop.17]>
/Users/askn/Develop/UPDI4AVR-USB/src/jtag.cpp:209
      PGCONF = 0;
    4826:	1f ba       	out	0x1f, r1	; 31
/Users/askn/Develop/UPDI4AVR-USB/src/jtag.cpp:210
      _jtag_hvctrl = 0;
    4828:	10 92 dc 60 	sts	0x60DC, r1	; 0x8060dc <_jtag_hvctrl>
/Users/askn/Develop/UPDI4AVR-USB/src/jtag.cpp:212
      _jtag_unlock = 0;   /* This is not used. */
      _jtag_arch = 0;
    482c:	10 92 58 63 	sts	0x6358, r1	; 0x806358 <_jtag_arch>
/Users/askn/Develop/UPDI4AVR-USB/src/jtag.cpp:213
      _jtag_vpow = 1;
    4830:	f0 92 c0 60 	sts	0x60C0, r15	; 0x8060c0 <_jtag_vpow>
/Users/askn/Develop/UPDI4AVR-USB/src/jtag.cpp:218
      packet.in.res = 0x80;         /* RSP3_OK */
    }
    else if (_cmd == 0x11) {        /* CMD3_SIGN_OFF */
      D1PRINTF(" GEN_SIGN_OFF\r\n");
      packet.in.res = 0x80;         /* RSP3_OK */
    4834:	80 e8       	ldi	r24, 0x80	; 128
    4836:	90 e0       	ldi	r25, 0x00	; 0
    4838:	80 93 e2 60 	sts	0x60E2, r24	; 0x8060e2 <packet+0x5>
    483c:	90 93 e3 60 	sts	0x60E3, r25	; 0x8060e3 <packet+0x6>
    4840:	0f 90       	pop	r0
    4842:	0f 90       	pop	r0
    4844:	0f 90       	pop	r0
    4846:	0f 90       	pop	r0
main():
/Users/askn/Develop/UPDI4AVR-USB/src/jtag.cpp:231
  // MARK: EDBG

  /*** The EDBG scope provides access to the writer's hardware specifications. ***/
  /* There is no impact on operation if it is not called at all. */
  size_t jtag_scope_edbg (void) {
    size_t  _rspsize = 0;
    4848:	90 e0       	ldi	r25, 0x00	; 0
    484a:	80 e0       	ldi	r24, 0x00	; 0
    484c:	7a c1       	rjmp	.+756    	; 0x4b42 <main+0x11d4>
jtag_scope_general():
/Users/askn/Develop/UPDI4AVR-USB/src/jtag.cpp:216
      _jtag_unlock = 0;   /* This is not used. */
      _jtag_arch = 0;
      _jtag_vpow = 1;
      packet.in.res = 0x80;         /* RSP3_OK */
    }
    else if (_cmd == 0x11) {        /* CMD3_SIGN_OFF */
    484e:	81 31       	cpi	r24, 0x11	; 17
    4850:	49 f4       	brne	.+18     	; 0x4864 <main+0xef6>
/Users/askn/Develop/UPDI4AVR-USB/src/jtag.cpp:217
      D1PRINTF(" GEN_SIGN_OFF\r\n");
    4852:	8c e0       	ldi	r24, 0x0C	; 12
    4854:	93 e0       	ldi	r25, 0x03	; 3
    4856:	9f 93       	push	r25
    4858:	8f 93       	push	r24
    485a:	1f 93       	push	r17
    485c:	0f 93       	push	r16
    485e:	0e 94 89 0c 	call	0x1912	; 0x1912 <Print::printf(PGM_t const*, ...) [clone .constprop.17]>
    4862:	e8 cf       	rjmp	.-48     	; 0x4834 <main+0xec6>
/Users/askn/Develop/UPDI4AVR-USB/src/jtag.cpp:221
      packet.in.res = 0x80;         /* RSP3_OK */
    }
    else {
      D1PRINTF(" GEN=%02X:%02X:%02X\r\n", _section, _index, _length);
    4864:	1f 92       	push	r1
    4866:	3f 92       	push	r3
    4868:	1f 92       	push	r1
    486a:	5f 92       	push	r5
    486c:	1f 92       	push	r1
    486e:	4f 92       	push	r4
    4870:	86 ef       	ldi	r24, 0xF6	; 246
    4872:	92 e0       	ldi	r25, 0x02	; 2
    4874:	9f 93       	push	r25
    4876:	8f 93       	push	r24
    4878:	1f 93       	push	r17
    487a:	0f 93       	push	r16
    487c:	0e 94 89 0c 	call	0x1912	; 0x1912 <Print::printf(PGM_t const*, ...) [clone .constprop.17]>
    4880:	cd bf       	out	0x3d, r28	; 61
    4882:	de bf       	out	0x3e, r29	; 62
    4884:	e1 cf       	rjmp	.-62     	; 0x4848 <main+0xeda>
jtag_scope_branch():
/Users/askn/Develop/UPDI4AVR-USB/src/jtag.cpp:430
  #ifdef _Not_yet_implemented_stub_
    else if (_scope == 0x00) _rspsize = jtag_scope_info();          /* SCOPE_INFO */ /* Not used with EDBG/CMSIS-DAP type */
    else if (_scope == 0x11) _rspsize = ISP::jtag_scope_isp();      /* SCOPE_AVR_ISP */
    else if (_scope == 0x13) _rspsize = AVR32::jtag_scope_avr32();  /* SCOPE_AVR32 */
  #endif
    else if (_scope == 0x12) _rspsize = jtag_scope_avr_core();      /* SCOPE_AVR */
    4886:	92 e1       	ldi	r25, 0x12	; 18
    4888:	f9 12       	cpse	r15, r25
    488a:	ce c3       	rjmp	.+1948   	; 0x5028 <main+0x16ba>
jtag_scope_avr_core():
/Users/askn/Develop/UPDI4AVR-USB/src/jtag.cpp:272
  // MARK: SCOPE

  /* The AVR scope is further branched by the ARCH designator. */
  size_t jtag_scope_avr_core (void) {
    size_t  _rspsize = 0;
    uint8_t _cmd     = packet.out.cmd;
    488c:	80 91 e2 60 	lds	r24, 0x60E2	; 0x8060e2 <packet+0x5>
/Users/askn/Develop/UPDI4AVR-USB/src/jtag.cpp:273
    uint8_t _section = packet.out.section;
    4890:	d0 90 e4 60 	lds	r13, 0x60E4	; 0x8060e4 <packet+0x7>
/Users/askn/Develop/UPDI4AVR-USB/src/jtag.cpp:274
    uint8_t _index   = packet.out.index;
    4894:	c0 90 e5 60 	lds	r12, 0x60E5	; 0x8060e5 <packet+0x8>
/Users/askn/Develop/UPDI4AVR-USB/src/jtag.cpp:275
    uint8_t _length  = packet.out.length;
    4898:	50 90 e6 60 	lds	r5, 0x60E6	; 0x8060e6 <packet+0x9>
/Users/askn/Develop/UPDI4AVR-USB/src/jtag.cpp:276
    if (_cmd == 0x01) {             /* CMD3_SET_PARAMETER */
    489c:	81 30       	cpi	r24, 0x01	; 1
    489e:	09 f0       	breq	.+2      	; 0x48a2 <main+0xf34>
    48a0:	d4 c0       	rjmp	.+424    	; 0x4a4a <main+0x10dc>
/Users/askn/Develop/UPDI4AVR-USB/src/jtag.cpp:277
      packet.out.setData[_length] = 0;
    48a2:	e5 2d       	mov	r30, r5
    48a4:	f0 e0       	ldi	r31, 0x00	; 0
    48a6:	e3 52       	subi	r30, 0x23	; 35
    48a8:	ff 49       	sbci	r31, 0x9F	; 159
    48aa:	12 86       	std	Z+10, r1	; 0x0a
/Users/askn/Develop/UPDI4AVR-USB/src/jtag.cpp:278
      uint16_t _data = packet.out.wValue;
    48ac:	e0 90 e7 60 	lds	r14, 0x60E7	; 0x8060e7 <packet+0xa>
    48b0:	f0 90 e8 60 	lds	r15, 0x60E8	; 0x8060e8 <packet+0xb>
/Users/askn/Develop/UPDI4AVR-USB/src/jtag.cpp:279
      D1PRINTF(" AVR_SET_PARAM=%02X:%02X:%02X:%04X\r\n", _section, _index, _length, _data);
    48b4:	ff 92       	push	r15
    48b6:	ef 92       	push	r14
    48b8:	1f 92       	push	r1
    48ba:	5f 92       	push	r5
    48bc:	1f 92       	push	r1
    48be:	cf 92       	push	r12
    48c0:	1f 92       	push	r1
    48c2:	df 92       	push	r13
    48c4:	85 eb       	ldi	r24, 0xB5	; 181
    48c6:	95 e0       	ldi	r25, 0x05	; 5
    48c8:	9f 93       	push	r25
    48ca:	8f 93       	push	r24
    48cc:	1f 93       	push	r17
    48ce:	0f 93       	push	r16
    48d0:	0e 94 89 0c 	call	0x1912	; 0x1912 <Print::printf(PGM_t const*, ...) [clone .constprop.17]>
/Users/askn/Develop/UPDI4AVR-USB/src/jtag.cpp:280
      if (_section == 0) {          /* SET_GET_CTXT_CONFIG */
    48d4:	cd bf       	out	0x3d, r28	; 61
    48d6:	de bf       	out	0x3e, r29	; 62
    48d8:	d1 10       	cpse	r13, r1
    48da:	3b c0       	rjmp	.+118    	; 0x4952 <main+0xfe4>
/Users/askn/Develop/UPDI4AVR-USB/src/jtag.cpp:281
        if (_index == 0) {          /* PARM3_ARCH */
    48dc:	c1 10       	cpse	r12, r1
    48de:	31 c0       	rjmp	.+98     	; 0x4942 <main+0xfd4>
/Users/askn/Develop/UPDI4AVR-USB/src/jtag.cpp:282
          D1PRINTF(" ARCH=%02X\r\n", _data);
    48e0:	ff 92       	push	r15
    48e2:	ef 92       	push	r14
    48e4:	88 ea       	ldi	r24, 0xA8	; 168
    48e6:	95 e0       	ldi	r25, 0x05	; 5
    48e8:	9f 93       	push	r25
    48ea:	8f 93       	push	r24
    48ec:	1f 93       	push	r17
    48ee:	0f 93       	push	r16
    48f0:	0e 94 89 0c 	call	0x1912	; 0x1912 <Print::printf(PGM_t const*, ...) [clone .constprop.17]>
/Users/askn/Develop/UPDI4AVR-USB/src/jtag.cpp:283
          _jtag_arch = _data;       /* 5:UPDI 3:PDI */
    48f4:	e0 92 58 63 	sts	0x6358, r14	; 0x806358 <_jtag_arch>
/Users/askn/Develop/UPDI4AVR-USB/src/jtag.cpp:284
          if (_jtag_arch == 3) {
    48f8:	0f 90       	pop	r0
    48fa:	0f 90       	pop	r0
    48fc:	0f 90       	pop	r0
    48fe:	0f 90       	pop	r0
    4900:	0f 90       	pop	r0
    4902:	0f 90       	pop	r0
    4904:	f3 e0       	ldi	r31, 0x03	; 3
    4906:	ef 12       	cpse	r14, r31
    4908:	01 c0       	rjmp	.+2      	; 0x490c <main+0xf9e>
/Users/askn/Develop/UPDI4AVR-USB/src/jtag.cpp:286
            #ifdef CONFIG_PGM_PDI_ENABLE
            pinLogicPull(PIN_PGM_PDAT);
    490a:	04 9a       	sbi	0x00, 4	; 0
main():
/Users/askn/Develop/UPDI4AVR-USB/src/jtag.cpp:289
            #endif
          }
          _xclk = _data == 5 ? UPDI_CLK : PDI_CLK;
    490c:	81 ee       	ldi	r24, 0xE1	; 225
    490e:	90 e0       	ldi	r25, 0x00	; 0
jtag_scope_avr_core():
    4910:	25 e0       	ldi	r18, 0x05	; 5
    4912:	e2 16       	cp	r14, r18
    4914:	f1 04       	cpc	r15, r1
    4916:	11 f0       	breq	.+4      	; 0x491c <main+0xfae>
main():
    4918:	84 ec       	ldi	r24, 0xC4	; 196
    491a:	99 e0       	ldi	r25, 0x09	; 9
jtag_scope_avr_core():
    491c:	80 93 59 63 	sts	0x6359, r24	; 0x806359 <_xclk>
    4920:	90 93 5a 63 	sts	0x635A, r25	; 0x80635a <_xclk+0x1>
/Users/askn/Develop/UPDI4AVR-USB/src/jtag.cpp:290
          _xclk_bak = _xclk;
    4924:	80 93 bc 60 	sts	0x60BC, r24	; 0x8060bc <_xclk_bak>
    4928:	90 93 bd 60 	sts	0x60BD, r25	; 0x8060bd <_xclk_bak+0x1>
/Users/askn/Develop/UPDI4AVR-USB/src/jtag.cpp:291
          D1PRINTF(" XCLK=%d\r\n", _xclk);
    492c:	9f 93       	push	r25
    492e:	8f 93       	push	r24
    4930:	8d e9       	ldi	r24, 0x9D	; 157
    4932:	95 e0       	ldi	r25, 0x05	; 5
/Users/askn/Develop/UPDI4AVR-USB/src/jtag.cpp:366
        }
        else if (_index == 7) {     /* PARM3_OPT_CHIP_ERASE_TO_ENTER */
          /* This is a stub that shows no signs of being used. */
          /* force unlock chip-erase */
          /* This might be called having no `-e` or `-D`, but having `-F`. */
          D1PRINTF(" UNLOCKEN=%02X\r\n", _data);
    4934:	9f 93       	push	r25
    4936:	8f 93       	push	r24
    4938:	1f 93       	push	r17
    493a:	0f 93       	push	r16
    493c:	0e 94 89 0c 	call	0x1912	; 0x1912 <Print::printf(PGM_t const*, ...) [clone .constprop.17]>
    4940:	19 c0       	rjmp	.+50     	; 0x4974 <main+0x1006>
/Users/askn/Develop/UPDI4AVR-USB/src/jtag.cpp:293
          }
          _xclk = _data == 5 ? UPDI_CLK : PDI_CLK;
          _xclk_bak = _xclk;
          D1PRINTF(" XCLK=%d\r\n", _xclk);
        }
        else if (_index == 1) {     /* PARM3_SESS_PURPOSE */
    4942:	31 e0       	ldi	r19, 0x01	; 1
    4944:	c3 12       	cpse	r12, r19
    4946:	46 c0       	rjmp	.+140    	; 0x49d4 <main+0x1066>
/Users/askn/Develop/UPDI4AVR-USB/src/jtag.cpp:294
          D1PRINTF(" SESS_PURPOSE=%02X\r\n", _data);
    4948:	ff 92       	push	r15
    494a:	ef 92       	push	r14
    494c:	88 e8       	ldi	r24, 0x88	; 136
    494e:	95 e0       	ldi	r25, 0x05	; 5
    4950:	f1 cf       	rjmp	.-30     	; 0x4934 <main+0xfc6>
/Users/askn/Develop/UPDI4AVR-USB/src/jtag.cpp:298
          _jtag_sess = _data;
        }
      }
      else if (_section == 1) {     /* SET_GET_CTXT_PHYSICAL */
    4952:	41 e0       	ldi	r20, 0x01	; 1
    4954:	d4 12       	cpse	r13, r20
    4956:	45 c0       	rjmp	.+138    	; 0x49e2 <main+0x1074>
/Users/askn/Develop/UPDI4AVR-USB/src/jtag.cpp:299
        if (_index == 0) {          /* PARM3_CONNECTION */
    4958:	c1 10       	cpse	r12, r1
    495a:	13 c0       	rjmp	.+38     	; 0x4982 <main+0x1014>
/Users/askn/Develop/UPDI4AVR-USB/src/jtag.cpp:300
          D1PRINTF(" CONNECTION=%02X\r\n", _data);
    495c:	ff 92       	push	r15
    495e:	ef 92       	push	r14
    4960:	85 e7       	ldi	r24, 0x75	; 117
    4962:	95 e0       	ldi	r25, 0x05	; 5
    4964:	9f 93       	push	r25
    4966:	8f 93       	push	r24
    4968:	1f 93       	push	r17
    496a:	0f 93       	push	r16
    496c:	0e 94 89 0c 	call	0x1912	; 0x1912 <Print::printf(PGM_t const*, ...) [clone .constprop.17]>
/Users/askn/Develop/UPDI4AVR-USB/src/jtag.cpp:301
          _jtag_conn = _data;       /* 8:PARM3_CONN_UPDI */
    4970:	e0 92 bb 60 	sts	0x60BB, r14	; 0x8060bb <_jtag_conn>
/Users/askn/Develop/UPDI4AVR-USB/src/jtag.cpp:366
        }
        else if (_index == 7) {     /* PARM3_OPT_CHIP_ERASE_TO_ENTER */
          /* This is a stub that shows no signs of being used. */
          /* force unlock chip-erase */
          /* This might be called having no `-e` or `-D`, but having `-F`. */
          D1PRINTF(" UNLOCKEN=%02X\r\n", _data);
    4974:	0f 90       	pop	r0
    4976:	0f 90       	pop	r0
    4978:	0f 90       	pop	r0
    497a:	0f 90       	pop	r0
    497c:	0f 90       	pop	r0
    497e:	0f 90       	pop	r0
    4980:	29 c0       	rjmp	.+82     	; 0x49d4 <main+0x1066>
/Users/askn/Develop/UPDI4AVR-USB/src/jtag.cpp:303
      else if (_section == 1) {     /* SET_GET_CTXT_PHYSICAL */
        if (_index == 0) {          /* PARM3_CONNECTION */
          D1PRINTF(" CONNECTION=%02X\r\n", _data);
          _jtag_conn = _data;       /* 8:PARM3_CONN_UPDI */
        }
        else if (_index == 0x31) {  /* PARM3_CLK_XMEGA_PDI */
    4982:	81 e3       	ldi	r24, 0x31	; 49
    4984:	c8 12       	cpse	r12, r24
    4986:	26 c0       	rjmp	.+76     	; 0x49d4 <main+0x1066>
    4988:	94 e6       	ldi	r25, 0x64	; 100
    498a:	e9 16       	cp	r14, r25
    498c:	f1 04       	cpc	r15, r1
    498e:	18 f4       	brcc	.+6      	; 0x4996 <main+0x1028>
    4990:	94 e6       	ldi	r25, 0x64	; 100
    4992:	e9 2e       	mov	r14, r25
    4994:	f1 2c       	mov	r15, r1
/Users/askn/Develop/UPDI4AVR-USB/src/jtag.cpp:308
          /* Called with `-B xclk[unit]`. */
          /* XCLK Range Limitation : LSB=kHz */
          if (_data < 100) _data = 100;
  #if defined(DEBUG)
          if (_xclk != _data) D1PRINTF(" FIX_XCLK=%d\r\n", _xclk);
    4996:	80 91 59 63 	lds	r24, 0x6359	; 0x806359 <_xclk>
    499a:	90 91 5a 63 	lds	r25, 0x635A	; 0x80635a <_xclk+0x1>
    499e:	e8 16       	cp	r14, r24
    49a0:	f9 06       	cpc	r15, r25
    49a2:	81 f0       	breq	.+32     	; 0x49c4 <main+0x1056>
    49a4:	9f 93       	push	r25
    49a6:	8f 93       	push	r24
    49a8:	86 e6       	ldi	r24, 0x66	; 102
    49aa:	95 e0       	ldi	r25, 0x05	; 5
    49ac:	9f 93       	push	r25
    49ae:	8f 93       	push	r24
    49b0:	1f 93       	push	r17
    49b2:	0f 93       	push	r16
    49b4:	0e 94 89 0c 	call	0x1912	; 0x1912 <Print::printf(PGM_t const*, ...) [clone .constprop.17]>
    49b8:	0f 90       	pop	r0
    49ba:	0f 90       	pop	r0
    49bc:	0f 90       	pop	r0
    49be:	0f 90       	pop	r0
    49c0:	0f 90       	pop	r0
    49c2:	0f 90       	pop	r0
/Users/askn/Develop/UPDI4AVR-USB/src/jtag.cpp:310
  #endif
          _xclk = _xclk_bak = _data;
    49c4:	e0 92 bc 60 	sts	0x60BC, r14	; 0x8060bc <_xclk_bak>
    49c8:	f0 92 bd 60 	sts	0x60BD, r15	; 0x8060bd <_xclk_bak+0x1>
    49cc:	e0 92 59 63 	sts	0x6359, r14	; 0x806359 <_xclk>
    49d0:	f0 92 5a 63 	sts	0x635A, r15	; 0x80635a <_xclk+0x1>
/Users/askn/Develop/UPDI4AVR-USB/src/jtag.cpp:370
          /* This might be called having no `-e` or `-D`, but having `-F`. */
          D1PRINTF(" UNLOCKEN=%02X\r\n", _data);
          _jtag_unlock = _data;     /* 1:ENABLE */
        }
      }
      packet.in.res = 0x80;         /* RSP3_OK */
    49d4:	80 e8       	ldi	r24, 0x80	; 128
    49d6:	90 e0       	ldi	r25, 0x00	; 0
    49d8:	80 93 e2 60 	sts	0x60E2, r24	; 0x8060e2 <packet+0x5>
    49dc:	90 93 e3 60 	sts	0x60E3, r25	; 0x8060e3 <packet+0x6>
    49e0:	33 cf       	rjmp	.-410    	; 0x4848 <main+0xeda>
/Users/askn/Develop/UPDI4AVR-USB/src/jtag.cpp:313
          if (_xclk != _data) D1PRINTF(" FIX_XCLK=%d\r\n", _xclk);
  #endif
          _xclk = _xclk_bak = _data;
        }
      }
      else if (_section == 2) {     /* SET_GET_CTXT_DEVICE */
    49e2:	e2 e0       	ldi	r30, 0x02	; 2
    49e4:	de 12       	cpse	r13, r30
    49e6:	16 c0       	rjmp	.+44     	; 0x4a14 <main+0x10a6>
/Users/askn/Develop/UPDI4AVR-USB/src/jtag.cpp:314
        if (_index == 0) {          /* PARM3_DEVICEDESC */
    49e8:	c1 10       	cpse	r12, r1
    49ea:	f4 cf       	rjmp	.-24     	; 0x49d4 <main+0x1066>
/Users/askn/Develop/UPDI4AVR-USB/src/jtag.cpp:315
          D1PRINTF(" DEVICEDESC=%X\r\n", _length);
    49ec:	1f 92       	push	r1
    49ee:	5f 92       	push	r5
    49f0:	85 e5       	ldi	r24, 0x55	; 85
    49f2:	95 e0       	ldi	r25, 0x05	; 5
    49f4:	9f 93       	push	r25
    49f6:	8f 93       	push	r24
    49f8:	1f 93       	push	r17
    49fa:	0f 93       	push	r16
    49fc:	0e 94 89 0c 	call	0x1912	; 0x1912 <Print::printf(PGM_t const*, ...) [clone .constprop.17]>
/Users/askn/Develop/UPDI4AVR-USB/src/jtag.cpp:316
          memcpy(&Device_Descriptor, &packet.out.setData[0], _length & 63);
    4a00:	45 2d       	mov	r20, r5
    4a02:	4f 73       	andi	r20, 0x3F	; 63
    4a04:	50 e0       	ldi	r21, 0x00	; 0
    4a06:	67 ee       	ldi	r22, 0xE7	; 231
    4a08:	70 e6       	ldi	r23, 0x60	; 96
    4a0a:	8b ef       	ldi	r24, 0xFB	; 251
    4a0c:	92 e6       	ldi	r25, 0x62	; 98
    4a0e:	0e 94 22 2d 	call	0x5a44	; 0x5a44 <memcpy>
    4a12:	b0 cf       	rjmp	.-160    	; 0x4974 <main+0x1006>
/Users/askn/Develop/UPDI4AVR-USB/src/jtag.cpp:356
          }
          /* STUB: And other descriptors. */
  #endif
        }
      }
      else if (_section == 3) {     /* SET_GET_CTXT_OPTIONS */
    4a14:	f3 e0       	ldi	r31, 0x03	; 3
    4a16:	df 12       	cpse	r13, r31
    4a18:	dd cf       	rjmp	.-70     	; 0x49d4 <main+0x1066>
/Users/askn/Develop/UPDI4AVR-USB/src/jtag.cpp:357
        if (_index == 6) {          /* PARM3_OPT_12V_UPDI_ENABLE */
    4a1a:	26 e0       	ldi	r18, 0x06	; 6
    4a1c:	c2 12       	cpse	r12, r18
    4a1e:	0d c0       	rjmp	.+26     	; 0x4a3a <main+0x10cc>
/Users/askn/Develop/UPDI4AVR-USB/src/jtag.cpp:359
          /* Called with `-xhvupdi` hvupdi_support */
          D1PRINTF(" HVCTRLEN=%02X\r\n", _data);
    4a20:	ff 92       	push	r15
    4a22:	ef 92       	push	r14
    4a24:	84 e4       	ldi	r24, 0x44	; 68
    4a26:	95 e0       	ldi	r25, 0x05	; 5
    4a28:	9f 93       	push	r25
    4a2a:	8f 93       	push	r24
    4a2c:	1f 93       	push	r17
    4a2e:	0f 93       	push	r16
    4a30:	0e 94 89 0c 	call	0x1912	; 0x1912 <Print::printf(PGM_t const*, ...) [clone .constprop.17]>
/Users/askn/Develop/UPDI4AVR-USB/src/jtag.cpp:360
          _jtag_hvctrl = _data;     /* 1:ENABLE */
    4a34:	e0 92 dc 60 	sts	0x60DC, r14	; 0x8060dc <_jtag_hvctrl>
    4a38:	9d cf       	rjmp	.-198    	; 0x4974 <main+0x1006>
/Users/askn/Develop/UPDI4AVR-USB/src/jtag.cpp:362
        }
        else if (_index == 7) {     /* PARM3_OPT_CHIP_ERASE_TO_ENTER */
    4a3a:	37 e0       	ldi	r19, 0x07	; 7
    4a3c:	c3 12       	cpse	r12, r19
    4a3e:	ca cf       	rjmp	.-108    	; 0x49d4 <main+0x1066>
/Users/askn/Develop/UPDI4AVR-USB/src/jtag.cpp:366
          /* This is a stub that shows no signs of being used. */
          /* force unlock chip-erase */
          /* This might be called having no `-e` or `-D`, but having `-F`. */
          D1PRINTF(" UNLOCKEN=%02X\r\n", _data);
    4a40:	ff 92       	push	r15
    4a42:	ef 92       	push	r14
    4a44:	83 e3       	ldi	r24, 0x33	; 51
    4a46:	95 e0       	ldi	r25, 0x05	; 5
    4a48:	75 cf       	rjmp	.-278    	; 0x4934 <main+0xfc6>
/Users/askn/Develop/UPDI4AVR-USB/src/jtag.cpp:372
          _jtag_unlock = _data;     /* 1:ENABLE */
        }
      }
      packet.in.res = 0x80;         /* RSP3_OK */
    }
    else if (_cmd == 0x02) {        /* CMD3_GET_PARAMETER */
    4a4a:	82 30       	cpi	r24, 0x02	; 2
    4a4c:	09 f0       	breq	.+2      	; 0x4a50 <main+0x10e2>
    4a4e:	51 c0       	rjmp	.+162    	; 0x4af2 <main+0x1184>
/Users/askn/Develop/UPDI4AVR-USB/src/jtag.cpp:373
      D1PRINTF(" AVR_GET_PARAMETER=%02X:%02X:%02X\r\n", _section, _index, _length);
    4a50:	e5 2c       	mov	r14, r5
    4a52:	f1 2c       	mov	r15, r1
    4a54:	1f 92       	push	r1
    4a56:	5f 92       	push	r5
    4a58:	1f 92       	push	r1
    4a5a:	cf 92       	push	r12
    4a5c:	1f 92       	push	r1
    4a5e:	df 92       	push	r13
    4a60:	8f e0       	ldi	r24, 0x0F	; 15
    4a62:	95 e0       	ldi	r25, 0x05	; 5
    4a64:	9f 93       	push	r25
    4a66:	8f 93       	push	r24
    4a68:	1f 93       	push	r17
    4a6a:	0f 93       	push	r16
    4a6c:	0e 94 89 0c 	call	0x1912	; 0x1912 <Print::printf(PGM_t const*, ...) [clone .constprop.17]>
/Users/askn/Develop/UPDI4AVR-USB/src/jtag.cpp:374
      if (_section == 0) {          /* SET_GET_CTXT_CONFIG */
    4a70:	cd bf       	out	0x3d, r28	; 61
    4a72:	de bf       	out	0x3e, r29	; 62
    4a74:	d1 10       	cpse	r13, r1
    4a76:	13 c0       	rjmp	.+38     	; 0x4a9e <main+0x1130>
/Users/askn/Develop/UPDI4AVR-USB/src/jtag.cpp:375
        if (_index == 0) {          /* PARM3_ARCH */
    4a78:	c1 10       	cpse	r12, r1
    4a7a:	17 ce       	rjmp	.-978    	; 0x46aa <main+0xd3c>
/Users/askn/Develop/UPDI4AVR-USB/src/jtag.cpp:376
          D1PRINTF(" ARCH=%02X\r\n", _jtag_arch);
    4a7c:	80 91 58 63 	lds	r24, 0x6358	; 0x806358 <_jtag_arch>
    4a80:	1f 92       	push	r1
    4a82:	8f 93       	push	r24
    4a84:	82 e0       	ldi	r24, 0x02	; 2
    4a86:	95 e0       	ldi	r25, 0x05	; 5
    4a88:	9f 93       	push	r25
    4a8a:	8f 93       	push	r24
    4a8c:	1f 93       	push	r17
    4a8e:	0f 93       	push	r16
    4a90:	0e 94 89 0c 	call	0x1912	; 0x1912 <Print::printf(PGM_t const*, ...) [clone .constprop.17]>
/Users/askn/Develop/UPDI4AVR-USB/src/jtag.cpp:377
          packet.in.data[0] = _jtag_arch;
    4a94:	80 91 58 63 	lds	r24, 0x6358	; 0x806358 <_jtag_arch>
jtag_scope_edbg():
/Users/askn/Develop/UPDI4AVR-USB/src/jtag.cpp:258
      D1PRINTF(" AVR_GET_PARAM=%02X:%02X:%02X\r\n", _section, _index, _length);
      if (_section == 0) {          /* SET_GET_CTXT_CONFIG */
        if (_index == 0x10) {       /* EDBG_CONTROL_TARGET_POWER */
          /* Called with `-xvtarget_switch` HAS_VTARG_SWITCH */
          D1PRINTF(" TARGET_POWER=%02X\r\n", _jtag_vpow);
          packet.in.data[0] = _jtag_vpow;
    4a98:	80 93 e4 60 	sts	0x60E4, r24	; 0x8060e4 <packet+0x7>
    4a9c:	9b ce       	rjmp	.-714    	; 0x47d4 <main+0xe66>
jtag_scope_avr_core():
/Users/askn/Develop/UPDI4AVR-USB/src/jtag.cpp:380
        if (_index == 0) {          /* PARM3_ARCH */
          D1PRINTF(" ARCH=%02X\r\n", _jtag_arch);
          packet.in.data[0] = _jtag_arch;
        }
      }
      else if (_section == 1) {     /* SET_GET_CTXT_PHYSICAL */
    4a9e:	91 e0       	ldi	r25, 0x01	; 1
    4aa0:	d9 12       	cpse	r13, r25
    4aa2:	03 ce       	rjmp	.-1018   	; 0x46aa <main+0xd3c>
/Users/askn/Develop/UPDI4AVR-USB/src/jtag.cpp:381
        if (_index == 0) {          /* PARM3_CONNECTION */
    4aa4:	c1 10       	cpse	r12, r1
    4aa6:	0f c0       	rjmp	.+30     	; 0x4ac6 <main+0x1158>
/Users/askn/Develop/UPDI4AVR-USB/src/jtag.cpp:383
          /* This is a stub that is called but not used. */
          D1PRINTF(" CONNECTION=%02X\r\n", _jtag_conn);
    4aa8:	80 91 bb 60 	lds	r24, 0x60BB	; 0x8060bb <_jtag_conn>
    4aac:	1f 92       	push	r1
    4aae:	8f 93       	push	r24
    4ab0:	8f ee       	ldi	r24, 0xEF	; 239
    4ab2:	94 e0       	ldi	r25, 0x04	; 4
    4ab4:	9f 93       	push	r25
    4ab6:	8f 93       	push	r24
    4ab8:	1f 93       	push	r17
    4aba:	0f 93       	push	r16
    4abc:	0e 94 89 0c 	call	0x1912	; 0x1912 <Print::printf(PGM_t const*, ...) [clone .constprop.17]>
/Users/askn/Develop/UPDI4AVR-USB/src/jtag.cpp:384
          packet.in.data[0] = _jtag_conn;
    4ac0:	80 91 bb 60 	lds	r24, 0x60BB	; 0x8060bb <_jtag_conn>
    4ac4:	e9 cf       	rjmp	.-46     	; 0x4a98 <main+0x112a>
/Users/askn/Develop/UPDI4AVR-USB/src/jtag.cpp:386
        }
        else if (_index == 0x31) {  /* PARM3_CLK_XMEGA_PDI */
    4ac6:	e1 e3       	ldi	r30, 0x31	; 49
    4ac8:	ce 12       	cpse	r12, r30
    4aca:	ef cd       	rjmp	.-1058   	; 0x46aa <main+0xd3c>
/Users/askn/Develop/UPDI4AVR-USB/src/jtag.cpp:388
          /* `-B <num>khz` : "khz" units are required. */
          D1PRINTF(" XCLK=%d\r\n", _xclk);
    4acc:	80 91 5a 63 	lds	r24, 0x635A	; 0x80635a <_xclk+0x1>
    4ad0:	8f 93       	push	r24
    4ad2:	80 91 59 63 	lds	r24, 0x6359	; 0x806359 <_xclk>
    4ad6:	8f 93       	push	r24
    4ad8:	84 ee       	ldi	r24, 0xE4	; 228
    4ada:	94 e0       	ldi	r25, 0x04	; 4
    4adc:	9f 93       	push	r25
    4ade:	8f 93       	push	r24
    4ae0:	1f 93       	push	r17
    4ae2:	0f 93       	push	r16
    4ae4:	0e 94 89 0c 	call	0x1912	; 0x1912 <Print::printf(PGM_t const*, ...) [clone .constprop.17]>
/Users/askn/Develop/UPDI4AVR-USB/src/jtag.cpp:389
          packet.in.wValue = _xclk;
    4ae8:	80 91 59 63 	lds	r24, 0x6359	; 0x806359 <_xclk>
    4aec:	90 91 5a 63 	lds	r25, 0x635A	; 0x80635a <_xclk+0x1>
    4af0:	6d ce       	rjmp	.-806    	; 0x47cc <main+0xe5e>
/Users/askn/Develop/UPDI4AVR-USB/src/jtag.cpp:400
  #ifdef _Not_yet_implemented_stub_
    else if (_jtag_arch == 0x01) _rspsize = DWI::jtag_scope_tiny();     /* dWire? */
    else if (_jtag_arch == 0x02) _rspsize = ISP::jtag_scope_mega();     /* MEGA */
  #endif
  #ifdef CONFIG_PGM_PDI_ENABLE
    else if (_jtag_arch == 0x03) _rspsize = PDI::jtag_scope_xmega();    /* XMEGA support */
    4af2:	90 91 58 63 	lds	r25, 0x6358	; 0x806358 <_jtag_arch>
    4af6:	93 30       	cpi	r25, 0x03	; 3
    4af8:	09 f0       	breq	.+2      	; 0x4afc <main+0x118e>
    4afa:	21 c1       	rjmp	.+578    	; 0x4d3e <main+0x13d0>
jtag_scope_xmega():
/Users/askn/Develop/UPDI4AVR-USB/src/pdi.cpp:399
  }

  size_t jtag_scope_xmega (void) {
    size_t _rspsize = 0;
    uint8_t _cmd = packet.out.cmd;
    if (_cmd == 0x10) {             /* CMD3_SIGN_ON */
    4afc:	80 31       	cpi	r24, 0x10	; 16
    4afe:	c9 f5       	brne	.+114    	; 0x4b72 <main+0x1204>
/Users/askn/Develop/UPDI4AVR-USB/src/pdi.cpp:400
      D1PRINTF(" PDI_SIGN_ON=EXT:%02X\r\n", packet.out.bMType);
    4b00:	1f 92       	push	r1
    4b02:	df 92       	push	r13
    4b04:	8b e0       	ldi	r24, 0x0B	; 11
    4b06:	94 e0       	ldi	r25, 0x04	; 4
    4b08:	9f 93       	push	r25
    4b0a:	8f 93       	push	r24
    4b0c:	1f 93       	push	r17
    4b0e:	0f 93       	push	r16
    4b10:	0e 94 89 0c 	call	0x1912	; 0x1912 <Print::printf(PGM_t const*, ...) [clone .constprop.17]>
/Users/askn/Develop/UPDI4AVR-USB/src/pdi.cpp:401
      _rspsize = Timeout::command(&connect, &timeout_fallback);
    4b14:	40 e2       	ldi	r20, 0x20	; 32
    4b16:	53 e0       	ldi	r21, 0x03	; 3
    4b18:	64 ea       	ldi	r22, 0xA4	; 164
    4b1a:	7e e0       	ldi	r23, 0x0E	; 14
    4b1c:	82 ea       	ldi	r24, 0xA2	; 162
    4b1e:	96 e1       	ldi	r25, 0x16	; 22
    4b20:	0e 94 0d 1c 	call	0x381a	; 0x381a <Timeout::command(unsigned int (*)(), unsigned int (*)(), unsigned int)>
/Users/askn/Develop/UPDI4AVR-USB/src/pdi.cpp:402
      packet.in.res = _rspsize ? 0x84 : 0xA0; /* RSP3_DATA : RSP3_FAILED */
    4b24:	0f 90       	pop	r0
    4b26:	0f 90       	pop	r0
    4b28:	0f 90       	pop	r0
    4b2a:	0f 90       	pop	r0
    4b2c:	0f 90       	pop	r0
    4b2e:	0f 90       	pop	r0
    4b30:	00 97       	sbiw	r24, 0x00	; 0
    4b32:	09 f4       	brne	.+2      	; 0x4b36 <main+0x11c8>
    4b34:	db c0       	rjmp	.+438    	; 0x4cec <main+0x137e>
main():
/Users/askn/Develop/UPDI4AVR-USB/src/updi.cpp:516
      _xclk = _xclk_bak;
      while (_xclk >= 100 && !(_rspsize = Timeout::command(&connect, nullptr, 160))) {
        _xclk -= _step;
      }
      /* If it fails here, it is expected to try again, giving it a chance at HV control. */
      packet.in.res = _rspsize ? 0x84 : 0xA0; /* RSP3_DATA : RSP3_FAILED */
    4b36:	24 e8       	ldi	r18, 0x84	; 132
    4b38:	30 e0       	ldi	r19, 0x00	; 0
jtag_scope_updi():
/Users/askn/Develop/UPDI4AVR-USB/src/updi.cpp:569
    else if (_cmd == 0x23) {        /* CMD3_WRITE_MEMORY */
      D1PRINTF(" UPDI_WRITE=%02X:%06lX:%04X\r\n", packet.out.bMType,
        packet.out.dwAddr, (size_t)packet.out.dwLength);
      _rspsize = Timeout::command(Command_Table.write_memory, &timeout_fallback);
    }
    packet.in.res = _rspsize ? 0x80 : 0xA0;     /* RSP3_OK : RSP3_FAILED */
    4b3a:	20 93 e2 60 	sts	0x60E2, r18	; 0x8060e2 <packet+0x5>
    4b3e:	30 93 e3 60 	sts	0x60E3, r19	; 0x8060e3 <packet+0x6>
complete_jtag_transactions():
/Users/askn/Develop/UPDI4AVR-USB/src/jtag.cpp:165
    return _result; /* True if an EDBG Payload is received. */
  }

  /*** Prepare for EDBG payload request from device to host ***/
  void complete_jtag_transactions (size_t _length) {
    _packet_length = _length + 6; /* TOKEN + SEQ[2] + EOT + PAD */
    4b42:	9c 01       	movw	r18, r24
    4b44:	2a 5f       	subi	r18, 0xFA	; 250
    4b46:	3f 4f       	sbci	r19, 0xFF	; 255
    4b48:	20 93 f9 62 	sts	0x62F9, r18	; 0x8062f9 <_packet_length>
    4b4c:	30 93 fa 62 	sts	0x62FA, r19	; 0x8062fa <_packet_length+0x1>
/Users/askn/Develop/UPDI4AVR-USB/src/jtag.cpp:166
    _packet_fragment = 0;
    4b50:	10 92 c2 60 	sts	0x60C2, r1	; 0x8060c2 <_packet_fragment>
/Users/askn/Develop/UPDI4AVR-USB/src/jtag.cpp:167
    _packet_endfrag = (_length + 65) / 60;  /* 1 to 15 */
    4b54:	8f 5b       	subi	r24, 0xBF	; 191
    4b56:	9f 4f       	sbci	r25, 0xFF	; 255
    4b58:	6c e3       	ldi	r22, 0x3C	; 60
    4b5a:	70 e0       	ldi	r23, 0x00	; 0
    4b5c:	07 d7       	rcall	.+3598   	; 0x596c <__udivmodhi4>
    4b5e:	60 93 c1 60 	sts	0x60C1, r22	; 0x8060c1 <_packet_endfrag>
/Users/askn/Develop/UPDI4AVR-USB/src/jtag.cpp:168
    packet.in.token = 0x0E;                 /* TOKEN */
    4b62:	8e e0       	ldi	r24, 0x0E	; 14
    4b64:	80 93 de 60 	sts	0x60DE, r24	; 0x8060de <packet+0x1>
/Users/askn/Develop/UPDI4AVR-USB/src/jtag.cpp:169
    packet.rawData[_packet_length] = 0;     /* EOT */
    4b68:	23 52       	subi	r18, 0x23	; 35
    4b6a:	3f 49       	sbci	r19, 0x9F	; 159
    4b6c:	f9 01       	movw	r30, r18
    4b6e:	10 82       	st	Z, r1
    4b70:	89 c8       	rjmp	.-3822   	; 0x3c84 <main+0x316>
jtag_scope_xmega():
/Users/askn/Develop/UPDI4AVR-USB/src/pdi.cpp:405
      return _rspsize;
    }
    else if (_cmd == 0x11) {        /* CMD3_SIGN_OFF */
    4b72:	81 31       	cpi	r24, 0x11	; 17
    4b74:	c1 f5       	brne	.+112    	; 0x4be6 <main+0x1278>
/Users/askn/Develop/UPDI4AVR-USB/src/pdi.cpp:406
      D1PRINTF(" PDI_SIGN_OFF\r\n");
    4b76:	8b ef       	ldi	r24, 0xFB	; 251
    4b78:	93 e0       	ldi	r25, 0x03	; 3
    4b7a:	9f 93       	push	r25
    4b7c:	8f 93       	push	r24
    4b7e:	1f 93       	push	r17
    4b80:	0f 93       	push	r16
    4b82:	0e 94 89 0c 	call	0x1912	; 0x1912 <Print::printf(PGM_t const*, ...) [clone .constprop.17]>
sign_off():
/Users/askn/Develop/UPDI4AVR-USB/src/pdi.cpp:379
    D1PRINTF("  Fail:%02X\r\n", RXDATA);
    return 0;
  }

  uint8_t sign_off (void) {
    uint8_t _rsp = Timeout::command(&disconnect);
    4b86:	40 e2       	ldi	r20, 0x20	; 32
    4b88:	53 e0       	ldi	r21, 0x03	; 3
    4b8a:	70 e0       	ldi	r23, 0x00	; 0
    4b8c:	60 e0       	ldi	r22, 0x00	; 0
    4b8e:	8a e3       	ldi	r24, 0x3A	; 58
    4b90:	9a e0       	ldi	r25, 0x0A	; 10
    4b92:	0e 94 0d 1c 	call	0x381a	; 0x381a <Timeout::command(unsigned int (*)(), unsigned int (*)(), unsigned int)>
    4b96:	7c 01       	movw	r14, r24
delay_micros():
/Users/askn/Library/Arduino15/packages/MultiX-Zinnia/hardware/modernAVR/0.4.5/cores/modernAVR/api/delay_busywait.h:33
static __inline__ __attribute__((__always_inline__)) void delay_micros (uint32_t _us);
static __inline__ __attribute__((__always_inline__)) void delay_millis (uint32_t _ms);

void delay_micros (uint32_t _us) {
  if (F_CPU >= 1000000L) {
    __builtin_avr_delay_cycles((F_CPU / 1000000L) * _us);
    4b98:	83 ef       	ldi	r24, 0xF3	; 243
    4b9a:	91 e0       	ldi	r25, 0x01	; 1
    4b9c:	01 97       	sbiw	r24, 0x01	; 1
    4b9e:	f1 f7       	brne	.-4      	; 0x4b9c <main+0x122e>
    4ba0:	00 c0       	rjmp	.+0      	; 0x4ba2 <main+0x1234>
    4ba2:	00 00       	nop
sign_off():
/Users/askn/Develop/UPDI4AVR-USB/src/pdi.cpp:381
    SYS::delay_100us();
    USART::setup();
    4ba4:	0e 94 c3 10 	call	0x2186	; 0x2186 <USART::setup()>
/Users/askn/Develop/UPDI4AVR-USB/src/pdi.cpp:382
    pinLogicOpen(PIN_PGM_PDAT);
    4ba8:	04 98       	cbi	0x00, 4	; 0
/Users/askn/Develop/UPDI4AVR-USB/src/pdi.cpp:383
    pinControlRegister(PIN_PGM_PCLK) = 0;
    4baa:	10 92 16 04 	sts	0x0416, r1	; 0x800416 <__TEXT_REGION_LENGTH__+0x7f0416>
/Users/askn/Develop/UPDI4AVR-USB/src/pdi.cpp:384
    digitalWriteMacro(PIN_PGM_PCLK, LOW);
    4bae:	0e 98       	cbi	0x01, 6	; 1
/Users/askn/Develop/UPDI4AVR-USB/src/pdi.cpp:385
    pinLogicPull(PIN_PGM_PCLK);
    4bb0:	06 9a       	sbi	0x00, 6	; 0
/Users/askn/Develop/UPDI4AVR-USB/src/pdi.cpp:386
    if (bit_is_set(PGCONF, PGCONF_PROG_bp)) {
    4bb2:	0f 90       	pop	r0
    4bb4:	0f 90       	pop	r0
    4bb6:	0f 90       	pop	r0
    4bb8:	0f 90       	pop	r0
    4bba:	f9 9b       	sbis	0x1f, 1	; 31
    4bbc:	0a c0       	rjmp	.+20     	; 0x4bd2 <main+0x1264>
/Users/askn/Develop/UPDI4AVR-USB/src/pdi.cpp:387
      SYS::power_reset();
    4bbe:	61 e0       	ldi	r22, 0x01	; 1
    4bc0:	81 e0       	ldi	r24, 0x01	; 1
    4bc2:	0e 94 88 16 	call	0x2d10	; 0x2d10 <SYS::power_reset(bool, bool)>
delay_micros():
/Users/askn/Library/Arduino15/packages/MultiX-Zinnia/hardware/modernAVR/0.4.5/cores/modernAVR/api/delay_busywait.h:33
    4bc6:	e3 ed       	ldi	r30, 0xD3	; 211
    4bc8:	f0 e3       	ldi	r31, 0x30	; 48
    4bca:	31 97       	sbiw	r30, 0x01	; 1
    4bcc:	f1 f7       	brne	.-4      	; 0x4bca <main+0x125c>
    4bce:	00 c0       	rjmp	.+0      	; 0x4bd0 <main+0x1262>
    4bd0:	00 00       	nop
sign_off():
/Users/askn/Develop/UPDI4AVR-USB/src/pdi.cpp:390
      SYS::delay_2500us();
    }
    pinLogicOpen(PIN_PGM_PCLK);
    4bd2:	06 98       	cbi	0x00, 6	; 0
/Users/askn/Develop/UPDI4AVR-USB/src/pdi.cpp:391
    PGCONF = 0;
    4bd4:	1f ba       	out	0x1f, r1	; 31
/Users/askn/Develop/UPDI4AVR-USB/src/pdi.cpp:392
    USART::change_vcp();
    4bd6:	0e 94 9a 0d 	call	0x1b34	; 0x1b34 <USART::change_vcp()>
    4bda:	c7 01       	movw	r24, r14
    4bdc:	99 27       	eor	r25, r25
jtag_scope_updi():
/Users/askn/Develop/UPDI4AVR-USB/src/updi.cpp:569
    4bde:	00 97       	sbiw	r24, 0x00	; 0
    4be0:	09 f4       	brne	.+2      	; 0x4be4 <main+0x1276>
    4be2:	84 c0       	rjmp	.+264    	; 0x4cec <main+0x137e>
    4be4:	2e c0       	rjmp	.+92     	; 0x4c42 <main+0x12d4>
jtag_scope_xmega():
/Users/askn/Develop/UPDI4AVR-USB/src/pdi.cpp:410
    else if (_cmd == 0x11) {        /* CMD3_SIGN_OFF */
      D1PRINTF(" PDI_SIGN_OFF\r\n");
      /* If UPDI control has failed, RSP3_OK is always returned. */
      _rspsize = sign_off();
    }
    else if (_cmd == 0x15) {        /* CMD3_ENTER_PROGMODE */
    4be6:	85 31       	cpi	r24, 0x15	; 21
    4be8:	e1 f4       	brne	.+56     	; 0x4c22 <main+0x12b4>
/Users/askn/Develop/UPDI4AVR-USB/src/pdi.cpp:411
      D1PRINTF(" PDI_ENTER_PROG\r\n");
    4bea:	89 ee       	ldi	r24, 0xE9	; 233
    4bec:	93 e0       	ldi	r25, 0x03	; 3
    4bee:	9f 93       	push	r25
    4bf0:	8f 93       	push	r24
    4bf2:	1f 93       	push	r17
    4bf4:	0f 93       	push	r16
    4bf6:	0e 94 89 0c 	call	0x1912	; 0x1912 <Print::printf(PGM_t const*, ...) [clone .constprop.17]>
/Users/askn/Develop/UPDI4AVR-USB/src/pdi.cpp:413
      /* On failure, RSP3_OK is returned if a PDI connection is available. */
      _rspsize = Timeout::command(&enter_progmode, &timeout_fallback) || bit_is_set(PGCONF, PGCONF_UPDI_bp);
    4bfa:	40 e2       	ldi	r20, 0x20	; 32
    4bfc:	53 e0       	ldi	r21, 0x03	; 3
    4bfe:	64 ea       	ldi	r22, 0xA4	; 164
    4c00:	7e e0       	ldi	r23, 0x0E	; 14
    4c02:	8d e6       	ldi	r24, 0x6D	; 109
    4c04:	9e e0       	ldi	r25, 0x0E	; 14
jtag_scope_updi():
/Users/askn/Develop/UPDI4AVR-USB/src/updi.cpp:528
    }
    else if (_cmd == 0x15) {        /* CMD3_ENTER_PROGMODE */
      D1PRINTF(" UPDI_ENTER_PROG\r\n");
      /* On failure, RSP3_OK is returned if a UPDI connection is available. */
      /* Locked devices are given the opportunity to write to USERROW and erase the chip. */
      _rspsize = Timeout::command(&enter_progmode, &timeout_fallback, 250)
    4c06:	0e 94 0d 1c 	call	0x381a	; 0x381a <Timeout::command(unsigned int (*)(), unsigned int (*)(), unsigned int)>
/Users/askn/Develop/UPDI4AVR-USB/src/updi.cpp:529
              || bit_is_set(PGCONF, PGCONF_UPDI_bp);
    4c0a:	0f 90       	pop	r0
    4c0c:	0f 90       	pop	r0
    4c0e:	0f 90       	pop	r0
    4c10:	0f 90       	pop	r0
    4c12:	89 2b       	or	r24, r25
    4c14:	09 f0       	breq	.+2      	; 0x4c18 <main+0x12aa>
    4c16:	0f c1       	rjmp	.+542    	; 0x4e36 <main+0x14c8>
    4c18:	ef b2       	in	r14, 0x1f	; 31
    4c1a:	fe 2d       	mov	r31, r14
    4c1c:	f1 70       	andi	r31, 0x01	; 1
    4c1e:	ef 2e       	mov	r14, r31
    4c20:	0a c1       	rjmp	.+532    	; 0x4e36 <main+0x14c8>
jtag_scope_xmega():
/Users/askn/Develop/UPDI4AVR-USB/src/pdi.cpp:415
    }
    else if (_cmd == 0x16) {        /* CMD3_LEAVE_PROGMODE */
    4c22:	86 31       	cpi	r24, 0x16	; 22
    4c24:	89 f4       	brne	.+34     	; 0x4c48 <main+0x12da>
/Users/askn/Develop/UPDI4AVR-USB/src/pdi.cpp:416
      D1PRINTF(" PDI_LEAVE_PROG\r\n");
    4c26:	87 ed       	ldi	r24, 0xD7	; 215
    4c28:	93 e0       	ldi	r25, 0x03	; 3
    4c2a:	9f 93       	push	r25
    4c2c:	8f 93       	push	r24
    4c2e:	1f 93       	push	r17
    4c30:	0f 93       	push	r16
    4c32:	0e 94 89 0c 	call	0x1912	; 0x1912 <Print::printf(PGM_t const*, ...) [clone .constprop.17]>
    4c36:	0f 90       	pop	r0
    4c38:	0f 90       	pop	r0
    4c3a:	0f 90       	pop	r0
    4c3c:	0f 90       	pop	r0
main():
/Users/askn/Develop/UPDI4AVR-USB/src/updi.cpp:536
    else if (_cmd == 0x16) {        /* CMD3_LEAVE_PROGMODE */
      D1PRINTF(" UPDI_LEAVE_PROG\r\n");
      D1PRINTF(" LAST_XCLK=%d\r\n", _xclk);
      /* There is nothing to do. */
      /* The actual termination process is delayed until CMD3_SIGN_OFF. */
      _rspsize = 1;
    4c3e:	81 e0       	ldi	r24, 0x01	; 1
    4c40:	90 e0       	ldi	r25, 0x00	; 0
/Users/askn/Develop/UPDI4AVR-USB/src/updi.cpp:569
    else if (_cmd == 0x23) {        /* CMD3_WRITE_MEMORY */
      D1PRINTF(" UPDI_WRITE=%02X:%06lX:%04X\r\n", packet.out.bMType,
        packet.out.dwAddr, (size_t)packet.out.dwLength);
      _rspsize = Timeout::command(Command_Table.write_memory, &timeout_fallback);
    }
    packet.in.res = _rspsize ? 0x80 : 0xA0;     /* RSP3_OK : RSP3_FAILED */
    4c42:	20 e8       	ldi	r18, 0x80	; 128
    4c44:	30 e0       	ldi	r19, 0x00	; 0
    4c46:	79 cf       	rjmp	.-270    	; 0x4b3a <main+0x11cc>
jtag_scope_xmega():
/Users/askn/Develop/UPDI4AVR-USB/src/pdi.cpp:421
      /* There is nothing to do. */
      /* The actual termination process is delayed until CMD3_SIGN_OFF. */
      _rspsize = 1;
    }
    else if (bit_is_clear(PGCONF, PGCONF_PROG_bp)) { /* empty */ }
    4c48:	f9 9b       	sbis	0x1f, 1	; 31
    4c4a:	d4 c1       	rjmp	.+936    	; 0x4ff4 <main+0x1686>
/Users/askn/Develop/UPDI4AVR-USB/src/pdi.cpp:422
    else if (_cmd == 0x20) {        /* CMD3_ERASE_MEMORY */
    4c4c:	80 32       	cpi	r24, 0x20	; 32
    4c4e:	09 f5       	brne	.+66     	; 0x4c92 <main+0x1324>
/Users/askn/Develop/UPDI4AVR-USB/src/pdi.cpp:423
      D1PRINTF(" PDI_ERASE=%02X:%08lX\r\n",
    4c50:	80 91 e8 60 	lds	r24, 0x60E8	; 0x8060e8 <packet+0xb>
    4c54:	8f 93       	push	r24
    4c56:	80 91 e7 60 	lds	r24, 0x60E7	; 0x8060e7 <packet+0xa>
    4c5a:	8f 93       	push	r24
    4c5c:	80 91 e6 60 	lds	r24, 0x60E6	; 0x8060e6 <packet+0x9>
    4c60:	8f 93       	push	r24
    4c62:	80 91 e5 60 	lds	r24, 0x60E5	; 0x8060e5 <packet+0x8>
    4c66:	8f 93       	push	r24
    4c68:	1f 92       	push	r1
    4c6a:	df 92       	push	r13
    4c6c:	8f eb       	ldi	r24, 0xBF	; 191
    4c6e:	93 e0       	ldi	r25, 0x03	; 3
    4c70:	9f 93       	push	r25
    4c72:	8f 93       	push	r24
    4c74:	1f 93       	push	r17
    4c76:	0f 93       	push	r16
    4c78:	0e 94 89 0c 	call	0x1912	; 0x1912 <Print::printf(PGM_t const*, ...) [clone .constprop.17]>
/Users/askn/Develop/UPDI4AVR-USB/src/pdi.cpp:425
        packet.out.bEType, packet.out.dwPageAddr);
      _rspsize = Timeout::command(&erase_memory, &timeout_fallback);
    4c7c:	40 e2       	ldi	r20, 0x20	; 32
    4c7e:	53 e0       	ldi	r21, 0x03	; 3
    4c80:	64 ea       	ldi	r22, 0xA4	; 164
    4c82:	7e e0       	ldi	r23, 0x0E	; 14
    4c84:	8a e9       	ldi	r24, 0x9A	; 154
    4c86:	9a e0       	ldi	r25, 0x0A	; 10
jtag_scope_updi():
/Users/askn/Develop/UPDI4AVR-USB/src/updi.cpp:567
      return _rspsize;
    }
    else if (_cmd == 0x23) {        /* CMD3_WRITE_MEMORY */
      D1PRINTF(" UPDI_WRITE=%02X:%06lX:%04X\r\n", packet.out.bMType,
        packet.out.dwAddr, (size_t)packet.out.dwLength);
      _rspsize = Timeout::command(Command_Table.write_memory, &timeout_fallback);
    4c88:	0e 94 0d 1c 	call	0x381a	; 0x381a <Timeout::command(unsigned int (*)(), unsigned int (*)(), unsigned int)>
    4c8c:	cd bf       	out	0x3d, r28	; 61
    4c8e:	de bf       	out	0x3e, r29	; 62
    4c90:	a6 cf       	rjmp	.-180    	; 0x4bde <main+0x1270>
jtag_scope_xmega():
/Users/askn/Develop/UPDI4AVR-USB/src/pdi.cpp:427
    }
    else if (_cmd == 0x21) {        /* CMD3_READ_MEMORY */
    4c92:	81 32       	cpi	r24, 0x21	; 33
    4c94:	71 f5       	brne	.+92     	; 0x4cf2 <main+0x1384>
/Users/askn/Develop/UPDI4AVR-USB/src/pdi.cpp:428
      D1PRINTF(" PDI_READ=%02X:%08lX:%04X\r\n", packet.out.bMType,
    4c96:	80 91 ea 60 	lds	r24, 0x60EA	; 0x8060ea <packet+0xd>
    4c9a:	8f 93       	push	r24
    4c9c:	80 91 e9 60 	lds	r24, 0x60E9	; 0x8060e9 <packet+0xc>
    4ca0:	8f 93       	push	r24
    4ca2:	80 91 e8 60 	lds	r24, 0x60E8	; 0x8060e8 <packet+0xb>
    4ca6:	8f 93       	push	r24
    4ca8:	80 91 e7 60 	lds	r24, 0x60E7	; 0x8060e7 <packet+0xa>
    4cac:	8f 93       	push	r24
    4cae:	80 91 e6 60 	lds	r24, 0x60E6	; 0x8060e6 <packet+0x9>
    4cb2:	8f 93       	push	r24
    4cb4:	80 91 e5 60 	lds	r24, 0x60E5	; 0x8060e5 <packet+0x8>
    4cb8:	8f 93       	push	r24
    4cba:	1f 92       	push	r1
    4cbc:	df 92       	push	r13
    4cbe:	83 ea       	ldi	r24, 0xA3	; 163
    4cc0:	93 e0       	ldi	r25, 0x03	; 3
    4cc2:	9f 93       	push	r25
    4cc4:	8f 93       	push	r24
    4cc6:	1f 93       	push	r17
    4cc8:	0f 93       	push	r16
    4cca:	0e 94 89 0c 	call	0x1912	; 0x1912 <Print::printf(PGM_t const*, ...) [clone .constprop.17]>
/Users/askn/Develop/UPDI4AVR-USB/src/pdi.cpp:430
        packet.out.dwAddr, (size_t)packet.out.dwLength);
      _rspsize = Timeout::command(&read_memory, &timeout_fallback);
    4cce:	40 e2       	ldi	r20, 0x20	; 32
    4cd0:	53 e0       	ldi	r21, 0x03	; 3
    4cd2:	64 ea       	ldi	r22, 0xA4	; 164
    4cd4:	7e e0       	ldi	r23, 0x0E	; 14
    4cd6:	89 e9       	ldi	r24, 0x99	; 153
    4cd8:	9f e0       	ldi	r25, 0x0F	; 15
    4cda:	0e 94 0d 1c 	call	0x381a	; 0x381a <Timeout::command(unsigned int (*)(), unsigned int (*)(), unsigned int)>
/Users/askn/Develop/UPDI4AVR-USB/src/pdi.cpp:431
      packet.in.res = _rspsize ? 0x184 : 0xA0;  /* RSP3_DATA : RSP3_FAILED */
    4cde:	cd bf       	out	0x3d, r28	; 61
    4ce0:	de bf       	out	0x3e, r29	; 62
main():
/Users/askn/Develop/UPDI4AVR-USB/src/updi.cpp:561
      }
      /* If not in PROGMODE, respond with a dummy. */
      /* A dummy SIG will be returned for locked devices. */
      /* This will prevent AVRDUDE from displaying annoying errors. */
      else _rspsize = read_dummy();
      packet.in.res = _rspsize ? 0x184 : 0xA0;  /* RSP3_DATA : RSP3_FAILED */
    4ce2:	24 e8       	ldi	r18, 0x84	; 132
    4ce4:	31 e0       	ldi	r19, 0x01	; 1
jtag_scope_updi():
    4ce6:	00 97       	sbiw	r24, 0x00	; 0
    4ce8:	09 f0       	breq	.+2      	; 0x4cec <main+0x137e>
    4cea:	27 cf       	rjmp	.-434    	; 0x4b3a <main+0x11cc>
main():
/Users/askn/Develop/UPDI4AVR-USB/src/updi.cpp:569
    else if (_cmd == 0x23) {        /* CMD3_WRITE_MEMORY */
      D1PRINTF(" UPDI_WRITE=%02X:%06lX:%04X\r\n", packet.out.bMType,
        packet.out.dwAddr, (size_t)packet.out.dwLength);
      _rspsize = Timeout::command(Command_Table.write_memory, &timeout_fallback);
    }
    packet.in.res = _rspsize ? 0x80 : 0xA0;     /* RSP3_OK : RSP3_FAILED */
    4cec:	20 ea       	ldi	r18, 0xA0	; 160
    4cee:	30 e0       	ldi	r19, 0x00	; 0
    4cf0:	24 cf       	rjmp	.-440    	; 0x4b3a <main+0x11cc>
jtag_scope_xmega():
/Users/askn/Develop/UPDI4AVR-USB/src/pdi.cpp:434
      return _rspsize;
    }
    else if (_cmd == 0x23) {        /* CMD3_WRITE_MEMORY */
    4cf2:	83 32       	cpi	r24, 0x23	; 35
    4cf4:	09 f0       	breq	.+2      	; 0x4cf8 <main+0x138a>
    4cf6:	7e c1       	rjmp	.+764    	; 0x4ff4 <main+0x1686>
/Users/askn/Develop/UPDI4AVR-USB/src/pdi.cpp:435
      D1PRINTF(" PDI_WRITE=%02X:%08lX:%04X\r\n", packet.out.bMType,
    4cf8:	80 91 ea 60 	lds	r24, 0x60EA	; 0x8060ea <packet+0xd>
    4cfc:	8f 93       	push	r24
    4cfe:	80 91 e9 60 	lds	r24, 0x60E9	; 0x8060e9 <packet+0xc>
    4d02:	8f 93       	push	r24
    4d04:	80 91 e8 60 	lds	r24, 0x60E8	; 0x8060e8 <packet+0xb>
    4d08:	8f 93       	push	r24
    4d0a:	80 91 e7 60 	lds	r24, 0x60E7	; 0x8060e7 <packet+0xa>
    4d0e:	8f 93       	push	r24
    4d10:	80 91 e6 60 	lds	r24, 0x60E6	; 0x8060e6 <packet+0x9>
    4d14:	8f 93       	push	r24
    4d16:	80 91 e5 60 	lds	r24, 0x60E5	; 0x8060e5 <packet+0x8>
    4d1a:	8f 93       	push	r24
    4d1c:	1f 92       	push	r1
    4d1e:	df 92       	push	r13
    4d20:	86 e8       	ldi	r24, 0x86	; 134
    4d22:	93 e0       	ldi	r25, 0x03	; 3
    4d24:	9f 93       	push	r25
    4d26:	8f 93       	push	r24
    4d28:	1f 93       	push	r17
    4d2a:	0f 93       	push	r16
    4d2c:	0e 94 89 0c 	call	0x1912	; 0x1912 <Print::printf(PGM_t const*, ...) [clone .constprop.17]>
/Users/askn/Develop/UPDI4AVR-USB/src/pdi.cpp:437
        packet.out.dwAddr, (size_t)packet.out.dwLength);
      _rspsize = Timeout::command(&write_memory, &timeout_fallback);
    4d30:	40 e2       	ldi	r20, 0x20	; 32
    4d32:	53 e0       	ldi	r21, 0x03	; 3
    4d34:	64 ea       	ldi	r22, 0xA4	; 164
    4d36:	7e e0       	ldi	r23, 0x0E	; 14
    4d38:	8a ec       	ldi	r24, 0xCA	; 202
    4d3a:	9e e0       	ldi	r25, 0x0E	; 14
    4d3c:	a5 cf       	rjmp	.-182    	; 0x4c88 <main+0x131a>
jtag_scope_avr_core():
/Users/askn/Develop/UPDI4AVR-USB/src/jtag.cpp:402
    else if (_jtag_arch == 0x02) _rspsize = ISP::jtag_scope_mega();     /* MEGA */
  #endif
  #ifdef CONFIG_PGM_PDI_ENABLE
    else if (_jtag_arch == 0x03) _rspsize = PDI::jtag_scope_xmega();    /* XMEGA support */
  #endif
    else if (_jtag_arch == 0x05) _rspsize = UPDI::jtag_scope_updi();    /* UPDI support */
    4d3e:	95 30       	cpi	r25, 0x05	; 5
    4d40:	09 f0       	breq	.+2      	; 0x4d44 <main+0x13d6>
    4d42:	5b c1       	rjmp	.+694    	; 0x4ffa <main+0x168c>
jtag_scope_updi():
/Users/askn/Develop/UPDI4AVR-USB/src/updi.cpp:504
  /* ARCH=UPDI scope Provides functionality. */
  size_t jtag_scope_updi (void) {
    size_t _rspsize = 0;
    uint8_t _cmd = packet.out.cmd;
    uint8_t _step = 25;
    if (_cmd == 0x10) {             /* CMD3_SIGN_ON */
    4d44:	80 31       	cpi	r24, 0x10	; 16
    4d46:	09 f0       	breq	.+2      	; 0x4d4a <main+0x13dc>
    4d48:	44 c0       	rjmp	.+136    	; 0x4dd2 <main+0x1464>
/Users/askn/Develop/UPDI4AVR-USB/src/updi.cpp:505
      D1PRINTF(" UPDI_SIGN_ON=EXT:%02X\r\n", packet.out.bMType);
    4d4a:	1f 92       	push	r1
    4d4c:	df 92       	push	r13
    4d4e:	8e eb       	ldi	r24, 0xBE	; 190
    4d50:	94 e0       	ldi	r25, 0x04	; 4
    4d52:	9f 93       	push	r25
    4d54:	8f 93       	push	r24
    4d56:	1f 93       	push	r17
    4d58:	0f 93       	push	r16
    4d5a:	0e 94 89 0c 	call	0x1912	; 0x1912 <Print::printf(PGM_t const*, ...) [clone .constprop.17]>
/Users/askn/Develop/UPDI4AVR-USB/src/updi.cpp:506
      if ((bit_is_set(GPCONF, GPCONF_HLD_bp) || _jtag_hvctrl) && _xclk_bak > 125) {
    4d5e:	0f 90       	pop	r0
    4d60:	0f 90       	pop	r0
    4d62:	0f 90       	pop	r0
    4d64:	0f 90       	pop	r0
    4d66:	0f 90       	pop	r0
    4d68:	0f 90       	pop	r0
    4d6a:	f5 99       	sbic	0x1e, 5	; 30
    4d6c:	04 c0       	rjmp	.+8      	; 0x4d76 <main+0x1408>
    4d6e:	80 91 dc 60 	lds	r24, 0x60DC	; 0x8060dc <_jtag_hvctrl>
    4d72:	88 23       	and	r24, r24
    4d74:	69 f0       	breq	.+26     	; 0x4d90 <main+0x1422>
    4d76:	80 91 bc 60 	lds	r24, 0x60BC	; 0x8060bc <_xclk_bak>
    4d7a:	90 91 bd 60 	lds	r25, 0x60BD	; 0x8060bd <_xclk_bak+0x1>
    4d7e:	8e 37       	cpi	r24, 0x7E	; 126
    4d80:	91 05       	cpc	r25, r1
    4d82:	30 f0       	brcs	.+12     	; 0x4d90 <main+0x1422>
/Users/askn/Develop/UPDI4AVR-USB/src/updi.cpp:508
        /* The maximum speed is limited during HV control. */
        _xclk_bak = 125;
    4d84:	8d e7       	ldi	r24, 0x7D	; 125
    4d86:	90 e0       	ldi	r25, 0x00	; 0
    4d88:	80 93 bc 60 	sts	0x60BC, r24	; 0x8060bc <_xclk_bak>
    4d8c:	90 93 bd 60 	sts	0x60BD, r25	; 0x8060bd <_xclk_bak+0x1>
/Users/askn/Develop/UPDI4AVR-USB/src/updi.cpp:511
        _step = 25;
      }
      _xclk = _xclk_bak;
    4d90:	80 91 bc 60 	lds	r24, 0x60BC	; 0x8060bc <_xclk_bak>
    4d94:	90 91 bd 60 	lds	r25, 0x60BD	; 0x8060bd <_xclk_bak+0x1>
    4d98:	80 93 59 63 	sts	0x6359, r24	; 0x806359 <_xclk>
    4d9c:	90 93 5a 63 	sts	0x635A, r25	; 0x80635a <_xclk+0x1>
/Users/askn/Develop/UPDI4AVR-USB/src/updi.cpp:512
      while (_xclk >= 100 && !(_rspsize = Timeout::command(&connect, nullptr, 160))) {
    4da0:	80 91 59 63 	lds	r24, 0x6359	; 0x806359 <_xclk>
    4da4:	90 91 5a 63 	lds	r25, 0x635A	; 0x80635a <_xclk+0x1>
    4da8:	84 36       	cpi	r24, 0x64	; 100
    4daa:	91 05       	cpc	r25, r1
    4dac:	08 f4       	brcc	.+2      	; 0x4db0 <main+0x1442>
    4dae:	22 c1       	rjmp	.+580    	; 0x4ff4 <main+0x1686>
    4db0:	40 ea       	ldi	r20, 0xA0	; 160
    4db2:	50 e0       	ldi	r21, 0x00	; 0
    4db4:	70 e0       	ldi	r23, 0x00	; 0
    4db6:	60 e0       	ldi	r22, 0x00	; 0
    4db8:	82 e0       	ldi	r24, 0x02	; 2
    4dba:	98 e1       	ldi	r25, 0x18	; 24
    4dbc:	0e 94 0d 1c 	call	0x381a	; 0x381a <Timeout::command(unsigned int (*)(), unsigned int (*)(), unsigned int)>
    4dc0:	00 97       	sbiw	r24, 0x00	; 0
    4dc2:	09 f0       	breq	.+2      	; 0x4dc6 <main+0x1458>
    4dc4:	b8 ce       	rjmp	.-656    	; 0x4b36 <main+0x11c8>
/Users/askn/Develop/UPDI4AVR-USB/src/updi.cpp:513
        _xclk -= _step;
    4dc6:	80 91 59 63 	lds	r24, 0x6359	; 0x806359 <_xclk>
    4dca:	90 91 5a 63 	lds	r25, 0x635A	; 0x80635a <_xclk+0x1>
    4dce:	49 97       	sbiw	r24, 0x19	; 25
    4dd0:	e3 cf       	rjmp	.-58     	; 0x4d98 <main+0x142a>
/Users/askn/Develop/UPDI4AVR-USB/src/updi.cpp:519
      }
      /* If it fails here, it is expected to try again, giving it a chance at HV control. */
      packet.in.res = _rspsize ? 0x84 : 0xA0; /* RSP3_DATA : RSP3_FAILED */
      return _rspsize;
    }
    else if (_cmd == 0x11) {        /* CMD3_SIGN_OFF */
    4dd2:	81 31       	cpi	r24, 0x11	; 17
    4dd4:	b1 f5       	brne	.+108    	; 0x4e42 <main+0x14d4>
/Users/askn/Develop/UPDI4AVR-USB/src/updi.cpp:520
      D1PRINTF(" UPDI_SIGN_OFF\r\n");
    4dd6:	8d ea       	ldi	r24, 0xAD	; 173
    4dd8:	94 e0       	ldi	r25, 0x04	; 4
    4dda:	9f 93       	push	r25
    4ddc:	8f 93       	push	r24
    4dde:	1f 93       	push	r17
    4de0:	0f 93       	push	r16
    4de2:	0e 94 89 0c 	call	0x1912	; 0x1912 <Print::printf(PGM_t const*, ...) [clone .constprop.17]>
sign_off():
/Users/askn/Develop/UPDI4AVR-USB/src/updi.cpp:484
    /* In either case it returns success. */
    return 1;
  }

  uint8_t sign_off (void) {
    uint8_t _rsp = bit_is_set(PGCONF, PGCONF_UPDI_bp) ? Timeout::command(&disconnect) : 1;
    4de6:	0f 90       	pop	r0
    4de8:	0f 90       	pop	r0
    4dea:	0f 90       	pop	r0
    4dec:	0f 90       	pop	r0
    4dee:	f8 9b       	sbis	0x1f, 0	; 31
    4df0:	25 c0       	rjmp	.+74     	; 0x4e3c <main+0x14ce>
    4df2:	40 e2       	ldi	r20, 0x20	; 32
    4df4:	53 e0       	ldi	r21, 0x03	; 3
    4df6:	70 e0       	ldi	r23, 0x00	; 0
    4df8:	60 e0       	ldi	r22, 0x00	; 0
    4dfa:	88 e5       	ldi	r24, 0x58	; 88
    4dfc:	96 e0       	ldi	r25, 0x06	; 6
    4dfe:	0e 94 0d 1c 	call	0x381a	; 0x381a <Timeout::command(unsigned int (*)(), unsigned int (*)(), unsigned int)>
    4e02:	e8 2e       	mov	r14, r24
/Users/askn/Develop/UPDI4AVR-USB/src/updi.cpp:485
    send_break();
    4e04:	0e 94 5f 08 	call	0x10be	; 0x10be <UPDI::send_break()>
delay_micros():
/Users/askn/Library/Arduino15/packages/MultiX-Zinnia/hardware/modernAVR/0.4.5/cores/modernAVR/api/delay_busywait.h:33
    4e08:	83 ef       	ldi	r24, 0xF3	; 243
    4e0a:	91 e0       	ldi	r25, 0x01	; 1
    4e0c:	01 97       	sbiw	r24, 0x01	; 1
    4e0e:	f1 f7       	brne	.-4      	; 0x4e0c <main+0x149e>
    4e10:	00 c0       	rjmp	.+0      	; 0x4e12 <main+0x14a4>
    4e12:	00 00       	nop
sign_off():
/Users/askn/Develop/UPDI4AVR-USB/src/updi.cpp:487
    SYS::delay_100us();
    USART::setup();
    4e14:	0e 94 c3 10 	call	0x2186	; 0x2186 <USART::setup()>
/Users/askn/Develop/UPDI4AVR-USB/src/updi.cpp:488
    pinLogicPull(PIN_PGM_TRST);
    4e18:	01 9a       	sbi	0x00, 1	; 0
/Users/askn/Develop/UPDI4AVR-USB/src/updi.cpp:489
    SYS::power_reset();
    4e1a:	61 e0       	ldi	r22, 0x01	; 1
    4e1c:	81 e0       	ldi	r24, 0x01	; 1
    4e1e:	0e 94 88 16 	call	0x2d10	; 0x2d10 <SYS::power_reset(bool, bool)>
delay_micros():
/Users/askn/Library/Arduino15/packages/MultiX-Zinnia/hardware/modernAVR/0.4.5/cores/modernAVR/api/delay_busywait.h:33
    4e22:	e3 ed       	ldi	r30, 0xD3	; 211
    4e24:	f0 e3       	ldi	r31, 0x30	; 48
    4e26:	31 97       	sbiw	r30, 0x01	; 1
    4e28:	f1 f7       	brne	.-4      	; 0x4e26 <main+0x14b8>
    4e2a:	00 c0       	rjmp	.+0      	; 0x4e2c <main+0x14be>
    4e2c:	00 00       	nop
sign_off():
/Users/askn/Develop/UPDI4AVR-USB/src/updi.cpp:491
    SYS::delay_2500us();
    pinLogicOpen(PIN_PGM_TRST);
    4e2e:	01 98       	cbi	0x00, 1	; 0
/Users/askn/Develop/UPDI4AVR-USB/src/updi.cpp:492
    PGCONF = 0;
    4e30:	1f ba       	out	0x1f, r1	; 31
/Users/askn/Develop/UPDI4AVR-USB/src/updi.cpp:493
    USART::change_vcp();
    4e32:	0e 94 9a 0d 	call	0x1b34	; 0x1b34 <USART::change_vcp()>
jtag_scope_updi():
/Users/askn/Develop/UPDI4AVR-USB/src/updi.cpp:528
    }
    else if (_cmd == 0x15) {        /* CMD3_ENTER_PROGMODE */
      D1PRINTF(" UPDI_ENTER_PROG\r\n");
      /* On failure, RSP3_OK is returned if a UPDI connection is available. */
      /* Locked devices are given the opportunity to write to USERROW and erase the chip. */
      _rspsize = Timeout::command(&enter_progmode, &timeout_fallback, 250)
    4e36:	8e 2d       	mov	r24, r14
    4e38:	90 e0       	ldi	r25, 0x00	; 0
    4e3a:	d1 ce       	rjmp	.-606    	; 0x4bde <main+0x1270>
main():
/Users/askn/Develop/UPDI4AVR-USB/src/updi.cpp:484
    /* In either case it returns success. */
    return 1;
  }

  uint8_t sign_off (void) {
    uint8_t _rsp = bit_is_set(PGCONF, PGCONF_UPDI_bp) ? Timeout::command(&disconnect) : 1;
    4e3c:	ee 24       	eor	r14, r14
    4e3e:	e3 94       	inc	r14
    4e40:	e1 cf       	rjmp	.-62     	; 0x4e04 <main+0x1496>
jtag_scope_updi():
/Users/askn/Develop/UPDI4AVR-USB/src/updi.cpp:524
    else if (_cmd == 0x11) {        /* CMD3_SIGN_OFF */
      D1PRINTF(" UPDI_SIGN_OFF\r\n");
      /* If UPDI control has failed, RSP3_OK is always returned. */
      _rspsize = sign_off();
    }
    else if (_cmd == 0x15) {        /* CMD3_ENTER_PROGMODE */
    4e42:	85 31       	cpi	r24, 0x15	; 21
    4e44:	79 f4       	brne	.+30     	; 0x4e64 <main+0x14f6>
/Users/askn/Develop/UPDI4AVR-USB/src/updi.cpp:525
      D1PRINTF(" UPDI_ENTER_PROG\r\n");
    4e46:	8a e9       	ldi	r24, 0x9A	; 154
    4e48:	94 e0       	ldi	r25, 0x04	; 4
    4e4a:	9f 93       	push	r25
    4e4c:	8f 93       	push	r24
    4e4e:	1f 93       	push	r17
    4e50:	0f 93       	push	r16
    4e52:	0e 94 89 0c 	call	0x1912	; 0x1912 <Print::printf(PGM_t const*, ...) [clone .constprop.17]>
/Users/askn/Develop/UPDI4AVR-USB/src/updi.cpp:528
      /* On failure, RSP3_OK is returned if a UPDI connection is available. */
      /* Locked devices are given the opportunity to write to USERROW and erase the chip. */
      _rspsize = Timeout::command(&enter_progmode, &timeout_fallback, 250)
    4e56:	4a ef       	ldi	r20, 0xFA	; 250
    4e58:	50 e0       	ldi	r21, 0x00	; 0
    4e5a:	69 e9       	ldi	r22, 0x99	; 153
    4e5c:	78 e0       	ldi	r23, 0x08	; 8
    4e5e:	83 e5       	ldi	r24, 0x53	; 83
    4e60:	91 e1       	ldi	r25, 0x11	; 17
    4e62:	d1 ce       	rjmp	.-606    	; 0x4c06 <main+0x1298>
/Users/askn/Develop/UPDI4AVR-USB/src/updi.cpp:531
              || bit_is_set(PGCONF, PGCONF_UPDI_bp);
    }
    else if (_cmd == 0x16) {        /* CMD3_LEAVE_PROGMODE */
    4e64:	86 31       	cpi	r24, 0x16	; 22
    4e66:	c9 f4       	brne	.+50     	; 0x4e9a <main+0x152c>
/Users/askn/Develop/UPDI4AVR-USB/src/updi.cpp:532
      D1PRINTF(" UPDI_LEAVE_PROG\r\n");
    4e68:	87 e8       	ldi	r24, 0x87	; 135
    4e6a:	94 e0       	ldi	r25, 0x04	; 4
    4e6c:	9f 93       	push	r25
    4e6e:	8f 93       	push	r24
    4e70:	1f 93       	push	r17
    4e72:	0f 93       	push	r16
    4e74:	0e 94 89 0c 	call	0x1912	; 0x1912 <Print::printf(PGM_t const*, ...) [clone .constprop.17]>
/Users/askn/Develop/UPDI4AVR-USB/src/updi.cpp:533
      D1PRINTF(" LAST_XCLK=%d\r\n", _xclk);
    4e78:	80 91 5a 63 	lds	r24, 0x635A	; 0x80635a <_xclk+0x1>
    4e7c:	8f 93       	push	r24
    4e7e:	80 91 59 63 	lds	r24, 0x6359	; 0x806359 <_xclk>
    4e82:	8f 93       	push	r24
    4e84:	87 e7       	ldi	r24, 0x77	; 119
    4e86:	94 e0       	ldi	r25, 0x04	; 4
    4e88:	9f 93       	push	r25
    4e8a:	8f 93       	push	r24
    4e8c:	1f 93       	push	r17
    4e8e:	0f 93       	push	r16
    4e90:	0e 94 89 0c 	call	0x1912	; 0x1912 <Print::printf(PGM_t const*, ...) [clone .constprop.17]>
    4e94:	cd bf       	out	0x3d, r28	; 61
    4e96:	de bf       	out	0x3e, r29	; 62
    4e98:	d2 ce       	rjmp	.-604    	; 0x4c3e <main+0x12d0>
/Users/askn/Develop/UPDI4AVR-USB/src/updi.cpp:538
      /* There is nothing to do. */
      /* The actual termination process is delayed until CMD3_SIGN_OFF. */
      _rspsize = 1;
    }
    else if (_cmd == 0x20) {        /* CMD3_ERASE_MEMORY */
    4e9a:	80 32       	cpi	r24, 0x20	; 32
    4e9c:	f9 f4       	brne	.+62     	; 0x4edc <main+0x156e>
/Users/askn/Develop/UPDI4AVR-USB/src/updi.cpp:539
      D1PRINTF(" UPDI_ERASE=%02X:%06lX\r\n",
    4e9e:	80 91 e8 60 	lds	r24, 0x60E8	; 0x8060e8 <packet+0xb>
    4ea2:	8f 93       	push	r24
    4ea4:	80 91 e7 60 	lds	r24, 0x60E7	; 0x8060e7 <packet+0xa>
    4ea8:	8f 93       	push	r24
    4eaa:	80 91 e6 60 	lds	r24, 0x60E6	; 0x8060e6 <packet+0x9>
    4eae:	8f 93       	push	r24
    4eb0:	80 91 e5 60 	lds	r24, 0x60E5	; 0x8060e5 <packet+0x8>
    4eb4:	8f 93       	push	r24
    4eb6:	1f 92       	push	r1
    4eb8:	df 92       	push	r13
    4eba:	8e e5       	ldi	r24, 0x5E	; 94
    4ebc:	94 e0       	ldi	r25, 0x04	; 4
    4ebe:	9f 93       	push	r25
    4ec0:	8f 93       	push	r24
    4ec2:	1f 93       	push	r17
    4ec4:	0f 93       	push	r16
    4ec6:	0e 94 89 0c 	call	0x1912	; 0x1912 <Print::printf(PGM_t const*, ...) [clone .constprop.17]>
/Users/askn/Develop/UPDI4AVR-USB/src/updi.cpp:541
        packet.out.bEType, packet.out.dwPageAddr);
      _rspsize = Timeout::command(Command_Table.erase_memory, &timeout_fallback);
    4eca:	40 e2       	ldi	r20, 0x20	; 32
    4ecc:	53 e0       	ldi	r21, 0x03	; 3
    4ece:	69 e9       	ldi	r22, 0x99	; 153
    4ed0:	78 e0       	ldi	r23, 0x08	; 8
    4ed2:	80 91 53 63 	lds	r24, 0x6353	; 0x806353 <Command_Table+0x4>
    4ed6:	90 91 54 63 	lds	r25, 0x6354	; 0x806354 <Command_Table+0x5>
    4eda:	d6 ce       	rjmp	.-596    	; 0x4c88 <main+0x131a>
/Users/askn/Develop/UPDI4AVR-USB/src/updi.cpp:543
    }
    else if (bit_is_clear(PGCONF, PGCONF_UPDI_bp)) { /* empty */ }
    4edc:	f8 9b       	sbis	0x1f, 0	; 31
    4ede:	8a c0       	rjmp	.+276    	; 0x4ff4 <main+0x1686>
/Users/askn/Develop/UPDI4AVR-USB/src/updi.cpp:544
    else if (_cmd == 0x21) {        /* CMD3_READ_MEMORY */
    4ee0:	81 32       	cpi	r24, 0x21	; 33
    4ee2:	09 f0       	breq	.+2      	; 0x4ee6 <main+0x1578>
    4ee4:	60 c0       	rjmp	.+192    	; 0x4fa6 <main+0x1638>
/Users/askn/Develop/UPDI4AVR-USB/src/updi.cpp:545
      D1PRINTF(" UPDI_READ=%02X:%06lX:%04X\r\n", packet.out.bMType,
    4ee6:	80 91 ea 60 	lds	r24, 0x60EA	; 0x8060ea <packet+0xd>
    4eea:	8f 93       	push	r24
    4eec:	80 91 e9 60 	lds	r24, 0x60E9	; 0x8060e9 <packet+0xc>
    4ef0:	8f 93       	push	r24
    4ef2:	80 91 e8 60 	lds	r24, 0x60E8	; 0x8060e8 <packet+0xb>
    4ef6:	8f 93       	push	r24
    4ef8:	80 91 e7 60 	lds	r24, 0x60E7	; 0x8060e7 <packet+0xa>
    4efc:	8f 93       	push	r24
    4efe:	80 91 e6 60 	lds	r24, 0x60E6	; 0x8060e6 <packet+0x9>
    4f02:	8f 93       	push	r24
    4f04:	80 91 e5 60 	lds	r24, 0x60E5	; 0x8060e5 <packet+0x8>
    4f08:	8f 93       	push	r24
    4f0a:	1f 92       	push	r1
    4f0c:	df 92       	push	r13
    4f0e:	81 e4       	ldi	r24, 0x41	; 65
    4f10:	94 e0       	ldi	r25, 0x04	; 4
    4f12:	9f 93       	push	r25
    4f14:	8f 93       	push	r24
    4f16:	1f 93       	push	r17
    4f18:	0f 93       	push	r16
    4f1a:	0e 94 89 0c 	call	0x1912	; 0x1912 <Print::printf(PGM_t const*, ...) [clone .constprop.17]>
/Users/askn/Develop/UPDI4AVR-USB/src/updi.cpp:547
        packet.out.dwAddr, (size_t)packet.out.dwLength);
      uint8_t m_type = packet.out.bMType;
    4f1e:	80 91 e4 60 	lds	r24, 0x60E4	; 0x8060e4 <packet+0x7>
/Users/askn/Develop/UPDI4AVR-USB/src/updi.cpp:548
      size_t _wLength = packet.out.dwLength;
    4f22:	e0 90 e9 60 	lds	r14, 0x60E9	; 0x8060e9 <packet+0xc>
    4f26:	f0 90 ea 60 	lds	r15, 0x60EA	; 0x8060ea <packet+0xd>
/Users/askn/Develop/UPDI4AVR-USB/src/updi.cpp:549
      if (m_type == 0xD3) {         /* MTYPE_SIB */
    4f2a:	cd bf       	out	0x3d, r28	; 61
    4f2c:	de bf       	out	0x3e, r29	; 62
    4f2e:	83 3d       	cpi	r24, 0xD3	; 211
    4f30:	99 f4       	brne	.+38     	; 0x4f58 <main+0x15ea>
/Users/askn/Develop/UPDI4AVR-USB/src/updi.cpp:551
        /* The SIB request occurs before ENTER_PROGMODE. */
        memcpy(&packet.in.data[(uint8_t)packet.out.dwAddr & 31], &_sib, ((_wLength - 1) & 31) + 1);
    4f32:	80 91 e5 60 	lds	r24, 0x60E5	; 0x8060e5 <packet+0x8>
    4f36:	8f 71       	andi	r24, 0x1F	; 31
    4f38:	90 e0       	ldi	r25, 0x00	; 0
    4f3a:	a7 01       	movw	r20, r14
    4f3c:	41 50       	subi	r20, 0x01	; 1
    4f3e:	51 09       	sbc	r21, r1
    4f40:	4f 71       	andi	r20, 0x1F	; 31
    4f42:	55 27       	eor	r21, r21
    4f44:	4f 5f       	subi	r20, 0xFF	; 255
    4f46:	5f 4f       	sbci	r21, 0xFF	; 255
    4f48:	6f e2       	ldi	r22, 0x2F	; 47
    4f4a:	73 e6       	ldi	r23, 0x63	; 99
    4f4c:	8c 51       	subi	r24, 0x1C	; 28
    4f4e:	9f 49       	sbci	r25, 0x9F	; 159
    4f50:	79 d5       	rcall	.+2802   	; 0x5a44 <memcpy>
read_dummy():
/Users/askn/Develop/UPDI4AVR-USB/src/updi.cpp:355
      packet.in.data[0] = 0x1E;
      packet.in.data[1] = _sib[0] == ' ' ? 'A' : _sib[0];
      packet.in.data[2] = _sib[10];
    }
    else memset(&packet.in.data[0], 0xFF, _wLength);
    return _wLength + 1;
    4f52:	c7 01       	movw	r24, r14
    4f54:	01 96       	adiw	r24, 0x01	; 1
    4f56:	c5 ce       	rjmp	.-630    	; 0x4ce2 <main+0x1374>
jtag_scope_updi():
/Users/askn/Develop/UPDI4AVR-USB/src/updi.cpp:554
      if (m_type == 0xD3) {         /* MTYPE_SIB */
        /* The SIB request occurs before ENTER_PROGMODE. */
        memcpy(&packet.in.data[(uint8_t)packet.out.dwAddr & 31], &_sib, ((_wLength - 1) & 31) + 1);
        _rspsize = _wLength + 1;
      }
      else if (bit_is_set(PGCONF, PGCONF_PROG_bp)) {
    4f58:	f9 9b       	sbis	0x1f, 1	; 31
    4f5a:	0b c0       	rjmp	.+22     	; 0x4f72 <main+0x1604>
/Users/askn/Develop/UPDI4AVR-USB/src/updi.cpp:555
        _rspsize = Timeout::command(Command_Table.read_memory, &timeout_fallback, 400);
    4f5c:	40 e9       	ldi	r20, 0x90	; 144
    4f5e:	51 e0       	ldi	r21, 0x01	; 1
    4f60:	69 e9       	ldi	r22, 0x99	; 153
    4f62:	78 e0       	ldi	r23, 0x08	; 8
    4f64:	80 91 51 63 	lds	r24, 0x6351	; 0x806351 <Command_Table+0x2>
    4f68:	90 91 52 63 	lds	r25, 0x6352	; 0x806352 <Command_Table+0x3>
    4f6c:	0e 94 0d 1c 	call	0x381a	; 0x381a <Timeout::command(unsigned int (*)(), unsigned int (*)(), unsigned int)>
    4f70:	b8 ce       	rjmp	.-656    	; 0x4ce2 <main+0x1374>
read_dummy():
/Users/askn/Develop/UPDI4AVR-USB/src/updi.cpp:347
   * Read dummy memory if necessary.
   */
  size_t read_dummy (void) {
    uint8_t  m_type = packet.out.bMType;
    size_t _wLength = packet.out.dwLength;
    if (m_type == 0xB4 && _sib[0]) {
    4f72:	84 3b       	cpi	r24, 0xB4	; 180
    4f74:	89 f4       	brne	.+34     	; 0x4f98 <main+0x162a>
    4f76:	80 91 2f 63 	lds	r24, 0x632F	; 0x80632f <_sib>
    4f7a:	88 23       	and	r24, r24
    4f7c:	69 f0       	breq	.+26     	; 0x4f98 <main+0x162a>
/Users/askn/Develop/UPDI4AVR-USB/src/updi.cpp:350
      /* The SIGNATURE of a locked device cannot be read.            */
      /* But, the SIB can be read, so a Dummy SIGNATURE is returned. */
      packet.in.data[0] = 0x1E;
    4f7e:	9e e1       	ldi	r25, 0x1E	; 30
    4f80:	90 93 e4 60 	sts	0x60E4, r25	; 0x8060e4 <packet+0x7>
/Users/askn/Develop/UPDI4AVR-USB/src/updi.cpp:351
      packet.in.data[1] = _sib[0] == ' ' ? 'A' : _sib[0];
    4f84:	80 32       	cpi	r24, 0x20	; 32
    4f86:	09 f4       	brne	.+2      	; 0x4f8a <main+0x161c>
main():
    4f88:	81 e4       	ldi	r24, 0x41	; 65
read_dummy():
    4f8a:	80 93 e5 60 	sts	0x60E5, r24	; 0x8060e5 <packet+0x8>
/Users/askn/Develop/UPDI4AVR-USB/src/updi.cpp:352
      packet.in.data[2] = _sib[10];
    4f8e:	80 91 39 63 	lds	r24, 0x6339	; 0x806339 <_sib+0xa>
    4f92:	80 93 e6 60 	sts	0x60E6, r24	; 0x8060e6 <packet+0x9>
    4f96:	dd cf       	rjmp	.-70     	; 0x4f52 <main+0x15e4>
/Users/askn/Develop/UPDI4AVR-USB/src/updi.cpp:354
    }
    else memset(&packet.in.data[0], 0xFF, _wLength);
    4f98:	a7 01       	movw	r20, r14
    4f9a:	6f ef       	ldi	r22, 0xFF	; 255
    4f9c:	70 e0       	ldi	r23, 0x00	; 0
    4f9e:	84 ee       	ldi	r24, 0xE4	; 228
    4fa0:	90 e6       	ldi	r25, 0x60	; 96
    4fa2:	59 d5       	rcall	.+2738   	; 0x5a56 <memset>
    4fa4:	d6 cf       	rjmp	.-84     	; 0x4f52 <main+0x15e4>
jtag_scope_updi():
/Users/askn/Develop/UPDI4AVR-USB/src/updi.cpp:564
      /* This will prevent AVRDUDE from displaying annoying errors. */
      else _rspsize = read_dummy();
      packet.in.res = _rspsize ? 0x184 : 0xA0;  /* RSP3_DATA : RSP3_FAILED */
      return _rspsize;
    }
    else if (_cmd == 0x23) {        /* CMD3_WRITE_MEMORY */
    4fa6:	83 32       	cpi	r24, 0x23	; 35
    4fa8:	29 f5       	brne	.+74     	; 0x4ff4 <main+0x1686>
/Users/askn/Develop/UPDI4AVR-USB/src/updi.cpp:565
      D1PRINTF(" UPDI_WRITE=%02X:%06lX:%04X\r\n", packet.out.bMType,
    4faa:	80 91 ea 60 	lds	r24, 0x60EA	; 0x8060ea <packet+0xd>
    4fae:	8f 93       	push	r24
    4fb0:	80 91 e9 60 	lds	r24, 0x60E9	; 0x8060e9 <packet+0xc>
    4fb4:	8f 93       	push	r24
    4fb6:	80 91 e8 60 	lds	r24, 0x60E8	; 0x8060e8 <packet+0xb>
    4fba:	8f 93       	push	r24
    4fbc:	80 91 e7 60 	lds	r24, 0x60E7	; 0x8060e7 <packet+0xa>
    4fc0:	8f 93       	push	r24
    4fc2:	80 91 e6 60 	lds	r24, 0x60E6	; 0x8060e6 <packet+0x9>
    4fc6:	8f 93       	push	r24
    4fc8:	80 91 e5 60 	lds	r24, 0x60E5	; 0x8060e5 <packet+0x8>
    4fcc:	8f 93       	push	r24
    4fce:	1f 92       	push	r1
    4fd0:	df 92       	push	r13
    4fd2:	83 e2       	ldi	r24, 0x23	; 35
    4fd4:	94 e0       	ldi	r25, 0x04	; 4
    4fd6:	9f 93       	push	r25
    4fd8:	8f 93       	push	r24
    4fda:	1f 93       	push	r17
    4fdc:	0f 93       	push	r16
    4fde:	0e 94 89 0c 	call	0x1912	; 0x1912 <Print::printf(PGM_t const*, ...) [clone .constprop.17]>
/Users/askn/Develop/UPDI4AVR-USB/src/updi.cpp:567
        packet.out.dwAddr, (size_t)packet.out.dwLength);
      _rspsize = Timeout::command(Command_Table.write_memory, &timeout_fallback);
    4fe2:	40 e2       	ldi	r20, 0x20	; 32
    4fe4:	53 e0       	ldi	r21, 0x03	; 3
    4fe6:	69 e9       	ldi	r22, 0x99	; 153
    4fe8:	78 e0       	ldi	r23, 0x08	; 8
    4fea:	80 91 55 63 	lds	r24, 0x6355	; 0x806355 <Command_Table+0x6>
    4fee:	90 91 56 63 	lds	r25, 0x6356	; 0x806356 <Command_Table+0x7>
    4ff2:	4a ce       	rjmp	.-876    	; 0x4c88 <main+0x131a>
main():
/Users/askn/Develop/UPDI4AVR-USB/src/updi.cpp:501

  // MARK: JTAG SCOPE

  /* ARCH=UPDI scope Provides functionality. */
  size_t jtag_scope_updi (void) {
    size_t _rspsize = 0;
    4ff4:	90 e0       	ldi	r25, 0x00	; 0
    4ff6:	80 e0       	ldi	r24, 0x00	; 0
    4ff8:	79 ce       	rjmp	.-782    	; 0x4cec <main+0x137e>
jtag_scope_avr_core():
/Users/askn/Develop/UPDI4AVR-USB/src/jtag.cpp:404
    else {
      D1PRINTF(" ?:ARCH=%d\r\n", _jtag_arch);
    4ffa:	1f 92       	push	r1
    4ffc:	9f 93       	push	r25
    4ffe:	87 ed       	ldi	r24, 0xD7	; 215
    5000:	94 e0       	ldi	r25, 0x04	; 4
    5002:	9f 93       	push	r25
    5004:	8f 93       	push	r24
    5006:	1f 93       	push	r17
    5008:	0f 93       	push	r16
    500a:	0e 94 89 0c 	call	0x1912	; 0x1912 <Print::printf(PGM_t const*, ...) [clone .constprop.17]>
/Users/askn/Develop/UPDI4AVR-USB/src/jtag.cpp:405
      packet.in.res = 0xA0;         /* RSP3_FAILED */
    500e:	80 ea       	ldi	r24, 0xA0	; 160
    5010:	90 e0       	ldi	r25, 0x00	; 0
    5012:	80 93 e2 60 	sts	0x60E2, r24	; 0x8060e2 <packet+0x5>
    5016:	90 93 e3 60 	sts	0x60E3, r25	; 0x8060e3 <packet+0x6>
jtag_scope_branch():
/Users/askn/Develop/UPDI4AVR-USB/src/jtag.cpp:433
    else if (_scope == 0x13) _rspsize = AVR32::jtag_scope_avr32();  /* SCOPE_AVR32 */
  #endif
    else if (_scope == 0x12) _rspsize = jtag_scope_avr_core();      /* SCOPE_AVR */
    else if (_scope == 0x14) _rspsize = TPI::jtag_scope_tpi();      /* SCOPE_AVR_TPI */
    else if (_scope == 0x20) _rspsize = jtag_scope_edbg();          /* SCOPE_EDBG */
    else    { D1PRINTF(" ?:SCOPE=%02X\r\n", _scope); }
    501a:	0f 90       	pop	r0
    501c:	0f 90       	pop	r0
    501e:	0f 90       	pop	r0
    5020:	0f 90       	pop	r0
    5022:	0f 90       	pop	r0
    5024:	0f 90       	pop	r0
    5026:	10 cc       	rjmp	.-2016   	; 0x4848 <main+0xeda>
/Users/askn/Develop/UPDI4AVR-USB/src/jtag.cpp:431
    else if (_scope == 0x00) _rspsize = jtag_scope_info();          /* SCOPE_INFO */ /* Not used with EDBG/CMSIS-DAP type */
    else if (_scope == 0x11) _rspsize = ISP::jtag_scope_isp();      /* SCOPE_AVR_ISP */
    else if (_scope == 0x13) _rspsize = AVR32::jtag_scope_avr32();  /* SCOPE_AVR32 */
  #endif
    else if (_scope == 0x12) _rspsize = jtag_scope_avr_core();      /* SCOPE_AVR */
    else if (_scope == 0x14) _rspsize = TPI::jtag_scope_tpi();      /* SCOPE_AVR_TPI */
    5028:	f4 e1       	ldi	r31, 0x14	; 20
    502a:	ff 12       	cpse	r15, r31
    502c:	2f c1       	rjmp	.+606    	; 0x528c <main+0x191e>
jtag_scope_tpi():
/Users/askn/Develop/UPDI4AVR-USB/src/tpi.cpp:343
   * It doesn't seem to be implemented in the "mEDBG".
   * which means it will start immediately with XPRG_CMD_ENTER_PROGMODE.
   */
  size_t jtag_scope_tpi (void) {
    size_t _rspsize = 0;  /* Make final adjustments. */
    uint8_t _cmd    = packet.out.cmd;
    502e:	80 91 e2 60 	lds	r24, 0x60E2	; 0x8060e2 <packet+0x5>
/Users/askn/Develop/UPDI4AVR-USB/src/tpi.cpp:344
    if (_cmd == 0x01) {             /* XPRG_CMD_ENTER_PROGMODE */
    5032:	81 30       	cpi	r24, 0x01	; 1
    5034:	09 f0       	breq	.+2      	; 0x5038 <main+0x16ca>
    5036:	3f c0       	rjmp	.+126    	; 0x50b6 <main+0x1748>
/Users/askn/Develop/UPDI4AVR-USB/src/tpi.cpp:345
      D1PRINTF(" TPI_ENTER_PROGMODE\r\n");
    5038:	89 e8       	ldi	r24, 0x89	; 137
    503a:	96 e0       	ldi	r25, 0x06	; 6
    503c:	9f 93       	push	r25
    503e:	8f 93       	push	r24
    5040:	1f 93       	push	r17
    5042:	0f 93       	push	r16
    5044:	0e 94 89 0c 	call	0x1912	; 0x1912 <Print::printf(PGM_t const*, ...) [clone .constprop.17]>
/Users/askn/Develop/UPDI4AVR-USB/src/tpi.cpp:346
      _vtarget = SYS::get_vdd();
    5048:	0e 94 04 09 	call	0x1208	; 0x1208 <SYS::get_vdd()>
    504c:	80 93 be 60 	sts	0x60BE, r24	; 0x8060be <_vtarget>
    5050:	90 93 bf 60 	sts	0x60BF, r25	; 0x8060bf <_vtarget+0x1>
/Users/askn/Develop/UPDI4AVR-USB/src/tpi.cpp:347
      D1PRINTF(" VTARGET=%d\r\n", _vtarget);
    5054:	9f 93       	push	r25
    5056:	8f 93       	push	r24
    5058:	8b e7       	ldi	r24, 0x7B	; 123
    505a:	96 e0       	ldi	r25, 0x06	; 6
    505c:	9f 93       	push	r25
    505e:	8f 93       	push	r24
    5060:	1f 93       	push	r17
    5062:	0f 93       	push	r16
    5064:	0e 94 89 0c 	call	0x1912	; 0x1912 <Print::printf(PGM_t const*, ...) [clone .constprop.17]>
/Users/askn/Develop/UPDI4AVR-USB/src/tpi.cpp:348
      _jtag_arch = 0;
    5068:	10 92 58 63 	sts	0x6358, r1	; 0x806358 <_jtag_arch>
/Users/askn/Develop/UPDI4AVR-USB/src/tpi.cpp:349
      _rspsize = Timeout::command(&connect);
    506c:	40 e2       	ldi	r20, 0x20	; 32
    506e:	53 e0       	ldi	r21, 0x03	; 3
    5070:	70 e0       	ldi	r23, 0x00	; 0
    5072:	60 e0       	ldi	r22, 0x00	; 0
    5074:	8c ef       	ldi	r24, 0xFC	; 252
    5076:	96 e1       	ldi	r25, 0x16	; 22
/Users/askn/Develop/UPDI4AVR-USB/src/tpi.cpp:393
    else if (_cmd == 0x03) {        /* XPRG_CMD_ERASE */
      D1PRINTF(" TPI_ERASE=%02X:%08lX\r\n",
        packet.out.tpi.read.bMType,
        bswap32(packet.out.tpi.read.dwAddr)
      );
      _rspsize = Timeout::command(&erase_memory);
    5078:	0e 94 0d 1c 	call	0x381a	; 0x381a <Timeout::command(unsigned int (*)(), unsigned int (*)(), unsigned int)>
    507c:	7c 01       	movw	r14, r24
    507e:	cd bf       	out	0x3d, r28	; 61
    5080:	de bf       	out	0x3e, r29	; 62
/Users/askn/Develop/UPDI4AVR-USB/src/tpi.cpp:403
        bswap32(packet.out.tpi.write.dwAddr),
        bswap16(packet.out.tpi.write.wLength)
      );
      _rspsize = Timeout::command(&write_memory);
    }
    packet.in.tpi_res = _rspsize ? 0x00 : 0x01; /* XPRG_ERR_OK : XPRG_ERR_FAILED */
    5082:	81 e0       	ldi	r24, 0x01	; 1
    5084:	e1 14       	cp	r14, r1
    5086:	f1 04       	cpc	r15, r1
    5088:	09 f0       	breq	.+2      	; 0x508c <main+0x171e>
    508a:	80 e0       	ldi	r24, 0x00	; 0
    508c:	80 93 e3 60 	sts	0x60E3, r24	; 0x8060e3 <packet+0x6>
/Users/askn/Develop/UPDI4AVR-USB/src/tpi.cpp:404
    D1PRINTF(" <RES:%02X>\r\n", _rspsize);
    5090:	ff 92       	push	r15
    5092:	ef 92       	push	r14
    5094:	86 ee       	ldi	r24, 0xE6	; 230
    5096:	95 e0       	ldi	r25, 0x05	; 5
    5098:	9f 93       	push	r25
    509a:	8f 93       	push	r24
    509c:	1f 93       	push	r17
    509e:	0f 93       	push	r16
    50a0:	0e 94 89 0c 	call	0x1912	; 0x1912 <Print::printf(PGM_t const*, ...) [clone .constprop.17]>
/Users/askn/Develop/UPDI4AVR-USB/src/tpi.cpp:407

    /* Adds padding to XPRG responses to adjust the length of the payload. */
    return _rspsize + 1;
    50a4:	c7 01       	movw	r24, r14
    50a6:	01 96       	adiw	r24, 0x01	; 1
    50a8:	0f 90       	pop	r0
    50aa:	0f 90       	pop	r0
    50ac:	0f 90       	pop	r0
    50ae:	0f 90       	pop	r0
    50b0:	0f 90       	pop	r0
    50b2:	0f 90       	pop	r0
    50b4:	46 cd       	rjmp	.-1396   	; 0x4b42 <main+0x11d4>
/Users/askn/Develop/UPDI4AVR-USB/src/tpi.cpp:351
      _vtarget = SYS::get_vdd();
      D1PRINTF(" VTARGET=%d\r\n", _vtarget);
      _jtag_arch = 0;
      _rspsize = Timeout::command(&connect);
    }
    else if (_cmd == 0x02) {        /* XPRG_CMD_LEAVE_PROGMODE */
    50b6:	82 30       	cpi	r24, 0x02	; 2
    50b8:	09 f0       	breq	.+2      	; 0x50bc <main+0x174e>
    50ba:	43 c0       	rjmp	.+134    	; 0x5142 <main+0x17d4>
/Users/askn/Develop/UPDI4AVR-USB/src/tpi.cpp:352
      D1PRINTF(" TPI_LEAVE_PROGMODE\r\n");
    50bc:	85 e6       	ldi	r24, 0x65	; 101
    50be:	96 e0       	ldi	r25, 0x06	; 6
    50c0:	9f 93       	push	r25
    50c2:	8f 93       	push	r24
    50c4:	1f 93       	push	r17
    50c6:	0f 93       	push	r16
    50c8:	0e 94 89 0c 	call	0x1912	; 0x1912 <Print::printf(PGM_t const*, ...) [clone .constprop.17]>
sign_off():
/Users/askn/Develop/UPDI4AVR-USB/src/tpi.cpp:319
  #endif
    return 1;
  }

  uint8_t sign_off (void) {
    uint8_t _rsp = bit_is_set(PGCONF, PGCONF_UPDI_bp) ? disconnect() : 1;
    50cc:	0f 90       	pop	r0
    50ce:	0f 90       	pop	r0
    50d0:	0f 90       	pop	r0
    50d2:	0f 90       	pop	r0
    50d4:	f8 9b       	sbis	0x1f, 0	; 31
    50d6:	20 c0       	rjmp	.+64     	; 0x5118 <main+0x17aa>
set_sstcs():
/Users/askn/Develop/UPDI4AVR-USB/src/tpi.cpp:74
    return send(0x80 | _addr) && recv();
  }

  bool set_sstcs (const uint8_t _addr, const uint8_t _data) {
    D2PRINTF("[SSTCS:%02X:%02X]\r\n", _addr, _data);
    return send(0xC0 | _addr) && send(_data);
    50d8:	80 ec       	ldi	r24, 0xC0	; 192
    50da:	0e 94 34 06 	call	0xc68	; 0xc68 <PDI::send(unsigned char)>
    50de:	88 23       	and	r24, r24
    50e0:	19 f0       	breq	.+6      	; 0x50e8 <main+0x177a>
    50e2:	80 e0       	ldi	r24, 0x00	; 0
    50e4:	0e 94 b1 08 	call	0x1162	; 0x1162 <PDI::send_byte(unsigned char) [clone .part.4]>
disconnect():
/Users/askn/Develop/UPDI4AVR-USB/src/tpi.cpp:306

  size_t disconnect (void) {
    /*** leave RESET (normal programing) ***/
    set_sstcs(0x00, 0x00);
    /* Send the NVM exit command, wait a short while and release RESET. */
    idle_clock(28);
    50e8:	8c e1       	ldi	r24, 0x1C	; 28
    50ea:	90 e0       	ldi	r25, 0x00	; 0
    50ec:	0e 94 f4 08 	call	0x11e8	; 0x11e8 <TPI::idle_clock(unsigned int)>
/Users/askn/Develop/UPDI4AVR-USB/src/tpi.cpp:308
  #ifdef CONFIG_HVC_ENABLE
    if (bit_is_set(PGCONF, PGCONF_HVEN_bp)) {
    50f0:	fe 9b       	sbis	0x1f, 6	; 31
    50f2:	12 c0       	rjmp	.+36     	; 0x5118 <main+0x17aa>
hvc_leave():
/Users/askn/Develop/UPDI4AVR-USB/src/sys.cpp:420
  #endif
  }

  void hvc_leave (void) {
  #ifdef CONFIG_HVC_ENABLE
    TCA0_SPLIT_CTRLB = 0;
    50f4:	10 92 01 0a 	sts	0x0A01, r1	; 0x800a01 <__TEXT_REGION_LENGTH__+0x7f0a01>
/Users/askn/Develop/UPDI4AVR-USB/src/sys.cpp:421
    TCA0_SPLIT_CTRLA = 0;
    50f8:	10 92 00 0a 	sts	0x0A00, r1	; 0x800a00 <__TEXT_REGION_LENGTH__+0x7f0a00>
disconnect():
/Users/askn/Develop/UPDI4AVR-USB/src/tpi.cpp:310
      SYS::hvc_leave();
      digitalWriteMacro(PIN_HVC_SELECT2, LOW);
    50fc:	69 98       	cbi	0x0d, 1	; 13
/Users/askn/Develop/UPDI4AVR-USB/src/tpi.cpp:311
      bit_clear(PGCONF, PGCONF_HVEN_bp);
    50fe:	fe 98       	cbi	0x1f, 6	; 31
/Users/askn/Develop/UPDI4AVR-USB/src/tpi.cpp:312
      D1PRINTF("<HVC:OFF>\r\n");
    5100:	8a ed       	ldi	r24, 0xDA	; 218
    5102:	95 e0       	ldi	r25, 0x05	; 5
    5104:	9f 93       	push	r25
    5106:	8f 93       	push	r24
    5108:	1f 93       	push	r17
    510a:	0f 93       	push	r16
    510c:	0e 94 89 0c 	call	0x1912	; 0x1912 <Print::printf(PGM_t const*, ...) [clone .constprop.17]>
    5110:	0f 90       	pop	r0
    5112:	0f 90       	pop	r0
    5114:	0f 90       	pop	r0
    5116:	0f 90       	pop	r0
sign_off():
/Users/askn/Develop/UPDI4AVR-USB/src/tpi.cpp:320
    return 1;
  }

  uint8_t sign_off (void) {
    uint8_t _rsp = bit_is_set(PGCONF, PGCONF_UPDI_bp) ? disconnect() : 1;
    pinLogicOpen(PIN_PGM_TCLK);
    5118:	02 98       	cbi	0x00, 2	; 0
/Users/askn/Develop/UPDI4AVR-USB/src/tpi.cpp:321
    pinLogicOpen(PIN_PGM_TRST);
    511a:	01 98       	cbi	0x00, 1	; 0
/Users/askn/Develop/UPDI4AVR-USB/src/tpi.cpp:322
    SYS::power_reset();
    511c:	61 e0       	ldi	r22, 0x01	; 1
    511e:	81 e0       	ldi	r24, 0x01	; 1
    5120:	0e 94 88 16 	call	0x2d10	; 0x2d10 <SYS::power_reset(bool, bool)>
delay_micros():
/Users/askn/Library/Arduino15/packages/MultiX-Zinnia/hardware/modernAVR/0.4.5/cores/modernAVR/api/delay_busywait.h:33
    5124:	83 ed       	ldi	r24, 0xD3	; 211
    5126:	90 e3       	ldi	r25, 0x30	; 48
    5128:	01 97       	sbiw	r24, 0x01	; 1
    512a:	f1 f7       	brne	.-4      	; 0x5128 <main+0x17ba>
    512c:	00 c0       	rjmp	.+0      	; 0x512e <main+0x17c0>
    512e:	00 00       	nop
sign_off():
/Users/askn/Develop/UPDI4AVR-USB/src/tpi.cpp:324
    SYS::delay_2500us();
    PGCONF = 0;
    5130:	1f ba       	out	0x1f, r1	; 31
/Users/askn/Develop/UPDI4AVR-USB/src/tpi.cpp:325
    USART::setup();
    5132:	0e 94 c3 10 	call	0x2186	; 0x2186 <USART::setup()>
/Users/askn/Develop/UPDI4AVR-USB/src/tpi.cpp:326
    USART::change_vcp();
    5136:	0e 94 9a 0d 	call	0x1b34	; 0x1b34 <USART::change_vcp()>
main():
/Users/askn/Develop/UPDI4AVR-USB/src/tpi.cpp:371
      else if (_bType == 0x04) {    /* XPRG_PARAM_NVMCSR_ADDR */
        _bValue = ((_bValue & 0xF0) << 1) + (_bValue & 0x0F);
        _tpi_csr_addr = _bValue;    /* XPRG_TPI_NVMCSR_ADDRESS */
      }
  #endif
      _rspsize = 1;
    513a:	ee 24       	eor	r14, r14
    513c:	e3 94       	inc	r14
    513e:	f1 2c       	mov	r15, r1
    5140:	a0 cf       	rjmp	.-192    	; 0x5082 <main+0x1714>
jtag_scope_tpi():
/Users/askn/Develop/UPDI4AVR-USB/src/tpi.cpp:355
    }
    else if (_cmd == 0x02) {        /* XPRG_CMD_LEAVE_PROGMODE */
      D1PRINTF(" TPI_LEAVE_PROGMODE\r\n");
      _rspsize = sign_off();
    }
    else if (_cmd == 0x07) {        /* XPRG_CMD_SET_PARAM */
    5142:	87 30       	cpi	r24, 0x07	; 7
    5144:	d1 f3       	breq	.-12     	; 0x513a <main+0x17cc>
/Users/askn/Develop/UPDI4AVR-USB/src/tpi.cpp:373
        _tpi_csr_addr = _bValue;    /* XPRG_TPI_NVMCSR_ADDRESS */
      }
  #endif
      _rspsize = 1;
    }
    else if (_cmd == 0x06) {        /* XPRG_CMD_CRC */
    5146:	86 30       	cpi	r24, 0x06	; 6
    5148:	79 f4       	brne	.+30     	; 0x5168 <main+0x17fa>
/Users/askn/Develop/UPDI4AVR-USB/src/tpi.cpp:374
      D1PRINTF(" TPI_CRC\r\n");     /* not used (Fail) */
    514a:	8a e5       	ldi	r24, 0x5A	; 90
    514c:	96 e0       	ldi	r25, 0x06	; 6
    514e:	9f 93       	push	r25
    5150:	8f 93       	push	r24
    5152:	1f 93       	push	r17
    5154:	0f 93       	push	r16
    5156:	0e 94 89 0c 	call	0x1912	; 0x1912 <Print::printf(PGM_t const*, ...) [clone .constprop.17]>
    515a:	0f 90       	pop	r0
    515c:	0f 90       	pop	r0
    515e:	0f 90       	pop	r0
    5160:	0f 90       	pop	r0
main():
/Users/askn/Develop/UPDI4AVR-USB/src/tpi.cpp:342
   * When this scope is used, CMD3_SIGN_ON will not be called,
   * It doesn't seem to be implemented in the "mEDBG".
   * which means it will start immediately with XPRG_CMD_ENTER_PROGMODE.
   */
  size_t jtag_scope_tpi (void) {
    size_t _rspsize = 0;  /* Make final adjustments. */
    5162:	f1 2c       	mov	r15, r1
    5164:	e1 2c       	mov	r14, r1
    5166:	8d cf       	rjmp	.-230    	; 0x5082 <main+0x1714>
jtag_scope_tpi():
/Users/askn/Develop/UPDI4AVR-USB/src/tpi.cpp:376
      _rspsize = 1;
    }
    else if (_cmd == 0x06) {        /* XPRG_CMD_CRC */
      D1PRINTF(" TPI_CRC\r\n");     /* not used (Fail) */
    }
    else if (bit_is_clear(PGCONF, PGCONF_UPDI_bp)) { /* empty */ }
    5168:	f8 9b       	sbis	0x1f, 0	; 31
    516a:	fb cf       	rjmp	.-10     	; 0x5162 <main+0x17f4>
/Users/askn/Develop/UPDI4AVR-USB/src/tpi.cpp:377
    else if (_cmd == 0x05) {        /* XPRG_CMD_READ_MEM */
    516c:	85 30       	cpi	r24, 0x05	; 5
    516e:	49 f5       	brne	.+82     	; 0x51c2 <main+0x1854>
bswap16():
/Users/askn/Library/Arduino15/packages/MultiX-Zinnia/hardware/modernAVR/0.4.5/cores/modernAVR/api/cpp/btools.cpp:45
//
// Byte convert
//

uint16_t bswap16 (uint16_t _word) {
  return __builtin_bswap16(_word);
    5170:	20 91 e8 60 	lds	r18, 0x60E8	; 0x8060e8 <packet+0xb>
    5174:	30 91 e9 60 	lds	r19, 0x60E9	; 0x8060e9 <packet+0xc>
    5178:	32 27       	eor	r19, r18
    517a:	23 27       	eor	r18, r19
    517c:	32 27       	eor	r19, r18
bswap32():
/Users/askn/Library/Arduino15/packages/MultiX-Zinnia/hardware/modernAVR/0.4.5/cores/modernAVR/api/cpp/btools.cpp:49
}

uint32_t bswap32 (uint32_t _dword) {
  return __builtin_bswap32(_dword);
    517e:	60 91 e4 60 	lds	r22, 0x60E4	; 0x8060e4 <packet+0x7>
    5182:	70 91 e5 60 	lds	r23, 0x60E5	; 0x8060e5 <packet+0x8>
    5186:	80 91 e6 60 	lds	r24, 0x60E6	; 0x8060e6 <packet+0x9>
    518a:	90 91 e7 60 	lds	r25, 0x60E7	; 0x8060e7 <packet+0xa>
    518e:	40 d4       	rcall	.+2176   	; 0x5a10 <__bswapsi2>
jtag_scope_tpi():
/Users/askn/Develop/UPDI4AVR-USB/src/tpi.cpp:378
      D1PRINTF(" TPI_READ=%02X:%08lX:%d\r\n",
    5190:	3f 93       	push	r19
    5192:	2f 93       	push	r18
    5194:	9f 93       	push	r25
    5196:	8f 93       	push	r24
    5198:	7f 93       	push	r23
    519a:	6f 93       	push	r22
    519c:	80 91 e3 60 	lds	r24, 0x60E3	; 0x8060e3 <packet+0x6>
    51a0:	1f 92       	push	r1
    51a2:	8f 93       	push	r24
    51a4:	80 e4       	ldi	r24, 0x40	; 64
    51a6:	96 e0       	ldi	r25, 0x06	; 6
    51a8:	9f 93       	push	r25
    51aa:	8f 93       	push	r24
    51ac:	1f 93       	push	r17
    51ae:	0f 93       	push	r16
    51b0:	0e 94 89 0c 	call	0x1912	; 0x1912 <Print::printf(PGM_t const*, ...) [clone .constprop.17]>
/Users/askn/Develop/UPDI4AVR-USB/src/tpi.cpp:383
        packet.out.tpi.read.bMType,
        bswap32(packet.out.tpi.read.dwAddr),
        bswap16(packet.out.tpi.read.wLength)
      );
      _rspsize = Timeout::command(&read_memory);
    51b4:	40 e2       	ldi	r20, 0x20	; 32
    51b6:	53 e0       	ldi	r21, 0x03	; 3
    51b8:	70 e0       	ldi	r23, 0x00	; 0
    51ba:	60 e0       	ldi	r22, 0x00	; 0
    51bc:	87 e0       	ldi	r24, 0x07	; 7
    51be:	9b e1       	ldi	r25, 0x1B	; 27
    51c0:	5b cf       	rjmp	.-330    	; 0x5078 <main+0x170a>
/Users/askn/Develop/UPDI4AVR-USB/src/tpi.cpp:385
    }
    else if (_vtarget < 4200) {
    51c2:	20 91 be 60 	lds	r18, 0x60BE	; 0x8060be <_vtarget>
    51c6:	30 91 bf 60 	lds	r19, 0x60BF	; 0x8060bf <_vtarget+0x1>
    51ca:	28 36       	cpi	r18, 0x68	; 104
    51cc:	f0 e1       	ldi	r31, 0x10	; 16
    51ce:	3f 07       	cpc	r19, r31
    51d0:	78 f4       	brcc	.+30     	; 0x51f0 <main+0x1882>
/Users/askn/Develop/UPDI4AVR-USB/src/tpi.cpp:386
      D1PRINTF(" TPI_CMD=%d, VTGLOW=%d\r\n", _cmd, _vtarget);
    51d2:	3f 93       	push	r19
    51d4:	2f 93       	push	r18
    51d6:	1f 92       	push	r1
    51d8:	8f 93       	push	r24
    51da:	87 e2       	ldi	r24, 0x27	; 39
    51dc:	96 e0       	ldi	r25, 0x06	; 6
    51de:	9f 93       	push	r25
    51e0:	8f 93       	push	r24
    51e2:	1f 93       	push	r17
    51e4:	0f 93       	push	r16
    51e6:	0e 94 89 0c 	call	0x1912	; 0x1912 <Print::printf(PGM_t const*, ...) [clone .constprop.17]>
    51ea:	cd bf       	out	0x3d, r28	; 61
    51ec:	de bf       	out	0x3e, r29	; 62
    51ee:	b9 cf       	rjmp	.-142    	; 0x5162 <main+0x17f4>
/Users/askn/Develop/UPDI4AVR-USB/src/tpi.cpp:388
    }
    else if (_cmd == 0x03) {        /* XPRG_CMD_ERASE */
    51f0:	83 30       	cpi	r24, 0x03	; 3
    51f2:	01 f5       	brne	.+64     	; 0x5234 <main+0x18c6>
bswap32():
/Users/askn/Library/Arduino15/packages/MultiX-Zinnia/hardware/modernAVR/0.4.5/cores/modernAVR/api/cpp/btools.cpp:49
    51f4:	60 91 e4 60 	lds	r22, 0x60E4	; 0x8060e4 <packet+0x7>
    51f8:	70 91 e5 60 	lds	r23, 0x60E5	; 0x8060e5 <packet+0x8>
    51fc:	80 91 e6 60 	lds	r24, 0x60E6	; 0x8060e6 <packet+0x9>
    5200:	90 91 e7 60 	lds	r25, 0x60E7	; 0x8060e7 <packet+0xa>
    5204:	05 d4       	rcall	.+2058   	; 0x5a10 <__bswapsi2>
jtag_scope_tpi():
/Users/askn/Develop/UPDI4AVR-USB/src/tpi.cpp:389
      D1PRINTF(" TPI_ERASE=%02X:%08lX\r\n",
    5206:	9f 93       	push	r25
    5208:	8f 93       	push	r24
    520a:	7f 93       	push	r23
    520c:	6f 93       	push	r22
    520e:	80 91 e3 60 	lds	r24, 0x60E3	; 0x8060e3 <packet+0x6>
    5212:	1f 92       	push	r1
    5214:	8f 93       	push	r24
    5216:	8f e0       	ldi	r24, 0x0F	; 15
    5218:	96 e0       	ldi	r25, 0x06	; 6
    521a:	9f 93       	push	r25
    521c:	8f 93       	push	r24
    521e:	1f 93       	push	r17
    5220:	0f 93       	push	r16
    5222:	0e 94 89 0c 	call	0x1912	; 0x1912 <Print::printf(PGM_t const*, ...) [clone .constprop.17]>
/Users/askn/Develop/UPDI4AVR-USB/src/tpi.cpp:393
        packet.out.tpi.read.bMType,
        bswap32(packet.out.tpi.read.dwAddr)
      );
      _rspsize = Timeout::command(&erase_memory);
    5226:	40 e2       	ldi	r20, 0x20	; 32
    5228:	53 e0       	ldi	r21, 0x03	; 3
    522a:	70 e0       	ldi	r23, 0x00	; 0
    522c:	60 e0       	ldi	r22, 0x00	; 0
    522e:	81 e5       	ldi	r24, 0x51	; 81
    5230:	9b e1       	ldi	r25, 0x1B	; 27
    5232:	22 cf       	rjmp	.-444    	; 0x5078 <main+0x170a>
/Users/askn/Develop/UPDI4AVR-USB/src/tpi.cpp:395
    }
    else if (_cmd == 0x04) {        /* XPRG_CMD_WRITE_MEM */
    5234:	84 30       	cpi	r24, 0x04	; 4
    5236:	09 f0       	breq	.+2      	; 0x523a <main+0x18cc>
    5238:	94 cf       	rjmp	.-216    	; 0x5162 <main+0x17f4>
bswap16():
/Users/askn/Library/Arduino15/packages/MultiX-Zinnia/hardware/modernAVR/0.4.5/cores/modernAVR/api/cpp/btools.cpp:45
//
// Byte convert
//

uint16_t bswap16 (uint16_t _word) {
  return __builtin_bswap16(_word);
    523a:	20 91 e9 60 	lds	r18, 0x60E9	; 0x8060e9 <packet+0xc>
    523e:	30 91 ea 60 	lds	r19, 0x60EA	; 0x8060ea <packet+0xd>
    5242:	32 27       	eor	r19, r18
    5244:	23 27       	eor	r18, r19
    5246:	32 27       	eor	r19, r18
bswap32():
/Users/askn/Library/Arduino15/packages/MultiX-Zinnia/hardware/modernAVR/0.4.5/cores/modernAVR/api/cpp/btools.cpp:49
}

uint32_t bswap32 (uint32_t _dword) {
  return __builtin_bswap32(_dword);
    5248:	60 91 e5 60 	lds	r22, 0x60E5	; 0x8060e5 <packet+0x8>
    524c:	70 91 e6 60 	lds	r23, 0x60E6	; 0x8060e6 <packet+0x9>
    5250:	80 91 e7 60 	lds	r24, 0x60E7	; 0x8060e7 <packet+0xa>
    5254:	90 91 e8 60 	lds	r25, 0x60E8	; 0x8060e8 <packet+0xb>
    5258:	db d3       	rcall	.+1974   	; 0x5a10 <__bswapsi2>
jtag_scope_tpi():
/Users/askn/Develop/UPDI4AVR-USB/src/tpi.cpp:396
      D1PRINTF(" TPI_WRITE=%02X:%08lX:%d\r\n",
    525a:	3f 93       	push	r19
    525c:	2f 93       	push	r18
    525e:	9f 93       	push	r25
    5260:	8f 93       	push	r24
    5262:	7f 93       	push	r23
    5264:	6f 93       	push	r22
    5266:	80 91 e3 60 	lds	r24, 0x60E3	; 0x8060e3 <packet+0x6>
    526a:	1f 92       	push	r1
    526c:	8f 93       	push	r24
    526e:	84 ef       	ldi	r24, 0xF4	; 244
    5270:	95 e0       	ldi	r25, 0x05	; 5
    5272:	9f 93       	push	r25
    5274:	8f 93       	push	r24
    5276:	1f 93       	push	r17
    5278:	0f 93       	push	r16
    527a:	0e 94 89 0c 	call	0x1912	; 0x1912 <Print::printf(PGM_t const*, ...) [clone .constprop.17]>
/Users/askn/Develop/UPDI4AVR-USB/src/tpi.cpp:401
        packet.out.tpi.write.bMType,
        bswap32(packet.out.tpi.write.dwAddr),
        bswap16(packet.out.tpi.write.wLength)
      );
      _rspsize = Timeout::command(&write_memory);
    527e:	40 e2       	ldi	r20, 0x20	; 32
    5280:	53 e0       	ldi	r21, 0x03	; 3
    5282:	70 e0       	ldi	r23, 0x00	; 0
    5284:	60 e0       	ldi	r22, 0x00	; 0
    5286:	8b ec       	ldi	r24, 0xCB	; 203
    5288:	99 e1       	ldi	r25, 0x19	; 25
    528a:	f6 ce       	rjmp	.-532    	; 0x5078 <main+0x170a>
jtag_scope_branch():
/Users/askn/Develop/UPDI4AVR-USB/src/jtag.cpp:432
    else if (_scope == 0x20) _rspsize = jtag_scope_edbg();          /* SCOPE_EDBG */
    528c:	f0 e2       	ldi	r31, 0x20	; 32
    528e:	ff 12       	cpse	r15, r31
    5290:	6b c0       	rjmp	.+214    	; 0x5368 <main+0x19fa>
jtag_scope_edbg():
/Users/askn/Develop/UPDI4AVR-USB/src/jtag.cpp:232

  /*** The EDBG scope provides access to the writer's hardware specifications. ***/
  /* There is no impact on operation if it is not called at all. */
  size_t jtag_scope_edbg (void) {
    size_t  _rspsize = 0;
    uint8_t _cmd     = packet.out.cmd;
    5292:	90 91 e2 60 	lds	r25, 0x60E2	; 0x8060e2 <packet+0x5>
/Users/askn/Develop/UPDI4AVR-USB/src/jtag.cpp:233
    uint8_t _section = packet.out.section;
    5296:	c0 90 e4 60 	lds	r12, 0x60E4	; 0x8060e4 <packet+0x7>
/Users/askn/Develop/UPDI4AVR-USB/src/jtag.cpp:234
    uint8_t _index   = packet.out.index;
    529a:	d0 90 e5 60 	lds	r13, 0x60E5	; 0x8060e5 <packet+0x8>
/Users/askn/Develop/UPDI4AVR-USB/src/jtag.cpp:235
    uint8_t _length  = packet.out.length;
    529e:	80 91 e6 60 	lds	r24, 0x60E6	; 0x8060e6 <packet+0x9>
/Users/askn/Develop/UPDI4AVR-USB/src/jtag.cpp:236
    if (_cmd == 0x01) {             /* CMD3_SET_PARAMETER */
    52a2:	91 30       	cpi	r25, 0x01	; 1
    52a4:	c1 f5       	brne	.+112    	; 0x5316 <main+0x19a8>
/Users/askn/Develop/UPDI4AVR-USB/src/jtag.cpp:237
      uint16_t _data = packet.out.wValue;
    52a6:	e0 90 e7 60 	lds	r14, 0x60E7	; 0x8060e7 <packet+0xa>
    52aa:	f0 90 e8 60 	lds	r15, 0x60E8	; 0x8060e8 <packet+0xb>
/Users/askn/Develop/UPDI4AVR-USB/src/jtag.cpp:238
      D1PRINTF(" AVR_SET_PARAM=%02X:%02X:%02X:%02X\r\n", _section, _index, _length, _data);
    52ae:	ff 92       	push	r15
    52b0:	ef 92       	push	r14
    52b2:	1f 92       	push	r1
    52b4:	8f 93       	push	r24
    52b6:	1f 92       	push	r1
    52b8:	df 92       	push	r13
    52ba:	1f 92       	push	r1
    52bc:	cf 92       	push	r12
    52be:	89 ee       	ldi	r24, 0xE9	; 233
    52c0:	96 e0       	ldi	r25, 0x06	; 6
    52c2:	9f 93       	push	r25
    52c4:	8f 93       	push	r24
    52c6:	1f 93       	push	r17
    52c8:	0f 93       	push	r16
    52ca:	0e 94 89 0c 	call	0x1912	; 0x1912 <Print::printf(PGM_t const*, ...) [clone .constprop.17]>
/Users/askn/Develop/UPDI4AVR-USB/src/jtag.cpp:239
      if (_section == 0) {          /* SET_GET_CTXT_CONFIG */
    52ce:	cd bf       	out	0x3d, r28	; 61
    52d0:	de bf       	out	0x3e, r29	; 62
    52d2:	c1 10       	cpse	r12, r1
    52d4:	7f cb       	rjmp	.-2306   	; 0x49d4 <main+0x1066>
/Users/askn/Develop/UPDI4AVR-USB/src/jtag.cpp:240
        if (_index == 0x10) {       /* EDBG_CONTROL_TARGET_POWER */
    52d6:	30 e1       	ldi	r19, 0x10	; 16
    52d8:	d3 12       	cpse	r13, r19
    52da:	7c cb       	rjmp	.-2312   	; 0x49d4 <main+0x1066>
/Users/askn/Develop/UPDI4AVR-USB/src/jtag.cpp:242
          /* Called with `-xvtarget_switch=0,1` HAS_VTARG_SWITCH */
          D1PRINTF(" TARGET_POWER=%02X\r\n", _data);
    52dc:	ff 92       	push	r15
    52de:	ef 92       	push	r14
    52e0:	84 ed       	ldi	r24, 0xD4	; 212
    52e2:	96 e0       	ldi	r25, 0x06	; 6
    52e4:	9f 93       	push	r25
    52e6:	8f 93       	push	r24
    52e8:	1f 93       	push	r17
    52ea:	0f 93       	push	r16
    52ec:	0e 94 89 0c 	call	0x1912	; 0x1912 <Print::printf(PGM_t const*, ...) [clone .constprop.17]>
/Users/askn/Develop/UPDI4AVR-USB/src/jtag.cpp:243
          _jtag_vpow = _data;       /* 0,1 */
    52f0:	e0 92 c0 60 	sts	0x60C0, r14	; 0x8060c0 <_jtag_vpow>
/Users/askn/Develop/UPDI4AVR-USB/src/jtag.cpp:245
  #ifdef CONFIG_PGM_VPOWER_ENABLE
          SYS::power_reset(true, false);              /* VPW off */
    52f4:	60 e0       	ldi	r22, 0x00	; 0
    52f6:	81 e0       	ldi	r24, 0x01	; 1
    52f8:	0e 94 88 16 	call	0x2d10	; 0x2d10 <SYS::power_reset(bool, bool)>
/Users/askn/Develop/UPDI4AVR-USB/src/jtag.cpp:246
          if (_data) SYS::power_reset(false, true);   /* VPW on  */
    52fc:	0f 90       	pop	r0
    52fe:	0f 90       	pop	r0
    5300:	0f 90       	pop	r0
    5302:	0f 90       	pop	r0
    5304:	0f 90       	pop	r0
    5306:	0f 90       	pop	r0
    5308:	ef 28       	or	r14, r15
    530a:	09 f4       	brne	.+2      	; 0x530e <main+0x19a0>
    530c:	63 cb       	rjmp	.-2362   	; 0x49d4 <main+0x1066>
power_reset():
    530e:	80 e0       	ldi	r24, 0x00	; 0
    5310:	0e 94 67 16 	call	0x2cce	; 0x2cce <SYS::power_reset(bool, bool) [clone .part.5]>
    5314:	5f cb       	rjmp	.-2370   	; 0x49d4 <main+0x1066>
jtag_scope_edbg():
/Users/askn/Develop/UPDI4AVR-USB/src/jtag.cpp:252
  #endif
        }
      }
      packet.in.res = 0x80;         /* RSP3_OK */
    }
    else if (_cmd == 0x02) {        /* CMD3_GET_PARAMETER */
    5316:	92 30       	cpi	r25, 0x02	; 2
    5318:	09 f0       	breq	.+2      	; 0x531c <main+0x19ae>
    531a:	96 ca       	rjmp	.-2772   	; 0x4848 <main+0xeda>
/Users/askn/Develop/UPDI4AVR-USB/src/jtag.cpp:253
      D1PRINTF(" AVR_GET_PARAM=%02X:%02X:%02X\r\n", _section, _index, _length);
    531c:	e8 2e       	mov	r14, r24
    531e:	f1 2c       	mov	r15, r1
    5320:	1f 92       	push	r1
    5322:	8f 93       	push	r24
    5324:	1f 92       	push	r1
    5326:	df 92       	push	r13
    5328:	1f 92       	push	r1
    532a:	cf 92       	push	r12
    532c:	84 eb       	ldi	r24, 0xB4	; 180
    532e:	96 e0       	ldi	r25, 0x06	; 6
    5330:	9f 93       	push	r25
    5332:	8f 93       	push	r24
    5334:	1f 93       	push	r17
    5336:	0f 93       	push	r16
    5338:	0e 94 89 0c 	call	0x1912	; 0x1912 <Print::printf(PGM_t const*, ...) [clone .constprop.17]>
/Users/askn/Develop/UPDI4AVR-USB/src/jtag.cpp:254
      if (_section == 0) {          /* SET_GET_CTXT_CONFIG */
    533c:	cd bf       	out	0x3d, r28	; 61
    533e:	de bf       	out	0x3e, r29	; 62
    5340:	c1 10       	cpse	r12, r1
    5342:	b3 c9       	rjmp	.-3226   	; 0x46aa <main+0xd3c>
/Users/askn/Develop/UPDI4AVR-USB/src/jtag.cpp:255
        if (_index == 0x10) {       /* EDBG_CONTROL_TARGET_POWER */
    5344:	90 e1       	ldi	r25, 0x10	; 16
    5346:	d9 12       	cpse	r13, r25
    5348:	b0 c9       	rjmp	.-3232   	; 0x46aa <main+0xd3c>
/Users/askn/Develop/UPDI4AVR-USB/src/jtag.cpp:257
          /* Called with `-xvtarget_switch` HAS_VTARG_SWITCH */
          D1PRINTF(" TARGET_POWER=%02X\r\n", _jtag_vpow);
    534a:	80 91 c0 60 	lds	r24, 0x60C0	; 0x8060c0 <_jtag_vpow>
    534e:	1f 92       	push	r1
    5350:	8f 93       	push	r24
    5352:	8f e9       	ldi	r24, 0x9F	; 159
    5354:	96 e0       	ldi	r25, 0x06	; 6
    5356:	9f 93       	push	r25
    5358:	8f 93       	push	r24
    535a:	1f 93       	push	r17
    535c:	0f 93       	push	r16
    535e:	0e 94 89 0c 	call	0x1912	; 0x1912 <Print::printf(PGM_t const*, ...) [clone .constprop.17]>
/Users/askn/Develop/UPDI4AVR-USB/src/jtag.cpp:258
          packet.in.data[0] = _jtag_vpow;
    5362:	80 91 c0 60 	lds	r24, 0x60C0	; 0x8060c0 <_jtag_vpow>
    5366:	98 cb       	rjmp	.-2256   	; 0x4a98 <main+0x112a>
jtag_scope_branch():
/Users/askn/Develop/UPDI4AVR-USB/src/jtag.cpp:433
    else if (_scope == 0x13) _rspsize = AVR32::jtag_scope_avr32();  /* SCOPE_AVR32 */
  #endif
    else if (_scope == 0x12) _rspsize = jtag_scope_avr_core();      /* SCOPE_AVR */
    else if (_scope == 0x14) _rspsize = TPI::jtag_scope_tpi();      /* SCOPE_AVR_TPI */
    else if (_scope == 0x20) _rspsize = jtag_scope_edbg();          /* SCOPE_EDBG */
    else    { D1PRINTF(" ?:SCOPE=%02X\r\n", _scope); }
    5368:	1f 92       	push	r1
    536a:	ff 92       	push	r15
    536c:	8e e0       	ldi	r24, 0x0E	; 14
    536e:	97 e0       	ldi	r25, 0x07	; 7
    5370:	9f 93       	push	r25
    5372:	8f 93       	push	r24
    5374:	1f 93       	push	r17
    5376:	0f 93       	push	r16
    5378:	0e 94 89 0c 	call	0x1912	; 0x1912 <Print::printf(PGM_t const*, ...) [clone .constprop.17]>
    537c:	4e ce       	rjmp	.-868    	; 0x501a <main+0x16ac>

0000537e <setjmp>:
setjmp():
    537e:	dc 01       	movw	r26, r24
    5380:	2d 92       	st	X+, r2
    5382:	3d 92       	st	X+, r3
    5384:	4d 92       	st	X+, r4
    5386:	5d 92       	st	X+, r5
    5388:	6d 92       	st	X+, r6
    538a:	7d 92       	st	X+, r7
    538c:	8d 92       	st	X+, r8
    538e:	9d 92       	st	X+, r9
    5390:	ad 92       	st	X+, r10
    5392:	bd 92       	st	X+, r11
    5394:	cd 92       	st	X+, r12
    5396:	dd 92       	st	X+, r13
    5398:	ed 92       	st	X+, r14
    539a:	fd 92       	st	X+, r15
    539c:	0d 93       	st	X+, r16
    539e:	1d 93       	st	X+, r17
    53a0:	cd 93       	st	X+, r28
    53a2:	dd 93       	st	X+, r29
    53a4:	ff 91       	pop	r31
    53a6:	ef 91       	pop	r30
    53a8:	8d b7       	in	r24, 0x3d	; 61
    53aa:	8d 93       	st	X+, r24
    53ac:	8e b7       	in	r24, 0x3e	; 62
    53ae:	8d 93       	st	X+, r24
    53b0:	8f b7       	in	r24, 0x3f	; 63
    53b2:	8d 93       	st	X+, r24
    53b4:	ed 93       	st	X+, r30
    53b6:	fd 93       	st	X+, r31
    53b8:	88 27       	eor	r24, r24
    53ba:	99 27       	eor	r25, r25
    53bc:	09 94       	ijmp

000053be <longjmp>:
longjmp():
    53be:	dc 01       	movw	r26, r24
    53c0:	cb 01       	movw	r24, r22
    53c2:	81 30       	cpi	r24, 0x01	; 1
    53c4:	91 05       	cpc	r25, r1
    53c6:	81 1d       	adc	r24, r1
    53c8:	2d 90       	ld	r2, X+
    53ca:	3d 90       	ld	r3, X+
    53cc:	4d 90       	ld	r4, X+
    53ce:	5d 90       	ld	r5, X+
    53d0:	6d 90       	ld	r6, X+
    53d2:	7d 90       	ld	r7, X+
    53d4:	8d 90       	ld	r8, X+
    53d6:	9d 90       	ld	r9, X+
    53d8:	ad 90       	ld	r10, X+
    53da:	bd 90       	ld	r11, X+
    53dc:	cd 90       	ld	r12, X+
    53de:	dd 90       	ld	r13, X+
    53e0:	ed 90       	ld	r14, X+
    53e2:	fd 90       	ld	r15, X+
    53e4:	0d 91       	ld	r16, X+
    53e6:	1d 91       	ld	r17, X+
    53e8:	cd 91       	ld	r28, X+
    53ea:	dd 91       	ld	r29, X+
    53ec:	ed 91       	ld	r30, X+
    53ee:	fd 91       	ld	r31, X+
    53f0:	0d 90       	ld	r0, X+
    53f2:	0f be       	out	0x3f, r0	; 63
    53f4:	ed bf       	out	0x3d, r30	; 61
    53f6:	fe bf       	out	0x3e, r31	; 62
    53f8:	ed 91       	ld	r30, X+
    53fa:	fd 91       	ld	r31, X+
    53fc:	09 94       	ijmp

000053fe <memcpy_P>:
memcpy_P():
    53fe:	fb 01       	movw	r30, r22
    5400:	dc 01       	movw	r26, r24
    5402:	02 c0       	rjmp	.+4      	; 0x5408 <memcpy_P+0xa>
    5404:	05 90       	lpm	r0, Z+
    5406:	0d 92       	st	X+, r0
    5408:	41 50       	subi	r20, 0x01	; 1
    540a:	50 40       	sbci	r21, 0x00	; 0
    540c:	d8 f7       	brcc	.-10     	; 0x5404 <memcpy_P+0x6>
    540e:	08 95       	ret

00005410 <vfprintf_P>:
vfprintf_P():
    5410:	cf 93       	push	r28
    5412:	df 93       	push	r29
    5414:	ec 01       	movw	r28, r24
    5416:	8b 81       	ldd	r24, Y+3	; 0x03
    5418:	88 60       	ori	r24, 0x08	; 8
    541a:	8b 83       	std	Y+3, r24	; 0x03
    541c:	ce 01       	movw	r24, r28
    541e:	06 d0       	rcall	.+12     	; 0x542c <vfprintf>
    5420:	2b 81       	ldd	r18, Y+3	; 0x03
    5422:	27 7f       	andi	r18, 0xF7	; 247
    5424:	2b 83       	std	Y+3, r18	; 0x03
    5426:	df 91       	pop	r29
    5428:	cf 91       	pop	r28
    542a:	08 95       	ret

0000542c <vfprintf>:
vfprintf():
    542c:	ab e0       	ldi	r26, 0x0B	; 11
    542e:	b0 e0       	ldi	r27, 0x00	; 0
    5430:	eb e1       	ldi	r30, 0x1B	; 27
    5432:	fa e2       	ldi	r31, 0x2A	; 42
    5434:	6a c2       	rjmp	.+1236   	; 0x590a <__prologue_saves__>
    5436:	7c 01       	movw	r14, r24
    5438:	3b 01       	movw	r6, r22
    543a:	8a 01       	movw	r16, r20
    543c:	fc 01       	movw	r30, r24
    543e:	16 82       	std	Z+6, r1	; 0x06
    5440:	17 82       	std	Z+7, r1	; 0x07
    5442:	83 81       	ldd	r24, Z+3	; 0x03
    5444:	81 ff       	sbrs	r24, 1
    5446:	ba c1       	rjmp	.+884    	; 0x57bc <vfprintf+0x390>
    5448:	ce 01       	movw	r24, r28
    544a:	01 96       	adiw	r24, 0x01	; 1
    544c:	5c 01       	movw	r10, r24
    544e:	f7 01       	movw	r30, r14
    5450:	93 81       	ldd	r25, Z+3	; 0x03
    5452:	f3 01       	movw	r30, r6
    5454:	93 fd       	sbrc	r25, 3
    5456:	85 91       	lpm	r24, Z+
    5458:	93 ff       	sbrs	r25, 3
    545a:	81 91       	ld	r24, Z+
    545c:	3f 01       	movw	r6, r30
    545e:	88 23       	and	r24, r24
    5460:	09 f4       	brne	.+2      	; 0x5464 <vfprintf+0x38>
    5462:	49 c1       	rjmp	.+658    	; 0x56f6 <vfprintf+0x2ca>
    5464:	85 32       	cpi	r24, 0x25	; 37
    5466:	39 f4       	brne	.+14     	; 0x5476 <vfprintf+0x4a>
    5468:	93 fd       	sbrc	r25, 3
    546a:	85 91       	lpm	r24, Z+
    546c:	93 ff       	sbrs	r25, 3
    546e:	81 91       	ld	r24, Z+
    5470:	3f 01       	movw	r6, r30
    5472:	85 32       	cpi	r24, 0x25	; 37
    5474:	21 f4       	brne	.+8      	; 0x547e <vfprintf+0x52>
    5476:	b7 01       	movw	r22, r14
    5478:	90 e0       	ldi	r25, 0x00	; 0
    547a:	b9 d1       	rcall	.+882    	; 0x57ee <fputc>
    547c:	e8 cf       	rjmp	.-48     	; 0x544e <vfprintf+0x22>
    547e:	91 2c       	mov	r9, r1
    5480:	21 2c       	mov	r2, r1
    5482:	31 2c       	mov	r3, r1
    5484:	ff e1       	ldi	r31, 0x1F	; 31
    5486:	f3 15       	cp	r31, r3
    5488:	38 f0       	brcs	.+14     	; 0x5498 <vfprintf+0x6c>
    548a:	8b 32       	cpi	r24, 0x2B	; 43
    548c:	11 f1       	breq	.+68     	; 0x54d2 <vfprintf+0xa6>
    548e:	90 f4       	brcc	.+36     	; 0x54b4 <vfprintf+0x88>
    5490:	80 32       	cpi	r24, 0x20	; 32
    5492:	09 f1       	breq	.+66     	; 0x54d6 <vfprintf+0xaa>
    5494:	83 32       	cpi	r24, 0x23	; 35
    5496:	29 f1       	breq	.+74     	; 0x54e2 <vfprintf+0xb6>
    5498:	37 fc       	sbrc	r3, 7
    549a:	3c c0       	rjmp	.+120    	; 0x5514 <vfprintf+0xe8>
    549c:	20 ed       	ldi	r18, 0xD0	; 208
    549e:	28 0f       	add	r18, r24
    54a0:	2a 30       	cpi	r18, 0x0A	; 10
    54a2:	50 f5       	brcc	.+84     	; 0x54f8 <vfprintf+0xcc>
    54a4:	36 fe       	sbrs	r3, 6
    54a6:	20 c0       	rjmp	.+64     	; 0x54e8 <vfprintf+0xbc>
    54a8:	8a e0       	ldi	r24, 0x0A	; 10
    54aa:	98 9e       	mul	r9, r24
    54ac:	20 0d       	add	r18, r0
    54ae:	11 24       	eor	r1, r1
    54b0:	92 2e       	mov	r9, r18
    54b2:	06 c0       	rjmp	.+12     	; 0x54c0 <vfprintf+0x94>
    54b4:	8d 32       	cpi	r24, 0x2D	; 45
    54b6:	91 f0       	breq	.+36     	; 0x54dc <vfprintf+0xb0>
    54b8:	80 33       	cpi	r24, 0x30	; 48
    54ba:	71 f7       	brne	.-36     	; 0x5498 <vfprintf+0x6c>
    54bc:	68 94       	set
    54be:	30 f8       	bld	r3, 0
    54c0:	f3 01       	movw	r30, r6
    54c2:	93 fd       	sbrc	r25, 3
    54c4:	85 91       	lpm	r24, Z+
    54c6:	93 ff       	sbrs	r25, 3
    54c8:	81 91       	ld	r24, Z+
    54ca:	3f 01       	movw	r6, r30
    54cc:	81 11       	cpse	r24, r1
    54ce:	da cf       	rjmp	.-76     	; 0x5484 <vfprintf+0x58>
    54d0:	21 c0       	rjmp	.+66     	; 0x5514 <vfprintf+0xe8>
    54d2:	68 94       	set
    54d4:	31 f8       	bld	r3, 1
    54d6:	68 94       	set
    54d8:	32 f8       	bld	r3, 2
    54da:	f2 cf       	rjmp	.-28     	; 0x54c0 <vfprintf+0x94>
    54dc:	68 94       	set
    54de:	33 f8       	bld	r3, 3
    54e0:	ef cf       	rjmp	.-34     	; 0x54c0 <vfprintf+0x94>
    54e2:	68 94       	set
    54e4:	34 f8       	bld	r3, 4
    54e6:	ec cf       	rjmp	.-40     	; 0x54c0 <vfprintf+0x94>
    54e8:	ea e0       	ldi	r30, 0x0A	; 10
    54ea:	2e 9e       	mul	r2, r30
    54ec:	20 0d       	add	r18, r0
    54ee:	11 24       	eor	r1, r1
    54f0:	22 2e       	mov	r2, r18
    54f2:	68 94       	set
    54f4:	35 f8       	bld	r3, 5
    54f6:	e4 cf       	rjmp	.-56     	; 0x54c0 <vfprintf+0x94>
    54f8:	8e 32       	cpi	r24, 0x2E	; 46
    54fa:	29 f4       	brne	.+10     	; 0x5506 <vfprintf+0xda>
    54fc:	36 fc       	sbrc	r3, 6
    54fe:	fb c0       	rjmp	.+502    	; 0x56f6 <vfprintf+0x2ca>
    5500:	68 94       	set
    5502:	36 f8       	bld	r3, 6
    5504:	dd cf       	rjmp	.-70     	; 0x54c0 <vfprintf+0x94>
    5506:	8c 36       	cpi	r24, 0x6C	; 108
    5508:	19 f4       	brne	.+6      	; 0x5510 <vfprintf+0xe4>
    550a:	68 94       	set
    550c:	37 f8       	bld	r3, 7
    550e:	d8 cf       	rjmp	.-80     	; 0x54c0 <vfprintf+0x94>
    5510:	88 36       	cpi	r24, 0x68	; 104
    5512:	b1 f2       	breq	.-84     	; 0x54c0 <vfprintf+0x94>
    5514:	98 2f       	mov	r25, r24
    5516:	9f 7d       	andi	r25, 0xDF	; 223
    5518:	95 54       	subi	r25, 0x45	; 69
    551a:	93 30       	cpi	r25, 0x03	; 3
    551c:	d8 f0       	brcs	.+54     	; 0x5554 <vfprintf+0x128>
    551e:	83 36       	cpi	r24, 0x63	; 99
    5520:	91 f1       	breq	.+100    	; 0x5586 <vfprintf+0x15a>
    5522:	83 37       	cpi	r24, 0x73	; 115
    5524:	b1 f1       	breq	.+108    	; 0x5592 <vfprintf+0x166>
    5526:	83 35       	cpi	r24, 0x53	; 83
    5528:	09 f0       	breq	.+2      	; 0x552c <vfprintf+0x100>
    552a:	5e c0       	rjmp	.+188    	; 0x55e8 <vfprintf+0x1bc>
    552c:	28 01       	movw	r4, r16
    552e:	f2 e0       	ldi	r31, 0x02	; 2
    5530:	4f 0e       	add	r4, r31
    5532:	51 1c       	adc	r5, r1
    5534:	f8 01       	movw	r30, r16
    5536:	c0 80       	ld	r12, Z
    5538:	d1 80       	ldd	r13, Z+1	; 0x01
    553a:	69 2d       	mov	r22, r9
    553c:	70 e0       	ldi	r23, 0x00	; 0
    553e:	36 fc       	sbrc	r3, 6
    5540:	02 c0       	rjmp	.+4      	; 0x5546 <vfprintf+0x11a>
    5542:	6f ef       	ldi	r22, 0xFF	; 255
    5544:	7f ef       	ldi	r23, 0xFF	; 255
    5546:	c6 01       	movw	r24, r12
    5548:	3c d1       	rcall	.+632    	; 0x57c2 <strnlen_P>
    554a:	4c 01       	movw	r8, r24
    554c:	68 94       	set
    554e:	37 f8       	bld	r3, 7
    5550:	82 01       	movw	r16, r4
    5552:	0a c0       	rjmp	.+20     	; 0x5568 <vfprintf+0x13c>
    5554:	0c 5f       	subi	r16, 0xFC	; 252
    5556:	1f 4f       	sbci	r17, 0xFF	; 255
    5558:	ff e3       	ldi	r31, 0x3F	; 63
    555a:	f9 83       	std	Y+1, r31	; 0x01
    555c:	88 24       	eor	r8, r8
    555e:	83 94       	inc	r8
    5560:	91 2c       	mov	r9, r1
    5562:	65 01       	movw	r12, r10
    5564:	e8 94       	clt
    5566:	37 f8       	bld	r3, 7
    5568:	33 fe       	sbrs	r3, 3
    556a:	2a c0       	rjmp	.+84     	; 0x55c0 <vfprintf+0x194>
    556c:	52 2c       	mov	r5, r2
    556e:	81 14       	cp	r8, r1
    5570:	91 04       	cpc	r9, r1
    5572:	59 f5       	brne	.+86     	; 0x55ca <vfprintf+0x19e>
    5574:	55 20       	and	r5, r5
    5576:	09 f4       	brne	.+2      	; 0x557a <vfprintf+0x14e>
    5578:	6a cf       	rjmp	.-300    	; 0x544e <vfprintf+0x22>
    557a:	b7 01       	movw	r22, r14
    557c:	80 e2       	ldi	r24, 0x20	; 32
    557e:	90 e0       	ldi	r25, 0x00	; 0
    5580:	36 d1       	rcall	.+620    	; 0x57ee <fputc>
    5582:	5a 94       	dec	r5
    5584:	f7 cf       	rjmp	.-18     	; 0x5574 <vfprintf+0x148>
    5586:	f8 01       	movw	r30, r16
    5588:	80 81       	ld	r24, Z
    558a:	89 83       	std	Y+1, r24	; 0x01
    558c:	0e 5f       	subi	r16, 0xFE	; 254
    558e:	1f 4f       	sbci	r17, 0xFF	; 255
    5590:	e5 cf       	rjmp	.-54     	; 0x555c <vfprintf+0x130>
    5592:	28 01       	movw	r4, r16
    5594:	f2 e0       	ldi	r31, 0x02	; 2
    5596:	4f 0e       	add	r4, r31
    5598:	51 1c       	adc	r5, r1
    559a:	f8 01       	movw	r30, r16
    559c:	c0 80       	ld	r12, Z
    559e:	d1 80       	ldd	r13, Z+1	; 0x01
    55a0:	69 2d       	mov	r22, r9
    55a2:	70 e0       	ldi	r23, 0x00	; 0
    55a4:	36 fc       	sbrc	r3, 6
    55a6:	02 c0       	rjmp	.+4      	; 0x55ac <vfprintf+0x180>
    55a8:	6f ef       	ldi	r22, 0xFF	; 255
    55aa:	7f ef       	ldi	r23, 0xFF	; 255
    55ac:	c6 01       	movw	r24, r12
    55ae:	14 d1       	rcall	.+552    	; 0x57d8 <strnlen>
    55b0:	4c 01       	movw	r8, r24
    55b2:	82 01       	movw	r16, r4
    55b4:	d7 cf       	rjmp	.-82     	; 0x5564 <vfprintf+0x138>
    55b6:	b7 01       	movw	r22, r14
    55b8:	80 e2       	ldi	r24, 0x20	; 32
    55ba:	90 e0       	ldi	r25, 0x00	; 0
    55bc:	18 d1       	rcall	.+560    	; 0x57ee <fputc>
    55be:	2a 94       	dec	r2
    55c0:	28 14       	cp	r2, r8
    55c2:	19 04       	cpc	r1, r9
    55c4:	09 f0       	breq	.+2      	; 0x55c8 <vfprintf+0x19c>
    55c6:	b8 f7       	brcc	.-18     	; 0x55b6 <vfprintf+0x18a>
    55c8:	d1 cf       	rjmp	.-94     	; 0x556c <vfprintf+0x140>
    55ca:	f6 01       	movw	r30, r12
    55cc:	37 fc       	sbrc	r3, 7
    55ce:	85 91       	lpm	r24, Z+
    55d0:	37 fe       	sbrs	r3, 7
    55d2:	81 91       	ld	r24, Z+
    55d4:	6f 01       	movw	r12, r30
    55d6:	b7 01       	movw	r22, r14
    55d8:	90 e0       	ldi	r25, 0x00	; 0
    55da:	09 d1       	rcall	.+530    	; 0x57ee <fputc>
    55dc:	51 10       	cpse	r5, r1
    55de:	5a 94       	dec	r5
    55e0:	f1 e0       	ldi	r31, 0x01	; 1
    55e2:	8f 1a       	sub	r8, r31
    55e4:	91 08       	sbc	r9, r1
    55e6:	c3 cf       	rjmp	.-122    	; 0x556e <vfprintf+0x142>
    55e8:	84 36       	cpi	r24, 0x64	; 100
    55ea:	19 f0       	breq	.+6      	; 0x55f2 <vfprintf+0x1c6>
    55ec:	89 36       	cpi	r24, 0x69	; 105
    55ee:	09 f0       	breq	.+2      	; 0x55f2 <vfprintf+0x1c6>
    55f0:	73 c0       	rjmp	.+230    	; 0x56d8 <vfprintf+0x2ac>
    55f2:	f8 01       	movw	r30, r16
    55f4:	37 fe       	sbrs	r3, 7
    55f6:	67 c0       	rjmp	.+206    	; 0x56c6 <vfprintf+0x29a>
    55f8:	60 81       	ld	r22, Z
    55fa:	71 81       	ldd	r23, Z+1	; 0x01
    55fc:	82 81       	ldd	r24, Z+2	; 0x02
    55fe:	93 81       	ldd	r25, Z+3	; 0x03
    5600:	0c 5f       	subi	r16, 0xFC	; 252
    5602:	1f 4f       	sbci	r17, 0xFF	; 255
    5604:	f3 2d       	mov	r31, r3
    5606:	ff 76       	andi	r31, 0x6F	; 111
    5608:	3f 2e       	mov	r3, r31
    560a:	97 ff       	sbrs	r25, 7
    560c:	09 c0       	rjmp	.+18     	; 0x5620 <vfprintf+0x1f4>
    560e:	90 95       	com	r25
    5610:	80 95       	com	r24
    5612:	70 95       	com	r23
    5614:	61 95       	neg	r22
    5616:	7f 4f       	sbci	r23, 0xFF	; 255
    5618:	8f 4f       	sbci	r24, 0xFF	; 255
    561a:	9f 4f       	sbci	r25, 0xFF	; 255
    561c:	68 94       	set
    561e:	37 f8       	bld	r3, 7
    5620:	2a e0       	ldi	r18, 0x0A	; 10
    5622:	30 e0       	ldi	r19, 0x00	; 0
    5624:	a5 01       	movw	r20, r10
    5626:	13 d1       	rcall	.+550    	; 0x584e <__ultoa_invert>
    5628:	c8 2e       	mov	r12, r24
    562a:	ca 18       	sub	r12, r10
    562c:	8c 2c       	mov	r8, r12
    562e:	43 2c       	mov	r4, r3
    5630:	36 fe       	sbrs	r3, 6
    5632:	0c c0       	rjmp	.+24     	; 0x564c <vfprintf+0x220>
    5634:	e8 94       	clt
    5636:	40 f8       	bld	r4, 0
    5638:	c9 14       	cp	r12, r9
    563a:	40 f4       	brcc	.+16     	; 0x564c <vfprintf+0x220>
    563c:	34 fe       	sbrs	r3, 4
    563e:	05 c0       	rjmp	.+10     	; 0x564a <vfprintf+0x21e>
    5640:	32 fc       	sbrc	r3, 2
    5642:	03 c0       	rjmp	.+6      	; 0x564a <vfprintf+0x21e>
    5644:	f3 2d       	mov	r31, r3
    5646:	fe 7e       	andi	r31, 0xEE	; 238
    5648:	4f 2e       	mov	r4, r31
    564a:	89 2c       	mov	r8, r9
    564c:	44 fe       	sbrs	r4, 4
    564e:	90 c0       	rjmp	.+288    	; 0x5770 <vfprintf+0x344>
    5650:	fe 01       	movw	r30, r28
    5652:	ec 0d       	add	r30, r12
    5654:	f1 1d       	adc	r31, r1
    5656:	80 81       	ld	r24, Z
    5658:	80 33       	cpi	r24, 0x30	; 48
    565a:	09 f0       	breq	.+2      	; 0x565e <vfprintf+0x232>
    565c:	82 c0       	rjmp	.+260    	; 0x5762 <vfprintf+0x336>
    565e:	24 2d       	mov	r18, r4
    5660:	29 7e       	andi	r18, 0xE9	; 233
    5662:	42 2e       	mov	r4, r18
    5664:	84 2d       	mov	r24, r4
    5666:	88 70       	andi	r24, 0x08	; 8
    5668:	58 2e       	mov	r5, r24
    566a:	43 fc       	sbrc	r4, 3
    566c:	8f c0       	rjmp	.+286    	; 0x578c <vfprintf+0x360>
    566e:	40 fe       	sbrs	r4, 0
    5670:	89 c0       	rjmp	.+274    	; 0x5784 <vfprintf+0x358>
    5672:	9c 2c       	mov	r9, r12
    5674:	82 14       	cp	r8, r2
    5676:	18 f4       	brcc	.+6      	; 0x567e <vfprintf+0x252>
    5678:	2c 0c       	add	r2, r12
    567a:	92 2c       	mov	r9, r2
    567c:	98 18       	sub	r9, r8
    567e:	44 fe       	sbrs	r4, 4
    5680:	8b c0       	rjmp	.+278    	; 0x5798 <vfprintf+0x36c>
    5682:	b7 01       	movw	r22, r14
    5684:	80 e3       	ldi	r24, 0x30	; 48
    5686:	90 e0       	ldi	r25, 0x00	; 0
    5688:	b2 d0       	rcall	.+356    	; 0x57ee <fputc>
    568a:	42 fe       	sbrs	r4, 2
    568c:	08 c0       	rjmp	.+16     	; 0x569e <vfprintf+0x272>
    568e:	88 e7       	ldi	r24, 0x78	; 120
    5690:	90 e0       	ldi	r25, 0x00	; 0
    5692:	41 fe       	sbrs	r4, 1
    5694:	02 c0       	rjmp	.+4      	; 0x569a <vfprintf+0x26e>
    5696:	88 e5       	ldi	r24, 0x58	; 88
    5698:	90 e0       	ldi	r25, 0x00	; 0
    569a:	b7 01       	movw	r22, r14
    569c:	a8 d0       	rcall	.+336    	; 0x57ee <fputc>
    569e:	c9 14       	cp	r12, r9
    56a0:	08 f4       	brcc	.+2      	; 0x56a4 <vfprintf+0x278>
    56a2:	86 c0       	rjmp	.+268    	; 0x57b0 <vfprintf+0x384>
    56a4:	ca 94       	dec	r12
    56a6:	d1 2c       	mov	r13, r1
    56a8:	9f ef       	ldi	r25, 0xFF	; 255
    56aa:	c9 1a       	sub	r12, r25
    56ac:	d9 0a       	sbc	r13, r25
    56ae:	ca 0c       	add	r12, r10
    56b0:	db 1c       	adc	r13, r11
    56b2:	f6 01       	movw	r30, r12
    56b4:	82 91       	ld	r24, -Z
    56b6:	6f 01       	movw	r12, r30
    56b8:	b7 01       	movw	r22, r14
    56ba:	90 e0       	ldi	r25, 0x00	; 0
    56bc:	98 d0       	rcall	.+304    	; 0x57ee <fputc>
    56be:	ac 14       	cp	r10, r12
    56c0:	bd 04       	cpc	r11, r13
    56c2:	b9 f7       	brne	.-18     	; 0x56b2 <vfprintf+0x286>
    56c4:	57 cf       	rjmp	.-338    	; 0x5574 <vfprintf+0x148>
    56c6:	60 81       	ld	r22, Z
    56c8:	71 81       	ldd	r23, Z+1	; 0x01
    56ca:	07 2e       	mov	r0, r23
    56cc:	00 0c       	add	r0, r0
    56ce:	88 0b       	sbc	r24, r24
    56d0:	99 0b       	sbc	r25, r25
    56d2:	0e 5f       	subi	r16, 0xFE	; 254
    56d4:	1f 4f       	sbci	r17, 0xFF	; 255
    56d6:	96 cf       	rjmp	.-212    	; 0x5604 <vfprintf+0x1d8>
    56d8:	d3 2c       	mov	r13, r3
    56da:	e8 94       	clt
    56dc:	d4 f8       	bld	r13, 4
    56de:	2a e0       	ldi	r18, 0x0A	; 10
    56e0:	30 e0       	ldi	r19, 0x00	; 0
    56e2:	85 37       	cpi	r24, 0x75	; 117
    56e4:	31 f1       	breq	.+76     	; 0x5732 <vfprintf+0x306>
    56e6:	23 2d       	mov	r18, r3
    56e8:	29 7f       	andi	r18, 0xF9	; 249
    56ea:	d2 2e       	mov	r13, r18
    56ec:	8f 36       	cpi	r24, 0x6F	; 111
    56ee:	f9 f0       	breq	.+62     	; 0x572e <vfprintf+0x302>
    56f0:	40 f4       	brcc	.+16     	; 0x5702 <vfprintf+0x2d6>
    56f2:	88 35       	cpi	r24, 0x58	; 88
    56f4:	a1 f0       	breq	.+40     	; 0x571e <vfprintf+0x2f2>
    56f6:	f7 01       	movw	r30, r14
    56f8:	86 81       	ldd	r24, Z+6	; 0x06
    56fa:	97 81       	ldd	r25, Z+7	; 0x07
    56fc:	2b 96       	adiw	r28, 0x0b	; 11
    56fe:	e2 e1       	ldi	r30, 0x12	; 18
    5700:	1d c1       	rjmp	.+570    	; 0x593c <__epilogue_restores__>
    5702:	80 37       	cpi	r24, 0x70	; 112
    5704:	49 f0       	breq	.+18     	; 0x5718 <vfprintf+0x2ec>
    5706:	88 37       	cpi	r24, 0x78	; 120
    5708:	b1 f7       	brne	.-20     	; 0x56f6 <vfprintf+0x2ca>
    570a:	d4 fe       	sbrs	r13, 4
    570c:	02 c0       	rjmp	.+4      	; 0x5712 <vfprintf+0x2e6>
    570e:	68 94       	set
    5710:	d2 f8       	bld	r13, 2
    5712:	20 e1       	ldi	r18, 0x10	; 16
    5714:	30 e0       	ldi	r19, 0x00	; 0
    5716:	0d c0       	rjmp	.+26     	; 0x5732 <vfprintf+0x306>
    5718:	68 94       	set
    571a:	d4 f8       	bld	r13, 4
    571c:	f6 cf       	rjmp	.-20     	; 0x570a <vfprintf+0x2de>
    571e:	34 fe       	sbrs	r3, 4
    5720:	03 c0       	rjmp	.+6      	; 0x5728 <vfprintf+0x2fc>
    5722:	82 2f       	mov	r24, r18
    5724:	86 60       	ori	r24, 0x06	; 6
    5726:	d8 2e       	mov	r13, r24
    5728:	20 e1       	ldi	r18, 0x10	; 16
    572a:	32 e0       	ldi	r19, 0x02	; 2
    572c:	02 c0       	rjmp	.+4      	; 0x5732 <vfprintf+0x306>
    572e:	28 e0       	ldi	r18, 0x08	; 8
    5730:	30 e0       	ldi	r19, 0x00	; 0
    5732:	f8 01       	movw	r30, r16
    5734:	d7 fe       	sbrs	r13, 7
    5736:	0e c0       	rjmp	.+28     	; 0x5754 <vfprintf+0x328>
    5738:	60 81       	ld	r22, Z
    573a:	71 81       	ldd	r23, Z+1	; 0x01
    573c:	82 81       	ldd	r24, Z+2	; 0x02
    573e:	93 81       	ldd	r25, Z+3	; 0x03
    5740:	0c 5f       	subi	r16, 0xFC	; 252
    5742:	1f 4f       	sbci	r17, 0xFF	; 255
    5744:	a5 01       	movw	r20, r10
    5746:	83 d0       	rcall	.+262    	; 0x584e <__ultoa_invert>
    5748:	c8 2e       	mov	r12, r24
    574a:	ca 18       	sub	r12, r10
    574c:	3d 2c       	mov	r3, r13
    574e:	e8 94       	clt
    5750:	37 f8       	bld	r3, 7
    5752:	6c cf       	rjmp	.-296    	; 0x562c <vfprintf+0x200>
    5754:	60 81       	ld	r22, Z
    5756:	71 81       	ldd	r23, Z+1	; 0x01
    5758:	90 e0       	ldi	r25, 0x00	; 0
    575a:	80 e0       	ldi	r24, 0x00	; 0
    575c:	0e 5f       	subi	r16, 0xFE	; 254
    575e:	1f 4f       	sbci	r17, 0xFF	; 255
    5760:	f1 cf       	rjmp	.-30     	; 0x5744 <vfprintf+0x318>
    5762:	42 fc       	sbrc	r4, 2
    5764:	02 c0       	rjmp	.+4      	; 0x576a <vfprintf+0x33e>
    5766:	83 94       	inc	r8
    5768:	7d cf       	rjmp	.-262    	; 0x5664 <vfprintf+0x238>
    576a:	83 94       	inc	r8
    576c:	83 94       	inc	r8
    576e:	7a cf       	rjmp	.-268    	; 0x5664 <vfprintf+0x238>
    5770:	84 2d       	mov	r24, r4
    5772:	86 78       	andi	r24, 0x86	; 134
    5774:	09 f4       	brne	.+2      	; 0x5778 <vfprintf+0x34c>
    5776:	76 cf       	rjmp	.-276    	; 0x5664 <vfprintf+0x238>
    5778:	f6 cf       	rjmp	.-20     	; 0x5766 <vfprintf+0x33a>
    577a:	b7 01       	movw	r22, r14
    577c:	80 e2       	ldi	r24, 0x20	; 32
    577e:	90 e0       	ldi	r25, 0x00	; 0
    5780:	36 d0       	rcall	.+108    	; 0x57ee <fputc>
    5782:	83 94       	inc	r8
    5784:	82 14       	cp	r8, r2
    5786:	c8 f3       	brcs	.-14     	; 0x577a <vfprintf+0x34e>
    5788:	51 2c       	mov	r5, r1
    578a:	79 cf       	rjmp	.-270    	; 0x567e <vfprintf+0x252>
    578c:	52 2c       	mov	r5, r2
    578e:	58 18       	sub	r5, r8
    5790:	82 14       	cp	r8, r2
    5792:	08 f4       	brcc	.+2      	; 0x5796 <vfprintf+0x36a>
    5794:	74 cf       	rjmp	.-280    	; 0x567e <vfprintf+0x252>
    5796:	f8 cf       	rjmp	.-16     	; 0x5788 <vfprintf+0x35c>
    5798:	84 2d       	mov	r24, r4
    579a:	86 78       	andi	r24, 0x86	; 134
    579c:	09 f4       	brne	.+2      	; 0x57a0 <vfprintf+0x374>
    579e:	7f cf       	rjmp	.-258    	; 0x569e <vfprintf+0x272>
    57a0:	8b e2       	ldi	r24, 0x2B	; 43
    57a2:	41 fe       	sbrs	r4, 1
    57a4:	80 e2       	ldi	r24, 0x20	; 32
    57a6:	47 fc       	sbrc	r4, 7
    57a8:	8d e2       	ldi	r24, 0x2D	; 45
    57aa:	b7 01       	movw	r22, r14
    57ac:	90 e0       	ldi	r25, 0x00	; 0
    57ae:	76 cf       	rjmp	.-276    	; 0x569c <vfprintf+0x270>
    57b0:	b7 01       	movw	r22, r14
    57b2:	80 e3       	ldi	r24, 0x30	; 48
    57b4:	90 e0       	ldi	r25, 0x00	; 0
    57b6:	1b d0       	rcall	.+54     	; 0x57ee <fputc>
    57b8:	9a 94       	dec	r9
    57ba:	71 cf       	rjmp	.-286    	; 0x569e <vfprintf+0x272>
    57bc:	8f ef       	ldi	r24, 0xFF	; 255
    57be:	9f ef       	ldi	r25, 0xFF	; 255
    57c0:	9d cf       	rjmp	.-198    	; 0x56fc <vfprintf+0x2d0>

000057c2 <strnlen_P>:
strnlen_P():
    57c2:	fc 01       	movw	r30, r24
    57c4:	05 90       	lpm	r0, Z+
    57c6:	61 50       	subi	r22, 0x01	; 1
    57c8:	70 40       	sbci	r23, 0x00	; 0
    57ca:	01 10       	cpse	r0, r1
    57cc:	d8 f7       	brcc	.-10     	; 0x57c4 <strnlen_P+0x2>
    57ce:	80 95       	com	r24
    57d0:	90 95       	com	r25
    57d2:	8e 0f       	add	r24, r30
    57d4:	9f 1f       	adc	r25, r31
    57d6:	08 95       	ret

000057d8 <strnlen>:
strnlen():
    57d8:	fc 01       	movw	r30, r24
    57da:	61 50       	subi	r22, 0x01	; 1
    57dc:	70 40       	sbci	r23, 0x00	; 0
    57de:	01 90       	ld	r0, Z+
    57e0:	01 10       	cpse	r0, r1
    57e2:	d8 f7       	brcc	.-10     	; 0x57da <strnlen+0x2>
    57e4:	80 95       	com	r24
    57e6:	90 95       	com	r25
    57e8:	8e 0f       	add	r24, r30
    57ea:	9f 1f       	adc	r25, r31
    57ec:	08 95       	ret

000057ee <fputc>:
fputc():
    57ee:	0f 93       	push	r16
    57f0:	1f 93       	push	r17
    57f2:	cf 93       	push	r28
    57f4:	df 93       	push	r29
    57f6:	18 2f       	mov	r17, r24
    57f8:	09 2f       	mov	r16, r25
    57fa:	eb 01       	movw	r28, r22
    57fc:	8b 81       	ldd	r24, Y+3	; 0x03
    57fe:	81 fd       	sbrc	r24, 1
    5800:	09 c0       	rjmp	.+18     	; 0x5814 <fputc+0x26>
    5802:	1f ef       	ldi	r17, 0xFF	; 255
    5804:	0f ef       	ldi	r16, 0xFF	; 255
    5806:	81 2f       	mov	r24, r17
    5808:	90 2f       	mov	r25, r16
    580a:	df 91       	pop	r29
    580c:	cf 91       	pop	r28
    580e:	1f 91       	pop	r17
    5810:	0f 91       	pop	r16
    5812:	08 95       	ret
    5814:	82 ff       	sbrs	r24, 2
    5816:	14 c0       	rjmp	.+40     	; 0x5840 <fputc+0x52>
    5818:	2e 81       	ldd	r18, Y+6	; 0x06
    581a:	3f 81       	ldd	r19, Y+7	; 0x07
    581c:	8c 81       	ldd	r24, Y+4	; 0x04
    581e:	9d 81       	ldd	r25, Y+5	; 0x05
    5820:	28 17       	cp	r18, r24
    5822:	39 07       	cpc	r19, r25
    5824:	3c f4       	brge	.+14     	; 0x5834 <fputc+0x46>
    5826:	e8 81       	ld	r30, Y
    5828:	f9 81       	ldd	r31, Y+1	; 0x01
    582a:	cf 01       	movw	r24, r30
    582c:	01 96       	adiw	r24, 0x01	; 1
    582e:	88 83       	st	Y, r24
    5830:	99 83       	std	Y+1, r25	; 0x01
    5832:	10 83       	st	Z, r17
    5834:	8e 81       	ldd	r24, Y+6	; 0x06
    5836:	9f 81       	ldd	r25, Y+7	; 0x07
    5838:	01 96       	adiw	r24, 0x01	; 1
    583a:	8e 83       	std	Y+6, r24	; 0x06
    583c:	9f 83       	std	Y+7, r25	; 0x07
    583e:	e3 cf       	rjmp	.-58     	; 0x5806 <fputc+0x18>
    5840:	e8 85       	ldd	r30, Y+8	; 0x08
    5842:	f9 85       	ldd	r31, Y+9	; 0x09
    5844:	81 2f       	mov	r24, r17
    5846:	09 95       	icall
    5848:	89 2b       	or	r24, r25
    584a:	a1 f3       	breq	.-24     	; 0x5834 <fputc+0x46>
    584c:	da cf       	rjmp	.-76     	; 0x5802 <fputc+0x14>

0000584e <__ultoa_invert>:
__ultoa_invert():
    584e:	fa 01       	movw	r30, r20
    5850:	aa 27       	eor	r26, r26
    5852:	28 30       	cpi	r18, 0x08	; 8
    5854:	51 f1       	breq	.+84     	; 0x58aa <__ultoa_invert+0x5c>
    5856:	20 31       	cpi	r18, 0x10	; 16
    5858:	81 f1       	breq	.+96     	; 0x58ba <__ultoa_invert+0x6c>
    585a:	e8 94       	clt
    585c:	6f 93       	push	r22
    585e:	6e 7f       	andi	r22, 0xFE	; 254
    5860:	6e 5f       	subi	r22, 0xFE	; 254
    5862:	7f 4f       	sbci	r23, 0xFF	; 255
    5864:	8f 4f       	sbci	r24, 0xFF	; 255
    5866:	9f 4f       	sbci	r25, 0xFF	; 255
    5868:	af 4f       	sbci	r26, 0xFF	; 255
    586a:	b1 e0       	ldi	r27, 0x01	; 1
    586c:	3e d0       	rcall	.+124    	; 0x58ea <__ultoa_invert+0x9c>
    586e:	b4 e0       	ldi	r27, 0x04	; 4
    5870:	3c d0       	rcall	.+120    	; 0x58ea <__ultoa_invert+0x9c>
    5872:	67 0f       	add	r22, r23
    5874:	78 1f       	adc	r23, r24
    5876:	89 1f       	adc	r24, r25
    5878:	9a 1f       	adc	r25, r26
    587a:	a1 1d       	adc	r26, r1
    587c:	68 0f       	add	r22, r24
    587e:	79 1f       	adc	r23, r25
    5880:	8a 1f       	adc	r24, r26
    5882:	91 1d       	adc	r25, r1
    5884:	a1 1d       	adc	r26, r1
    5886:	6a 0f       	add	r22, r26
    5888:	71 1d       	adc	r23, r1
    588a:	81 1d       	adc	r24, r1
    588c:	91 1d       	adc	r25, r1
    588e:	a1 1d       	adc	r26, r1
    5890:	20 d0       	rcall	.+64     	; 0x58d2 <__ultoa_invert+0x84>
    5892:	09 f4       	brne	.+2      	; 0x5896 <__ultoa_invert+0x48>
    5894:	68 94       	set
    5896:	3f 91       	pop	r19
    5898:	2a e0       	ldi	r18, 0x0A	; 10
    589a:	26 9f       	mul	r18, r22
    589c:	11 24       	eor	r1, r1
    589e:	30 19       	sub	r19, r0
    58a0:	30 5d       	subi	r19, 0xD0	; 208
    58a2:	31 93       	st	Z+, r19
    58a4:	de f6       	brtc	.-74     	; 0x585c <__ultoa_invert+0xe>
    58a6:	cf 01       	movw	r24, r30
    58a8:	08 95       	ret
    58aa:	46 2f       	mov	r20, r22
    58ac:	47 70       	andi	r20, 0x07	; 7
    58ae:	40 5d       	subi	r20, 0xD0	; 208
    58b0:	41 93       	st	Z+, r20
    58b2:	b3 e0       	ldi	r27, 0x03	; 3
    58b4:	0f d0       	rcall	.+30     	; 0x58d4 <__ultoa_invert+0x86>
    58b6:	c9 f7       	brne	.-14     	; 0x58aa <__ultoa_invert+0x5c>
    58b8:	f6 cf       	rjmp	.-20     	; 0x58a6 <__ultoa_invert+0x58>
    58ba:	46 2f       	mov	r20, r22
    58bc:	4f 70       	andi	r20, 0x0F	; 15
    58be:	40 5d       	subi	r20, 0xD0	; 208
    58c0:	4a 33       	cpi	r20, 0x3A	; 58
    58c2:	18 f0       	brcs	.+6      	; 0x58ca <__ultoa_invert+0x7c>
    58c4:	49 5d       	subi	r20, 0xD9	; 217
    58c6:	31 fd       	sbrc	r19, 1
    58c8:	40 52       	subi	r20, 0x20	; 32
    58ca:	41 93       	st	Z+, r20
    58cc:	02 d0       	rcall	.+4      	; 0x58d2 <__ultoa_invert+0x84>
    58ce:	a9 f7       	brne	.-22     	; 0x58ba <__ultoa_invert+0x6c>
    58d0:	ea cf       	rjmp	.-44     	; 0x58a6 <__ultoa_invert+0x58>
    58d2:	b4 e0       	ldi	r27, 0x04	; 4
    58d4:	a6 95       	lsr	r26
    58d6:	97 95       	ror	r25
    58d8:	87 95       	ror	r24
    58da:	77 95       	ror	r23
    58dc:	67 95       	ror	r22
    58de:	ba 95       	dec	r27
    58e0:	c9 f7       	brne	.-14     	; 0x58d4 <__ultoa_invert+0x86>
    58e2:	00 97       	sbiw	r24, 0x00	; 0
    58e4:	61 05       	cpc	r22, r1
    58e6:	71 05       	cpc	r23, r1
    58e8:	08 95       	ret
    58ea:	9b 01       	movw	r18, r22
    58ec:	ac 01       	movw	r20, r24
    58ee:	0a 2e       	mov	r0, r26
    58f0:	06 94       	lsr	r0
    58f2:	57 95       	ror	r21
    58f4:	47 95       	ror	r20
    58f6:	37 95       	ror	r19
    58f8:	27 95       	ror	r18
    58fa:	ba 95       	dec	r27
    58fc:	c9 f7       	brne	.-14     	; 0x58f0 <__ultoa_invert+0xa2>
    58fe:	62 0f       	add	r22, r18
    5900:	73 1f       	adc	r23, r19
    5902:	84 1f       	adc	r24, r20
    5904:	95 1f       	adc	r25, r21
    5906:	a0 1d       	adc	r26, r0
    5908:	08 95       	ret

0000590a <__prologue_saves__>:
__prologue_saves__():
    590a:	2f 92       	push	r2
    590c:	3f 92       	push	r3
    590e:	4f 92       	push	r4
    5910:	5f 92       	push	r5
    5912:	6f 92       	push	r6
    5914:	7f 92       	push	r7
    5916:	8f 92       	push	r8
    5918:	9f 92       	push	r9
    591a:	af 92       	push	r10
    591c:	bf 92       	push	r11
    591e:	cf 92       	push	r12
    5920:	df 92       	push	r13
    5922:	ef 92       	push	r14
    5924:	ff 92       	push	r15
    5926:	0f 93       	push	r16
    5928:	1f 93       	push	r17
    592a:	cf 93       	push	r28
    592c:	df 93       	push	r29
    592e:	cd b7       	in	r28, 0x3d	; 61
    5930:	de b7       	in	r29, 0x3e	; 62
    5932:	ca 1b       	sub	r28, r26
    5934:	db 0b       	sbc	r29, r27
    5936:	cd bf       	out	0x3d, r28	; 61
    5938:	de bf       	out	0x3e, r29	; 62
    593a:	09 94       	ijmp

0000593c <__epilogue_restores__>:
__epilogue_restores__():
    593c:	2a 88       	ldd	r2, Y+18	; 0x12
    593e:	39 88       	ldd	r3, Y+17	; 0x11
    5940:	48 88       	ldd	r4, Y+16	; 0x10
    5942:	5f 84       	ldd	r5, Y+15	; 0x0f
    5944:	6e 84       	ldd	r6, Y+14	; 0x0e
    5946:	7d 84       	ldd	r7, Y+13	; 0x0d
    5948:	8c 84       	ldd	r8, Y+12	; 0x0c
    594a:	9b 84       	ldd	r9, Y+11	; 0x0b
    594c:	aa 84       	ldd	r10, Y+10	; 0x0a
    594e:	b9 84       	ldd	r11, Y+9	; 0x09
    5950:	c8 84       	ldd	r12, Y+8	; 0x08
    5952:	df 80       	ldd	r13, Y+7	; 0x07
    5954:	ee 80       	ldd	r14, Y+6	; 0x06
    5956:	fd 80       	ldd	r15, Y+5	; 0x05
    5958:	0c 81       	ldd	r16, Y+4	; 0x04
    595a:	1b 81       	ldd	r17, Y+3	; 0x03
    595c:	aa 81       	ldd	r26, Y+2	; 0x02
    595e:	b9 81       	ldd	r27, Y+1	; 0x01
    5960:	ce 0f       	add	r28, r30
    5962:	d1 1d       	adc	r29, r1
    5964:	cd bf       	out	0x3d, r28	; 61
    5966:	de bf       	out	0x3e, r29	; 62
    5968:	ed 01       	movw	r28, r26
    596a:	08 95       	ret

0000596c <__udivmodhi4>:
__udivmodhi4():
    596c:	aa 1b       	sub	r26, r26
    596e:	bb 1b       	sub	r27, r27
    5970:	51 e1       	ldi	r21, 0x11	; 17
    5972:	07 c0       	rjmp	.+14     	; 0x5982 <__udivmodhi4_ep>

00005974 <__udivmodhi4_loop>:
    5974:	aa 1f       	adc	r26, r26
    5976:	bb 1f       	adc	r27, r27
    5978:	a6 17       	cp	r26, r22
    597a:	b7 07       	cpc	r27, r23
    597c:	10 f0       	brcs	.+4      	; 0x5982 <__udivmodhi4_ep>
    597e:	a6 1b       	sub	r26, r22
    5980:	b7 0b       	sbc	r27, r23

00005982 <__udivmodhi4_ep>:
    5982:	88 1f       	adc	r24, r24
    5984:	99 1f       	adc	r25, r25
    5986:	5a 95       	dec	r21
    5988:	a9 f7       	brne	.-22     	; 0x5974 <__udivmodhi4_loop>
    598a:	80 95       	com	r24
    598c:	90 95       	com	r25
    598e:	bc 01       	movw	r22, r24
    5990:	cd 01       	movw	r24, r26
    5992:	08 95       	ret

00005994 <__udivmodsi4>:
__udivmodsi4():
    5994:	a1 e2       	ldi	r26, 0x21	; 33
    5996:	1a 2e       	mov	r1, r26
    5998:	aa 1b       	sub	r26, r26
    599a:	bb 1b       	sub	r27, r27
    599c:	fd 01       	movw	r30, r26
    599e:	0d c0       	rjmp	.+26     	; 0x59ba <__udivmodsi4_ep>

000059a0 <__udivmodsi4_loop>:
    59a0:	aa 1f       	adc	r26, r26
    59a2:	bb 1f       	adc	r27, r27
    59a4:	ee 1f       	adc	r30, r30
    59a6:	ff 1f       	adc	r31, r31
    59a8:	a2 17       	cp	r26, r18
    59aa:	b3 07       	cpc	r27, r19
    59ac:	e4 07       	cpc	r30, r20
    59ae:	f5 07       	cpc	r31, r21
    59b0:	20 f0       	brcs	.+8      	; 0x59ba <__udivmodsi4_ep>
    59b2:	a2 1b       	sub	r26, r18
    59b4:	b3 0b       	sbc	r27, r19
    59b6:	e4 0b       	sbc	r30, r20
    59b8:	f5 0b       	sbc	r31, r21

000059ba <__udivmodsi4_ep>:
    59ba:	66 1f       	adc	r22, r22
    59bc:	77 1f       	adc	r23, r23
    59be:	88 1f       	adc	r24, r24
    59c0:	99 1f       	adc	r25, r25
    59c2:	1a 94       	dec	r1
    59c4:	69 f7       	brne	.-38     	; 0x59a0 <__udivmodsi4_loop>
    59c6:	60 95       	com	r22
    59c8:	70 95       	com	r23
    59ca:	80 95       	com	r24
    59cc:	90 95       	com	r25
    59ce:	9b 01       	movw	r18, r22
    59d0:	ac 01       	movw	r20, r24
    59d2:	bd 01       	movw	r22, r26
    59d4:	cf 01       	movw	r24, r30
    59d6:	08 95       	ret

000059d8 <__divmodsi4>:
__divmodsi4():
    59d8:	05 2e       	mov	r0, r21
    59da:	97 fb       	bst	r25, 7
    59dc:	16 f4       	brtc	.+4      	; 0x59e2 <__divmodsi4+0xa>
    59de:	00 94       	com	r0
    59e0:	0f d0       	rcall	.+30     	; 0x5a00 <__negsi2>
    59e2:	57 fd       	sbrc	r21, 7
    59e4:	05 d0       	rcall	.+10     	; 0x59f0 <__divmodsi4_neg2>
    59e6:	d6 df       	rcall	.-84     	; 0x5994 <__udivmodsi4>
    59e8:	07 fc       	sbrc	r0, 7
    59ea:	02 d0       	rcall	.+4      	; 0x59f0 <__divmodsi4_neg2>
    59ec:	46 f4       	brtc	.+16     	; 0x59fe <__divmodsi4_exit>
    59ee:	08 c0       	rjmp	.+16     	; 0x5a00 <__negsi2>

000059f0 <__divmodsi4_neg2>:
    59f0:	50 95       	com	r21
    59f2:	40 95       	com	r20
    59f4:	30 95       	com	r19
    59f6:	21 95       	neg	r18
    59f8:	3f 4f       	sbci	r19, 0xFF	; 255
    59fa:	4f 4f       	sbci	r20, 0xFF	; 255
    59fc:	5f 4f       	sbci	r21, 0xFF	; 255

000059fe <__divmodsi4_exit>:
    59fe:	08 95       	ret

00005a00 <__negsi2>:
__negsi2():
    5a00:	90 95       	com	r25
    5a02:	80 95       	com	r24
    5a04:	70 95       	com	r23
    5a06:	61 95       	neg	r22
    5a08:	7f 4f       	sbci	r23, 0xFF	; 255
    5a0a:	8f 4f       	sbci	r24, 0xFF	; 255
    5a0c:	9f 4f       	sbci	r25, 0xFF	; 255
    5a0e:	08 95       	ret

00005a10 <__bswapsi2>:
__bswapsi2():
    5a10:	69 27       	eor	r22, r25
    5a12:	96 27       	eor	r25, r22
    5a14:	69 27       	eor	r22, r25
    5a16:	78 27       	eor	r23, r24
    5a18:	87 27       	eor	r24, r23
    5a1a:	78 27       	eor	r23, r24
    5a1c:	08 95       	ret

00005a1e <__tablejump2__>:
__tablejump2__():
    5a1e:	ee 0f       	add	r30, r30
    5a20:	ff 1f       	adc	r31, r31
    5a22:	05 90       	lpm	r0, Z+
    5a24:	f4 91       	lpm	r31, Z
    5a26:	e0 2d       	mov	r30, r0
    5a28:	09 94       	ijmp

00005a2a <memcmp>:
memcmp():
    5a2a:	fb 01       	movw	r30, r22
    5a2c:	dc 01       	movw	r26, r24
    5a2e:	04 c0       	rjmp	.+8      	; 0x5a38 <memcmp+0xe>
    5a30:	8d 91       	ld	r24, X+
    5a32:	01 90       	ld	r0, Z+
    5a34:	80 19       	sub	r24, r0
    5a36:	21 f4       	brne	.+8      	; 0x5a40 <memcmp+0x16>
    5a38:	41 50       	subi	r20, 0x01	; 1
    5a3a:	50 40       	sbci	r21, 0x00	; 0
    5a3c:	c8 f7       	brcc	.-14     	; 0x5a30 <memcmp+0x6>
    5a3e:	88 1b       	sub	r24, r24
    5a40:	99 0b       	sbc	r25, r25
    5a42:	08 95       	ret

00005a44 <memcpy>:
memcpy():
    5a44:	fb 01       	movw	r30, r22
    5a46:	dc 01       	movw	r26, r24
    5a48:	02 c0       	rjmp	.+4      	; 0x5a4e <memcpy+0xa>
    5a4a:	01 90       	ld	r0, Z+
    5a4c:	0d 92       	st	X+, r0
    5a4e:	41 50       	subi	r20, 0x01	; 1
    5a50:	50 40       	sbci	r21, 0x00	; 0
    5a52:	d8 f7       	brcc	.-10     	; 0x5a4a <memcpy+0x6>
    5a54:	08 95       	ret

00005a56 <memset>:
memset():
    5a56:	dc 01       	movw	r26, r24
    5a58:	01 c0       	rjmp	.+2      	; 0x5a5c <memset+0x6>
    5a5a:	6d 93       	st	X+, r22
    5a5c:	41 50       	subi	r20, 0x01	; 1
    5a5e:	50 40       	sbci	r21, 0x00	; 0
    5a60:	e0 f7       	brcc	.-8      	; 0x5a5a <memset+0x4>
    5a62:	08 95       	ret

00005a64 <_exit>:
exit():
    5a64:	f8 94       	cli

00005a66 <__stop_program>:
__stop_program():
    5a66:	ff cf       	rjmp	.-2      	; 0x5a66 <__stop_program>

Disassembly of section .nvmem:

00005b12 <.nvmem>:
	...

Disassembly of section .eeprom:

00810000 <_EEP>:
  810000:	ff ff ff ff ff ff ff ff                             ........

Disassembly of section .fuse:

00820000 <__fuse>:
  820000:	00 00 00 00 00 d1 08 00 00 00 03 00                 ............
